name,time,flow_in,flow_out,pressure_in,pressure_out
branch0_seg0,0.0000000000000000e+00,2.4999999999977263e-02,2.4999999999184723e-02,8.2992800798430537e+01,8.2726356577614638e+01
branch0_seg0,1.1111111111111116e-01,2.5000000000011371e-02,2.5000000000835684e-02,8.2992789908153327e+01,8.2726345688187749e+01
branch0_seg0,2.2222222222222210e-01,2.4999999999994318e-02,2.4999999999313294e-02,8.2992795547669729e+01,8.2726351327274514e+01
branch0_seg0,3.3333333333333326e-01,2.5000000000002843e-02,2.5000000000500587e-02,8.2992792980799436e+01,8.2726348760521802e+01
branch0_seg0,4.4444444444444442e-01,2.4999999999998582e-02,2.4999999999664849e-02,8.2992793888406254e+01,8.2726349668189442e+01
branch0_seg0,5.5555555555555536e-01,2.4999999999998582e-02,2.4999999999664849e-02,8.2992793888406254e+01,8.2726349668189442e+01
branch0_seg0,6.6666666666666652e-01,2.5000000000000709e-02,2.5000000000151189e-02,8.2992793674555685e+01,8.2726349454236896e+01
branch0_seg0,7.7777777777777768e-01,2.5000000000000709e-02,2.5000000000151189e-02,8.2992793674555685e+01,8.2726349454236896e+01
branch0_seg0,8.8888888888888884e-01,2.5000000000000709e-02,2.5000000000151189e-02,8.2992793674555685e+01,8.2726349454236896e+01
branch0_seg0,1.0000000000000000e+00,2.5000000000000709e-02,2.5000000000151189e-02,8.2992793674555685e+01,8.2726349454236896e+01
branch0_seg1,0.0000000000000000e+00,2.4999999999184723e-02,2.4999999998387860e-02,8.2726356577614638e+01,8.2457914124027170e+01
branch0_seg1,1.1111111111111116e-01,2.5000000000835684e-02,2.5000000001660711e-02,8.2726345688187749e+01,8.2457903239002832e+01
branch0_seg1,2.2222222222222210e-01,2.4999999999313294e-02,2.4999999998632855e-02,8.2726351327274514e+01,8.2457908875825410e+01
branch0_seg1,3.3333333333333326e-01,2.5000000000500587e-02,2.5000000000997481e-02,8.2726348760521802e+01,8.2457906310036520e+01
branch0_seg1,4.4444444444444442e-01,2.4999999999664849e-02,2.4999999999331841e-02,8.2726349668189442e+01,8.2457907217448778e+01
branch0_seg1,5.5555555555555536e-01,2.4999999999664849e-02,2.4999999999331841e-02,8.2726349668189442e+01,8.2457907217448778e+01
branch0_seg1,6.6666666666666652e-01,2.5000000000151189e-02,2.5000000000301361e-02,8.2726349454236896e+01,8.2457907003483825e+01
branch0_seg1,7.7777777777777768e-01,2.5000000000151189e-02,2.5000000000301361e-02,8.2726349454236896e+01,8.2457907003483825e+01
branch0_seg1,8.8888888888888884e-01,2.5000000000151189e-02,2.5000000000301361e-02,8.2726349454236896e+01,8.2457907003483825e+01
branch0_seg1,1.0000000000000000e+00,2.5000000000151189e-02,2.5000000000301361e-02,8.2726349454236896e+01,8.2457907003483825e+01
branch0_seg2,0.0000000000000000e+00,2.4999999998387860e-02,2.4999999997605934e-02,8.2457914124027170e+01,8.2174810115691841e+01
branch0_seg2,1.1111111111111116e-01,2.5000000001660711e-02,2.5000000002467104e-02,8.2457903239002832e+01,8.2174799238661350e+01
branch0_seg2,2.2222222222222210e-01,2.4999999998632855e-02,2.4999999997968772e-02,8.2457908875825410e+01,8.2174804871369560e+01
branch0_seg2,3.3333333333333326e-01,2.5000000000997481e-02,2.5000000001482069e-02,8.2457906310036520e+01,8.2174802307391360e+01
branch0_seg2,4.4444444444444442e-01,2.4999999999331841e-02,2.4999999999007212e-02,8.2457907217448778e+01,8.2174803214238935e+01
branch0_seg2,5.5555555555555536e-01,2.4999999999331841e-02,2.4999999999007212e-02,8.2457907217448778e+01,8.2174803214238935e+01
branch0_seg2,6.6666666666666652e-01,2.5000000000301361e-02,2.5000000000447779e-02,8.2457907003483825e+01,8.2174803000343758e+01
branch0_seg2,7.7777777777777768e-01,2.5000000000301361e-02,2.5000000000447779e-02,8.2457907003483825e+01,8.2174803000343758e+01
branch0_seg2,8.8888888888888884e-01,2.5000000000301361e-02,2.5000000000447779e-02,8.2457907003483825e+01,8.2174803000343758e+01
branch0_seg2,1.0000000000000000e+00,2.5000000000301361e-02,2.5000000000447779e-02,8.2457907003483825e+01,8.2174803000343758e+01
branch0_seg3,0.0000000000000000e+00,2.4999999997605934e-02,2.4999999996839543e-02,8.2174810115691841e+01,8.1876340441624365e+01
branch0_seg3,1.1111111111111116e-01,2.5000000002467104e-02,2.5000000003254780e-02,8.2174799238661350e+01,8.1876329576201954e+01
branch0_seg3,2.2222222222222210e-01,2.4999999997968772e-02,2.4999999997320946e-02,8.2174804871369560e+01,8.1876335202937597e+01
branch0_seg3,3.3333333333333326e-01,2.5000000001482069e-02,2.5000000001954490e-02,8.2174802307391360e+01,8.1876332641616230e+01
branch0_seg3,4.4444444444444442e-01,2.4999999999007212e-02,2.4999999998690851e-02,8.2174803214238935e+01,8.1876333547594683e+01
branch0_seg3,5.5555555555555536e-01,2.4999999999007212e-02,2.4999999998690851e-02,8.2174803214238935e+01,8.1876333547594683e+01
branch0_seg3,6.6666666666666652e-01,2.5000000000447779e-02,2.5000000000590477e-02,8.2174803000343758e+01,8.1876333333846674e+01
branch0_seg3,7.7777777777777768e-01,2.5000000000447779e-02,2.5000000000590477e-02,8.2174803000343758e+01,8.1876333333846674e+01
branch0_seg3,8.8888888888888884e-01,2.5000000000447779e-02,2.5000000000590477e-02,8.2174803000343758e+01,8.1876333333846674e+01
branch0_seg3,1.0000000000000000e+00,2.5000000000447779e-02,2.5000000000590477e-02,8.2174803000343758e+01,8.1876333333846674e+01
branch0_seg4,0.0000000000000000e+00,2.4999999996839543e-02,2.4999999996089733e-02,8.1876340441624365e+01,8.1561389654774729e+01
branch0_seg4,1.1111111111111116e-01,2.5000000003254780e-02,2.5000000004023155e-02,8.1876329576201954e+01,8.1561378804608353e+01
branch0_seg4,2.2222222222222210e-01,2.4999999997320946e-02,2.4999999996689701e-02,8.1876335202937597e+01,8.1561384423499476e+01
branch0_seg4,3.3333333333333326e-01,2.5000000001954490e-02,2.5000000002414566e-02,8.1876332641616230e+01,8.1561381865683231e+01
branch0_seg4,4.4444444444444442e-01,2.4999999998690851e-02,2.4999999998382851e-02,8.1876333547594683e+01,8.1561382770491591e+01
branch0_seg4,5.5555555555555536e-01,2.4999999998690851e-02,2.4999999998382851e-02,8.1876333547594683e+01,8.1561382770491591e+01
branch0_seg4,6.6666666666666652e-01,2.5000000000590477e-02,2.5000000000729418e-02,8.1876333333846674e+01,8.1561382556964034e+01
branch0_seg4,7.7777777777777768e-01,2.5000000000590477e-02,2.5000000000729418e-02,8.1876333333846674e+01,8.1561382556964034e+01
branch0_seg4,8.8888888888888884e-01,2.5000000000590477e-02,2.5000000000729418e-02,8.1876333333846674e+01,8.1561382556964034e+01
branch0_seg4,1.0000000000000000e+00,2.5000000000590477e-02,2.5000000000729418e-02,8.1876333333846674e+01,8.1561382556964034e+01
branch0_seg5,0.0000000000000000e+00,2.4999999996089733e-02,2.4999999995358197e-02,8.1561389654774729e+01,8.1227978333407890e+01
branch0_seg5,1.1111111111111116e-01,2.5000000004023155e-02,2.5000000004770935e-02,8.1561378804608353e+01,8.1227967502203896e+01
branch0_seg5,2.2222222222222210e-01,2.4999999996689701e-02,2.4999999996075963e-02,8.1561384423499476e+01,8.1227973111351901e+01
branch0_seg5,3.3333333333333326e-01,2.5000000002414566e-02,2.5000000002861671e-02,8.1561381865683231e+01,8.1227970557897109e+01
branch0_seg5,4.4444444444444442e-01,2.4999999998382851e-02,2.4999999998083614e-02,8.1561382770491591e+01,8.1227971461235825e+01
branch0_seg5,5.5555555555555536e-01,2.4999999998382851e-02,2.4999999998083614e-02,8.1561382770491591e+01,8.1227971461235825e+01
branch0_seg5,6.6666666666666652e-01,2.5000000000729418e-02,2.5000000000864421e-02,8.1561382556964034e+01,8.1227971247998298e+01
branch0_seg5,7.7777777777777768e-01,2.5000000000729418e-02,2.5000000000864421e-02,8.1561382556964034e+01,8.1227971247998298e+01
branch0_seg5,8.8888888888888884e-01,2.5000000000729418e-02,2.5000000000864421e-02,8.1561382556964034e+01,8.1227971247998298e+01
branch0_seg5,1.0000000000000000e+00,2.5000000000729418e-02,2.5000000000864421e-02,8.1561382556964034e+01,8.1227971247998298e+01
branch0_seg6,0.0000000000000000e+00,2.4999999995358197e-02,2.4999999994644806e-02,8.1227978333407890e+01,8.0875660079439101e+01
branch0_seg6,1.1111111111111116e-01,2.5000000004770935e-02,2.5000000005498641e-02,8.1227967502203896e+01,8.0875649270934204e+01
branch0_seg6,2.2222222222222210e-01,2.4999999996075963e-02,2.4999999995479177e-02,8.1227973111351901e+01,8.0875654868427958e+01
branch0_seg6,3.3333333333333326e-01,2.5000000002861671e-02,2.5000000003296254e-02,8.1227970557897109e+01,8.0875652320193083e+01
branch0_seg6,4.4444444444444442e-01,2.4999999998083614e-02,2.4999999997792816e-02,8.1227971461235825e+01,8.0875653221765560e+01
branch0_seg6,5.5555555555555536e-01,2.4999999998083614e-02,2.4999999997792816e-02,8.1227971461235825e+01,8.0875653221765560e+01
branch0_seg6,6.6666666666666652e-01,2.5000000000864421e-02,2.5000000000995625e-02,8.1227971247998298e+01,8.0875653008884015e+01
branch0_seg6,7.7777777777777768e-01,2.5000000000864421e-02,2.5000000000995625e-02,8.1227971247998298e+01,8.0875653008884015e+01
branch0_seg6,8.8888888888888884e-01,2.5000000000864421e-02,2.5000000000995625e-02,8.1227971247998298e+01,8.0875653008884015e+01
branch0_seg6,1.0000000000000000e+00,2.5000000000864421e-02,2.5000000000995625e-02,8.1227971247998298e+01,8.0875653008884015e+01
branch0_seg7,0.0000000000000000e+00,2.4999999994644806e-02,2.4999999993949820e-02,8.0875660079439101e+01,8.0503367943973942e+01
branch0_seg7,1.1111111111111116e-01,2.5000000005498641e-02,2.5000000006206374e-02,8.0875649270934204e+01,8.0503357161947307e+01
branch0_seg7,2.2222222222222210e-01,2.4999999995479177e-02,2.4999999994899144e-02,8.0875654868427958e+01,8.0503362745856748e+01
branch0_seg7,3.3333333333333326e-01,2.5000000003296254e-02,2.5000000003718503e-02,8.0875652320193083e+01,8.0503360203705412e+01
branch0_seg7,4.4444444444444442e-01,2.4999999997792816e-02,2.4999999997510323e-02,8.0875653221765560e+01,8.0503361103216832e+01
branch0_seg7,5.5555555555555536e-01,2.4999999997792816e-02,2.4999999997510323e-02,8.0875653221765560e+01,8.0503361103216832e+01
branch0_seg7,6.6666666666666652e-01,2.5000000000995625e-02,2.5000000001123093e-02,8.0875653008884015e+01,8.0503360890753967e+01
branch0_seg7,7.7777777777777768e-01,2.5000000000995625e-02,2.5000000001123093e-02,8.0875653008884015e+01,8.0503360890753967e+01
branch0_seg7,8.8888888888888884e-01,2.5000000000995625e-02,2.5000000001123093e-02,8.0875653008884015e+01,8.0503360890753967e+01
branch0_seg7,1.0000000000000000e+00,2.5000000000995625e-02,2.5000000001123093e-02,8.0875653008884015e+01,8.0503360890753967e+01
branch0_seg8,0.0000000000000000e+00,2.4999999993949820e-02,2.4999999993274929e-02,8.0503367943973942e+01,8.0108389172469174e+01
branch0_seg8,1.1111111111111116e-01,2.5000000006206374e-02,2.5000000006892724e-02,8.0503357161947307e+01,8.0108378420805494e+01
branch0_seg8,2.2222222222222210e-01,2.4999999994899144e-02,2.4999999994336917e-02,8.0503362745856748e+01,8.0108383989149189e+01
branch0_seg8,3.3333333333333326e-01,2.5000000003718503e-02,2.5000000004127693e-02,8.0503360203705412e+01,8.0108381453964824e+01
branch0_seg8,4.4444444444444442e-01,2.4999999997510323e-02,2.4999999997236597e-02,8.0503361103216832e+01,8.0108382351117029e+01
branch0_seg8,5.5555555555555536e-01,2.4999999997510323e-02,2.4999999997236597e-02,8.0503361103216832e+01,8.0108382351117029e+01
branch0_seg8,6.6666666666666652e-01,2.5000000001123093e-02,2.5000000001246608e-02,8.0503360890753967e+01,8.0108382139133468e+01
branch0_seg8,7.7777777777777768e-01,2.5000000001123093e-02,2.5000000001246608e-02,8.0503360890753967e+01,8.0108382139133468e+01
branch0_seg8,8.8888888888888884e-01,2.5000000001123093e-02,2.5000000001246608e-02,8.0503360890753967e+01,8.0108382139133468e+01
branch0_seg8,1.0000000000000000e+00,2.5000000001123093e-02,2.5000000001246608e-02,8.0503360890753967e+01,8.0108382139133468e+01
branch0_seg9,0.0000000000000000e+00,2.4999999993274929e-02,2.4999999992619579e-02,8.0108389172469174e+01,7.9690310583583667e+01
branch0_seg9,1.1111111111111116e-01,2.5000000006892724e-02,2.5000000007558549e-02,8.0108378420805494e+01,7.9690299866198046e+01
branch0_seg9,2.2222222222222210e-01,2.4999999994336917e-02,2.4999999993791700e-02,8.0108383989149189e+01,7.9690305416981289e+01
branch0_seg9,3.3333333333333326e-01,2.5000000004127693e-02,2.5000000004524431e-02,8.0108381453964824e+01,7.9690302889650482e+01
branch0_seg9,4.4444444444444442e-01,2.4999999997236597e-02,2.4999999996971230e-02,8.0108382351117029e+01,7.9690303784147247e+01
branch0_seg9,5.5555555555555536e-01,2.4999999997236597e-02,2.4999999996971230e-02,8.0108382351117029e+01,7.9690303784147247e+01
branch0_seg9,6.6666666666666652e-01,2.5000000001246608e-02,2.5000000001366356e-02,8.0108382139133468e+01,7.9690303572700770e+01
branch0_seg9,7.7777777777777768e-01,2.5000000001246608e-02,2.5000000001366356e-02,8.0108382139133468e+01,7.9690303572700770e+01
branch0_seg9,8.8888888888888884e-01,2.5000000001246608e-02,2.5000000001366356e-02,8.0108382139133468e+01,7.9690303572700770e+01
branch0_seg9,1.0000000000000000e+00,2.5000000001246608e-02,2.5000000001366356e-02,8.0108382139133468e+01,7.9690303572700770e+01
branch0_seg10,0.0000000000000000e+00,2.4999999992619579e-02,2.4999999991984587e-02,7.9690310583583667e+01,7.9246674302822228e+01
branch0_seg10,1.1111111111111116e-01,2.5000000007558549e-02,2.5000000008203276e-02,7.9690299866198046e+01,7.9246663623730569e+01
branch0_seg10,2.2222222222222210e-01,2.4999999993791700e-02,2.4999999993263883e-02,7.9690305416981289e+01,7.9246669154909412e+01
branch0_seg10,3.3333333333333326e-01,2.5000000004524431e-02,2.5000000004908467e-02,7.9690302889650482e+01,7.9246666636337977e+01
branch0_seg10,4.4444444444444442e-01,2.4999999996971230e-02,2.4999999996714369e-02,7.9690303784147247e+01,7.9246667527879524e+01
branch0_seg10,5.5555555555555536e-01,2.4999999996971230e-02,2.4999999996714369e-02,7.9690303784147247e+01,7.9246667527879524e+01
branch0_seg10,6.6666666666666652e-01,2.5000000001366356e-02,2.5000000001482271e-02,7.9690303572700770e+01,7.9246667317026166e+01
branch0_seg10,7.7777777777777768e-01,2.5000000001366356e-02,2.5000000001482271e-02,7.9690303572700770e+01,7.9246667317026166e+01
branch0_seg10,8.8888888888888884e-01,2.5000000001366356e-02,2.5000000001482271e-02,7.9690303572700770e+01,7.9246667317026166e+01
branch0_seg10,1.0000000000000000e+00,2.5000000001366356e-02,2.5000000001482271e-02,7.9690303572700770e+01,7.9246667317026166e+01
branch0_seg11,0.0000000000000000e+00,2.4999999991984587e-02,2.4999999991369769e-02,7.9246674302822228e+01,7.8776467877201341e+01
branch0_seg11,1.1111111111111116e-01,2.5000000008203276e-02,2.5000000008827322e-02,7.9246663623730569e+01,7.8776457240479090e+01
branch0_seg11,2.2222222222222210e-01,2.4999999993263883e-02,2.4999999992753055e-02,7.9246669154909412e+01,7.8776462749980965e+01
branch0_seg11,3.3333333333333326e-01,2.5000000004908467e-02,2.5000000005280128e-02,7.9246666636337977e+01,7.8776460241085175e+01
branch0_seg11,4.4444444444444442e-01,2.4999999996714369e-02,2.4999999996465790e-02,7.9246667527879524e+01,7.8776461129370716e+01
branch0_seg11,5.5555555555555536e-01,2.4999999996714369e-02,2.4999999996465790e-02,7.9246667527879524e+01,7.8776461129370716e+01
branch0_seg11,6.6666666666666652e-01,2.5000000001482271e-02,2.5000000001594452e-02,7.9246667317026166e+01,7.8776460919164677e+01
branch0_seg11,7.7777777777777768e-01,2.5000000001482271e-02,2.5000000001594452e-02,7.9246667317026166e+01,7.8776460919164677e+01
branch0_seg11,8.8888888888888884e-01,2.5000000001482271e-02,2.5000000001594452e-02,7.9246667317026166e+01,7.8776460919164677e+01
branch0_seg11,1.0000000000000000e+00,2.5000000001482271e-02,2.5000000001594452e-02,7.9246667317026166e+01,7.8776460919164677e+01
branch0_seg12,0.0000000000000000e+00,2.4999999991369769e-02,2.4999999990776005e-02,7.8776467877201341e+01,7.8276310044814934e+01
branch0_seg12,1.1111111111111116e-01,2.5000000008827322e-02,2.5000000009429989e-02,7.8776457240479090e+01,7.8276299454677385e+01
branch0_seg12,2.2222222222222210e-01,2.4999999992753055e-02,2.4999999992259714e-02,7.8776462749980965e+01,7.8276304940360404e+01
branch0_seg12,3.3333333333333326e-01,2.5000000005280128e-02,2.5000000005639077e-02,7.8776460241085175e+01,7.8276302442084926e+01
branch0_seg12,4.4444444444444442e-01,2.4999999996465790e-02,2.4999999996225708e-02,7.8776461129370716e+01,7.8276303326806769e+01
branch0_seg12,5.5555555555555536e-01,2.4999999996465790e-02,2.4999999996225708e-02,7.8776461129370716e+01,7.8276303326806769e+01
branch0_seg12,6.6666666666666652e-01,2.5000000001594452e-02,2.5000000001702799e-02,7.8776460919164677e+01,7.8276303117301438e+01
branch0_seg12,7.7777777777777768e-01,2.5000000001594452e-02,2.5000000001702799e-02,7.8776460919164677e+01,7.8276303117301438e+01
branch0_seg12,8.8888888888888884e-01,2.5000000001594452e-02,2.5000000001702799e-02,7.8776460919164677e+01,7.8276303117301438e+01
branch0_seg12,1.0000000000000000e+00,2.5000000001594452e-02,2.5000000001702799e-02,7.8776460919164677e+01,7.8276303117301438e+01
branch0_seg13,0.0000000000000000e+00,2.4999999990776005e-02,2.4999999990203782e-02,7.8276310044814934e+01,7.7743531998287438e+01
branch0_seg13,1.1111111111111116e-01,2.5000000009429989e-02,2.5000000010010966e-02,7.8276299454677385e+01,7.7743521459088100e+01
branch0_seg13,2.2222222222222210e-01,2.4999999992259714e-02,2.4999999991784063e-02,7.8276304940360404e+01,7.7743526918741310e+01
branch0_seg13,3.3333333333333326e-01,2.5000000005639077e-02,2.5000000005985186e-02,7.8276302442084926e+01,7.7743524432059573e+01
branch0_seg13,4.4444444444444442e-01,2.4999999996225708e-02,2.4999999995994195e-02,7.8276303326806769e+01,7.7743525312902619e+01
branch0_seg13,5.5555555555555536e-01,2.4999999996225708e-02,2.4999999995994195e-02,7.8276303326806769e+01,7.7743525312902619e+01
branch0_seg13,6.6666666666666652e-01,2.5000000001702799e-02,2.5000000001807281e-02,7.8276303117301438e+01,7.7743525104150962e+01
branch0_seg13,7.7777777777777768e-01,2.5000000001702799e-02,2.5000000001807281e-02,7.8276303117301438e+01,7.7743525104150962e+01
branch0_seg13,8.8888888888888884e-01,2.5000000001702799e-02,2.5000000001807281e-02,7.8276303117301438e+01,7.7743525104150962e+01
branch0_seg13,1.0000000000000000e+00,2.5000000001702799e-02,2.5000000001807281e-02,7.8276303117301438e+01,7.7743525104150962e+01
branch0_seg14,0.0000000000000000e+00,2.4999999990203782e-02,2.4999999989652202e-02,7.7743531998287438e+01,7.7177219874744566e+01
branch0_seg14,1.1111111111111116e-01,2.5000000010010966e-02,2.5000000010571316e-02,7.7743521459088100e+01,7.7177209390868938e+01
branch0_seg14,2.2222222222222210e-01,2.4999999991784063e-02,2.4999999991325180e-02,7.7743526918741310e+01,7.7177214822266478e+01
branch0_seg14,3.3333333333333326e-01,2.5000000005985186e-02,2.5000000006319138e-02,7.7743524432059573e+01,7.7177212348156729e+01
branch0_seg14,4.4444444444444442e-01,2.4999999995994195e-02,2.4999999995770791e-02,7.7743525312902619e+01,7.7177213224806223e+01
branch0_seg14,5.5555555555555536e-01,2.4999999995994195e-02,2.4999999995770791e-02,7.7743525312902619e+01,7.7177213224806223e+01
branch0_seg14,6.6666666666666652e-01,2.5000000001807281e-02,2.5000000001908104e-02,7.7743525104150962e+01,7.7177213016859540e+01
branch0_seg14,7.7777777777777768e-01,2.5000000001807281e-02,2.5000000001908104e-02,7.7743525104150962e+01,7.7177213016859540e+01
branch0_seg14,8.8888888888888884e-01,2.5000000001807281e-02,2.5000000001908104e-02,7.7743525104150962e+01,7.7177213016859540e+01
branch0_seg14,1.0000000000000000e+00,2.5000000001807281e-02,2.5000000001908104e-02,7.7743525104150962e+01,7.7177213016859540e+01
branch0_seg15,0.0000000000000000e+00,2.4999999989652202e-02,2.4999999989121460e-02,7.7177219874744566e+01,7.6574612831402376e+01
branch0_seg15,1.1111111111111116e-01,2.5000000010571316e-02,2.5000000011110975e-02,7.7177209390868938e+01,7.6574602407372666e+01
branch0_seg15,2.2222222222222210e-01,2.4999999991325180e-02,2.4999999990883075e-02,7.7177214822266478e+01,7.6574607808220193e+01
branch0_seg15,3.3333333333333326e-01,2.5000000006319138e-02,2.5000000006640953e-02,7.7177212348156729e+01,7.6574605347689428e+01
branch0_seg15,4.4444444444444442e-01,2.4999999995770791e-02,2.4999999995555477e-02,7.7177213224806223e+01,7.6574606219822883e+01
branch0_seg15,5.5555555555555536e-01,2.4999999995770791e-02,2.4999999995555477e-02,7.7177213224806223e+01,7.6574606219822883e+01
branch0_seg15,6.6666666666666652e-01,2.5000000001908104e-02,2.5000000002005272e-02,7.7177213016859540e+01,7.6574606012732403e+01
branch0_seg15,7.7777777777777768e-01,2.5000000001908104e-02,2.5000000002005272e-02,7.7177213016859540e+01,7.6574606012732403e+01
branch0_seg15,8.8888888888888884e-01,2.5000000001908104e-02,2.5000000002005272e-02,7.7177213016859540e+01,7.6574606012732403e+01
branch0_seg15,1.0000000000000000e+00,2.5000000001908104e-02,2.5000000002005272e-02,7.7177213016859540e+01,7.6574606012732403e+01
branch0_seg16,0.0000000000000000e+00,2.4999999989121460e-02,2.4999999988612177e-02,7.6574612831402376e+01,7.5930933033977311e+01
branch0_seg16,1.1111111111111116e-01,2.5000000011110975e-02,2.5000000011629431e-02,7.6574602407372666e+01,7.5930922674523160e+01
branch0_seg16,2.2222222222222210e-01,2.4999999990883075e-02,2.4999999990458134e-02,7.6574607808220193e+01,7.5930928042422224e+01
branch0_seg16,3.3333333333333326e-01,2.5000000006640953e-02,2.5000000006950355e-02,7.6574605347689428e+01,7.5930925596521746e+01
branch0_seg16,4.4444444444444442e-01,2.4999999995555477e-02,2.4999999995348434e-02,7.6574606219822883e+01,7.5930926463803971e+01
branch0_seg16,5.5555555555555536e-01,2.4999999995555477e-02,2.4999999995348434e-02,7.6574606219822883e+01,7.5930926463803971e+01
branch0_seg16,6.6666666666666652e-01,2.5000000002005272e-02,2.5000000002098708e-02,7.6574606012732403e+01,7.5930926257621664e+01
branch0_seg16,7.7777777777777768e-01,2.5000000002005272e-02,2.5000000002098708e-02,7.6574606012732403e+01,7.5930926257621664e+01
branch0_seg16,8.8888888888888884e-01,2.5000000002005272e-02,2.5000000002098708e-02,7.6574606012732403e+01,7.5930926257621664e+01
branch0_seg16,1.0000000000000000e+00,2.5000000002005272e-02,2.5000000002098708e-02,7.6574606012732403e+01,7.5930926257621664e+01
branch0_seg17,0.0000000000000000e+00,2.4999999988612177e-02,2.4999999988124348e-02,7.5930933033977311e+01,7.5242928192409067e+01
branch0_seg17,1.1111111111111116e-01,2.5000000011629431e-02,2.5000000012126777e-02,7.5930922674523160e+01,7.5242917902426171e+01
branch0_seg17,2.2222222222222210e-01,2.4999999990458134e-02,2.4999999990050242e-02,7.5930928042422224e+01,7.5242923234894548e+01
branch0_seg17,3.3333333333333326e-01,2.5000000006950355e-02,2.5000000007247440e-02,7.5930925596521746e+01,7.5242920804711545e+01
branch0_seg17,4.4444444444444442e-01,2.4999999995348434e-02,2.4999999995149590e-02,7.5930926463803971e+01,7.5242921666796903e+01
branch0_seg17,5.5555555555555536e-01,2.4999999995348434e-02,2.4999999995149590e-02,7.5930926463803971e+01,7.5242921666796903e+01
branch0_seg17,6.6666666666666652e-01,2.5000000002098708e-02,2.5000000002188445e-02,7.5930926257621664e+01,7.5242921461575463e+01
branch0_seg17,7.7777777777777768e-01,2.5000000002098708e-02,2.5000000002188445e-02,7.5930926257621664e+01,7.5242921461575463e+01
branch0_seg17,8.8888888888888884e-01,2.5000000002098708e-02,2.5000000002188445e-02,7.5930926257621664e+01,7.5242921461575463e+01
branch0_seg17,1.0000000000000000e+00,2.5000000002098708e-02,2.5000000002188445e-02,7.5930926257621664e+01,7.5242921461575463e+01
branch0_seg18,0.0000000000000000e+00,2.4999999988124348e-02,2.4999999987657614e-02,7.5242928192409067e+01,7.4507097985657936e+01
branch0_seg18,1.1111111111111116e-01,2.5000000012126777e-02,2.5000000012603461e-02,7.5242917902426171e+01,7.4507087770173953e+01
branch0_seg18,2.2222222222222210e-01,2.4999999990050242e-02,2.4999999989659013e-02,7.5242923234894548e+01,7.4507093064663408e+01
branch0_seg18,3.3333333333333326e-01,2.5000000007247440e-02,2.5000000007532507e-02,7.5242920804711545e+01,7.4507090651312865e+01
branch0_seg18,4.4444444444444442e-01,2.4999999995149590e-02,2.4999999994958746e-02,7.5242921666796903e+01,7.4507091507848074e+01
branch0_seg18,5.5555555555555536e-01,2.4999999995149590e-02,2.4999999994958746e-02,7.5242921666796903e+01,7.4507091507848074e+01
branch0_seg18,6.6666666666666652e-01,2.5000000002188445e-02,2.5000000002274571e-02,7.5242921461575463e+01,7.4507091303640365e+01
branch0_seg18,7.7777777777777768e-01,2.5000000002188445e-02,2.5000000002274571e-02,7.5242921461575463e+01,7.4507091303640365e+01
branch0_seg18,8.8888888888888884e-01,2.5000000002188445e-02,2.5000000002274571e-02,7.5242921461575463e+01,7.4507091303640365e+01
branch0_seg18,1.0000000000000000e+00,2.5000000002188445e-02,2.5000000002274571e-02,7.5242921461575463e+01,7.4507091303640365e+01
branch0_seg19,0.0000000000000000e+00,2.4999999987657614e-02,2.4999999987211578e-02,7.4507097985657936e+01,7.3720681158752271e+01
branch0_seg19,1.1111111111111116e-01,2.5000000012603461e-02,2.5000000013059961e-02,7.4507087770173953e+01,7.3720671022932464e+01
branch0_seg19,2.2222222222222210e-01,2.4999999989659013e-02,2.4999999989284039e-02,7.4507093064663408e+01,7.3720676276825074e+01
branch0_seg19,3.3333333333333326e-01,2.5000000007532507e-02,2.5000000007805855e-02,7.4507090651312865e+01,7.3720673881452029e+01
branch0_seg19,4.4444444444444442e-01,2.4999999994958746e-02,2.4999999994775694e-02,7.4507091507848074e+01,7.3720674732074855e+01
branch0_seg19,5.5555555555555536e-01,2.4999999994958746e-02,2.4999999994775694e-02,7.4507091507848074e+01,7.3720674732074855e+01
branch0_seg19,6.6666666666666652e-01,2.5000000002274571e-02,2.5000000002357178e-02,7.4507091303640365e+01,7.3720674528934552e+01
branch0_seg19,7.7777777777777768e-01,2.5000000002274571e-02,2.5000000002357178e-02,7.4507091303640365e+01,7.3720674528934552e+01
branch0_seg19,8.8888888888888884e-01,2.5000000002274571e-02,2.5000000002357178e-02,7.4507091303640365e+01,7.3720674528934552e+01
branch0_seg19,1.0000000000000000e+00,2.5000000002274571e-02,2.5000000002357178e-02,7.4507091303640365e+01,7.3720674528934552e+01
branch0_seg20,0.0000000000000000e+00,2.4999999987211578e-02,2.4999999986785780e-02,7.3720681158752271e+01,7.2879774829533858e+01
branch0_seg20,1.1111111111111116e-01,2.5000000013059961e-02,2.5000000013496788e-02,7.3720671022932464e+01,7.2879764778675892e+01
branch0_seg20,2.2222222222222210e-01,2.4999999989284039e-02,2.4999999988924871e-02,7.3720676276825074e+01,7.2879769989287411e+01
branch0_seg20,3.3333333333333326e-01,2.5000000007805855e-02,2.5000000008067812e-02,7.3720673881452029e+01,7.2879767613065013e+01
branch0_seg20,4.4444444444444442e-01,2.4999999994775694e-02,2.4999999994600213e-02,7.3720674732074855e+01,7.2879768457405248e+01
branch0_seg20,5.5555555555555536e-01,2.4999999994775694e-02,2.4999999994600213e-02,7.3720674732074855e+01,7.2879768457405248e+01
branch0_seg20,6.6666666666666652e-01,2.5000000002357178e-02,2.5000000002436365e-02,7.3720674528934552e+01,7.2879768255386423e+01
branch0_seg20,7.7777777777777768e-01,2.5000000002357178e-02,2.5000000002436365e-02,7.3720674528934552e+01,7.2879768255386423e+01
branch0_seg20,8.8888888888888884e-01,2.5000000002357178e-02,2.5000000002436365e-02,7.3720674528934552e+01,7.2879768255386423e+01
branch0_seg20,1.0000000000000000e+00,2.5000000002357178e-02,2.5000000002436365e-02,7.3720674528934552e+01,7.2879768255386423e+01
branch0_seg21,0.0000000000000000e+00,2.4999999986785780e-02,2.4999999986381034e-02,7.2879774829533858e+01,7.1975711498709600e+01
branch0_seg21,1.1111111111111116e-01,2.5000000013496788e-02,2.5000000013913143e-02,7.2879764778675892e+01,7.1975701538522344e+01
branch0_seg21,2.2222222222222210e-01,2.4999999988924871e-02,2.4999999988582169e-02,7.2879769989287411e+01,7.1975706702960494e+01
branch0_seg21,3.3333333333333326e-01,2.5000000008067812e-02,2.5000000008317907e-02,7.2879767613065013e+01,7.1975704347152501e+01
branch0_seg21,4.4444444444444442e-01,2.4999999994600213e-02,2.4999999994432615e-02,7.2879768457405248e+01,7.1975705184811659e+01
branch0_seg21,5.5555555555555536e-01,2.4999999994600213e-02,2.4999999994432615e-02,7.2879768457405248e+01,7.1975705184811659e+01
branch0_seg21,6.6666666666666652e-01,2.5000000002436365e-02,2.5000000002511995e-02,7.2879768255386423e+01,7.1975704983972307e+01
branch0_seg21,7.7777777777777768e-01,2.5000000002436365e-02,2.5000000002511995e-02,7.2879768255386423e+01,7.1975704983972307e+01
branch0_seg21,8.8888888888888884e-01,2.5000000002436365e-02,2.5000000002511995e-02,7.2879768255386423e+01,7.1975704983972307e+01
branch0_seg21,1.0000000000000000e+00,2.5000000002436365e-02,2.5000000002511995e-02,7.2879768255386423e+01,7.1975704983972307e+01
branch0_seg22,0.0000000000000000e+00,2.4999999986381034e-02,2.4999999985996113e-02,7.1975711498709600e+01,7.1007191321710494e+01
branch0_seg22,1.1111111111111116e-01,2.5000000013913143e-02,2.5000000014310322e-02,7.1975701538522344e+01,7.1007181457911884e+01
branch0_seg22,2.2222222222222210e-01,2.4999999988582169e-02,2.4999999988254851e-02,7.1975706702960494e+01,7.1007186573279782e+01
branch0_seg22,3.3333333333333326e-01,2.5000000008317907e-02,2.5000000008556927e-02,7.1975704347152501e+01,7.1007184239151670e+01
branch0_seg22,4.4444444444444442e-01,2.4999999994432615e-02,2.4999999994272371e-02,7.1975705184811659e+01,7.1007185069731065e+01
branch0_seg22,5.5555555555555536e-01,2.4999999994432615e-02,2.4999999994272371e-02,7.1975705184811659e+01,7.1007185069731065e+01
branch0_seg22,6.6666666666666652e-01,2.5000000002511995e-02,2.5000000002584302e-02,7.1975704983972307e+01,7.1007184870128867e+01
branch0_seg22,7.7777777777777768e-01,2.5000000002511995e-02,2.5000000002584302e-02,7.1975704983972307e+01,7.1007184870128867e+01
branch0_seg22,8.8888888888888884e-01,2.5000000002511995e-02,2.5000000002584302e-02,7.1975704983972307e+01,7.1007184870128867e+01
branch0_seg22,1.0000000000000000e+00,2.5000000002511995e-02,2.5000000002584302e-02,7.1975704983972307e+01,7.1007184870128867e+01
branch0_seg23,0.0000000000000000e+00,2.4999999985996113e-02,2.4999999985634434e-02,7.1007191321710494e+01,6.9945574352982376e+01
branch0_seg23,1.1111111111111116e-01,2.5000000014310322e-02,2.5000000014684789e-02,7.1007181457911884e+01,6.9945564592514216e+01
branch0_seg23,2.2222222222222210e-01,2.4999999988254851e-02,2.4999999987945835e-02,7.1007186573279782e+01,6.9945569655299579e+01
branch0_seg23,3.3333333333333326e-01,2.5000000008556927e-02,2.5000000008782750e-02,7.1007184239151670e+01,6.9945567344382752e+01
branch0_seg23,4.4444444444444442e-01,2.4999999994272371e-02,2.4999999994120909e-02,7.1007185069731065e+01,6.9945568167402115e+01
branch0_seg23,5.5555555555555536e-01,2.4999999994272371e-02,2.4999999994120909e-02,7.1007185069731065e+01,6.9945568167402115e+01
branch0_seg23,6.6666666666666652e-01,2.5000000002584302e-02,2.5000000002652643e-02,7.1007184870128867e+01,6.9945567969105014e+01
branch0_seg23,7.7777777777777768e-01,2.5000000002584302e-02,2.5000000002652643e-02,7.1007184870128867e+01,6.9945567969105014e+01
branch0_seg23,8.8888888888888884e-01,2.5000000002584302e-02,2.5000000002652643e-02,7.1007184870128867e+01,6.9945567969105014e+01
branch0_seg23,1.0000000000000000e+00,2.5000000002584302e-02,2.5000000002652643e-02,7.1007184870128867e+01,6.9945567969105014e+01
branch0_seg24,0.0000000000000000e+00,2.4999999985634434e-02,2.4999999985294386e-02,6.9945574352982376e+01,6.8791117929623525e+01
branch0_seg24,1.1111111111111116e-01,2.5000000014684789e-02,2.5000000015038208e-02,6.9945564592514216e+01,6.8791108279483012e+01
branch0_seg24,2.2222222222222210e-01,2.4999999987945835e-02,2.4999999987653745e-02,6.9945569655299579e+01,6.8791113286142533e+01
branch0_seg24,3.3333333333333326e-01,2.5000000008782750e-02,2.5000000008996371e-02,6.9945567344382752e+01,6.8791110999983985e+01
branch0_seg24,4.4444444444444442e-01,2.4999999994120909e-02,2.4999999993977562e-02,6.9945568167402115e+01,6.8791111814956437e+01
branch0_seg24,5.5555555555555536e-01,2.4999999994120909e-02,2.4999999993977562e-02,6.9945568167402115e+01,6.8791111814956437e+01
branch0_seg24,6.6666666666666652e-01,2.5000000002652643e-02,2.5000000002717321e-02,6.9945567969105014e+01,6.8791111618034662e+01
branch0_seg24,7.7777777777777768e-01,2.5000000002652643e-02,2.5000000002717321e-02,6.9945567969105014e+01,6.8791111618034662e+01
branch0_seg24,8.8888888888888884e-01,2.5000000002652643e-02,2.5000000002717321e-02,6.9945567969105014e+01,6.8791111618034662e+01
branch0_seg24,1.0000000000000000e+00,2.5000000002652643e-02,2.5000000002717321e-02,6.9945567969105014e+01,6.8791111618034662e+01
branch0_seg25,0.0000000000000000e+00,2.4999999985294386e-02,2.4999999984973292e-02,6.8791117929623525e+01,6.7547425501311224e+01
branch0_seg25,1.1111111111111116e-01,2.5000000015038208e-02,2.5000000015373350e-02,6.8791108279483012e+01,6.7547415968081523e+01
branch0_seg25,2.2222222222222210e-01,2.4999999987653745e-02,2.4999999987376297e-02,6.8791113286142533e+01,6.7547420915283126e+01
branch0_seg25,3.3333333333333326e-01,2.5000000008996371e-02,2.5000000009199465e-02,6.8791110999983985e+01,6.7547418655336088e+01
branch0_seg25,4.4444444444444442e-01,2.4999999993977562e-02,2.4999999993841202e-02,6.8791111814956437e+01,6.7547419461805731e+01
branch0_seg25,5.5555555555555536e-01,2.4999999993977562e-02,2.4999999993841202e-02,6.8791111814956437e+01,6.7547419461805731e+01
branch0_seg25,6.6666666666666652e-01,2.5000000002717321e-02,2.5000000002778848e-02,6.8791111618034662e+01,6.7547419266323857e+01
branch0_seg25,7.7777777777777768e-01,2.5000000002717321e-02,2.5000000002778848e-02,6.8791111618034662e+01,6.7547419266323857e+01
branch0_seg25,8.8888888888888884e-01,2.5000000002717321e-02,2.5000000002778848e-02,6.8791111618034662e+01,6.7547419266323857e+01
branch0_seg25,1.0000000000000000e+00,2.5000000002717321e-02,2.5000000002778848e-02,6.8791111618034662e+01,6.7547419266323857e+01
branch0_seg26,0.0000000000000000e+00,2.4999999984973292e-02,2.4999999984671031e-02,6.7547425501311224e+01,6.6206259907325290e+01
branch0_seg26,1.1111111111111116e-01,2.5000000015373350e-02,2.5000000015690329e-02,6.7547415968081523e+01,6.6206250497972178e+01
branch0_seg26,2.2222222222222210e-01,2.4999999987376297e-02,2.4999999987113403e-02,6.7547420915283126e+01,6.6206255382188786e+01
branch0_seg26,3.3333333333333326e-01,2.5000000009199465e-02,2.5000000009392093e-02,6.7547418655336088e+01,6.6206253149992691e+01
branch0_seg26,4.4444444444444442e-01,2.4999999993841202e-02,2.4999999993711792e-02,6.7547419461805731e+01,6.6206253947475432e+01
branch0_seg26,5.5555555555555536e-01,2.4999999993841202e-02,2.4999999993711792e-02,6.7547419461805731e+01,6.6206253947475432e+01
branch0_seg26,6.6666666666666652e-01,2.5000000002778848e-02,2.5000000002837232e-02,6.7547419266323857e+01,6.6206253753502992e+01
branch0_seg26,7.7777777777777768e-01,2.5000000002778848e-02,2.5000000002837232e-02,6.7547419266323857e+01,6.6206253753502992e+01
branch0_seg26,8.8888888888888884e-01,2.5000000002778848e-02,2.5000000002837232e-02,6.7547419266323857e+01,6.6206253753502992e+01
branch0_seg26,1.0000000000000000e+00,2.5000000002778848e-02,2.5000000002837232e-02,6.7547419266323857e+01,6.6206253753502992e+01
branch0_seg27,0.0000000000000000e+00,2.4999999984671031e-02,2.4999999984387601e-02,6.6206259907325290e+01,6.4751208950269131e+01
branch0_seg27,1.1111111111111116e-01,2.5000000015690329e-02,2.5000000015989104e-02,6.6206250497972178e+01,6.4751199672253748e+01
branch0_seg27,2.2222222222222210e-01,2.4999999987113403e-02,2.4999999986865112e-02,6.6206255382188786e+01,6.4751204489711611e+01
branch0_seg27,3.3333333333333326e-01,2.5000000009392093e-02,2.5000000009574211e-02,6.6206253149992691e+01,6.4751202286910669e+01
branch0_seg27,4.4444444444444442e-01,2.4999999993711792e-02,2.4999999993589359e-02,6.6206253947475432e+01,6.4751203074891833e+01
branch0_seg27,5.5555555555555536e-01,2.4999999993711792e-02,2.4999999993589359e-02,6.6206253947475432e+01,6.4751203074891833e+01
branch0_seg27,6.6666666666666652e-01,2.5000000002837232e-02,2.5000000002892469e-02,6.6206253753502992e+01,6.4751202882500976e+01
branch0_seg27,7.7777777777777768e-01,2.5000000002837232e-02,2.5000000002892469e-02,6.6206253753502992e+01,6.4751202882500976e+01
branch0_seg27,8.8888888888888884e-01,2.5000000002837232e-02,2.5000000002892469e-02,6.6206253753502992e+01,6.4751202882500976e+01
branch0_seg27,1.0000000000000000e+00,2.5000000002837232e-02,2.5000000002892469e-02,6.6206253753502992e+01,6.4751202882500976e+01
branch0_seg28,0.0000000000000000e+00,2.4999999984387601e-02,2.4999999984122549e-02,6.4751208950269131e+01,6.3174030091343084e+01
branch0_seg28,1.1111111111111116e-01,2.5000000015989104e-02,2.5000000016270119e-02,6.4751199672253748e+01,6.3174020952490885e+01
branch0_seg28,2.2222222222222210e-01,2.4999999986865112e-02,2.4999999986631063e-02,6.4751204489711611e+01,6.3174025699229865e+01
branch0_seg28,3.3333333333333326e-01,2.5000000009574211e-02,2.5000000009746084e-02,6.4751202286910669e+01,6.3174023527551313e+01
branch0_seg28,4.4444444444444442e-01,2.4999999993589359e-02,2.4999999993473732e-02,6.4751203074891833e+01,6.3174024305488480e+01
branch0_seg28,5.5555555555555536e-01,2.4999999993589359e-02,2.4999999993473732e-02,6.4751203074891833e+01,6.3174024305488480e+01
branch0_seg28,6.6666666666666652e-01,2.5000000002892469e-02,2.5000000002944625e-02,6.4751202882500976e+01,6.3174024114756762e+01
branch0_seg28,7.7777777777777768e-01,2.5000000002892469e-02,2.5000000002944625e-02,6.4751202882500976e+01,6.3174024114756762e+01
branch0_seg28,8.8888888888888884e-01,2.5000000002892469e-02,2.5000000002944625e-02,6.4751202882500976e+01,6.3174024114756762e+01
branch0_seg28,1.0000000000000000e+00,2.5000000002892469e-02,2.5000000002944625e-02,6.4751202882500976e+01,6.3174024114756762e+01
branch0_seg29,0.0000000000000000e+00,2.4999999984122549e-02,2.4999999983873991e-02,6.3174030091343084e+01,6.1478922959287928e+01
branch0_seg29,1.1111111111111116e-01,2.5000000016270119e-02,2.5000000016535323e-02,6.3174020952490885e+01,6.1478913966998455e+01
branch0_seg29,2.2222222222222210e-01,2.4999999986631063e-02,2.4999999986409643e-02,6.3174025699229865e+01,6.1478918639274120e+01
branch0_seg29,3.3333333333333326e-01,2.5000000009746084e-02,2.5000000009908888e-02,6.3174023527551313e+01,6.1478916500350898e+01
branch0_seg29,4.4444444444444442e-01,2.4999999993473732e-02,2.4999999993364119e-02,6.3174024305488480e+01,6.1478917267731383e+01
branch0_seg29,5.5555555555555536e-01,2.4999999993473732e-02,2.4999999993364119e-02,6.3174024305488480e+01,6.1478917267731383e+01
branch0_seg29,6.6666666666666652e-01,2.5000000002944625e-02,2.5000000002994072e-02,6.3174024114756762e+01,6.1478917078732060e+01
branch0_seg29,7.7777777777777768e-01,2.5000000002944625e-02,2.5000000002994072e-02,6.3174024114756762e+01,6.1478917078732060e+01
branch0_seg29,8.8888888888888884e-01,2.5000000002944625e-02,2.5000000002994072e-02,6.3174024114756762e+01,6.1478917078732060e+01
branch0_seg29,1.0000000000000000e+00,2.5000000002944625e-02,2.5000000002994072e-02,6.3174024114756762e+01,6.1478917078732060e+01
branch0_seg30,0.0000000000000000e+00,2.4999999983873991e-02,2.4999999983643849e-02,6.1478922959287928e+01,5.9619383189802157e+01
branch0_seg30,1.1111111111111116e-01,2.5000000016535323e-02,2.5000000016782611e-02,6.1478913966998455e+01,5.9619374353275695e+01
branch0_seg30,2.2222222222222210e-01,2.4999999986409643e-02,2.4999999986202639e-02,6.1478918639274120e+01,5.9619378946439845e+01
branch0_seg30,3.3333333333333326e-01,2.5000000009908888e-02,2.5000000010061304e-02,6.1478916500350898e+01,5.9619376842294230e+01
branch0_seg30,4.4444444444444442e-01,2.4999999993364119e-02,2.4999999993261413e-02,6.1478917267731383e+01,5.9619377598486913e+01
branch0_seg30,5.5555555555555536e-01,2.4999999993364119e-02,2.4999999993261413e-02,6.1478917267731383e+01,5.9619377598486913e+01
branch0_seg30,6.6666666666666652e-01,2.5000000002994072e-02,2.5000000003040403e-02,6.1478917078732060e+01,5.9619377411307354e+01
branch0_seg30,7.7777777777777768e-01,2.5000000002994072e-02,2.5000000003040403e-02,6.1478917078732060e+01,5.9619377411307354e+01
branch0_seg30,8.8888888888888884e-01,2.5000000002994072e-02,2.5000000003040403e-02,6.1478917078732060e+01,5.9619377411307354e+01
branch0_seg30,1.0000000000000000e+00,2.5000000002994072e-02,2.5000000003040403e-02,6.1478917078732060e+01,5.9619377411307354e+01
branch0_seg31,0.0000000000000000e+00,2.4999999983643849e-02,2.4999999983430426e-02,5.9619383189802157e+01,5.7599429627675448e+01
branch0_seg31,1.1111111111111116e-01,2.5000000016782611e-02,2.5000000017013742e-02,5.9619374353275695e+01,5.7599420955807105e+01
branch0_seg31,2.2222222222222210e-01,2.4999999986202639e-02,2.4999999986008589e-02,5.9619378946439845e+01,5.7599425465362707e+01
branch0_seg31,3.3333333333333326e-01,2.5000000010061304e-02,2.5000000010204401e-02,5.9619376842294230e+01,5.7599423397953608e+01
branch0_seg31,4.4444444444444442e-01,2.4999999993261413e-02,2.4999999993164889e-02,5.9619377598486913e+01,5.7599424142344837e+01
branch0_seg31,5.5555555555555536e-01,2.4999999993261413e-02,2.4999999993164889e-02,5.9619377598486913e+01,5.7599424142344837e+01
branch0_seg31,6.6666666666666652e-01,2.5000000003040403e-02,2.5000000003083937e-02,5.9619377411307354e+01,5.7599423957071942e+01
branch0_seg31,7.7777777777777768e-01,2.5000000003040403e-02,2.5000000003083937e-02,5.9619377411307354e+01,5.7599423957071942e+01
branch0_seg31,8.8888888888888884e-01,2.5000000003040403e-02,2.5000000003083937e-02,5.9619377411307354e+01,5.7599423957071942e+01
branch0_seg31,1.0000000000000000e+00,2.5000000003040403e-02,2.5000000003083937e-02,5.9619377411307354e+01,5.7599423957071942e+01
branch0_seg32,0.0000000000000000e+00,2.4999999983430426e-02,2.4999999983233216e-02,5.7599429627675448e+01,5.5399376966626718e+01
branch0_seg32,1.1111111111111116e-01,2.5000000017013742e-02,2.5000000017229181e-02,5.7599420955807105e+01,5.5399368468740121e+01
branch0_seg32,2.2222222222222210e-01,2.4999999986008589e-02,2.4999999985827130e-02,5.7599425465362707e+01,5.5399372889979212e+01
branch0_seg32,3.3333333333333326e-01,2.5000000010204401e-02,2.5000000010338440e-02,5.7599423397953608e+01,5.5399370861353447e+01
branch0_seg32,4.4444444444444442e-01,2.4999999993164889e-02,2.4999999993074385e-02,5.7599424142344837e+01,5.5399371593305297e+01
branch0_seg32,5.5555555555555536e-01,2.4999999993164889e-02,2.4999999993074385e-02,5.7599424142344837e+01,5.5399371593305297e+01
branch0_seg32,6.6666666666666652e-01,2.5000000003083937e-02,2.5000000003124759e-02,5.7599423957071942e+01,5.5399371410026944e+01
branch0_seg32,7.7777777777777768e-01,2.5000000003083937e-02,2.5000000003124759e-02,5.7599423957071942e+01,5.5399371410026944e+01
branch0_seg32,8.8888888888888884e-01,2.5000000003083937e-02,2.5000000003124759e-02,5.7599423957071942e+01,5.5399371410026944e+01
branch0_seg32,1.0000000000000000e+00,2.5000000003083937e-02,2.5000000003124759e-02,5.7599423957071942e+01,5.5399371410026944e+01
branch0_seg33,0.0000000000000000e+00,2.4999999983233216e-02,2.4999999983052867e-02,5.5399376966626718e+01,5.2972020865447384e+01
branch0_seg33,1.1111111111111116e-01,2.5000000017229181e-02,2.5000000017428144e-02,5.5399368468740121e+01,5.2972012552475071e+01
branch0_seg33,2.2222222222222210e-01,2.4999999985827130e-02,2.4999999985658952e-02,5.5399372889979212e+01,5.2972016879883768e+01
branch0_seg33,3.3333333333333326e-01,2.5000000010338440e-02,2.5000000010462892e-02,5.5399370861353447e+01,5.2972014892434231e+01
branch0_seg33,4.4444444444444442e-01,2.4999999993074385e-02,2.4999999992990254e-02,5.5399371593305297e+01,5.2972015611204355e+01
branch0_seg33,5.5555555555555536e-01,2.4999999993074385e-02,2.4999999992990254e-02,5.5399371593305297e+01,5.2972015611204355e+01
branch0_seg33,6.6666666666666652e-01,2.5000000003124759e-02,2.5000000003162701e-02,5.5399371410026944e+01,5.2972015430020242e+01
branch0_seg33,7.7777777777777768e-01,2.5000000003124759e-02,2.5000000003162701e-02,5.5399371410026944e+01,5.2972015430020242e+01
branch0_seg33,8.8888888888888884e-01,2.5000000003124759e-02,2.5000000003162701e-02,5.5399371410026944e+01,5.2972015430020242e+01
branch0_seg33,1.0000000000000000e+00,2.5000000003124759e-02,2.5000000003162701e-02,5.5399371410026944e+01,5.2972015430020242e+01
branch0_seg34,0.0000000000000000e+00,2.4999999983052867e-02,2.4999999982725452e-02,5.2972020865447384e+01,5.1291448127782438e+01
branch0_seg34,1.1111111111111116e-01,2.5000000017428144e-02,2.5000000017793376e-02,5.2972012552475071e+01,5.1291439912623538e+01
branch0_seg34,2.2222222222222210e-01,2.4999999985658952e-02,2.4999999985348985e-02,5.2972016879883768e+01,5.1291444191162562e+01
branch0_seg34,3.3333333333333326e-01,2.5000000010462892e-02,2.5000000010692750e-02,5.2972014892434231e+01,5.1291442224579008e+01
branch0_seg34,4.4444444444444442e-01,2.4999999992990254e-02,2.4999999992834667e-02,5.2972015611204355e+01,5.1291442937178012e+01
branch0_seg34,5.5555555555555536e-01,2.4999999992990254e-02,2.4999999992834667e-02,5.2972015611204355e+01,5.1291442937178012e+01
branch0_seg34,6.6666666666666652e-01,2.5000000003162701e-02,2.5000000003232867e-02,5.2972015430020242e+01,5.1291442756579912e+01
branch0_seg34,7.7777777777777768e-01,2.5000000003162701e-02,2.5000000003232867e-02,5.2972015430020242e+01,5.1291442756579912e+01
branch0_seg34,8.8888888888888884e-01,2.5000000003162701e-02,2.5000000003232867e-02,5.2972015430020242e+01,5.1291442756579912e+01
branch0_seg34,1.0000000000000000e+00,2.5000000003162701e-02,2.5000000003232867e-02,5.2972015430020242e+01,5.1291442756579912e+01
branch0_seg35,0.0000000000000000e+00,2.4999999982725452e-02,2.4999999982194498e-02,5.1291448127782438e+01,5.1047096077970032e+01
branch0_seg35,1.1111111111111116e-01,2.5000000017793376e-02,2.5000000018388927e-02,5.1291439912623538e+01,5.1047087925949199e+01
branch0_seg35,2.2222222222222210e-01,2.4999999985348985e-02,2.4999999984842581e-02,5.1291444191162562e+01,5.1047092172071586e+01
branch0_seg35,3.3333333333333326e-01,2.5000000010692750e-02,2.5000000011068647e-02,5.1291442224579008e+01,5.1047090219999376e+01
branch0_seg35,4.4444444444444442e-01,2.4999999992834667e-02,2.4999999992580089e-02,5.1291442937178012e+01,5.1047090927701817e+01
branch0_seg35,5.5555555555555536e-01,2.4999999992834667e-02,2.4999999992580089e-02,5.1291442937178012e+01,5.1047090927701817e+01
branch0_seg35,6.6666666666666652e-01,2.5000000003232867e-02,2.5000000003347667e-02,5.1291442756579912e+01,5.1047090748077025e+01
branch0_seg35,7.7777777777777768e-01,2.5000000003232867e-02,2.5000000003347667e-02,5.1291442756579912e+01,5.1047090748077025e+01
branch0_seg35,8.8888888888888884e-01,2.5000000003232867e-02,2.5000000003347667e-02,5.1291442756579912e+01,5.1047090748077025e+01
branch0_seg35,1.0000000000000000e+00,2.5000000003232867e-02,2.5000000003347667e-02,5.1291442756579912e+01,5.1047090748077025e+01
branch0_seg36,0.0000000000000000e+00,2.4999999982194498e-02,2.4999999981662479e-02,5.1047096077970032e+01,5.0810607247590937e+01
branch0_seg36,1.1111111111111116e-01,2.5000000018388927e-02,2.5000000018987681e-02,5.1047087925949199e+01,5.0810599159984918e+01
branch0_seg36,2.2222222222222210e-01,2.4999999984842581e-02,2.4999999984332850e-02,5.1047092172071586e+01,5.0810603372996965e+01
branch0_seg36,3.3333333333333326e-01,2.5000000011068647e-02,2.5000000011447230e-02,5.1047090219999376e+01,5.0810601435774672e+01
branch0_seg36,4.4444444444444442e-01,2.4999999992580089e-02,2.4999999992323604e-02,5.1047090927701817e+01,5.0810602138441851e+01
branch0_seg36,5.5555555555555536e-01,2.4999999992580089e-02,2.4999999992323604e-02,5.1047090927701817e+01,5.0810602138441851e+01
branch0_seg36,6.6666666666666652e-01,2.5000000003347667e-02,2.5000000003463325e-02,5.1047090748077025e+01,5.0810601959836347e+01
branch0_seg36,7.7777777777777768e-01,2.5000000003347667e-02,2.5000000003463325e-02,5.1047090748077025e+01,5.0810601959836347e+01
branch0_seg36,8.8888888888888884e-01,2.5000000003347667e-02,2.5000000003463325e-02,5.1047090748077025e+01,5.0810601959836347e+01
branch0_seg36,1.0000000000000000e+00,2.5000000003347667e-02,2.5000000003463325e-02,5.1047090748077025e+01,5.0810601959836347e+01
branch0_seg37,0.0000000000000000e+00,2.4999999981662479e-02,2.4999999981128788e-02,5.0810607247590937e+01,5.0582248622019662e+01
branch0_seg37,1.1111111111111116e-01,2.5000000018987681e-02,2.5000000019590296e-02,5.0810599159984918e+01,5.0582240600002187e+01
branch0_seg37,2.2222222222222210e-01,2.4999999984332850e-02,2.4999999983819250e-02,5.0810603372996965e+01,5.0582244779262417e+01
branch0_seg37,3.3333333333333326e-01,2.5000000011447230e-02,2.5000000011828904e-02,5.0810601435774672e+01,5.0582242857205884e+01
branch0_seg37,4.4444444444444442e-01,2.4999999992323604e-02,2.4999999992064932e-02,5.0810602138441851e+01,5.0582243554706096e+01
branch0_seg37,5.5555555555555536e-01,2.4999999992323604e-02,2.4999999992064932e-02,5.0810602138441851e+01,5.0582243554706096e+01
branch0_seg37,6.6666666666666652e-01,2.5000000003463325e-02,2.5000000003579957e-02,5.0810601959836347e+01,5.0582243377165028e+01
branch0_seg37,7.7777777777777768e-01,2.5000000003463325e-02,2.5000000003579957e-02,5.0810601959836347e+01,5.0582243377165028e+01
branch0_seg37,8.8888888888888884e-01,2.5000000003463325e-02,2.5000000003579957e-02,5.0810601959836347e+01,5.0582243377165028e+01
branch0_seg37,1.0000000000000000e+00,2.5000000003463325e-02,2.5000000003579957e-02,5.0810601959836347e+01,5.0582243377165028e+01
branch0_seg38,0.0000000000000000e+00,2.4999999981128788e-02,2.4999999980593397e-02,5.0582248622019662e+01,5.0361757545467597e+01
branch0_seg38,1.1111111111111116e-01,2.5000000019590296e-02,2.5000000020196755e-02,5.0582240600002187e+01,5.0361749590180040e+01
branch0_seg38,2.2222222222222210e-01,2.4999999983819250e-02,2.4999999983301796e-02,5.0582244779262417e+01,5.0361753735063132e+01
branch0_seg38,3.3333333333333326e-01,2.5000000011828904e-02,2.5000000012213659e-02,5.0582242857205884e+01,5.0361751828481502e+01
branch0_seg38,4.4444444444444442e-01,2.4999999992064932e-02,2.4999999991804089e-02,5.0582243554706096e+01,5.0361752520684746e+01
branch0_seg38,5.5555555555555536e-01,2.4999999992064932e-02,2.4999999991804089e-02,5.0582243554706096e+01,5.0361752520684746e+01
branch0_seg38,6.6666666666666652e-01,2.5000000003579957e-02,2.5000000003697568e-02,5.0582243377165028e+01,5.0361752344253382e+01
branch0_seg38,7.7777777777777768e-01,2.5000000003579957e-02,2.5000000003697568e-02,5.0582243377165028e+01,5.0361752344253382e+01
branch0_seg38,8.8888888888888884e-01,2.5000000003579957e-02,2.5000000003697568e-02,5.0582243377165028e+01,5.0361752344253382e+01
branch0_seg38,1.0000000000000000e+00,2.5000000003579957e-02,2.5000000003697568e-02,5.0582243377165028e+01,5.0361752344253382e+01
branch0_seg39,0.0000000000000000e+00,2.4999999980593397e-02,2.4999999980055500e-02,5.0361757545467597e+01,5.0149509348588992e+01
branch0_seg39,1.1111111111111116e-01,2.5000000020196755e-02,2.5000000020807951e-02,5.0361749590180040e+01,5.0149501461044288e+01
branch0_seg39,2.2222222222222210e-01,2.4999999983301796e-02,2.4999999982779752e-02,5.0361753735063132e+01,5.0149505570990478e+01
branch0_seg39,3.3333333333333326e-01,2.5000000012213659e-02,2.5000000012602032e-02,5.0361751828481502e+01,5.0149503680163981e+01
branch0_seg39,4.4444444444444442e-01,2.4999999991804089e-02,2.4999999991540706e-02,5.0361752520684746e+01,5.0149504366949550e+01
branch0_seg39,5.5555555555555536e-01,2.4999999991804089e-02,2.4999999991540706e-02,5.0361752520684746e+01,5.0149504366949550e+01
branch0_seg39,6.6666666666666652e-01,2.5000000003697568e-02,2.5000000003816324e-02,5.0361752344253382e+01,5.0149504191671689e+01
branch0_seg39,7.7777777777777768e-01,2.5000000003697568e-02,2.5000000003816324e-02,5.0361752344253382e+01,5.0149504191671689e+01
branch0_seg39,8.8888888888888884e-01,2.5000000003697568e-02,2.5000000003816324e-02,5.0361752344253382e+01,5.0149504191671689e+01
branch0_seg39,1.0000000000000000e+00,2.5000000003697568e-02,2.5000000003816324e-02,5.0361752344253382e+01,5.0149504191671689e+01
branch0_seg40,0.0000000000000000e+00,2.4999999980055500e-02,2.4999999979515845e-02,5.0149509348588992e+01,4.9944599321084880e+01
branch0_seg40,1.1111111111111116e-01,2.5000000020807951e-02,2.5000000021422972e-02,5.0149501461044288e+01,4.9944591502363856e+01
branch0_seg40,2.2222222222222210e-01,2.4999999982779752e-02,2.4999999982253898e-02,5.0149505570990478e+01,4.9944595576778276e+01
branch0_seg40,3.3333333333333326e-01,2.5000000012602032e-02,2.5000000012993441e-02,5.0149503680163981e+01,4.9944593702003210e+01
branch0_seg40,4.4444444444444442e-01,2.4999999991540706e-02,2.4999999991275189e-02,5.0149504366949550e+01,4.9944594383244585e+01
branch0_seg40,5.5555555555555536e-01,2.4999999991540706e-02,2.4999999991275189e-02,5.0149504366949550e+01,4.9944594383244585e+01
branch0_seg40,6.6666666666666652e-01,2.5000000003816324e-02,2.5000000003936037e-02,5.0149504191671689e+01,4.9944594209165508e+01
branch0_seg40,7.7777777777777768e-01,2.5000000003816324e-02,2.5000000003936037e-02,5.0149504191671689e+01,4.9944594209165508e+01
branch0_seg40,8.8888888888888884e-01,2.5000000003816324e-02,2.5000000003936037e-02,5.0149504191671689e+01,4.9944594209165508e+01
branch0_seg40,1.0000000000000000e+00,2.5000000003816324e-02,2.5000000003936037e-02,5.0149504191671689e+01,4.9944594209165508e+01
branch0_seg41,0.0000000000000000e+00,2.4999999979515845e-02,2.4999999978974879e-02,4.9944599321084880e+01,4.9746423082556682e+01
branch0_seg41,1.1111111111111116e-01,2.5000000021422972e-02,2.5000000022041266e-02,4.9944591502363856e+01,4.9746415333768880e+01
branch0_seg41,2.2222222222222210e-01,2.4999999982253898e-02,2.4999999981724735e-02,4.9944595576778276e+01,4.9746419372041714e+01
branch0_seg41,3.3333333333333326e-01,2.5000000012993441e-02,2.5000000013387501e-02,4.9944593702003210e+01,4.9746417513621395e+01
branch0_seg41,4.4444444444444442e-01,2.4999999991275189e-02,2.4999999991007795e-02,4.9944594383244585e+01,4.9746418189189306e+01
branch0_seg41,5.5555555555555536e-01,2.4999999991275189e-02,2.4999999991007795e-02,4.9944594383244585e+01,4.9746418189189306e+01
branch0_seg41,6.6666666666666652e-01,2.5000000003936037e-02,2.5000000004056593e-02,4.9944594209165508e+01,4.9746418016355172e+01
branch0_seg41,7.7777777777777768e-01,2.5000000003936037e-02,2.5000000004056593e-02,4.9944594209165508e+01,4.9746418016355172e+01
branch0_seg41,8.8888888888888884e-01,2.5000000003936037e-02,2.5000000004056593e-02,4.9944594209165508e+01,4.9746418016355172e+01
branch0_seg41,1.0000000000000000e+00,2.5000000003936037e-02,2.5000000004056593e-02,4.9944594209165508e+01,4.9746418016355172e+01
branch0_seg42,0.0000000000000000e+00,2.4999999978974879e-02,2.4999999978320343e-02,4.9746423082556682e+01,4.9599562372239276e+01
branch0_seg42,1.1111111111111116e-01,2.5000000022041266e-02,2.5000000022791399e-02,4.9746415333768880e+01,4.9599554682668654e+01
branch0_seg42,2.2222222222222210e-01,2.4999999981724735e-02,2.4999999981082138e-02,4.9746419372041714e+01,4.9599558690303375e+01
branch0_seg42,3.3333333333333326e-01,2.5000000013387501e-02,2.5000000013866250e-02,4.9746417513621395e+01,4.9599556845773520e+01
branch0_seg42,4.4444444444444442e-01,2.4999999991007795e-02,2.4999999990682843e-02,4.9746418189189306e+01,4.9599557516499729e+01
branch0_seg42,5.5555555555555536e-01,2.4999999991007795e-02,2.4999999990682843e-02,4.9746418189189306e+01,4.9599557516499729e+01
branch0_seg42,6.6666666666666652e-01,2.5000000004056593e-02,2.5000000004203098e-02,4.9746418016355172e+01,4.9599557344745172e+01
branch0_seg42,7.7777777777777768e-01,2.5000000004056593e-02,2.5000000004203098e-02,4.9746418016355172e+01,4.9599557344745172e+01
branch0_seg42,8.8888888888888884e-01,2.5000000004056593e-02,2.5000000004203098e-02,4.9746418016355172e+01,4.9599557344745172e+01
branch0_seg42,1.0000000000000000e+00,2.5000000004056593e-02,2.5000000004203098e-02,4.9746418016355172e+01,4.9599557344745172e+01
branch0_seg43,0.0000000000000000e+00,2.4999999978320343e-02,2.4999999977547527e-02,4.9599562372239276e+01,4.9507376020566689e+01
branch0_seg43,1.1111111111111116e-01,2.5000000022791399e-02,2.5000000023678953e-02,4.9599554682668654e+01,4.9507368382869700e+01
branch0_seg43,2.2222222222222210e-01,2.4999999981082138e-02,2.4999999980321291e-02,4.9599558690303375e+01,4.9507372363598954e+01
branch0_seg43,3.3333333333333326e-01,2.5000000013866250e-02,2.5000000014433289e-02,4.9599556845773520e+01,4.9507370531317441e+01
branch0_seg43,4.4444444444444442e-01,2.4999999990682843e-02,2.4999999990297887e-02,4.9599557516499729e+01,4.9507371197730876e+01
branch0_seg43,5.5555555555555536e-01,2.4999999990682843e-02,2.4999999990297887e-02,4.9599557516499729e+01,4.9507371197730876e+01
branch0_seg43,6.6666666666666652e-01,2.5000000004203098e-02,2.5000000004376646e-02,4.9599557344745172e+01,4.9507371026969508e+01
branch0_seg43,7.7777777777777768e-01,2.5000000004203098e-02,2.5000000004376646e-02,4.9599557344745172e+01,4.9507371026969508e+01
branch0_seg43,8.8888888888888884e-01,2.5000000004203098e-02,2.5000000004376646e-02,4.9599557344745172e+01,4.9507371026969508e+01
branch0_seg43,1.0000000000000000e+00,2.5000000004203098e-02,2.5000000004376646e-02,4.9599557344745172e+01,4.9507371026969508e+01
branch0_seg44,0.0000000000000000e+00,2.4999999977547527e-02,2.4999999976783451e-02,4.9507376020566689e+01,4.9414917566503867e+01
branch0_seg44,1.1111111111111116e-01,2.5000000023678953e-02,2.5000000024557920e-02,4.9507368382869700e+01,4.9414909982973320e+01
branch0_seg44,2.2222222222222210e-01,2.4999999980321291e-02,2.4999999979567387e-02,4.9507372363598954e+01,4.9414913935575527e+01
branch0_seg44,3.3333333333333326e-01,2.5000000014433289e-02,2.5000000014995308e-02,4.9507370531317441e+01,4.9414912116123062e+01
branch0_seg44,4.4444444444444442e-01,2.4999999990297887e-02,2.4999999989916276e-02,4.9507371197730876e+01,4.9414912777997529e+01
branch0_seg44,5.5555555555555536e-01,2.4999999990297887e-02,2.4999999989916276e-02,4.9507371197730876e+01,4.9414912777997529e+01
branch0_seg44,6.6666666666666652e-01,2.5000000004376646e-02,2.5000000004548689e-02,4.9507371026969508e+01,4.9414912608297399e+01
branch0_seg44,7.7777777777777768e-01,2.5000000004376646e-02,2.5000000004548689e-02,4.9507371026969508e+01,4.9414912608297399e+01
branch0_seg44,8.8888888888888884e-01,2.5000000004376646e-02,2.5000000004548689e-02,4.9507371026969508e+01,4.9414912608297399e+01
branch0_seg44,1.0000000000000000e+00,2.5000000004376646e-02,2.5000000004548689e-02,4.9507371026969508e+01,4.9414912608297399e+01
branch0_seg45,0.0000000000000000e+00,2.4999999976783451e-02,2.4999999976027108e-02,4.9414917566503867e+01,4.9322424541652971e+01
branch0_seg45,1.1111111111111116e-01,2.5000000024557920e-02,2.5000000025429316e-02,4.9414909982973320e+01,4.9322417014505334e+01
branch0_seg45,2.2222222222222210e-01,2.4999999979567387e-02,2.4999999978819597e-02,4.9414913935575527e+01,4.9322420937798050e+01
branch0_seg45,3.3333333333333326e-01,2.5000000014995308e-02,2.5000000015552911e-02,4.9414912116123062e+01,4.9322419131737988e+01
branch0_seg45,4.4444444444444442e-01,2.4999999989916276e-02,2.4999999989537613e-02,4.9414912777997529e+01,4.9322419788852926e+01
branch0_seg45,5.5555555555555536e-01,2.4999999989916276e-02,2.4999999989537613e-02,4.9414912777997529e+01,4.9322419788852926e+01
branch0_seg45,6.6666666666666652e-01,2.5000000004548689e-02,2.5000000004719396e-02,4.9414912608297399e+01,4.9322419620281138e+01
branch0_seg45,7.7777777777777768e-01,2.5000000004548689e-02,2.5000000004719396e-02,4.9414912608297399e+01,4.9322419620281138e+01
branch0_seg45,8.8888888888888884e-01,2.5000000004548689e-02,2.5000000004719396e-02,4.9414912608297399e+01,4.9322419620281138e+01
branch0_seg45,1.0000000000000000e+00,2.5000000004548689e-02,2.5000000004719396e-02,4.9414912608297399e+01,4.9322419620281138e+01
branch0_seg46,0.0000000000000000e+00,2.4999999976027108e-02,2.4999999975277049e-02,4.9322424541652971e+01,4.9230250220309145e+01
branch0_seg46,1.1111111111111116e-01,2.5000000025429316e-02,2.5000000026294687e-02,4.9322417014505334e+01,4.9230242751642756e+01
branch0_seg46,2.2222222222222210e-01,2.4999999978819597e-02,2.4999999978076635e-02,4.9322420937798050e+01,4.9230246644504462e+01
branch0_seg46,3.3333333333333326e-01,2.5000000015552911e-02,2.5000000016107030e-02,4.9322419131737988e+01,4.9230244852372778e+01
branch0_seg46,4.4444444444444442e-01,2.4999999989537613e-02,2.4999999989161262e-02,4.9322419788852926e+01,4.9230245504516915e+01
branch0_seg46,5.5555555555555536e-01,2.4999999989537613e-02,2.4999999989161262e-02,4.9322419788852926e+01,4.9230245504516915e+01
branch0_seg46,6.6666666666666652e-01,2.5000000004719396e-02,2.5000000004889059e-02,4.9322419620281138e+01,4.9230245337138719e+01
branch0_seg46,7.7777777777777768e-01,2.5000000004719396e-02,2.5000000004889059e-02,4.9322419620281138e+01,4.9230245337138719e+01
branch0_seg46,8.8888888888888884e-01,2.5000000004719396e-02,2.5000000004889059e-02,4.9322419620281138e+01,4.9230245337138719e+01
branch0_seg46,1.0000000000000000e+00,2.5000000004719396e-02,2.5000000004889059e-02,4.9322419620281138e+01,4.9230245337138719e+01
branch0_seg47,0.0000000000000000e+00,2.4999999975277049e-02,2.4999999974526930e-02,4.9230250220309145e+01,4.9138964892662514e+01
branch0_seg47,1.1111111111111116e-01,2.5000000026294687e-02,2.5000000027161219e-02,4.9230242751642756e+01,4.9138957484063880e+01
branch0_seg47,2.2222222222222210e-01,2.4999999978076635e-02,2.4999999977332366e-02,4.9230246644504462e+01,4.9138961345640169e+01
branch0_seg47,3.3333333333333326e-01,2.5000000016107030e-02,2.5000000016662239e-02,4.9230244852372778e+01,4.9138959567850129e+01
branch0_seg47,4.4444444444444442e-01,2.4999999989161262e-02,2.4999999988784126e-02,4.9230245504516915e+01,4.9138960214856290e+01
branch0_seg47,5.5555555555555536e-01,2.4999999989161262e-02,2.4999999988784126e-02,4.9230245504516915e+01,4.9138960214856290e+01
branch0_seg47,6.6666666666666652e-01,2.5000000004889059e-02,2.5000000005059076e-02,4.9230245337138719e+01,4.9138960048726176e+01
branch0_seg47,7.7777777777777768e-01,2.5000000004889059e-02,2.5000000005059076e-02,4.9230245337138719e+01,4.9138960048726176e+01
branch0_seg47,8.8888888888888884e-01,2.5000000004889059e-02,2.5000000005059076e-02,4.9230245337138719e+01,4.9138960048726176e+01
branch0_seg47,1.0000000000000000e+00,2.5000000004889059e-02,2.5000000005059076e-02,4.9230245337138719e+01,4.9138960048726176e+01
branch0_seg48,0.0000000000000000e+00,2.4999999974526930e-02,2.4999999974215849e-02,4.9138964892662514e+01,4.0523526575781410e+01
branch0_seg48,1.1111111111111116e-01,2.5000000027161219e-02,2.5000000027527749e-02,4.9138957484063880e+01,4.0523519273032626e+01
branch0_seg48,2.2222222222222210e-01,2.4999999977332366e-02,2.4999999977015214e-02,4.9138961345640169e+01,4.0523523094277657e+01
branch0_seg48,3.3333333333333326e-01,2.5000000016662239e-02,2.5000000016899854e-02,4.9138959567850129e+01,4.0523521324091774e+01
branch0_seg48,4.4444444444444442e-01,2.4999999988784126e-02,2.4999999988622200e-02,4.9138960214856290e+01,4.0523521977474410e+01
branch0_seg48,5.5555555555555536e-01,2.4999999988784126e-02,2.4999999988622200e-02,4.9138960214856290e+01,4.0523521977474410e+01
branch0_seg48,6.6666666666666652e-01,2.5000000005059076e-02,2.5000000005132136e-02,4.9138960048726176e+01,4.0523521803523749e+01
branch0_seg48,7.7777777777777768e-01,2.5000000005059076e-02,2.5000000005132136e-02,4.9138960048726176e+01,4.0523521803523749e+01
branch0_seg48,8.8888888888888884e-01,2.5000000005059076e-02,2.5000000005132136e-02,4.9138960048726176e+01,4.0523521803523749e+01
branch0_seg48,1.0000000000000000e+00,2.5000000005059076e-02,2.5000000005132136e-02,4.9138960048726176e+01,4.0523521803523749e+01
branch0_seg49,0.0000000000000000e+00,2.4999999974215849e-02,2.4999999974156570e-02,4.0523526575781410e+01,2.8586938078430087e+01
branch0_seg49,1.1111111111111116e-01,2.5000000027527749e-02,2.5000000027598831e-02,4.0523519273032626e+01,2.8586931455850536e+01
branch0_seg49,2.2222222222222210e-01,2.4999999977015214e-02,2.4999999976953322e-02,4.0523523094277657e+01,2.8586934932569584e+01
branch0_seg49,3.3333333333333326e-01,2.5000000016899854e-02,2.5000000016946390e-02,4.0523521324091774e+01,2.8586933313169201e+01
branch0_seg49,4.4444444444444442e-01,2.4999999988622200e-02,2.4999999988590406e-02,4.0523521977474410e+01,2.8586933918503629e+01
branch0_seg49,5.5555555555555536e-01,2.4999999988622200e-02,2.4999999988590406e-02,4.0523521977474410e+01,2.8586933918503629e+01
branch0_seg49,6.6666666666666652e-01,2.5000000005132136e-02,2.5000000005146489e-02,4.0523521803523749e+01,2.8586933752113428e+01
branch0_seg49,7.7777777777777768e-01,2.5000000005132136e-02,2.5000000005146489e-02,4.0523521803523749e+01,2.8586933752113428e+01
branch0_seg49,8.8888888888888884e-01,2.5000000005132136e-02,2.5000000005146489e-02,4.0523521803523749e+01,2.8586933752113428e+01
branch0_seg49,1.0000000000000000e+00,2.5000000005132136e-02,2.5000000005146489e-02,4.0523521803523749e+01,2.8586933752113428e+01
branch0_seg50,0.0000000000000000e+00,2.4999999974156570e-02,2.4999999974106225e-02,2.8586938078430087e+01,1.6684472785054425e+01
branch0_seg50,1.1111111111111116e-01,2.5000000027598831e-02,2.5000000027661388e-02,2.8586931455850536e+01,1.6684466843515214e+01
branch0_seg50,2.2222222222222210e-01,2.4999999976953322e-02,2.4999999976898203e-02,2.8586934932569584e+01,1.6684469975217045e+01
branch0_seg50,3.3333333333333326e-01,2.5000000016946390e-02,2.5000000016988093e-02,2.8586933313169201e+01,1.6684468506857755e+01
branch0_seg50,4.4444444444444442e-01,2.4999999988590406e-02,2.4999999988561790e-02,2.8586933918503629e+01,1.6684469064024864e+01
branch0_seg50,5.5555555555555536e-01,2.4999999988590406e-02,2.4999999988561790e-02,2.8586933918503629e+01,1.6684469064024864e+01
branch0_seg50,6.6666666666666652e-01,2.5000000005146489e-02,2.5000000005159416e-02,2.8586933752113428e+01,1.6684468905244227e+01
branch0_seg50,7.7777777777777768e-01,2.5000000005146489e-02,2.5000000005159416e-02,2.8586933752113428e+01,1.6684468905244227e+01
branch0_seg50,8.8888888888888884e-01,2.5000000005146489e-02,2.5000000005159416e-02,2.8586933752113428e+01,1.6684468905244227e+01
branch0_seg50,1.0000000000000000e+00,2.5000000005146489e-02,2.5000000005159416e-02,2.8586933752113428e+01,1.6684468905244227e+01
branch0_seg51,0.0000000000000000e+00,2.4999999974106225e-02,2.4999999973909542e-02,1.6684472785054425e+01,8.6600645058279255e+00
branch0_seg51,1.1111111111111116e-01,2.5000000027661388e-02,2.5000000027919741e-02,1.6684466843515214e+01,8.6600586796304810e+00
branch0_seg51,2.2222222222222210e-01,2.4999999976898203e-02,2.4999999976666555e-02,1.6684469975217045e+01,8.6600617651765681e+00
branch0_seg51,3.3333333333333326e-01,2.5000000016988093e-02,2.5000000017164979e-02,1.6684468506857755e+01,8.6600603077456846e+00
branch0_seg51,4.4444444444444442e-01,2.4999999988561790e-02,2.4999999988439662e-02,1.6684469064024864e+01,8.6600608695468377e+00
branch0_seg51,5.5555555555555536e-01,2.4999999988561790e-02,2.4999999988439662e-02,1.6684469064024864e+01,8.6600608695468377e+00
branch0_seg51,6.6666666666666652e-01,2.5000000005159416e-02,2.5000000005214646e-02,1.6684468905244227e+01,8.6600607037513466e+00
branch0_seg51,7.7777777777777768e-01,2.5000000005159416e-02,2.5000000005214646e-02,1.6684468905244227e+01,8.6600607037513466e+00
branch0_seg51,8.8888888888888884e-01,2.5000000005159416e-02,2.5000000005214646e-02,1.6684468905244227e+01,8.6600607037513466e+00
branch0_seg51,1.0000000000000000e+00,2.5000000005159416e-02,2.5000000005214646e-02,1.6684468905244227e+01,8.6600607037513466e+00
branch0_seg52,0.0000000000000000e+00,2.4999999973909542e-02,2.4999999973458878e-02,8.6600645058279255e+00,8.5696709639106086e+00
branch0_seg52,1.1111111111111116e-01,2.5000000027919741e-02,2.5000000028516583e-02,8.6600586796304810e+00,8.5696652017425823e+00
branch0_seg52,2.2222222222222210e-01,2.4999999976666555e-02,2.4999999976130140e-02,8.6600617651765681e+00,8.5696682538504039e+00
branch0_seg52,3.3333333333333326e-01,2.5000000017164979e-02,2.5000000017575047e-02,8.6600603077456846e+00,8.5696668118204826e+00
branch0_seg52,4.4444444444444442e-01,2.4999999988439662e-02,2.4999999988156340e-02,8.6600608695468377e+00,8.5696673680387079e+00
branch0_seg52,5.5555555555555536e-01,2.4999999988439662e-02,2.4999999988156340e-02,8.6600608695468377e+00,8.5696673680387079e+00
branch0_seg52,6.6666666666666652e-01,2.5000000005214646e-02,2.5000000005342776e-02,8.6600607037513466e+00,8.5696672036471906e+00
branch0_seg52,7.7777777777777768e-01,2.5000000005214646e-02,2.5000000005342776e-02,8.6600607037513466e+00,8.5696672036471906e+00
branch0_seg52,8.8888888888888884e-01,2.5000000005214646e-02,2.5000000005342776e-02,8.6600607037513466e+00,8.5696672036471906e+00
branch0_seg52,1.0000000000000000e+00,2.5000000005214646e-02,2.5000000005342776e-02,8.6600607037513466e+00,8.5696672036471906e+00
branch0_seg53,0.0000000000000000e+00,2.4999999973458878e-02,2.4999999973020038e-02,8.5696709639106086e+00,8.4775767536188091e+00
branch0_seg53,1.1111111111111116e-01,2.5000000028516583e-02,2.5000000029099707e-02,8.5696652017425823e+00,8.4775710579536980e+00
branch0_seg53,2.2222222222222210e-01,2.4999999976130140e-02,2.4999999975605550e-02,8.5696682538504039e+00,8.4775740752870696e+00
branch0_seg53,3.3333333333333326e-01,2.5000000017575047e-02,2.5000000017976261e-02,8.5696668118204826e+00,8.4775726493102255e+00
branch0_seg53,4.4444444444444442e-01,2.4999999988156340e-02,2.4999999987879058e-02,8.5696673680387079e+00,8.4775731996757404e+00
branch0_seg53,5.5555555555555536e-01,2.4999999988156340e-02,2.4999999987879058e-02,8.5696673680387079e+00,8.4775731996757404e+00
branch0_seg53,6.6666666666666652e-01,2.5000000005342776e-02,2.5000000005468179e-02,8.5696672036471906e+00,8.4775730367802957e+00
branch0_seg53,7.7777777777777768e-01,2.5000000005342776e-02,2.5000000005468179e-02,8.5696672036471906e+00,8.4775730367802957e+00
branch0_seg53,8.8888888888888884e-01,2.5000000005342776e-02,2.5000000005468179e-02,8.5696672036471906e+00,8.4775730367802957e+00
branch0_seg53,1.0000000000000000e+00,2.5000000005342776e-02,2.5000000005468179e-02,8.5696672036471906e+00,8.4775730367802957e+00
branch0_seg54,0.0000000000000000e+00,2.4999999973020038e-02,2.4999999972589421e-02,8.4775767536188091e+00,8.3851600782577762e+00
branch0_seg54,1.1111111111111116e-01,2.5000000029099707e-02,2.5000000029673758e-02,8.4775710579536980e+00,8.3851544510404352e+00
branch0_seg54,2.2222222222222210e-01,2.4999999975605550e-02,2.4999999975088640e-02,8.4775740752870696e+00,8.3851574325385769e+00
branch0_seg54,3.3333333333333326e-01,2.5000000017976261e-02,2.5000000018371778e-02,8.4775726493102255e+00,8.3851560231406683e+00
branch0_seg54,4.4444444444444442e-01,2.4999999987879058e-02,2.4999999987605635e-02,8.4775731996757404e+00,8.3851565674289130e+00
branch0_seg54,5.5555555555555536e-01,2.4999999987879058e-02,2.4999999987605635e-02,8.4775731996757404e+00,8.3851565674289130e+00
branch0_seg54,6.6666666666666652e-01,2.5000000005468179e-02,2.5000000005591837e-02,8.4775730367802957e+00,8.3851564061106618e+00
branch0_seg54,7.7777777777777768e-01,2.5000000005468179e-02,2.5000000005591837e-02,8.4775730367802957e+00,8.3851564061106618e+00
branch0_seg54,8.8888888888888884e-01,2.5000000005468179e-02,2.5000000005591837e-02,8.4775730367802957e+00,8.3851564061106618e+00
branch0_seg54,1.0000000000000000e+00,2.5000000005468179e-02,2.5000000005591837e-02,8.4775730367802957e+00,8.3851564061106618e+00
branch0_seg55,0.0000000000000000e+00,2.4999999972589421e-02,2.4999999972166689e-02,8.3851600782577762e+00,8.2925488924066855e+00
branch0_seg55,1.1111111111111116e-01,2.5000000029673758e-02,2.5000000030239056e-02,8.3851544510404352e+00,8.2925433355215254e+00
branch0_seg55,2.2222222222222210e-01,2.4999999975088640e-02,2.4999999974579166e-02,8.3851574325385769e+00,8.2925462801551326e+00
branch0_seg55,3.3333333333333326e-01,2.5000000018371778e-02,2.5000000018761775e-02,8.3851560231406683e+00,8.2925448878476633e+00
branch0_seg55,4.4444444444444442e-01,2.4999999987605635e-02,2.4999999987335954e-02,8.3851565674289130e+00,8.2925454258391209e+00
branch0_seg55,5.5555555555555536e-01,2.4999999987605635e-02,2.4999999987335954e-02,8.3851565674289130e+00,8.2925454258391209e+00
branch0_seg55,6.6666666666666652e-01,2.5000000005591837e-02,2.5000000005713802e-02,8.3851564061106618e+00,8.2925452661780490e+00
branch0_seg55,7.7777777777777768e-01,2.5000000005591837e-02,2.5000000005713802e-02,8.3851564061106618e+00,8.2925452661780490e+00
branch0_seg55,8.8888888888888884e-01,2.5000000005591837e-02,2.5000000005713802e-02,8.3851564061106618e+00,8.2925452661780490e+00
branch0_seg55,1.0000000000000000e+00,2.5000000005591837e-02,2.5000000005713802e-02,8.3851564061106618e+00,8.2925452661780490e+00
branch0_seg56,0.0000000000000000e+00,2.4999999972166689e-02,2.4999999971751435e-02,8.2925488924066855e+00,8.1999065758798348e+00
branch0_seg56,1.1111111111111116e-01,2.5000000030239056e-02,2.5000000030796020e-02,8.2925433355215254e+00,8.1999010911340324e+00
branch0_seg56,2.2222222222222210e-01,2.4999999974579166e-02,2.4999999974076776e-02,8.2925462801551326e+00,8.1999039979141664e+00
branch0_seg56,3.3333333333333326e-01,2.5000000018761775e-02,2.5000000019146505e-02,8.2925448878476633e+00,8.1999026231900896e+00
branch0_seg56,4.4444444444444442e-01,2.4999999987335954e-02,2.4999999987069851e-02,8.2925454258391209e+00,8.1999031546718975e+00
branch0_seg56,5.5555555555555536e-01,2.4999999987335954e-02,2.4999999987069851e-02,8.2925454258391209e+00,8.1999031546718975e+00
branch0_seg56,6.6666666666666652e-01,2.5000000005713802e-02,2.5000000005834154e-02,8.2925452661780490e+00,8.1999029967463777e+00
branch0_seg56,7.7777777777777768e-01,2.5000000005713802e-02,2.5000000005834154e-02,8.2925452661780490e+00,8.1999029967463777e+00
branch0_seg56,8.8888888888888884e-01,2.5000000005713802e-02,2.5000000005834154e-02,8.2925452661780490e+00,8.1999029967463777e+00
branch0_seg56,1.0000000000000000e+00,2.5000000005713802e-02,2.5000000005834154e-02,8.2925452661780490e+00,8.1999029967463777e+00
branch0_seg57,0.0000000000000000e+00,2.4999999971751435e-02,2.4999999971284374e-02,8.1999065758798348e+00,8.1252656397215723e+00
branch0_seg57,1.1111111111111116e-01,2.5000000030796020e-02,2.5000000031424240e-02,8.1999010911340324e+00,8.1252602197599959e+00
branch0_seg57,2.2222222222222210e-01,2.4999999974076776e-02,2.4999999973509660e-02,8.1999039979141664e+00,8.1252630925028484e+00
branch0_seg57,3.3333333333333326e-01,2.5000000019146505e-02,2.5000000019580970e-02,8.1999026231900896e+00,8.1252617336250150e+00
branch0_seg57,4.4444444444444442e-01,2.4999999987069851e-02,2.4999999986769272e-02,8.1999031546718975e+00,8.1252622592083057e+00
branch0_seg57,5.5555555555555536e-01,2.4999999987069851e-02,2.4999999986769272e-02,8.1999031546718975e+00,8.1252622592083057e+00
branch0_seg57,6.6666666666666652e-01,2.5000000005834154e-02,2.5000000005970097e-02,8.1999029967463777e+00,8.1252621028781160e+00
branch0_seg57,7.7777777777777768e-01,2.5000000005834154e-02,2.5000000005970097e-02,8.1999029967463777e+00,8.1252621028781160e+00
branch0_seg57,8.8888888888888884e-01,2.5000000005834154e-02,2.5000000005970097e-02,8.1999029967463777e+00,8.1252621028781160e+00
branch0_seg57,1.0000000000000000e+00,2.5000000005834154e-02,2.5000000005970097e-02,8.1999029967463777e+00,8.1252621028781160e+00
branch0_seg58,0.0000000000000000e+00,2.4999999971284374e-02,2.4999999970762285e-02,8.1252656397215723e+00,8.0704635884934302e+00
branch0_seg58,1.1111111111111116e-01,2.5000000031424240e-02,2.5000000032128076e-02,8.1252602197599959e+00,8.0704582273782801e+00
branch0_seg58,2.2222222222222210e-01,2.4999999973509660e-02,2.4999999972873874e-02,8.1252630925028484e+00,8.0704610691486938e+00
branch0_seg58,3.3333333333333326e-01,2.5000000019580970e-02,2.5000000020068188e-02,8.1252617336250150e+00,8.0704597247340804e+00
branch0_seg58,4.4444444444444442e-01,2.4999999986769272e-02,2.4999999986432136e-02,8.1252622592083057e+00,8.0704602448949849e+00
branch0_seg58,5.5555555555555536e-01,2.4999999986769272e-02,2.4999999986432136e-02,8.1252622592083057e+00,8.0704602448949849e+00
branch0_seg58,6.6666666666666652e-01,2.5000000005970097e-02,2.5000000006122580e-02,8.1252621028781160e+00,8.0704600900583170e+00
branch0_seg58,7.7777777777777768e-01,2.5000000005970097e-02,2.5000000006122580e-02,8.1252621028781160e+00,8.0704600900583170e+00
branch0_seg58,8.8888888888888884e-01,2.5000000005970097e-02,2.5000000006122580e-02,8.1252621028781160e+00,8.0704600900583170e+00
branch0_seg58,1.0000000000000000e+00,2.5000000005970097e-02,2.5000000006122580e-02,8.1252621028781160e+00,8.0704600900583170e+00
branch0_seg59,0.0000000000000000e+00,2.4999999970762285e-02,2.4999999970253678e-02,8.0704635884934302e+00,8.0143161859890135e+00
branch0_seg59,1.1111111111111116e-01,2.5000000032128076e-02,2.5000000032815006e-02,8.0704582273782801e+00,8.0143108861823809e+00
branch0_seg59,2.2222222222222210e-01,2.4999999972873874e-02,2.4999999972253040e-02,8.0704610691486938e+00,8.0143136956471661e+00
branch0_seg59,3.3333333333333326e-01,2.5000000020068188e-02,2.5000000020544064e-02,8.0704597247340804e+00,8.0143123663493014e+00
branch0_seg59,4.4444444444444442e-01,2.4999999986432136e-02,2.4999999986102799e-02,8.0704602448949849e+00,8.0143128808148223e+00
branch0_seg59,5.5555555555555536e-01,2.4999999986432136e-02,2.4999999986102799e-02,8.0704602448949849e+00,8.0143128808148223e+00
branch0_seg59,6.6666666666666652e-01,2.5000000006122580e-02,2.5000000006271537e-02,8.0704600900583170e+00,8.0143127275666064e+00
branch0_seg59,7.7777777777777768e-01,2.5000000006122580e-02,2.5000000006271537e-02,8.0704600900583170e+00,8.0143127275666064e+00
branch0_seg59,8.8888888888888884e-01,2.5000000006122580e-02,2.5000000006271537e-02,8.0704600900583170e+00,8.0143127275666064e+00
branch0_seg59,1.0000000000000000e+00,2.5000000006122580e-02,2.5000000006271537e-02,8.0704600900583170e+00,8.0143127275666064e+00
branch0_seg60,0.0000000000000000e+00,2.4999999970253678e-02,2.4999999969758505e-02,8.0143161859890135e+00,7.9567554080653444e+00
branch0_seg60,1.1111111111111116e-01,2.5000000032815006e-02,2.5000000033484918e-02,8.0143108861823809e+00,7.9567501720609890e+00
branch0_seg60,2.2222222222222210e-01,2.4999999972253040e-02,2.4999999971647306e-02,8.0143136956471661e+00,7.9567529478700614e+00
branch0_seg60,3.3333333333333326e-01,2.5000000020544064e-02,2.5000000021008471e-02,8.0143123663493014e+00,7.9567516343506064e+00
branch0_seg60,4.4444444444444442e-01,2.4999999986102799e-02,2.4999999985781347e-02,8.0143128808148223e+00,7.9567521428444534e+00
branch0_seg60,5.5555555555555536e-01,2.4999999986102799e-02,2.4999999985781347e-02,8.0143128808148223e+00,7.9567521428444534e+00
branch0_seg60,6.6666666666666652e-01,2.5000000006271537e-02,2.5000000006416931e-02,8.0143127275666064e+00,7.9567519912807105e+00
branch0_seg60,7.7777777777777768e-01,2.5000000006271537e-02,2.5000000006416931e-02,8.0143127275666064e+00,7.9567519912807105e+00
branch0_seg60,8.8888888888888884e-01,2.5000000006271537e-02,2.5000000006416931e-02,8.0143127275666064e+00,7.9567519912807105e+00
branch0_seg60,1.0000000000000000e+00,2.5000000006271537e-02,2.5000000006416931e-02,8.0143127275666064e+00,7.9567519912807105e+00
branch0_seg61,0.0000000000000000e+00,2.4999999969758505e-02,2.4999999969277209e-02,7.9567554080653444e+00,7.8975880519101569e+00
branch0_seg61,1.1111111111111116e-01,2.5000000033484918e-02,2.5000000034137042e-02,7.9567501720609890e+00,7.8975828823005854e+00
branch0_seg61,2.2222222222222210e-01,2.4999999971647306e-02,2.4999999971057403e-02,7.9567529478700614e+00,7.8975856230516834e+00
branch0_seg61,3.3333333333333326e-01,2.5000000021008471e-02,2.5000000021460831e-02,7.9567516343506064e+00,7.8975843259968883e+00
branch0_seg61,4.4444444444444442e-01,2.4999999985781347e-02,2.4999999985468199e-02,7.9567521428444534e+00,7.8975848282333212e+00
branch0_seg61,5.5555555555555536e-01,2.4999999985781347e-02,2.4999999985468199e-02,7.9567521428444534e+00,7.8975848282333212e+00
branch0_seg61,6.6666666666666652e-01,2.5000000006416931e-02,2.5000000006558568e-02,7.9567519912807105e+00,7.8975846784528487e+00
branch0_seg61,7.7777777777777768e-01,2.5000000006416931e-02,2.5000000006558568e-02,7.9567519912807105e+00,7.8975846784528487e+00
branch0_seg61,8.8888888888888884e-01,2.5000000006416931e-02,2.5000000006558568e-02,7.9567519912807105e+00,7.8975846784528487e+00
branch0_seg61,1.0000000000000000e+00,2.5000000006416931e-02,2.5000000006558568e-02,7.9567519912807105e+00,7.8975846784528487e+00
branch0_seg62,0.0000000000000000e+00,2.4999999969277209e-02,2.4999999968809188e-02,7.8975880519101569e+00,7.8368689557513900e+00
branch0_seg62,1.1111111111111116e-01,2.5000000034137042e-02,2.5000000034772034e-02,7.8975828823005854e+00,7.8368638550922531e+00
branch0_seg62,2.2222222222222210e-01,2.4999999971057403e-02,2.4999999970482790e-02,7.8975856230516834e+00,7.8368665594023526e+00
branch0_seg62,3.3333333333333326e-01,2.5000000021460831e-02,2.5000000021901548e-02,7.8975843259968883e+00,7.8368652794896549e+00
branch0_seg62,4.4444444444444442e-01,2.4999999985468199e-02,2.4999999985163078e-02,7.8975848282333212e+00,7.8368657751860633e+00
branch0_seg62,5.5555555555555536e-01,2.4999999985468199e-02,2.4999999985163078e-02,7.8975848282333212e+00,7.8368657751860633e+00
branch0_seg62,6.6666666666666652e-01,2.5000000006558568e-02,2.5000000006696575e-02,7.8975846784528487e+00,7.8368656272869277e+00
branch0_seg62,7.7777777777777768e-01,2.5000000006558568e-02,2.5000000006696575e-02,7.8975846784528487e+00,7.8368656272869277e+00
branch0_seg62,8.8888888888888884e-01,2.5000000006558568e-02,2.5000000006696575e-02,7.8975846784528487e+00,7.8368656272869277e+00
branch0_seg62,1.0000000000000000e+00,2.5000000006558568e-02,2.5000000006696575e-02,7.8975846784528487e+00,7.8368656272869277e+00
branch0_seg63,0.0000000000000000e+00,2.4999999968809188e-02,2.4999999968354156e-02,7.8368689557513900e+00,7.7745798882394581e+00
branch0_seg63,1.1111111111111116e-01,2.5000000034772034e-02,2.5000000035390126e-02,7.8368638550922531e+00,7.7745748590850452e+00
branch0_seg63,2.2222222222222210e-01,2.4999999970482790e-02,2.4999999969923282e-02,7.8368665594023526e+00,7.7745775255717389e+00
branch0_seg63,3.3333333333333326e-01,2.5000000021901548e-02,2.5000000022330746e-02,7.8368652794896549e+00,7.7745762634784104e+00
branch0_seg63,4.4444444444444442e-01,2.4999999985163078e-02,2.4999999984865903e-02,7.8368657751860633e+00,7.7745767523521199e+00
branch0_seg63,5.5555555555555536e-01,2.4999999985163078e-02,2.4999999984865903e-02,7.8368657751860633e+00,7.7745767523521199e+00
branch0_seg63,6.6666666666666652e-01,2.5000000006696575e-02,2.5000000006830989e-02,7.8368656272869277e+00,7.7745766064325013e+00
branch0_seg63,7.7777777777777768e-01,2.5000000006696575e-02,2.5000000006830989e-02,7.8368656272869277e+00,7.7745766064325013e+00
branch0_seg63,8.8888888888888884e-01,2.5000000006696575e-02,2.5000000006830989e-02,7.8368656272869277e+00,7.7745766064325013e+00
branch0_seg63,1.0000000000000000e+00,2.5000000006696575e-02,2.5000000006830989e-02,7.8368656272869277e+00,7.7745766064325013e+00
branch0_seg64,0.0000000000000000e+00,2.4999999968354156e-02,2.4999999967911812e-02,7.7745798882394581e+00,7.7107161410679819e+00
branch0_seg64,1.1111111111111116e-01,2.5000000035390126e-02,2.5000000035991579e-02,7.7745748590850452e+00,7.7107111859670221e+00
branch0_seg64,2.2222222222222210e-01,2.4999999969923282e-02,2.4999999969378690e-02,7.7745775255717389e+00,7.7107138132507851e+00
branch0_seg64,3.3333333333333326e-01,2.5000000022330746e-02,2.5000000022748554e-02,7.7745762634784104e+00,7.7107125696528209e+00
branch0_seg64,4.4444444444444442e-01,2.4999999984865903e-02,2.4999999984576592e-02,7.7745767523521199e+00,7.7107130514215534e+00
branch0_seg64,5.5555555555555536e-01,2.4999999984865903e-02,2.4999999984576592e-02,7.7745767523521199e+00,7.7107130514215534e+00
branch0_seg64,6.6666666666666652e-01,2.5000000006830989e-02,2.5000000006961842e-02,7.7745766064325013e+00,7.7107129075795902e+00
branch0_seg64,7.7777777777777768e-01,2.5000000006830989e-02,2.5000000006961842e-02,7.7745766064325013e+00,7.7107129075795902e+00
branch0_seg64,8.8888888888888884e-01,2.5000000006830989e-02,2.5000000006961842e-02,7.7745766064325013e+00,7.7107129075795902e+00
branch0_seg64,1.0000000000000000e+00,2.5000000006830989e-02,2.5000000006961842e-02,7.7745766064325013e+00,7.7107129075795902e+00
branch0_seg65,0.0000000000000000e+00,2.4999999967911812e-02,2.4999999967643467e-02,7.7107161410679819e+00,7.3295594467925813e+00
branch0_seg65,1.1111111111111116e-01,2.5000000035991579e-02,2.5000000036357439e-02,7.7107111859670221e+00,7.3295546117067465e+00
branch0_seg65,2.2222222222222210e-01,2.4999999969378690e-02,2.4999999969047150e-02,7.7107138132507851e+00,7.3295571760274036e+00
branch0_seg65,3.3333333333333326e-01,2.5000000022748554e-02,2.5000000023003014e-02,7.7107125696528209e+00,7.3295559617279205e+00
branch0_seg65,4.4444444444444442e-01,2.4999999984576592e-02,2.4999999984400341e-02,7.7107130514215534e+00,7.3295564325667169e+00
branch0_seg65,5.5555555555555536e-01,2.4999999984576592e-02,2.4999999984400341e-02,7.7107130514215534e+00,7.3295564325667169e+00
branch0_seg65,6.6666666666666652e-01,2.5000000006961842e-02,2.5000000007041570e-02,7.7107129075795902e+00,7.3295562917157131e+00
branch0_seg65,7.7777777777777768e-01,2.5000000006961842e-02,2.5000000007041570e-02,7.7107129075795902e+00,7.3295562917157131e+00
branch0_seg65,8.8888888888888884e-01,2.5000000006961842e-02,2.5000000007041570e-02,7.7107129075795902e+00,7.3295562917157131e+00
branch0_seg65,1.0000000000000000e+00,2.5000000006961842e-02,2.5000000007041570e-02,7.7107129075795902e+00,7.3295562917157131e+00
branch0_seg66,0.0000000000000000e+00,2.4999999967643467e-02,2.4999999967501275e-02,7.3295594467925813e+00,6.7685567442451351e+00
branch0_seg66,1.1111111111111116e-01,2.5000000036357439e-02,2.5000000036551864e-02,7.3295546117067465e+00,6.7685521320671294e+00
branch0_seg66,2.2222222222222210e-01,2.4999999969047150e-02,2.4999999968870819e-02,7.3295571760274036e+00,6.7685545787585699e+00
branch0_seg66,3.3333333333333326e-01,2.5000000023003014e-02,2.5000000023138413e-02,7.3295559617279205e+00,6.7685534196953157e+00
branch0_seg66,4.4444444444444442e-01,2.4999999984400341e-02,2.4999999984306527e-02,7.3295564325667169e+00,6.7685538695174561e+00
branch0_seg66,5.5555555555555536e-01,2.4999999984400341e-02,2.4999999984306527e-02,7.3295564325667169e+00,6.7685538695174561e+00
branch0_seg66,6.6666666666666652e-01,2.5000000007041570e-02,2.5000000007084008e-02,7.3295562917157131e+00,6.7685537346872486e+00
branch0_seg66,7.7777777777777768e-01,2.5000000007041570e-02,2.5000000007084008e-02,7.3295562917157131e+00,6.7685537346872486e+00
branch0_seg66,8.8888888888888884e-01,2.5000000007041570e-02,2.5000000007084008e-02,7.3295562917157131e+00,6.7685537346872486e+00
branch0_seg66,1.0000000000000000e+00,2.5000000007041570e-02,2.5000000007084008e-02,7.3295562917157131e+00,6.7685537346872486e+00
branch0_seg67,0.0000000000000000e+00,2.4999999967501275e-02,2.4999999967360867e-02,6.7685567442451351e+00,6.2510380409266917e+00
branch0_seg67,1.1111111111111116e-01,2.5000000036551864e-02,2.5000000036744512e-02,6.7685521320671294e+00,6.2510336443969390e+00
branch0_seg67,2.2222222222222210e-01,2.4999999968870819e-02,2.4999999968695931e-02,6.7685545787585699e+00,6.2510359772338306e+00
branch0_seg67,3.3333333333333326e-01,2.5000000023138413e-02,2.5000000023272760e-02,6.7685534196953157e+00,6.2510348716781063e+00
branch0_seg67,4.4444444444444442e-01,2.4999999984306527e-02,2.4999999984213411e-02,6.7685538695174561e+00,6.2510353011036628e+00
branch0_seg67,5.5555555555555536e-01,2.4999999984306527e-02,2.4999999984213411e-02,6.7685538695174561e+00,6.2510353011036628e+00
branch0_seg67,6.6666666666666652e-01,2.5000000007084008e-02,2.5000000007126131e-02,6.7685537346872486e+00,6.2510351721419495e+00
branch0_seg67,7.7777777777777768e-01,2.5000000007084008e-02,2.5000000007126131e-02,6.7685537346872486e+00,6.2510351721419495e+00
branch0_seg67,8.8888888888888884e-01,2.5000000007084008e-02,2.5000000007126131e-02,6.7685537346872486e+00,6.2510351721419495e+00
branch0_seg67,1.0000000000000000e+00,2.5000000007084008e-02,2.5000000007126131e-02,6.7685537346872486e+00,6.2510351721419495e+00
branch0_seg68,0.0000000000000000e+00,2.4999999967360867e-02,2.4999999967222034e-02,6.2510380409266917e+00,5.7755176340481000e+00
branch0_seg68,1.1111111111111116e-01,2.5000000036744512e-02,2.5000000036935633e-02,6.2510336443969390e+00,5.7755134457408115e+00
branch0_seg68,2.2222222222222210e-01,2.4999999968695931e-02,2.4999999968522264e-02,6.2510359772338306e+00,5.7755156685892741e+00
branch0_seg68,3.3333333333333326e-01,2.5000000023272760e-02,2.5000000023406237e-02,6.2510348716781063e+00,5.7755146147665366e+00
branch0_seg68,4.4444444444444442e-01,2.4999999984213411e-02,2.4999999984120874e-02,6.2510353011036628e+00,5.7755150244355153e+00
branch0_seg68,5.5555555555555536e-01,2.4999999984213411e-02,2.4999999984120874e-02,6.2510353011036628e+00,5.7755150244355153e+00
branch0_seg68,6.6666666666666652e-01,2.5000000007126131e-02,2.5000000007167997e-02,6.2510351721419495e+00,5.7755149011826052e+00
branch0_seg68,7.7777777777777768e-01,2.5000000007126131e-02,2.5000000007167997e-02,6.2510351721419495e+00,5.7755149011826052e+00
branch0_seg68,8.8888888888888884e-01,2.5000000007126131e-02,2.5000000007167997e-02,6.2510351721419495e+00,5.7755149011826052e+00
branch0_seg68,1.0000000000000000e+00,2.5000000007126131e-02,2.5000000007167997e-02,6.2510351721419495e+00,5.7755149011826052e+00
branch0_seg69,0.0000000000000000e+00,2.4999999967222034e-02,2.4999999967085035e-02,5.7755176340481000e+00,5.3372311791397404e+00
branch0_seg69,1.1111111111111116e-01,2.5000000036935633e-02,2.5000000037124825e-02,5.7755134457408115e+00,5.3372271921925005e+00
branch0_seg69,2.2222222222222210e-01,2.4999999968522264e-02,2.4999999968350194e-02,5.7755156685892741e+00,5.3372293086268767e+00
branch0_seg69,3.3333333333333326e-01,2.5000000023406237e-02,2.5000000023538548e-02,5.7755146147665366e+00,5.3372283048954303e+00
branch0_seg69,4.4444444444444442e-01,2.4999999984120874e-02,2.4999999984029117e-02,5.7755150244355153e+00,5.3372286954007970e+00
branch0_seg69,5.5555555555555536e-01,2.4999999984120874e-02,2.4999999984029117e-02,5.7755150244355153e+00,5.3372286954007970e+00
branch0_seg69,6.6666666666666652e-01,2.5000000007167997e-02,2.5000000007209512e-02,5.7755149011826052e+00,5.3372285777081574e+00
branch0_seg69,7.7777777777777768e-01,2.5000000007167997e-02,2.5000000007209512e-02,5.7755149011826052e+00,5.3372285777081574e+00
branch0_seg69,8.8888888888888884e-01,2.5000000007167997e-02,2.5000000007209512e-02,5.7755149011826052e+00,5.3372285777081574e+00
branch0_seg69,1.0000000000000000e+00,2.5000000007167997e-02,2.5000000007209512e-02,5.7755149011826052e+00,5.3372285777081574e+00
branch0_seg70,0.0000000000000000e+00,2.4999999967085035e-02,2.4999999966950234e-02,5.3372311791397404e+00,4.9313841718931037e+00
branch0_seg70,1.1111111111111116e-01,2.5000000037124825e-02,2.5000000037311575e-02,5.3372271921925005e+00,4.9313803800792488e+00
branch0_seg70,2.2222222222222210e-01,2.4999999968350194e-02,2.4999999968180194e-02,5.3372293086268767e+00,4.9313823933438208e+00
branch0_seg70,3.3333333333333326e-01,2.5000000023538548e-02,2.5000000023669321e-02,5.3372283048954303e+00,4.9313814382128749e+00
branch0_seg70,4.4444444444444442e-01,2.4999999984029117e-02,2.4999999983938401e-02,5.3372286954007970e+00,4.9313818100936038e+00
branch0_seg70,5.5555555555555536e-01,2.4999999984029117e-02,2.4999999983938401e-02,5.3372286954007970e+00,4.9313818100936038e+00
branch0_seg70,6.6666666666666652e-01,2.5000000007209512e-02,2.5000000007250556e-02,5.3372285777081574e+00,4.9313816978259037e+00
branch0_seg70,7.7777777777777768e-01,2.5000000007209512e-02,2.5000000007250556e-02,5.3372285777081574e+00,4.9313816978259037e+00
branch0_seg70,8.8888888888888884e-01,2.5000000007209512e-02,2.5000000007250556e-02,5.3372285777081574e+00,4.9313816978259037e+00
branch0_seg70,1.0000000000000000e+00,2.5000000007209512e-02,2.5000000007250556e-02,5.3372285777081574e+00,4.9313816978259037e+00
branch0_seg71,0.0000000000000000e+00,2.4999999966950234e-02,2.4999999966817468e-02,4.9313841718931037e+00,4.5566929079544458e+00
branch0_seg71,1.1111111111111116e-01,2.5000000037311575e-02,2.5000000037496046e-02,4.9313803800792488e+00,4.5566893049228767e+00
branch0_seg71,2.2222222222222210e-01,2.4999999968180194e-02,2.4999999968012134e-02,4.9313823933438208e+00,4.5566912183312134e+00
branch0_seg71,3.3333333333333326e-01,2.5000000023669321e-02,2.5000000023798655e-02,4.9313814382128749e+00,4.5566903102746315e+00
branch0_seg71,4.4444444444444442e-01,2.4999999983938401e-02,2.4999999983848661e-02,4.9313818100936038e+00,4.5566906640855596e+00
branch0_seg71,5.5555555555555536e-01,2.4999999983938401e-02,2.4999999983848661e-02,4.9313818100936038e+00,4.5566906640855596e+00
branch0_seg71,6.6666666666666652e-01,2.5000000007250556e-02,2.5000000007291162e-02,4.9313816978259037e+00,4.5566905571013034e+00
branch0_seg71,7.7777777777777768e-01,2.5000000007250556e-02,2.5000000007291162e-02,4.9313816978259037e+00,4.5566905571013034e+00
branch0_seg71,8.8888888888888884e-01,2.5000000007250556e-02,2.5000000007291162e-02,4.9313816978259037e+00,4.5566905571013034e+00
branch0_seg71,1.0000000000000000e+00,2.5000000007250556e-02,2.5000000007291162e-02,4.9313816978259037e+00,4.5566905571013034e+00
branch0_seg72,0.0000000000000000e+00,2.4999999966817468e-02,2.4999999966687027e-02,4.5566929079544458e+00,4.2097186497690560e+00
branch0_seg72,1.1111111111111116e-01,2.5000000037496046e-02,2.5000000037677817e-02,4.5566893049228767e+00,4.2097152296659059e+00
branch0_seg72,2.2222222222222210e-01,2.4999999968012134e-02,2.4999999967846402e-02,4.5566912183312134e+00,4.2097170462729796e+00
branch0_seg72,3.3333333333333326e-01,2.5000000023798655e-02,2.5000000023926251e-02,4.5566903102746315e+00,4.2097161838831578e+00
branch0_seg72,4.4444444444444442e-01,2.4999999983848661e-02,2.4999999983760103e-02,4.5566906640855596e+00,4.2097165201364799e+00
branch0_seg72,5.5555555555555536e-01,2.4999999983848661e-02,2.4999999983760103e-02,4.5566906640855596e+00,4.2097165201364799e+00
branch0_seg72,6.6666666666666652e-01,2.5000000007291162e-02,2.5000000007331231e-02,4.5566905571013034e+00,4.2097164183047511e+00
branch0_seg72,7.7777777777777768e-01,2.5000000007291162e-02,2.5000000007331231e-02,4.5566905571013034e+00,4.2097164183047511e+00
branch0_seg72,8.8888888888888884e-01,2.5000000007291162e-02,2.5000000007331231e-02,4.5566905571013034e+00,4.2097164183047511e+00
branch0_seg72,1.0000000000000000e+00,2.5000000007291162e-02,2.5000000007331231e-02,4.5566905571013034e+00,4.2097164183047511e+00
branch0_seg73,0.0000000000000000e+00,2.4999999966687027e-02,2.4999999966559126e-02,4.2097186497690560e+00,3.8875869388835906e+00
branch0_seg73,1.1111111111111116e-01,2.5000000037677817e-02,2.5000000037856549e-02,4.2097152296659059e+00,3.8875836962110415e+00
branch0_seg73,2.2222222222222210e-01,2.4999999967846402e-02,2.4999999967683317e-02,4.2097170462729796e+00,3.8875854188878023e+00
branch0_seg73,3.3333333333333326e-01,2.5000000023926251e-02,2.5000000024051852e-02,4.2097161838831578e+00,3.8875846008406083e+00
branch0_seg73,4.4444444444444442e-01,2.4999999983760103e-02,2.4999999983672909e-02,4.2097165201364799e+00,3.8875849200192505e+00
branch0_seg73,5.5555555555555536e-01,2.4999999983760103e-02,2.4999999983672909e-02,4.2097165201364799e+00,3.8875849200192505e+00
branch0_seg73,6.6666666666666652e-01,2.5000000007331231e-02,2.5000000007370685e-02,4.2097164183047511e+00,3.8875848232158612e+00
branch0_seg73,7.7777777777777768e-01,2.5000000007331231e-02,2.5000000007370685e-02,4.2097164183047511e+00,3.8875848232158612e+00
branch0_seg73,8.8888888888888884e-01,2.5000000007331231e-02,2.5000000007370685e-02,4.2097164183047511e+00,3.8875848232158612e+00
branch0_seg73,1.0000000000000000e+00,2.5000000007331231e-02,2.5000000007370685e-02,4.2097164183047511e+00,3.8875848232158612e+00
branch0_seg74,0.0000000000000000e+00,2.4999999966559126e-02,2.4999999966433782e-02,3.8875869388835906e+00,3.5887938495027516e+00
branch0_seg74,1.1111111111111116e-01,2.5000000037856549e-02,2.5000000038032176e-02,3.8875836962110415e+00,3.5887907788279234e+00
branch0_seg74,2.2222222222222210e-01,2.4999999967683317e-02,2.4999999967522942e-02,3.8875854188878023e+00,3.5887924104141109e+00
branch0_seg74,3.3333333333333326e-01,2.5000000024051852e-02,2.5000000024175413e-02,3.8875846008406083e+00,3.5887916353976803e+00
branch0_seg74,4.4444444444444442e-01,2.4999999983672909e-02,2.4999999983587110e-02,3.8875849200192505e+00,3.5887919379819571e+00
branch0_seg74,5.5555555555555536e-01,2.4999999983672909e-02,2.4999999983587110e-02,3.8875849200192505e+00,3.5887919379819571e+00
branch0_seg74,6.6666666666666652e-01,2.5000000007370685e-02,2.5000000007409512e-02,3.8875848232158612e+00,3.5887918460820836e+00
branch0_seg74,7.7777777777777768e-01,2.5000000007370685e-02,2.5000000007409512e-02,3.8875848232158612e+00,3.5887918460820836e+00
branch0_seg74,8.8888888888888884e-01,2.5000000007370685e-02,2.5000000007409512e-02,3.8875848232158612e+00,3.5887918460820836e+00
branch0_seg74,1.0000000000000000e+00,2.5000000007370685e-02,2.5000000007409512e-02,3.8875848232158612e+00,3.5887918460820836e+00
branch0_seg75,0.0000000000000000e+00,2.4999999966433782e-02,2.4999999966311096e-02,3.5887938495027516e+00,3.3115750840127562e+00
branch0_seg75,1.1111111111111116e-01,2.5000000038032176e-02,2.5000000038204524e-02,3.5887907788279234e+00,3.3115721800812796e+00
branch0_seg75,2.2222222222222210e-01,2.4999999967522942e-02,2.4999999967365454e-02,3.5887924104141109e+00,3.3115737233252984e+00
branch0_seg75,3.3333333333333326e-01,2.5000000024175413e-02,2.5000000024296792e-02,3.5887916353976803e+00,3.3115729900684272e+00
branch0_seg75,4.4444444444444442e-01,2.4999999983587110e-02,2.4999999983502805e-02,3.5887919379819571e+00,3.3115732765251007e+00
branch0_seg75,5.5555555555555536e-01,2.4999999983587110e-02,2.4999999983502805e-02,3.5887919379819571e+00,3.3115732765251007e+00
branch0_seg75,6.6666666666666652e-01,2.5000000007409512e-02,2.5000000007447662e-02,3.5887918460820836e+00,3.3115731894065092e+00
branch0_seg75,7.7777777777777768e-01,2.5000000007409512e-02,2.5000000007447662e-02,3.5887918460820836e+00,3.3115731894065092e+00
branch0_seg75,8.8888888888888884e-01,2.5000000007409512e-02,2.5000000007447662e-02,3.5887918460820836e+00,3.3115731894065092e+00
branch0_seg75,1.0000000000000000e+00,2.5000000007409512e-02,2.5000000007447662e-02,3.5887918460820836e+00,3.3115731894065092e+00
branch0_seg76,0.0000000000000000e+00,2.4999999966311096e-02,2.4999999966191438e-02,3.3115750840127562e+00,3.0531516390853572e+00
branch0_seg76,1.1111111111111116e-01,2.5000000038204524e-02,2.5000000038373039e-02,3.3115721800812796e+00,3.0531488971605469e+00
branch0_seg76,2.2222222222222210e-01,2.4999999967365454e-02,2.4999999967211362e-02,3.3115737233252984e+00,3.0531503545403829e+00
branch0_seg76,3.3333333333333326e-01,2.5000000024296792e-02,2.5000000024415592e-02,3.3115729900684272e+00,3.0531496618967426e+00
branch0_seg76,4.4444444444444442e-01,2.4999999983502805e-02,2.4999999983420274e-02,3.3115732765251007e+00,3.0531499326468432e+00
branch0_seg76,5.5555555555555536e-01,2.4999999983502805e-02,2.4999999983420274e-02,3.3115732765251007e+00,3.0531499326468432e+00
branch0_seg76,6.6666666666666652e-01,2.5000000007447662e-02,2.5000000007485007e-02,3.3115731894065092e+00,3.0531498501992180e+00
branch0_seg76,7.7777777777777768e-01,2.5000000007447662e-02,2.5000000007485007e-02,3.3115731894065092e+00,3.0531498501992180e+00
branch0_seg76,8.8888888888888884e-01,2.5000000007447662e-02,2.5000000007485007e-02,3.3115731894065092e+00,3.0531498501992180e+00
branch0_seg76,1.0000000000000000e+00,2.5000000007447662e-02,2.5000000007485007e-02,3.3115731894065092e+00,3.0531498501992180e+00
branch0_seg77,0.0000000000000000e+00,2.4999999966191438e-02,2.4999999966074920e-02,3.0531516390853572e+00,2.8120649675807123e+00
branch0_seg77,1.1111111111111116e-01,2.5000000038373039e-02,2.5000000038537522e-02,3.0531488971605469e+00,2.8120623830717855e+00
branch0_seg77,2.2222222222222210e-01,2.4999999967211362e-02,2.4999999967060857e-02,3.0531503545403829e+00,2.8120637569910900e+00
branch0_seg77,3.3333333333333326e-01,2.5000000024415592e-02,2.5000000024531666e-02,3.0531496618967426e+00,2.8120631038471879e+00
branch0_seg77,4.4444444444444442e-01,2.4999999983420274e-02,2.4999999983339620e-02,3.0531499326468432e+00,2.8120633593010349e+00
branch0_seg77,5.5555555555555536e-01,2.4999999983420274e-02,2.4999999983339620e-02,3.0531499326468432e+00,2.8120633593010349e+00
branch0_seg77,6.6666666666666652e-01,2.5000000007485007e-02,2.5000000007521509e-02,3.0531498501992180e+00,2.8120632814159303e+00
branch0_seg77,7.7777777777777768e-01,2.5000000007485007e-02,2.5000000007521509e-02,3.0531498501992180e+00,2.8120632814159303e+00
branch0_seg77,8.8888888888888884e-01,2.5000000007485007e-02,2.5000000007521509e-02,3.0531498501992180e+00,2.8120632814159303e+00
branch0_seg77,1.0000000000000000e+00,2.5000000007485007e-02,2.5000000007521509e-02,3.0531498501992180e+00,2.8120632814159303e+00
branch0_seg78,0.0000000000000000e+00,2.4999999966074920e-02,2.4999999965961649e-02,2.8120649675807123e+00,2.5871506400380544e+00
branch0_seg78,1.1111111111111116e-01,2.5000000038537522e-02,2.5000000038697782e-02,2.8120623830717855e+00,2.5871482084785686e+00
branch0_seg78,2.2222222222222210e-01,2.4999999967060857e-02,2.4999999966914127e-02,2.8120637569910900e+00,2.5871495012775347e+00
branch0_seg78,3.3333333333333326e-01,2.5000000024531666e-02,2.5000000024644864e-02,2.8120631038471879e+00,2.5871488865479684e+00
branch0_seg78,4.4444444444444442e-01,2.4999999983339620e-02,2.4999999983260947e-02,2.8120633593010349e+00,2.5871491271066787e+00
branch0_seg78,5.5555555555555536e-01,2.4999999983339620e-02,2.4999999983260947e-02,2.8120633593010349e+00,2.5871491271066787e+00
branch0_seg78,6.6666666666666652e-01,2.5000000007521509e-02,2.5000000007557113e-02,2.8120632814159303e+00,2.5871490536772770e+00
branch0_seg78,7.7777777777777768e-01,2.5000000007521509e-02,2.5000000007557113e-02,2.8120632814159303e+00,2.5871490536772770e+00
branch0_seg78,8.8888888888888884e-01,2.5000000007521509e-02,2.5000000007557113e-02,2.8120632814159303e+00,2.5871490536772770e+00
branch0_seg78,1.0000000000000000e+00,2.5000000007521509e-02,2.5000000007557113e-02,2.8120632814159303e+00,2.5871490536772770e+00
branch0_seg79,0.0000000000000000e+00,2.4999999965961649e-02,2.4999999965851942e-02,2.5871506400380544e+00,2.3765287462586264e+00
branch0_seg79,1.1111111111111116e-01,2.5000000038697782e-02,2.5000000038853346e-02,2.5871482084785686e+00,2.3765264635628203e+00
branch0_seg79,2.2222222222222210e-01,2.4999999966914127e-02,2.4999999966771613e-02,2.5871495012775347e+00,2.3765276773827209e+00
branch0_seg79,3.3333333333333326e-01,2.5000000024644864e-02,2.5000000024754842e-02,2.5871488865479684e+00,2.3765271000739778e+00
branch0_seg79,4.4444444444444442e-01,2.4999999983260947e-02,2.4999999983184498e-02,2.5871491271066787e+00,2.3765273261050042e+00
branch0_seg79,5.5555555555555536e-01,2.4999999983260947e-02,2.4999999983184498e-02,2.5871491271066787e+00,2.3765273261050042e+00
branch0_seg79,6.6666666666666652e-01,2.5000000007557113e-02,2.5000000007591717e-02,2.5871490536772770e+00,2.3765272570332625e+00
branch0_seg79,7.7777777777777768e-01,2.5000000007557113e-02,2.5000000007591717e-02,2.5871490536772770e+00,2.3765272570332625e+00
branch0_seg79,8.8888888888888884e-01,2.5000000007557113e-02,2.5000000007591717e-02,2.5871490536772770e+00,2.3765272570332625e+00
branch0_seg79,1.0000000000000000e+00,2.5000000007557113e-02,2.5000000007591717e-02,2.5871490536772770e+00,2.3765272570332625e+00
branch0_seg80,0.0000000000000000e+00,2.4999999965851942e-02,2.4999999965745756e-02,2.3765287462586264e+00,2.1797187321963931e+00
branch0_seg80,1.1111111111111116e-01,2.5000000038853346e-02,2.5000000039004232e-02,2.3765264635628203e+00,2.1797165941782297e+00
branch0_seg80,2.2222222222222210e-01,2.4999999966771613e-02,2.4999999966633303e-02,2.3765276773827209e+00,2.1797177312156486e+00
branch0_seg80,3.3333333333333326e-01,2.5000000024754842e-02,2.5000000024861600e-02,2.3765271000739778e+00,2.1797171903063326e+00
branch0_seg80,4.4444444444444442e-01,2.4999999983184498e-02,2.4999999983110269e-02,2.3765273261050042e+00,2.1797174021894068e+00
branch0_seg80,5.5555555555555536e-01,2.4999999983184498e-02,2.4999999983110269e-02,2.3765273261050042e+00,2.1797174021894068e+00
branch0_seg80,6.6666666666666652e-01,2.5000000007591717e-02,2.5000000007625315e-02,2.3765272570332625e+00,2.1797173373726295e+00
branch0_seg80,7.7777777777777768e-01,2.5000000007591717e-02,2.5000000007625315e-02,2.3765272570332625e+00,2.1797173373726295e+00
branch0_seg80,8.8888888888888884e-01,2.5000000007591717e-02,2.5000000007625315e-02,2.3765272570332625e+00,2.1797173373726295e+00
branch0_seg80,1.0000000000000000e+00,2.5000000007591717e-02,2.5000000007625315e-02,2.3765272570332625e+00,2.1797173373726295e+00
branch0_seg81,0.0000000000000000e+00,2.4999999965745756e-02,2.4999999965643189e-02,2.1797187321963931e+00,1.9959291920599269e+00
branch0_seg81,1.1111111111111116e-01,2.5000000039004232e-02,2.5000000039150268e-02,2.1797165941782297e+00,1.9959271946046757e+00
branch0_seg81,2.2222222222222210e-01,2.4999999966633303e-02,2.4999999966499365e-02,2.1797177312156486e+00,1.9959282570203631e+00
branch0_seg81,3.3333333333333326e-01,2.5000000024861600e-02,2.5000000024965014e-02,2.1797171903063326e+00,1.9959277515044596e+00
branch0_seg81,4.4444444444444442e-01,2.4999999983110269e-02,2.4999999983038357e-02,2.1797174021894068e+00,1.9959279496147324e+00
branch0_seg81,5.5555555555555536e-01,2.4999999983110269e-02,2.4999999983038357e-02,2.1797174021894068e+00,1.9959279496147324e+00
branch0_seg81,6.6666666666666652e-01,2.5000000007625315e-02,2.5000000007657862e-02,2.1797173373726295e+00,1.9959278889506680e+00
branch0_seg81,7.7777777777777768e-01,2.5000000007625315e-02,2.5000000007657862e-02,2.1797173373726295e+00,1.9959278889506680e+00
branch0_seg81,8.8888888888888884e-01,2.5000000007625315e-02,2.5000000007657862e-02,2.1797173373726295e+00,1.9959278889506680e+00
branch0_seg81,1.0000000000000000e+00,2.5000000007625315e-02,2.5000000007657862e-02,2.1797173373726295e+00,1.9959278889506680e+00
branch0_seg82,0.0000000000000000e+00,2.4999999965643189e-02,2.4999999965544757e-02,1.9959291920599269e+00,1.8228986630990665e+00
branch0_seg82,1.1111111111111116e-01,2.5000000039150268e-02,2.5000000039290687e-02,1.9959271946046757e+00,1.8228968027406884e+00
branch0_seg82,2.2222222222222210e-01,2.4999999966499365e-02,2.4999999966370517e-02,1.9959282570203631e+00,1.8228977923540426e+00
branch0_seg82,3.3333333333333326e-01,2.5000000024965014e-02,2.5000000025064525e-02,1.9959277515044596e+00,1.8228973213851176e+00
branch0_seg82,4.4444444444444442e-01,2.4999999983038357e-02,2.4999999982969145e-02,1.9959279496147324e+00,1.8228975060376076e+00
branch0_seg82,5.5555555555555536e-01,2.4999999983038357e-02,2.4999999982969145e-02,1.9959279496147324e+00,1.8228975060376076e+00
branch0_seg82,6.6666666666666652e-01,2.5000000007657862e-02,2.5000000007689187e-02,1.9959278889506680e+00,1.8228974494408487e+00
branch0_seg82,7.7777777777777768e-01,2.5000000007657862e-02,2.5000000007689187e-02,1.9959278889506680e+00,1.8228974494408487e+00
branch0_seg82,8.8888888888888884e-01,2.5000000007657862e-02,2.5000000007689187e-02,1.9959278889506680e+00,1.8228974494408487e+00
branch0_seg82,1.0000000000000000e+00,2.5000000007657862e-02,2.5000000007689187e-02,1.9959278889506680e+00,1.8228974494408487e+00
branch0_seg83,0.0000000000000000e+00,2.4999999965544757e-02,2.4999999965450423e-02,1.8228986630990665e+00,1.6604059220274645e+00
branch0_seg83,1.1111111111111116e-01,2.5000000039290687e-02,2.5000000039425502e-02,1.8228968027406884e+00,1.6604041951536364e+00
branch0_seg83,2.2222222222222210e-01,2.4999999966370517e-02,2.4999999966246748e-02,1.8228977923540426e+00,1.6604051138634781e+00
branch0_seg83,3.3333333333333326e-01,2.5000000025064525e-02,2.5000000025160136e-02,1.8228973213851176e+00,1.6604046765560112e+00
branch0_seg83,4.4444444444444442e-01,2.4999999982969145e-02,2.4999999982902636e-02,1.8228975060376076e+00,1.6604048480821822e+00
branch0_seg83,5.5555555555555536e-01,2.4999999982969145e-02,2.4999999982902636e-02,1.8228975060376076e+00,1.6604048480821822e+00
branch0_seg83,6.6666666666666652e-01,2.5000000007689187e-02,2.5000000007719295e-02,1.8228974494408487e+00,1.6604047954615369e+00
branch0_seg83,7.7777777777777768e-01,2.5000000007689187e-02,2.5000000007719295e-02,1.8228974494408487e+00,1.6604047954615369e+00
branch0_seg83,8.8888888888888884e-01,2.5000000007689187e-02,2.5000000007719295e-02,1.8228974494408487e+00,1.6604047954615369e+00
branch0_seg83,1.0000000000000000e+00,2.5000000007689187e-02,2.5000000007719295e-02,1.8228974494408487e+00,1.6604047954615369e+00
branch0_seg84,0.0000000000000000e+00,2.4999999965450423e-02,2.4999999965360162e-02,1.6604059220274645e+00,1.5083641756661370e+00
branch0_seg84,1.1111111111111116e-01,2.5000000039425502e-02,2.5000000039554715e-02,1.6604041951536364e+00,1.5083625785261365e+00
branch0_seg84,2.2222222222222210e-01,2.4999999966246748e-02,2.4999999966128068e-02,1.6604051138634781e+00,1.5083634283061049e+00
branch0_seg84,3.3333333333333326e-01,2.5000000025160136e-02,2.5000000025251833e-02,1.6604046765560112e+00,1.5083630237379704e+00
branch0_seg84,4.4444444444444442e-01,2.4999999982902636e-02,2.4999999982838843e-02,1.6604048480821822e+00,1.5083631824845292e+00
branch0_seg84,5.5555555555555536e-01,2.4999999982902636e-02,2.4999999982838843e-02,1.6604048480821822e+00,1.5083631824845292e+00
branch0_seg84,6.6666666666666652e-01,2.5000000007719295e-02,2.5000000007748172e-02,1.6604047954615369e+00,1.5083631337435315e+00
branch0_seg84,7.7777777777777768e-01,2.5000000007719295e-02,2.5000000007748172e-02,1.6604047954615369e+00,1.5083631337435315e+00
branch0_seg84,8.8888888888888884e-01,2.5000000007719295e-02,2.5000000007748172e-02,1.6604047954615369e+00,1.5083631337435315e+00
branch0_seg84,1.0000000000000000e+00,2.5000000007719295e-02,2.5000000007748172e-02,1.6604047954615369e+00,1.5083631337435315e+00
branch0_seg85,0.0000000000000000e+00,2.4999999965360162e-02,2.4999999965274293e-02,1.5083641756661370e+00,1.3654645201791855e+00
branch0_seg85,1.1111111111111116e-01,2.5000000039554715e-02,2.5000000039677846e-02,1.5083625785261365e+00,1.3654630493757993e+00
branch0_seg85,2.2222222222222210e-01,2.4999999966128068e-02,2.4999999966014926e-02,1.5083634283061049e+00,1.3654638320139847e+00
branch0_seg85,3.3333333333333326e-01,2.5000000025251833e-02,2.5000000025339277e-02,1.5083630237379704e+00,1.3654634593494088e+00
branch0_seg85,4.4444444444444442e-01,2.4999999982838843e-02,2.4999999982778000e-02,1.5083631824845292e+00,1.3654636056308735e+00
branch0_seg85,5.5555555555555536e-01,2.4999999982838843e-02,2.4999999982778000e-02,1.5083631824845292e+00,1.3654636056308735e+00
branch0_seg85,6.6666666666666652e-01,2.5000000007748172e-02,2.5000000007775715e-02,1.5083631337435315e+00,1.3654635606818304e+00
branch0_seg85,7.7777777777777768e-01,2.5000000007748172e-02,2.5000000007775715e-02,1.5083631337435315e+00,1.3654635606818304e+00
branch0_seg85,8.8888888888888884e-01,2.5000000007748172e-02,2.5000000007775715e-02,1.5083631337435315e+00,1.3654635606818304e+00
branch0_seg85,1.0000000000000000e+00,2.5000000007748172e-02,2.5000000007775715e-02,1.5083631337435315e+00,1.3654635606818304e+00
branch0_seg86,0.0000000000000000e+00,2.4999999965274293e-02,2.4999999965193139e-02,1.3654645201791855e+00,1.2304980726807688e+00
branch0_seg86,1.1111111111111116e-01,2.5000000039677846e-02,2.5000000039794391e-02,1.3654630493757993e+00,1.2304967251792625e+00
branch0_seg86,2.2222222222222210e-01,2.4999999966014926e-02,2.4999999965907786e-02,1.3654638320139847e+00,1.2304974422731934e+00
branch0_seg86,3.3333333333333326e-01,2.5000000025339277e-02,2.5000000025422096e-02,1.3654634593494088e+00,1.2304971007653231e+00
branch0_seg86,4.4444444444444442e-01,2.4999999982778000e-02,2.4999999982720365e-02,1.3654636056308735e+00,1.2304972348628640e+00
branch0_seg86,5.5555555555555536e-01,2.4999999982778000e-02,2.4999999982720365e-02,1.3654636056308735e+00,1.2304972348628640e+00
branch0_seg86,6.6666666666666652e-01,2.5000000007775715e-02,2.5000000007801806e-02,1.3654635606818304e+00,1.2304971936273097e+00
branch0_seg86,7.7777777777777768e-01,2.5000000007775715e-02,2.5000000007801806e-02,1.3654635606818304e+00,1.2304971936273097e+00
branch0_seg86,8.8888888888888884e-01,2.5000000007775715e-02,2.5000000007801806e-02,1.3654635606818304e+00,1.2304971936273097e+00
branch0_seg86,1.0000000000000000e+00,2.5000000007775715e-02,2.5000000007801806e-02,1.3654635606818304e+00,1.2304971936273097e+00
branch0_seg87,0.0000000000000000e+00,2.4999999965193139e-02,2.4999999965116745e-02,1.2304980726807688e+00,1.1032614794802165e+00
branch0_seg87,1.1111111111111116e-01,2.5000000039794391e-02,2.5000000039904272e-02,1.2304967251792625e+00,1.1032602521550783e+00
branch0_seg87,2.2222222222222210e-01,2.4999999965907786e-02,2.4999999965806739e-02,1.2304974422731934e+00,1.1032609053519662e+00
branch0_seg87,3.3333333333333326e-01,2.5000000025422096e-02,2.5000000025500221e-02,1.2304971007653231e+00,1.1032605942291744e+00
branch0_seg87,4.4444444444444442e-01,2.4999999982720365e-02,2.4999999982665989e-02,1.2304972348628640e+00,1.1032607164346637e+00
branch0_seg87,5.5555555555555536e-01,2.4999999982720365e-02,2.4999999982665989e-02,1.2304972348628640e+00,1.1032607164346637e+00
branch0_seg87,6.6666666666666652e-01,2.5000000007801806e-02,2.5000000007826425e-02,1.2304971936273097e+00,1.1032606788301926e+00
branch0_seg87,7.7777777777777768e-01,2.5000000007801806e-02,2.5000000007826425e-02,1.2304971936273097e+00,1.1032606788301926e+00
branch0_seg87,8.8888888888888884e-01,2.5000000007801806e-02,2.5000000007826425e-02,1.2304971936273097e+00,1.1032606788301926e+00
branch0_seg87,1.0000000000000000e+00,2.5000000007801806e-02,2.5000000007826425e-02,1.2304971936273097e+00,1.1032606788301926e+00
branch0_seg88,0.0000000000000000e+00,2.4999999965116745e-02,2.4999999965045022e-02,1.1032614794802165e+00,9.8403100539855870e-01
branch0_seg88,1.1111111111111116e-01,2.5000000039904272e-02,2.5000000040007572e-02,1.1032602521550783e+00,9.8402989483892034e-01
branch0_seg88,2.2222222222222210e-01,2.4999999965806739e-02,2.4999999965711703e-02,1.1032609053519662e+00,9.8403048593861941e-01
branch0_seg88,3.3333333333333326e-01,2.5000000025500221e-02,2.5000000025573708e-02,1.1032605942291744e+00,9.8403020435589827e-01
branch0_seg88,4.4444444444444442e-01,2.4999999982665989e-02,2.4999999982614835e-02,1.1032607164346637e+00,9.8403031499065086e-01
branch0_seg88,5.5555555555555536e-01,2.4999999982665989e-02,2.4999999982614835e-02,1.1032607164346637e+00,9.8403031499065086e-01
branch0_seg88,6.6666666666666652e-01,2.5000000007826425e-02,2.5000000007849587e-02,1.1032606788301926e+00,9.8403028092537204e-01
branch0_seg88,7.7777777777777768e-01,2.5000000007826425e-02,2.5000000007849587e-02,1.1032606788301926e+00,9.8403028092537204e-01
branch0_seg88,8.8888888888888884e-01,2.5000000007826425e-02,2.5000000007849587e-02,1.1032606788301926e+00,9.8403028092537204e-01
branch0_seg88,1.0000000000000000e+00,2.5000000007826425e-02,2.5000000007849587e-02,1.1032606788301926e+00,9.8403028092537204e-01
branch0_seg89,0.0000000000000000e+00,2.4999999965045022e-02,2.4999999964978311e-02,9.8403100539855870e-01,8.7171018185064364e-01
branch0_seg89,1.1111111111111116e-01,2.5000000040007572e-02,2.5000000040103776e-02,9.8402989483892034e-01,8.7170918502749029e-01
branch0_seg89,2.2222222222222210e-01,2.4999999965711703e-02,2.4999999965623167e-02,9.8403048593861941e-01,8.7170971562863087e-01
branch0_seg89,3.3333333333333326e-01,2.5000000025573708e-02,2.5000000025642184e-02,9.8403020435589827e-01,8.7170946283524231e-01
branch0_seg89,4.4444444444444442e-01,2.4999999982614835e-02,2.4999999982567161e-02,9.8403031499065086e-01,8.7170956218489459e-01
branch0_seg89,5.5555555555555536e-01,2.4999999982614835e-02,2.4999999982567161e-02,9.8403031499065086e-01,8.7170956218489459e-01
branch0_seg89,6.6666666666666652e-01,2.5000000007849587e-02,2.5000000007871170e-02,9.8403028092537204e-01,8.7170953157701014e-01
branch0_seg89,7.7777777777777768e-01,2.5000000007849587e-02,2.5000000007871170e-02,9.8403028092537204e-01,8.7170953157701014e-01
branch0_seg89,8.8888888888888884e-01,2.5000000007849587e-02,2.5000000007871170e-02,9.8403028092537204e-01,8.7170953157701014e-01
branch0_seg89,1.0000000000000000e+00,2.5000000007849587e-02,2.5000000007871170e-02,9.8403028092537204e-01,8.7170953157701014e-01
branch0_seg90,0.0000000000000000e+00,2.4999999964978311e-02,2.4999999964916954e-02,8.7171018185064364e-01,7.6515914027440501e-01
branch0_seg90,1.1111111111111116e-01,2.5000000040103776e-02,2.5000000040192365e-02,8.7170918502749029e-01,7.6515825458346531e-01
branch0_seg90,2.2222222222222210e-01,2.4999999965623167e-02,2.4999999965541614e-02,8.7170971562863087e-01,7.6515872606063884e-01
branch0_seg90,3.3333333333333326e-01,2.5000000025642184e-02,2.5000000025705269e-02,8.7170946283524231e-01,7.6515850141098229e-01
branch0_seg90,4.4444444444444442e-01,2.4999999982567161e-02,2.4999999982523238e-02,8.7170956218489459e-01,7.6515858972121675e-01
branch0_seg90,5.5555555555555536e-01,2.4999999982567161e-02,2.4999999982523238e-02,8.7170956218489459e-01,7.6515858972121675e-01
branch0_seg90,6.6666666666666652e-01,2.5000000007871170e-02,2.5000000007891054e-02,8.7170953157701014e-01,7.6515856250034586e-01
branch0_seg90,7.7777777777777768e-01,2.5000000007871170e-02,2.5000000007891054e-02,8.7170953157701014e-01,7.6515856250034586e-01
branch0_seg90,8.8888888888888884e-01,2.5000000007871170e-02,2.5000000007891054e-02,8.7170953157701014e-01,7.6515856250034586e-01
branch0_seg90,1.0000000000000000e+00,2.5000000007871170e-02,2.5000000007891054e-02,8.7170953157701014e-01,7.6515856250034586e-01
branch0_seg91,0.0000000000000000e+00,2.4999999964916954e-02,2.4999999964861085e-02,7.6515914027440501e-01,6.6410448888022833e-01
branch0_seg91,1.1111111111111116e-01,2.5000000040192365e-02,2.5000000040273127e-02,7.6515825458346531e-01,6.6410371172541416e-01
branch0_seg91,2.2222222222222210e-01,2.4999999965541614e-02,2.4999999965467239e-02,7.6515872606063884e-01,6.6410412545007091e-01
branch0_seg91,3.3333333333333326e-01,2.5000000025705269e-02,2.5000000025762810e-02,7.6515850141098229e-01,6.6410392829905551e-01
branch0_seg91,4.4444444444444442e-01,2.4999999982523238e-02,2.4999999982483173e-02,7.6515858972121675e-01,6.6410400581621887e-01
branch0_seg91,5.5555555555555536e-01,2.4999999982523238e-02,2.4999999982483173e-02,7.6515858972121675e-01,6.6410400581621887e-01
branch0_seg91,6.6666666666666652e-01,2.5000000007891054e-02,2.5000000007909192e-02,7.6515856250034586e-01,6.6410398191120035e-01
branch0_seg91,7.7777777777777768e-01,2.5000000007891054e-02,2.5000000007909192e-02,7.6515856250034586e-01,6.6410398191120035e-01
branch0_seg91,8.8888888888888884e-01,2.5000000007891054e-02,2.5000000007909192e-02,7.6515856250034586e-01,6.6410398191120035e-01
branch0_seg91,1.0000000000000000e+00,2.5000000007891054e-02,2.5000000007909192e-02,7.6515856250034586e-01,6.6410398191120035e-01
branch0_seg92,0.0000000000000000e+00,2.4999999964861085e-02,2.4999999964810685e-02,6.6410448888022833e-01,5.6883278165462803e-01
branch0_seg92,1.1111111111111116e-01,2.5000000040273127e-02,2.5000000040346065e-02,6.6410371172541416e-01,5.6883211015399859e-01
branch0_seg92,2.2222222222222210e-01,2.4999999965467239e-02,2.4999999965400053e-02,6.6410412545007091e-01,5.6883246765046525e-01
branch0_seg92,3.3333333333333326e-01,2.5000000025762810e-02,2.5000000025814796e-02,6.6410392829905551e-01,5.6883229727953910e-01
branch0_seg92,4.4444444444444442e-01,2.4999999982483173e-02,2.4999999982446973e-02,6.6410400581621887e-01,5.6883236427942074e-01
branch0_seg92,5.5555555555555536e-01,2.4999999982483173e-02,2.4999999982446973e-02,6.6410400581621887e-01,5.6883236427942074e-01
branch0_seg92,6.6666666666666652e-01,2.5000000007909192e-02,2.5000000007925582e-02,6.6410398191120035e-01,5.6883234360963086e-01
branch0_seg92,7.7777777777777768e-01,2.5000000007909192e-02,2.5000000007925582e-02,6.6410398191120035e-01,5.6883234360963086e-01
branch0_seg92,8.8888888888888884e-01,2.5000000007909192e-02,2.5000000007925582e-02,6.6410398191120035e-01,5.6883234360963086e-01
branch0_seg92,1.0000000000000000e+00,2.5000000007909192e-02,2.5000000007925582e-02,6.6410398191120035e-01,5.6883234360963086e-01
branch0_seg93,0.0000000000000000e+00,2.4999999964810685e-02,2.4999999964765984e-02,5.6883278165462803e-01,4.7872629249584986e-01
branch0_seg93,1.1111111111111116e-01,2.5000000040346065e-02,2.5000000040410822e-02,5.6883211015399859e-01,4.7872572399020674e-01
branch0_seg93,2.2222222222222210e-01,2.4999999965400053e-02,2.4999999965340386e-02,5.6883246765046525e-01,4.7872602666559788e-01
branch0_seg93,3.3333333333333326e-01,2.5000000025814796e-02,2.5000000025860971e-02,5.6883229727953910e-01,4.7872588241097103e-01
branch0_seg93,4.4444444444444442e-01,2.4999999982446973e-02,2.4999999982414811e-02,5.6883236427942074e-01,4.7872593914877604e-01
branch0_seg93,5.5555555555555536e-01,2.4999999982446973e-02,2.4999999982414811e-02,5.6883236427942074e-01,4.7872593914877604e-01
branch0_seg93,6.6666666666666652e-01,2.5000000007925582e-02,2.5000000007940143e-02,5.6883234360963086e-01,4.7872592163931277e-01
branch0_seg93,7.7777777777777768e-01,2.5000000007925582e-02,2.5000000007940143e-02,5.6883234360963086e-01,4.7872592163931277e-01
branch0_seg93,8.8888888888888884e-01,2.5000000007925582e-02,2.5000000007940143e-02,5.6883234360963086e-01,4.7872592163931277e-01
branch0_seg93,1.0000000000000000e+00,2.5000000007925582e-02,2.5000000007940143e-02,5.6883234360963086e-01,4.7872592163931277e-01
branch0_seg94,0.0000000000000000e+00,2.4999999964765984e-02,2.4999999964727231e-02,4.7872629249584986e-01,3.9309980804778050e-01
branch0_seg94,1.1111111111111116e-01,2.5000000040410822e-02,2.5000000040467020e-02,4.7872572399020674e-01,3.9309934015452841e-01
branch0_seg94,2.2222222222222210e-01,2.4999999965340386e-02,2.4999999965288587e-02,4.7872602666559788e-01,3.9309958927009098e-01
branch0_seg94,3.3333333333333326e-01,2.5000000025860971e-02,2.5000000025901060e-02,4.7872588241097103e-01,3.9309947053638450e-01
branch0_seg94,4.4444444444444442e-01,2.4999999982414811e-02,2.4999999982386889e-02,4.7872593914877604e-01,3.9309951724136682e-01
branch0_seg94,5.5555555555555536e-01,2.4999999982414811e-02,2.4999999982386889e-02,4.7872593914877604e-01,3.9309951724136682e-01
branch0_seg94,6.6666666666666652e-01,2.5000000007940143e-02,2.5000000007952782e-02,4.7872592163931277e-01,3.9309950282470790e-01
branch0_seg94,7.7777777777777768e-01,2.5000000007940143e-02,2.5000000007952782e-02,4.7872592163931277e-01,3.9309950282470790e-01
branch0_seg94,8.8888888888888884e-01,2.5000000007940143e-02,2.5000000007952782e-02,4.7872592163931277e-01,3.9309950282470790e-01
branch0_seg94,1.0000000000000000e+00,2.5000000007940143e-02,2.5000000007952782e-02,4.7872592163931277e-01,3.9309950282470790e-01
branch0_seg95,0.0000000000000000e+00,2.4999999964727231e-02,2.4999999964694559e-02,3.9309980804778050e-01,3.1175828855250859e-01
branch0_seg95,1.1111111111111116e-01,2.5000000040467020e-02,2.5000000040514454e-02,3.9309934015452841e-01,3.1175791887572052e-01
branch0_seg95,2.2222222222222210e-01,2.4999999965288587e-02,2.4999999965244858e-02,3.9309958927009098e-01,3.1175811570084838e-01
branch0_seg95,3.3333333333333326e-01,2.5000000025901060e-02,2.5000000025934912e-02,3.9309947053638450e-01,3.1175802188794760e-01
branch0_seg95,4.4444444444444442e-01,2.4999999982386889e-02,2.4999999982363307e-02,3.9309951724136682e-01,3.1175805879197072e-01
branch0_seg95,5.5555555555555536e-01,2.4999999982386889e-02,2.4999999982363307e-02,3.9309951724136682e-01,3.1175805879197072e-01
branch0_seg95,6.6666666666666652e-01,2.5000000007952782e-02,2.5000000007963461e-02,3.9309950282470790e-01,3.1175804739929158e-01
branch0_seg95,7.7777777777777768e-01,2.5000000007952782e-02,2.5000000007963461e-02,3.9309950282470790e-01,3.1175804739929158e-01
branch0_seg95,8.8888888888888884e-01,2.5000000007952782e-02,2.5000000007963461e-02,3.9309950282470790e-01,3.1175804739929158e-01
branch0_seg95,1.0000000000000000e+00,2.5000000007952782e-02,2.5000000007963461e-02,3.9309950282470790e-01,3.1175804739929158e-01
branch0_seg96,0.0000000000000000e+00,2.4999999964694559e-02,2.4999999964668028e-02,3.1175828855250859e-01,2.3501869222161784e-01
branch0_seg96,1.1111111111111116e-01,2.5000000040514454e-02,2.5000000040553010e-02,3.1175791887572052e-01,2.3501841807793181e-01
branch0_seg96,2.2222222222222210e-01,2.4999999965244858e-02,2.4999999965209300e-02,3.1175811570084838e-01,2.3501856403559035e-01
branch0_seg96,3.3333333333333326e-01,2.5000000025934912e-02,2.5000000025962438e-02,3.1175802188794760e-01,2.3501849446970338e-01
branch0_seg96,4.4444444444444442e-01,2.4999999982363307e-02,2.4999999982344132e-02,3.1175805879197072e-01,2.3501852183406094e-01
branch0_seg96,5.5555555555555536e-01,2.4999999982363307e-02,2.4999999982344132e-02,3.1175805879197072e-01,2.3501852183406094e-01
branch0_seg96,6.6666666666666652e-01,2.5000000007963461e-02,2.5000000007972142e-02,3.1175804739929158e-01,2.3501851338714183e-01
branch0_seg96,7.7777777777777768e-01,2.5000000007963461e-02,2.5000000007972142e-02,3.1175804739929158e-01,2.3501851338714183e-01
branch0_seg96,8.8888888888888884e-01,2.5000000007963461e-02,2.5000000007972142e-02,3.1175804739929158e-01,2.3501851338714183e-01
branch0_seg96,1.0000000000000000e+00,2.5000000007963461e-02,2.5000000007972142e-02,3.1175804739929158e-01,2.3501851338714183e-01
branch0_seg97,0.0000000000000000e+00,2.4999999964668028e-02,2.4999999964647867e-02,2.3501869222161784e-01,1.6226991012924444e-01
branch0_seg97,1.1111111111111116e-01,2.5000000040553010e-02,2.5000000040582355e-02,2.3501841807793181e-01,1.6226972911181614e-01
branch0_seg97,2.2222222222222210e-01,2.4999999965209300e-02,2.4999999965182231e-02,2.3501856403559035e-01,1.6226982547892654e-01
branch0_seg97,3.3333333333333326e-01,2.5000000025962438e-02,2.5000000025983401e-02,2.3501849446970338e-01,1.6226977955493010e-01
branch0_seg97,4.4444444444444442e-01,2.4999999982344132e-02,2.4999999982329529e-02,2.3501852183406094e-01,1.6226979761471533e-01
branch0_seg97,5.5555555555555536e-01,2.4999999982344132e-02,2.4999999982329529e-02,2.3501852183406094e-01,1.6226979761471533e-01
branch0_seg97,6.6666666666666652e-01,2.5000000007972142e-02,2.5000000007978754e-02,2.3501851338714183e-01,1.6226979204288966e-01
branch0_seg97,7.7777777777777768e-01,2.5000000007972142e-02,2.5000000007978754e-02,2.3501851338714183e-01,1.6226979204288966e-01
branch0_seg97,8.8888888888888884e-01,2.5000000007972142e-02,2.5000000007978754e-02,2.3501851338714183e-01,1.6226979204288966e-01
branch0_seg97,1.0000000000000000e+00,2.5000000007972142e-02,2.5000000007978754e-02,2.3501851338714183e-01,1.6226979204288966e-01
branch0_seg98,0.0000000000000000e+00,2.4999999964647867e-02,2.4999999964634340e-02,1.6226991012924444e-01,9.2332704389006259e-02
branch0_seg98,1.1111111111111116e-01,2.5000000040582355e-02,2.5000000040602086e-02,1.6226972911181614e-01,9.2332614756366019e-02
branch0_seg98,2.2222222222222210e-01,2.4999999965182231e-02,2.4999999965164013e-02,1.6226982547892654e-01,9.2332662457088141e-02
branch0_seg98,3.3333333333333326e-01,2.5000000025983401e-02,2.5000000025997511e-02,1.6226977955493010e-01,9.2332639736834060e-02
branch0_seg98,4.4444444444444442e-01,2.4999999982329529e-02,2.4999999982319693e-02,1.6226979761471533e-01,9.2332648662439856e-02
branch0_seg98,5.5555555555555536e-01,2.4999999982329529e-02,2.4999999982319693e-02,1.6226979761471533e-01,9.2332648662439856e-02
branch0_seg98,6.6666666666666652e-01,2.5000000007978754e-02,2.5000000007983206e-02,1.6226979204288966e-01,9.2332645914375663e-02
branch0_seg98,7.7777777777777768e-01,2.5000000007978754e-02,2.5000000007983206e-02,1.6226979204288966e-01,9.2332645914375663e-02
branch0_seg98,8.8888888888888884e-01,2.5000000007978754e-02,2.5000000007983206e-02,1.6226979204288966e-01,9.2332645914375663e-02
branch0_seg98,1.0000000000000000e+00,2.5000000007978754e-02,2.5000000007983206e-02,1.6226979204288966e-01,9.2332645914375663e-02
branch0_seg99,0.0000000000000000e+00,2.4999999964634340e-02,2.4999999964627574e-02,9.2332704389006259e-02,2.4999999964627574e-02
branch0_seg99,1.1111111111111116e-01,2.5000000040602086e-02,2.5000000040612008e-02,9.2332614756366019e-02,2.5000000040612008e-02
branch0_seg99,2.2222222222222210e-01,2.4999999965164013e-02,2.4999999965154836e-02,9.2332662457088141e-02,2.4999999965154836e-02
branch0_seg99,3.3333333333333326e-01,2.5000000025997511e-02,2.5000000026004627e-02,9.2332639736834060e-02,2.5000000026004627e-02
branch0_seg99,4.4444444444444442e-01,2.4999999982319693e-02,2.4999999982314731e-02,9.2332648662439856e-02,2.4999999982314731e-02
branch0_seg99,5.5555555555555536e-01,2.4999999982319693e-02,2.4999999982314731e-02,9.2332648662439856e-02,2.4999999982314731e-02
branch0_seg99,6.6666666666666652e-01,2.5000000007983206e-02,2.5000000007985454e-02,9.2332645914375663e-02,2.5000000007985454e-02
branch0_seg99,7.7777777777777768e-01,2.5000000007983206e-02,2.5000000007985454e-02,9.2332645914375663e-02,2.5000000007985454e-02
branch0_seg99,8.8888888888888884e-01,2.5000000007983206e-02,2.5000000007985454e-02,9.2332645914375663e-02,2.5000000007985454e-02
branch0_seg99,1.0000000000000000e+00,2.5000000007983206e-02,2.5000000007985454e-02,9.2332645914375663e-02,2.5000000007985454e-02
