name,time,flow_in,flow_out,pressure_in,pressure_out
branch0_seg0,0.0000000000000000e+00,6.0332999999945125e-02,6.0332999999782672e-02,1.2475083503559213e+03,7.3964817450742078e+02
branch0_seg0,1.1111111111111116e-01,6.0333000000027434e-02,6.0333000000118334e-02,1.2475083652231929e+03,7.3964818923211089e+02
branch0_seg0,2.2222222222222210e-01,6.0332999999986280e-02,6.0332999999944105e-02,1.2475083498399192e+03,7.3964817392409952e+02
branch0_seg0,3.3333333333333326e-01,6.0333000000006860e-02,6.0333000000020065e-02,1.2475083624535125e+03,7.3964818649790425e+02
branch0_seg0,4.4444444444444442e-01,6.0332999999996563e-02,6.0332999999998187e-02,1.2475083533813211e+03,7.3964817744674110e+02
branch0_seg0,5.5555555555555536e-01,6.0333000000001719e-02,6.0332999999994114e-02,1.2475083592899925e+03,7.3964818334433346e+02
branch0_seg0,6.6666666666666652e-01,6.0332999999999137e-02,6.0333000000007860e-02,1.2475083557826424e+03,7.3964817984278056e+02
branch0_seg0,7.7777777777777768e-01,6.0333000000000428e-02,6.0332999999992844e-02,1.2475083576563536e+03,7.3964818171349339e+02
branch0_seg0,8.8888888888888884e-01,6.0332999999999783e-02,6.0333000000005500e-02,1.2475083567949005e+03,7.3964818085356399e+02
branch0_seg0,1.0000000000000000e+00,6.0333000000000102e-02,6.0332999999996202e-02,1.2475083570870843e+03,7.3964818114499269e+02
branch0_seg1,0.0000000000000000e+00,6.0332999999782672e-02,6.0332999999527862e-02,7.3964817450742078e+02,5.2261053922699637e+02
branch0_seg1,1.1111111111111116e-01,6.0333000000118334e-02,6.0333000000260532e-02,7.3964818923211089e+02,5.2261055386460987e+02
branch0_seg1,2.2222222222222210e-01,6.0332999999944105e-02,6.0332999999876895e-02,7.3964817392409952e+02,5.2261053860343486e+02
branch0_seg1,3.3333333333333326e-01,6.0333000000020065e-02,6.0333000000043061e-02,7.3964818649790425e+02,5.2261055115195870e+02
branch0_seg1,4.4444444444444442e-01,6.0332999999998187e-02,6.0332999999997965e-02,7.3964817744674110e+02,5.2261054211440933e+02
branch0_seg1,5.5555555555555536e-01,6.0332999999994114e-02,6.0332999999984857e-02,7.3964818334433346e+02,5.2261054800474449e+02
branch0_seg1,6.6666666666666652e-01,6.0333000000007860e-02,6.0333000000019281e-02,7.3964817984278056e+02,5.2261054450698384e+02
branch0_seg1,7.7777777777777768e-01,6.0332999999992844e-02,6.0332999999982664e-02,7.3964818171349339e+02,5.2261054637577888e+02
branch0_seg1,8.8888888888888884e-01,6.0333000000005500e-02,6.0333000000013272e-02,7.3964818085356399e+02,5.2261054551677091e+02
branch0_seg1,1.0000000000000000e+00,6.0332999999996202e-02,6.0332999999990866e-02,7.3964818114499269e+02,5.2261054580779205e+02
branch0_seg2,0.0000000000000000e+00,6.0332999999527862e-02,6.0332999999180063e-02,5.2261053922699637e+02,3.9108377788040070e+02
branch0_seg2,1.1111111111111116e-01,6.0333000000260532e-02,6.0333000000454259e-02,5.2261055386460987e+02,3.9108379246116414e+02
branch0_seg2,2.2222222222222210e-01,6.0332999999876895e-02,6.0332999999784385e-02,5.2261053860343486e+02,3.9108377723170042e+02
branch0_seg2,3.3333333333333326e-01,6.0333000000043061e-02,6.0333000000076145e-02,5.2261055115195870e+02,3.9108378976243199e+02
branch0_seg2,4.4444444444444442e-01,6.0332999999997965e-02,6.0332999999995550e-02,5.2261054211440933e+02,3.9108378073480509e+02
branch0_seg2,5.5555555555555536e-01,6.0332999999984857e-02,6.0332999999974275e-02,5.2261054800474449e+02,3.9108378661971534e+02
branch0_seg2,6.6666666666666652e-01,6.0333000000019281e-02,6.0333000000033145e-02,5.2261054450698384e+02,3.9108378312481500e+02
branch0_seg2,7.7777777777777768e-01,6.0332999999982664e-02,6.0332999999970098e-02,5.2261054637577888e+02,3.9108378499218821e+02
branch0_seg2,8.8888888888888884e-01,6.0333000000013272e-02,6.0333000000022945e-02,5.2261054551677091e+02,3.9108378413382093e+02
branch0_seg2,1.0000000000000000e+00,6.0332999999990866e-02,6.0332999999984205e-02,5.2261054580779205e+02,3.9108378442460395e+02
branch0_seg3,0.0000000000000000e+00,6.0332999999180063e-02,6.0332999998726579e-02,3.9108377788040070e+02,3.0665282667306997e+02
branch0_seg3,1.1111111111111116e-01,6.0333000000454259e-02,6.0333000000706502e-02,3.9108379246116414e+02,3.0665284121719674e+02
branch0_seg3,2.2222222222222210e-01,6.0332999999784385e-02,6.0332999999663163e-02,3.9108377723170042e+02,3.0665282600956846e+02
branch0_seg3,3.3333333333333326e-01,6.0333000000076145e-02,6.0333000000120707e-02,3.9108378976243199e+02,3.0665283852723996e+02
branch0_seg3,4.4444444444444442e-01,6.0332999999995550e-02,6.0332999999990651e-02,3.9108378073480509e+02,3.0665282950730040e+02
branch0_seg3,5.5555555555555536e-01,6.0332999999974275e-02,6.0332999999962188e-02,3.9108378661971534e+02,3.0665283538784024e+02
branch0_seg3,6.6666666666666652e-01,6.0333000000033145e-02,6.0333000000049777e-02,3.9108378312481500e+02,3.0665283189529021e+02
branch0_seg3,7.7777777777777768e-01,6.0332999999970098e-02,6.0332999999954812e-02,3.9108378499218821e+02,3.0665283376150416e+02
branch0_seg3,8.8888888888888884e-01,6.0333000000022945e-02,6.0333000000034762e-02,3.9108378413382093e+02,3.0665283290362862e+02
branch0_seg3,1.0000000000000000e+00,6.0332999999984205e-02,6.0332999999976038e-02,3.9108378442460395e+02,3.0665283319426698e+02
branch0_seg4,0.0000000000000000e+00,6.0332999998726579e-02,6.0332999998155050e-02,3.0665282667306997e+02,2.5031328887979441e+02
branch0_seg4,1.1111111111111116e-01,6.0333000000706502e-02,6.0333000001024033e-02,3.0665284121719674e+02,2.5031330340100661e+02
branch0_seg4,2.2222222222222210e-01,6.0332999999663163e-02,6.0332999999509931e-02,3.0665282600956846e+02,2.5031328820873318e+02
branch0_seg4,3.3333333333333326e-01,6.0333000000120707e-02,6.0333000000178050e-02,3.0665283852723996e+02,2.5031330071630077e+02
branch0_seg4,4.4444444444444442e-01,6.0332999999990651e-02,6.0332999999982963e-02,3.0665282950730040e+02,2.5031329170274589e+02
branch0_seg4,5.5555555555555536e-01,6.0332999999962188e-02,6.0332999999948442e-02,3.0665283538784024e+02,2.5031329757947603e+02
branch0_seg4,6.6666666666666652e-01,6.0333000000049777e-02,6.0333000000069477e-02,3.0665283189529021e+02,2.5031329408903159e+02
branch0_seg4,7.7777777777777768e-01,6.0332999999954812e-02,6.0332999999936521e-02,3.0665283376150416e+02,2.5031329595420360e+02
branch0_seg4,8.8888888888888884e-01,6.0333000000034762e-02,6.0333000000048972e-02,3.0665283290362862e+02,2.5031329509675223e+02
branch0_seg4,1.0000000000000000e+00,6.0332999999976038e-02,6.0332999999966185e-02,3.0665283319426698e+02,2.5031329538729292e+02
branch0_seg5,0.0000000000000000e+00,6.0332999998155050e-02,6.0332999997455290e-02,2.5031328887979441e+02,2.1112025261077579e+02
branch0_seg5,1.1111111111111116e-01,6.0333000001024033e-02,6.0333000001412437e-02,2.5031330340100661e+02,2.1112026711837004e+02
branch0_seg5,2.2222222222222210e-01,6.0332999999509931e-02,6.0332999999321964e-02,2.5031328820873318e+02,2.1112025193728724e+02
branch0_seg5,3.3333333333333326e-01,6.0333000000178050e-02,6.0333000000249264e-02,2.5031330071630077e+02,2.1112026443649668e+02
branch0_seg5,4.4444444444444442e-01,6.0332999999982963e-02,6.0332999999972256e-02,2.5031329170274589e+02,2.1112025542865706e+02
branch0_seg5,5.5555555555555536e-01,6.0332999999948442e-02,6.0332999999932885e-02,2.5031329757947603e+02,2.1112026130180530e+02
branch0_seg5,6.6666666666666652e-01,6.0333000000069477e-02,6.0333000000092514e-02,2.5031329408903159e+02,2.1112025781339824e+02
branch0_seg5,7.7777777777777768e-01,6.0332999999936521e-02,6.0332999999914948e-02,2.5031329595420360e+02,2.1112025967755088e+02
branch0_seg5,8.8888888888888884e-01,6.0333000000048972e-02,6.0333000000065785e-02,2.5031329509675223e+02,2.1112025882050770e+02
branch0_seg5,1.0000000000000000e+00,6.0332999999966185e-02,6.0332999999954513e-02,2.5031329538729292e+02,2.1112025911096913e+02
branch0_seg6,0.0000000000000000e+00,6.0332999997455290e-02,6.0332999996616725e-02,2.1112025261077579e+02,1.8285628998912455e+02
branch0_seg6,1.1111111111111116e-01,6.0333000001412437e-02,6.0333000001877489e-02,2.1112026711837004e+02,1.8285630448938653e+02
branch0_seg6,2.2222222222222210e-01,6.0332999999321964e-02,6.0332999999096477e-02,2.1112025193728724e+02,1.8285628931689894e+02
branch0_seg6,3.3333333333333326e-01,6.0333000000249264e-02,6.0333000000335424e-02,2.1112026443649668e+02,1.8285630180868199e+02
branch0_seg6,4.4444444444444442e-01,6.0332999999972256e-02,6.0332999999958337e-02,2.1112025542865706e+02,1.8285629280630985e+02
branch0_seg6,5.5555555555555536e-01,6.0332999999932885e-02,6.0332999999915343e-02,2.1112026130180530e+02,1.8285629867588517e+02
branch0_seg6,6.6666666666666652e-01,6.0333000000092514e-02,6.0333000000119180e-02,2.1112025781339824e+02,1.8285629518956176e+02
branch0_seg6,7.7777777777777768e-01,6.0332999999914948e-02,6.0332999999889829e-02,2.1112025967755088e+02,1.8285629705265683e+02
branch0_seg6,8.8888888888888884e-01,6.0333000000065785e-02,6.0333000000085416e-02,2.1112025882050770e+02,1.8285629619603876e+02
branch0_seg6,1.0000000000000000e+00,6.0332999999954513e-02,6.0332999999940864e-02,2.1112025911096913e+02,1.8285629648642109e+02
branch0_seg7,0.0000000000000000e+00,6.0332999996616725e-02,6.0332999995630354e-02,1.8285628998912455e+02,1.6196020750942156e+02
branch0_seg7,1.1111111111111116e-01,6.0333000001877489e-02,6.0333000002424080e-02,1.8285630448938653e+02,1.6196022200652774e+02
branch0_seg7,2.2222222222222210e-01,6.0332999999096477e-02,6.0332999998831127e-02,1.8285628931689894e+02,1.6196020684114018e+02
branch0_seg7,3.3333333333333326e-01,6.0333000000335424e-02,6.0333000000437439e-02,1.8285630180868199e+02,1.6196021932585620e+02
branch0_seg7,4.4444444444444442e-01,6.0332999999958337e-02,6.0332999999941024e-02,1.8285629280630985e+02,1.6196021032900137e+02
branch0_seg7,5.5555555555555536e-01,6.0332999999915343e-02,6.0332999999895665e-02,1.8285629867588517e+02,1.6196021619485757e+02
branch0_seg7,6.6666666666666652e-01,6.0333000000119180e-02,6.0333000000149718e-02,1.8285629518956176e+02,1.6196021271074554e+02
branch0_seg7,7.7777777777777768e-01,6.0332999999889829e-02,6.0332999999860921e-02,1.8285629705265683e+02,1.6196021457270157e+02
branch0_seg7,8.8888888888888884e-01,6.0333000000085416e-02,6.0333000000108057e-02,1.8285629619603876e+02,1.6196021371654891e+02
branch0_seg7,1.0000000000000000e+00,6.0332999999940864e-02,6.0332999999925113e-02,1.8285629648642109e+02,1.6196021400683946e+02
branch0_seg8,0.0000000000000000e+00,6.0332999995630354e-02,6.0332999994488580e-02,1.6196020750942156e+02,1.4608043211748617e+02
branch0_seg8,1.1111111111111116e-01,6.0333000002424080e-02,6.0333000003056352e-02,1.6196022200652774e+02,1.4608044661407897e+02
branch0_seg8,2.2222222222222210e-01,6.0332999998831127e-02,6.0332999998523922e-02,1.6196020684114018e+02,1.4608043145509794e+02
branch0_seg8,3.3333333333333326e-01,6.0333000000437439e-02,6.0333000000556046e-02,1.6196021932585620e+02,1.4608044393268929e+02
branch0_seg8,4.4444444444444442e-01,6.0332999999941024e-02,6.0332999999920214e-02,1.6196021032900137e+02,1.4608043494161768e+02
branch0_seg8,5.5555555555555536e-01,6.0332999999895665e-02,6.0332999999873689e-02,1.6196021619485757e+02,1.4608044080349680e+02
branch0_seg8,6.6666666666666652e-01,6.0333000000149718e-02,6.0333000000184357e-02,1.6196021271074554e+02,1.4608043732178172e+02
branch0_seg8,7.7777777777777768e-01,6.0332999999860921e-02,6.0332999999828010e-02,1.6196021457270157e+02,1.4608043918248720e+02
branch0_seg8,8.8888888888888884e-01,6.0333000000108057e-02,6.0333000000133863e-02,1.6196021371654891e+02,1.4608043832685595e+02
branch0_seg8,1.0000000000000000e+00,6.0332999999925113e-02,6.0332999999907148e-02,1.6196021400683946e+02,1.4608043861703371e+02
branch0_seg9,0.0000000000000000e+00,6.0332999994488580e-02,6.0332999993179363e-02,1.4608043211748617e+02,1.3381787847652674e+02
branch0_seg9,1.1111111111111116e-01,6.0333000003056352e-02,6.0333000003780876e-02,1.4608044661407897e+02,1.3381789297413457e+02
branch0_seg9,2.2222222222222210e-01,6.0332999998523922e-02,6.0332999998171710e-02,1.4608043145509794e+02,1.3381787782142601e+02
branch0_seg9,3.3333333333333326e-01,6.0333000000556046e-02,6.0333000000692451e-02,1.4608044393268929e+02,1.3381789029155800e+02
branch0_seg9,4.4444444444444442e-01,6.0332999999920214e-02,6.0332999999895706e-02,1.4608043494161768e+02,1.3381788130667150e+02
branch0_seg9,5.5555555555555536e-01,6.0332999999873689e-02,6.0332999999849174e-02,1.4608044080349680e+02,1.3381788716424893e+02
branch0_seg9,6.6666666666666652e-01,6.0333000000184357e-02,6.0333000000223479e-02,1.4608043732178172e+02,1.3381788368514950e+02
branch0_seg9,7.7777777777777768e-01,6.0332999999828010e-02,6.0332999999790742e-02,1.4608043918248720e+02,1.3381788554447579e+02
branch0_seg9,8.8888888888888884e-01,6.0333000000133863e-02,6.0333000000163124e-02,1.4608043832685595e+02,1.3381788468943139e+02
branch0_seg9,1.0000000000000000e+00,6.0332999999907148e-02,6.0332999999886769e-02,1.4608043861703371e+02,1.3381788497946977e+02
branch0_seg10,0.0000000000000000e+00,6.0332999993179363e-02,6.0332999991690797e-02,1.3381787847652674e+02,1.2423406433041092e+02
branch0_seg10,1.1111111111111116e-01,6.0333000003780876e-02,6.0333000004604155e-02,1.3381789297413457e+02,1.2423407882973268e+02
branch0_seg10,2.2222222222222210e-01,6.0332999998171710e-02,6.0332999997771392e-02,1.3381787782142601e+02,1.2423406368357593e+02
branch0_seg10,3.3333333333333326e-01,6.0333000000692451e-02,6.0333000000847806e-02,1.3381789029155800e+02,1.2423407614571082e+02
branch0_seg10,4.4444444444444442e-01,6.0332999999895706e-02,6.0332999999867354e-02,1.3381788130667150e+02,1.2423406716750989e+02
branch0_seg10,5.5555555555555536e-01,6.0332999999849174e-02,6.0332999999821849e-02,1.3381788716424893e+02,1.2423407302041318e+02
branch0_seg10,6.6666666666666652e-01,6.0333000000223479e-02,6.0333000000267464e-02,1.3381788368514950e+02,1.2423406954417176e+02
branch0_seg10,7.7777777777777768e-01,6.0332999999790742e-02,6.0332999999748768e-02,1.3381788554447579e+02,1.2423407140197814e+02
branch0_seg10,8.8888888888888884e-01,6.0333000000163124e-02,6.0333000000196112e-02,1.3381788468943139e+02,1.2423407054759255e+02
branch0_seg10,1.0000000000000000e+00,6.0332999999886769e-02,6.0332999999863787e-02,1.3381788497946977e+02,1.2423407083746118e+02
branch0_seg11,0.0000000000000000e+00,6.0332999991690797e-02,6.0332999990014527e-02,1.2423406433041092e+02,1.1663859875479740e+02
branch0_seg11,1.1111111111111116e-01,6.0333000004604155e-02,6.0333000005530740e-02,1.2423407882973268e+02,1.1663861325590975e+02
branch0_seg11,2.2222222222222210e-01,6.0332999997771392e-02,6.0332999997320794e-02,1.2423406368357593e+02,1.1663859811690494e+02
branch0_seg11,3.3333333333333326e-01,6.0333000000847806e-02,6.0333000001022916e-02,1.2423407614571082e+02,1.1663861057034059e+02
branch0_seg11,4.4444444444444442e-01,6.0332999999867354e-02,6.0332999999835046e-02,1.2423406716750989e+02,1.1663860159940954e+02
branch0_seg11,5.5555555555555536e-01,6.0332999999821849e-02,6.0332999999791526e-02,1.2423407302041318e+02,1.1663860744722372e+02
branch0_seg11,6.6666666666666652e-01,6.0333000000267464e-02,6.0333000000316578e-02,1.2423406954417176e+02,1.1663860397410409e+02
branch0_seg11,7.7777777777777768e-01,6.0332999999748768e-02,6.0332999999701827e-02,1.2423407140197814e+02,1.1663860583023899e+02
branch0_seg11,8.8888888888888884e-01,6.0333000000196112e-02,6.0333000000233013e-02,1.2423407054759255e+02,1.1663860497658973e+02
branch0_seg11,1.0000000000000000e+00,6.0332999999863787e-02,6.0332999999838065e-02,1.2423407083746118e+02,1.1663860526625531e+02
branch0_seg12,0.0000000000000000e+00,6.0332999990014527e-02,6.0332999988144093e-02,1.1663859875479740e+02,1.1050922574368209e+02
branch0_seg12,1.1111111111111116e-01,6.0333000005530740e-02,6.0333000006564108e-02,1.1663861325590975e+02,1.1050924024617869e+02
branch0_seg12,2.2222222222222210e-01,6.0332999997320794e-02,6.0332999996818293e-02,1.1663859811690494e+02,1.1050922511517911e+02
branch0_seg12,3.3333333333333326e-01,6.0333000001022916e-02,6.0333000001218343e-02,1.1663861057034059e+02,1.1050923755908174e+02
branch0_seg12,4.4444444444444442e-01,6.0332999999835046e-02,6.0332999999798735e-02,1.1663860159940954e+02,1.1050922859607259e+02
branch0_seg12,5.5555555555555536e-01,6.0332999999791526e-02,6.0332999999758018e-02,1.1663860744722372e+02,1.1050923443834832e+02
branch0_seg12,6.6666666666666652e-01,6.0333000000316578e-02,6.0333000000371076e-02,1.1663860397410409e+02,1.1050923096863137e+02
branch0_seg12,7.7777777777777768e-01,6.0332999999701827e-02,6.0332999999649702e-02,1.1663860583023899e+02,1.1050923282293493e+02
branch0_seg12,8.8888888888888884e-01,6.0333000000233013e-02,6.0333000000274015e-02,1.1663860497658973e+02,1.1050923197010339e+02
branch0_seg12,1.0000000000000000e+00,6.0332999999838065e-02,6.0332999999809490e-02,1.1663860526625531e+02,1.1050923225953098e+02
branch0_seg13,0.0000000000000000e+00,6.0332999988144093e-02,6.0332999986066796e-02,1.1050922574368209e+02,1.0552687176704025e+02
branch0_seg13,1.1111111111111116e-01,6.0333000006564108e-02,6.0333000007711211e-02,1.1050924024617869e+02,1.0552688627015381e+02
branch0_seg13,2.2222222222222210e-01,6.0332999996818293e-02,6.0332999996260586e-02,1.1050922511517911e+02,1.0552687114817508e+02
branch0_seg13,3.3333333333333326e-01,6.0333000001218343e-02,6.0333000001435322e-02,1.1050923755908174e+02,1.0552688358164241e+02
branch0_seg13,4.4444444444444442e-01,6.0332999999798735e-02,6.0332999999758281e-02,1.1050922859607259e+02,1.0552687462723368e+02
branch0_seg13,5.5555555555555536e-01,6.0332999999758018e-02,6.0332999999721026e-02,1.1050923443834832e+02,1.0552688046351251e+02
branch0_seg13,6.6666666666666652e-01,6.0333000000371076e-02,6.0333000000431361e-02,1.1050923096863137e+02,1.0552687699748192e+02
branch0_seg13,7.7777777777777768e-01,6.0332999999649702e-02,6.0332999999592012e-02,1.1050923282293493e+02,1.0552687884979339e+02
branch0_seg13,8.8888888888888884e-01,6.0333000000274015e-02,6.0333000000319388e-02,1.1050923197010339e+02,1.0552687799786152e+02
branch0_seg13,1.0000000000000000e+00,6.0332999999809490e-02,6.0332999999777856e-02,1.1050923225953098e+02,1.0552687828701546e+02
branch0_seg14,0.0000000000000000e+00,6.0332999986066796e-02,6.0332999983776739e-02,1.0552687176704025e+02,1.0142764309001197e+02
branch0_seg14,1.1111111111111116e-01,6.0333000007711211e-02,6.0333000008975235e-02,1.0552688627015381e+02,1.0142765759270205e+02
branch0_seg14,2.2222222222222210e-01,6.0332999996260586e-02,6.0332999995646189e-02,1.0552687114817508e+02,1.0142764248090464e+02
branch0_seg14,3.3333333333333326e-01,6.0333000001435322e-02,6.0333000001674346e-02,1.0552688358164241e+02,1.0142765490295780e+02
branch0_seg14,4.4444444444444442e-01,6.0332999999758281e-02,6.0332999999713657e-02,1.0552687462723368e+02,1.0142764595786822e+02
branch0_seg14,5.5555555555555536e-01,6.0332999999721026e-02,6.0332999999680371e-02,1.0552688046351251e+02,1.0142765178767094e+02
branch0_seg14,6.6666666666666652e-01,6.0333000000431361e-02,6.0333000000497676e-02,1.0552687699748192e+02,1.0142764832562078e+02
branch0_seg14,7.7777777777777768e-01,6.0332999999592012e-02,6.0332999999528542e-02,1.0552687884979339e+02,1.0142765017577439e+02
branch0_seg14,8.8888888888888884e-01,6.0333000000319388e-02,6.0333000000369313e-02,1.0552687799786152e+02,1.0142764932482640e+02
branch0_seg14,1.0000000000000000e+00,6.0332999999777856e-02,6.0332999999743044e-02,1.0552687828701546e+02,1.0142764961367020e+02
branch0_seg15,0.0000000000000000e+00,6.0332999983776739e-02,6.0332999981265747e-02,1.0142764309001197e+02,9.8020173413801899e+01
branch0_seg15,1.1111111111111116e-01,6.0333000008975235e-02,6.0333000010360606e-02,1.0142765759270205e+02,9.8020187914816091e+01
branch0_seg15,2.2222222222222210e-01,6.0332999995646189e-02,6.0332999994973019e-02,1.0142764248090464e+02,9.8020172814462015e+01
branch0_seg15,3.3333333333333326e-01,6.0333000001674346e-02,6.0333000001936171e-02,1.0142765490295780e+02,9.8020185224075121e+01
branch0_seg15,4.4444444444444442e-01,6.0332999999713657e-02,6.0332999999664808e-02,1.0142764595786822e+02,9.8020176289044272e+01
branch0_seg15,5.5555555555555536e-01,6.0332999999680371e-02,6.0332999999635824e-02,1.0142765178767094e+02,9.8020182111882875e+01
branch0_seg15,6.6666666666666652e-01,6.0333000000497676e-02,6.0333000000570319e-02,1.0142764832562078e+02,9.8020178654110708e+01
branch0_seg15,7.7777777777777768e-01,6.0332999999528542e-02,6.0332999999459028e-02,1.0142765017577439e+02,9.8020180501939421e+01
branch0_seg15,8.8888888888888884e-01,6.0333000000369313e-02,6.0333000000423999e-02,1.0142764932482640e+02,9.8020179652059966e+01
branch0_seg15,1.0000000000000000e+00,6.0332999999743044e-02,6.0332999999704921e-02,1.0142764961367020e+02,9.8020179940556957e+01
branch0_seg16,0.0000000000000000e+00,6.0332999981265747e-02,6.0332999978525162e-02,9.8020173413801899e+01,9.5165383235702677e+01
branch0_seg16,1.1111111111111116e-01,6.0333000010360606e-02,6.0333000011872043e-02,9.8020187914816091e+01,9.5165397733631565e+01
branch0_seg16,2.2222222222222210e-01,6.0332999994973019e-02,6.0332999994238856e-02,9.8020172814462015e+01,9.5165382646053331e+01
branch0_seg16,3.3333333333333326e-01,6.0333000001936171e-02,6.0333000002221575e-02,9.8020185224075121e+01,9.5165395042170871e+01
branch0_seg16,4.4444444444444442e-01,6.0332999999664808e-02,6.0332999999611676e-02,9.8020176289044272e+01,9.5165386117949552e+01
branch0_seg16,5.5555555555555536e-01,6.0332999999635824e-02,6.0332999999587134e-02,9.8020182111882875e+01,9.5165391933332543e+01
branch0_seg16,6.6666666666666652e-01,6.0333000000570319e-02,6.0333000000649617e-02,9.8020178654110708e+01,9.5165388480136542e+01
branch0_seg16,7.7777777777777768e-01,6.0332999999459028e-02,6.0332999999383172e-02,9.8020180501939421e+01,9.5165390325473581e+01
branch0_seg16,8.8888888888888884e-01,6.0333000000423999e-02,6.0333000000483653e-02,9.8020179652059966e+01,9.5165389476746938e+01
branch0_seg16,1.0000000000000000e+00,6.0332999999704921e-02,6.0332999999663330e-02,9.8020179940556957e+01,9.5165389764860691e+01
branch0_seg17,0.0000000000000000e+00,6.0332999978525162e-02,6.0332999975546225e-02,9.5165383235702677e+01,9.2756865859879341e+01
branch0_seg17,1.1111111111111116e-01,6.0333000011872043e-02,6.0333000013514312e-02,9.5165397733631565e+01,9.2756880353197445e+01
branch0_seg17,2.2222222222222210e-01,6.0332999994238856e-02,6.0332999993441452e-02,9.5165382646053331e+01,9.2756865279776449e+01
branch0_seg17,3.3333333333333326e-01,6.0333000002221575e-02,6.0333000002531362e-02,9.5165395042170871e+01,9.2756877661324680e+01
branch0_seg17,4.4444444444444442e-01,6.0332999999611676e-02,6.0332999999554202e-02,9.5165386117949552e+01,9.2756868748668950e+01
branch0_seg17,5.5555555555555536e-01,6.0332999999587134e-02,6.0332999999534044e-02,9.5165391933332543e+01,9.2756874556104421e+01
branch0_seg17,6.6666666666666652e-01,6.0333000000649617e-02,6.0333000000735895e-02,9.5165388480136542e+01,9.2756871107781819e+01
branch0_seg17,7.7777777777777768e-01,6.0332999999383172e-02,6.0332999999300682e-02,9.5165390325473581e+01,9.2756872950461329e+01
branch0_seg17,8.8888888888888884e-01,6.0333000000483653e-02,6.0333000000548517e-02,9.5165389476746938e+01,9.2756872102971172e+01
branch0_seg17,1.0000000000000000e+00,6.0332999999663330e-02,6.0332999999618109e-02,9.5165389764860691e+01,9.2756872390665606e+01
branch0_seg18,0.0000000000000000e+00,6.0332999975546225e-02,6.0332999972322249e-02,9.2756865859879341e+01,9.0708575373356467e+01
branch0_seg18,1.1111111111111116e-01,6.0333000013514312e-02,6.0333000015291030e-02,9.2756880353197445e+01,9.0708589860449976e+01
branch0_seg18,2.2222222222222210e-01,6.0332999993441452e-02,6.0332999992579149e-02,9.2756865279776449e+01,9.0708574802608993e+01
branch0_seg18,3.3333333333333326e-01,6.0333000002531362e-02,6.0333000002866080e-02,9.2756877661324680e+01,9.0708587168495598e+01
branch0_seg18,4.4444444444444442e-01,6.0332999999554202e-02,6.0332999999492376e-02,9.2756868748668950e+01,9.0708578268169305e+01
branch0_seg18,5.5555555555555536e-01,6.0332999999534044e-02,6.0332999999476340e-02,9.2756874556104421e+01,9.0708584067162448e+01
branch0_seg18,6.6666666666666652e-01,6.0333000000735895e-02,6.0333000000829418e-02,9.2756871107781819e+01,9.0708580624011262e+01
branch0_seg18,7.7777777777777768e-01,6.0332999999300682e-02,6.0332999999211309e-02,9.2756872950461329e+01,9.0708582463867486e+01
branch0_seg18,8.8888888888888884e-01,6.0333000000548517e-02,6.0333000000618767e-02,9.2756872102971172e+01,9.0708581617697149e+01
branch0_seg18,1.0000000000000000e+00,6.0332999999618109e-02,6.0332999999569148e-02,9.2756872390665606e+01,9.0708581904936480e+01
branch0_seg19,0.0000000000000000e+00,6.0332999972322249e-02,6.0332999968841554e-02,9.0708575373356467e+01,8.8958796902365521e+01
branch0_seg19,1.1111111111111116e-01,6.0333000015291030e-02,6.0333000017208593e-02,9.0708589860449976e+01,8.8958811381567116e+01
branch0_seg19,2.2222222222222210e-01,6.0332999992579149e-02,6.0332999991648893e-02,9.0708574802608993e+01,8.8958796340734821e+01
branch0_seg19,3.3333333333333326e-01,6.0333000002866080e-02,6.0333000003226847e-02,9.0708587168495598e+01,8.8958808689877884e+01
branch0_seg19,4.4444444444444442e-01,6.0332999999492376e-02,6.0332999999426089e-02,9.0708578268169305e+01,8.8958799802631788e+01
branch0_seg19,5.5555555555555536e-01,6.0332999999476340e-02,6.0332999999413731e-02,9.0708584067162448e+01,8.8958805592698596e+01
branch0_seg19,6.6666666666666652e-01,6.0333000000829418e-02,6.0333000000930601e-02,9.0708580624011262e+01,8.8958802155009437e+01
branch0_seg19,7.7777777777777768e-01,6.0332999999211309e-02,6.0332999999114699e-02,9.0708582463867486e+01,8.8958803991881069e+01
branch0_seg19,8.8888888888888884e-01,6.0333000000618767e-02,6.0333000000694685e-02,9.0708581617697149e+01,8.8958803147111524e+01
branch0_seg19,1.0000000000000000e+00,6.0332999999569148e-02,6.0332999999516246e-02,9.0708581904936480e+01,8.8958803433861036e+01
branch0_seg20,0.0000000000000000e+00,6.0332999968841554e-02,6.0332999965095675e-02,8.8958796902365521e+01,8.7456316195607783e+01
branch0_seg20,1.1111111111111116e-01,6.0333000017208593e-02,6.0333000019271589e-02,8.8958811381567116e+01,8.7456330665213130e+01
branch0_seg20,2.2222222222222210e-01,6.0332999991648893e-02,6.0332999990648548e-02,8.8958796340734821e+01,8.7456315642828002e+01
branch0_seg20,3.3333333333333326e-01,6.0333000003226847e-02,6.0333000003614391e-02,8.8958808689877884e+01,8.7456327974146305e+01
branch0_seg20,4.4444444444444442e-01,6.0332999999426089e-02,6.0332999999355298e-02,8.8958799802631788e+01,8.7456319100727470e+01
branch0_seg20,5.5555555555555536e-01,6.0332999999413731e-02,6.0332999999345945e-02,8.8958805592698596e+01,8.7456324881387658e+01
branch0_seg20,6.6666666666666652e-01,6.0333000000930601e-02,6.0333000001039770e-02,8.8958802155009437e+01,8.7456321449448282e+01
branch0_seg20,7.7777777777777768e-01,6.0332999999114699e-02,6.0332999999010532e-02,8.8958803991881069e+01,8.7456323283175905e+01
branch0_seg20,8.8888888888888884e-01,6.0333000000694685e-02,6.0333000000776515e-02,8.8958803147111524e+01,8.7456322439886961e+01
branch0_seg20,1.0000000000000000e+00,6.0332999999516246e-02,6.0332999999459236e-02,8.8958803433861036e+01,8.7456322726112603e+01
branch0_seg21,0.0000000000000000e+00,6.0332999965095675e-02,6.0332999961082663e-02,8.7456316195607783e+01,8.6155287348781471e+01
branch0_seg21,1.1111111111111116e-01,6.0333000019271589e-02,6.0333000021481051e-02,8.7456330665213130e+01,8.6155301807048275e+01
branch0_seg21,2.2222222222222210e-01,6.0332999990648548e-02,6.0332999989577675e-02,8.7456315642828002e+01,8.6155286804579333e+01
branch0_seg21,3.3333333333333326e-01,6.0333000003614391e-02,6.0333000004028831e-02,8.7456327974146305e+01,8.6155299116969204e+01
branch0_seg21,4.4444444444444442e-01,6.0332999999355298e-02,6.0332999999280081e-02,8.7456319100727470e+01,8.6155290258139772e+01
branch0_seg21,5.5555555555555536e-01,6.0332999999345945e-02,6.0332999999272850e-02,8.7456324881387658e+01,8.6155296028903848e+01
branch0_seg21,6.6666666666666652e-01,6.0333000001039770e-02,6.0333000001157058e-02,8.7456321449448282e+01,8.6155292603007027e+01
branch0_seg21,7.7777777777777768e-01,6.0332999999010532e-02,6.0332999998898712e-02,8.7456323283175905e+01,8.6155294433428907e+01
branch0_seg21,8.8888888888888884e-01,6.0333000000776515e-02,6.0333000000864334e-02,8.7456322439886961e+01,8.6155293591701181e+01
branch0_seg21,1.0000000000000000e+00,6.0332999999459236e-02,6.0332999999398063e-02,8.7456322726112603e+01,8.6155293877368877e+01
branch0_seg22,0.0000000000000000e+00,6.0332999961082663e-02,6.0332999956794003e-02,8.6155287348781471e+01,8.5022860726519099e+01
branch0_seg22,1.1111111111111116e-01,6.0333000021481051e-02,6.0333000023841621e-02,8.6155301807048275e+01,8.5022875171696100e+01
branch0_seg22,2.2222222222222210e-01,6.0332999989577675e-02,6.0332999988434097e-02,8.6155286804579333e+01,8.5022860190604220e+01
branch0_seg22,3.3333333333333326e-01,6.0333000004028831e-02,6.0333000004470907e-02,8.6155299116969204e+01,8.5022872482974122e+01
branch0_seg22,4.4444444444444442e-01,6.0332999999280081e-02,6.0332999999200394e-02,8.6155290258139772e+01,8.5022863639485351e+01
branch0_seg22,5.5555555555555536e-01,6.0332999999272850e-02,6.0332999999194191e-02,8.6155296028903848e+01,8.5022869399871908e+01
branch0_seg22,6.6666666666666652e-01,6.0333000001157058e-02,6.0333000001282805e-02,8.6155292603007027e+01,8.5022865980305085e+01
branch0_seg22,7.7777777777777768e-01,6.0332999998898712e-02,6.0332999998778933e-02,8.6155294433428907e+01,8.5022867807262728e+01
branch0_seg22,8.8888888888888884e-01,6.0333000000864334e-02,6.0333000000958363e-02,8.6155293591701181e+01,8.5022866967174977e+01
branch0_seg22,1.0000000000000000e+00,6.0332999999398063e-02,6.0332999999332573e-02,8.6155293877368877e+01,8.5022867252251629e+01
branch0_seg23,0.0000000000000000e+00,6.0332999956794003e-02,6.0332999952221918e-02,8.5022860726519099e+01,8.4033487227129442e+01
branch0_seg23,1.1111111111111116e-01,6.0333000023841621e-02,6.0333000026357532e-02,8.5022875171696100e+01,8.4033501657468506e+01
branch0_seg23,2.2222222222222210e-01,6.0332999988434097e-02,6.0332999987215842e-02,8.5022860190604220e+01,8.4033486699202797e+01
branch0_seg23,3.3333333333333326e-01,6.0333000004470907e-02,6.0333000004941302e-02,8.5022872482974122e+01,8.4033498970473374e+01
branch0_seg23,4.4444444444444442e-01,6.0332999999200394e-02,6.0332999999116219e-02,8.5022863639485351e+01,8.4033490143066771e+01
branch0_seg23,5.5555555555555536e-01,6.0332999999194191e-02,6.0332999999109717e-02,8.5022869399871908e+01,8.4033495892601294e+01
branch0_seg23,6.6666666666666652e-01,6.0333000001282805e-02,6.0333000001417315e-02,8.5022865980305085e+01,8.4033492479647393e+01
branch0_seg23,7.7777777777777768e-01,6.0332999998778933e-02,6.0332999998650924e-02,8.5022867807262728e+01,8.4033494302985048e+01
branch0_seg23,8.8888888888888884e-01,6.0333000000958363e-02,6.0333000001058817e-02,8.5022866967174977e+01,8.4033493464614480e+01
branch0_seg23,1.0000000000000000e+00,6.0332999999332573e-02,6.0332999999262615e-02,8.5022867252251629e+01,8.4033493749067816e+01
branch0_seg24,0.0000000000000000e+00,6.0332999952221918e-02,6.0332999947360980e-02,8.4033487227129442e+01,8.3164111283427957e+01
branch0_seg24,1.1111111111111116e-01,6.0333000026357532e-02,6.0333000029031740e-02,8.4033501657468506e+01,8.3164125697182740e+01
branch0_seg24,2.2222222222222210e-01,6.0332999987215842e-02,6.0332999985921530e-02,8.4033486699202797e+01,8.3164110763188319e+01
branch0_seg24,3.3333333333333326e-01,6.0333000004941302e-02,6.0333000005440486e-02,8.4033498970473374e+01,8.3164123012284193e+01
branch0_seg24,4.4444444444444442e-01,6.0332999999116219e-02,6.0332999999027546e-02,8.4033490143066771e+01,8.3164114201697998e+01
branch0_seg24,5.5555555555555536e-01,6.0332999999109717e-02,6.0332999999019248e-02,8.4033495892601294e+01,8.3164119939908474e+01
branch0_seg24,6.6666666666666652e-01,6.0333000001417315e-02,6.0333000001560826e-02,8.4033492479647393e+01,8.3164116533848585e+01
branch0_seg24,7.7777777777777768e-01,6.0332999998650924e-02,6.0332999998514478e-02,8.4033494302985048e+01,8.3164118353411823e+01
branch0_seg24,8.8888888888888884e-01,6.0333000001058817e-02,6.0333000001165850e-02,8.4033493464614480e+01,8.3164117516834736e+01
branch0_seg24,1.0000000000000000e+00,6.0332999999262615e-02,6.0332999999188099e-02,8.4033493749067816e+01,8.3164117800633079e+01
branch0_seg25,0.0000000000000000e+00,6.0332999947360980e-02,6.0332999942198318e-02,8.3164111283427957e+01,8.2398765602029201e+01
branch0_seg25,1.1111111111111116e-01,6.0333000029031740e-02,6.0333000031871281e-02,8.3164125697182740e+01,8.2398779997487978e+01
branch0_seg25,2.2222222222222210e-01,6.0332999985921530e-02,6.0332999984547844e-02,8.3164110763188319e+01,8.2398765089166616e+01
branch0_seg25,3.3333333333333326e-01,6.0333000005440486e-02,6.0333000005969646e-02,8.3164123012284193e+01,8.2398777315050310e+01
branch0_seg25,4.4444444444444442e-01,6.0332999999027546e-02,6.0332999998934267e-02,8.3164114201697998e+01,8.2398768521994413e+01
branch0_seg25,5.5555555555555536e-01,6.0332999999019248e-02,6.0332999998922436e-02,8.3164119939908474e+01,8.2398774248427941e+01
branch0_seg25,6.6666666666666652e-01,6.0333000001560826e-02,6.0333000001713787e-02,8.3164116533848585e+01,8.2398770849531346e+01
branch0_seg25,7.7777777777777768e-01,6.0332999998514478e-02,6.0332999998369170e-02,8.3164118353411823e+01,8.2398772665172416e+01
branch0_seg25,8.8888888888888884e-01,6.0333000001165850e-02,6.0333000001279793e-02,8.3164117516834736e+01,8.2398771830461698e+01
branch0_seg25,1.0000000000000000e+00,6.0332999999188099e-02,6.0332999999108787e-02,8.3164117800633079e+01,8.2398772113574879e+01
branch0_seg26,0.0000000000000000e+00,6.0332999942198318e-02,6.0332999936729262e-02,8.2398765602029201e+01,8.1722216855492718e+01
branch0_seg26,1.1111111111111116e-01,6.0333000031871281e-02,6.0333000034878709e-02,8.2398779997487978e+01,8.1722231230957590e+01
branch0_seg26,2.2222222222222210e-01,6.0332999984547844e-02,6.0332999983093591e-02,8.2398765089166616e+01,8.1722216349704183e+01
branch0_seg26,3.3333333333333326e-01,6.0333000005969646e-02,6.0333000006529171e-02,8.2398777315050310e+01,8.1722228551341487e+01
branch0_seg26,4.4444444444444442e-01,6.0332999998934267e-02,6.0332999998836422e-02,8.2398768521994413e+01,8.1722219776524184e+01
branch0_seg26,5.5555555555555536e-01,6.0332999998922436e-02,6.0332999998819081e-02,8.2398774248427941e+01,8.1722225490728803e+01
branch0_seg26,6.6666666666666652e-01,6.0333000001713787e-02,6.0333000001876434e-02,8.2398770849531346e+01,8.1722222099264087e+01
branch0_seg26,7.7777777777777768e-01,6.0332999998369170e-02,6.0332999998214815e-02,8.2398772665172416e+01,8.1722223910835851e+01
branch0_seg26,8.8888888888888884e-01,6.0333000001279793e-02,6.0333000001400780e-02,8.2398771830461698e+01,8.1722223078063820e+01
branch0_seg26,1.0000000000000000e+00,6.0332999999108787e-02,6.0332999999024590e-02,8.2398772113574879e+01,8.1722223360462138e+01
branch0_seg27,0.0000000000000000e+00,6.0332999936729262e-02,6.0332999930951335e-02,8.1722216855492718e+01,8.1120854599870029e+01
branch0_seg27,1.1111111111111116e-01,6.0333000034878709e-02,6.0333000038055334e-02,8.1722231230957590e+01,8.1120868953652860e+01
branch0_seg27,2.2222222222222210e-01,6.0332999983093591e-02,6.0332999981558208e-02,8.1722216349704183e+01,8.1120854100862047e+01
branch0_seg27,3.3333333333333326e-01,6.0333000006529171e-02,6.0333000007119206e-02,8.1722228551341487e+01,8.1120866277215910e+01
branch0_seg27,4.4444444444444442e-01,6.0332999998836422e-02,6.0332999998734045e-02,8.1722219776524184e+01,8.1120857521348498e+01
branch0_seg27,5.5555555555555536e-01,6.0332999998819081e-02,6.0332999998709058e-02,8.1722225490728803e+01,8.1120863222870057e+01
branch0_seg27,6.6666666666666652e-01,6.0333000001876434e-02,6.0333000002048907e-02,8.1722222099264087e+01,8.1120859839107013e+01
branch0_seg27,7.7777777777777768e-01,6.0332999998214815e-02,6.0332999998051279e-02,8.1722223910835851e+01,8.1120861646461890e+01
branch0_seg27,8.8888888888888884e-01,6.0333000001400780e-02,6.0333000001528914e-02,8.1722223078063820e+01,8.1120860815700865e+01
branch0_seg27,1.0000000000000000e+00,6.0332999999024590e-02,6.0332999998935440e-02,8.1722223360462138e+01,8.1120861097354890e+01
branch0_seg28,0.0000000000000000e+00,6.0332999930951335e-02,6.0332999924854157e-02,8.1120854599870029e+01,8.0584975936083268e+01
branch0_seg28,1.1111111111111116e-01,6.0333000038055334e-02,6.0333000041406855e-02,8.1120868953652860e+01,8.0584990266538341e+01
branch0_seg28,2.2222222222222210e-01,6.0332999981558208e-02,6.0332999979939003e-02,8.1120854100862047e+01,8.0584975443564531e+01
branch0_seg28,3.3333333333333326e-01,6.0333000007119206e-02,6.0333000007740716e-02,8.1120866277215910e+01,8.0584987593629805e+01
branch0_seg28,4.4444444444444442e-01,6.0332999998734045e-02,6.0332999998627075e-02,8.1120857521348498e+01,8.0584978857400856e+01
branch0_seg28,5.5555555555555536e-01,6.0332999998709058e-02,6.0332999998592075e-02,8.1120863222870057e+01,8.0584984545800197e+01
branch0_seg28,6.6666666666666652e-01,6.0333000002048907e-02,6.0333000002231581e-02,8.1120859839107013e+01,8.0584981169999395e+01
branch0_seg28,7.7777777777777768e-01,6.0332999998051279e-02,6.0332999997878216e-02,8.1120861646461890e+01,8.0584982972995093e+01
branch0_seg28,8.8888888888888884e-01,6.0333000001528914e-02,6.0333000001664458e-02,8.1120860815700865e+01,8.0584982144314580e+01
branch0_seg28,1.0000000000000000e+00,6.0332999998935440e-02,6.0332999998841161e-02,8.1120861097354890e+01,8.0584982425196202e+01
branch0_seg29,0.0000000000000000e+00,6.0332999924854157e-02,6.0332999918433466e-02,8.0584975936083268e+01,8.0105799491833167e+01
branch0_seg29,1.1111111111111116e-01,6.0333000041406855e-02,6.0333000044935588e-02,8.0584990266538341e+01,8.0105813797339422e+01
branch0_seg29,2.2222222222222210e-01,6.0332999979939003e-02,6.0332999978234908e-02,8.0584975443564531e+01,8.0105799005523394e+01
branch0_seg29,3.3333333333333326e-01,6.0333000007740716e-02,6.0333000008394040e-02,8.0584987593629805e+01,8.0105811128302378e+01
branch0_seg29,4.4444444444444442e-01,6.0332999998627075e-02,6.0332999998515519e-02,8.0584978857400856e+01,8.0105802412396315e+01
branch0_seg29,5.5555555555555536e-01,6.0332999998592075e-02,6.0332999998467966e-02,8.0584984545800197e+01,8.0105808087236696e+01
branch0_seg29,6.6666666666666652e-01,6.0333000002231581e-02,6.0333000002424669e-02,8.0584981169999395e+01,8.0105804719657229e+01
branch0_seg29,7.7777777777777768e-01,6.0332999997878216e-02,6.0332999997695452e-02,8.0584982972995093e+01,8.0105806518152392e+01
branch0_seg29,8.8888888888888884e-01,6.0333000001664458e-02,6.0333000001807538e-02,8.0584982144314580e+01,8.0105805691621256e+01
branch0_seg29,1.0000000000000000e+00,6.0332999998841161e-02,6.0332999998741657e-02,8.0584982425196202e+01,8.0105805971702821e+01
branch0_seg30,0.0000000000000000e+00,6.0332999918433466e-02,6.0332999911679126e-02,8.0105799491833167e+01,7.9676308698260243e+01
branch0_seg30,1.1111111111111116e-01,6.0333000044935588e-02,6.0333000048647070e-02,8.0105813797339422e+01,7.9676322977244340e+01
branch0_seg30,2.2222222222222210e-01,6.0332999978234908e-02,6.0332999976443299e-02,8.0105799005523394e+01,7.9676308217885222e+01
branch0_seg30,3.3333333333333326e-01,6.0333000008394040e-02,6.0333000009080102e-02,8.0105811128302378e+01,7.9676320312412074e+01
branch0_seg30,4.4444444444444442e-01,6.0332999998515519e-02,6.0332999998399320e-02,8.0105802412396315e+01,7.9676311617491052e+01
branch0_seg30,5.5555555555555536e-01,6.0332999998467966e-02,6.0332999998336419e-02,8.0105808087236696e+01,7.9676317278350169e+01
branch0_seg30,6.6666666666666652e-01,6.0333000002424669e-02,6.0333000002628548e-02,8.0105804719657229e+01,7.9676313919242361e+01
branch0_seg30,7.7777777777777768e-01,6.0332999997695452e-02,6.0332999997502648e-02,8.0105806518152392e+01,7.9676315713100635e+01
branch0_seg30,8.8888888888888884e-01,6.0333000001807538e-02,6.0333000001958424e-02,8.0105805691621256e+01,7.9676314888785129e+01
branch0_seg30,1.0000000000000000e+00,6.0332999998741657e-02,6.0332999998636755e-02,8.0105805971702821e+01,7.9676315168040176e+01
branch0_seg31,0.0000000000000000e+00,6.0332999911679126e-02,6.0332999904584274e-02,7.9676308698260243e+01,7.9290404743386205e+01
branch0_seg31,1.1111111111111116e-01,6.0333000048647070e-02,6.0333000052545077e-02,7.9676322977244340e+01,7.9290418994312901e+01
branch0_seg31,2.2222222222222210e-01,6.0332999976443299e-02,6.0332999974562408e-02,7.9676308217885222e+01,7.9290404268682664e+01
branch0_seg31,3.3333333333333326e-01,6.0333000009080102e-02,6.0333000009799541e-02,7.9676320312412074e+01,7.9290416334009976e+01
branch0_seg31,4.4444444444444442e-01,6.0332999998399320e-02,6.0332999998278444e-02,7.9676311617491052e+01,7.9290407660724128e+01
branch0_seg31,5.5555555555555536e-01,6.0332999998336419e-02,6.0332999998197245e-02,7.9676317278350169e+01,7.9290413307187265e+01
branch0_seg31,6.6666666666666652e-01,6.0333000002628548e-02,6.0333000002843480e-02,7.9676313919242361e+01,7.9290409956796836e+01
branch0_seg31,7.7777777777777768e-01,6.0332999997502648e-02,6.0332999997299568e-02,7.9676315713100635e+01,7.9290411745884498e+01
branch0_seg31,8.8888888888888884e-01,6.0333000001958424e-02,6.0333000002117290e-02,7.9676314888785129e+01,7.9290410923849436e+01
branch0_seg31,1.0000000000000000e+00,6.0332999998636755e-02,6.0332999998526315e-02,7.9676315168040176e+01,7.9290411202252287e+01
branch0_seg32,0.0000000000000000e+00,6.0332999904584274e-02,6.0332999897148201e-02,7.9290404743386205e+01,7.8942261297334227e+01
branch0_seg32,1.1111111111111116e-01,6.0333000052545077e-02,6.0333000056629983e-02,7.9290418994312901e+01,7.8942275518685236e+01
branch0_seg32,2.2222222222222210e-01,6.0332999974562408e-02,6.0332999972592102e-02,7.9290404268682664e+01,7.8942260828054700e+01
branch0_seg32,3.3333333333333326e-01,6.0333000009799541e-02,6.0333000010552335e-02,7.9290416334009976e+01,7.8942272863230869e+01
branch0_seg32,4.4444444444444442e-01,6.0332999998278444e-02,6.0332999998152968e-02,7.9290407660724128e+01,7.8942264212235131e+01
branch0_seg32,5.5555555555555536e-01,6.0332999998197245e-02,6.0332999998050328e-02,7.9290413307187265e+01,7.8942269843883864e+01
branch0_seg32,6.6666666666666652e-01,6.0333000002843480e-02,6.0333000003069570e-02,7.9290409956796836e+01,7.8942266502458807e+01
branch0_seg32,7.7777777777777768e-01,6.0332999997299568e-02,6.0332999997086127e-02,7.9290411745884498e+01,7.8942268286641095e+01
branch0_seg32,8.8888888888888884e-01,6.0333000002117290e-02,6.0333000002284198e-02,7.9290410923849436e+01,7.8942267466951549e+01
branch0_seg32,1.0000000000000000e+00,6.0332999998526315e-02,6.0332999998410311e-02,7.9290411202252287e+01,7.8942267744476652e+01
branch0_seg33,0.0000000000000000e+00,6.0332999897148201e-02,6.0332999889375842e-02,7.8942261297334227e+01,7.8626471463185624e+01
branch0_seg33,1.1111111111111116e-01,6.0333000056629983e-02,6.0333000060899061e-02,7.8942275518685236e+01,7.8626485653441563e+01
branch0_seg33,2.2222222222222210e-01,6.0332999972592102e-02,6.0332999970533756e-02,7.8942260828054700e+01,7.8626470999101187e+01
branch0_seg33,3.3333333333333326e-01,6.0333000010552335e-02,6.0333000011337894e-02,7.8942272863230869e+01,7.8626483003152757e+01
branch0_seg33,4.4444444444444442e-01,6.0332999998152968e-02,6.0332999998023058e-02,7.8942264212235131e+01,7.8626474375119770e+01
branch0_seg33,5.5555555555555536e-01,6.0332999998050328e-02,6.0332999997895709e-02,7.8942269843883864e+01,7.8626479991523496e+01
branch0_seg33,6.6666666666666652e-01,6.0333000003069570e-02,6.0333000003306707e-02,7.8942266502458807e+01,7.8626476659319195e+01
branch0_seg33,7.7777777777777768e-01,6.0332999997086127e-02,6.0332999996862431e-02,7.8942268286641095e+01,7.8626478438457411e+01
branch0_seg33,8.8888888888888884e-01,6.0333000002284198e-02,6.0333000002459072e-02,7.8942267466951549e+01,7.8626477621180186e+01
branch0_seg33,1.0000000000000000e+00,6.0332999998410311e-02,6.0332999998288790e-02,7.8942267744476652e+01,7.8626477897801522e+01
branch0_seg34,0.0000000000000000e+00,6.0332999889375842e-02,6.0332999882638842e-02,7.8626471463185624e+01,7.8107019476743005e+01
branch0_seg34,1.1111111111111116e-01,6.0333000060899061e-02,6.0333000064599046e-02,7.8626485653441563e+01,7.8107033627573941e+01
branch0_seg34,2.2222222222222210e-01,6.0332999970533756e-02,6.0332999968750418e-02,7.8626470999101187e+01,7.8107019018274841e+01
branch0_seg34,3.3333333333333326e-01,6.0333000011337894e-02,6.0333000012017787e-02,7.8626483003152757e+01,7.8107030983993667e+01
branch0_seg34,4.4444444444444442e-01,6.0332999998023058e-02,6.0332999997911481e-02,7.8626474375119770e+01,7.8107022384120143e+01
branch0_seg34,5.5555555555555536e-01,6.0332999997895709e-02,6.0332999997760782e-02,7.8626479991523496e+01,7.8107027981885594e+01
branch0_seg34,6.6666666666666652e-01,6.0333000003306707e-02,6.0333000003512972e-02,7.8626476659319195e+01,7.8107024660924765e+01
branch0_seg34,7.7777777777777768e-01,6.0332999996862431e-02,6.0332999996668010e-02,7.8626478438457411e+01,7.8107026433929633e+01
branch0_seg34,8.8888888888888884e-01,6.0333000002459072e-02,6.0333000002611006e-02,7.8626477621180186e+01,7.8107025619574330e+01
branch0_seg34,1.0000000000000000e+00,6.0332999998288790e-02,6.0332999998183236e-02,7.8626477897801522e+01,7.8107025895109800e+01
branch0_seg35,0.0000000000000000e+00,6.0332999882638842e-02,6.0332999876993691e-02,7.8107019476743005e+01,7.7522040655939350e+01
branch0_seg35,1.1111111111111116e-01,6.0333000064599046e-02,6.0333000067698997e-02,7.8107033627573941e+01,7.7522054757420520e+01
branch0_seg35,2.2222222222222210e-01,6.0332999968750418e-02,6.0332999967256905e-02,7.8107019018274841e+01,7.7522040204327567e+01
branch0_seg35,3.3333333333333326e-01,6.0333000012017787e-02,6.0333000012586471e-02,7.8107030983993667e+01,7.7522052122245441e+01
branch0_seg35,4.4444444444444442e-01,6.0332999997911481e-02,6.0332999997819006e-02,7.8107022384120143e+01,7.7522043557485119e+01
branch0_seg35,5.5555555555555536e-01,6.0332999997760782e-02,6.0332999997646838e-02,7.8107027981885594e+01,7.7522049132003232e+01
branch0_seg35,6.6666666666666652e-01,6.0333000003512972e-02,6.0333000003686514e-02,7.8107024660924765e+01,7.7522045825074002e+01
branch0_seg35,7.7777777777777768e-01,6.0332999996668010e-02,6.0332999996504592e-02,7.8107026433929633e+01,7.7522047590417571e+01
branch0_seg35,8.8888888888888884e-01,6.0333000002611006e-02,6.0333000002738661e-02,7.8107025619574330e+01,7.7522046779718167e+01
branch0_seg35,1.0000000000000000e+00,6.0332999998183236e-02,6.0332999998094564e-02,7.8107025895109800e+01,7.7522047053889509e+01
branch0_seg36,0.0000000000000000e+00,6.0332999876993691e-02,6.0332999871293695e-02,7.7522040655939350e+01,7.6955569154022726e+01
branch0_seg36,1.1111111111111116e-01,6.0333000067698997e-02,6.0333000070828598e-02,7.7522054757420520e+01,7.6955583204017927e+01
branch0_seg36,2.2222222222222210e-01,6.0332999967256905e-02,6.0332999965749867e-02,7.7522040204327567e+01,7.6955568709154846e+01
branch0_seg36,3.3333333333333326e-01,6.0333000012586471e-02,6.0333000013159437e-02,7.7522052122245441e+01,7.6955580577666652e+01
branch0_seg36,4.4444444444444442e-01,6.0332999997819006e-02,6.0332999997726885e-02,7.7522043557485119e+01,7.6955572049158192e+01
branch0_seg36,5.5555555555555536e-01,6.0332999997646838e-02,6.0332999997530688e-02,7.7522049132003232e+01,7.6955577599689860e+01
branch0_seg36,6.6666666666666652e-01,6.0333000003686514e-02,6.0333000003862602e-02,7.7522045825074002e+01,7.6955574307233064e+01
branch0_seg36,7.7777777777777768e-01,6.0332999996504592e-02,6.0332999996338954e-02,7.7522047590417571e+01,7.6955576064676308e+01
branch0_seg36,8.8888888888888884e-01,6.0333000002738661e-02,6.0333000002867981e-02,7.7522046779718167e+01,7.6955575257746531e+01
branch0_seg36,1.0000000000000000e+00,6.0332999998094564e-02,6.0332999998004760e-02,7.7522047053889509e+01,7.6955575530511155e+01
branch0_seg37,0.0000000000000000e+00,6.0332999871293695e-02,6.0332999865527891e-02,7.6955569154022726e+01,7.6409370468238066e+01
branch0_seg37,1.1111111111111116e-01,6.0333000070828598e-02,6.0333000073993857e-02,7.6955583204017927e+01,7.6409384464769673e+01
branch0_seg37,2.2222222222222210e-01,6.0332999965749867e-02,6.0332999964226426e-02,7.6955568709154846e+01,7.6409370029991067e+01
branch0_seg37,3.3333333333333326e-01,6.0333000013159437e-02,6.0333000013737759e-02,7.6955580577666652e+01,7.6409381847631991e+01
branch0_seg37,4.4444444444444442e-01,6.0332999997726885e-02,6.0332999997634973e-02,7.6955572049158192e+01,7.6409373356412260e+01
branch0_seg37,5.5555555555555536e-01,6.0332999997530688e-02,6.0332999997412089e-02,7.6955577599689860e+01,7.6409378882285381e+01
branch0_seg37,6.6666666666666652e-01,6.0333000003862602e-02,6.0333000004041605e-02,7.6955574307233064e+01,7.6409375604701509e+01
branch0_seg37,7.7777777777777768e-01,6.0332999996338954e-02,6.0332999996170755e-02,7.6955576064676308e+01,7.6409377354027498e+01
branch0_seg37,8.8888888888888884e-01,6.0333000002867981e-02,6.0333000002999237e-02,7.6955575257746531e+01,7.6409376550970393e+01
branch0_seg37,1.0000000000000000e+00,6.0332999998004760e-02,6.0332999997913639e-02,7.6955575530511155e+01,7.6409376822289872e+01
branch0_seg38,0.0000000000000000e+00,6.0332999865527891e-02,6.0332999859696389e-02,7.6409370468238066e+01,7.5882695859467347e+01
branch0_seg38,1.1111111111111116e-01,6.0333000073993857e-02,6.0333000077194748e-02,7.6409384464769673e+01,7.5882709800615544e+01
branch0_seg38,2.2222222222222210e-01,6.0332999964226426e-02,6.0332999962686609e-02,7.6409370029991067e+01,7.5882695427720151e+01
branch0_seg38,3.3333333333333326e-01,6.0333000013737759e-02,6.0333000014321396e-02,7.6409381847631991e+01,7.5882707193069990e+01
branch0_seg38,4.4444444444444442e-01,6.0332999997634973e-02,6.0332999997543303e-02,7.6409373356412260e+01,7.5882698740144008e+01
branch0_seg38,5.5555555555555536e-01,6.0332999997412089e-02,6.0332999997291005e-02,7.6409378882285381e+01,7.5882704240707355e+01
branch0_seg38,6.6666666666666652e-01,6.0333000004041605e-02,6.0333000004223543e-02,7.6409375604701509e+01,7.5882700978384193e+01
branch0_seg38,7.7777777777777768e-01,6.0332999996170755e-02,6.0332999995999982e-02,7.6409377354027498e+01,7.5882702719383104e+01
branch0_seg38,8.8888888888888884e-01,6.0333000002999237e-02,6.0333000003132443e-02,7.6409376550970393e+01,7.5882701920298103e+01
branch0_seg38,1.0000000000000000e+00,6.0332999997913639e-02,6.0332999997821192e-02,7.6409376822289872e+01,7.5882702190135603e+01
branch0_seg39,0.0000000000000000e+00,6.0332999859696389e-02,6.0332999853799585e-02,7.5882695859467347e+01,7.5374824150135794e+01
branch0_seg39,1.1111111111111116e-01,6.0333000077194748e-02,6.0333000080431035e-02,7.5882709800615544e+01,7.5374838034037424e+01
branch0_seg39,2.2222222222222210e-01,6.0332999962686609e-02,6.0332999961130528e-02,7.5882695427720151e+01,7.5374823724770863e+01
branch0_seg39,3.3333333333333326e-01,6.0333000014321396e-02,6.0333000014910300e-02,7.5882707193069990e+01,7.5374835436451320e+01
branch0_seg39,4.4444444444444442e-01,6.0332999997543303e-02,6.0332999997451904e-02,7.5882698740144008e+01,7.5374827022794392e+01
branch0_seg39,5.5555555555555536e-01,6.0332999997291005e-02,6.0332999997167423e-02,7.5882704240707355e+01,7.5374832497416151e+01
branch0_seg39,6.6666666666666652e-01,6.0333000004223543e-02,6.0333000004408423e-02,7.5882700978384193e+01,7.5374829250729690e+01
branch0_seg39,7.7777777777777768e-01,6.0332999995999982e-02,6.0332999995826642e-02,7.5882702719383104e+01,7.5374830983198351e+01
branch0_seg39,8.8888888888888884e-01,6.0333000003132443e-02,6.0333000003267592e-02,7.5882701920298103e+01,7.5374830188181519e+01
branch0_seg39,1.0000000000000000e+00,6.0332999997821192e-02,6.0332999997727427e-02,7.5882702190135603e+01,7.5374830456501670e+01
branch0_seg40,0.0000000000000000e+00,6.0332999853799585e-02,6.0332999847839908e-02,7.5374824150135794e+01,7.4884677560115634e+01
branch0_seg40,1.1111111111111116e-01,6.0333000080431035e-02,6.0333000083701405e-02,7.5374838034037424e+01,7.4884691384945143e+01
branch0_seg40,2.2222222222222210e-01,6.0332999961130528e-02,6.0332999959558833e-02,7.5374823724770863e+01,7.4884677141021626e+01
branch0_seg40,3.3333333333333326e-01,6.0333000014910300e-02,6.0333000015504200e-02,7.5374835436451320e+01,7.4884688797677782e+01
branch0_seg40,4.4444444444444442e-01,6.0332999997451904e-02,6.0332999997360831e-02,7.5374827022794392e+01,7.4884680424249126e+01
branch0_seg40,5.5555555555555536e-01,6.0332999997167423e-02,6.0332999997041385e-02,7.5374832497416151e+01,7.4884685872307855e+01
branch0_seg40,6.6666666666666652e-01,6.0333000004408423e-02,6.0333000004596182e-02,7.5374829250729690e+01,7.4884682641627791e+01
branch0_seg40,7.7777777777777768e-01,6.0332999995826642e-02,6.0332999995650782e-02,7.5374830983198351e+01,7.4884684365366638e+01
branch0_seg40,8.8888888888888884e-01,6.0333000003267592e-02,6.0333000003404635e-02,7.5374830188181519e+01,7.4884683574512081e+01
branch0_seg40,1.0000000000000000e+00,6.0332999997727427e-02,6.0332999997632364e-02,7.5374830456501670e+01,7.4884683841280491e+01
branch0_seg41,0.0000000000000000e+00,6.0332999847839908e-02,6.0332999841817121e-02,7.4884677560115634e+01,7.4411698081784948e+01
branch0_seg41,1.1111111111111116e-01,6.0333000083701405e-02,6.0333000087005997e-02,7.4884691384945143e+01,7.4411711845781767e+01
branch0_seg41,2.2222222222222210e-01,6.0332999959558833e-02,6.0332999957971464e-02,7.4884677141021626e+01,7.4411697668855041e+01
branch0_seg41,3.3333333333333326e-01,6.0333000015504200e-02,6.0333000016103124e-02,7.4884688797677782e+01,7.4411709269179539e+01
branch0_seg41,4.4444444444444442e-01,6.0332999997360831e-02,6.0332999997270091e-02,7.4884680424249126e+01,7.4411700936904680e+01
branch0_seg41,5.5555555555555536e-01,6.0332999997041385e-02,6.0332999996912849e-02,7.4884685872307855e+01,7.4411706357800952e+01
branch0_seg41,6.6666666666666652e-01,6.0333000004596182e-02,6.0333000004786863e-02,7.4884682641627791e+01,7.4411703143483649e+01
branch0_seg41,7.7777777777777768e-01,6.0332999995650782e-02,6.0332999995472383e-02,7.4884684365366638e+01,7.4411704858300538e+01
branch0_seg41,8.8888888888888884e-01,6.0333000003404635e-02,6.0333000003543587e-02,7.4884683574512081e+01,7.4411704071698637e+01
branch0_seg41,1.0000000000000000e+00,6.0332999997632364e-02,6.0332999997536010e-02,7.4884683841280491e+01,7.4411704336882522e+01
branch0_seg42,0.0000000000000000e+00,6.0332999841817121e-02,6.0332999834501091e-02,7.4411698081784948e+01,7.4009353779893289e+01
branch0_seg42,1.1111111111111116e-01,6.0333000087005997e-02,6.0333000091019676e-02,7.4411711845781767e+01,7.4009367490970703e+01
branch0_seg42,2.2222222222222210e-01,6.0332999957971464e-02,6.0332999956044409e-02,7.4411697668855041e+01,7.4009353371801012e+01
branch0_seg42,3.3333333333333326e-01,6.0333000016103124e-02,6.0333000016829098e-02,7.4411709269179539e+01,7.4009364923732051e+01
branch0_seg42,4.4444444444444442e-01,6.0332999997270091e-02,6.0332999997161463e-02,7.4411700936904680e+01,7.4009356626741138e+01
branch0_seg42,5.5555555555555536e-01,6.0332999996912849e-02,6.0332999996755322e-02,7.4411706357800952e+01,7.4009362024383108e+01
branch0_seg42,6.6666666666666652e-01,6.0333000004786863e-02,6.0333000005019594e-02,7.4411703143483649e+01,7.4009358824055866e+01
branch0_seg42,7.7777777777777768e-01,6.0332999995472383e-02,6.0332999995254863e-02,7.4411704858300538e+01,7.4009360531255822e+01
branch0_seg42,8.8888888888888884e-01,6.0333000003543587e-02,6.0333000003712930e-02,7.4411704071698637e+01,7.4009359748276623e+01
branch0_seg42,1.0000000000000000e+00,6.0332999997536010e-02,6.0332999997418618e-02,7.4411704336882522e+01,7.4009360012117156e+01
branch0_seg43,0.0000000000000000e+00,6.0332999834501091e-02,6.0332999825827856e-02,7.4009353779893289e+01,7.3787576157871584e+01
branch0_seg43,1.1111111111111116e-01,6.0333000091019676e-02,6.0333000095777460e-02,7.4009367490970703e+01,7.3787589822605099e+01
branch0_seg43,2.2222222222222210e-01,6.0332999956044409e-02,6.0332999953761013e-02,7.4009353371801012e+01,7.3787575754205577e+01
branch0_seg43,3.3333333333333326e-01,6.0333000016829098e-02,6.0333000017688244e-02,7.4009364923732051e+01,7.3787587263511952e+01
branch0_seg43,4.4444444444444442e-01,6.0332999997161463e-02,6.0332999997034231e-02,7.4009356626741138e+01,7.3787578997647373e+01
branch0_seg43,5.5555555555555536e-01,6.0332999996755322e-02,6.0332999996567195e-02,7.4009362024383108e+01,7.3787584374745038e+01
branch0_seg43,6.6666666666666652e-01,6.0333000005019594e-02,6.0333000005296587e-02,7.4009358824055866e+01,7.3787581186797240e+01
branch0_seg43,7.7777777777777768e-01,6.0332999995254863e-02,6.0332999994996195e-02,7.4009360531255822e+01,7.3787582887243545e+01
branch0_seg43,8.8888888888888884e-01,6.0333000003712930e-02,6.0333000003914228e-02,7.4009359748276623e+01,7.3787582107486543e+01
branch0_seg43,1.0000000000000000e+00,6.0332999997418618e-02,6.0332999997279105e-02,7.4009360012117156e+01,7.3787582370123900e+01
branch0_seg44,0.0000000000000000e+00,6.0332999825827856e-02,6.0332999817194144e-02,7.3787576157871584e+01,7.3566207876014303e+01
branch0_seg44,1.1111111111111116e-01,6.0333000095777460e-02,6.0333000100513172e-02,7.3787589822605099e+01,7.3566221491713691e+01
branch0_seg44,2.2222222222222210e-01,6.0332999953761013e-02,6.0332999951488969e-02,7.3787575754205577e+01,7.3566207476779383e+01
branch0_seg44,3.3333333333333326e-01,6.0333000017688244e-02,6.0333000018542207e-02,7.3787587263511952e+01,7.3566218941273362e+01
branch0_seg44,4.4444444444444442e-01,6.0332999997034231e-02,6.0332999996908887e-02,7.3787578997647373e+01,7.3566210708105032e+01
branch0_seg44,5.5555555555555536e-01,6.0332999996567195e-02,6.0332999996378769e-02,7.3787584374745038e+01,7.3566216063633760e+01
branch0_seg44,6.6666666666666652e-01,6.0333000005296587e-02,6.0333000005573234e-02,7.3787581186797240e+01,7.3566212888677327e+01
branch0_seg44,7.7777777777777768e-01,6.0332999994996195e-02,6.0332999994738033e-02,7.3787582887243545e+01,7.3566214582039251e+01
branch0_seg44,8.8888888888888884e-01,6.0333000003914228e-02,6.0333000004115067e-02,7.3787582107486543e+01,7.3566213805660112e+01
branch0_seg44,1.0000000000000000e+00,6.0332999997279105e-02,6.0332999997139931e-02,7.3787582370123900e+01,7.3566214067037919e+01
branch0_seg45,0.0000000000000000e+00,6.0332999817194144e-02,6.0332999808594523e-02,7.3566207876014303e+01,7.3345608882670646e+01
branch0_seg45,1.1111111111111116e-01,6.0333000100513172e-02,6.0333000105229809e-02,7.3566221491713691e+01,7.3345622446714998e+01
branch0_seg45,2.2222222222222210e-01,6.0332999951488969e-02,6.0332999949226827e-02,7.3566207476779383e+01,7.3345608487872369e+01
branch0_seg45,3.3333333333333326e-01,6.0333000018542207e-02,6.0333000019391549e-02,7.3566218941273362e+01,7.3345619905421600e+01
branch0_seg45,4.4444444444444442e-01,6.0332999996908887e-02,6.0332999996785326e-02,7.3566210708105032e+01,7.3345611706479659e+01
branch0_seg45,5.5555555555555536e-01,6.0332999996378769e-02,6.0332999996189948e-02,7.3566216063633760e+01,7.3345617039440896e+01
branch0_seg45,6.6666666666666652e-01,6.0333000005573234e-02,6.0333000005849700e-02,7.3566212888677327e+01,7.3345613878072015e+01
branch0_seg45,7.7777777777777768e-01,6.0332999994738033e-02,6.0332999994480226e-02,7.3566214582039251e+01,7.3345615564027483e+01
branch0_seg45,8.8888888888888884e-01,6.0333000004115067e-02,6.0333000004315573e-02,7.3566213805660112e+01,7.3345614791177667e+01
branch0_seg45,1.0000000000000000e+00,6.0332999997139931e-02,6.0332999997001015e-02,7.3566214067037919e+01,7.3345615051241253e+01
branch0_seg46,0.0000000000000000e+00,6.0332999808594523e-02,6.0332999800029832e-02,7.3345608882670646e+01,7.3125817170283227e+01
branch0_seg46,1.1111111111111116e-01,6.0333000105229809e-02,6.0333000109926933e-02,7.3345622446714998e+01,7.3125830680088342e+01
branch0_seg46,2.2222222222222210e-01,6.0332999949226827e-02,6.0332999946974795e-02,7.3345608487872369e+01,7.3125816779931199e+01
branch0_seg46,3.3333333333333326e-01,6.0333000019391549e-02,6.0333000020236185e-02,7.3345619905421600e+01,7.3125828148428468e+01
branch0_seg46,4.4444444444444442e-01,6.0332999996785326e-02,6.0332999996663562e-02,7.3345611706479659e+01,7.3125819985225490e+01
branch0_seg46,5.5555555555555536e-01,6.0332999996189948e-02,6.0332999996000752e-02,7.3345617039440896e+01,7.3125825294632108e+01
branch0_seg46,6.6666666666666652e-01,6.0333000005849700e-02,6.0333000006125952e-02,7.3345613878072015e+01,7.3125822147440005e+01
branch0_seg46,7.7777777777777768e-01,6.0332999994480226e-02,6.0332999994222793e-02,7.3345615564027483e+01,7.3125823825670892e+01
branch0_seg46,8.8888888888888884e-01,6.0333000004315573e-02,6.0333000004515719e-02,7.3345614791177667e+01,7.3125823056499769e+01
branch0_seg46,1.0000000000000000e+00,6.0332999997001015e-02,6.0332999996862376e-02,7.3345615051241253e+01,7.3125823315195461e+01
branch0_seg47,0.0000000000000000e+00,6.0332999800029832e-02,6.0332999791511389e-02,7.3125817170283227e+01,7.2906329862647169e+01
branch0_seg47,1.1111111111111116e-01,6.0333000109926933e-02,6.0333000114598342e-02,7.3125830680088342e+01,7.2906343315599599e+01
branch0_seg47,2.2222222222222210e-01,6.0332999946974795e-02,6.0332999944735823e-02,7.3125816779931199e+01,7.2906329476760391e+01
branch0_seg47,3.3333333333333326e-01,6.0333000020236185e-02,6.0333000021075049e-02,7.3125828148428468e+01,7.2906340794064135e+01
branch0_seg47,4.4444444444444442e-01,6.0332999996663562e-02,6.0332999996543707e-02,7.3125819985225490e+01,7.2906332668138290e+01
branch0_seg47,5.5555555555555536e-01,6.0332999996000752e-02,6.0332999995811445e-02,7.3125825294632108e+01,7.2906337952986206e+01
branch0_seg47,6.6666666666666652e-01,6.0333000006125952e-02,6.0333000006401613e-02,7.3125822147440005e+01,7.2906334820570223e+01
branch0_seg47,7.7777777777777768e-01,6.0332999994222793e-02,6.0332999993966088e-02,7.3125823825670892e+01,7.2906336490753063e+01
branch0_seg47,8.8888888888888884e-01,6.0333000004515719e-02,6.0333000004715233e-02,7.3125823056499769e+01,7.2906335725412376e+01
branch0_seg47,1.0000000000000000e+00,6.0332999996862376e-02,6.0332999996724201e-02,7.3125823315195461e+01,7.2906335982685761e+01
branch0_seg48,0.0000000000000000e+00,6.0332999791511389e-02,6.0332999783046223e-02,7.2906329862647169e+01,7.2686857072529676e+01
branch0_seg48,1.1111111111111116e-01,6.0333000114598342e-02,6.0333000119240199e-02,7.2906343315599599e+01,7.2686870466009893e+01
branch0_seg48,2.2222222222222210e-01,6.0332999944735823e-02,6.0332999942511747e-02,7.2906329476760391e+01,7.2686856691135020e+01
branch0_seg48,3.3333333333333326e-01,6.0333000021075049e-02,6.0333000021907453e-02,7.2906340794064135e+01,7.2686867955089838e+01
branch0_seg48,4.4444444444444442e-01,6.0332999996543707e-02,6.0332999996425871e-02,7.2906332668138290e+01,7.2686859867990094e+01
branch0_seg48,5.5555555555555536e-01,6.0332999995811445e-02,6.0332999995622215e-02,7.2906337952986206e+01,7.2686865127267950e+01
branch0_seg48,6.6666666666666652e-01,6.0333000006401613e-02,6.0333000006676435e-02,7.2906334820570223e+01,7.2686862010231749e+01
branch0_seg48,7.7777777777777768e-01,6.0332999993966088e-02,6.0332999993710348e-02,7.2906336490753063e+01,7.2686863672040843e+01
branch0_seg48,8.8888888888888884e-01,6.0333000004715233e-02,6.0333000004913928e-02,7.2906335725412376e+01,7.2686862910683246e+01
branch0_seg48,1.0000000000000000e+00,6.0332999996724201e-02,6.0332999996586617e-02,7.2906335982685761e+01,7.2686863166479739e+01
branch0_seg49,0.0000000000000000e+00,6.0332999783046223e-02,6.0332999774636374e-02,7.2686857072529676e+01,7.2467368043232156e+01
branch0_seg49,1.1111111111111116e-01,6.0333000119240199e-02,6.0333000123851399e-02,7.2686870466009893e+01,7.2467381374647985e+01
branch0_seg49,2.2222222222222210e-01,6.0332999942511747e-02,6.0332999940303077e-02,7.2686856691135020e+01,7.2467367666362463e+01
branch0_seg49,3.3333333333333326e-01,6.0333000021907453e-02,6.0333000022733209e-02,7.2686867955089838e+01,7.2467378874828341e+01
branch0_seg49,4.4444444444444442e-01,6.0332999996425871e-02,6.0332999996310060e-02,7.2686859867990094e+01,7.2467370828093223e+01
branch0_seg49,5.5555555555555536e-01,6.0332999995622215e-02,6.0332999995433095e-02,7.2686865127267950e+01,7.2467376060796397e+01
branch0_seg49,6.6666666666666652e-01,6.0333000006676435e-02,6.0333000006950362e-02,7.2686862010231749e+01,7.2467372959739521e+01
branch0_seg49,7.7777777777777768e-01,6.0332999993710348e-02,6.0332999993455629e-02,7.2686863672040843e+01,7.2467374612851572e+01
branch0_seg49,8.8888888888888884e-01,6.0333000004913928e-02,6.0333000005111777e-02,7.2686862910683246e+01,7.2467373855628367e+01
branch0_seg49,1.0000000000000000e+00,6.0332999996586617e-02,6.0332999996449650e-02,7.2686863166479739e+01,7.2467374109894138e+01
branch0_seg50,0.0000000000000000e+00,6.0332999774636374e-02,6.0332999766282772e-02,7.2467368043232156e+01,7.2247886737771893e+01
branch0_seg50,1.1111111111111116e-01,6.0333000123851399e-02,6.0333000128431444e-02,7.2467381374647985e+01,7.2247900004567185e+01
branch0_seg50,2.2222222222222210e-01,6.0332999940303077e-02,6.0332999938110046e-02,7.2467367666362463e+01,7.2247886365465803e+01
branch0_seg50,3.3333333333333326e-01,6.0333000022733209e-02,6.0333000023552255e-02,7.2467378874828341e+01,7.2247897516325395e+01
branch0_seg50,4.4444444444444442e-01,6.0332999996310060e-02,6.0332999996196263e-02,7.2467370828093223e+01,7.2247889511477780e+01
branch0_seg50,5.5555555555555536e-01,6.0332999995433095e-02,6.0332999995244142e-02,7.2467376060796397e+01,7.2247894716611711e+01
branch0_seg50,6.6666666666666652e-01,6.0333000006950362e-02,6.0333000007223331e-02,7.2467372959739521e+01,7.2247891632127576e+01
branch0_seg50,7.7777777777777768e-01,6.0332999993455629e-02,6.0332999993201963e-02,7.2467374612851572e+01,7.2247893276222797e+01
branch0_seg50,8.8888888888888884e-01,6.0333000005111777e-02,6.0333000005308730e-02,7.2467373855628367e+01,7.2247892523283483e+01
branch0_seg50,1.0000000000000000e+00,6.0332999996449650e-02,6.0332999996313336e-02,7.2467374109894138e+01,7.2247892775965468e+01
branch0_seg51,0.0000000000000000e+00,6.0332999766282772e-02,6.0332999757987449e-02,7.2247886737771893e+01,7.2028377799973129e+01
branch0_seg51,1.1111111111111116e-01,6.0333000128431444e-02,6.0333000132979230e-02,7.2247900004567185e+01,7.2028390999620157e+01
branch0_seg51,2.2222222222222210e-01,6.0332999938110046e-02,6.0332999935933163e-02,7.2247886365465803e+01,7.2028377432275875e+01
branch0_seg51,3.3333333333333326e-01,6.0333000023552255e-02,6.0333000024364425e-02,7.2247897516325395e+01,7.2028388523427353e+01
branch0_seg51,4.4444444444444442e-01,6.0332999996196263e-02,6.0332999996084477e-02,7.2247889511477780e+01,7.2028380561979702e+01
branch0_seg51,5.5555555555555536e-01,6.0332999995244142e-02,6.0332999995055418e-02,7.2247894716611711e+01,7.2028385738556523e+01
branch0_seg51,6.6666666666666652e-01,6.0333000007223331e-02,6.0333000007495259e-02,7.2247891632127576e+01,7.2028382671234510e+01
branch0_seg51,7.7777777777777768e-01,6.0332999993201963e-02,6.0332999992949436e-02,7.2247893276222797e+01,7.2028384305995388e+01
branch0_seg51,8.8888888888888884e-01,6.0333000005308730e-02,6.0333000005504747e-02,7.2247892523283483e+01,7.2028383557488198e+01
branch0_seg51,1.0000000000000000e+00,6.0332999996313336e-02,6.0332999996177694e-02,7.2247892775965468e+01,7.2028383808534045e+01
branch0_seg52,0.0000000000000000e+00,6.0332999757987449e-02,6.0332999749751842e-02,7.2028377799973129e+01,7.1808835218100597e+01
branch0_seg52,1.1111111111111116e-01,6.0333000132979230e-02,6.0333000137493972e-02,7.2028390999620157e+01,7.1808848348105158e+01
branch0_seg52,2.2222222222222210e-01,6.0332999935933163e-02,6.0332999933772787e-02,7.2028377432275875e+01,7.1808834855064049e+01
branch0_seg52,3.3333333333333326e-01,6.0333000024364425e-02,6.0333000025169593e-02,7.2028388523427353e+01,7.1808845884425267e+01
branch0_seg52,4.4444444444444442e-01,6.0332999996084477e-02,6.0332999995974697e-02,7.2028380561979702e+01,7.1808837967876613e+01
branch0_seg52,5.5555555555555536e-01,6.0332999995055418e-02,6.0332999994866993e-02,7.2028385738556523e+01,7.1808843114917053e+01
branch0_seg52,6.6666666666666652e-01,6.0333000007495259e-02,6.0333000007766077e-02,7.2028382671234510e+01,7.1808840065341329e+01
branch0_seg52,7.7777777777777768e-01,6.0332999992949436e-02,6.0332999992698109e-02,7.2028384305995388e+01,7.1808841690453363e+01
branch0_seg52,8.8888888888888884e-01,6.0333000005504747e-02,6.0333000005699772e-02,7.2028383557488198e+01,7.1808840946524938e+01
branch0_seg52,1.0000000000000000e+00,6.0332999996177694e-02,6.0332999996042760e-02,7.2028383808534045e+01,7.1808841195883033e+01
branch0_seg53,0.0000000000000000e+00,6.0332999749751842e-02,6.0332999741581232e-02,7.1808835218100597e+01,7.1589044516229421e+01
branch0_seg53,1.1111111111111116e-01,6.0333000137493972e-02,6.0333000141972799e-02,7.1808848348105158e+01,7.1589057574097950e+01
branch0_seg53,2.2222222222222210e-01,6.0332999933772787e-02,6.0332999931630285e-02,7.1808834855064049e+01,7.1589044157914103e+01
branch0_seg53,3.3333333333333326e-01,6.0333000025169593e-02,6.0333000025967254e-02,7.1808845884425267e+01,7.1589055123393635e+01
branch0_seg53,4.4444444444444442e-01,6.0332999995974697e-02,6.0332999995866984e-02,7.1808837967876613e+01,7.1589047253250570e+01
branch0_seg53,5.5555555555555536e-01,6.0332999994866993e-02,6.0332999994678976e-02,7.1808843114917053e+01,7.1589052369770229e+01
branch0_seg53,6.6666666666666652e-01,6.0333000007766077e-02,6.0333000008035612e-02,7.1808840065341329e+01,7.1589049338527971e+01
branch0_seg53,7.7777777777777768e-01,6.0332999992698109e-02,6.0332999992448136e-02,7.1808841690453363e+01,7.1589050953675141e+01
branch0_seg53,8.8888888888888884e-01,6.0333000005699772e-02,6.0333000005893679e-02,7.1808840946524938e+01,7.1589050214472692e+01
branch0_seg53,1.0000000000000000e+00,6.0332999996042760e-02,6.0332999995908625e-02,7.1808841195883033e+01,7.1589050462091393e+01
branch0_seg54,0.0000000000000000e+00,6.0332999741581232e-02,6.0332999733485979e-02,7.1589044516229421e+01,7.1368508406277030e+01
branch0_seg54,1.1111111111111116e-01,6.0333000141972799e-02,6.0333000146410014e-02,7.1589057574097950e+01,7.1368521389467503e+01
branch0_seg54,2.2222222222222210e-01,6.0332999931630285e-02,6.0332999929508371e-02,7.1589044157914103e+01,7.1368508052754862e+01
branch0_seg54,3.3333333333333326e-01,6.0333000025967254e-02,6.0333000026756421e-02,7.1589055123393635e+01,7.1368518952209058e+01
branch0_seg54,4.4444444444444442e-01,6.0332999995866984e-02,6.0332999995761465e-02,7.1589047253250570e+01,7.1368511130016898e+01
branch0_seg54,5.5555555555555536e-01,6.0332999994678976e-02,6.0332999994491633e-02,7.1589052369770229e+01,7.1368516215005712e+01
branch0_seg54,6.6666666666666652e-01,6.0333000008035612e-02,6.0333000008303515e-02,7.1589049338527971e+01,7.1368513202699447e+01
branch0_seg54,7.7777777777777768e-01,6.0332999992448136e-02,6.0332999992199848e-02,7.1589050953675141e+01,7.1368514807557560e+01
branch0_seg54,8.8888888888888884e-01,6.0333000005893679e-02,6.0333000006086213e-02,7.1589050214472692e+01,7.1368514073231978e+01
branch0_seg54,1.0000000000000000e+00,6.0332999995908625e-02,6.0332999995775467e-02,7.1589050462091393e+01,7.1368514319058477e+01
branch0_seg55,0.0000000000000000e+00,6.0332999733485979e-02,6.0332999725464992e-02,7.1368508406277030e+01,7.1147348184095321e+01
branch0_seg55,1.1111111111111116e-01,6.0333000146410014e-02,6.0333000150806247e-02,7.1368521389467503e+01,7.1147361090118892e+01
branch0_seg55,2.2222222222222210e-01,6.0332999929508371e-02,6.0332999927406726e-02,7.1368508052754862e+01,7.1147347835444137e+01
branch0_seg55,3.3333333333333326e-01,6.0333000026756421e-02,6.0333000027537241e-02,7.1368518952209058e+01,7.1147358666765768e+01
branch0_seg55,4.4444444444444442e-01,6.0332999995761465e-02,6.0332999995658068e-02,7.1368511130016898e+01,7.1147350894044308e+01
branch0_seg55,5.5555555555555536e-01,6.0332999994491633e-02,6.0332999994304977e-02,7.1368516215005712e+01,7.1147355946508796e+01
branch0_seg55,6.6666666666666652e-01,6.0333000008303515e-02,6.0333000008569775e-02,7.1368513202699447e+01,7.1147352953731030e+01
branch0_seg55,7.7777777777777768e-01,6.0332999992199848e-02,6.0332999991953247e-02,7.1368514807557560e+01,7.1147354547981493e+01
branch0_seg55,8.8888888888888884e-01,6.0333000006086213e-02,6.0333000006277386e-02,7.1368514073231978e+01,7.1147353818680855e+01
branch0_seg55,1.0000000000000000e+00,6.0332999995775467e-02,6.0332999995643281e-02,7.1368514319058477e+01,7.1147354062663524e+01
branch0_seg56,0.0000000000000000e+00,6.0332999725464992e-02,6.0332999717506920e-02,7.1147348184095321e+01,7.0926255086481916e+01
branch0_seg56,1.1111111111111116e-01,6.0333000150806247e-02,6.0333000155167703e-02,7.1147361090118892e+01,7.0926267913006981e+01
branch0_seg56,2.2222222222222210e-01,6.0332999927406726e-02,6.0332999925322379e-02,7.1147347835444137e+01,7.0926254742780245e+01
branch0_seg56,3.3333333333333326e-01,6.0333000027537241e-02,6.0333000028310810e-02,7.1147358666765768e+01,7.0926265503988787e+01
branch0_seg56,4.4444444444444442e-01,6.0332999995658068e-02,6.0332999995556649e-02,7.1147350894044308e+01,7.0926257782166971e+01
branch0_seg56,5.5555555555555536e-01,6.0332999994304977e-02,6.0332999994118751e-02,7.1147355946508796e+01,7.0926262801172996e+01
branch0_seg56,6.6666666666666652e-01,6.0333000008569775e-02,6.0333000008834771e-02,7.1147352953731030e+01,7.0926259828480696e+01
branch0_seg56,7.7777777777777768e-01,6.0332999991953247e-02,6.0332999991707978e-02,7.1147354547981493e+01,7.0926261411824242e+01
branch0_seg56,8.8888888888888884e-01,6.0333000006277386e-02,6.0333000006467470e-02,7.1147353818680855e+01,7.0926260687687375e+01
branch0_seg56,1.0000000000000000e+00,6.0332999995643281e-02,6.0332999995511880e-02,7.1147354062663524e+01,7.0926260929778152e+01
branch0_seg57,0.0000000000000000e+00,6.0332999717506920e-02,6.0332999708421015e-02,7.0926255086481916e+01,7.0734752770118973e+01
branch0_seg57,1.1111111111111116e-01,6.0333000155167703e-02,6.0333000160146935e-02,7.0926267913006981e+01,7.0734765525110333e+01
branch0_seg57,2.2222222222222210e-01,6.0332999925322379e-02,6.0332999922943546e-02,7.0926254742780245e+01,7.0734752430722850e+01
branch0_seg57,3.3333333333333326e-01,6.0333000028310810e-02,6.0333000029192750e-02,7.0926265503988787e+01,7.0734763129017281e+01
branch0_seg57,4.4444444444444442e-01,6.0332999995556649e-02,6.0332999995442178e-02,7.0926257782166971e+01,7.0734755452844809e+01
branch0_seg57,5.5555555555555536e-01,6.0332999994118751e-02,6.0332999993904964e-02,7.0926262801172996e+01,7.0734760441857432e+01
branch0_seg57,6.6666666666666652e-01,6.0333000008834771e-02,6.0333000009138250e-02,7.0926259828480696e+01,7.0734757487161275e+01
branch0_seg57,7.7777777777777768e-01,6.0332999991707978e-02,6.0332999991427272e-02,7.0926261411824242e+01,7.0734759060739307e+01
branch0_seg57,8.8888888888888884e-01,6.0333000006467470e-02,6.0333000006684949e-02,7.0926260687687375e+01,7.0734758341220214e+01
branch0_seg57,1.0000000000000000e+00,6.0332999995511880e-02,6.0332999995361562e-02,7.0926260929778152e+01,7.0734758581624249e+01
branch0_seg58,0.0000000000000000e+00,6.0332999708421015e-02,6.0332999698221826e-02,7.0734752770118973e+01,7.0604245205744490e+01
branch0_seg58,1.1111111111111116e-01,6.0333000160146935e-02,6.0333000165735916e-02,7.0734765525110333e+01,7.0604257895659046e+01
branch0_seg58,2.2222222222222210e-01,6.0332999922943546e-02,6.0332999920274188e-02,7.0734752430722850e+01,7.0604244870463702e+01
branch0_seg58,3.3333333333333326e-01,6.0333000029192750e-02,6.0333000030181473e-02,7.0734763129017281e+01,7.0604255511280854e+01
branch0_seg58,4.4444444444444442e-01,6.0332999995442178e-02,6.0332999995314995e-02,7.0734755452844809e+01,7.0604247876850096e+01
branch0_seg58,5.5555555555555536e-01,6.0332999993904964e-02,6.0332999993663816e-02,7.0734760441857432e+01,7.0604252838417224e+01
branch0_seg58,6.6666666666666652e-01,6.0333000009138250e-02,6.0333000009479831e-02,7.0734757487161275e+01,7.0604249900199278e+01
branch0_seg58,7.7777777777777768e-01,6.0332999991427272e-02,6.0332999991111511e-02,7.0734759060739307e+01,7.0604251464829204e+01
branch0_seg58,8.8888888888888884e-01,6.0333000006684949e-02,6.0333000006929524e-02,7.0734758341220214e+01,7.0604250749545301e+01
branch0_seg58,1.0000000000000000e+00,6.0332999995361562e-02,6.0332999995192545e-02,7.0734758581624249e+01,7.0604250988399514e+01
branch0_seg59,0.0000000000000000e+00,6.0332999698221826e-02,6.0332999688219445e-02,7.0604245205744490e+01,7.0470358020590083e+01
branch0_seg59,1.1111111111111116e-01,6.0333000165735916e-02,6.0333000171216733e-02,7.0604257895659046e+01,7.0470370642344179e+01
branch0_seg59,2.2222222222222210e-01,6.0332999920274188e-02,6.0332999917657143e-02,7.0604244870463702e+01,7.0470357689573646e+01
branch0_seg59,3.3333333333333326e-01,6.0333000030181473e-02,6.0333000031150032e-02,7.0604255511280854e+01,7.0470368270242830e+01
branch0_seg59,4.4444444444444442e-01,6.0332999995314995e-02,6.0332999995191393e-02,7.0604247876850096e+01,7.0470360679486149e+01
branch0_seg59,5.5555555555555536e-01,6.0332999993663816e-02,6.0332999993426333e-02,7.0604252838417224e+01,7.0470365612342150e+01
branch0_seg59,6.6666666666666652e-01,6.0333000009479831e-02,6.0333000009815597e-02,7.0604249900199278e+01,7.0470362691358233e+01
branch0_seg59,7.7777777777777768e-01,6.0332999991111511e-02,6.0332999990801273e-02,7.0604251464829204e+01,7.0470364246633238e+01
branch0_seg59,8.8888888888888884e-01,6.0333000006929524e-02,6.0333000007169749e-02,7.0604250749545301e+01,7.0470363535773799e+01
branch0_seg59,1.0000000000000000e+00,6.0332999995192545e-02,6.0332999995026559e-02,7.0604250988399514e+01,7.0470363773012096e+01
branch0_seg60,0.0000000000000000e+00,6.0332999688219445e-02,6.0332999678414892e-02,7.0470358020590083e+01,7.0332945865454363e+01
branch0_seg60,1.1111111111111116e-01,6.0333000171216733e-02,6.0333000176588839e-02,7.0470370642344179e+01,7.0332958415937981e+01
branch0_seg60,2.2222222222222210e-01,6.0332999917657143e-02,6.0332999915092646e-02,7.0470357689573646e+01,7.0332945538858709e+01
branch0_seg60,3.3333333333333326e-01,6.0333000031150032e-02,6.0333000032098363e-02,7.0470368270242830e+01,7.0332956056679450e+01
branch0_seg60,4.4444444444444442e-01,6.0332999995191393e-02,6.0332999995071329e-02,7.0470360679486149e+01,7.0332948511551365e+01
branch0_seg60,5.5555555555555536e-01,6.0332999993426333e-02,6.0332999993192589e-02,7.0470365612342150e+01,7.0332953414415996e+01
branch0_seg60,6.6666666666666652e-01,6.0333000009815597e-02,6.0333000010145493e-02,7.0470362691358233e+01,7.0332950511430596e+01
branch0_seg60,7.7777777777777768e-01,6.0332999990801273e-02,6.0332999990496627e-02,7.0470364246633238e+01,7.0332952056939263e+01
branch0_seg60,8.8888888888888884e-01,6.0333000007169749e-02,6.0333000007405595e-02,7.0470363535773799e+01,7.0332951350695595e+01
branch0_seg60,1.0000000000000000e+00,6.0332999995026559e-02,6.0332999994863627e-02,7.0470363773012096e+01,7.0332951586251312e+01
branch0_seg61,0.0000000000000000e+00,6.0332999678414892e-02,6.0332999668806356e-02,7.0332945865454363e+01,7.0191935392226043e+01
branch0_seg61,1.1111111111111116e-01,6.0333000176588839e-02,6.0333000181853225e-02,7.0332958415937981e+01,7.0191947868322515e+01
branch0_seg61,2.2222222222222210e-01,6.0332999915092646e-02,6.0332999912580211e-02,7.0332945538858709e+01,7.0191935070214058e+01
branch0_seg61,3.3333333333333326e-01,6.0333000032098363e-02,6.0333000033026683e-02,7.0332956056679450e+01,7.0191945522473247e+01
branch0_seg61,4.4444444444444442e-01,6.0332999995071329e-02,6.0332999994954749e-02,7.0332948511551365e+01,7.0191938024937926e+01
branch0_seg61,5.5555555555555536e-01,6.0332999993192589e-02,6.0332999992962572e-02,7.0332953414415996e+01,7.0191942896524566e+01
branch0_seg61,6.6666666666666652e-01,6.0333000010145493e-02,6.0333000010469533e-02,7.0332950511430596e+01,7.0191940012305892e+01
branch0_seg61,7.7777777777777768e-01,6.0332999990496627e-02,6.0332999990197526e-02,7.0332952056939263e+01,7.0191941547634954e+01
branch0_seg61,8.8888888888888884e-01,6.0333000007405595e-02,6.0333000007637090e-02,7.0332951350695595e+01,7.0191940846199017e+01
branch0_seg61,1.0000000000000000e+00,6.0332999994863627e-02,6.0332999994703727e-02,7.0332951586251312e+01,7.0191941080005492e+01
branch0_seg62,0.0000000000000000e+00,6.0332999668806356e-02,6.0332999659393351e-02,7.0191935392226043e+01,7.0047210181174890e+01
branch0_seg62,1.1111111111111116e-01,6.0333000181853225e-02,6.0333000187010148e-02,7.0191947868322515e+01,7.0047222579750738e+01
branch0_seg62,2.2222222222222210e-01,6.0332999912580211e-02,6.0332999910119714e-02,7.0191935070214058e+01,7.0047209863916464e+01
branch0_seg62,3.3333333333333326e-01,6.0333000033026683e-02,6.0333000033935068e-02,7.0191945522473247e+01,7.0047220247879466e+01
branch0_seg62,4.4444444444444442e-01,6.0332999994954749e-02,6.0332999994841596e-02,7.0191938024937926e+01,7.0047212799917219e+01
branch0_seg62,5.5555555555555536e-01,6.0332999992962572e-02,6.0332999992736308e-02,7.0191942896524566e+01,7.0047217638928529e+01
branch0_seg62,6.6666666666666652e-01,6.0333000010469533e-02,6.0333000010787702e-02,7.0191940012305892e+01,7.0047214774251131e+01
branch0_seg62,7.7777777777777768e-01,6.0332999990197526e-02,6.0332999989903990e-02,7.0191941547634954e+01,7.0047216298984068e+01
branch0_seg62,8.8888888888888884e-01,6.0333000007637090e-02,6.0333000007864221e-02,7.0191940846199017e+01,7.0047215602549201e+01
branch0_seg62,1.0000000000000000e+00,6.0332999994703727e-02,6.0332999994546867e-02,7.0191941080005492e+01,7.0047215834539415e+01
branch0_seg63,0.0000000000000000e+00,6.0332999659393351e-02,6.0332999650176994e-02,7.0047210181174890e+01,6.9898597706535426e+01
branch0_seg63,1.1111111111111116e-01,6.0333000187010148e-02,6.0333000192059012e-02,7.0047222579750738e+01,6.9898610024425750e+01
branch0_seg63,2.2222222222222210e-01,6.0332999910119714e-02,6.0332999907711397e-02,7.0047209863916464e+01,6.9898597394208110e+01
branch0_seg63,3.3333333333333326e-01,6.0333000033935068e-02,6.0333000034823434e-02,7.0047220247879466e+01,6.9898607707106180e+01
branch0_seg63,4.4444444444444442e-01,6.0332999994841596e-02,6.0332999994731858e-02,7.0047212799917219e+01,6.9898600310722571e+01
branch0_seg63,5.5555555555555536e-01,6.0332999992736308e-02,6.0332999992513854e-02,7.0047217638928529e+01,6.9898605115844603e+01
branch0_seg63,6.6666666666666652e-01,6.0333000010787702e-02,6.0333000011099952e-02,7.0047214774251131e+01,6.9898602271492862e+01
branch0_seg63,7.7777777777777768e-01,6.0332999989903990e-02,6.0332999989616075e-02,7.0047216298984068e+01,6.9898603785207953e+01
branch0_seg63,8.8888888888888884e-01,6.0333000007864221e-02,6.0333000008086946e-02,7.0047215602549201e+01,6.9898603093969825e+01
branch0_seg63,1.0000000000000000e+00,6.0332999994546867e-02,6.0332999994393073e-02,7.0047215834539415e+01,6.9898603324076049e+01
branch0_seg64,0.0000000000000000e+00,6.0332999650176994e-02,6.0332999641141277e-02,6.9898597706535426e+01,6.9746512243590360e+01
branch0_seg64,1.1111111111111116e-01,6.0333000192059012e-02,6.0333000197008567e-02,6.9898610024425750e+01,6.9746524477753638e+01
branch0_seg64,2.2222222222222210e-01,6.0332999907711397e-02,6.0332999905351084e-02,6.9898597394208110e+01,6.9746511936371661e+01
branch0_seg64,3.3333333333333326e-01,6.0333000034823434e-02,6.0333000035693356e-02,6.9898607707106180e+01,6.9746522175536157e+01
branch0_seg64,4.4444444444444442e-01,6.0332999994731858e-02,6.0332999994625318e-02,6.9898600310722571e+01,6.9746514832664843e+01
branch0_seg64,5.5555555555555536e-01,6.0332999992513854e-02,6.0332999992294849e-02,6.9898605115844603e+01,6.9746519602630684e+01
branch0_seg64,6.6666666666666652e-01,6.0333000011099952e-02,6.0333000011406776e-02,6.9898602271492862e+01,6.9746516779360789e+01
branch0_seg64,7.7777777777777768e-01,6.0332999989616075e-02,6.0332999989333301e-02,6.9898603785207953e+01,6.9746518281651689e+01
branch0_seg64,8.8888888888888884e-01,6.0333000008086946e-02,6.0333000008305632e-02,6.9898603093969825e+01,6.9746517595798551e+01
branch0_seg64,1.0000000000000000e+00,6.0332999994393073e-02,6.0332999994242097e-02,6.9898603324076049e+01,6.9746517823955926e+01
branch0_seg65,0.0000000000000000e+00,6.0332999641141277e-02,6.0332999628073064e-02,6.9746512243590360e+01,6.9598327019211325e+01
branch0_seg65,1.1111111111111116e-01,6.0333000197008567e-02,6.0333000204166563e-02,6.9746524477753638e+01,6.9598339192820418e+01
branch0_seg65,2.2222222222222210e-01,6.0332999905351084e-02,6.0332999901938501e-02,6.9746511936371661e+01,6.9598326715104307e+01
branch0_seg65,3.3333333333333326e-01,6.0333000035693356e-02,6.0333000036950073e-02,6.9746522175536157e+01,6.9598336901645268e+01
branch0_seg65,4.4444444444444442e-01,6.0332999994625318e-02,6.0332999994472683e-02,6.9746514832664843e+01,6.9598329596858747e+01
branch0_seg65,5.5555555555555536e-01,6.0332999992294849e-02,6.0332999991976853e-02,6.9746519602630684e+01,6.9598334341864344e+01
branch0_seg65,6.6666666666666652e-01,6.0333000011406776e-02,6.0333000011851524e-02,6.9746516779360789e+01,6.9598331533524004e+01
branch0_seg65,7.7777777777777768e-01,6.0332999989333301e-02,6.0332999988923615e-02,6.9746518281651689e+01,6.9598333027751039e+01
branch0_seg65,8.8888888888888884e-01,6.0333000008305632e-02,6.0333000008622399e-02,6.9746517595798551e+01,6.9598332345678799e+01
branch0_seg65,1.0000000000000000e+00,6.0332999994242097e-02,6.0332999994023438e-02,6.9746517823955926e+01,6.9598332572485319e+01
branch0_seg66,0.0000000000000000e+00,6.0332999628073064e-02,6.0332999610789646e-02,6.9598327019211325e+01,6.9557794193560639e+01
branch0_seg66,1.1111111111111116e-01,6.0333000204166563e-02,6.0333000213632824e-02,6.9598339192820418e+01,6.9557806320831659e+01
branch0_seg66,2.2222222222222210e-01,6.0332999901938501e-02,6.0332999897426347e-02,6.9598326715104307e+01,6.9557793892499646e+01
branch0_seg66,3.3333333333333326e-01,6.0333000036950073e-02,6.0333000038610710e-02,6.9598336901645268e+01,6.9557804037971223e+01
branch0_seg66,4.4444444444444442e-01,6.0332999994472683e-02,6.0332999994272225e-02,6.9598329596858747e+01,6.9557796763026019e+01
branch0_seg66,5.5555555555555536e-01,6.0332999991976853e-02,6.0332999991555072e-02,6.9598334341864344e+01,6.9557801488410973e+01
branch0_seg66,6.6666666666666652e-01,6.0333000011851524e-02,6.0333000012440657e-02,6.9598331533524004e+01,6.9557798691842962e+01
branch0_seg66,7.7777777777777768e-01,6.0332999988923615e-02,6.0332999988381118e-02,6.9598333027751039e+01,6.9557800179688371e+01
branch0_seg66,8.8888888888888884e-01,6.0333000008622399e-02,6.0333000009041772e-02,6.9598332345678799e+01,6.9557799500624384e+01
branch0_seg66,1.0000000000000000e+00,6.0332999994023438e-02,6.0332999993733989e-02,6.9598332572485319e+01,6.9557799726343035e+01
branch0_seg67,0.0000000000000000e+00,6.0332999610789646e-02,6.0332999594371474e-02,6.9557794193560639e+01,6.9513268251518113e+01
branch0_seg67,1.1111111111111116e-01,6.0333000213632824e-02,6.0333000222624750e-02,6.9557806320831659e+01,6.9513280328217249e+01
branch0_seg67,2.2222222222222210e-01,6.0332999897426347e-02,6.0332999893140921e-02,6.9557793892499646e+01,6.9513267953783611e+01
branch0_seg67,3.3333333333333326e-01,6.0333000038610710e-02,6.0333000040187212e-02,6.9557804037971223e+01,6.9513278054431865e+01
branch0_seg67,4.4444444444444442e-01,6.0332999994272225e-02,6.0332999994082773e-02,6.9557796763026019e+01,6.9513270812053378e+01
branch0_seg67,5.5555555555555536e-01,6.0332999991555072e-02,6.0332999991153588e-02,6.9557801488410973e+01,6.9513275516028969e+01
branch0_seg67,6.6666666666666652e-01,6.0333000012440657e-02,6.0333000013000931e-02,6.9557798691842962e+01,6.9513272732302980e+01
branch0_seg67,7.7777777777777768e-01,6.0332999988381118e-02,6.0332999987865336e-02,6.9557800179688371e+01,6.9513274213190400e+01
branch0_seg67,8.8888888888888884e-01,6.0333000009041772e-02,6.0333000009440439e-02,6.9557799500624384e+01,6.9513273537403023e+01
branch0_seg67,1.0000000000000000e+00,6.0332999993733989e-02,6.0332999993458848e-02,6.9557799726343035e+01,6.9513273761940070e+01
branch0_seg68,0.0000000000000000e+00,6.0332999594371474e-02,6.0332999578814626e-02,6.9513268251518113e+01,6.9464161125776812e+01
branch0_seg68,1.1111111111111116e-01,6.0333000222624750e-02,6.0333000231144497e-02,6.9513280328217249e+01,6.9464173147365457e+01
branch0_seg68,2.2222222222222210e-01,6.0332999893140921e-02,6.0332999889081133e-02,6.9513267953783611e+01,6.9464160831669744e+01
branch0_seg68,3.3333333333333326e-01,6.0333000040187212e-02,6.0333000041680025e-02,6.9513278054431865e+01,6.9464170883470331e+01
branch0_seg68,4.4444444444444442e-01,6.0332999994082773e-02,6.0332999993904193e-02,6.9513270812053378e+01,6.9464163676580185e+01
branch0_seg68,5.5555555555555536e-01,6.0332999991153588e-02,6.0332999990772393e-02,6.9513275516028969e+01,6.9464168357229028e+01
branch0_seg68,6.6666666666666652e-01,6.0333000013000931e-02,6.0333000013532388e-02,6.9513272732302980e+01,6.9464165587491578e+01
branch0_seg68,7.7777777777777768e-01,6.0332999987865336e-02,6.0332999987376214e-02,6.9513274213190400e+01,6.9464167060803319e+01
branch0_seg68,8.8888888888888884e-01,6.0333000009440439e-02,6.0333000009818456e-02,6.9513273537403023e+01,6.9464166388580082e+01
branch0_seg68,1.0000000000000000e+00,6.0332999993458848e-02,6.0332999993197987e-02,6.9513273761940070e+01,6.9464166611835182e+01
branch0_seg69,0.0000000000000000e+00,6.0332999578814626e-02,6.0332999564105497e-02,6.9464161125776812e+01,6.9409812148682335e+01
branch0_seg69,1.1111111111111116e-01,6.0333000231144497e-02,6.0333000239199512e-02,6.9464173147365457e+01,6.9409824110305777e+01
branch0_seg69,2.2222222222222210e-01,6.0332999889081133e-02,6.0332999885243412e-02,6.9464160831669744e+01,6.9409811858524293e+01
branch0_seg69,3.3333333333333326e-01,6.0333000041680025e-02,6.0333000043090536e-02,6.9464170883470331e+01,6.9409821857173171e+01
branch0_seg69,4.4444444444444442e-01,6.0332999993904193e-02,6.0332999993736244e-02,6.9464163676580185e+01,6.9409814688895750e+01
branch0_seg69,5.5555555555555536e-01,6.0332999990772393e-02,6.0332999990411224e-02,6.9464168357229028e+01,6.9409819344167559e+01
branch0_seg69,6.6666666666666652e-01,6.0333000013532388e-02,6.0333000014035451e-02,6.9464165587491578e+01,6.9409816589644507e+01
branch0_seg69,7.7777777777777768e-01,6.0332999987376214e-02,6.0332999986913348e-02,6.9464167060803319e+01,6.9409818054720262e+01
branch0_seg69,8.8888888888888884e-01,6.0333000009818456e-02,6.0333000010176129e-02,6.9464166388580082e+01,6.9409817386368431e+01
branch0_seg69,1.0000000000000000e+00,6.0332999993197987e-02,6.0332999992951199e-02,6.9464166611835182e+01,6.9409817608234420e+01
branch0_seg70,0.0000000000000000e+00,6.0332999564105497e-02,6.0332999550223566e-02,6.9409812148682335e+01,6.9349494997645834e+01
branch0_seg70,1.1111111111111116e-01,6.0333000239199512e-02,6.0333000246801050e-02,6.9409824110305777e+01,6.9349506894120395e+01
branch0_seg70,2.2222222222222210e-01,6.0332999885243412e-02,6.0332999881622343e-02,6.9409811858524293e+01,6.9349494711779315e+01
branch0_seg70,3.3333333333333326e-01,6.0333000043090536e-02,6.0333000044420777e-02,6.9409821857173171e+01,6.9349504652682015e+01
branch0_seg70,4.4444444444444442e-01,6.0332999993736244e-02,6.0332999993578627e-02,6.9409814688895750e+01,6.9349497526352252e+01
branch0_seg70,5.5555555555555536e-01,6.0332999990411224e-02,6.0332999990069629e-02,6.9409819344167559e+01,6.9349502154058811e+01
branch0_seg70,6.6666666666666652e-01,6.0333000014035451e-02,6.0333000014510772e-02,6.9409816589644507e+01,6.9349499416058350e+01
branch0_seg70,7.7777777777777768e-01,6.0332999986913348e-02,6.0332999986476135e-02,6.9409818054720262e+01,6.9349500872193545e+01
branch0_seg70,8.8888888888888884e-01,6.0333000010176129e-02,6.0333000010513928e-02,6.9409817386368431e+01,6.9349500208040922e+01
branch0_seg70,1.0000000000000000e+00,6.0332999992951199e-02,6.0332999992718142e-02,6.9409817608234420e+01,6.9349500428403516e+01
branch0_seg71,0.0000000000000000e+00,6.0332999550223566e-02,6.0332999537145514e-02,6.9349494997645834e+01,6.9282390659978773e+01
branch0_seg71,1.1111111111111116e-01,6.0333000246801050e-02,6.0333000253961884e-02,6.9349506894120395e+01,6.9282402485767236e+01
branch0_seg71,2.2222222222222210e-01,6.0332999881622343e-02,6.0332999878211800e-02,6.9349494711779315e+01,6.9282390378768312e+01
branch0_seg71,3.3333333333333326e-01,6.0333000044420777e-02,6.0333000045673060e-02,6.9349504652682015e+01,6.9282400257018793e+01
branch0_seg71,4.4444444444444442e-01,6.0332999993578627e-02,6.0332999993430975e-02,6.9349497526352252e+01,6.9282393176197331e+01
branch0_seg71,5.5555555555555536e-01,6.0332999990069629e-02,6.0332999989747151e-02,6.9349502154058811e+01,6.9282397774002618e+01
branch0_seg71,6.6666666666666652e-01,6.0333000014510772e-02,6.0333000014959060e-02,6.9349499416058350e+01,6.9282395053921093e+01
branch0_seg71,7.7777777777777768e-01,6.0332999986476135e-02,6.0332999986063909e-02,6.9349500872193545e+01,6.9282396500363802e+01
branch0_seg71,8.8888888888888884e-01,6.0333000010513928e-02,6.0333000010832374e-02,6.9349500208040922e+01,6.9282395840760117e+01
branch0_seg71,1.0000000000000000e+00,6.0332999992718142e-02,6.0332999992498464e-02,6.9349500428403516e+01,6.9282396059497543e+01
branch0_seg72,0.0000000000000000e+00,6.0332999537145514e-02,6.0332999524846602e-02,6.9282390659978773e+01,6.9207533491469974e+01
branch0_seg72,1.1111111111111116e-01,6.0333000253961884e-02,6.0333000260695581e-02,6.9282402485767236e+01,6.9207545240649594e+01
branch0_seg72,2.2222222222222210e-01,6.0332999878211800e-02,6.0332999875005275e-02,6.9282390378768312e+01,6.9207533215303144e+01
branch0_seg72,3.3333333333333326e-01,6.0333000045673060e-02,6.0333000046849834e-02,6.9282400257018793e+01,6.9207543025656790e+01
branch0_seg72,4.4444444444444442e-01,6.0332999993430975e-02,6.0332999993292939e-02,6.9282393176197331e+01,6.9207535994149382e+01
branch0_seg72,5.5555555555555536e-01,6.0332999989747151e-02,6.0332999989443220e-02,6.9282397774002618e+01,6.9207540559556946e+01
branch0_seg72,6.6666666666666652e-01,6.0333000014959060e-02,6.0333000015381132e-02,6.9282395053921093e+01,6.9207537858886326e+01
branch0_seg72,7.7777777777777768e-01,6.0332999986063909e-02,6.0332999985675900e-02,6.9282396500363802e+01,6.9207539294833396e+01
branch0_seg72,8.8888888888888884e-01,6.0333000010832374e-02,6.0333000011132065e-02,6.9282395840760117e+01,6.9207538640151995e+01
branch0_seg72,1.0000000000000000e+00,6.0332999992498464e-02,6.0332999992291747e-02,6.9282396059497543e+01,6.9207538857134352e+01
branch0_seg73,0.0000000000000000e+00,6.0332999524846602e-02,6.0332999513305889e-02,6.9207533491469974e+01,6.9123768308128049e+01
branch0_seg73,1.1111111111111116e-01,6.0333000260695581e-02,6.0333000267013603e-02,6.9207545240649594e+01,6.9123779974322176e+01
branch0_seg73,2.2222222222222210e-01,6.0332999875005275e-02,6.0332999871997278e-02,6.9207533215303144e+01,6.9123768037418998e+01
branch0_seg73,3.3333333333333326e-01,6.0333000046849834e-02,6.0333000047953160e-02,6.9207543025656790e+01,6.9123777774233147e+01
branch0_seg73,4.4444444444444442e-01,6.0332999993292939e-02,6.0332999993164216e-02,6.9207535994149382e+01,6.9123770796133741e+01
branch0_seg73,5.5555555555555536e-01,6.0332999989443220e-02,6.0332999989157393e-02,6.9207540559556946e+01,6.9123775326458443e+01
branch0_seg73,6.6666666666666652e-01,6.0333000015381132e-02,6.0333000015777634e-02,6.9207537858886326e+01,6.9123772646803246e+01
branch0_seg73,7.7777777777777768e-01,6.0332999985675900e-02,6.0332999985311518e-02,6.9207539294833396e+01,6.9123774071391026e+01
branch0_seg73,8.8888888888888884e-01,6.0333000011132065e-02,6.0333000011413458e-02,6.9207538640151995e+01,6.9123773422033338e+01
branch0_seg73,1.0000000000000000e+00,6.0332999992291747e-02,6.0332999992097673e-02,6.9207538857134352e+01,6.9123773637121033e+01
branch0_seg74,0.0000000000000000e+00,6.0332999513305889e-02,6.0332999502502968e-02,6.9123768308128049e+01,6.9029669028297022e+01
branch0_seg74,1.1111111111111116e-01,6.0333000267013603e-02,6.0333000272927165e-02,6.9123779974322176e+01,6.9029680604609936e+01
branch0_seg74,2.2222222222222210e-01,6.0332999871997278e-02,6.0332999869182419e-02,6.9123768037418998e+01,6.9029668763488885e+01
branch0_seg74,3.3333333333333326e-01,6.0333000047953160e-02,6.0333000048985071e-02,6.9123777774233147e+01,6.9029678420667409e+01
branch0_seg74,4.4444444444444442e-01,6.0332999993164216e-02,6.0332999993044492e-02,6.9123770796133741e+01,6.9029671500397953e+01
branch0_seg74,5.5555555555555536e-01,6.0332999989157393e-02,6.0332999988889233e-02,6.9123775326458443e+01,6.9029675992740138e+01
branch0_seg74,6.6666666666666652e-01,6.0333000015777634e-02,6.0333000016149226e-02,6.9123772646803246e+01,6.9029673335832683e+01
branch0_seg74,7.7777777777777768e-01,6.0332999985311518e-02,6.0332999984970138e-02,6.9123774071391026e+01,6.9029674748128983e+01
branch0_seg74,8.8888888888888884e-01,6.0333000011413458e-02,6.0333000011677046e-02,6.9123773422033338e+01,6.9029674104528098e+01
branch0_seg74,1.0000000000000000e+00,6.0332999992097673e-02,6.0332999991915902e-02,6.9123773637121033e+01,6.9029674317570723e+01
branch0_seg75,0.0000000000000000e+00,6.0332999502502968e-02,6.0332999492415711e-02,6.9029669028297022e+01,6.8923602156457790e+01
branch0_seg75,1.1111111111111116e-01,6.0333000272927165e-02,6.0333000278448394e-02,6.9029680604609936e+01,6.8923613635419656e+01
branch0_seg75,2.2222222222222210e-01,6.0332999869182419e-02,6.0332999866554875e-02,6.9029668763488885e+01,6.8923601898025126e+01
branch0_seg75,3.3333333333333326e-01,6.0333000048985071e-02,6.0333000049947752e-02,6.9029678420667409e+01,6.8923611468971060e+01
branch0_seg75,4.4444444444444442e-01,6.0332999993044492e-02,6.0332999992933463e-02,6.9029671500397953e+01,6.8923604611315739e+01
branch0_seg75,5.5555555555555536e-01,6.0332999988889233e-02,6.0332999988638239e-02,6.9029675992740138e+01,6.8923609062538802e+01
branch0_seg75,6.6666666666666652e-01,6.0333000016149226e-02,6.0333000016496621e-02,6.9029673335832683e+01,6.8923606430252605e+01
branch0_seg75,7.7777777777777768e-01,6.0332999984970138e-02,6.0332999984651095e-02,6.9029674748128983e+01,6.8923607829249519e+01
branch0_seg75,8.8888888888888884e-01,6.0333000011677046e-02,6.0333000011923349e-02,6.9029674104528098e+01,6.8923607191873501e+01
branch0_seg75,1.0000000000000000e+00,6.0332999991915902e-02,6.0332999991746065e-02,6.9029674317570723e+01,6.8923607402708612e+01
branch0_seg76,0.0000000000000000e+00,6.0332999492415711e-02,6.0332999483018908e-02,6.8923602156457790e+01,6.8803651879957087e+01
branch0_seg76,1.1111111111111116e-01,6.0333000278448394e-02,6.0333000283591107e-02,6.8923613635419656e+01,6.8803663253478831e+01
branch0_seg76,2.2222222222222210e-01,6.0332999866554875e-02,6.0332999864108033e-02,6.8923601898025126e+01,6.8803651628406712e+01
branch0_seg76,3.3333333333333326e-01,6.0333000049947752e-02,6.0333000050843688e-02,6.8923611468971060e+01,6.8803661105984887e+01
branch0_seg76,4.4444444444444442e-01,6.0332999992933463e-02,6.0332999992830760e-02,6.8923604611315739e+01,6.8803654316116763e+01
branch0_seg76,5.5555555555555536e-01,6.0332999988638239e-02,6.0332999988403878e-02,6.8923609062538802e+01,6.8803658722829923e+01
branch0_seg76,6.6666666666666652e-01,6.0333000016496621e-02,6.0333000016820633e-02,6.8923606430252605e+01,6.8803656117189874e+01
branch0_seg76,7.7777777777777768e-01,6.0332999984651095e-02,6.0332999984353639e-02,6.8923607829249519e+01,6.8803657501798341e+01
branch0_seg76,8.8888888888888884e-01,6.0333000011923349e-02,6.0333000012152936e-02,6.8923607191873501e+01,6.8803656871152739e+01
branch0_seg76,1.0000000000000000e+00,6.0332999991746065e-02,6.0332999991587775e-02,6.8923607402708612e+01,6.8803657079605074e+01
branch0_seg77,0.0000000000000000e+00,6.0332999483018908e-02,6.0332999474290674e-02,6.8803651879957087e+01,6.8667434974174427e+01
branch0_seg77,1.1111111111111116e-01,6.0333000283591107e-02,6.0333000288367321e-02,6.8803663253478831e+01,6.8667446233426887e+01
branch0_seg77,2.2222222222222210e-01,6.0332999864108033e-02,6.0332999861836129e-02,6.8803651628406712e+01,6.8667434730050331e+01
branch0_seg77,3.3333333333333326e-01,6.0333000050843688e-02,6.0333000051675030e-02,6.8803661105984887e+01,6.8667444106483913e+01
branch0_seg77,4.4444444444444442e-01,6.0332999992830760e-02,6.0332999992736086e-02,6.8803654316116763e+01,6.8667437390039581e+01
branch0_seg77,5.5555555555555536e-01,6.0332999988403878e-02,6.0332999988185643e-02,6.8803658722829923e+01,6.8667441748549166e+01
branch0_seg77,6.6666666666666652e-01,6.0333000016820633e-02,6.0333000017121968e-02,6.8803656117189874e+01,6.8667439171760449e+01
branch0_seg77,7.7777777777777768e-01,6.0332999984353639e-02,6.0332999984077103e-02,6.8803657501798341e+01,6.8667440540794814e+01
branch0_seg77,8.8888888888888884e-01,6.0333000012152936e-02,6.0333000012366335e-02,6.8803656871152739e+01,6.8667439917429760e+01
branch0_seg77,1.0000000000000000e+00,6.0332999991587775e-02,6.0332999991440678e-02,6.8803657079605074e+01,6.8667440123308850e+01
branch0_seg78,0.0000000000000000e+00,6.0332999474290674e-02,6.0332999466207828e-02,6.8667434974174427e+01,6.8512101666789775e+01
branch0_seg78,1.1111111111111116e-01,6.0333000288367321e-02,6.0333000292789762e-02,6.8667446233426887e+01,6.8512112802113720e+01
branch0_seg78,2.2222222222222210e-01,6.0332999861836129e-02,6.0332999859733061e-02,6.8667434730050331e+01,6.8512101430675926e+01
branch0_seg78,3.3333333333333326e-01,6.0333000051675030e-02,6.0333000052444061e-02,6.8667444106483913e+01,6.8512110697470476e+01
branch0_seg78,4.4444444444444442e-01,6.0332999992736086e-02,6.0332999992649100e-02,6.8667437390039581e+01,6.8512104060604557e+01
branch0_seg78,5.5555555555555536e-01,6.0332999988185643e-02,6.0332999987983020e-02,6.8667441748549166e+01,6.8512108366878564e+01
branch0_seg78,6.6666666666666652e-01,6.0333000017121968e-02,6.0333000017401384e-02,6.8667439171760449e+01,6.8512105821347703e+01
branch0_seg78,7.7777777777777768e-01,6.0332999984077103e-02,6.0332999983820780e-02,6.8667440540794814e+01,6.8512107173514508e+01
branch0_seg78,8.8888888888888884e-01,6.0333000012366335e-02,6.0333000012564093e-02,6.8667439917429760e+01,6.8512106558029785e+01
branch0_seg78,1.0000000000000000e+00,6.0332999991440678e-02,6.0332999991304384e-02,6.8667440123308850e+01,6.8512106761128251e+01
branch0_seg79,0.0000000000000000e+00,6.0332999466207828e-02,6.0332999458747621e-02,6.8512101666789775e+01,6.8334136878508417e+01
branch0_seg79,1.1111111111111116e-01,6.0333000292789762e-02,6.0333000296870894e-02,6.8512112802113720e+01,6.8334147879282668e+01
branch0_seg79,2.2222222222222210e-01,6.0332999859733061e-02,6.0332999857792849e-02,6.8512101430675926e+01,6.8334136651032765e+01
branch0_seg79,3.3333333333333326e-01,6.0333000052444061e-02,6.0333000053153035e-02,6.8512110697470476e+01,6.8334145798864995e+01
branch0_seg79,4.4444444444444442e-01,6.0332999992649100e-02,6.0332999992569504e-02,6.8512104060604557e+01,6.8334139248330118e+01
branch0_seg79,5.5555555555555536e-01,6.0332999987983020e-02,6.0332999987795496e-02,6.8512108366878564e+01,6.8334143497946158e+01
branch0_seg79,6.6666666666666652e-01,6.0333000017401384e-02,6.0333000017659628e-02,6.8512105821347703e+01,6.8334140986311809e+01
branch0_seg79,7.7777777777777768e-01,6.0332999983820780e-02,6.0332999983583983e-02,6.8512107173514508e+01,6.8334142320193365e+01
branch0_seg79,8.8888888888888884e-01,6.0333000012564093e-02,6.0333000012746746e-02,6.8512106558029785e+01,6.8334141713246069e+01
branch0_seg79,1.0000000000000000e+00,6.0332999991304384e-02,6.0332999991178513e-02,6.8512106761128251e+01,6.8334141913336950e+01
branch0_seg80,0.0000000000000000e+00,6.0332999458747621e-02,6.0332999451886526e-02,6.8334136878508417e+01,6.8129265096408275e+01
branch0_seg80,1.1111111111111116e-01,6.0333000296870894e-02,6.0333000300623649e-02,6.8334147879282668e+01,6.8129275950915613e+01
branch0_seg80,2.2222222222222210e-01,6.0332999857792849e-02,6.0332999856009289e-02,6.8334136651032765e+01,6.8129264878246190e+01
branch0_seg80,3.3333333333333326e-01,6.0333000053153035e-02,6.0333000053804257e-02,6.8334145798864995e+01,6.8129273896851700e+01
branch0_seg80,4.4444444444444442e-01,6.0332999992569504e-02,6.0332999992496972e-02,6.8334139248330118e+01,6.8129267440078962e+01
branch0_seg80,5.5555555555555536e-01,6.0332999987795496e-02,6.0332999987622531e-02,6.8334143497946158e+01,6.8129271628172006e+01
branch0_seg80,6.6666666666666652e-01,6.0333000017659628e-02,6.0333000017897473e-02,6.8334140986311809e+01,6.8129269153335983e+01
branch0_seg80,7.7777777777777768e-01,6.0332999983583983e-02,6.0332999983365998e-02,6.8334142320193365e+01,6.8129270467373829e+01
branch0_seg80,8.8888888888888884e-01,6.0333000012746746e-02,6.0333000012914847e-02,6.8334141713246069e+01,6.8129269869685785e+01
branch0_seg80,1.0000000000000000e+00,6.0332999991178513e-02,6.0332999991062695e-02,6.8334141913336950e+01,6.8129270066520206e+01
branch0_seg81,0.0000000000000000e+00,6.0332999451886526e-02,6.0332999445599673e-02,6.8129265096408275e+01,6.7892288561027712e+01
branch0_seg81,1.1111111111111116e-01,6.0333000300623649e-02,6.0333000304061676e-02,6.8129275950915613e+01,6.7892299256313123e+01
branch0_seg81,2.2222222222222210e-01,6.0332999856009289e-02,6.0332999854375860e-02,6.8129264878246190e+01,6.7892288352904558e+01
branch0_seg81,3.3333333333333326e-01,6.0333000053804257e-02,6.0333000054400177e-02,6.8129273896851700e+01,6.7892297230960409e+01
branch0_seg81,4.4444444444444442e-01,6.0332999992496972e-02,6.0332999992431149e-02,6.8129267440078962e+01,6.7892290876143363e+01
branch0_seg81,5.5555555555555536e-01,6.0332999987622531e-02,6.0332999987463581e-02,6.8129271628172006e+01,6.7892294997351328e+01
branch0_seg81,6.6666666666666652e-01,6.0333000017897473e-02,6.0333000018115715e-02,6.8129269153335983e+01,6.7892292562510633e+01
branch0_seg81,7.7777777777777768e-01,6.0332999983365998e-02,6.0332999983166054e-02,6.8129270467373829e+01,6.7892293854988608e+01
branch0_seg81,8.8888888888888884e-01,6.0333000012914847e-02,6.0333000013068988e-02,6.8129269869685785e+01,6.7892293267354106e+01
branch0_seg81,1.0000000000000000e+00,6.0332999991062695e-02,6.0332999990956517e-02,6.8129270066520206e+01,6.7892293460658721e+01
branch0_seg82,0.0000000000000000e+00,6.0332999445599673e-02,6.0332999439863651e-02,6.7892288561027712e+01,6.7616632628906103e+01
branch0_seg82,1.1111111111111116e-01,6.0333000304061676e-02,6.0333000307197820e-02,6.7892299256313123e+01,6.7616643150539261e+01
branch0_seg82,2.2222222222222210e-01,6.0332999854375860e-02,6.0332999852886378e-02,6.7892288352904558e+01,6.7616632431603151e+01
branch0_seg82,3.3333333333333326e-01,6.0333000054400177e-02,6.0333000054943096e-02,6.7892297230960409e+01,6.7616641156529099e+01
branch0_seg82,4.4444444444444442e-01,6.0332999992431149e-02,6.0332999992371732e-02,6.7892290876143363e+01,6.7616634912766344e+01
branch0_seg82,5.5555555555555536e-01,6.0332999987463581e-02,6.0332999987318094e-02,6.7892294997351328e+01,6.7616638961137426e+01
branch0_seg82,6.6666666666666652e-01,6.0333000018115715e-02,6.0333000018315146e-02,6.7892292562510633e+01,6.7616636569839144e+01
branch0_seg82,7.7777777777777768e-01,6.0332999983166054e-02,6.0332999982983450e-02,6.7892293854988608e+01,6.7616637838854160e+01
branch0_seg82,8.8888888888888884e-01,6.0333000013068988e-02,6.0333000013209723e-02,6.7892293267354106e+01,6.7616637262153304e+01
branch0_seg82,1.0000000000000000e+00,6.0332999990956517e-02,6.0332999990859587e-02,6.7892293460658721e+01,6.7616637451625763e+01
branch0_seg83,0.0000000000000000e+00,6.0332999439863651e-02,6.0332999434654803e-02,6.7616632628906103e+01,6.7294040679386384e+01
branch0_seg83,1.1111111111111116e-01,6.0333000307197820e-02,6.0333000310045098e-02,6.7616643150539261e+01,6.7294051011211280e+01
branch0_seg83,2.2222222222222210e-01,6.0332999852886378e-02,6.0332999851534619e-02,6.7616632431603151e+01,6.7294040493745001e+01
branch0_seg83,3.3333333333333326e-01,6.0333000054943096e-02,6.0333000055435342e-02,6.7616641156529099e+01,6.7294049051496472e+01
branch0_seg83,4.4444444444444442e-01,6.0332999992371732e-02,6.0332999992318392e-02,6.7616634912766344e+01,6.7294042928939703e+01
branch0_seg83,5.5555555555555536e-01,6.0332999987318094e-02,6.0332999987185540e-02,6.7616638961137426e+01,6.7294046897836466e+01
branch0_seg83,6.6666666666666652e-01,6.0333000018315146e-02,6.0333000018496535e-02,6.7616636569839144e+01,6.7294044554034386e+01
branch0_seg83,7.7777777777777768e-01,6.0332999982983450e-02,6.0332999982817444e-02,6.7616637838854160e+01,6.7294045797466367e+01
branch0_seg83,8.8888888888888884e-01,6.0333000013209723e-02,6.0333000013337627e-02,6.7616637262153304e+01,6.7294045232678698e+01
branch0_seg83,1.0000000000000000e+00,6.0332999990859587e-02,6.0332999990771519e-02,6.7616637451625763e+01,6.7294045417983313e+01
branch0_seg84,0.0000000000000000e+00,6.0332999434654803e-02,6.0332999429947631e-02,6.7294040679386384e+01,6.6914306945872397e+01
branch0_seg84,1.1111111111111116e-01,6.0333000310045098e-02,6.0333000312617499e-02,6.7294051011211280e+01,6.6914317069776118e+01
branch0_seg84,2.2222222222222210e-01,6.0332999851534619e-02,6.0332999850313880e-02,6.7294040493745001e+01,6.6914306772794092e+01
branch0_seg84,3.3333333333333326e-01,6.0333000055435342e-02,6.0333000055879417e-02,6.7294049051496472e+01,6.6914315147675651e+01
branch0_seg84,4.4444444444444442e-01,6.0332999992318392e-02,6.0332999992270792e-02,6.7294042928939703e+01,6.6914309157662288e+01
branch0_seg84,5.5555555555555536e-01,6.0332999987185540e-02,6.0332999987065324e-02,6.7294046897836466e+01,6.6914313039676131e+01
branch0_seg84,6.6666666666666652e-01,6.0333000018496535e-02,6.0333000018660730e-02,6.7294044554034386e+01,6.6914310747780988e+01
branch0_seg84,7.7777777777777768e-01,6.0332999982817444e-02,6.0332999982667265e-02,6.7294045797466367e+01,6.6914311963266428e+01
branch0_seg84,8.8888888888888884e-01,6.0333000013337627e-02,6.0333000013453306e-02,6.7294045232678698e+01,6.6914311411482814e+01
branch0_seg84,1.0000000000000000e+00,6.0332999990771519e-02,6.0332999990691888e-02,6.7294045417983313e+01,6.6914311592246690e+01
branch0_seg85,0.0000000000000000e+00,6.0332999429947631e-02,6.0332999425720270e-02,6.6914306945872397e+01,6.6463605223746782e+01
branch0_seg85,1.1111111111111116e-01,6.0333000312617499e-02,6.0333000314927041e-02,6.6914317069776118e+01,6.6463615119113541e+01
branch0_seg85,2.2222222222222210e-01,6.0332999850313880e-02,6.0332999849218388e-02,6.6914306772794092e+01,6.6463605064202241e+01
branch0_seg85,3.3333333333333326e-01,6.0333000055879417e-02,6.0333000056277473e-02,6.6914315147675651e+01,6.6463613238416301e+01
branch0_seg85,4.4444444444444442e-01,6.0332999992270792e-02,6.0332999992228631e-02,6.6914309157662288e+01,6.6463607393792230e+01
branch0_seg85,5.5555555555555536e-01,6.0332999987065324e-02,6.0332999986956938e-02,6.6914313039676131e+01,6.6463611180534230e+01
branch0_seg85,6.6666666666666652e-01,6.0333000018660730e-02,6.0333000018808473e-02,6.6914310747780988e+01,6.6463608945537132e+01
branch0_seg85,7.7777777777777768e-01,6.0332999982667265e-02,6.0332999982532227e-02,6.6914311963266428e+01,6.6463610130403680e+01
branch0_seg85,8.8888888888888884e-01,6.0333000013453306e-02,6.0333000013557278e-02,6.6914311411482814e+01,6.6463609592855960e+01
branch0_seg85,1.0000000000000000e+00,6.0332999990691888e-02,6.0332999990620327e-02,6.6914311592246690e+01,6.6463609768659353e+01
branch0_seg86,0.0000000000000000e+00,6.0332999425720270e-02,6.0332999421949446e-02,6.6463605223746782e+01,6.5924360486830267e+01
branch0_seg86,1.1111111111111116e-01,6.0333000314927041e-02,6.0333000316986518e-02,6.6463615119113541e+01,6.5924370130094516e+01
branch0_seg86,2.2222222222222210e-01,6.0332999849218388e-02,6.0332999848242010e-02,6.6463605064202241e+01,6.5924360341861387e+01
branch0_seg86,3.3333333333333326e-01,6.0333000056277473e-02,6.0333000056631822e-02,6.6463613238416301e+01,6.5924368295145271e+01
branch0_seg86,4.4444444444444442e-01,6.0332999992228631e-02,6.0332999992191591e-02,6.6463607393792230e+01,6.5924362610523374e+01
branch0_seg86,5.5555555555555536e-01,6.0332999986956938e-02,6.0332999986859863e-02,6.6463611180534230e+01,6.5924366292457336e+01
branch0_seg86,6.6666666666666652e-01,6.0333000018808473e-02,6.0333000018940500e-02,6.6463608945537132e+01,6.5924364120028002e+01
branch0_seg86,7.7777777777777768e-01,6.0332999982532227e-02,6.0332999982411629e-02,6.6463610130403680e+01,6.5924365271242550e+01
branch0_seg86,8.8888888888888884e-01,6.0333000013557278e-02,6.0333000013650100e-02,6.6463609592855960e+01,6.5924364749327012e+01
branch0_seg86,1.0000000000000000e+00,6.0332999990620327e-02,6.0332999990556462e-02,6.6463609768659353e+01,6.5924364919695734e+01
branch0_seg87,0.0000000000000000e+00,6.0332999421949446e-02,6.0332999418608597e-02,6.5924360486830267e+01,6.5274482884579555e+01
branch0_seg87,1.1111111111111116e-01,6.0333000316986518e-02,6.0333000318810538e-02,6.5924370130094516e+01,6.5274492248850777e+01
branch0_seg87,2.2222222222222210e-01,6.0332999848242010e-02,6.0332999847377750e-02,6.5924360341861387e+01,6.5274482755287067e+01
branch0_seg87,3.3333333333333326e-01,6.0333000056631822e-02,6.0333000056945044e-02,6.5924368295145271e+01,6.5274490464625231e+01
branch0_seg87,4.4444444444444442e-01,6.0332999992191591e-02,6.0332999992159325e-02,6.5924362610523374e+01,6.5274484956587628e+01
branch0_seg87,5.5555555555555536e-01,6.0332999986859863e-02,6.0332999986773474e-02,6.5924366292457336e+01,6.5274488522901009e+01
branch0_seg87,6.6666666666666652e-01,6.0333000018940500e-02,6.0333000019057725e-02,6.5924364120028002e+01,6.5274486419462789e+01
branch0_seg87,7.7777777777777768e-01,6.0332999982411629e-02,6.0332999982304639e-02,6.5924365271242550e+01,6.5274487533592534e+01
branch0_seg87,8.8888888888888884e-01,6.0333000013650100e-02,6.0333000013732409e-02,6.5924364749327012e+01,6.5274487028886853e+01
branch0_seg87,1.0000000000000000e+00,6.0332999990556462e-02,6.0332999990499854e-02,6.5924364919695734e+01,6.5274487193287314e+01
branch0_seg88,0.0000000000000000e+00,6.0332999418608597e-02,6.0332999415673466e-02,6.5274482884579555e+01,6.4483736981912912e+01
branch0_seg88,1.1111111111111116e-01,6.0333000318810538e-02,6.0333000320412430e-02,6.5274492248850777e+01,6.4483746036072404e+01
branch0_seg88,2.2222222222222210e-01,6.0332999847377750e-02,6.0332999846619204e-02,6.5274482755287067e+01,6.4483736869451405e+01
branch0_seg88,3.3333333333333326e-01,6.0333000056945044e-02,6.0333000057219546e-02,6.5274490464625231e+01,6.4483744308352897e+01
branch0_seg88,4.4444444444444442e-01,6.0332999992159325e-02,6.0332999992131507e-02,6.5274484956587628e+01,6.4483738995963762e+01
branch0_seg88,5.5555555555555536e-01,6.0332999986773474e-02,6.0332999986697208e-02,6.5274488522901009e+01,6.4483742434237556e+01
branch0_seg88,6.6666666666666652e-01,6.0333000019057725e-02,6.0333000019160948e-02,6.5274486419462789e+01,6.4483740407160866e+01
branch0_seg88,7.7777777777777768e-01,6.0332999982304639e-02,6.0332999982210506e-02,6.5274487533592534e+01,6.4483741480271647e+01
branch0_seg88,8.8888888888888884e-01,6.0333000013732409e-02,6.0333000013804795e-02,6.5274487028886853e+01,6.4483740994580444e+01
branch0_seg88,1.0000000000000000e+00,6.0332999990499854e-02,6.0332999990450081e-02,6.5274487193287314e+01,6.4483741152405344e+01
branch0_seg89,0.0000000000000000e+00,6.0332999415673466e-02,6.0332999413120487e-02,6.4483736981912912e+01,6.3511374861078572e+01
branch0_seg89,1.1111111111111116e-01,6.0333000320412430e-02,6.0333000321805164e-02,6.4483746036072404e+01,6.3511383568702762e+01
branch0_seg89,2.2222222222222210e-01,6.0332999846619204e-02,6.0332999845960161e-02,6.4483736869451405e+01,6.3511374766648508e+01
branch0_seg89,3.3333333333333326e-01,6.0333000057219546e-02,6.0333000057457654e-02,6.4483744308352897e+01,6.3511381904288072e+01
branch0_seg89,4.4444444444444442e-01,6.0332999992131507e-02,6.0332999992107811e-02,6.4483738995963762e+01,6.3511376809702938e+01
branch0_seg89,5.5555555555555536e-01,6.0332999986697208e-02,6.0332999986630526e-02,6.4483742434237556e+01,6.3511380105519564e+01
branch0_seg89,6.6666666666666652e-01,6.0333000019160948e-02,6.0333000019250953e-02,6.4483740407160866e+01,6.3511378163351736e+01
branch0_seg89,7.7777777777777768e-01,6.0332999982210506e-02,6.0332999982128495e-02,6.4483741480271647e+01,6.3511379190887311e+01
branch0_seg89,8.8888888888888884e-01,6.0333000013804795e-02,6.0333000013867835e-02,6.4483740994580444e+01,6.3511378726296009e+01
branch0_seg89,1.0000000000000000e+00,6.0332999990450081e-02,6.0332999990406755e-02,6.4483741152405344e+01,6.3511378876847431e+01
branch0_seg90,0.0000000000000000e+00,6.0332999413120487e-02,6.0332999410925091e-02,6.3511374861078572e+01,6.2300470220272693e+01
branch0_seg90,1.1111111111111116e-01,6.0333000321805164e-02,6.0333000323002255e-02,6.3511383568702762e+01,6.2300478538363535e+01
branch0_seg90,2.2222222222222210e-01,6.0332999845960161e-02,6.0332999845394121e-02,6.3511374766648508e+01,6.2300470145060785e+01
branch0_seg90,3.3333333333333326e-01,6.0333000057457654e-02,6.0333000057661790e-02,6.3511381904288072e+01,6.2300476945326608e+01
branch0_seg90,4.4444444444444442e-01,6.0332999992107811e-02,6.0332999992087910e-02,6.3511376809702938e+01,6.2300472094457838e+01
branch0_seg90,5.5555555555555536e-01,6.0332999986630526e-02,6.0332999986572849e-02,6.3511380105519564e+01,6.2300475230978577e+01
branch0_seg90,6.6666666666666652e-01,6.0333000019250953e-02,6.0333000019328557e-02,6.3511378163351736e+01,6.2300473383687979e+01
branch0_seg90,7.7777777777777768e-01,6.0332999982128495e-02,6.0332999982057857e-02,6.3511379190887311e+01,6.2300474360344126e+01
branch0_seg90,8.8888888888888884e-01,6.0333000013867835e-02,6.0333000013922090e-02,6.3511378726296009e+01,6.2300473919273443e+01
branch0_seg90,1.0000000000000000e+00,6.0332999990406755e-02,6.0332999990369479e-02,6.3511378876847431e+01,6.2300474061747366e+01
branch0_seg91,0.0000000000000000e+00,6.0332999410925091e-02,6.0332999409061935e-02,6.2300470220272693e+01,6.0776540602270764e+01
branch0_seg91,1.1111111111111116e-01,6.0333000323002255e-02,6.0333000324017651e-02,6.2300478538363535e+01,6.0776548479781077e+01
branch0_seg91,2.2222222222222210e-01,6.0332999845394121e-02,6.0332999844914401e-02,6.2300470145060785e+01,6.0776540547429576e+01
branch0_seg91,3.3333333333333326e-01,6.0333000057661790e-02,6.0333000057834443e-02,6.2300476945326608e+01,6.0776546967758328e+01
branch0_seg91,4.4444444444444442e-01,6.0332999992087910e-02,6.0332999992071465e-02,6.2300472094457838e+01,6.0776542391099582e+01
branch0_seg91,5.5555555555555536e-01,6.0332999986572849e-02,6.0332999986523611e-02,6.2300475230978577e+01,6.0776545348535130e+01
branch0_seg91,6.6666666666666652e-01,6.0333000019328557e-02,6.0333000019394602e-02,6.2300473383687979e+01,6.0776543607820720e+01
branch0_seg91,7.7777777777777768e-01,6.0332999982057857e-02,6.0332999981997794e-02,6.2300474360344126e+01,6.0776544527383130e+01
branch0_seg91,8.8888888888888884e-01,6.0333000013922090e-02,6.0333000013968199e-02,6.2300473919273443e+01,6.0776544112661135e+01
branch0_seg91,1.0000000000000000e+00,6.0332999990369479e-02,6.0332999990337817e-02,6.2300474061747366e+01,6.0776544246125198e+01
branch0_seg92,0.0000000000000000e+00,6.0332999409061935e-02,6.0332999407504910e-02,6.0776540602270764e+01,5.8830664402481219e+01
branch0_seg92,1.1111111111111116e-01,6.0333000324017651e-02,6.0333000324865722e-02,6.0776548479781077e+01,5.8830671778182911e+01
branch0_seg92,2.2222222222222210e-01,6.0332999844914401e-02,6.0332999844514103e-02,6.0776540547429576e+01,5.8830664368942813e+01
branch0_seg92,3.3333333333333326e-01,6.0333000057834443e-02,6.0333000057978203e-02,6.0776546967758328e+01,5.8830670358824634e+01
branch0_seg92,4.4444444444444442e-01,6.0332999992071465e-02,6.0332999992058128e-02,6.0776542391099582e+01,5.8830666092477436e+01
branch0_seg92,5.5555555555555536e-01,6.0332999986523611e-02,6.0332999986482179e-02,6.0776545348535130e+01,5.8830668847446375e+01
branch0_seg92,6.6666666666666652e-01,6.0333000019394602e-02,6.0333000019449974e-02,6.0776543607820720e+01,5.8830667227101877e+01
branch0_seg92,7.7777777777777768e-01,6.0332999981997794e-02,6.0332999981947508e-02,6.0776544527383130e+01,5.8830668082262861e+01
branch0_seg92,8.8888888888888884e-01,6.0333000013968199e-02,6.0333000014006780e-02,6.0776544112661135e+01,5.8830667697200745e+01
branch0_seg92,1.0000000000000000e+00,6.0332999990337817e-02,6.0332999990311331e-02,6.0776544246125198e+01,5.8830667820575933e+01
branch0_seg93,0.0000000000000000e+00,6.0332999407504910e-02,6.0332999406230485e-02,5.8830664402481219e+01,5.6301914782052101e+01
branch0_seg93,1.1111111111111116e-01,6.0333000324865722e-02,6.0333000325559452e-02,5.8830671778182911e+01,5.6301921580608379e+01
branch0_seg93,2.2222222222222210e-01,6.0332999844514103e-02,6.0332999844186962e-02,5.8830664368942813e+01,5.6301914770376143e+01
branch0_seg93,3.3333333333333326e-01,6.0333000057978203e-02,6.0333000058095422e-02,5.8830670358824634e+01,5.6301920268369308e+01
branch0_seg93,4.4444444444444442e-01,6.0332999992058128e-02,6.0332999992047547e-02,5.8830666092477436e+01,5.6301916356136282e+01
branch0_seg93,5.5555555555555536e-01,6.0332999986482179e-02,6.0332999986448033e-02,5.8830668847446375e+01,5.6301918880331897e+01
branch0_seg93,6.6666666666666652e-01,6.0333000019449974e-02,6.0333000019495438e-02,5.8830667227101877e+01,5.6301917397018464e+01
branch0_seg93,7.7777777777777768e-01,6.0332999981947508e-02,6.0332999981906270e-02,5.8830668082262861e+01,5.6301918178976905e+01
branch0_seg93,8.8888888888888884e-01,6.0333000014006780e-02,6.0333000014038400e-02,5.8830667697200745e+01,5.6301917827543313e+01
branch0_seg93,1.0000000000000000e+00,6.0332999990311331e-02,6.0332999990289647e-02,5.8830667820575933e+01,5.6301917939553249e+01
branch0_seg94,0.0000000000000000e+00,6.0332999406230485e-02,6.0332999405214423e-02,5.6301914782052101e+01,5.2947553593998229e+01
branch0_seg94,1.1111111111111116e-01,6.0333000325559452e-02,6.0333000326112197e-02,5.6301921580608379e+01,5.2947559721106067e+01
branch0_seg94,2.2222222222222210e-01,6.0332999844186962e-02,6.0332999843926566e-02,5.6301914770376143e+01,5.2947553603982293e+01
branch0_seg94,3.3333333333333326e-01,6.0333000058095422e-02,6.0333000058188507e-02,5.6301920268369308e+01,5.2947558534264481e+01
branch0_seg94,4.4444444444444442e-01,6.0332999992047547e-02,6.0332999992039386e-02,5.6301916356136282e+01,5.2947555030025356e+01
branch0_seg94,5.5555555555555536e-01,6.0332999986448033e-02,6.0332999986420624e-02,5.6301918880331897e+01,5.2947557288726280e+01
branch0_seg94,6.6666666666666652e-01,6.0333000019495438e-02,6.0333000019531791e-02,5.6301917397018464e+01,5.2947555962820800e+01
branch0_seg94,7.7777777777777768e-01,6.0332999981906270e-02,6.0332999981873331e-02,5.6301918178976905e+01,5.2947556660853174e+01
branch0_seg94,8.8888888888888884e-01,6.0333000014038400e-02,6.0333000014063637e-02,5.6301917827543313e+01,5.2947556347853237e+01
branch0_seg94,1.0000000000000000e+00,6.0332999990289647e-02,6.0332999990272342e-02,5.6301917939553249e+01,5.2947556446979299e+01
branch0_seg95,0.0000000000000000e+00,6.0332999405214423e-02,6.0332999404431112e-02,5.2947553593998229e+01,4.8404495988637109e+01
branch0_seg95,1.1111111111111116e-01,6.0333000326112197e-02,6.0333000326538100e-02,5.2947559721106067e+01,4.8404501324907415e+01
branch0_seg95,2.2222222222222210e-01,6.0332999843926566e-02,6.0332999843726094e-02,5.2947553603982293e+01,4.8404496018676966e+01
branch0_seg95,3.3333333333333326e-01,6.0333000058188507e-02,6.0333000058260026e-02,5.2947558534264481e+01,4.8404500286879589e+01
branch0_seg95,4.4444444444444442e-01,6.0332999992039386e-02,6.0332999992033287e-02,5.2947555030025356e+01,4.8404497257427906e+01
branch0_seg95,5.5555555555555536e-01,6.0332999986420624e-02,6.0332999986399363e-02,5.2947557288726280e+01,4.8404499207739157e+01
branch0_seg95,6.6666666666666652e-01,6.0333000019531791e-02,6.0333000019559907e-02,5.2947555962820800e+01,4.8404498064323853e+01
branch0_seg95,7.7777777777777768e-01,6.0332999981873331e-02,6.0332999981847879e-02,5.2947556660853174e+01,4.8404498665292422e+01
branch0_seg95,8.8888888888888884e-01,6.0333000014063637e-02,6.0333000014083121e-02,5.2947556347853237e+01,4.8404498396566176e+01
branch0_seg95,1.0000000000000000e+00,6.0332999990272342e-02,6.0332999990258991e-02,5.2947556446979299e+01,4.8404498481004289e+01
branch0_seg96,0.0000000000000000e+00,6.0332999404431112e-02,6.0332999403854795e-02,4.8404495988637109e+01,4.2102477031555338e+01
branch0_seg96,1.1111111111111116e-01,6.0333000326538100e-02,6.0333000326851391e-02,4.8404501324907415e+01,4.2102481422710433e+01
branch0_seg96,2.2222222222222210e-01,6.0332999843726094e-02,6.0332999843578677e-02,4.8404496018676966e+01,4.2102477077444384e+01
branch0_seg96,3.3333333333333326e-01,6.0333000058260026e-02,6.0333000058312575e-02,4.8404500286879589e+01,4.2102480564191950e+01
branch0_seg96,4.4444444444444442e-01,6.0332999992033287e-02,6.0332999992028853e-02,4.8404497257427906e+01,4.2102478093593668e+01
branch0_seg96,5.5555555555555536e-01,6.0332999986399363e-02,6.0332999986383688e-02,4.8404499207739157e+01,4.2102479681768003e+01
branch0_seg96,6.6666666666666652e-01,6.0333000019559907e-02,6.0333000019580613e-02,4.8404498064323853e+01,4.2102478752122110e+01
branch0_seg96,7.7777777777777768e-01,6.0332999981847879e-02,6.0332999981829144e-02,4.8404498665292422e+01,4.2102479239744341e+01
branch0_seg96,8.8888888888888884e-01,6.0333000014083121e-02,6.0333000014097464e-02,4.8404498396566176e+01,4.2102479022452940e+01
branch0_seg96,1.0000000000000000e+00,6.0332999990258991e-02,6.0332999990249159e-02,4.8404498481004289e+01,4.2102479090059738e+01
branch0_seg97,0.0000000000000000e+00,6.0332999403854795e-02,6.0332999403460687e-02,4.2102477031555338e+01,3.3073705713133656e+01
branch0_seg97,1.1111111111111116e-01,6.0333000326851391e-02,6.0333000327065796e-02,4.2102481422710433e+01,3.3073708951696204e+01
branch0_seg97,2.2222222222222210e-01,6.0332999843578677e-02,6.0332999843477668e-02,4.2102477077444384e+01,3.3073705765722806e+01
branch0_seg97,3.3333333333333326e-01,6.0333000058312575e-02,6.0333000058348685e-02,4.2102480564191950e+01,3.3073708314682044e+01
branch0_seg97,4.4444444444444442e-01,6.0332999992028853e-02,6.0332999992025689e-02,4.2102478093593668e+01,3.3073706512314558e+01
branch0_seg97,5.5555555555555536e-01,6.0332999986383688e-02,6.0332999986373058e-02,4.2102479681768003e+01,3.3073707668825790e+01
branch0_seg97,6.6666666666666652e-01,6.0333000019580613e-02,6.0333000019594719e-02,4.2102478752122110e+01,3.3073706993160094e+01
branch0_seg97,7.7777777777777768e-01,6.0332999981829144e-02,6.0332999981816370e-02,4.2102479239744341e+01,3.3073707346675938e+01
branch0_seg97,8.8888888888888884e-01,6.0333000014097464e-02,6.0333000014107248e-02,4.2102479022452940e+01,3.3073707189818400e+01
branch0_seg97,1.0000000000000000e+00,6.0332999990249159e-02,6.0332999990242449e-02,4.2102479090059738e+01,3.3073707238019360e+01
branch0_seg98,0.0000000000000000e+00,6.0332999403460687e-02,6.0332999403222752e-02,3.3073705713133656e+01,1.9646458389625192e+01
branch0_seg98,1.1111111111111116e-01,6.0333000327065796e-02,6.0333000327195789e-02,3.3073708951696204e+01,1.9646460189358301e+01
branch0_seg98,2.2222222222222210e-01,6.0332999843477668e-02,6.0332999843416023e-02,3.3073705765722806e+01,1.9646458429561950e+01
branch0_seg98,3.3333333333333326e-01,6.0333000058348685e-02,6.0333000058371063e-02,3.3073708314682044e+01,1.9646459833162783e+01
branch0_seg98,4.4444444444444442e-01,6.0332999992025689e-02,6.0332999992023344e-02,3.3073706512314558e+01,1.9646458842835621e+01
branch0_seg98,5.5555555555555536e-01,6.0332999986373058e-02,6.0332999986366924e-02,3.3073707668825790e+01,1.9646459477075755e+01
branch0_seg98,6.6666666666666652e-01,6.0333000019594719e-02,6.0333000019603060e-02,3.3073706993160094e+01,1.9646459107289655e+01
branch0_seg98,7.7777777777777768e-01,6.0332999981816370e-02,6.0332999981808751e-02,3.3073707346675938e+01,1.9646459300251475e+01
branch0_seg98,8.8888888888888884e-01,6.0333000014107248e-02,6.0333000014113118e-02,3.3073707189818400e+01,1.9646459215024599e+01
branch0_seg98,1.0000000000000000e+00,6.0332999990242449e-02,6.0332999990238417e-02,3.3073707238019360e+01,1.9646459240862374e+01
branch0_seg99,0.0000000000000000e+00,6.0332999403222752e-02,6.0332999403113922e-02,1.9646458389625192e+01,6.0332999403113922e-02
branch0_seg99,1.1111111111111116e-01,6.0333000327195789e-02,6.0333000327256310e-02,1.9646460189358301e+01,6.0333000327256310e-02
branch0_seg99,2.2222222222222210e-01,6.0332999843416023e-02,6.0332999843386532e-02,1.9646458429561950e+01,6.0332999843386532e-02
branch0_seg99,3.3333333333333326e-01,6.0333000058371063e-02,6.0333000058382429e-02,1.9646459833162783e+01,6.0333000058382429e-02
branch0_seg99,4.4444444444444442e-01,6.0332999992023344e-02,6.0332999992021429e-02,1.9646458842835621e+01,6.0332999992021429e-02
branch0_seg99,5.5555555555555536e-01,6.0332999986366924e-02,6.0332999986364690e-02,1.9646459477075755e+01,6.0332999986364690e-02
branch0_seg99,6.6666666666666652e-01,6.0333000019603060e-02,6.0333000019606522e-02,1.9646459107289655e+01,6.0333000019606522e-02
branch0_seg99,7.7777777777777768e-01,6.0332999981808751e-02,6.0332999981805462e-02,1.9646459300251475e+01,6.0332999981805462e-02
branch0_seg99,8.8888888888888884e-01,6.0333000014113118e-02,6.0333000014115706e-02,1.9646459215024599e+01,6.0333000014115706e-02
branch0_seg99,1.0000000000000000e+00,6.0332999990238417e-02,6.0332999990236606e-02,1.9646459240862374e+01,6.0332999990236606e-02
