--- 
MODEL NAME: u-bend
--- 
NODE DATA
--- 
NODE: 0
NAME: 0
X: -0.300001
Y: 2.850000
Z: 0.549975
--- 
NODE: 1
NAME: 1
X: -0.299991
Y: 2.839865
Z: 0.549965
--- 
NODE: 2
NAME: 2
X: -0.299981
Y: 2.829729
Z: 0.549956
--- 
NODE: 3
NAME: 3
X: -0.299971
Y: 2.819594
Z: 0.549946
--- 
NODE: 4
NAME: 4
X: -0.299960
Y: 2.809459
Z: 0.549936
--- 
NODE: 5
NAME: 5
X: -0.299950
Y: 2.799324
Z: 0.549926
--- 
NODE: 6
NAME: 6
X: -0.299940
Y: 2.789189
Z: 0.549916
--- 
NODE: 7
NAME: 7
X: -0.299930
Y: 2.779053
Z: 0.549906
--- 
NODE: 8
NAME: 8
X: -0.299919
Y: 2.768918
Z: 0.549896
--- 
NODE: 9
NAME: 9
X: -0.299909
Y: 2.758783
Z: 0.549886
--- 
NODE: 10
NAME: 10
X: -0.299899
Y: 2.748648
Z: 0.549876
--- 
NODE: 11
NAME: 11
X: -0.299889
Y: 2.738512
Z: 0.549866
--- 
NODE: 12
NAME: 12
X: -0.299878
Y: 2.728377
Z: 0.549857
--- 
NODE: 13
NAME: 13
X: -0.299868
Y: 2.718242
Z: 0.549848
--- 
NODE: 14
NAME: 14
X: -0.299855
Y: 2.708107
Z: 0.549864
--- 
NODE: 15
NAME: 15
X: -0.299842
Y: 2.697971
Z: 0.549890
--- 
NODE: 16
NAME: 16
X: -0.299831
Y: 2.687836
Z: 0.549917
--- 
NODE: 17
NAME: 17
X: -0.299824
Y: 2.677701
Z: 0.549943
--- 
NODE: 18
NAME: 18
X: -0.299826
Y: 2.667566
Z: 0.549962
--- 
NODE: 19
NAME: 19
X: -0.299839
Y: 2.657431
Z: 0.549972
--- 
NODE: 20
NAME: 20
X: -0.299857
Y: 2.647295
Z: 0.549977
--- 
NODE: 21
NAME: 21
X: -0.299879
Y: 2.637160
Z: 0.549978
--- 
NODE: 22
NAME: 22
X: -0.299906
Y: 2.627025
Z: 0.549973
--- 
NODE: 23
NAME: 23
X: -0.299938
Y: 2.616890
Z: 0.549962
--- 
NODE: 24
NAME: 24
X: -0.299972
Y: 2.606755
Z: 0.549948
--- 
NODE: 25
NAME: 25
X: -0.300002
Y: 2.596620
Z: 0.549910
--- 
NODE: 26
NAME: 26
X: -0.300001
Y: 2.586485
Z: 0.549838
--- 
NODE: 27
NAME: 27
X: -0.300008
Y: 2.576349
Z: 0.549844
--- 
NODE: 28
NAME: 28
X: -0.299984
Y: 2.566214
Z: 0.549882
--- 
NODE: 29
NAME: 29
X: -0.299971
Y: 2.556080
Z: 0.549991
--- 
NODE: 30
NAME: 30
X: -0.299971
Y: 2.545945
Z: 0.550012
--- 
NODE: 31
NAME: 31
X: -0.300002
Y: 2.535809
Z: 0.550024
--- 
NODE: 32
NAME: 32
X: -0.300060
Y: 2.525674
Z: 0.550053
--- 
NODE: 33
NAME: 33
X: -0.300095
Y: 2.515540
Z: 0.550013
--- 
NODE: 34
NAME: 34
X: -0.300106
Y: 2.505405
Z: 0.549975
--- 
NODE: 35
NAME: 35
X: -0.300052
Y: 2.495270
Z: 0.550072
--- 
NODE: 36
NAME: 36
X: -0.300016
Y: 2.485135
Z: 0.550057
--- 
NODE: 37
NAME: 37
X: -0.299971
Y: 2.475000
Z: 0.550025
--- 
NODE: 38
NAME: 38
X: -0.299970
Y: 2.464865
Z: 0.550009
--- 
NODE: 39
NAME: 39
X: -0.299950
Y: 2.454730
Z: 0.549957
--- 
NODE: 40
NAME: 40
X: -0.299960
Y: 2.444595
Z: 0.549927
--- 
NODE: 41
NAME: 41
X: -0.299998
Y: 2.434460
Z: 0.549921
--- 
NODE: 42
NAME: 42
X: -0.300044
Y: 2.424325
Z: 0.549956
--- 
NODE: 43
NAME: 43
X: -0.300039
Y: 2.414189
Z: 0.549958
--- 
NODE: 44
NAME: 44
X: -0.300017
Y: 2.404054
Z: 0.549926
--- 
NODE: 45
NAME: 45
X: -0.300045
Y: 2.393919
Z: 0.549902
--- 
NODE: 46
NAME: 46
X: -0.300090
Y: 2.383784
Z: 0.549877
--- 
NODE: 47
NAME: 47
X: -0.300160
Y: 2.373649
Z: 0.549891
--- 
NODE: 48
NAME: 48
X: -0.300185
Y: 2.363514
Z: 0.549933
--- 
NODE: 49
NAME: 49
X: -0.300159
Y: 2.353379
Z: 0.549991
--- 
NODE: 50
NAME: 50
X: -0.300102
Y: 2.343244
Z: 0.550043
--- 
NODE: 51
NAME: 51
X: -0.300084
Y: 2.333109
Z: 0.550077
--- 
NODE: 52
NAME: 52
X: -0.300088
Y: 2.322974
Z: 0.550156
--- 
NODE: 53
NAME: 53
X: -0.300063
Y: 2.312839
Z: 0.550123
--- 
NODE: 54
NAME: 54
X: -0.300041
Y: 2.302704
Z: 0.550119
--- 
NODE: 55
NAME: 55
X: -0.300033
Y: 2.292569
Z: 0.550126
--- 
NODE: 56
NAME: 56
X: -0.300057
Y: 2.282434
Z: 0.550087
--- 
NODE: 57
NAME: 57
X: -0.300029
Y: 2.272299
Z: 0.550032
--- 
NODE: 58
NAME: 58
X: -0.300012
Y: 2.262164
Z: 0.550025
--- 
NODE: 59
NAME: 59
X: -0.299982
Y: 2.252028
Z: 0.550007
--- 
NODE: 60
NAME: 60
X: -0.299961
Y: 2.241893
Z: 0.549984
--- 
NODE: 61
NAME: 61
X: -0.299980
Y: 2.231758
Z: 0.549991
--- 
NODE: 62
NAME: 62
X: -0.300025
Y: 2.221623
Z: 0.550036
--- 
NODE: 63
NAME: 63
X: -0.300012
Y: 2.211488
Z: 0.550032
--- 
NODE: 64
NAME: 64
X: -0.299966
Y: 2.201353
Z: 0.550069
--- 
NODE: 65
NAME: 65
X: -0.299952
Y: 2.191218
Z: 0.550028
--- 
NODE: 66
NAME: 66
X: -0.299961
Y: 2.181083
Z: 0.550019
--- 
NODE: 67
NAME: 67
X: -0.299952
Y: 2.170948
Z: 0.549996
--- 
NODE: 68
NAME: 68
X: -0.299984
Y: 2.160813
Z: 0.549982
--- 
NODE: 69
NAME: 69
X: -0.300119
Y: 2.150678
Z: 0.549979
--- 
NODE: 70
NAME: 70
X: -0.300195
Y: 2.140544
Z: 0.549947
--- 
NODE: 71
NAME: 71
X: -0.300118
Y: 2.130409
Z: 0.550056
--- 
NODE: 72
NAME: 72
X: -0.300018
Y: 2.120275
Z: 0.550103
--- 
NODE: 73
NAME: 73
X: -0.299971
Y: 2.110140
Z: 0.550033
--- 
NODE: 74
NAME: 74
X: -0.299976
Y: 2.100005
Z: 0.550022
--- 
NODE: 75
NAME: 75
X: -0.299951
Y: 2.089870
Z: 0.550005
--- 
NODE: 76
NAME: 76
X: -0.299913
Y: 2.079735
Z: 0.550015
--- 
NODE: 77
NAME: 77
X: -0.299927
Y: 2.069600
Z: 0.550045
--- 
NODE: 78
NAME: 78
X: -0.299948
Y: 2.059464
Z: 0.550043
--- 
NODE: 79
NAME: 79
X: -0.299960
Y: 2.049329
Z: 0.550013
--- 
NODE: 80
NAME: 80
X: -0.299931
Y: 2.039194
Z: 0.550052
--- 
NODE: 81
NAME: 81
X: -0.299916
Y: 2.029059
Z: 0.550052
--- 
NODE: 82
NAME: 82
X: -0.299883
Y: 2.018924
Z: 0.550060
--- 
NODE: 83
NAME: 83
X: -0.299902
Y: 2.008789
Z: 0.550017
--- 
NODE: 84
NAME: 84
X: -0.299926
Y: 1.998654
Z: 0.549972
--- 
NODE: 85
NAME: 85
X: -0.299957
Y: 1.988519
Z: 0.549947
--- 
NODE: 86
NAME: 86
X: -0.300011
Y: 1.978384
Z: 0.549920
--- 
NODE: 87
NAME: 87
X: -0.300022
Y: 1.968249
Z: 0.549890
--- 
NODE: 88
NAME: 88
X: -0.300026
Y: 1.958113
Z: 0.549911
--- 
NODE: 89
NAME: 89
X: -0.300031
Y: 1.947978
Z: 0.549921
--- 
NODE: 90
NAME: 90
X: -0.300031
Y: 1.937843
Z: 0.549901
--- 
NODE: 91
NAME: 91
X: -0.300010
Y: 1.927708
Z: 0.549908
--- 
NODE: 92
NAME: 92
X: -0.299989
Y: 1.917573
Z: 0.549942
--- 
NODE: 93
NAME: 93
X: -0.300001
Y: 1.907438
Z: 0.550011
--- 
NODE: 94
NAME: 94
X: -0.299949
Y: 1.897303
Z: 0.550010
--- 
NODE: 95
NAME: 95
X: -0.299982
Y: 1.887168
Z: 0.549978
--- 
NODE: 96
NAME: 96
X: -0.299978
Y: 1.877033
Z: 0.549974
--- 
NODE: 97
NAME: 97
X: -0.299935
Y: 1.866897
Z: 0.549950
--- 
NODE: 98
NAME: 98
X: -0.299909
Y: 1.856762
Z: 0.549936
--- 
NODE: 99
NAME: 99
X: -0.299915
Y: 1.846627
Z: 0.549921
--- 
NODE: 100
NAME: 100
X: -0.299949
Y: 1.836492
Z: 0.549936
--- 
NODE: 101
NAME: 101
X: -0.299945
Y: 1.826357
Z: 0.549955
--- 
NODE: 102
NAME: 102
X: -0.299938
Y: 1.816222
Z: 0.550001
--- 
NODE: 103
NAME: 103
X: -0.299953
Y: 1.806086
Z: 0.550005
--- 
NODE: 104
NAME: 104
X: -0.299979
Y: 1.795951
Z: 0.550010
--- 
NODE: 105
NAME: 105
X: -0.299947
Y: 1.785816
Z: 0.549971
--- 
NODE: 106
NAME: 106
X: -0.299990
Y: 1.775681
Z: 0.549982
--- 
NODE: 107
NAME: 107
X: -0.300057
Y: 1.765546
Z: 0.549994
--- 
NODE: 108
NAME: 108
X: -0.300086
Y: 1.755411
Z: 0.549994
--- 
NODE: 109
NAME: 109
X: -0.300090
Y: 1.745276
Z: 0.550003
--- 
NODE: 110
NAME: 110
X: -0.300065
Y: 1.735141
Z: 0.550021
--- 
NODE: 111
NAME: 111
X: -0.300041
Y: 1.725005
Z: 0.550042
--- 
NODE: 112
NAME: 112
X: -0.300024
Y: 1.714870
Z: 0.550031
--- 
NODE: 113
NAME: 113
X: -0.300016
Y: 1.704735
Z: 0.550030
--- 
NODE: 114
NAME: 114
X: -0.299994
Y: 1.694600
Z: 0.549989
--- 
NODE: 115
NAME: 115
X: -0.299974
Y: 1.684465
Z: 0.549992
--- 
NODE: 116
NAME: 116
X: -0.299967
Y: 1.674330
Z: 0.549982
--- 
NODE: 117
NAME: 117
X: -0.299931
Y: 1.664194
Z: 0.549990
--- 
NODE: 118
NAME: 118
X: -0.299946
Y: 1.654059
Z: 0.549961
--- 
NODE: 119
NAME: 119
X: -0.299964
Y: 1.643924
Z: 0.549937
--- 
NODE: 120
NAME: 120
X: -0.299915
Y: 1.633789
Z: 0.549910
--- 
NODE: 121
NAME: 121
X: -0.299913
Y: 1.623654
Z: 0.549899
--- 
NODE: 122
NAME: 122
X: -0.299911
Y: 1.613519
Z: 0.549939
--- 
NODE: 123
NAME: 123
X: -0.299936
Y: 1.603384
Z: 0.549931
--- 
NODE: 124
NAME: 124
X: -0.299986
Y: 1.593249
Z: 0.549976
--- 
NODE: 125
NAME: 125
X: -0.300007
Y: 1.583114
Z: 0.550032
--- 
NODE: 126
NAME: 126
X: -0.300065
Y: 1.572979
Z: 0.550052
--- 
NODE: 127
NAME: 127
X: -0.300030
Y: 1.562844
Z: 0.550102
--- 
NODE: 128
NAME: 128
X: -0.300000
Y: 1.552709
Z: 0.550097
--- 
NODE: 129
NAME: 129
X: -0.299997
Y: 1.542573
Z: 0.550081
--- 
NODE: 130
NAME: 130
X: -0.299964
Y: 1.532438
Z: 0.550086
--- 
NODE: 131
NAME: 131
X: -0.300008
Y: 1.522304
Z: 0.550026
--- 
NODE: 132
NAME: 132
X: -0.300010
Y: 1.512168
Z: 0.549994
--- 
NODE: 133
NAME: 133
X: -0.300027
Y: 1.502033
Z: 0.549972
--- 
NODE: 134
NAME: 134
X: -0.300065
Y: 1.491898
Z: 0.549934
--- 
NODE: 135
NAME: 135
X: -0.300071
Y: 1.481763
Z: 0.549941
--- 
NODE: 136
NAME: 136
X: -0.299983
Y: 1.471629
Z: 0.550031
--- 
NODE: 137
NAME: 137
X: -0.299976
Y: 1.461493
Z: 0.550027
--- 
NODE: 138
NAME: 138
X: -0.299939
Y: 1.451358
Z: 0.550056
--- 
NODE: 139
NAME: 139
X: -0.299950
Y: 1.441223
Z: 0.550027
--- 
NODE: 140
NAME: 140
X: -0.300006
Y: 1.431089
Z: 0.549959
--- 
NODE: 141
NAME: 141
X: -0.299966
Y: 1.420954
Z: 0.549905
--- 
NODE: 142
NAME: 142
X: -0.299954
Y: 1.410819
Z: 0.549959
--- 
NODE: 143
NAME: 143
X: -0.299960
Y: 1.400683
Z: 0.549950
--- 
NODE: 144
NAME: 144
X: -0.300032
Y: 1.390549
Z: 0.550028
--- 
NODE: 145
NAME: 145
X: -0.300090
Y: 1.380414
Z: 0.550049
--- 
NODE: 146
NAME: 146
X: -0.300094
Y: 1.370279
Z: 0.550014
--- 
NODE: 147
NAME: 147
X: -0.300101
Y: 1.360144
Z: 0.549964
--- 
NODE: 148
NAME: 148
X: -0.300028
Y: 1.350009
Z: 0.549918
--- 
NODE: 149
NAME: 149
X: -0.299989
Y: 1.339874
Z: 0.549930
--- 
NODE: 150
NAME: 150
X: -0.299978
Y: 1.329739
Z: 0.549933
--- 
NODE: 151
NAME: 151
X: -0.299974
Y: 1.319604
Z: 0.549968
--- 
NODE: 152
NAME: 152
X: -0.299972
Y: 1.309468
Z: 0.550001
--- 
NODE: 153
NAME: 153
X: -0.299930
Y: 1.299333
Z: 0.549974
--- 
NODE: 154
NAME: 154
X: -0.299901
Y: 1.289198
Z: 0.549915
--- 
NODE: 155
NAME: 155
X: -0.299914
Y: 1.279063
Z: 0.549895
--- 
NODE: 156
NAME: 156
X: -0.299907
Y: 1.268928
Z: 0.549857
--- 
NODE: 157
NAME: 157
X: -0.299911
Y: 1.258793
Z: 0.549898
--- 
NODE: 158
NAME: 158
X: -0.299939
Y: 1.248658
Z: 0.549961
--- 
NODE: 159
NAME: 159
X: -0.299984
Y: 1.238523
Z: 0.550030
--- 
NODE: 160
NAME: 160
X: -0.300003
Y: 1.228388
Z: 0.550063
--- 
NODE: 161
NAME: 161
X: -0.300084
Y: 1.218253
Z: 0.550036
--- 
NODE: 162
NAME: 162
X: -0.300139
Y: 1.208118
Z: 0.550017
--- 
NODE: 163
NAME: 163
X: -0.300173
Y: 1.197983
Z: 0.549988
--- 
NODE: 164
NAME: 164
X: -0.300149
Y: 1.187848
Z: 0.549997
--- 
NODE: 165
NAME: 165
X: -0.300053
Y: 1.177713
Z: 0.549987
--- 
NODE: 166
NAME: 166
X: -0.300021
Y: 1.167578
Z: 0.549953
--- 
NODE: 167
NAME: 167
X: -0.300004
Y: 1.157443
Z: 0.549926
--- 
NODE: 168
NAME: 168
X: -0.299983
Y: 1.147308
Z: 0.549926
--- 
NODE: 169
NAME: 169
X: -0.299992
Y: 1.137173
Z: 0.549932
--- 
NODE: 170
NAME: 170
X: -0.300015
Y: 1.127038
Z: 0.549916
--- 
NODE: 171
NAME: 171
X: -0.300007
Y: 1.116903
Z: 0.549962
--- 
NODE: 172
NAME: 172
X: -0.300022
Y: 1.106768
Z: 0.549967
--- 
NODE: 173
NAME: 173
X: -0.300023
Y: 1.096632
Z: 0.549994
--- 
NODE: 174
NAME: 174
X: -0.300004
Y: 1.086497
Z: 0.549992
--- 
NODE: 175
NAME: 175
X: -0.300009
Y: 1.076362
Z: 0.550025
--- 
NODE: 176
NAME: 176
X: -0.299995
Y: 1.066227
Z: 0.550103
--- 
NODE: 177
NAME: 177
X: -0.300025
Y: 1.056092
Z: 0.550116
--- 
NODE: 178
NAME: 178
X: -0.300049
Y: 1.045957
Z: 0.550066
--- 
NODE: 179
NAME: 179
X: -0.300053
Y: 1.035822
Z: 0.550044
--- 
NODE: 180
NAME: 180
X: -0.300004
Y: 1.025687
Z: 0.550012
--- 
NODE: 181
NAME: 181
X: -0.299968
Y: 1.015552
Z: 0.549989
--- 
NODE: 182
NAME: 182
X: -0.299989
Y: 1.005417
Z: 0.549974
--- 
NODE: 183
NAME: 183
X: -0.299985
Y: 0.995281
Z: 0.549935
--- 
NODE: 184
NAME: 184
X: -0.299987
Y: 0.985146
Z: 0.549949
--- 
NODE: 185
NAME: 185
X: -0.299958
Y: 0.975011
Z: 0.549956
--- 
NODE: 186
NAME: 186
X: -0.299918
Y: 0.964876
Z: 0.549999
--- 
NODE: 187
NAME: 187
X: -0.299872
Y: 0.954741
Z: 0.550058
--- 
NODE: 188
NAME: 188
X: -0.299851
Y: 0.944606
Z: 0.550099
--- 
NODE: 189
NAME: 189
X: -0.299875
Y: 0.934471
Z: 0.550077
--- 
NODE: 190
NAME: 190
X: -0.299911
Y: 0.924336
Z: 0.550079
--- 
NODE: 191
NAME: 191
X: -0.299965
Y: 0.914201
Z: 0.550066
--- 
NODE: 192
NAME: 192
X: -0.300020
Y: 0.904066
Z: 0.550068
--- 
NODE: 193
NAME: 193
X: -0.300017
Y: 0.893931
Z: 0.550028
--- 
NODE: 194
NAME: 194
X: -0.300036
Y: 0.883796
Z: 0.550025
--- 
NODE: 195
NAME: 195
X: -0.300061
Y: 0.873660
Z: 0.550020
--- 
NODE: 196
NAME: 196
X: -0.300061
Y: 0.863525
Z: 0.550048
--- 
NODE: 197
NAME: 197
X: -0.300014
Y: 0.853390
Z: 0.550064
--- 
NODE: 198
NAME: 198
X: -0.300010
Y: 0.843255
Z: 0.550046
--- 
NODE: 199
NAME: 199
X: -0.300037
Y: 0.833120
Z: 0.550036
--- 
NODE: 200
NAME: 200
X: -0.300031
Y: 0.822985
Z: 0.550038
--- 
NODE: 201
NAME: 201
X: -0.300048
Y: 0.812850
Z: 0.550007
--- 
NODE: 202
NAME: 202
X: -0.300004
Y: 0.802714
Z: 0.550010
--- 
NODE: 203
NAME: 203
X: -0.300011
Y: 0.792579
Z: 0.550020
--- 
NODE: 204
NAME: 204
X: -0.300006
Y: 0.782444
Z: 0.549976
--- 
NODE: 205
NAME: 205
X: -0.300014
Y: 0.772309
Z: 0.549923
--- 
NODE: 206
NAME: 206
X: -0.300013
Y: 0.762174
Z: 0.549924
--- 
NODE: 207
NAME: 207
X: -0.300008
Y: 0.752039
Z: 0.549883
--- 
NODE: 208
NAME: 208
X: -0.299956
Y: 0.741904
Z: 0.549861
--- 
NODE: 209
NAME: 209
X: -0.299911
Y: 0.731769
Z: 0.549860
--- 
NODE: 210
NAME: 210
X: -0.299935
Y: 0.721634
Z: 0.549874
--- 
NODE: 211
NAME: 211
X: -0.299941
Y: 0.711499
Z: 0.549915
--- 
NODE: 212
NAME: 212
X: -0.299936
Y: 0.701364
Z: 0.550060
--- 
NODE: 213
NAME: 213
X: -0.299937
Y: 0.691230
Z: 0.550155
--- 
NODE: 214
NAME: 214
X: -0.299898
Y: 0.681095
Z: 0.550185
--- 
NODE: 215
NAME: 215
X: -0.299857
Y: 0.670960
Z: 0.550149
--- 
NODE: 216
NAME: 216
X: -0.299877
Y: 0.660824
Z: 0.550131
--- 
NODE: 217
NAME: 217
X: -0.299931
Y: 0.650689
Z: 0.550102
--- 
NODE: 218
NAME: 218
X: -0.300025
Y: 0.640555
Z: 0.550050
--- 
NODE: 219
NAME: 219
X: -0.300098
Y: 0.630420
Z: 0.550075
--- 
NODE: 220
NAME: 220
X: -0.300132
Y: 0.620285
Z: 0.550056
--- 
NODE: 221
NAME: 221
X: -0.300116
Y: 0.610150
Z: 0.550048
--- 
NODE: 222
NAME: 222
X: -0.300065
Y: 0.600015
Z: 0.550072
--- 
NODE: 223
NAME: 223
X: -0.300080
Y: 0.589880
Z: 0.550040
--- 
NODE: 224
NAME: 224
X: -0.300083
Y: 0.579744
Z: 0.550037
--- 
NODE: 225
NAME: 225
X: -0.300135
Y: 0.569609
Z: 0.550022
--- 
NODE: 226
NAME: 226
X: -0.300095
Y: 0.559474
Z: 0.549997
--- 
NODE: 227
NAME: 227
X: -0.300041
Y: 0.549339
Z: 0.550014
--- 
NODE: 228
NAME: 228
X: -0.299952
Y: 0.539204
Z: 0.550037
--- 
NODE: 229
NAME: 229
X: -0.299896
Y: 0.529069
Z: 0.550050
--- 
NODE: 230
NAME: 230
X: -0.299892
Y: 0.518934
Z: 0.549998
--- 
NODE: 231
NAME: 231
X: -0.299929
Y: 0.508799
Z: 0.549927
--- 
NODE: 232
NAME: 232
X: -0.299948
Y: 0.498664
Z: 0.549934
--- 
NODE: 233
NAME: 233
X: -0.299895
Y: 0.488530
Z: 0.549985
--- 
NODE: 234
NAME: 234
X: -0.299996
Y: 0.478395
Z: 0.549960
--- 
NODE: 235
NAME: 235
X: -0.299988
Y: 0.468260
Z: 0.549984
--- 
NODE: 236
NAME: 236
X: -0.299935
Y: 0.458125
Z: 0.549994
--- 
NODE: 237
NAME: 237
X: -0.299975
Y: 0.447990
Z: 0.550028
--- 
NODE: 238
NAME: 238
X: -0.299979
Y: 0.437855
Z: 0.550012
--- 
NODE: 239
NAME: 239
X: -0.300016
Y: 0.427720
Z: 0.549937
--- 
NODE: 240
NAME: 240
X: -0.300083
Y: 0.417585
Z: 0.549898
--- 
NODE: 241
NAME: 241
X: -0.300072
Y: 0.407450
Z: 0.549941
--- 
NODE: 242
NAME: 242
X: -0.300059
Y: 0.397315
Z: 0.550008
--- 
NODE: 243
NAME: 243
X: -0.300072
Y: 0.387180
Z: 0.550035
--- 
NODE: 244
NAME: 244
X: -0.300062
Y: 0.377045
Z: 0.550041
--- 
NODE: 245
NAME: 245
X: -0.300145
Y: 0.366910
Z: 0.550041
--- 
NODE: 246
NAME: 246
X: -0.300142
Y: 0.356775
Z: 0.550026
--- 
NODE: 247
NAME: 247
X: -0.300054
Y: 0.346640
Z: 0.550000
--- 
NODE: 248
NAME: 248
X: -0.299991
Y: 0.336505
Z: 0.549939
--- 
NODE: 249
NAME: 249
X: -0.299979
Y: 0.326370
Z: 0.549911
--- 
NODE: 250
NAME: 250
X: -0.300026
Y: 0.316235
Z: 0.549907
--- 
NODE: 251
NAME: 251
X: -0.300035
Y: 0.306100
Z: 0.549922
--- 
NODE: 252
NAME: 252
X: -0.300029
Y: 0.295965
Z: 0.549923
--- 
NODE: 253
NAME: 253
X: -0.300001
Y: 0.285830
Z: 0.549950
--- 
NODE: 254
NAME: 254
X: -0.299995
Y: 0.275695
Z: 0.550007
--- 
NODE: 255
NAME: 255
X: -0.300002
Y: 0.265560
Z: 0.550048
--- 
NODE: 256
NAME: 256
X: -0.300011
Y: 0.255424
Z: 0.550022
--- 
NODE: 257
NAME: 257
X: -0.300003
Y: 0.245289
Z: 0.550024
--- 
NODE: 258
NAME: 258
X: -0.299948
Y: 0.235154
Z: 0.550023
--- 
NODE: 259
NAME: 259
X: -0.299920
Y: 0.225019
Z: 0.550017
--- 
NODE: 260
NAME: 260
X: -0.299914
Y: 0.214884
Z: 0.550015
--- 
NODE: 261
NAME: 261
X: -0.299951
Y: 0.204749
Z: 0.550030
--- 
NODE: 262
NAME: 262
X: -0.300045
Y: 0.194614
Z: 0.550038
--- 
NODE: 263
NAME: 263
X: -0.300073
Y: 0.184479
Z: 0.550063
--- 
NODE: 264
NAME: 264
X: -0.300104
Y: 0.174344
Z: 0.550065
--- 
NODE: 265
NAME: 265
X: -0.300108
Y: 0.164209
Z: 0.550046
--- 
NODE: 266
NAME: 266
X: -0.300074
Y: 0.154074
Z: 0.550046
--- 
NODE: 267
NAME: 267
X: -0.300045
Y: 0.143938
Z: 0.550036
--- 
NODE: 268
NAME: 268
X: -0.299968
Y: 0.133804
Z: 0.550037
--- 
NODE: 269
NAME: 269
X: -0.299937
Y: 0.123669
Z: 0.550038
--- 
NODE: 270
NAME: 270
X: -0.299983
Y: 0.113533
Z: 0.550059
--- 
NODE: 271
NAME: 271
X: -0.299998
Y: 0.103398
Z: 0.550034
--- 
NODE: 272
NAME: 272
X: -0.300002
Y: 0.093263
Z: 0.550047
--- 
NODE: 273
NAME: 273
X: -0.299995
Y: 0.083128
Z: 0.550067
--- 
NODE: 274
NAME: 274
X: -0.299972
Y: 0.072993
Z: 0.549990
--- 
NODE: 275
NAME: 275
X: -0.299979
Y: 0.062858
Z: 0.549952
--- 
NODE: 276
NAME: 276
X: -0.299997
Y: 0.052723
Z: 0.549980
--- 
NODE: 277
NAME: 277
X: -0.299978
Y: 0.042588
Z: 0.549953
--- 
NODE: 278
NAME: 278
X: -0.299970
Y: 0.032453
Z: 0.550006
--- 
NODE: 279
NAME: 279
X: -0.299957
Y: 0.022318
Z: 0.550063
--- 
NODE: 280
NAME: 280
X: -0.300014
Y: 0.012183
Z: 0.550092
--- 
NODE: 281
NAME: 281
X: -0.300045
Y: 0.002048
Z: 0.550113
--- 
NODE: 282
NAME: 282
X: -0.300092
Y: -0.008087
Z: 0.550128
--- 
NODE: 283
NAME: 283
X: -0.300052
Y: -0.018222
Z: 0.550100
--- 
NODE: 284
NAME: 284
X: -0.300067
Y: -0.028357
Z: 0.550063
--- 
NODE: 285
NAME: 285
X: -0.300067
Y: -0.038492
Z: 0.549984
--- 
NODE: 286
NAME: 286
X: -0.300022
Y: -0.048627
Z: 0.549936
--- 
NODE: 287
NAME: 287
X: -0.300020
Y: -0.058762
Z: 0.549936
--- 
NODE: 288
NAME: 288
X: -0.300037
Y: -0.068898
Z: 0.549921
--- 
NODE: 289
NAME: 289
X: -0.300028
Y: -0.079033
Z: 0.549893
--- 
NODE: 290
NAME: 290
X: -0.299995
Y: -0.089168
Z: 0.549874
--- 
NODE: 291
NAME: 291
X: -0.299969
Y: -0.099303
Z: 0.549887
--- 
NODE: 292
NAME: 292
X: -0.299978
Y: -0.109438
Z: 0.549981
--- 
NODE: 293
NAME: 293
X: -0.299992
Y: -0.119573
Z: 0.550021
--- 
NODE: 294
NAME: 294
X: -0.299967
Y: -0.129708
Z: 0.550023
--- 
NODE: 295
NAME: 295
X: -0.299970
Y: -0.139843
Z: 0.549993
--- 
NODE: 296
NAME: 296
X: -0.299988
Y: -0.149978
Z: 0.549953
--- 
NODE: 297
NAME: 297
X: -0.299993
Y: -0.160114
Z: 0.549937
--- 
NODE: 298
NAME: 298
X: -0.300002
Y: -0.170249
Z: 0.549936
--- 
NODE: 299
NAME: 299
X: -0.300015
Y: -0.180384
Z: 0.549956
--- 
NODE: 300
NAME: 300
X: -0.299983
Y: -0.190519
Z: 0.549923
--- 
NODE: 301
NAME: 301
X: -0.299949
Y: -0.200654
Z: 0.549956
--- 
NODE: 302
NAME: 302
X: -0.299953
Y: -0.210789
Z: 0.549965
--- 
NODE: 303
NAME: 303
X: -0.299970
Y: -0.220925
Z: 0.550000
--- 
NODE: 304
NAME: 304
X: -0.299986
Y: -0.231059
Z: 0.550104
--- 
NODE: 305
NAME: 305
X: -0.300007
Y: -0.241194
Z: 0.550142
--- 
NODE: 306
NAME: 306
X: -0.299969
Y: -0.251329
Z: 0.550169
--- 
NODE: 307
NAME: 307
X: -0.299944
Y: -0.261464
Z: 0.550153
--- 
NODE: 308
NAME: 308
X: -0.299961
Y: -0.271599
Z: 0.550086
--- 
NODE: 309
NAME: 309
X: -0.299959
Y: -0.281734
Z: 0.550056
--- 
NODE: 310
NAME: 310
X: -0.299941
Y: -0.291869
Z: 0.550043
--- 
NODE: 311
NAME: 311
X: -0.299937
Y: -0.302005
Z: 0.550037
--- 
NODE: 312
NAME: 312
X: -0.299902
Y: -0.312140
Z: 0.550046
--- 
NODE: 313
NAME: 313
X: -0.299950
Y: -0.322275
Z: 0.550035
--- 
NODE: 314
NAME: 314
X: -0.300039
Y: -0.332410
Z: 0.550048
--- 
NODE: 315
NAME: 315
X: -0.300072
Y: -0.342545
Z: 0.550053
--- 
NODE: 316
NAME: 316
X: -0.300081
Y: -0.352680
Z: 0.550033
--- 
NODE: 317
NAME: 317
X: -0.300060
Y: -0.362815
Z: 0.550007
--- 
NODE: 318
NAME: 318
X: -0.300035
Y: -0.372950
Z: 0.549938
--- 
NODE: 319
NAME: 319
X: -0.300019
Y: -0.383085
Z: 0.549949
--- 
NODE: 320
NAME: 320
X: -0.300028
Y: -0.393220
Z: 0.549930
--- 
NODE: 321
NAME: 321
X: -0.300025
Y: -0.403355
Z: 0.549923
--- 
NODE: 322
NAME: 322
X: -0.300045
Y: -0.413491
Z: 0.549907
--- 
NODE: 323
NAME: 323
X: -0.300047
Y: -0.423625
Z: 0.549992
--- 
NODE: 324
NAME: 324
X: -0.300040
Y: -0.433760
Z: 0.550060
--- 
NODE: 325
NAME: 325
X: -0.299968
Y: -0.443895
Z: 0.550051
--- 
NODE: 326
NAME: 326
X: -0.299967
Y: -0.454030
Z: 0.550007
--- 
NODE: 327
NAME: 327
X: -0.299947
Y: -0.464166
Z: 0.550014
--- 
NODE: 328
NAME: 328
X: -0.299934
Y: -0.474301
Z: 0.550006
--- 
NODE: 329
NAME: 329
X: -0.299898
Y: -0.484436
Z: 0.550010
--- 
NODE: 330
NAME: 330
X: -0.299892
Y: -0.494571
Z: 0.550012
--- 
NODE: 331
NAME: 331
X: -0.299894
Y: -0.504706
Z: 0.549984
--- 
NODE: 332
NAME: 332
X: -0.299913
Y: -0.514841
Z: 0.549993
--- 
NODE: 333
NAME: 333
X: -0.299934
Y: -0.524976
Z: 0.550004
--- 
NODE: 334
NAME: 334
X: -0.299961
Y: -0.535111
Z: 0.549957
--- 
NODE: 335
NAME: 335
X: -0.299971
Y: -0.545246
Z: 0.549911
--- 
NODE: 336
NAME: 336
X: -0.299951
Y: -0.555382
Z: 0.549915
--- 
NODE: 337
NAME: 337
X: -0.300003
Y: -0.565517
Z: 0.549920
--- 
NODE: 338
NAME: 338
X: -0.299951
Y: -0.575652
Z: 0.549955
--- 
NODE: 339
NAME: 339
X: -0.300012
Y: -0.585786
Z: 0.550018
--- 
NODE: 340
NAME: 340
X: -0.300061
Y: -0.595922
Z: 0.550041
--- 
NODE: 341
NAME: 341
X: -0.300048
Y: -0.606057
Z: 0.550034
--- 
NODE: 342
NAME: 342
X: -0.299995
Y: -0.616192
Z: 0.550003
--- 
NODE: 343
NAME: 343
X: -0.300025
Y: -0.626327
Z: 0.549966
--- 
NODE: 344
NAME: 344
X: -0.300025
Y: -0.636462
Z: 0.549974
--- 
NODE: 345
NAME: 345
X: -0.300006
Y: -0.646597
Z: 0.549953
--- 
NODE: 346
NAME: 346
X: -0.300002
Y: -0.656732
Z: 0.550013
--- 
NODE: 347
NAME: 347
X: -0.299998
Y: -0.666867
Z: 0.550037
--- 
NODE: 348
NAME: 348
X: -0.299988
Y: -0.677002
Z: 0.550046
--- 
NODE: 349
NAME: 349
X: -0.299982
Y: -0.687137
Z: 0.550037
--- 
NODE: 350
NAME: 350
X: -0.300012
Y: -0.697272
Z: 0.550012
--- 
NODE: 351
NAME: 351
X: -0.300012
Y: -0.707407
Z: 0.549980
--- 
NODE: 352
NAME: 352
X: -0.300023
Y: -0.717542
Z: 0.549963
--- 
NODE: 353
NAME: 353
X: -0.300029
Y: -0.727677
Z: 0.549970
--- 
NODE: 354
NAME: 354
X: -0.300013
Y: -0.737812
Z: 0.550023
--- 
NODE: 355
NAME: 355
X: -0.299968
Y: -0.747947
Z: 0.550071
--- 
NODE: 356
NAME: 356
X: -0.299961
Y: -0.758082
Z: 0.550097
--- 
NODE: 357
NAME: 357
X: -0.299922
Y: -0.768217
Z: 0.550133
--- 
NODE: 358
NAME: 358
X: -0.299933
Y: -0.778352
Z: 0.550086
--- 
NODE: 359
NAME: 359
X: -0.299984
Y: -0.788487
Z: 0.550028
--- 
NODE: 360
NAME: 360
X: -0.300024
Y: -0.798622
Z: 0.549952
--- 
NODE: 361
NAME: 361
X: -0.300035
Y: -0.808757
Z: 0.549966
--- 
NODE: 362
NAME: 362
X: -0.300010
Y: -0.818892
Z: 0.549956
--- 
NODE: 363
NAME: 363
X: -0.300000
Y: -0.829027
Z: 0.549996
--- 
NODE: 364
NAME: 364
X: -0.299955
Y: -0.839162
Z: 0.550026
--- 
NODE: 365
NAME: 365
X: -0.299940
Y: -0.849298
Z: 0.550040
--- 
NODE: 366
NAME: 366
X: -0.299906
Y: -0.859433
Z: 0.550030
--- 
NODE: 367
NAME: 367
X: -0.299889
Y: -0.869568
Z: 0.550030
--- 
NODE: 368
NAME: 368
X: -0.299926
Y: -0.879703
Z: 0.550054
--- 
NODE: 369
NAME: 369
X: -0.299980
Y: -0.889838
Z: 0.550062
--- 
NODE: 370
NAME: 370
X: -0.299997
Y: -0.899973
Z: 0.550057
--- 
NODE: 371
NAME: 371
X: -0.300050
Y: -0.910108
Z: 0.550093
--- 
NODE: 372
NAME: 372
X: -0.300033
Y: -0.920243
Z: 0.550161
--- 
NODE: 373
NAME: 373
X: -0.300007
Y: -0.930378
Z: 0.550150
--- 
NODE: 374
NAME: 374
X: -0.300021
Y: -0.940513
Z: 0.550071
--- 
NODE: 375
NAME: 375
X: -0.300029
Y: -0.950648
Z: 0.550002
--- 
NODE: 376
NAME: 376
X: -0.300002
Y: -0.960783
Z: 0.550015
--- 
NODE: 377
NAME: 377
X: -0.300061
Y: -0.970918
Z: 0.550014
--- 
NODE: 378
NAME: 378
X: -0.300049
Y: -0.981053
Z: 0.549994
--- 
NODE: 379
NAME: 379
X: -0.300040
Y: -0.991188
Z: 0.549996
--- 
NODE: 380
NAME: 380
X: -0.300028
Y: -1.001324
Z: 0.549986
--- 
NODE: 381
NAME: 381
X: -0.299998
Y: -1.011459
Z: 0.549987
--- 
NODE: 382
NAME: 382
X: -0.299992
Y: -1.021594
Z: 0.549977
--- 
NODE: 383
NAME: 383
X: -0.300006
Y: -1.031729
Z: 0.549986
--- 
NODE: 384
NAME: 384
X: -0.300002
Y: -1.041864
Z: 0.549990
--- 
NODE: 385
NAME: 385
X: -0.299995
Y: -1.051999
Z: 0.549992
--- 
NODE: 386
NAME: 386
X: -0.299953
Y: -1.062134
Z: 0.549984
--- 
NODE: 387
NAME: 387
X: -0.299927
Y: -1.072270
Z: 0.549947
--- 
NODE: 388
NAME: 388
X: -0.299890
Y: -1.082405
Z: 0.549960
--- 
NODE: 389
NAME: 389
X: -0.299915
Y: -1.092540
Z: 0.550002
--- 
NODE: 390
NAME: 390
X: -0.299939
Y: -1.102675
Z: 0.549996
--- 
NODE: 391
NAME: 391
X: -0.299977
Y: -1.112810
Z: 0.550023
--- 
NODE: 392
NAME: 392
X: -0.300044
Y: -1.122945
Z: 0.550069
--- 
NODE: 393
NAME: 393
X: -0.300024
Y: -1.133080
Z: 0.550028
--- 
NODE: 394
NAME: 394
X: -0.300034
Y: -1.143215
Z: 0.550040
--- 
NODE: 395
NAME: 395
X: -0.300047
Y: -1.153350
Z: 0.550030
--- 
NODE: 396
NAME: 396
X: -0.300017
Y: -1.163485
Z: 0.549979
--- 
NODE: 397
NAME: 397
X: -0.300040
Y: -1.173620
Z: 0.549999
--- 
NODE: 398
NAME: 398
X: -0.300063
Y: -1.183755
Z: 0.549999
--- 
NODE: 399
NAME: 399
X: -0.300060
Y: -1.193890
Z: 0.550024
--- 
NODE: 400
NAME: 400
X: -0.300055
Y: -1.204026
Z: 0.550004
--- 
NODE: 401
NAME: 401
X: -0.300027
Y: -1.214161
Z: 0.549993
--- 
NODE: 402
NAME: 402
X: -0.299993
Y: -1.224296
Z: 0.549975
--- 
NODE: 403
NAME: 403
X: -0.299997
Y: -1.234431
Z: 0.549965
--- 
NODE: 404
NAME: 404
X: -0.299971
Y: -1.244566
Z: 0.549973
--- 
NODE: 405
NAME: 405
X: -0.299979
Y: -1.254701
Z: 0.550038
--- 
NODE: 406
NAME: 406
X: -0.299976
Y: -1.264836
Z: 0.550088
--- 
NODE: 407
NAME: 407
X: -0.299992
Y: -1.274971
Z: 0.550108
--- 
NODE: 408
NAME: 408
X: -0.300026
Y: -1.285106
Z: 0.550161
--- 
NODE: 409
NAME: 409
X: -0.300021
Y: -1.295241
Z: 0.550162
--- 
NODE: 410
NAME: 410
X: -0.300000
Y: -1.305377
Z: 0.550116
--- 
NODE: 411
NAME: 411
X: -0.300012
Y: -1.315512
Z: 0.550115
--- 
NODE: 412
NAME: 412
X: -0.300008
Y: -1.325647
Z: 0.550086
--- 
NODE: 413
NAME: 413
X: -0.299986
Y: -1.335782
Z: 0.550073
--- 
NODE: 414
NAME: 414
X: -0.299968
Y: -1.345917
Z: 0.550053
--- 
NODE: 415
NAME: 415
X: -0.300005
Y: -1.356052
Z: 0.550037
--- 
NODE: 416
NAME: 416
X: -0.299994
Y: -1.366187
Z: 0.550000
--- 
NODE: 417
NAME: 417
X: -0.299981
Y: -1.376323
Z: 0.549981
--- 
NODE: 418
NAME: 418
X: -0.299963
Y: -1.386458
Z: 0.549998
--- 
NODE: 419
NAME: 419
X: -0.299957
Y: -1.396593
Z: 0.550019
--- 
NODE: 420
NAME: 420
X: -0.299978
Y: -1.406728
Z: 0.549978
--- 
NODE: 421
NAME: 421
X: -0.300019
Y: -1.416863
Z: 0.549962
--- 
NODE: 422
NAME: 422
X: -0.300030
Y: -1.426998
Z: 0.549967
--- 
NODE: 423
NAME: 423
X: -0.300031
Y: -1.437133
Z: 0.550000
--- 
NODE: 424
NAME: 424
X: -0.300078
Y: -1.447268
Z: 0.550089
--- 
NODE: 425
NAME: 425
X: -0.300057
Y: -1.457403
Z: 0.550159
--- 
NODE: 426
NAME: 426
X: -0.299981
Y: -1.467538
Z: 0.550115
--- 
NODE: 427
NAME: 427
X: -0.299960
Y: -1.477673
Z: 0.550108
--- 
NODE: 428
NAME: 428
X: -0.299989
Y: -1.487808
Z: 0.550110
--- 
NODE: 429
NAME: 429
X: -0.300016
Y: -1.497943
Z: 0.550079
--- 
NODE: 430
NAME: 430
X: -0.300027
Y: -1.508078
Z: 0.550031
--- 
NODE: 431
NAME: 431
X: -0.300000
Y: -1.518213
Z: 0.550023
--- 
NODE: 432
NAME: 432
X: -0.299946
Y: -1.528348
Z: 0.549961
--- 
NODE: 433
NAME: 433
X: -0.299949
Y: -1.538483
Z: 0.549942
--- 
NODE: 434
NAME: 434
X: -0.299983
Y: -1.548618
Z: 0.549956
--- 
NODE: 435
NAME: 435
X: -0.299994
Y: -1.558754
Z: 0.549951
--- 
NODE: 436
NAME: 436
X: -0.300027
Y: -1.568889
Z: 0.549950
--- 
NODE: 437
NAME: 437
X: -0.300027
Y: -1.579024
Z: 0.549958
--- 
NODE: 438
NAME: 438
X: -0.299974
Y: -1.589159
Z: 0.549931
--- 
NODE: 439
NAME: 439
X: -0.300013
Y: -1.599294
Z: 0.549955
--- 
NODE: 440
NAME: 440
X: -0.300026
Y: -1.609429
Z: 0.549982
--- 
NODE: 441
NAME: 441
X: -0.299994
Y: -1.619564
Z: 0.549979
--- 
NODE: 442
NAME: 442
X: -0.299960
Y: -1.629699
Z: 0.549993
--- 
NODE: 443
NAME: 443
X: -0.299937
Y: -1.639834
Z: 0.550010
--- 
NODE: 444
NAME: 444
X: -0.299959
Y: -1.649969
Z: 0.550018
--- 
NODE: 445
NAME: 445
X: -0.299980
Y: -1.660105
Z: 0.550024
--- 
NODE: 446
NAME: 446
X: -0.299950
Y: -1.670240
Z: 0.549998
--- 
NODE: 447
NAME: 447
X: -0.299987
Y: -1.680375
Z: 0.549980
--- 
NODE: 448
NAME: 448
X: -0.300017
Y: -1.690510
Z: 0.549968
--- 
NODE: 449
NAME: 449
X: -0.300029
Y: -1.700645
Z: 0.549925
--- 
NODE: 450
NAME: 450
X: -0.300027
Y: -1.710780
Z: 0.549903
--- 
NODE: 451
NAME: 451
X: -0.300038
Y: -1.720915
Z: 0.549881
--- 
NODE: 452
NAME: 452
X: -0.300031
Y: -1.731050
Z: 0.549916
--- 
NODE: 453
NAME: 453
X: -0.299991
Y: -1.741185
Z: 0.549954
--- 
NODE: 454
NAME: 454
X: -0.300011
Y: -1.751320
Z: 0.549965
--- 
NODE: 455
NAME: 455
X: -0.300023
Y: -1.761456
Z: 0.549993
--- 
NODE: 456
NAME: 456
X: -0.300103
Y: -1.771590
Z: 0.549996
--- 
NODE: 457
NAME: 457
X: -0.300178
Y: -1.781725
Z: 0.549993
--- 
NODE: 458
NAME: 458
X: -0.300158
Y: -1.791861
Z: 0.549978
--- 
NODE: 459
NAME: 459
X: -0.300166
Y: -1.801996
Z: 0.549992
--- 
NODE: 460
NAME: 460
X: -0.300089
Y: -1.812130
Z: 0.549971
--- 
NODE: 461
NAME: 461
X: -0.300037
Y: -1.822265
Z: 0.549987
--- 
NODE: 462
NAME: 462
X: -0.299985
Y: -1.832401
Z: 0.549991
--- 
NODE: 463
NAME: 463
X: -0.299987
Y: -1.842535
Z: 0.550070
--- 
NODE: 464
NAME: 464
X: -0.299924
Y: -1.852670
Z: 0.550091
--- 
NODE: 465
NAME: 465
X: -0.299875
Y: -1.862805
Z: 0.550094
--- 
NODE: 466
NAME: 466
X: -0.299865
Y: -1.872940
Z: 0.550073
--- 
NODE: 467
NAME: 467
X: -0.299902
Y: -1.883075
Z: 0.550044
--- 
NODE: 468
NAME: 468
X: -0.299962
Y: -1.893210
Z: 0.550045
--- 
NODE: 469
NAME: 469
X: -0.300031
Y: -1.903345
Z: 0.550066
--- 
NODE: 470
NAME: 470
X: -0.300014
Y: -1.913480
Z: 0.550042
--- 
NODE: 471
NAME: 471
X: -0.300004
Y: -1.923615
Z: 0.549996
--- 
NODE: 472
NAME: 472
X: -0.300033
Y: -1.933750
Z: 0.550014
--- 
NODE: 473
NAME: 473
X: -0.299966
Y: -1.943885
Z: 0.549936
--- 
NODE: 474
NAME: 474
X: -0.299948
Y: -1.954020
Z: 0.549911
--- 
NODE: 475
NAME: 475
X: -0.299977
Y: -1.964155
Z: 0.549918
--- 
NODE: 476
NAME: 476
X: -0.300021
Y: -1.974290
Z: 0.549944
--- 
NODE: 477
NAME: 477
X: -0.300028
Y: -1.984425
Z: 0.549980
--- 
NODE: 478
NAME: 478
X: -0.300041
Y: -1.994560
Z: 0.550023
--- 
NODE: 479
NAME: 479
X: -0.300047
Y: -2.004696
Z: 0.550026
--- 
NODE: 480
NAME: 480
X: -0.300038
Y: -2.014831
Z: 0.550029
--- 
NODE: 481
NAME: 481
X: -0.300033
Y: -2.024966
Z: 0.550046
--- 
NODE: 482
NAME: 482
X: -0.300027
Y: -2.035101
Z: 0.550043
--- 
NODE: 483
NAME: 483
X: -0.300026
Y: -2.045236
Z: 0.550000
--- 
NODE: 484
NAME: 484
X: -0.300002
Y: -2.055371
Z: 0.549933
--- 
NODE: 485
NAME: 485
X: -0.299985
Y: -2.065506
Z: 0.549916
--- 
NODE: 486
NAME: 486
X: -0.299965
Y: -2.075641
Z: 0.549918
--- 
NODE: 487
NAME: 487
X: -0.299940
Y: -2.085776
Z: 0.550001
--- 
NODE: 488
NAME: 488
X: -0.299926
Y: -2.095911
Z: 0.550110
--- 
NODE: 489
NAME: 489
X: -0.299981
Y: -2.106046
Z: 0.550170
--- 
NODE: 490
NAME: 490
X: -0.299979
Y: -2.116181
Z: 0.550174
--- 
NODE: 491
NAME: 491
X: -0.299980
Y: -2.126316
Z: 0.550141
--- 
NODE: 492
NAME: 492
X: -0.299976
Y: -2.136451
Z: 0.550109
--- 
NODE: 493
NAME: 493
X: -0.299966
Y: -2.146586
Z: 0.550032
--- 
NODE: 494
NAME: 494
X: -0.299958
Y: -2.156721
Z: 0.550010
--- 
NODE: 495
NAME: 495
X: -0.299943
Y: -2.166856
Z: 0.549992
--- 
NODE: 496
NAME: 496
X: -0.299952
Y: -2.176991
Z: 0.549933
--- 
NODE: 497
NAME: 497
X: -0.299935
Y: -2.187127
Z: 0.549900
--- 
NODE: 498
NAME: 498
X: -0.299921
Y: -2.197262
Z: 0.549901
--- 
NODE: 499
NAME: 499
X: -0.299903
Y: -2.207397
Z: 0.549980
--- 
NODE: 500
NAME: 500
X: -0.299893
Y: -2.217532
Z: 0.550004
--- 
NODE: 501
NAME: 501
X: -0.299851
Y: -2.227667
Z: 0.550071
--- 
NODE: 502
NAME: 502
X: -0.299877
Y: -2.237801
Z: 0.550010
--- 
NODE: 503
NAME: 503
X: -0.299878
Y: -2.247937
Z: 0.549965
--- 
NODE: 504
NAME: 504
X: -0.299884
Y: -2.258072
Z: 0.549977
--- 
NODE: 505
NAME: 505
X: -0.299932
Y: -2.268207
Z: 0.550022
--- 
NODE: 506
NAME: 506
X: -0.300011
Y: -2.278342
Z: 0.550063
--- 
NODE: 507
NAME: 507
X: -0.300028
Y: -2.288477
Z: 0.550077
--- 
NODE: 508
NAME: 508
X: -0.299970
Y: -2.298612
Z: 0.550065
--- 
NODE: 509
NAME: 509
X: -0.299965
Y: -2.308747
Z: 0.550028
--- 
NODE: 510
NAME: 510
X: -0.300001
Y: -2.318882
Z: 0.549987
--- 
NODE: 511
NAME: 511
X: -0.300031
Y: -2.329017
Z: 0.550004
--- 
NODE: 512
NAME: 512
X: -0.300023
Y: -2.339152
Z: 0.549990
--- 
NODE: 513
NAME: 513
X: -0.300023
Y: -2.349287
Z: 0.549992
--- 
NODE: 514
NAME: 514
X: -0.300055
Y: -2.359423
Z: 0.549982
--- 
NODE: 515
NAME: 515
X: -0.300075
Y: -2.369557
Z: 0.549926
--- 
NODE: 516
NAME: 516
X: -0.300108
Y: -2.379693
Z: 0.549895
--- 
NODE: 517
NAME: 517
X: -0.300063
Y: -2.389828
Z: 0.549945
--- 
NODE: 518
NAME: 518
X: -0.300017
Y: -2.399963
Z: 0.549939
--- 
NODE: 519
NAME: 519
X: -0.299979
Y: -2.410098
Z: 0.549932
--- 
NODE: 520
NAME: 520
X: -0.299978
Y: -2.420233
Z: 0.549932
--- 
NODE: 521
NAME: 521
X: -0.299929
Y: -2.430368
Z: 0.549959
--- 
NODE: 522
NAME: 522
X: -0.300007
Y: -2.440503
Z: 0.549998
--- 
NODE: 523
NAME: 523
X: -0.300054
Y: -2.450638
Z: 0.550028
--- 
NODE: 524
NAME: 524
X: -0.300051
Y: -2.460773
Z: 0.550032
--- 
NODE: 525
NAME: 525
X: -0.300036
Y: -2.470908
Z: 0.549990
--- 
NODE: 526
NAME: 526
X: -0.300005
Y: -2.481043
Z: 0.549961
--- 
NODE: 527
NAME: 527
X: -0.299978
Y: -2.491178
Z: 0.549928
--- 
NODE: 528
NAME: 528
X: -0.300000
Y: -2.501313
Z: 0.549936
--- 
NODE: 529
NAME: 529
X: -0.300074
Y: -2.511448
Z: 0.549907
--- 
NODE: 530
NAME: 530
X: -0.300068
Y: -2.521583
Z: 0.550013
--- 
NODE: 531
NAME: 531
X: -0.300066
Y: -2.531718
Z: 0.550057
--- 
NODE: 532
NAME: 532
X: -0.300084
Y: -2.541853
Z: 0.550069
--- 
NODE: 533
NAME: 533
X: -0.300104
Y: -2.551988
Z: 0.550065
--- 
NODE: 534
NAME: 534
X: -0.300089
Y: -2.562123
Z: 0.550057
--- 
NODE: 535
NAME: 535
X: -0.300054
Y: -2.572258
Z: 0.550022
--- 
NODE: 536
NAME: 536
X: -0.300056
Y: -2.582394
Z: 0.550027
--- 
NODE: 537
NAME: 537
X: -0.300073
Y: -2.592529
Z: 0.550025
--- 
NODE: 538
NAME: 538
X: -0.300089
Y: -2.602664
Z: 0.550053
--- 
NODE: 539
NAME: 539
X: -0.300052
Y: -2.612799
Z: 0.550025
--- 
NODE: 540
NAME: 540
X: -0.300013
Y: -2.622934
Z: 0.550004
--- 
NODE: 541
NAME: 541
X: -0.299984
Y: -2.633069
Z: 0.549981
--- 
NODE: 542
NAME: 542
X: -0.300008
Y: -2.643204
Z: 0.549940
--- 
NODE: 543
NAME: 543
X: -0.300042
Y: -2.653339
Z: 0.549954
--- 
NODE: 544
NAME: 544
X: -0.300057
Y: -2.663474
Z: 0.549967
--- 
NODE: 545
NAME: 545
X: -0.300042
Y: -2.673609
Z: 0.549930
--- 
NODE: 546
NAME: 546
X: -0.300044
Y: -2.683745
Z: 0.549942
--- 
NODE: 547
NAME: 547
X: -0.300021
Y: -2.693880
Z: 0.549974
--- 
NODE: 548
NAME: 548
X: -0.299951
Y: -2.704015
Z: 0.549960
--- 
NODE: 549
NAME: 549
X: -0.299964
Y: -2.714149
Z: 0.550019
--- 
NODE: 550
NAME: 550
X: -0.300101
Y: -2.724281
Z: 0.550191
--- 
NODE: 551
NAME: 551
X: -0.300177
Y: -2.734415
Z: 0.550290
--- 
NODE: 552
NAME: 552
X: -0.300272
Y: -2.744550
Z: 0.550228
--- 
NODE: 553
NAME: 553
X: -0.300224
Y: -2.754683
Z: 0.550035
--- 
NODE: 554
NAME: 554
X: -0.300140
Y: -2.764814
Z: 0.549785
--- 
NODE: 555
NAME: 555
X: -0.299988
Y: -2.774942
Z: 0.549421
--- 
NODE: 556
NAME: 556
X: -0.299828
Y: -2.785071
Z: 0.549105
--- 
NODE: 557
NAME: 557
X: -0.299684
Y: -2.795202
Z: 0.548868
--- 
NODE: 558
NAME: 558
X: -0.299556
Y: -2.805335
Z: 0.548660
--- 
NODE: 559
NAME: 559
X: -0.299429
Y: -2.815467
Z: 0.548457
--- 
NODE: 560
NAME: 560
X: -0.299333
Y: -2.825600
Z: 0.548265
--- 
NODE: 561
NAME: 561
X: -0.299238
Y: -2.835733
Z: 0.548075
--- 
NODE: 562
NAME: 562
X: -0.299184
Y: -2.845866
Z: 0.547894
--- 
NODE: 563
NAME: 563
X: -0.299150
Y: -2.856000
Z: 0.547719
--- 
NODE: 564
NAME: 564
X: -0.299151
Y: -2.866134
Z: 0.547609
--- 
NODE: 565
NAME: 565
X: -0.299215
Y: -2.876269
Z: 0.547620
--- 
NODE: 566
NAME: 566
X: -0.299399
Y: -2.886396
Z: 0.547946
--- 
NODE: 567
NAME: 567
X: -0.299845
Y: -2.896468
Z: 0.548970
--- 
NODE: 568
NAME: 568
X: -0.300030
Y: -2.906578
Z: 0.549553
--- 
NODE: 569
NAME: 569
X: -0.300071
Y: -2.916713
Z: 0.549554
--- 
NODE: 570
NAME: 570
X: -0.300112
Y: -2.926848
Z: 0.549551
--- 
NODE: 571
NAME: 571
X: -0.300099
Y: -2.936983
Z: 0.549543
--- 
NODE: 572
NAME: 572
X: -0.300076
Y: -2.947119
Z: 0.549536
--- 
NODE: 573
NAME: 573
X: -0.300034
Y: -2.957254
Z: 0.549541
--- 
NODE: 574
NAME: 574
X: -0.300022
Y: -2.967389
Z: 0.549509
--- 
NODE: 575
NAME: 575
X: -0.300026
Y: -2.977524
Z: 0.549513
--- 
NODE: 576
NAME: 576
X: -0.300001
Y: -2.987659
Z: 0.549541
--- 
NODE: 577
NAME: 577
X: -0.299994
Y: -2.997794
Z: 0.549570
--- 
NODE: 578
NAME: 578
X: -0.299994
Y: -3.007930
Z: 0.549586
--- 
NODE: 579
NAME: 579
X: -0.299998
Y: -3.018065
Z: 0.549572
--- 
NODE: 580
NAME: 580
X: -0.300012
Y: -3.028200
Z: 0.549559
--- 
NODE: 581
NAME: 581
X: -0.300058
Y: -3.038335
Z: 0.549568
--- 
NODE: 582
NAME: 582
X: -0.300081
Y: -3.048470
Z: 0.549577
--- 
NODE: 583
NAME: 583
X: -0.300073
Y: -3.058605
Z: 0.549556
--- 
NODE: 584
NAME: 584
X: -0.300046
Y: -3.068741
Z: 0.549541
--- 
NODE: 585
NAME: 585
X: -0.300033
Y: -3.078876
Z: 0.549554
--- 
NODE: 586
NAME: 586
X: -0.300029
Y: -3.089011
Z: 0.549550
--- 
NODE: 587
NAME: 587
X: -0.300021
Y: -3.099146
Z: 0.549542
--- 
NODE: 588
NAME: 588
X: -0.300042
Y: -3.109281
Z: 0.549543
--- 
NODE: 589
NAME: 589
X: -0.300038
Y: -3.119416
Z: 0.549546
--- 
NODE: 590
NAME: 590
X: -0.300057
Y: -3.129551
Z: 0.549500
--- 
NODE: 591
NAME: 591
X: -0.300036
Y: -3.139687
Z: 0.549527
--- 
NODE: 592
NAME: 592
X: -0.300028
Y: -3.149822
Z: 0.549543
--- 
NODE: 593
NAME: 593
X: -0.300049
Y: -3.159957
Z: 0.549532
--- 
NODE: 594
NAME: 594
X: -0.300042
Y: -3.170092
Z: 0.549564
--- 
NODE: 595
NAME: 595
X: -0.300035
Y: -3.180227
Z: 0.549564
--- 
NODE: 596
NAME: 596
X: -0.300057
Y: -3.190363
Z: 0.549567
--- 
NODE: 597
NAME: 597
X: -0.300073
Y: -3.200498
Z: 0.549565
--- 
NODE: 598
NAME: 598
X: -0.300074
Y: -3.210633
Z: 0.549561
--- 
NODE: 599
NAME: 599
X: -0.300078
Y: -3.220768
Z: 0.549587
--- 
NODE: 600
NAME: 600
X: -0.300085
Y: -3.230903
Z: 0.549568
--- 
NODE: 601
NAME: 601
X: -0.300098
Y: -3.241039
Z: 0.549565
--- 
NODE: 602
NAME: 602
X: -0.300149
Y: -3.251174
Z: 0.549549
--- 
NODE: 603
NAME: 603
X: -0.300197
Y: -3.261309
Z: 0.549544
--- 
NODE: 604
NAME: 604
X: -0.300231
Y: -3.271444
Z: 0.549509
--- 
NODE: 605
NAME: 605
X: -0.300190
Y: -3.281579
Z: 0.549450
--- 
NODE: 606
NAME: 606
X: -0.300116
Y: -3.291713
Z: 0.549391
--- 
NODE: 607
NAME: 607
X: -0.299921
Y: -3.301847
Z: 0.549387
--- 
NODE: 608
NAME: 608
X: -0.299556
Y: -3.311974
Z: 0.549517
--- 
NODE: 609
NAME: 609
X: -0.298906
Y: -3.322088
Z: 0.549511
--- 
NODE: 610
NAME: 610
X: -0.297980
Y: -3.332181
Z: 0.549484
--- 
NODE: 611
NAME: 611
X: -0.296791
Y: -3.342245
Z: 0.549478
--- 
NODE: 612
NAME: 612
X: -0.295316
Y: -3.352272
Z: 0.549508
--- 
NODE: 613
NAME: 613
X: -0.293567
Y: -3.362255
Z: 0.549529
--- 
NODE: 614
NAME: 614
X: -0.291475
Y: -3.372171
Z: 0.549537
--- 
NODE: 615
NAME: 615
X: -0.289122
Y: -3.382029
Z: 0.549550
--- 
NODE: 616
NAME: 616
X: -0.286431
Y: -3.391800
Z: 0.549602
--- 
NODE: 617
NAME: 617
X: -0.283428
Y: -3.401479
Z: 0.549564
--- 
NODE: 618
NAME: 618
X: -0.280118
Y: -3.411058
Z: 0.549552
--- 
NODE: 619
NAME: 619
X: -0.276486
Y: -3.420519
Z: 0.549518
--- 
NODE: 620
NAME: 620
X: -0.272543
Y: -3.429856
Z: 0.549482
--- 
NODE: 621
NAME: 621
X: -0.268279
Y: -3.439050
Z: 0.549464
--- 
NODE: 622
NAME: 622
X: -0.263796
Y: -3.448140
Z: 0.549473
--- 
NODE: 623
NAME: 623
X: -0.259070
Y: -3.457105
Z: 0.549494
--- 
NODE: 624
NAME: 624
X: -0.254053
Y: -3.465910
Z: 0.549549
--- 
NODE: 625
NAME: 625
X: -0.248798
Y: -3.474577
Z: 0.549545
--- 
NODE: 626
NAME: 626
X: -0.243190
Y: -3.483016
Z: 0.549568
--- 
NODE: 627
NAME: 627
X: -0.237291
Y: -3.491258
Z: 0.549563
--- 
NODE: 628
NAME: 628
X: -0.231190
Y: -3.499350
Z: 0.549566
--- 
NODE: 629
NAME: 629
X: -0.224845
Y: -3.507254
Z: 0.549604
--- 
NODE: 630
NAME: 630
X: -0.218286
Y: -3.514980
Z: 0.549641
--- 
NODE: 631
NAME: 631
X: -0.211493
Y: -3.522501
Z: 0.549635
--- 
NODE: 632
NAME: 632
X: -0.204468
Y: -3.529805
Z: 0.549685
--- 
NODE: 633
NAME: 633
X: -0.197179
Y: -3.536847
Z: 0.549699
--- 
NODE: 634
NAME: 634
X: -0.189626
Y: -3.543603
Z: 0.549720
--- 
NODE: 635
NAME: 635
X: -0.181891
Y: -3.550152
Z: 0.549773
--- 
NODE: 636
NAME: 636
X: -0.174020
Y: -3.556536
Z: 0.549756
--- 
NODE: 637
NAME: 637
X: -0.165888
Y: -3.562585
Z: 0.549729
--- 
NODE: 638
NAME: 638
X: -0.157608
Y: -3.568428
Z: 0.549720
--- 
NODE: 639
NAME: 639
X: -0.149155
Y: -3.574020
Z: 0.549694
--- 
NODE: 640
NAME: 640
X: -0.140477
Y: -3.579255
Z: 0.549697
--- 
NODE: 641
NAME: 641
X: -0.131677
Y: -3.584281
Z: 0.549653
--- 
NODE: 642
NAME: 642
X: -0.122748
Y: -3.589075
Z: 0.549572
--- 
NODE: 643
NAME: 643
X: -0.113647
Y: -3.593535
Z: 0.549550
--- 
NODE: 644
NAME: 644
X: -0.104437
Y: -3.597764
Z: 0.549555
--- 
NODE: 645
NAME: 645
X: -0.095088
Y: -3.601675
Z: 0.549587
--- 
NODE: 646
NAME: 646
X: -0.085588
Y: -3.605205
Z: 0.549635
--- 
NODE: 647
NAME: 647
X: -0.075996
Y: -3.608476
Z: 0.549720
--- 
NODE: 648
NAME: 648
X: -0.066314
Y: -3.611473
Z: 0.549771
--- 
NODE: 649
NAME: 649
X: -0.056547
Y: -3.614176
Z: 0.549800
--- 
NODE: 650
NAME: 650
X: -0.046708
Y: -3.616606
Z: 0.549786
--- 
NODE: 651
NAME: 651
X: -0.036800
Y: -3.618740
Z: 0.549783
--- 
NODE: 652
NAME: 652
X: -0.026825
Y: -3.620530
Z: 0.549788
--- 
NODE: 653
NAME: 653
X: -0.016793
Y: -3.621971
Z: 0.549765
--- 
NODE: 654
NAME: 654
X: -0.006722
Y: -3.623108
Z: 0.549753
--- 
NODE: 655
NAME: 655
X: 0.003374
Y: -3.623987
Z: 0.549758
--- 
NODE: 656
NAME: 656
X: 0.013499
Y: -3.624440
Z: 0.549795
--- 
NODE: 657
NAME: 657
X: 0.023632
Y: -3.624639
Z: 0.549809
--- 
NODE: 658
NAME: 658
X: 0.033765
Y: -3.624496
Z: 0.549817
--- 
NODE: 659
NAME: 659
X: 0.043890
Y: -3.624034
Z: 0.549843
--- 
NODE: 660
NAME: 660
X: 0.053999
Y: -3.623318
Z: 0.549910
--- 
NODE: 661
NAME: 661
X: 0.064082
Y: -3.622306
Z: 0.549921
--- 
NODE: 662
NAME: 662
X: 0.074125
Y: -3.620942
Z: 0.549916
--- 
NODE: 663
NAME: 663
X: 0.084117
Y: -3.619247
Z: 0.549898
--- 
NODE: 664
NAME: 664
X: 0.094046
Y: -3.617216
Z: 0.549885
--- 
NODE: 665
NAME: 665
X: 0.103914
Y: -3.614907
Z: 0.549910
--- 
NODE: 666
NAME: 666
X: 0.113712
Y: -3.612317
Z: 0.549874
--- 
NODE: 667
NAME: 667
X: 0.123385
Y: -3.609293
Z: 0.549883
--- 
NODE: 668
NAME: 668
X: 0.132988
Y: -3.606052
Z: 0.549879
--- 
NODE: 669
NAME: 669
X: 0.142498
Y: -3.602550
Z: 0.549872
--- 
NODE: 670
NAME: 670
X: 0.151891
Y: -3.598743
Z: 0.549886
--- 
NODE: 671
NAME: 671
X: 0.161165
Y: -3.594658
Z: 0.549951
--- 
NODE: 672
NAME: 672
X: 0.170307
Y: -3.590283
Z: 0.549966
--- 
NODE: 673
NAME: 673
X: 0.179303
Y: -3.585617
Z: 0.549933
--- 
NODE: 674
NAME: 674
X: 0.188135
Y: -3.580644
Z: 0.549943
--- 
NODE: 675
NAME: 675
X: 0.196833
Y: -3.575443
Z: 0.549975
--- 
NODE: 676
NAME: 676
X: 0.205366
Y: -3.569975
Z: 0.550011
--- 
NODE: 677
NAME: 677
X: 0.213733
Y: -3.564257
Z: 0.550012
--- 
NODE: 678
NAME: 678
X: 0.221835
Y: -3.558168
Z: 0.550054
--- 
NODE: 679
NAME: 679
X: 0.229808
Y: -3.551912
Z: 0.550081
--- 
NODE: 680
NAME: 680
X: 0.237563
Y: -3.545386
Z: 0.550059
--- 
NODE: 681
NAME: 681
X: 0.245137
Y: -3.538653
Z: 0.550002
--- 
NODE: 682
NAME: 682
X: 0.252452
Y: -3.531639
Z: 0.549953
--- 
NODE: 683
NAME: 683
X: 0.259544
Y: -3.524399
Z: 0.549959
--- 
NODE: 684
NAME: 684
X: 0.266447
Y: -3.516978
Z: 0.549922
--- 
NODE: 685
NAME: 685
X: 0.273118
Y: -3.509350
Z: 0.549926
--- 
NODE: 686
NAME: 686
X: 0.279529
Y: -3.501500
Z: 0.549912
--- 
NODE: 687
NAME: 687
X: 0.285684
Y: -3.493448
Z: 0.549887
--- 
NODE: 688
NAME: 688
X: 0.291624
Y: -3.485237
Z: 0.549901
--- 
NODE: 689
NAME: 689
X: 0.297252
Y: -3.476809
Z: 0.549977
--- 
NODE: 690
NAME: 690
X: 0.302626
Y: -3.468216
Z: 0.550014
--- 
NODE: 691
NAME: 691
X: 0.307743
Y: -3.459468
Z: 0.550037
--- 
NODE: 692
NAME: 692
X: 0.312639
Y: -3.450594
Z: 0.550030
--- 
NODE: 693
NAME: 693
X: 0.317251
Y: -3.441570
Z: 0.550001
--- 
NODE: 694
NAME: 694
X: 0.321515
Y: -3.432376
Z: 0.549995
--- 
NODE: 695
NAME: 695
X: 0.325494
Y: -3.423055
Z: 0.549990
--- 
NODE: 696
NAME: 696
X: 0.329174
Y: -3.413612
Z: 0.550007
--- 
NODE: 697
NAME: 697
X: 0.332614
Y: -3.404078
Z: 0.550009
--- 
NODE: 698
NAME: 698
X: 0.335705
Y: -3.394428
Z: 0.550081
--- 
NODE: 699
NAME: 699
X: 0.338397
Y: -3.384657
Z: 0.550120
--- 
NODE: 700
NAME: 700
X: 0.340795
Y: -3.374810
Z: 0.550091
--- 
NODE: 701
NAME: 701
X: 0.342898
Y: -3.364896
Z: 0.550070
--- 
NODE: 702
NAME: 702
X: 0.344797
Y: -3.354940
Z: 0.550016
--- 
NODE: 703
NAME: 703
X: 0.346347
Y: -3.344925
Z: 0.550019
--- 
NODE: 704
NAME: 704
X: 0.347607
Y: -3.334869
Z: 0.550049
--- 
NODE: 705
NAME: 705
X: 0.348501
Y: -3.324774
Z: 0.549982
--- 
NODE: 706
NAME: 706
X: 0.349201
Y: -3.314663
Z: 0.549934
--- 
NODE: 707
NAME: 707
X: 0.349617
Y: -3.304537
Z: 0.549890
--- 
NODE: 708
NAME: 708
X: 0.349832
Y: -3.294404
Z: 0.549913
--- 
NODE: 709
NAME: 709
X: 0.349912
Y: -3.284270
Z: 0.549964
--- 
NODE: 710
NAME: 710
X: 0.349860
Y: -3.274135
Z: 0.549949
--- 
NODE: 711
NAME: 711
X: 0.349813
Y: -3.264000
Z: 0.549925
--- 
NODE: 712
NAME: 712
X: 0.349735
Y: -3.253865
Z: 0.549888
--- 
NODE: 713
NAME: 713
X: 0.349628
Y: -3.243730
Z: 0.549867
--- 
NODE: 714
NAME: 714
X: 0.349479
Y: -3.233596
Z: 0.549905
--- 
NODE: 715
NAME: 715
X: 0.349404
Y: -3.223461
Z: 0.549906
--- 
NODE: 716
NAME: 716
X: 0.349350
Y: -3.213326
Z: 0.549902
--- 
NODE: 717
NAME: 717
X: 0.349268
Y: -3.203191
Z: 0.549914
--- 
NODE: 718
NAME: 718
X: 0.349172
Y: -3.193057
Z: 0.549894
--- 
NODE: 719
NAME: 719
X: 0.349087
Y: -3.182922
Z: 0.549852
--- 
NODE: 720
NAME: 720
X: 0.349024
Y: -3.172787
Z: 0.549786
--- 
NODE: 721
NAME: 721
X: 0.348974
Y: -3.162652
Z: 0.549754
--- 
NODE: 722
NAME: 722
X: 0.348926
Y: -3.152517
Z: 0.549742
--- 
NODE: 723
NAME: 723
X: 0.348861
Y: -3.142382
Z: 0.549743
--- 
NODE: 724
NAME: 724
X: 0.348778
Y: -3.132247
Z: 0.549724
--- 
NODE: 725
NAME: 725
X: 0.348687
Y: -3.122112
Z: 0.549690
--- 
NODE: 726
NAME: 726
X: 0.348634
Y: -3.111977
Z: 0.549650
--- 
NODE: 727
NAME: 727
X: 0.348584
Y: -3.101842
Z: 0.549629
--- 
NODE: 728
NAME: 728
X: 0.348531
Y: -3.091708
Z: 0.549559
--- 
NODE: 729
NAME: 729
X: 0.348477
Y: -3.081572
Z: 0.549554
--- 
NODE: 730
NAME: 730
X: 0.348396
Y: -3.071438
Z: 0.549576
--- 
NODE: 731
NAME: 731
X: 0.348353
Y: -3.061303
Z: 0.549582
--- 
NODE: 732
NAME: 732
X: 0.348232
Y: -3.051168
Z: 0.549580
--- 
NODE: 733
NAME: 733
X: 0.348131
Y: -3.041033
Z: 0.549540
--- 
NODE: 734
NAME: 734
X: 0.348047
Y: -3.030899
Z: 0.549539
--- 
NODE: 735
NAME: 735
X: 0.347972
Y: -3.020764
Z: 0.549529
--- 
NODE: 736
NAME: 736
X: 0.347878
Y: -3.010629
Z: 0.549518
--- 
NODE: 737
NAME: 737
X: 0.347802
Y: -3.000494
Z: 0.549520
--- 
NODE: 738
NAME: 738
X: 0.347776
Y: -2.990359
Z: 0.549439
--- 
NODE: 739
NAME: 739
X: 0.347704
Y: -2.980224
Z: 0.549434
--- 
NODE: 740
NAME: 740
X: 0.347618
Y: -2.970089
Z: 0.549442
--- 
NODE: 741
NAME: 741
X: 0.347521
Y: -2.959955
Z: 0.549472
--- 
NODE: 742
NAME: 742
X: 0.347450
Y: -2.949820
Z: 0.549493
--- 
NODE: 743
NAME: 743
X: 0.347413
Y: -2.939685
Z: 0.549458
--- 
NODE: 744
NAME: 744
X: 0.347358
Y: -2.929550
Z: 0.549429
--- 
NODE: 745
NAME: 745
X: 0.347265
Y: -2.919415
Z: 0.549428
--- 
NODE: 746
NAME: 746
X: 0.347177
Y: -2.909280
Z: 0.549402
--- 
NODE: 747
NAME: 747
X: 0.347073
Y: -2.899146
Z: 0.549508
--- 
NODE: 748
NAME: 748
X: 0.346906
Y: -2.889012
Z: 0.549496
--- 
NODE: 749
NAME: 749
X: 0.346795
Y: -2.878878
Z: 0.549434
--- 
NODE: 750
NAME: 750
X: 0.346763
Y: -2.868743
Z: 0.549370
--- 
NODE: 751
NAME: 751
X: 0.346813
Y: -2.858608
Z: 0.549356
--- 
NODE: 752
NAME: 752
X: 0.346925
Y: -2.848474
Z: 0.549387
--- 
NODE: 753
NAME: 753
X: 0.347092
Y: -2.838340
Z: 0.549458
--- 
NODE: 754
NAME: 754
X: 0.347315
Y: -2.828208
Z: 0.549582
--- 
NODE: 755
NAME: 755
X: 0.347550
Y: -2.818077
Z: 0.549737
--- 
NODE: 756
NAME: 756
X: 0.347774
Y: -2.807945
Z: 0.549859
--- 
NODE: 757
NAME: 757
X: 0.348141
Y: -2.797817
Z: 0.549904
--- 
NODE: 758
NAME: 758
X: 0.348916
Y: -2.787713
Z: 0.549816
--- 
NODE: 759
NAME: 759
X: 0.349955
Y: -2.777636
Z: 0.549881
--- 
NODE: 760
NAME: 760
X: 0.349990
Y: -2.767502
Z: 0.549930
--- 
NODE: 761
NAME: 761
X: 0.349918
Y: -2.757367
Z: 0.549979
--- 
NODE: 762
NAME: 762
X: 0.349919
Y: -2.747232
Z: 0.550024
--- 
NODE: 763
NAME: 763
X: 0.349968
Y: -2.737097
Z: 0.550036
--- 
NODE: 764
NAME: 764
X: 0.349991
Y: -2.726962
Z: 0.550001
--- 
NODE: 765
NAME: 765
X: 0.350043
Y: -2.716827
Z: 0.549993
--- 
NODE: 766
NAME: 766
X: 0.350062
Y: -2.706692
Z: 0.550005
--- 
NODE: 767
NAME: 767
X: 0.350045
Y: -2.696557
Z: 0.550001
--- 
NODE: 768
NAME: 768
X: 0.350021
Y: -2.686422
Z: 0.549990
--- 
NODE: 769
NAME: 769
X: 0.350067
Y: -2.676287
Z: 0.549950
--- 
NODE: 770
NAME: 770
X: 0.350073
Y: -2.666152
Z: 0.549940
--- 
NODE: 771
NAME: 771
X: 0.350059
Y: -2.656016
Z: 0.549946
--- 
NODE: 772
NAME: 772
X: 0.350028
Y: -2.645881
Z: 0.549964
--- 
NODE: 773
NAME: 773
X: 0.350017
Y: -2.635746
Z: 0.549982
--- 
NODE: 774
NAME: 774
X: 0.350009
Y: -2.625611
Z: 0.549998
--- 
NODE: 775
NAME: 775
X: 0.349987
Y: -2.615476
Z: 0.549999
--- 
NODE: 776
NAME: 776
X: 0.350006
Y: -2.605341
Z: 0.550004
--- 
NODE: 777
NAME: 777
X: 0.350035
Y: -2.595205
Z: 0.549989
--- 
NODE: 778
NAME: 778
X: 0.350025
Y: -2.585070
Z: 0.549973
--- 
NODE: 779
NAME: 779
X: 0.349994
Y: -2.574935
Z: 0.549992
--- 
NODE: 780
NAME: 780
X: 0.349975
Y: -2.564800
Z: 0.550004
--- 
NODE: 781
NAME: 781
X: 0.349988
Y: -2.554665
Z: 0.550046
--- 
NODE: 782
NAME: 782
X: 0.349989
Y: -2.544529
Z: 0.550039
--- 
NODE: 783
NAME: 783
X: 0.349992
Y: -2.534394
Z: 0.550021
--- 
NODE: 784
NAME: 784
X: 0.350024
Y: -2.524259
Z: 0.550018
--- 
NODE: 785
NAME: 785
X: 0.350056
Y: -2.514124
Z: 0.550003
--- 
NODE: 786
NAME: 786
X: 0.350012
Y: -2.503989
Z: 0.549981
--- 
NODE: 787
NAME: 787
X: 0.349977
Y: -2.493854
Z: 0.549970
--- 
NODE: 788
NAME: 788
X: 0.349974
Y: -2.483719
Z: 0.549981
--- 
NODE: 789
NAME: 789
X: 0.349991
Y: -2.473583
Z: 0.550005
--- 
NODE: 790
NAME: 790
X: 0.349964
Y: -2.463448
Z: 0.550026
--- 
NODE: 791
NAME: 791
X: 0.349956
Y: -2.453313
Z: 0.549960
--- 
NODE: 792
NAME: 792
X: 0.349974
Y: -2.443178
Z: 0.549960
--- 
NODE: 793
NAME: 793
X: 0.350001
Y: -2.433043
Z: 0.549988
--- 
NODE: 794
NAME: 794
X: 0.349929
Y: -2.422908
Z: 0.550012
--- 
NODE: 795
NAME: 795
X: 0.349903
Y: -2.412773
Z: 0.550040
--- 
NODE: 796
NAME: 796
X: 0.349928
Y: -2.402638
Z: 0.550033
--- 
NODE: 797
NAME: 797
X: 0.349946
Y: -2.392503
Z: 0.550000
--- 
NODE: 798
NAME: 798
X: 0.349943
Y: -2.382368
Z: 0.549992
--- 
NODE: 799
NAME: 799
X: 0.349943
Y: -2.372232
Z: 0.550045
--- 
NODE: 800
NAME: 800
X: 0.349960
Y: -2.362097
Z: 0.550095
--- 
NODE: 801
NAME: 801
X: 0.349979
Y: -2.351962
Z: 0.550082
--- 
NODE: 802
NAME: 802
X: 0.349976
Y: -2.341827
Z: 0.550067
--- 
NODE: 803
NAME: 803
X: 0.349956
Y: -2.331692
Z: 0.550044
--- 
NODE: 804
NAME: 804
X: 0.349956
Y: -2.321557
Z: 0.550034
--- 
NODE: 805
NAME: 805
X: 0.349972
Y: -2.311421
Z: 0.550021
--- 
NODE: 806
NAME: 806
X: 0.349997
Y: -2.301286
Z: 0.550041
--- 
NODE: 807
NAME: 807
X: 0.350009
Y: -2.291151
Z: 0.550013
--- 
NODE: 808
NAME: 808
X: 0.350000
Y: -2.281016
Z: 0.549992
--- 
NODE: 809
NAME: 809
X: 0.349998
Y: -2.270881
Z: 0.550022
--- 
NODE: 810
NAME: 810
X: 0.349976
Y: -2.260746
Z: 0.550012
--- 
NODE: 811
NAME: 811
X: 0.349964
Y: -2.250610
Z: 0.549993
--- 
NODE: 812
NAME: 812
X: 0.349958
Y: -2.240475
Z: 0.550004
--- 
NODE: 813
NAME: 813
X: 0.350009
Y: -2.230340
Z: 0.550026
--- 
NODE: 814
NAME: 814
X: 0.350068
Y: -2.220205
Z: 0.550028
--- 
NODE: 815
NAME: 815
X: 0.350076
Y: -2.210070
Z: 0.550041
--- 
NODE: 816
NAME: 816
X: 0.349995
Y: -2.199935
Z: 0.550011
--- 
NODE: 817
NAME: 817
X: 0.349999
Y: -2.189800
Z: 0.549993
--- 
NODE: 818
NAME: 818
X: 0.350006
Y: -2.179665
Z: 0.549997
--- 
NODE: 819
NAME: 819
X: 0.350040
Y: -2.169530
Z: 0.550003
--- 
NODE: 820
NAME: 820
X: 0.350002
Y: -2.159395
Z: 0.549986
--- 
NODE: 821
NAME: 821
X: 0.350013
Y: -2.149259
Z: 0.549986
--- 
NODE: 822
NAME: 822
X: 0.350019
Y: -2.139124
Z: 0.549943
--- 
NODE: 823
NAME: 823
X: 0.350024
Y: -2.128989
Z: 0.549934
--- 
NODE: 824
NAME: 824
X: 0.350056
Y: -2.118854
Z: 0.549915
--- 
NODE: 825
NAME: 825
X: 0.350065
Y: -2.108719
Z: 0.549913
--- 
NODE: 826
NAME: 826
X: 0.350051
Y: -2.098584
Z: 0.549923
--- 
NODE: 827
NAME: 827
X: 0.350033
Y: -2.088449
Z: 0.549946
--- 
NODE: 828
NAME: 828
X: 0.350004
Y: -2.078313
Z: 0.549948
--- 
NODE: 829
NAME: 829
X: 0.350013
Y: -2.068178
Z: 0.550004
--- 
NODE: 830
NAME: 830
X: 0.349996
Y: -2.058043
Z: 0.550033
--- 
NODE: 831
NAME: 831
X: 0.349995
Y: -2.047908
Z: 0.550036
--- 
NODE: 832
NAME: 832
X: 0.350015
Y: -2.037773
Z: 0.549987
--- 
NODE: 833
NAME: 833
X: 0.350059
Y: -2.027638
Z: 0.549995
--- 
NODE: 834
NAME: 834
X: 0.350068
Y: -2.017503
Z: 0.549971
--- 
NODE: 835
NAME: 835
X: 0.350030
Y: -2.007367
Z: 0.549985
--- 
NODE: 836
NAME: 836
X: 0.349980
Y: -1.997232
Z: 0.549993
--- 
NODE: 837
NAME: 837
X: 0.349973
Y: -1.987097
Z: 0.550002
--- 
NODE: 838
NAME: 838
X: 0.349979
Y: -1.976962
Z: 0.549997
--- 
NODE: 839
NAME: 839
X: 0.350034
Y: -1.966827
Z: 0.550003
--- 
NODE: 840
NAME: 840
X: 0.350023
Y: -1.956692
Z: 0.549991
--- 
NODE: 841
NAME: 841
X: 0.350024
Y: -1.946556
Z: 0.549972
--- 
NODE: 842
NAME: 842
X: 0.349989
Y: -1.936421
Z: 0.549963
--- 
NODE: 843
NAME: 843
X: 0.349946
Y: -1.926286
Z: 0.549950
--- 
NODE: 844
NAME: 844
X: 0.349921
Y: -1.916151
Z: 0.549934
--- 
NODE: 845
NAME: 845
X: 0.349926
Y: -1.906016
Z: 0.549935
--- 
NODE: 846
NAME: 846
X: 0.349946
Y: -1.895881
Z: 0.549939
--- 
NODE: 847
NAME: 847
X: 0.349967
Y: -1.885745
Z: 0.549929
--- 
NODE: 848
NAME: 848
X: 0.349980
Y: -1.875610
Z: 0.549962
--- 
NODE: 849
NAME: 849
X: 0.350007
Y: -1.865475
Z: 0.550029
--- 
NODE: 850
NAME: 850
X: 0.350008
Y: -1.855340
Z: 0.550032
--- 
NODE: 851
NAME: 851
X: 0.350010
Y: -1.845205
Z: 0.550040
--- 
NODE: 852
NAME: 852
X: 0.349991
Y: -1.835070
Z: 0.550010
--- 
NODE: 853
NAME: 853
X: 0.350012
Y: -1.824935
Z: 0.549991
--- 
NODE: 854
NAME: 854
X: 0.350051
Y: -1.814800
Z: 0.550014
--- 
NODE: 855
NAME: 855
X: 0.350043
Y: -1.804665
Z: 0.549998
--- 
NODE: 856
NAME: 856
X: 0.350016
Y: -1.794529
Z: 0.549971
--- 
NODE: 857
NAME: 857
X: 0.349970
Y: -1.784394
Z: 0.549957
--- 
NODE: 858
NAME: 858
X: 0.349945
Y: -1.774259
Z: 0.549954
--- 
NODE: 859
NAME: 859
X: 0.349943
Y: -1.764124
Z: 0.549945
--- 
NODE: 860
NAME: 860
X: 0.349972
Y: -1.753989
Z: 0.549980
--- 
NODE: 861
NAME: 861
X: 0.350020
Y: -1.743854
Z: 0.549982
--- 
NODE: 862
NAME: 862
X: 0.350033
Y: -1.733718
Z: 0.549988
--- 
NODE: 863
NAME: 863
X: 0.350022
Y: -1.723583
Z: 0.550000
--- 
NODE: 864
NAME: 864
X: 0.350014
Y: -1.713448
Z: 0.549999
--- 
NODE: 865
NAME: 865
X: 0.350001
Y: -1.703313
Z: 0.550001
--- 
NODE: 866
NAME: 866
X: 0.349992
Y: -1.693178
Z: 0.550023
--- 
NODE: 867
NAME: 867
X: 0.350006
Y: -1.683042
Z: 0.550032
--- 
NODE: 868
NAME: 868
X: 0.350023
Y: -1.672907
Z: 0.550020
--- 
NODE: 869
NAME: 869
X: 0.350002
Y: -1.662772
Z: 0.549991
--- 
NODE: 870
NAME: 870
X: 0.349965
Y: -1.652637
Z: 0.549997
--- 
NODE: 871
NAME: 871
X: 0.349897
Y: -1.642502
Z: 0.549987
--- 
NODE: 872
NAME: 872
X: 0.349885
Y: -1.632367
Z: 0.549992
--- 
NODE: 873
NAME: 873
X: 0.349907
Y: -1.622232
Z: 0.550000
--- 
NODE: 874
NAME: 874
X: 0.349965
Y: -1.612097
Z: 0.550019
--- 
NODE: 875
NAME: 875
X: 0.350021
Y: -1.601962
Z: 0.550009
--- 
NODE: 876
NAME: 876
X: 0.350015
Y: -1.591826
Z: 0.550008
--- 
NODE: 877
NAME: 877
X: 0.350030
Y: -1.581691
Z: 0.550001
--- 
NODE: 878
NAME: 878
X: 0.349994
Y: -1.571556
Z: 0.549999
--- 
NODE: 879
NAME: 879
X: 0.350002
Y: -1.561421
Z: 0.549995
--- 
NODE: 880
NAME: 880
X: 0.350006
Y: -1.551286
Z: 0.549994
--- 
NODE: 881
NAME: 881
X: 0.350008
Y: -1.541151
Z: 0.549997
--- 
NODE: 882
NAME: 882
X: 0.350022
Y: -1.531015
Z: 0.550002
--- 
NODE: 883
NAME: 883
X: 0.350049
Y: -1.520880
Z: 0.550004
--- 
NODE: 884
NAME: 884
X: 0.350048
Y: -1.510745
Z: 0.549987
--- 
NODE: 885
NAME: 885
X: 0.350055
Y: -1.500610
Z: 0.549972
--- 
NODE: 886
NAME: 886
X: 0.350041
Y: -1.490475
Z: 0.549976
--- 
NODE: 887
NAME: 887
X: 0.350002
Y: -1.480339
Z: 0.549975
--- 
NODE: 888
NAME: 888
X: 0.349953
Y: -1.470204
Z: 0.549997
--- 
NODE: 889
NAME: 889
X: 0.349985
Y: -1.460069
Z: 0.549992
--- 
NODE: 890
NAME: 890
X: 0.349989
Y: -1.449934
Z: 0.549969
--- 
NODE: 891
NAME: 891
X: 0.350000
Y: -1.439799
Z: 0.549981
--- 
NODE: 892
NAME: 892
X: 0.350004
Y: -1.429664
Z: 0.549990
--- 
NODE: 893
NAME: 893
X: 0.350030
Y: -1.419528
Z: 0.550007
--- 
NODE: 894
NAME: 894
X: 0.350019
Y: -1.409393
Z: 0.550007
--- 
NODE: 895
NAME: 895
X: 0.350026
Y: -1.399258
Z: 0.550033
--- 
NODE: 896
NAME: 896
X: 0.349985
Y: -1.389123
Z: 0.550026
--- 
NODE: 897
NAME: 897
X: 0.349992
Y: -1.378988
Z: 0.550024
--- 
NODE: 898
NAME: 898
X: 0.350014
Y: -1.368852
Z: 0.550038
--- 
NODE: 899
NAME: 899
X: 0.350051
Y: -1.358717
Z: 0.550037
--- 
NODE: 900
NAME: 900
X: 0.350037
Y: -1.348582
Z: 0.550000
--- 
NODE: 901
NAME: 901
X: 0.350048
Y: -1.338447
Z: 0.549978
--- 
NODE: 902
NAME: 902
X: 0.350072
Y: -1.328312
Z: 0.549969
--- 
NODE: 903
NAME: 903
X: 0.350088
Y: -1.318177
Z: 0.549984
--- 
NODE: 904
NAME: 904
X: 0.350091
Y: -1.308042
Z: 0.550012
--- 
NODE: 905
NAME: 905
X: 0.350068
Y: -1.297907
Z: 0.550012
--- 
NODE: 906
NAME: 906
X: 0.350012
Y: -1.287772
Z: 0.549995
--- 
NODE: 907
NAME: 907
X: 0.349969
Y: -1.277636
Z: 0.549965
--- 
NODE: 908
NAME: 908
X: 0.349968
Y: -1.267501
Z: 0.549956
--- 
NODE: 909
NAME: 909
X: 0.349940
Y: -1.257366
Z: 0.549960
--- 
NODE: 910
NAME: 910
X: 0.349962
Y: -1.247231
Z: 0.549952
--- 
NODE: 911
NAME: 911
X: 0.349986
Y: -1.237096
Z: 0.549948
--- 
NODE: 912
NAME: 912
X: 0.349991
Y: -1.226961
Z: 0.549960
--- 
NODE: 913
NAME: 913
X: 0.349991
Y: -1.216825
Z: 0.549948
--- 
NODE: 914
NAME: 914
X: 0.350020
Y: -1.206690
Z: 0.549976
--- 
NODE: 915
NAME: 915
X: 0.350044
Y: -1.196555
Z: 0.549990
--- 
NODE: 916
NAME: 916
X: 0.350048
Y: -1.186420
Z: 0.550020
--- 
NODE: 917
NAME: 917
X: 0.350050
Y: -1.176285
Z: 0.550035
--- 
NODE: 918
NAME: 918
X: 0.350044
Y: -1.166149
Z: 0.550023
--- 
NODE: 919
NAME: 919
X: 0.350032
Y: -1.156014
Z: 0.550013
--- 
NODE: 920
NAME: 920
X: 0.350026
Y: -1.145879
Z: 0.549998
--- 
NODE: 921
NAME: 921
X: 0.350011
Y: -1.135744
Z: 0.550006
--- 
NODE: 922
NAME: 922
X: 0.350043
Y: -1.125609
Z: 0.550003
--- 
NODE: 923
NAME: 923
X: 0.350029
Y: -1.115474
Z: 0.549974
--- 
NODE: 924
NAME: 924
X: 0.350031
Y: -1.105338
Z: 0.549982
--- 
NODE: 925
NAME: 925
X: 0.350026
Y: -1.095203
Z: 0.549995
--- 
NODE: 926
NAME: 926
X: 0.350042
Y: -1.085068
Z: 0.550015
--- 
NODE: 927
NAME: 927
X: 0.350085
Y: -1.074933
Z: 0.550031
--- 
NODE: 928
NAME: 928
X: 0.350086
Y: -1.064798
Z: 0.550033
--- 
NODE: 929
NAME: 929
X: 0.350077
Y: -1.054662
Z: 0.550047
--- 
NODE: 930
NAME: 930
X: 0.350019
Y: -1.044527
Z: 0.550054
--- 
NODE: 931
NAME: 931
X: 0.350003
Y: -1.034392
Z: 0.550061
--- 
NODE: 932
NAME: 932
X: 0.349992
Y: -1.024257
Z: 0.550059
--- 
NODE: 933
NAME: 933
X: 0.349964
Y: -1.014122
Z: 0.550058
--- 
NODE: 934
NAME: 934
X: 0.349953
Y: -1.003987
Z: 0.550070
--- 
NODE: 935
NAME: 935
X: 0.349962
Y: -0.993852
Z: 0.550037
--- 
NODE: 936
NAME: 936
X: 0.349996
Y: -0.983716
Z: 0.550015
--- 
NODE: 937
NAME: 937
X: 0.349998
Y: -0.973581
Z: 0.549998
--- 
NODE: 938
NAME: 938
X: 0.349980
Y: -0.963446
Z: 0.550006
--- 
NODE: 939
NAME: 939
X: 0.349993
Y: -0.953311
Z: 0.550003
--- 
NODE: 940
NAME: 940
X: 0.350011
Y: -0.943176
Z: 0.549989
--- 
NODE: 941
NAME: 941
X: 0.350000
Y: -0.933040
Z: 0.549959
--- 
NODE: 942
NAME: 942
X: 0.349985
Y: -0.922905
Z: 0.549943
--- 
NODE: 943
NAME: 943
X: 0.349986
Y: -0.912770
Z: 0.549950
--- 
NODE: 944
NAME: 944
X: 0.350010
Y: -0.902635
Z: 0.549974
--- 
NODE: 945
NAME: 945
X: 0.350050
Y: -0.892500
Z: 0.549990
--- 
NODE: 946
NAME: 946
X: 0.350039
Y: -0.882365
Z: 0.550004
--- 
NODE: 947
NAME: 947
X: 0.350014
Y: -0.872229
Z: 0.550011
--- 
NODE: 948
NAME: 948
X: 0.350010
Y: -0.862094
Z: 0.549991
--- 
NODE: 949
NAME: 949
X: 0.349995
Y: -0.851959
Z: 0.550040
--- 
NODE: 950
NAME: 950
X: 0.350002
Y: -0.841824
Z: 0.550030
--- 
NODE: 951
NAME: 951
X: 0.349975
Y: -0.831689
Z: 0.550013
--- 
NODE: 952
NAME: 952
X: 0.349964
Y: -0.821554
Z: 0.550043
--- 
NODE: 953
NAME: 953
X: 0.349945
Y: -0.811418
Z: 0.550035
--- 
NODE: 954
NAME: 954
X: 0.349924
Y: -0.801283
Z: 0.550021
--- 
NODE: 955
NAME: 955
X: 0.349926
Y: -0.791148
Z: 0.550039
--- 
NODE: 956
NAME: 956
X: 0.349932
Y: -0.781013
Z: 0.549987
--- 
NODE: 957
NAME: 957
X: 0.349942
Y: -0.770878
Z: 0.549940
--- 
NODE: 958
NAME: 958
X: 0.349957
Y: -0.760743
Z: 0.549952
--- 
NODE: 959
NAME: 959
X: 0.349958
Y: -0.750608
Z: 0.549997
--- 
NODE: 960
NAME: 960
X: 0.349949
Y: -0.740472
Z: 0.550038
--- 
NODE: 961
NAME: 961
X: 0.349962
Y: -0.730337
Z: 0.550089
--- 
NODE: 962
NAME: 962
X: 0.349964
Y: -0.720202
Z: 0.550042
--- 
NODE: 963
NAME: 963
X: 0.349947
Y: -0.710067
Z: 0.550018
--- 
NODE: 964
NAME: 964
X: 0.349948
Y: -0.699932
Z: 0.549990
--- 
NODE: 965
NAME: 965
X: 0.349968
Y: -0.689797
Z: 0.549986
--- 
NODE: 966
NAME: 966
X: 0.349995
Y: -0.679662
Z: 0.550002
--- 
NODE: 967
NAME: 967
X: 0.350000
Y: -0.669526
Z: 0.549988
--- 
NODE: 968
NAME: 968
X: 0.350010
Y: -0.659391
Z: 0.550000
--- 
NODE: 969
NAME: 969
X: 0.349982
Y: -0.649256
Z: 0.550026
--- 
NODE: 970
NAME: 970
X: 0.349986
Y: -0.639121
Z: 0.550003
--- 
NODE: 971
NAME: 971
X: 0.349994
Y: -0.628986
Z: 0.550013
--- 
NODE: 972
NAME: 972
X: 0.350000
Y: -0.618851
Z: 0.550019
--- 
NODE: 973
NAME: 973
X: 0.349990
Y: -0.608715
Z: 0.550017
--- 
NODE: 974
NAME: 974
X: 0.349992
Y: -0.598580
Z: 0.550022
--- 
NODE: 975
NAME: 975
X: 0.350000
Y: -0.588445
Z: 0.550019
--- 
NODE: 976
NAME: 976
X: 0.349990
Y: -0.578310
Z: 0.550001
--- 
NODE: 977
NAME: 977
X: 0.349973
Y: -0.568175
Z: 0.550002
--- 
NODE: 978
NAME: 978
X: 0.349954
Y: -0.558039
Z: 0.549991
--- 
NODE: 979
NAME: 979
X: 0.349943
Y: -0.547904
Z: 0.549992
--- 
NODE: 980
NAME: 980
X: 0.349974
Y: -0.537769
Z: 0.549995
--- 
NODE: 981
NAME: 981
X: 0.350000
Y: -0.527634
Z: 0.549960
--- 
NODE: 982
NAME: 982
X: 0.350010
Y: -0.517499
Z: 0.549950
--- 
NODE: 983
NAME: 983
X: 0.350024
Y: -0.507363
Z: 0.549945
--- 
NODE: 984
NAME: 984
X: 0.350017
Y: -0.497228
Z: 0.549968
--- 
NODE: 985
NAME: 985
X: 0.350010
Y: -0.487093
Z: 0.549988
--- 
NODE: 986
NAME: 986
X: 0.350005
Y: -0.476958
Z: 0.549995
--- 
NODE: 987
NAME: 987
X: 0.349995
Y: -0.466823
Z: 0.549982
--- 
NODE: 988
NAME: 988
X: 0.350000
Y: -0.456687
Z: 0.549967
--- 
NODE: 989
NAME: 989
X: 0.349982
Y: -0.446552
Z: 0.550015
--- 
NODE: 990
NAME: 990
X: 0.349968
Y: -0.436417
Z: 0.550037
--- 
NODE: 991
NAME: 991
X: 0.349956
Y: -0.426282
Z: 0.550035
--- 
NODE: 992
NAME: 992
X: 0.349954
Y: -0.416147
Z: 0.550006
--- 
NODE: 993
NAME: 993
X: 0.350014
Y: -0.406012
Z: 0.550001
--- 
NODE: 994
NAME: 994
X: 0.350045
Y: -0.395877
Z: 0.550023
--- 
NODE: 995
NAME: 995
X: 0.349999
Y: -0.385742
Z: 0.550007
--- 
NODE: 996
NAME: 996
X: 0.349913
Y: -0.375607
Z: 0.549987
--- 
NODE: 997
NAME: 997
X: 0.349933
Y: -0.365472
Z: 0.549995
--- 
NODE: 998
NAME: 998
X: 0.349951
Y: -0.355336
Z: 0.549962
--- 
NODE: 999
NAME: 999
X: 0.349971
Y: -0.345201
Z: 0.549959
--- 
NODE: 1000
NAME: 1000
X: 0.349982
Y: -0.335066
Z: 0.549961
--- 
NODE: 1001
NAME: 1001
X: 0.349993
Y: -0.324931
Z: 0.549957
--- 
NODE: 1002
NAME: 1002
X: 0.349985
Y: -0.314796
Z: 0.549991
--- 
NODE: 1003
NAME: 1003
X: 0.349995
Y: -0.304660
Z: 0.549978
--- 
NODE: 1004
NAME: 1004
X: 0.349978
Y: -0.294525
Z: 0.549969
--- 
NODE: 1005
NAME: 1005
X: 0.349943
Y: -0.284390
Z: 0.549962
--- 
NODE: 1006
NAME: 1006
X: 0.349971
Y: -0.274255
Z: 0.549915
--- 
NODE: 1007
NAME: 1007
X: 0.349948
Y: -0.264120
Z: 0.549903
--- 
NODE: 1008
NAME: 1008
X: 0.349968
Y: -0.253985
Z: 0.549941
--- 
NODE: 1009
NAME: 1009
X: 0.349985
Y: -0.243850
Z: 0.549975
--- 
NODE: 1010
NAME: 1010
X: 0.349992
Y: -0.233714
Z: 0.549993
--- 
NODE: 1011
NAME: 1011
X: 0.349975
Y: -0.223579
Z: 0.549960
--- 
NODE: 1012
NAME: 1012
X: 0.349988
Y: -0.213444
Z: 0.549970
--- 
NODE: 1013
NAME: 1013
X: 0.350004
Y: -0.203309
Z: 0.549969
--- 
NODE: 1014
NAME: 1014
X: 0.350018
Y: -0.193174
Z: 0.549964
--- 
NODE: 1015
NAME: 1015
X: 0.349979
Y: -0.183039
Z: 0.549981
--- 
NODE: 1016
NAME: 1016
X: 0.349958
Y: -0.172904
Z: 0.549989
--- 
NODE: 1017
NAME: 1017
X: 0.349963
Y: -0.162769
Z: 0.549975
--- 
NODE: 1018
NAME: 1018
X: 0.349961
Y: -0.152633
Z: 0.550005
--- 
NODE: 1019
NAME: 1019
X: 0.349974
Y: -0.142498
Z: 0.550012
--- 
NODE: 1020
NAME: 1020
X: 0.349995
Y: -0.132363
Z: 0.550030
--- 
NODE: 1021
NAME: 1021
X: 0.350004
Y: -0.122228
Z: 0.550012
--- 
NODE: 1022
NAME: 1022
X: 0.349978
Y: -0.112093
Z: 0.550020
--- 
NODE: 1023
NAME: 1023
X: 0.349943
Y: -0.101958
Z: 0.550015
--- 
NODE: 1024
NAME: 1024
X: 0.349942
Y: -0.091822
Z: 0.550006
--- 
NODE: 1025
NAME: 1025
X: 0.349953
Y: -0.081687
Z: 0.550010
--- 
NODE: 1026
NAME: 1026
X: 0.349955
Y: -0.071552
Z: 0.550035
--- 
NODE: 1027
NAME: 1027
X: 0.349980
Y: -0.061417
Z: 0.549997
--- 
NODE: 1028
NAME: 1028
X: 0.349986
Y: -0.051282
Z: 0.549976
--- 
NODE: 1029
NAME: 1029
X: 0.349995
Y: -0.041147
Z: 0.549973
--- 
NODE: 1030
NAME: 1030
X: 0.350000
Y: -0.031011
Z: 0.549968
--- 
NODE: 1031
NAME: 1031
X: 0.350016
Y: -0.020876
Z: 0.549962
--- 
NODE: 1032
NAME: 1032
X: 0.350016
Y: -0.010741
Z: 0.549954
--- 
NODE: 1033
NAME: 1033
X: 0.350000
Y: -0.000606
Z: 0.549964
--- 
NODE: 1034
NAME: 1034
X: 0.349965
Y: 0.009529
Z: 0.550019
--- 
NODE: 1035
NAME: 1035
X: 0.349985
Y: 0.019664
Z: 0.550027
--- 
NODE: 1036
NAME: 1036
X: 0.349972
Y: 0.029799
Z: 0.549985
--- 
NODE: 1037
NAME: 1037
X: 0.349972
Y: 0.039935
Z: 0.549951
--- 
NODE: 1038
NAME: 1038
X: 0.349996
Y: 0.050070
Z: 0.549944
--- 
NODE: 1039
NAME: 1039
X: 0.350016
Y: 0.060205
Z: 0.549984
--- 
NODE: 1040
NAME: 1040
X: 0.349998
Y: 0.070340
Z: 0.550009
--- 
NODE: 1041
NAME: 1041
X: 0.349965
Y: 0.080475
Z: 0.549992
--- 
NODE: 1042
NAME: 1042
X: 0.349961
Y: 0.090610
Z: 0.549973
--- 
NODE: 1043
NAME: 1043
X: 0.349969
Y: 0.100745
Z: 0.549955
--- 
NODE: 1044
NAME: 1044
X: 0.349985
Y: 0.110880
Z: 0.549984
--- 
NODE: 1045
NAME: 1045
X: 0.350009
Y: 0.121016
Z: 0.550018
--- 
NODE: 1046
NAME: 1046
X: 0.350006
Y: 0.131151
Z: 0.550036
--- 
NODE: 1047
NAME: 1047
X: 0.349995
Y: 0.141286
Z: 0.549994
--- 
NODE: 1048
NAME: 1048
X: 0.349969
Y: 0.151421
Z: 0.549938
--- 
NODE: 1049
NAME: 1049
X: 0.349967
Y: 0.161556
Z: 0.549919
--- 
NODE: 1050
NAME: 1050
X: 0.349990
Y: 0.171691
Z: 0.549935
--- 
NODE: 1051
NAME: 1051
X: 0.349999
Y: 0.181826
Z: 0.549966
--- 
NODE: 1052
NAME: 1052
X: 0.349992
Y: 0.191962
Z: 0.549948
--- 
NODE: 1053
NAME: 1053
X: 0.350025
Y: 0.202097
Z: 0.549969
--- 
NODE: 1054
NAME: 1054
X: 0.350006
Y: 0.212232
Z: 0.549954
--- 
NODE: 1055
NAME: 1055
X: 0.350022
Y: 0.222367
Z: 0.549980
--- 
NODE: 1056
NAME: 1056
X: 0.350037
Y: 0.232502
Z: 0.549976
--- 
NODE: 1057
NAME: 1057
X: 0.350036
Y: 0.242637
Z: 0.549953
--- 
NODE: 1058
NAME: 1058
X: 0.350021
Y: 0.252773
Z: 0.549967
--- 
NODE: 1059
NAME: 1059
X: 0.349995
Y: 0.262908
Z: 0.550011
--- 
NODE: 1060
NAME: 1060
X: 0.349969
Y: 0.273043
Z: 0.550012
--- 
NODE: 1061
NAME: 1061
X: 0.349997
Y: 0.283178
Z: 0.549995
--- 
NODE: 1062
NAME: 1062
X: 0.349990
Y: 0.293313
Z: 0.549940
--- 
NODE: 1063
NAME: 1063
X: 0.349962
Y: 0.303448
Z: 0.549927
--- 
NODE: 1064
NAME: 1064
X: 0.349981
Y: 0.313583
Z: 0.549948
--- 
NODE: 1065
NAME: 1065
X: 0.350023
Y: 0.323718
Z: 0.549967
--- 
NODE: 1066
NAME: 1066
X: 0.350037
Y: 0.333854
Z: 0.549991
--- 
NODE: 1067
NAME: 1067
X: 0.350004
Y: 0.343989
Z: 0.549976
--- 
NODE: 1068
NAME: 1068
X: 0.349955
Y: 0.354124
Z: 0.549934
--- 
NODE: 1069
NAME: 1069
X: 0.349956
Y: 0.364259
Z: 0.549924
--- 
NODE: 1070
NAME: 1070
X: 0.349979
Y: 0.374394
Z: 0.549963
--- 
NODE: 1071
NAME: 1071
X: 0.350024
Y: 0.384529
Z: 0.550014
--- 
NODE: 1072
NAME: 1072
X: 0.350007
Y: 0.394664
Z: 0.550054
--- 
NODE: 1073
NAME: 1073
X: 0.350000
Y: 0.404799
Z: 0.550079
--- 
NODE: 1074
NAME: 1074
X: 0.350011
Y: 0.414934
Z: 0.550098
--- 
NODE: 1075
NAME: 1075
X: 0.350013
Y: 0.425069
Z: 0.550070
--- 
NODE: 1076
NAME: 1076
X: 0.350000
Y: 0.435205
Z: 0.550044
--- 
NODE: 1077
NAME: 1077
X: 0.349996
Y: 0.445340
Z: 0.550049
--- 
NODE: 1078
NAME: 1078
X: 0.350009
Y: 0.455475
Z: 0.550035
--- 
NODE: 1079
NAME: 1079
X: 0.349968
Y: 0.465610
Z: 0.550045
--- 
NODE: 1080
NAME: 1080
X: 0.349948
Y: 0.475745
Z: 0.550060
--- 
NODE: 1081
NAME: 1081
X: 0.349959
Y: 0.485880
Z: 0.550039
--- 
NODE: 1082
NAME: 1082
X: 0.349981
Y: 0.496016
Z: 0.550041
--- 
NODE: 1083
NAME: 1083
X: 0.350029
Y: 0.506151
Z: 0.550013
--- 
NODE: 1084
NAME: 1084
X: 0.350027
Y: 0.516286
Z: 0.549970
--- 
NODE: 1085
NAME: 1085
X: 0.350005
Y: 0.526421
Z: 0.549970
--- 
NODE: 1086
NAME: 1086
X: 0.350022
Y: 0.536556
Z: 0.549982
--- 
NODE: 1087
NAME: 1087
X: 0.349997
Y: 0.546691
Z: 0.549950
--- 
NODE: 1088
NAME: 1088
X: 0.349956
Y: 0.556826
Z: 0.549977
--- 
NODE: 1089
NAME: 1089
X: 0.349935
Y: 0.566962
Z: 0.549998
--- 
NODE: 1090
NAME: 1090
X: 0.349970
Y: 0.577097
Z: 0.550002
--- 
NODE: 1091
NAME: 1091
X: 0.349969
Y: 0.587232
Z: 0.549995
--- 
NODE: 1092
NAME: 1092
X: 0.349969
Y: 0.597367
Z: 0.550001
--- 
NODE: 1093
NAME: 1093
X: 0.349993
Y: 0.607502
Z: 0.549988
--- 
NODE: 1094
NAME: 1094
X: 0.350012
Y: 0.617637
Z: 0.549970
--- 
NODE: 1095
NAME: 1095
X: 0.350020
Y: 0.627773
Z: 0.549958
--- 
NODE: 1096
NAME: 1096
X: 0.350022
Y: 0.637908
Z: 0.549964
--- 
NODE: 1097
NAME: 1097
X: 0.350015
Y: 0.648043
Z: 0.549970
--- 
NODE: 1098
NAME: 1098
X: 0.350000
Y: 0.658178
Z: 0.550028
--- 
NODE: 1099
NAME: 1099
X: 0.349965
Y: 0.668313
Z: 0.550053
--- 
NODE: 1100
NAME: 1100
X: 0.349966
Y: 0.678448
Z: 0.550051
--- 
NODE: 1101
NAME: 1101
X: 0.349964
Y: 0.688584
Z: 0.550021
--- 
NODE: 1102
NAME: 1102
X: 0.349976
Y: 0.698719
Z: 0.549990
--- 
NODE: 1103
NAME: 1103
X: 0.350017
Y: 0.708854
Z: 0.549980
--- 
NODE: 1104
NAME: 1104
X: 0.350030
Y: 0.718989
Z: 0.549977
--- 
NODE: 1105
NAME: 1105
X: 0.350017
Y: 0.729124
Z: 0.549952
--- 
NODE: 1106
NAME: 1106
X: 0.350009
Y: 0.739259
Z: 0.549980
--- 
NODE: 1107
NAME: 1107
X: 0.350001
Y: 0.749395
Z: 0.549974
--- 
NODE: 1108
NAME: 1108
X: 0.350004
Y: 0.759530
Z: 0.549969
--- 
NODE: 1109
NAME: 1109
X: 0.349994
Y: 0.769665
Z: 0.549986
--- 
NODE: 1110
NAME: 1110
X: 0.350019
Y: 0.779800
Z: 0.550028
--- 
NODE: 1111
NAME: 1111
X: 0.350029
Y: 0.789935
Z: 0.550037
--- 
NODE: 1112
NAME: 1112
X: 0.350042
Y: 0.800071
Z: 0.550012
--- 
NODE: 1113
NAME: 1113
X: 0.350044
Y: 0.810206
Z: 0.550023
--- 
NODE: 1114
NAME: 1114
X: 0.350022
Y: 0.820341
Z: 0.550043
--- 
NODE: 1115
NAME: 1115
X: 0.350007
Y: 0.830476
Z: 0.550041
--- 
NODE: 1116
NAME: 1116
X: 0.350006
Y: 0.840611
Z: 0.550046
--- 
NODE: 1117
NAME: 1117
X: 0.349984
Y: 0.850747
Z: 0.550033
--- 
NODE: 1118
NAME: 1118
X: 0.349999
Y: 0.860882
Z: 0.550008
--- 
NODE: 1119
NAME: 1119
X: 0.350007
Y: 0.871017
Z: 0.549977
--- 
NODE: 1120
NAME: 1120
X: 0.350015
Y: 0.881152
Z: 0.549948
--- 
NODE: 1121
NAME: 1121
X: 0.349981
Y: 0.891287
Z: 0.549947
--- 
NODE: 1122
NAME: 1122
X: 0.349964
Y: 0.901422
Z: 0.549929
--- 
NODE: 1123
NAME: 1123
X: 0.349989
Y: 0.911557
Z: 0.549978
--- 
NODE: 1124
NAME: 1124
X: 0.349977
Y: 0.921692
Z: 0.550040
--- 
NODE: 1125
NAME: 1125
X: 0.349948
Y: 0.931828
Z: 0.550081
--- 
NODE: 1126
NAME: 1126
X: 0.349884
Y: 0.941963
Z: 0.550063
--- 
NODE: 1127
NAME: 1127
X: 0.349892
Y: 0.952098
Z: 0.550033
--- 
NODE: 1128
NAME: 1128
X: 0.349935
Y: 0.962233
Z: 0.549989
--- 
NODE: 1129
NAME: 1129
X: 0.349991
Y: 0.972368
Z: 0.549980
--- 
NODE: 1130
NAME: 1130
X: 0.350010
Y: 0.982503
Z: 0.550018
--- 
NODE: 1131
NAME: 1131
X: 0.349983
Y: 0.992638
Z: 0.550014
--- 
NODE: 1132
NAME: 1132
X: 0.349979
Y: 1.002773
Z: 0.550038
--- 
NODE: 1133
NAME: 1133
X: 0.349962
Y: 1.012908
Z: 0.550042
--- 
NODE: 1134
NAME: 1134
X: 0.349986
Y: 1.023043
Z: 0.550051
--- 
NODE: 1135
NAME: 1135
X: 0.349986
Y: 1.033178
Z: 0.550039
--- 
NODE: 1136
NAME: 1136
X: 0.350012
Y: 1.043314
Z: 0.549997
--- 
NODE: 1137
NAME: 1137
X: 0.350011
Y: 1.053449
Z: 0.549981
--- 
NODE: 1138
NAME: 1138
X: 0.350004
Y: 1.063584
Z: 0.549987
--- 
NODE: 1139
NAME: 1139
X: 0.349980
Y: 1.073719
Z: 0.549989
--- 
NODE: 1140
NAME: 1140
X: 0.350014
Y: 1.083854
Z: 0.550005
--- 
NODE: 1141
NAME: 1141
X: 0.350035
Y: 1.093989
Z: 0.550043
--- 
NODE: 1142
NAME: 1142
X: 0.350057
Y: 1.104125
Z: 0.550056
--- 
NODE: 1143
NAME: 1143
X: 0.350020
Y: 1.114260
Z: 0.550040
--- 
NODE: 1144
NAME: 1144
X: 0.350004
Y: 1.124395
Z: 0.549988
--- 
NODE: 1145
NAME: 1145
X: 0.349997
Y: 1.134530
Z: 0.549971
--- 
NODE: 1146
NAME: 1146
X: 0.349973
Y: 1.144665
Z: 0.549996
--- 
NODE: 1147
NAME: 1147
X: 0.349969
Y: 1.154800
Z: 0.550017
--- 
NODE: 1148
NAME: 1148
X: 0.349964
Y: 1.164935
Z: 0.550035
--- 
NODE: 1149
NAME: 1149
X: 0.349980
Y: 1.175070
Z: 0.550026
--- 
NODE: 1150
NAME: 1150
X: 0.350002
Y: 1.185206
Z: 0.550052
--- 
NODE: 1151
NAME: 1151
X: 0.350001
Y: 1.195341
Z: 0.550041
--- 
NODE: 1152
NAME: 1152
X: 0.350010
Y: 1.205476
Z: 0.550009
--- 
NODE: 1153
NAME: 1153
X: 0.350028
Y: 1.215611
Z: 0.549999
--- 
NODE: 1154
NAME: 1154
X: 0.350063
Y: 1.225746
Z: 0.549935
--- 
NODE: 1155
NAME: 1155
X: 0.350040
Y: 1.235881
Z: 0.549929
--- 
NODE: 1156
NAME: 1156
X: 0.350011
Y: 1.246016
Z: 0.549941
--- 
NODE: 1157
NAME: 1157
X: 0.349973
Y: 1.256152
Z: 0.549952
--- 
NODE: 1158
NAME: 1158
X: 0.349980
Y: 1.266287
Z: 0.550014
--- 
NODE: 1159
NAME: 1159
X: 0.349982
Y: 1.276422
Z: 0.550070
--- 
NODE: 1160
NAME: 1160
X: 0.349994
Y: 1.286557
Z: 0.550065
--- 
NODE: 1161
NAME: 1161
X: 0.350023
Y: 1.296692
Z: 0.550029
--- 
NODE: 1162
NAME: 1162
X: 0.350033
Y: 1.306827
Z: 0.550015
--- 
NODE: 1163
NAME: 1163
X: 0.349979
Y: 1.316962
Z: 0.550010
--- 
NODE: 1164
NAME: 1164
X: 0.349936
Y: 1.327097
Z: 0.550011
--- 
NODE: 1165
NAME: 1165
X: 0.349986
Y: 1.337232
Z: 0.549983
--- 
NODE: 1166
NAME: 1166
X: 0.349991
Y: 1.347367
Z: 0.549959
--- 
NODE: 1167
NAME: 1167
X: 0.350022
Y: 1.357503
Z: 0.549944
--- 
NODE: 1168
NAME: 1168
X: 0.349998
Y: 1.367638
Z: 0.549982
--- 
NODE: 1169
NAME: 1169
X: 0.349986
Y: 1.377773
Z: 0.549976
--- 
NODE: 1170
NAME: 1170
X: 0.349972
Y: 1.387908
Z: 0.549985
--- 
NODE: 1171
NAME: 1171
X: 0.349956
Y: 1.398043
Z: 0.549984
--- 
NODE: 1172
NAME: 1172
X: 0.349959
Y: 1.408178
Z: 0.550010
--- 
NODE: 1173
NAME: 1173
X: 0.349952
Y: 1.418314
Z: 0.550027
--- 
NODE: 1174
NAME: 1174
X: 0.349975
Y: 1.428449
Z: 0.550002
--- 
NODE: 1175
NAME: 1175
X: 0.349989
Y: 1.438584
Z: 0.549989
--- 
NODE: 1176
NAME: 1176
X: 0.349997
Y: 1.448719
Z: 0.550005
--- 
NODE: 1177
NAME: 1177
X: 0.350007
Y: 1.458854
Z: 0.550001
--- 
NODE: 1178
NAME: 1178
X: 0.350025
Y: 1.468990
Z: 0.550004
--- 
NODE: 1179
NAME: 1179
X: 0.350040
Y: 1.479125
Z: 0.549976
--- 
NODE: 1180
NAME: 1180
X: 0.350031
Y: 1.489260
Z: 0.549964
--- 
NODE: 1181
NAME: 1181
X: 0.350021
Y: 1.499395
Z: 0.549966
--- 
NODE: 1182
NAME: 1182
X: 0.349997
Y: 1.509530
Z: 0.550016
--- 
NODE: 1183
NAME: 1183
X: 0.349973
Y: 1.519665
Z: 0.550032
--- 
NODE: 1184
NAME: 1184
X: 0.349971
Y: 1.529801
Z: 0.550009
--- 
NODE: 1185
NAME: 1185
X: 0.349953
Y: 1.539936
Z: 0.550014
--- 
NODE: 1186
NAME: 1186
X: 0.349997
Y: 1.550071
Z: 0.549954
--- 
NODE: 1187
NAME: 1187
X: 0.350019
Y: 1.560206
Z: 0.549913
--- 
NODE: 1188
NAME: 1188
X: 0.350014
Y: 1.570341
Z: 0.549910
--- 
NODE: 1189
NAME: 1189
X: 0.350008
Y: 1.580476
Z: 0.549936
--- 
NODE: 1190
NAME: 1190
X: 0.350001
Y: 1.590611
Z: 0.549957
--- 
NODE: 1191
NAME: 1191
X: 0.350007
Y: 1.600746
Z: 0.549990
--- 
NODE: 1192
NAME: 1192
X: 0.349983
Y: 1.610882
Z: 0.550018
--- 
NODE: 1193
NAME: 1193
X: 0.349972
Y: 1.621017
Z: 0.550008
--- 
NODE: 1194
NAME: 1194
X: 0.349941
Y: 1.631152
Z: 0.550025
--- 
NODE: 1195
NAME: 1195
X: 0.349929
Y: 1.641287
Z: 0.550021
--- 
NODE: 1196
NAME: 1196
X: 0.349954
Y: 1.651422
Z: 0.550045
--- 
NODE: 1197
NAME: 1197
X: 0.349977
Y: 1.661557
Z: 0.550009
--- 
NODE: 1198
NAME: 1198
X: 0.350011
Y: 1.671693
Z: 0.550021
--- 
NODE: 1199
NAME: 1199
X: 0.350027
Y: 1.681828
Z: 0.550005
--- 
NODE: 1200
NAME: 1200
X: 0.350027
Y: 1.691963
Z: 0.550027
--- 
NODE: 1201
NAME: 1201
X: 0.350013
Y: 1.702098
Z: 0.550033
--- 
NODE: 1202
NAME: 1202
X: 0.349997
Y: 1.712233
Z: 0.550022
--- 
NODE: 1203
NAME: 1203
X: 0.350003
Y: 1.722369
Z: 0.550006
--- 
NODE: 1204
NAME: 1204
X: 0.350017
Y: 1.732504
Z: 0.550001
--- 
NODE: 1205
NAME: 1205
X: 0.350042
Y: 1.742639
Z: 0.549984
--- 
NODE: 1206
NAME: 1206
X: 0.350010
Y: 1.752774
Z: 0.549974
--- 
NODE: 1207
NAME: 1207
X: 0.349999
Y: 1.762909
Z: 0.549968
--- 
NODE: 1208
NAME: 1208
X: 0.349983
Y: 1.773044
Z: 0.549942
--- 
NODE: 1209
NAME: 1209
X: 0.349989
Y: 1.783180
Z: 0.549937
--- 
NODE: 1210
NAME: 1210
X: 0.350021
Y: 1.793315
Z: 0.549965
--- 
NODE: 1211
NAME: 1211
X: 0.350055
Y: 1.803450
Z: 0.549980
--- 
NODE: 1212
NAME: 1212
X: 0.350090
Y: 1.813585
Z: 0.550001
--- 
NODE: 1213
NAME: 1213
X: 0.350073
Y: 1.823720
Z: 0.549987
--- 
NODE: 1214
NAME: 1214
X: 0.350054
Y: 1.833855
Z: 0.549976
--- 
NODE: 1215
NAME: 1215
X: 0.350042
Y: 1.843991
Z: 0.550003
--- 
NODE: 1216
NAME: 1216
X: 0.350061
Y: 1.854126
Z: 0.550013
--- 
NODE: 1217
NAME: 1217
X: 0.350037
Y: 1.864261
Z: 0.549980
--- 
NODE: 1218
NAME: 1218
X: 0.349999
Y: 1.874396
Z: 0.549941
--- 
NODE: 1219
NAME: 1219
X: 0.349985
Y: 1.884531
Z: 0.549921
--- 
NODE: 1220
NAME: 1220
X: 0.349977
Y: 1.894666
Z: 0.549926
--- 
NODE: 1221
NAME: 1221
X: 0.350022
Y: 1.904801
Z: 0.549992
--- 
NODE: 1222
NAME: 1222
X: 0.350071
Y: 1.914936
Z: 0.550039
--- 
NODE: 1223
NAME: 1223
X: 0.350072
Y: 1.925071
Z: 0.550052
--- 
NODE: 1224
NAME: 1224
X: 0.350030
Y: 1.935206
Z: 0.550030
--- 
NODE: 1225
NAME: 1225
X: 0.350000
Y: 1.945342
Z: 0.550033
--- 
NODE: 1226
NAME: 1226
X: 0.349959
Y: 1.955477
Z: 0.550047
--- 
NODE: 1227
NAME: 1227
X: 0.349970
Y: 1.965612
Z: 0.550040
--- 
NODE: 1228
NAME: 1228
X: 0.349993
Y: 1.975747
Z: 0.550035
--- 
NODE: 1229
NAME: 1229
X: 0.350047
Y: 1.985882
Z: 0.549967
--- 
NODE: 1230
NAME: 1230
X: 0.350070
Y: 1.996017
Z: 0.549952
--- 
NODE: 1231
NAME: 1231
X: 0.350016
Y: 2.006152
Z: 0.549988
--- 
NODE: 1232
NAME: 1232
X: 0.350001
Y: 2.016287
Z: 0.549997
--- 
NODE: 1233
NAME: 1233
X: 0.350032
Y: 2.026422
Z: 0.549988
--- 
NODE: 1234
NAME: 1234
X: 0.350044
Y: 2.036557
Z: 0.549930
--- 
NODE: 1235
NAME: 1235
X: 0.350081
Y: 2.046692
Z: 0.549926
--- 
NODE: 1236
NAME: 1236
X: 0.350103
Y: 2.056828
Z: 0.549963
--- 
NODE: 1237
NAME: 1237
X: 0.350109
Y: 2.066963
Z: 0.549991
--- 
NODE: 1238
NAME: 1238
X: 0.350081
Y: 2.077098
Z: 0.549959
--- 
NODE: 1239
NAME: 1239
X: 0.350053
Y: 2.087233
Z: 0.549951
--- 
NODE: 1240
NAME: 1240
X: 0.350053
Y: 2.097368
Z: 0.549976
--- 
NODE: 1241
NAME: 1241
X: 0.350070
Y: 2.107503
Z: 0.549955
--- 
NODE: 1242
NAME: 1242
X: 0.350071
Y: 2.117639
Z: 0.549980
--- 
NODE: 1243
NAME: 1243
X: 0.350049
Y: 2.127774
Z: 0.550018
--- 
NODE: 1244
NAME: 1244
X: 0.350014
Y: 2.137909
Z: 0.550024
--- 
NODE: 1245
NAME: 1245
X: 0.349985
Y: 2.148044
Z: 0.550026
--- 
NODE: 1246
NAME: 1246
X: 0.349932
Y: 2.158179
Z: 0.550000
--- 
NODE: 1247
NAME: 1247
X: 0.349940
Y: 2.168314
Z: 0.549958
--- 
NODE: 1248
NAME: 1248
X: 0.349957
Y: 2.178449
Z: 0.549968
--- 
NODE: 1249
NAME: 1249
X: 0.349952
Y: 2.188585
Z: 0.550001
--- 
NODE: 1250
NAME: 1250
X: 0.349952
Y: 2.198720
Z: 0.550015
--- 
NODE: 1251
NAME: 1251
X: 0.349985
Y: 2.208855
Z: 0.550005
--- 
NODE: 1252
NAME: 1252
X: 0.349988
Y: 2.218990
Z: 0.550005
--- 
NODE: 1253
NAME: 1253
X: 0.349992
Y: 2.229125
Z: 0.549985
--- 
NODE: 1254
NAME: 1254
X: 0.349993
Y: 2.239260
Z: 0.549951
--- 
NODE: 1255
NAME: 1255
X: 0.349999
Y: 2.249396
Z: 0.549920
--- 
NODE: 1256
NAME: 1256
X: 0.350014
Y: 2.259531
Z: 0.549899
--- 
NODE: 1257
NAME: 1257
X: 0.349997
Y: 2.269666
Z: 0.549906
--- 
NODE: 1258
NAME: 1258
X: 0.349975
Y: 2.279801
Z: 0.549929
--- 
NODE: 1259
NAME: 1259
X: 0.349971
Y: 2.289936
Z: 0.549941
--- 
NODE: 1260
NAME: 1260
X: 0.349986
Y: 2.300071
Z: 0.549956
--- 
NODE: 1261
NAME: 1261
X: 0.350026
Y: 2.310207
Z: 0.549977
--- 
NODE: 1262
NAME: 1262
X: 0.349999
Y: 2.320342
Z: 0.549994
--- 
NODE: 1263
NAME: 1263
X: 0.350006
Y: 2.330477
Z: 0.550012
--- 
NODE: 1264
NAME: 1264
X: 0.350011
Y: 2.340612
Z: 0.550021
--- 
NODE: 1265
NAME: 1265
X: 0.349980
Y: 2.350747
Z: 0.550008
--- 
NODE: 1266
NAME: 1266
X: 0.349981
Y: 2.360882
Z: 0.550007
--- 
NODE: 1267
NAME: 1267
X: 0.350002
Y: 2.371018
Z: 0.549992
--- 
NODE: 1268
NAME: 1268
X: 0.349993
Y: 2.381153
Z: 0.549992
--- 
NODE: 1269
NAME: 1269
X: 0.349992
Y: 2.391288
Z: 0.550001
--- 
NODE: 1270
NAME: 1270
X: 0.349983
Y: 2.401423
Z: 0.549989
--- 
NODE: 1271
NAME: 1271
X: 0.349964
Y: 2.411558
Z: 0.549993
--- 
NODE: 1272
NAME: 1272
X: 0.349971
Y: 2.421694
Z: 0.550013
--- 
NODE: 1273
NAME: 1273
X: 0.349963
Y: 2.431829
Z: 0.549995
--- 
NODE: 1274
NAME: 1274
X: 0.349935
Y: 2.441964
Z: 0.550022
--- 
NODE: 1275
NAME: 1275
X: 0.349918
Y: 2.452099
Z: 0.550045
--- 
NODE: 1276
NAME: 1276
X: 0.349935
Y: 2.462234
Z: 0.550034
--- 
NODE: 1277
NAME: 1277
X: 0.349944
Y: 2.472369
Z: 0.550034
--- 
NODE: 1278
NAME: 1278
X: 0.349966
Y: 2.482505
Z: 0.550055
--- 
NODE: 1279
NAME: 1279
X: 0.349990
Y: 2.492640
Z: 0.550049
--- 
NODE: 1280
NAME: 1280
X: 0.349988
Y: 2.502775
Z: 0.550016
--- 
NODE: 1281
NAME: 1281
X: 0.349981
Y: 2.512910
Z: 0.550015
--- 
NODE: 1282
NAME: 1282
X: 0.349977
Y: 2.523045
Z: 0.550015
--- 
NODE: 1283
NAME: 1283
X: 0.349974
Y: 2.533181
Z: 0.550017
--- 
NODE: 1284
NAME: 1284
X: 0.349976
Y: 2.543316
Z: 0.550021
--- 
NODE: 1285
NAME: 1285
X: 0.349979
Y: 2.553451
Z: 0.550026
--- 
NODE: 1286
NAME: 1286
X: 0.350000
Y: 2.563586
Z: 0.550038
--- 
NODE: 1287
NAME: 1287
X: 0.350030
Y: 2.573722
Z: 0.550052
--- 
NODE: 1288
NAME: 1288
X: 0.350062
Y: 2.583857
Z: 0.550068
--- 
NODE: 1289
NAME: 1289
X: 0.350095
Y: 2.593992
Z: 0.550083
--- 
NODE: 1290
NAME: 1290
X: 0.350127
Y: 2.604127
Z: 0.550096
--- 
NODE: 1291
NAME: 1291
X: 0.350157
Y: 2.614262
Z: 0.550109
--- 
NODE: 1292
NAME: 1292
X: 0.350183
Y: 2.624398
Z: 0.550119
--- 
NODE: 1293
NAME: 1293
X: 0.350203
Y: 2.634533
Z: 0.550127
--- 
NODE: 1294
NAME: 1294
X: 0.350214
Y: 2.644668
Z: 0.550129
--- 
NODE: 1295
NAME: 1295
X: 0.350217
Y: 2.654803
Z: 0.550128
--- 
NODE: 1296
NAME: 1296
X: 0.350211
Y: 2.664938
Z: 0.550124
--- 
NODE: 1297
NAME: 1297
X: 0.350200
Y: 2.675074
Z: 0.550117
--- 
NODE: 1298
NAME: 1298
X: 0.350188
Y: 2.685209
Z: 0.550111
--- 
NODE: 1299
NAME: 1299
X: 0.350176
Y: 2.695344
Z: 0.550104
--- 
NODE: 1300
NAME: 1300
X: 0.350165
Y: 2.705479
Z: 0.550098
--- 
JOINT DATA
--- 
JOINT: 0
NAME: J0
NODE: 1
X: -0.300001
Y: 2.850000
Z: 0.549975
INLET NAME: IN0
OUTLET NAME: OUT0
--- 
JOINT: 1
NAME: J1
NODE: 2
X: -0.299991
Y: 2.839865
Z: 0.549965
INLET NAME: IN1
OUTLET NAME: OUT1
--- 
JOINT: 2
NAME: J2
NODE: 3
X: -0.299981
Y: 2.829729
Z: 0.549956
INLET NAME: IN2
OUTLET NAME: OUT2
--- 
JOINT: 3
NAME: J3
NODE: 4
X: -0.299971
Y: 2.819594
Z: 0.549946
INLET NAME: IN3
OUTLET NAME: OUT3
--- 
JOINT: 4
NAME: J4
NODE: 5
X: -0.299960
Y: 2.809459
Z: 0.549936
INLET NAME: IN4
OUTLET NAME: OUT4
--- 
JOINT: 5
NAME: J5
NODE: 6
X: -0.299950
Y: 2.799324
Z: 0.549926
INLET NAME: IN5
OUTLET NAME: OUT5
--- 
JOINT: 6
NAME: J6
NODE: 7
X: -0.299940
Y: 2.789189
Z: 0.549916
INLET NAME: IN6
OUTLET NAME: OUT6
--- 
JOINT: 7
NAME: J7
NODE: 8
X: -0.299930
Y: 2.779053
Z: 0.549906
INLET NAME: IN7
OUTLET NAME: OUT7
--- 
JOINT: 8
NAME: J8
NODE: 9
X: -0.299919
Y: 2.768918
Z: 0.549896
INLET NAME: IN8
OUTLET NAME: OUT8
--- 
JOINT: 9
NAME: J9
NODE: 10
X: -0.299909
Y: 2.758783
Z: 0.549886
INLET NAME: IN9
OUTLET NAME: OUT9
--- 
JOINT: 10
NAME: J10
NODE: 11
X: -0.299899
Y: 2.748648
Z: 0.549876
INLET NAME: IN10
OUTLET NAME: OUT10
--- 
JOINT: 11
NAME: J11
NODE: 12
X: -0.299889
Y: 2.738512
Z: 0.549866
INLET NAME: IN11
OUTLET NAME: OUT11
--- 
JOINT: 12
NAME: J12
NODE: 13
X: -0.299878
Y: 2.728377
Z: 0.549857
INLET NAME: IN12
OUTLET NAME: OUT12
--- 
JOINT: 13
NAME: J13
NODE: 14
X: -0.299868
Y: 2.718242
Z: 0.549848
INLET NAME: IN13
OUTLET NAME: OUT13
--- 
JOINT: 14
NAME: J14
NODE: 15
X: -0.299855
Y: 2.708107
Z: 0.549864
INLET NAME: IN14
OUTLET NAME: OUT14
--- 
JOINT: 15
NAME: J15
NODE: 16
X: -0.299842
Y: 2.697971
Z: 0.549890
INLET NAME: IN15
OUTLET NAME: OUT15
--- 
JOINT: 16
NAME: J16
NODE: 17
X: -0.299831
Y: 2.687836
Z: 0.549917
INLET NAME: IN16
OUTLET NAME: OUT16
--- 
JOINT: 17
NAME: J17
NODE: 18
X: -0.299824
Y: 2.677701
Z: 0.549943
INLET NAME: IN17
OUTLET NAME: OUT17
--- 
JOINT: 18
NAME: J18
NODE: 19
X: -0.299826
Y: 2.667566
Z: 0.549962
INLET NAME: IN18
OUTLET NAME: OUT18
--- 
JOINT: 19
NAME: J19
NODE: 20
X: -0.299839
Y: 2.657431
Z: 0.549972
INLET NAME: IN19
OUTLET NAME: OUT19
--- 
JOINT: 20
NAME: J20
NODE: 21
X: -0.299857
Y: 2.647295
Z: 0.549977
INLET NAME: IN20
OUTLET NAME: OUT20
--- 
JOINT: 21
NAME: J21
NODE: 22
X: -0.299879
Y: 2.637160
Z: 0.549978
INLET NAME: IN21
OUTLET NAME: OUT21
--- 
JOINT: 22
NAME: J22
NODE: 23
X: -0.299906
Y: 2.627025
Z: 0.549973
INLET NAME: IN22
OUTLET NAME: OUT22
--- 
JOINT: 23
NAME: J23
NODE: 24
X: -0.299938
Y: 2.616890
Z: 0.549962
INLET NAME: IN23
OUTLET NAME: OUT23
--- 
JOINT: 24
NAME: J24
NODE: 25
X: -0.299972
Y: 2.606755
Z: 0.549948
INLET NAME: IN24
OUTLET NAME: OUT24
--- 
JOINT: 25
NAME: J25
NODE: 26
X: -0.300002
Y: 2.596620
Z: 0.549910
INLET NAME: IN25
OUTLET NAME: OUT25
--- 
JOINT: 26
NAME: J26
NODE: 27
X: -0.300001
Y: 2.586485
Z: 0.549838
INLET NAME: IN26
OUTLET NAME: OUT26
--- 
JOINT: 27
NAME: J27
NODE: 28
X: -0.300008
Y: 2.576349
Z: 0.549844
INLET NAME: IN27
OUTLET NAME: OUT27
--- 
JOINT: 28
NAME: J28
NODE: 29
X: -0.299984
Y: 2.566214
Z: 0.549882
INLET NAME: IN28
OUTLET NAME: OUT28
--- 
JOINT: 29
NAME: J29
NODE: 30
X: -0.299971
Y: 2.556080
Z: 0.549991
INLET NAME: IN29
OUTLET NAME: OUT29
--- 
JOINT: 30
NAME: J30
NODE: 31
X: -0.299971
Y: 2.545945
Z: 0.550012
INLET NAME: IN30
OUTLET NAME: OUT30
--- 
JOINT: 31
NAME: J31
NODE: 32
X: -0.300002
Y: 2.535809
Z: 0.550024
INLET NAME: IN31
OUTLET NAME: OUT31
--- 
JOINT: 32
NAME: J32
NODE: 33
X: -0.300060
Y: 2.525674
Z: 0.550053
INLET NAME: IN32
OUTLET NAME: OUT32
--- 
JOINT: 33
NAME: J33
NODE: 34
X: -0.300095
Y: 2.515540
Z: 0.550013
INLET NAME: IN33
OUTLET NAME: OUT33
--- 
JOINT: 34
NAME: J34
NODE: 35
X: -0.300106
Y: 2.505405
Z: 0.549975
INLET NAME: IN34
OUTLET NAME: OUT34
--- 
JOINT: 35
NAME: J35
NODE: 36
X: -0.300052
Y: 2.495270
Z: 0.550072
INLET NAME: IN35
OUTLET NAME: OUT35
--- 
JOINT: 36
NAME: J36
NODE: 37
X: -0.300016
Y: 2.485135
Z: 0.550057
INLET NAME: IN36
OUTLET NAME: OUT36
--- 
JOINT: 37
NAME: J37
NODE: 38
X: -0.299971
Y: 2.475000
Z: 0.550025
INLET NAME: IN37
OUTLET NAME: OUT37
--- 
JOINT: 38
NAME: J38
NODE: 39
X: -0.299970
Y: 2.464865
Z: 0.550009
INLET NAME: IN38
OUTLET NAME: OUT38
--- 
JOINT: 39
NAME: J39
NODE: 40
X: -0.299950
Y: 2.454730
Z: 0.549957
INLET NAME: IN39
OUTLET NAME: OUT39
--- 
JOINT: 40
NAME: J40
NODE: 41
X: -0.299960
Y: 2.444595
Z: 0.549927
INLET NAME: IN40
OUTLET NAME: OUT40
--- 
JOINT: 41
NAME: J41
NODE: 42
X: -0.299998
Y: 2.434460
Z: 0.549921
INLET NAME: IN41
OUTLET NAME: OUT41
--- 
JOINT: 42
NAME: J42
NODE: 43
X: -0.300044
Y: 2.424325
Z: 0.549956
INLET NAME: IN42
OUTLET NAME: OUT42
--- 
JOINT: 43
NAME: J43
NODE: 44
X: -0.300039
Y: 2.414189
Z: 0.549958
INLET NAME: IN43
OUTLET NAME: OUT43
--- 
JOINT: 44
NAME: J44
NODE: 45
X: -0.300017
Y: 2.404054
Z: 0.549926
INLET NAME: IN44
OUTLET NAME: OUT44
--- 
JOINT: 45
NAME: J45
NODE: 46
X: -0.300045
Y: 2.393919
Z: 0.549902
INLET NAME: IN45
OUTLET NAME: OUT45
--- 
JOINT: 46
NAME: J46
NODE: 47
X: -0.300090
Y: 2.383784
Z: 0.549877
INLET NAME: IN46
OUTLET NAME: OUT46
--- 
JOINT: 47
NAME: J47
NODE: 48
X: -0.300160
Y: 2.373649
Z: 0.549891
INLET NAME: IN47
OUTLET NAME: OUT47
--- 
JOINT: 48
NAME: J48
NODE: 49
X: -0.300185
Y: 2.363514
Z: 0.549933
INLET NAME: IN48
OUTLET NAME: OUT48
--- 
JOINT: 49
NAME: J49
NODE: 50
X: -0.300159
Y: 2.353379
Z: 0.549991
INLET NAME: IN49
OUTLET NAME: OUT49
--- 
JOINT: 50
NAME: J50
NODE: 51
X: -0.300102
Y: 2.343244
Z: 0.550043
INLET NAME: IN50
OUTLET NAME: OUT50
--- 
JOINT: 51
NAME: J51
NODE: 52
X: -0.300084
Y: 2.333109
Z: 0.550077
INLET NAME: IN51
OUTLET NAME: OUT51
--- 
JOINT: 52
NAME: J52
NODE: 53
X: -0.300088
Y: 2.322974
Z: 0.550156
INLET NAME: IN52
OUTLET NAME: OUT52
--- 
JOINT: 53
NAME: J53
NODE: 54
X: -0.300063
Y: 2.312839
Z: 0.550123
INLET NAME: IN53
OUTLET NAME: OUT53
--- 
JOINT: 54
NAME: J54
NODE: 55
X: -0.300041
Y: 2.302704
Z: 0.550119
INLET NAME: IN54
OUTLET NAME: OUT54
--- 
JOINT: 55
NAME: J55
NODE: 56
X: -0.300033
Y: 2.292569
Z: 0.550126
INLET NAME: IN55
OUTLET NAME: OUT55
--- 
JOINT: 56
NAME: J56
NODE: 57
X: -0.300057
Y: 2.282434
Z: 0.550087
INLET NAME: IN56
OUTLET NAME: OUT56
--- 
JOINT: 57
NAME: J57
NODE: 58
X: -0.300029
Y: 2.272299
Z: 0.550032
INLET NAME: IN57
OUTLET NAME: OUT57
--- 
JOINT: 58
NAME: J58
NODE: 59
X: -0.300012
Y: 2.262164
Z: 0.550025
INLET NAME: IN58
OUTLET NAME: OUT58
--- 
JOINT: 59
NAME: J59
NODE: 60
X: -0.299982
Y: 2.252028
Z: 0.550007
INLET NAME: IN59
OUTLET NAME: OUT59
--- 
JOINT: 60
NAME: J60
NODE: 61
X: -0.299961
Y: 2.241893
Z: 0.549984
INLET NAME: IN60
OUTLET NAME: OUT60
--- 
JOINT: 61
NAME: J61
NODE: 62
X: -0.299980
Y: 2.231758
Z: 0.549991
INLET NAME: IN61
OUTLET NAME: OUT61
--- 
JOINT: 62
NAME: J62
NODE: 63
X: -0.300025
Y: 2.221623
Z: 0.550036
INLET NAME: IN62
OUTLET NAME: OUT62
--- 
JOINT: 63
NAME: J63
NODE: 64
X: -0.300012
Y: 2.211488
Z: 0.550032
INLET NAME: IN63
OUTLET NAME: OUT63
--- 
JOINT: 64
NAME: J64
NODE: 65
X: -0.299966
Y: 2.201353
Z: 0.550069
INLET NAME: IN64
OUTLET NAME: OUT64
--- 
JOINT: 65
NAME: J65
NODE: 66
X: -0.299952
Y: 2.191218
Z: 0.550028
INLET NAME: IN65
OUTLET NAME: OUT65
--- 
JOINT: 66
NAME: J66
NODE: 67
X: -0.299961
Y: 2.181083
Z: 0.550019
INLET NAME: IN66
OUTLET NAME: OUT66
--- 
JOINT: 67
NAME: J67
NODE: 68
X: -0.299952
Y: 2.170948
Z: 0.549996
INLET NAME: IN67
OUTLET NAME: OUT67
--- 
JOINT: 68
NAME: J68
NODE: 69
X: -0.299984
Y: 2.160813
Z: 0.549982
INLET NAME: IN68
OUTLET NAME: OUT68
--- 
JOINT: 69
NAME: J69
NODE: 70
X: -0.300119
Y: 2.150678
Z: 0.549979
INLET NAME: IN69
OUTLET NAME: OUT69
--- 
JOINT: 70
NAME: J70
NODE: 71
X: -0.300195
Y: 2.140544
Z: 0.549947
INLET NAME: IN70
OUTLET NAME: OUT70
--- 
JOINT: 71
NAME: J71
NODE: 72
X: -0.300118
Y: 2.130409
Z: 0.550056
INLET NAME: IN71
OUTLET NAME: OUT71
--- 
JOINT: 72
NAME: J72
NODE: 73
X: -0.300018
Y: 2.120275
Z: 0.550103
INLET NAME: IN72
OUTLET NAME: OUT72
--- 
JOINT: 73
NAME: J73
NODE: 74
X: -0.299971
Y: 2.110140
Z: 0.550033
INLET NAME: IN73
OUTLET NAME: OUT73
--- 
JOINT: 74
NAME: J74
NODE: 75
X: -0.299976
Y: 2.100005
Z: 0.550022
INLET NAME: IN74
OUTLET NAME: OUT74
--- 
JOINT: 75
NAME: J75
NODE: 76
X: -0.299951
Y: 2.089870
Z: 0.550005
INLET NAME: IN75
OUTLET NAME: OUT75
--- 
JOINT: 76
NAME: J76
NODE: 77
X: -0.299913
Y: 2.079735
Z: 0.550015
INLET NAME: IN76
OUTLET NAME: OUT76
--- 
JOINT: 77
NAME: J77
NODE: 78
X: -0.299927
Y: 2.069600
Z: 0.550045
INLET NAME: IN77
OUTLET NAME: OUT77
--- 
JOINT: 78
NAME: J78
NODE: 79
X: -0.299948
Y: 2.059464
Z: 0.550043
INLET NAME: IN78
OUTLET NAME: OUT78
--- 
JOINT: 79
NAME: J79
NODE: 80
X: -0.299960
Y: 2.049329
Z: 0.550013
INLET NAME: IN79
OUTLET NAME: OUT79
--- 
JOINT: 80
NAME: J80
NODE: 81
X: -0.299931
Y: 2.039194
Z: 0.550052
INLET NAME: IN80
OUTLET NAME: OUT80
--- 
JOINT: 81
NAME: J81
NODE: 82
X: -0.299916
Y: 2.029059
Z: 0.550052
INLET NAME: IN81
OUTLET NAME: OUT81
--- 
JOINT: 82
NAME: J82
NODE: 83
X: -0.299883
Y: 2.018924
Z: 0.550060
INLET NAME: IN82
OUTLET NAME: OUT82
--- 
JOINT: 83
NAME: J83
NODE: 84
X: -0.299902
Y: 2.008789
Z: 0.550017
INLET NAME: IN83
OUTLET NAME: OUT83
--- 
JOINT: 84
NAME: J84
NODE: 85
X: -0.299926
Y: 1.998654
Z: 0.549972
INLET NAME: IN84
OUTLET NAME: OUT84
--- 
JOINT: 85
NAME: J85
NODE: 86
X: -0.299957
Y: 1.988519
Z: 0.549947
INLET NAME: IN85
OUTLET NAME: OUT85
--- 
JOINT: 86
NAME: J86
NODE: 87
X: -0.300011
Y: 1.978384
Z: 0.549920
INLET NAME: IN86
OUTLET NAME: OUT86
--- 
JOINT: 87
NAME: J87
NODE: 88
X: -0.300022
Y: 1.968249
Z: 0.549890
INLET NAME: IN87
OUTLET NAME: OUT87
--- 
JOINT: 88
NAME: J88
NODE: 89
X: -0.300026
Y: 1.958113
Z: 0.549911
INLET NAME: IN88
OUTLET NAME: OUT88
--- 
JOINT: 89
NAME: J89
NODE: 90
X: -0.300031
Y: 1.947978
Z: 0.549921
INLET NAME: IN89
OUTLET NAME: OUT89
--- 
JOINT: 90
NAME: J90
NODE: 91
X: -0.300031
Y: 1.937843
Z: 0.549901
INLET NAME: IN90
OUTLET NAME: OUT90
--- 
JOINT: 91
NAME: J91
NODE: 92
X: -0.300010
Y: 1.927708
Z: 0.549908
INLET NAME: IN91
OUTLET NAME: OUT91
--- 
JOINT: 92
NAME: J92
NODE: 93
X: -0.299989
Y: 1.917573
Z: 0.549942
INLET NAME: IN92
OUTLET NAME: OUT92
--- 
JOINT: 93
NAME: J93
NODE: 94
X: -0.300001
Y: 1.907438
Z: 0.550011
INLET NAME: IN93
OUTLET NAME: OUT93
--- 
JOINT: 94
NAME: J94
NODE: 95
X: -0.299949
Y: 1.897303
Z: 0.550010
INLET NAME: IN94
OUTLET NAME: OUT94
--- 
JOINT: 95
NAME: J95
NODE: 96
X: -0.299982
Y: 1.887168
Z: 0.549978
INLET NAME: IN95
OUTLET NAME: OUT95
--- 
JOINT: 96
NAME: J96
NODE: 97
X: -0.299978
Y: 1.877033
Z: 0.549974
INLET NAME: IN96
OUTLET NAME: OUT96
--- 
JOINT: 97
NAME: J97
NODE: 98
X: -0.299935
Y: 1.866897
Z: 0.549950
INLET NAME: IN97
OUTLET NAME: OUT97
--- 
JOINT: 98
NAME: J98
NODE: 99
X: -0.299909
Y: 1.856762
Z: 0.549936
INLET NAME: IN98
OUTLET NAME: OUT98
--- 
JOINT: 99
NAME: J99
NODE: 100
X: -0.299915
Y: 1.846627
Z: 0.549921
INLET NAME: IN99
OUTLET NAME: OUT99
--- 
JOINT: 100
NAME: J100
NODE: 101
X: -0.299949
Y: 1.836492
Z: 0.549936
INLET NAME: IN100
OUTLET NAME: OUT100
--- 
JOINT: 101
NAME: J101
NODE: 102
X: -0.299945
Y: 1.826357
Z: 0.549955
INLET NAME: IN101
OUTLET NAME: OUT101
--- 
JOINT: 102
NAME: J102
NODE: 103
X: -0.299938
Y: 1.816222
Z: 0.550001
INLET NAME: IN102
OUTLET NAME: OUT102
--- 
JOINT: 103
NAME: J103
NODE: 104
X: -0.299953
Y: 1.806086
Z: 0.550005
INLET NAME: IN103
OUTLET NAME: OUT103
--- 
JOINT: 104
NAME: J104
NODE: 105
X: -0.299979
Y: 1.795951
Z: 0.550010
INLET NAME: IN104
OUTLET NAME: OUT104
--- 
JOINT: 105
NAME: J105
NODE: 106
X: -0.299947
Y: 1.785816
Z: 0.549971
INLET NAME: IN105
OUTLET NAME: OUT105
--- 
JOINT: 106
NAME: J106
NODE: 107
X: -0.299990
Y: 1.775681
Z: 0.549982
INLET NAME: IN106
OUTLET NAME: OUT106
--- 
JOINT: 107
NAME: J107
NODE: 108
X: -0.300057
Y: 1.765546
Z: 0.549994
INLET NAME: IN107
OUTLET NAME: OUT107
--- 
JOINT: 108
NAME: J108
NODE: 109
X: -0.300086
Y: 1.755411
Z: 0.549994
INLET NAME: IN108
OUTLET NAME: OUT108
--- 
JOINT: 109
NAME: J109
NODE: 110
X: -0.300090
Y: 1.745276
Z: 0.550003
INLET NAME: IN109
OUTLET NAME: OUT109
--- 
JOINT: 110
NAME: J110
NODE: 111
X: -0.300065
Y: 1.735141
Z: 0.550021
INLET NAME: IN110
OUTLET NAME: OUT110
--- 
JOINT: 111
NAME: J111
NODE: 112
X: -0.300041
Y: 1.725005
Z: 0.550042
INLET NAME: IN111
OUTLET NAME: OUT111
--- 
JOINT: 112
NAME: J112
NODE: 113
X: -0.300024
Y: 1.714870
Z: 0.550031
INLET NAME: IN112
OUTLET NAME: OUT112
--- 
JOINT: 113
NAME: J113
NODE: 114
X: -0.300016
Y: 1.704735
Z: 0.550030
INLET NAME: IN113
OUTLET NAME: OUT113
--- 
JOINT: 114
NAME: J114
NODE: 115
X: -0.299994
Y: 1.694600
Z: 0.549989
INLET NAME: IN114
OUTLET NAME: OUT114
--- 
JOINT: 115
NAME: J115
NODE: 116
X: -0.299974
Y: 1.684465
Z: 0.549992
INLET NAME: IN115
OUTLET NAME: OUT115
--- 
JOINT: 116
NAME: J116
NODE: 117
X: -0.299967
Y: 1.674330
Z: 0.549982
INLET NAME: IN116
OUTLET NAME: OUT116
--- 
JOINT: 117
NAME: J117
NODE: 118
X: -0.299931
Y: 1.664194
Z: 0.549990
INLET NAME: IN117
OUTLET NAME: OUT117
--- 
JOINT: 118
NAME: J118
NODE: 119
X: -0.299946
Y: 1.654059
Z: 0.549961
INLET NAME: IN118
OUTLET NAME: OUT118
--- 
JOINT: 119
NAME: J119
NODE: 120
X: -0.299964
Y: 1.643924
Z: 0.549937
INLET NAME: IN119
OUTLET NAME: OUT119
--- 
JOINT: 120
NAME: J120
NODE: 121
X: -0.299915
Y: 1.633789
Z: 0.549910
INLET NAME: IN120
OUTLET NAME: OUT120
--- 
JOINT: 121
NAME: J121
NODE: 122
X: -0.299913
Y: 1.623654
Z: 0.549899
INLET NAME: IN121
OUTLET NAME: OUT121
--- 
JOINT: 122
NAME: J122
NODE: 123
X: -0.299911
Y: 1.613519
Z: 0.549939
INLET NAME: IN122
OUTLET NAME: OUT122
--- 
JOINT: 123
NAME: J123
NODE: 124
X: -0.299936
Y: 1.603384
Z: 0.549931
INLET NAME: IN123
OUTLET NAME: OUT123
--- 
JOINT: 124
NAME: J124
NODE: 125
X: -0.299986
Y: 1.593249
Z: 0.549976
INLET NAME: IN124
OUTLET NAME: OUT124
--- 
JOINT: 125
NAME: J125
NODE: 126
X: -0.300007
Y: 1.583114
Z: 0.550032
INLET NAME: IN125
OUTLET NAME: OUT125
--- 
JOINT: 126
NAME: J126
NODE: 127
X: -0.300065
Y: 1.572979
Z: 0.550052
INLET NAME: IN126
OUTLET NAME: OUT126
--- 
JOINT: 127
NAME: J127
NODE: 128
X: -0.300030
Y: 1.562844
Z: 0.550102
INLET NAME: IN127
OUTLET NAME: OUT127
--- 
JOINT: 128
NAME: J128
NODE: 129
X: -0.300000
Y: 1.552709
Z: 0.550097
INLET NAME: IN128
OUTLET NAME: OUT128
--- 
JOINT: 129
NAME: J129
NODE: 130
X: -0.299997
Y: 1.542573
Z: 0.550081
INLET NAME: IN129
OUTLET NAME: OUT129
--- 
JOINT: 130
NAME: J130
NODE: 131
X: -0.299964
Y: 1.532438
Z: 0.550086
INLET NAME: IN130
OUTLET NAME: OUT130
--- 
JOINT: 131
NAME: J131
NODE: 132
X: -0.300008
Y: 1.522304
Z: 0.550026
INLET NAME: IN131
OUTLET NAME: OUT131
--- 
JOINT: 132
NAME: J132
NODE: 133
X: -0.300010
Y: 1.512168
Z: 0.549994
INLET NAME: IN132
OUTLET NAME: OUT132
--- 
JOINT: 133
NAME: J133
NODE: 134
X: -0.300027
Y: 1.502033
Z: 0.549972
INLET NAME: IN133
OUTLET NAME: OUT133
--- 
JOINT: 134
NAME: J134
NODE: 135
X: -0.300065
Y: 1.491898
Z: 0.549934
INLET NAME: IN134
OUTLET NAME: OUT134
--- 
JOINT: 135
NAME: J135
NODE: 136
X: -0.300071
Y: 1.481763
Z: 0.549941
INLET NAME: IN135
OUTLET NAME: OUT135
--- 
JOINT: 136
NAME: J136
NODE: 137
X: -0.299983
Y: 1.471629
Z: 0.550031
INLET NAME: IN136
OUTLET NAME: OUT136
--- 
JOINT: 137
NAME: J137
NODE: 138
X: -0.299976
Y: 1.461493
Z: 0.550027
INLET NAME: IN137
OUTLET NAME: OUT137
--- 
JOINT: 138
NAME: J138
NODE: 139
X: -0.299939
Y: 1.451358
Z: 0.550056
INLET NAME: IN138
OUTLET NAME: OUT138
--- 
JOINT: 139
NAME: J139
NODE: 140
X: -0.299950
Y: 1.441223
Z: 0.550027
INLET NAME: IN139
OUTLET NAME: OUT139
--- 
JOINT: 140
NAME: J140
NODE: 141
X: -0.300006
Y: 1.431089
Z: 0.549959
INLET NAME: IN140
OUTLET NAME: OUT140
--- 
JOINT: 141
NAME: J141
NODE: 142
X: -0.299966
Y: 1.420954
Z: 0.549905
INLET NAME: IN141
OUTLET NAME: OUT141
--- 
JOINT: 142
NAME: J142
NODE: 143
X: -0.299954
Y: 1.410819
Z: 0.549959
INLET NAME: IN142
OUTLET NAME: OUT142
--- 
JOINT: 143
NAME: J143
NODE: 144
X: -0.299960
Y: 1.400683
Z: 0.549950
INLET NAME: IN143
OUTLET NAME: OUT143
--- 
JOINT: 144
NAME: J144
NODE: 145
X: -0.300032
Y: 1.390549
Z: 0.550028
INLET NAME: IN144
OUTLET NAME: OUT144
--- 
JOINT: 145
NAME: J145
NODE: 146
X: -0.300090
Y: 1.380414
Z: 0.550049
INLET NAME: IN145
OUTLET NAME: OUT145
--- 
JOINT: 146
NAME: J146
NODE: 147
X: -0.300094
Y: 1.370279
Z: 0.550014
INLET NAME: IN146
OUTLET NAME: OUT146
--- 
JOINT: 147
NAME: J147
NODE: 148
X: -0.300101
Y: 1.360144
Z: 0.549964
INLET NAME: IN147
OUTLET NAME: OUT147
--- 
JOINT: 148
NAME: J148
NODE: 149
X: -0.300028
Y: 1.350009
Z: 0.549918
INLET NAME: IN148
OUTLET NAME: OUT148
--- 
JOINT: 149
NAME: J149
NODE: 150
X: -0.299989
Y: 1.339874
Z: 0.549930
INLET NAME: IN149
OUTLET NAME: OUT149
--- 
JOINT: 150
NAME: J150
NODE: 151
X: -0.299978
Y: 1.329739
Z: 0.549933
INLET NAME: IN150
OUTLET NAME: OUT150
--- 
JOINT: 151
NAME: J151
NODE: 152
X: -0.299974
Y: 1.319604
Z: 0.549968
INLET NAME: IN151
OUTLET NAME: OUT151
--- 
JOINT: 152
NAME: J152
NODE: 153
X: -0.299972
Y: 1.309468
Z: 0.550001
INLET NAME: IN152
OUTLET NAME: OUT152
--- 
JOINT: 153
NAME: J153
NODE: 154
X: -0.299930
Y: 1.299333
Z: 0.549974
INLET NAME: IN153
OUTLET NAME: OUT153
--- 
JOINT: 154
NAME: J154
NODE: 155
X: -0.299901
Y: 1.289198
Z: 0.549915
INLET NAME: IN154
OUTLET NAME: OUT154
--- 
JOINT: 155
NAME: J155
NODE: 156
X: -0.299914
Y: 1.279063
Z: 0.549895
INLET NAME: IN155
OUTLET NAME: OUT155
--- 
JOINT: 156
NAME: J156
NODE: 157
X: -0.299907
Y: 1.268928
Z: 0.549857
INLET NAME: IN156
OUTLET NAME: OUT156
--- 
JOINT: 157
NAME: J157
NODE: 158
X: -0.299911
Y: 1.258793
Z: 0.549898
INLET NAME: IN157
OUTLET NAME: OUT157
--- 
JOINT: 158
NAME: J158
NODE: 159
X: -0.299939
Y: 1.248658
Z: 0.549961
INLET NAME: IN158
OUTLET NAME: OUT158
--- 
JOINT: 159
NAME: J159
NODE: 160
X: -0.299984
Y: 1.238523
Z: 0.550030
INLET NAME: IN159
OUTLET NAME: OUT159
--- 
JOINT: 160
NAME: J160
NODE: 161
X: -0.300003
Y: 1.228388
Z: 0.550063
INLET NAME: IN160
OUTLET NAME: OUT160
--- 
JOINT: 161
NAME: J161
NODE: 162
X: -0.300084
Y: 1.218253
Z: 0.550036
INLET NAME: IN161
OUTLET NAME: OUT161
--- 
JOINT: 162
NAME: J162
NODE: 163
X: -0.300139
Y: 1.208118
Z: 0.550017
INLET NAME: IN162
OUTLET NAME: OUT162
--- 
JOINT: 163
NAME: J163
NODE: 164
X: -0.300173
Y: 1.197983
Z: 0.549988
INLET NAME: IN163
OUTLET NAME: OUT163
--- 
JOINT: 164
NAME: J164
NODE: 165
X: -0.300149
Y: 1.187848
Z: 0.549997
INLET NAME: IN164
OUTLET NAME: OUT164
--- 
JOINT: 165
NAME: J165
NODE: 166
X: -0.300053
Y: 1.177713
Z: 0.549987
INLET NAME: IN165
OUTLET NAME: OUT165
--- 
JOINT: 166
NAME: J166
NODE: 167
X: -0.300021
Y: 1.167578
Z: 0.549953
INLET NAME: IN166
OUTLET NAME: OUT166
--- 
JOINT: 167
NAME: J167
NODE: 168
X: -0.300004
Y: 1.157443
Z: 0.549926
INLET NAME: IN167
OUTLET NAME: OUT167
--- 
JOINT: 168
NAME: J168
NODE: 169
X: -0.299983
Y: 1.147308
Z: 0.549926
INLET NAME: IN168
OUTLET NAME: OUT168
--- 
JOINT: 169
NAME: J169
NODE: 170
X: -0.299992
Y: 1.137173
Z: 0.549932
INLET NAME: IN169
OUTLET NAME: OUT169
--- 
JOINT: 170
NAME: J170
NODE: 171
X: -0.300015
Y: 1.127038
Z: 0.549916
INLET NAME: IN170
OUTLET NAME: OUT170
--- 
JOINT: 171
NAME: J171
NODE: 172
X: -0.300007
Y: 1.116903
Z: 0.549962
INLET NAME: IN171
OUTLET NAME: OUT171
--- 
JOINT: 172
NAME: J172
NODE: 173
X: -0.300022
Y: 1.106768
Z: 0.549967
INLET NAME: IN172
OUTLET NAME: OUT172
--- 
JOINT: 173
NAME: J173
NODE: 174
X: -0.300023
Y: 1.096632
Z: 0.549994
INLET NAME: IN173
OUTLET NAME: OUT173
--- 
JOINT: 174
NAME: J174
NODE: 175
X: -0.300004
Y: 1.086497
Z: 0.549992
INLET NAME: IN174
OUTLET NAME: OUT174
--- 
JOINT: 175
NAME: J175
NODE: 176
X: -0.300009
Y: 1.076362
Z: 0.550025
INLET NAME: IN175
OUTLET NAME: OUT175
--- 
JOINT: 176
NAME: J176
NODE: 177
X: -0.299995
Y: 1.066227
Z: 0.550103
INLET NAME: IN176
OUTLET NAME: OUT176
--- 
JOINT: 177
NAME: J177
NODE: 178
X: -0.300025
Y: 1.056092
Z: 0.550116
INLET NAME: IN177
OUTLET NAME: OUT177
--- 
JOINT: 178
NAME: J178
NODE: 179
X: -0.300049
Y: 1.045957
Z: 0.550066
INLET NAME: IN178
OUTLET NAME: OUT178
--- 
JOINT: 179
NAME: J179
NODE: 180
X: -0.300053
Y: 1.035822
Z: 0.550044
INLET NAME: IN179
OUTLET NAME: OUT179
--- 
JOINT: 180
NAME: J180
NODE: 181
X: -0.300004
Y: 1.025687
Z: 0.550012
INLET NAME: IN180
OUTLET NAME: OUT180
--- 
JOINT: 181
NAME: J181
NODE: 182
X: -0.299968
Y: 1.015552
Z: 0.549989
INLET NAME: IN181
OUTLET NAME: OUT181
--- 
JOINT: 182
NAME: J182
NODE: 183
X: -0.299989
Y: 1.005417
Z: 0.549974
INLET NAME: IN182
OUTLET NAME: OUT182
--- 
JOINT: 183
NAME: J183
NODE: 184
X: -0.299985
Y: 0.995281
Z: 0.549935
INLET NAME: IN183
OUTLET NAME: OUT183
--- 
JOINT: 184
NAME: J184
NODE: 185
X: -0.299987
Y: 0.985146
Z: 0.549949
INLET NAME: IN184
OUTLET NAME: OUT184
--- 
JOINT: 185
NAME: J185
NODE: 186
X: -0.299958
Y: 0.975011
Z: 0.549956
INLET NAME: IN185
OUTLET NAME: OUT185
--- 
JOINT: 186
NAME: J186
NODE: 187
X: -0.299918
Y: 0.964876
Z: 0.549999
INLET NAME: IN186
OUTLET NAME: OUT186
--- 
JOINT: 187
NAME: J187
NODE: 188
X: -0.299872
Y: 0.954741
Z: 0.550058
INLET NAME: IN187
OUTLET NAME: OUT187
--- 
JOINT: 188
NAME: J188
NODE: 189
X: -0.299851
Y: 0.944606
Z: 0.550099
INLET NAME: IN188
OUTLET NAME: OUT188
--- 
JOINT: 189
NAME: J189
NODE: 190
X: -0.299875
Y: 0.934471
Z: 0.550077
INLET NAME: IN189
OUTLET NAME: OUT189
--- 
JOINT: 190
NAME: J190
NODE: 191
X: -0.299911
Y: 0.924336
Z: 0.550079
INLET NAME: IN190
OUTLET NAME: OUT190
--- 
JOINT: 191
NAME: J191
NODE: 192
X: -0.299965
Y: 0.914201
Z: 0.550066
INLET NAME: IN191
OUTLET NAME: OUT191
--- 
JOINT: 192
NAME: J192
NODE: 193
X: -0.300020
Y: 0.904066
Z: 0.550068
INLET NAME: IN192
OUTLET NAME: OUT192
--- 
JOINT: 193
NAME: J193
NODE: 194
X: -0.300017
Y: 0.893931
Z: 0.550028
INLET NAME: IN193
OUTLET NAME: OUT193
--- 
JOINT: 194
NAME: J194
NODE: 195
X: -0.300036
Y: 0.883796
Z: 0.550025
INLET NAME: IN194
OUTLET NAME: OUT194
--- 
JOINT: 195
NAME: J195
NODE: 196
X: -0.300061
Y: 0.873660
Z: 0.550020
INLET NAME: IN195
OUTLET NAME: OUT195
--- 
JOINT: 196
NAME: J196
NODE: 197
X: -0.300061
Y: 0.863525
Z: 0.550048
INLET NAME: IN196
OUTLET NAME: OUT196
--- 
JOINT: 197
NAME: J197
NODE: 198
X: -0.300014
Y: 0.853390
Z: 0.550064
INLET NAME: IN197
OUTLET NAME: OUT197
--- 
JOINT: 198
NAME: J198
NODE: 199
X: -0.300010
Y: 0.843255
Z: 0.550046
INLET NAME: IN198
OUTLET NAME: OUT198
--- 
JOINT: 199
NAME: J199
NODE: 200
X: -0.300037
Y: 0.833120
Z: 0.550036
INLET NAME: IN199
OUTLET NAME: OUT199
--- 
JOINT: 200
NAME: J200
NODE: 201
X: -0.300031
Y: 0.822985
Z: 0.550038
INLET NAME: IN200
OUTLET NAME: OUT200
--- 
JOINT: 201
NAME: J201
NODE: 202
X: -0.300048
Y: 0.812850
Z: 0.550007
INLET NAME: IN201
OUTLET NAME: OUT201
--- 
JOINT: 202
NAME: J202
NODE: 203
X: -0.300004
Y: 0.802714
Z: 0.550010
INLET NAME: IN202
OUTLET NAME: OUT202
--- 
JOINT: 203
NAME: J203
NODE: 204
X: -0.300011
Y: 0.792579
Z: 0.550020
INLET NAME: IN203
OUTLET NAME: OUT203
--- 
JOINT: 204
NAME: J204
NODE: 205
X: -0.300006
Y: 0.782444
Z: 0.549976
INLET NAME: IN204
OUTLET NAME: OUT204
--- 
JOINT: 205
NAME: J205
NODE: 206
X: -0.300014
Y: 0.772309
Z: 0.549923
INLET NAME: IN205
OUTLET NAME: OUT205
--- 
JOINT: 206
NAME: J206
NODE: 207
X: -0.300013
Y: 0.762174
Z: 0.549924
INLET NAME: IN206
OUTLET NAME: OUT206
--- 
JOINT: 207
NAME: J207
NODE: 208
X: -0.300008
Y: 0.752039
Z: 0.549883
INLET NAME: IN207
OUTLET NAME: OUT207
--- 
JOINT: 208
NAME: J208
NODE: 209
X: -0.299956
Y: 0.741904
Z: 0.549861
INLET NAME: IN208
OUTLET NAME: OUT208
--- 
JOINT: 209
NAME: J209
NODE: 210
X: -0.299911
Y: 0.731769
Z: 0.549860
INLET NAME: IN209
OUTLET NAME: OUT209
--- 
JOINT: 210
NAME: J210
NODE: 211
X: -0.299935
Y: 0.721634
Z: 0.549874
INLET NAME: IN210
OUTLET NAME: OUT210
--- 
JOINT: 211
NAME: J211
NODE: 212
X: -0.299941
Y: 0.711499
Z: 0.549915
INLET NAME: IN211
OUTLET NAME: OUT211
--- 
JOINT: 212
NAME: J212
NODE: 213
X: -0.299936
Y: 0.701364
Z: 0.550060
INLET NAME: IN212
OUTLET NAME: OUT212
--- 
JOINT: 213
NAME: J213
NODE: 214
X: -0.299937
Y: 0.691230
Z: 0.550155
INLET NAME: IN213
OUTLET NAME: OUT213
--- 
JOINT: 214
NAME: J214
NODE: 215
X: -0.299898
Y: 0.681095
Z: 0.550185
INLET NAME: IN214
OUTLET NAME: OUT214
--- 
JOINT: 215
NAME: J215
NODE: 216
X: -0.299857
Y: 0.670960
Z: 0.550149
INLET NAME: IN215
OUTLET NAME: OUT215
--- 
JOINT: 216
NAME: J216
NODE: 217
X: -0.299877
Y: 0.660824
Z: 0.550131
INLET NAME: IN216
OUTLET NAME: OUT216
--- 
JOINT: 217
NAME: J217
NODE: 218
X: -0.299931
Y: 0.650689
Z: 0.550102
INLET NAME: IN217
OUTLET NAME: OUT217
--- 
JOINT: 218
NAME: J218
NODE: 219
X: -0.300025
Y: 0.640555
Z: 0.550050
INLET NAME: IN218
OUTLET NAME: OUT218
--- 
JOINT: 219
NAME: J219
NODE: 220
X: -0.300098
Y: 0.630420
Z: 0.550075
INLET NAME: IN219
OUTLET NAME: OUT219
--- 
JOINT: 220
NAME: J220
NODE: 221
X: -0.300132
Y: 0.620285
Z: 0.550056
INLET NAME: IN220
OUTLET NAME: OUT220
--- 
JOINT: 221
NAME: J221
NODE: 222
X: -0.300116
Y: 0.610150
Z: 0.550048
INLET NAME: IN221
OUTLET NAME: OUT221
--- 
JOINT: 222
NAME: J222
NODE: 223
X: -0.300065
Y: 0.600015
Z: 0.550072
INLET NAME: IN222
OUTLET NAME: OUT222
--- 
JOINT: 223
NAME: J223
NODE: 224
X: -0.300080
Y: 0.589880
Z: 0.550040
INLET NAME: IN223
OUTLET NAME: OUT223
--- 
JOINT: 224
NAME: J224
NODE: 225
X: -0.300083
Y: 0.579744
Z: 0.550037
INLET NAME: IN224
OUTLET NAME: OUT224
--- 
JOINT: 225
NAME: J225
NODE: 226
X: -0.300135
Y: 0.569609
Z: 0.550022
INLET NAME: IN225
OUTLET NAME: OUT225
--- 
JOINT: 226
NAME: J226
NODE: 227
X: -0.300095
Y: 0.559474
Z: 0.549997
INLET NAME: IN226
OUTLET NAME: OUT226
--- 
JOINT: 227
NAME: J227
NODE: 228
X: -0.300041
Y: 0.549339
Z: 0.550014
INLET NAME: IN227
OUTLET NAME: OUT227
--- 
JOINT: 228
NAME: J228
NODE: 229
X: -0.299952
Y: 0.539204
Z: 0.550037
INLET NAME: IN228
OUTLET NAME: OUT228
--- 
JOINT: 229
NAME: J229
NODE: 230
X: -0.299896
Y: 0.529069
Z: 0.550050
INLET NAME: IN229
OUTLET NAME: OUT229
--- 
JOINT: 230
NAME: J230
NODE: 231
X: -0.299892
Y: 0.518934
Z: 0.549998
INLET NAME: IN230
OUTLET NAME: OUT230
--- 
JOINT: 231
NAME: J231
NODE: 232
X: -0.299929
Y: 0.508799
Z: 0.549927
INLET NAME: IN231
OUTLET NAME: OUT231
--- 
JOINT: 232
NAME: J232
NODE: 233
X: -0.299948
Y: 0.498664
Z: 0.549934
INLET NAME: IN232
OUTLET NAME: OUT232
--- 
JOINT: 233
NAME: J233
NODE: 234
X: -0.299895
Y: 0.488530
Z: 0.549985
INLET NAME: IN233
OUTLET NAME: OUT233
--- 
JOINT: 234
NAME: J234
NODE: 235
X: -0.299996
Y: 0.478395
Z: 0.549960
INLET NAME: IN234
OUTLET NAME: OUT234
--- 
JOINT: 235
NAME: J235
NODE: 236
X: -0.299988
Y: 0.468260
Z: 0.549984
INLET NAME: IN235
OUTLET NAME: OUT235
--- 
JOINT: 236
NAME: J236
NODE: 237
X: -0.299935
Y: 0.458125
Z: 0.549994
INLET NAME: IN236
OUTLET NAME: OUT236
--- 
JOINT: 237
NAME: J237
NODE: 238
X: -0.299975
Y: 0.447990
Z: 0.550028
INLET NAME: IN237
OUTLET NAME: OUT237
--- 
JOINT: 238
NAME: J238
NODE: 239
X: -0.299979
Y: 0.437855
Z: 0.550012
INLET NAME: IN238
OUTLET NAME: OUT238
--- 
JOINT: 239
NAME: J239
NODE: 240
X: -0.300016
Y: 0.427720
Z: 0.549937
INLET NAME: IN239
OUTLET NAME: OUT239
--- 
JOINT: 240
NAME: J240
NODE: 241
X: -0.300083
Y: 0.417585
Z: 0.549898
INLET NAME: IN240
OUTLET NAME: OUT240
--- 
JOINT: 241
NAME: J241
NODE: 242
X: -0.300072
Y: 0.407450
Z: 0.549941
INLET NAME: IN241
OUTLET NAME: OUT241
--- 
JOINT: 242
NAME: J242
NODE: 243
X: -0.300059
Y: 0.397315
Z: 0.550008
INLET NAME: IN242
OUTLET NAME: OUT242
--- 
JOINT: 243
NAME: J243
NODE: 244
X: -0.300072
Y: 0.387180
Z: 0.550035
INLET NAME: IN243
OUTLET NAME: OUT243
--- 
JOINT: 244
NAME: J244
NODE: 245
X: -0.300062
Y: 0.377045
Z: 0.550041
INLET NAME: IN244
OUTLET NAME: OUT244
--- 
JOINT: 245
NAME: J245
NODE: 246
X: -0.300145
Y: 0.366910
Z: 0.550041
INLET NAME: IN245
OUTLET NAME: OUT245
--- 
JOINT: 246
NAME: J246
NODE: 247
X: -0.300142
Y: 0.356775
Z: 0.550026
INLET NAME: IN246
OUTLET NAME: OUT246
--- 
JOINT: 247
NAME: J247
NODE: 248
X: -0.300054
Y: 0.346640
Z: 0.550000
INLET NAME: IN247
OUTLET NAME: OUT247
--- 
JOINT: 248
NAME: J248
NODE: 249
X: -0.299991
Y: 0.336505
Z: 0.549939
INLET NAME: IN248
OUTLET NAME: OUT248
--- 
JOINT: 249
NAME: J249
NODE: 250
X: -0.299979
Y: 0.326370
Z: 0.549911
INLET NAME: IN249
OUTLET NAME: OUT249
--- 
JOINT: 250
NAME: J250
NODE: 251
X: -0.300026
Y: 0.316235
Z: 0.549907
INLET NAME: IN250
OUTLET NAME: OUT250
--- 
JOINT: 251
NAME: J251
NODE: 252
X: -0.300035
Y: 0.306100
Z: 0.549922
INLET NAME: IN251
OUTLET NAME: OUT251
--- 
JOINT: 252
NAME: J252
NODE: 253
X: -0.300029
Y: 0.295965
Z: 0.549923
INLET NAME: IN252
OUTLET NAME: OUT252
--- 
JOINT: 253
NAME: J253
NODE: 254
X: -0.300001
Y: 0.285830
Z: 0.549950
INLET NAME: IN253
OUTLET NAME: OUT253
--- 
JOINT: 254
NAME: J254
NODE: 255
X: -0.299995
Y: 0.275695
Z: 0.550007
INLET NAME: IN254
OUTLET NAME: OUT254
--- 
JOINT: 255
NAME: J255
NODE: 256
X: -0.300002
Y: 0.265560
Z: 0.550048
INLET NAME: IN255
OUTLET NAME: OUT255
--- 
JOINT: 256
NAME: J256
NODE: 257
X: -0.300011
Y: 0.255424
Z: 0.550022
INLET NAME: IN256
OUTLET NAME: OUT256
--- 
JOINT: 257
NAME: J257
NODE: 258
X: -0.300003
Y: 0.245289
Z: 0.550024
INLET NAME: IN257
OUTLET NAME: OUT257
--- 
JOINT: 258
NAME: J258
NODE: 259
X: -0.299948
Y: 0.235154
Z: 0.550023
INLET NAME: IN258
OUTLET NAME: OUT258
--- 
JOINT: 259
NAME: J259
NODE: 260
X: -0.299920
Y: 0.225019
Z: 0.550017
INLET NAME: IN259
OUTLET NAME: OUT259
--- 
JOINT: 260
NAME: J260
NODE: 261
X: -0.299914
Y: 0.214884
Z: 0.550015
INLET NAME: IN260
OUTLET NAME: OUT260
--- 
JOINT: 261
NAME: J261
NODE: 262
X: -0.299951
Y: 0.204749
Z: 0.550030
INLET NAME: IN261
OUTLET NAME: OUT261
--- 
JOINT: 262
NAME: J262
NODE: 263
X: -0.300045
Y: 0.194614
Z: 0.550038
INLET NAME: IN262
OUTLET NAME: OUT262
--- 
JOINT: 263
NAME: J263
NODE: 264
X: -0.300073
Y: 0.184479
Z: 0.550063
INLET NAME: IN263
OUTLET NAME: OUT263
--- 
JOINT: 264
NAME: J264
NODE: 265
X: -0.300104
Y: 0.174344
Z: 0.550065
INLET NAME: IN264
OUTLET NAME: OUT264
--- 
JOINT: 265
NAME: J265
NODE: 266
X: -0.300108
Y: 0.164209
Z: 0.550046
INLET NAME: IN265
OUTLET NAME: OUT265
--- 
JOINT: 266
NAME: J266
NODE: 267
X: -0.300074
Y: 0.154074
Z: 0.550046
INLET NAME: IN266
OUTLET NAME: OUT266
--- 
JOINT: 267
NAME: J267
NODE: 268
X: -0.300045
Y: 0.143938
Z: 0.550036
INLET NAME: IN267
OUTLET NAME: OUT267
--- 
JOINT: 268
NAME: J268
NODE: 269
X: -0.299968
Y: 0.133804
Z: 0.550037
INLET NAME: IN268
OUTLET NAME: OUT268
--- 
JOINT: 269
NAME: J269
NODE: 270
X: -0.299937
Y: 0.123669
Z: 0.550038
INLET NAME: IN269
OUTLET NAME: OUT269
--- 
JOINT: 270
NAME: J270
NODE: 271
X: -0.299983
Y: 0.113533
Z: 0.550059
INLET NAME: IN270
OUTLET NAME: OUT270
--- 
JOINT: 271
NAME: J271
NODE: 272
X: -0.299998
Y: 0.103398
Z: 0.550034
INLET NAME: IN271
OUTLET NAME: OUT271
--- 
JOINT: 272
NAME: J272
NODE: 273
X: -0.300002
Y: 0.093263
Z: 0.550047
INLET NAME: IN272
OUTLET NAME: OUT272
--- 
JOINT: 273
NAME: J273
NODE: 274
X: -0.299995
Y: 0.083128
Z: 0.550067
INLET NAME: IN273
OUTLET NAME: OUT273
--- 
JOINT: 274
NAME: J274
NODE: 275
X: -0.299972
Y: 0.072993
Z: 0.549990
INLET NAME: IN274
OUTLET NAME: OUT274
--- 
JOINT: 275
NAME: J275
NODE: 276
X: -0.299979
Y: 0.062858
Z: 0.549952
INLET NAME: IN275
OUTLET NAME: OUT275
--- 
JOINT: 276
NAME: J276
NODE: 277
X: -0.299997
Y: 0.052723
Z: 0.549980
INLET NAME: IN276
OUTLET NAME: OUT276
--- 
JOINT: 277
NAME: J277
NODE: 278
X: -0.299978
Y: 0.042588
Z: 0.549953
INLET NAME: IN277
OUTLET NAME: OUT277
--- 
JOINT: 278
NAME: J278
NODE: 279
X: -0.299970
Y: 0.032453
Z: 0.550006
INLET NAME: IN278
OUTLET NAME: OUT278
--- 
JOINT: 279
NAME: J279
NODE: 280
X: -0.299957
Y: 0.022318
Z: 0.550063
INLET NAME: IN279
OUTLET NAME: OUT279
--- 
JOINT: 280
NAME: J280
NODE: 281
X: -0.300014
Y: 0.012183
Z: 0.550092
INLET NAME: IN280
OUTLET NAME: OUT280
--- 
JOINT: 281
NAME: J281
NODE: 282
X: -0.300045
Y: 0.002048
Z: 0.550113
INLET NAME: IN281
OUTLET NAME: OUT281
--- 
JOINT: 282
NAME: J282
NODE: 283
X: -0.300092
Y: -0.008087
Z: 0.550128
INLET NAME: IN282
OUTLET NAME: OUT282
--- 
JOINT: 283
NAME: J283
NODE: 284
X: -0.300052
Y: -0.018222
Z: 0.550100
INLET NAME: IN283
OUTLET NAME: OUT283
--- 
JOINT: 284
NAME: J284
NODE: 285
X: -0.300067
Y: -0.028357
Z: 0.550063
INLET NAME: IN284
OUTLET NAME: OUT284
--- 
JOINT: 285
NAME: J285
NODE: 286
X: -0.300067
Y: -0.038492
Z: 0.549984
INLET NAME: IN285
OUTLET NAME: OUT285
--- 
JOINT: 286
NAME: J286
NODE: 287
X: -0.300022
Y: -0.048627
Z: 0.549936
INLET NAME: IN286
OUTLET NAME: OUT286
--- 
JOINT: 287
NAME: J287
NODE: 288
X: -0.300020
Y: -0.058762
Z: 0.549936
INLET NAME: IN287
OUTLET NAME: OUT287
--- 
JOINT: 288
NAME: J288
NODE: 289
X: -0.300037
Y: -0.068898
Z: 0.549921
INLET NAME: IN288
OUTLET NAME: OUT288
--- 
JOINT: 289
NAME: J289
NODE: 290
X: -0.300028
Y: -0.079033
Z: 0.549893
INLET NAME: IN289
OUTLET NAME: OUT289
--- 
JOINT: 290
NAME: J290
NODE: 291
X: -0.299995
Y: -0.089168
Z: 0.549874
INLET NAME: IN290
OUTLET NAME: OUT290
--- 
JOINT: 291
NAME: J291
NODE: 292
X: -0.299969
Y: -0.099303
Z: 0.549887
INLET NAME: IN291
OUTLET NAME: OUT291
--- 
JOINT: 292
NAME: J292
NODE: 293
X: -0.299978
Y: -0.109438
Z: 0.549981
INLET NAME: IN292
OUTLET NAME: OUT292
--- 
JOINT: 293
NAME: J293
NODE: 294
X: -0.299992
Y: -0.119573
Z: 0.550021
INLET NAME: IN293
OUTLET NAME: OUT293
--- 
JOINT: 294
NAME: J294
NODE: 295
X: -0.299967
Y: -0.129708
Z: 0.550023
INLET NAME: IN294
OUTLET NAME: OUT294
--- 
JOINT: 295
NAME: J295
NODE: 296
X: -0.299970
Y: -0.139843
Z: 0.549993
INLET NAME: IN295
OUTLET NAME: OUT295
--- 
JOINT: 296
NAME: J296
NODE: 297
X: -0.299988
Y: -0.149978
Z: 0.549953
INLET NAME: IN296
OUTLET NAME: OUT296
--- 
JOINT: 297
NAME: J297
NODE: 298
X: -0.299993
Y: -0.160114
Z: 0.549937
INLET NAME: IN297
OUTLET NAME: OUT297
--- 
JOINT: 298
NAME: J298
NODE: 299
X: -0.300002
Y: -0.170249
Z: 0.549936
INLET NAME: IN298
OUTLET NAME: OUT298
--- 
JOINT: 299
NAME: J299
NODE: 300
X: -0.300015
Y: -0.180384
Z: 0.549956
INLET NAME: IN299
OUTLET NAME: OUT299
--- 
JOINT: 300
NAME: J300
NODE: 301
X: -0.299983
Y: -0.190519
Z: 0.549923
INLET NAME: IN300
OUTLET NAME: OUT300
--- 
JOINT: 301
NAME: J301
NODE: 302
X: -0.299949
Y: -0.200654
Z: 0.549956
INLET NAME: IN301
OUTLET NAME: OUT301
--- 
JOINT: 302
NAME: J302
NODE: 303
X: -0.299953
Y: -0.210789
Z: 0.549965
INLET NAME: IN302
OUTLET NAME: OUT302
--- 
JOINT: 303
NAME: J303
NODE: 304
X: -0.299970
Y: -0.220925
Z: 0.550000
INLET NAME: IN303
OUTLET NAME: OUT303
--- 
JOINT: 304
NAME: J304
NODE: 305
X: -0.299986
Y: -0.231059
Z: 0.550104
INLET NAME: IN304
OUTLET NAME: OUT304
--- 
JOINT: 305
NAME: J305
NODE: 306
X: -0.300007
Y: -0.241194
Z: 0.550142
INLET NAME: IN305
OUTLET NAME: OUT305
--- 
JOINT: 306
NAME: J306
NODE: 307
X: -0.299969
Y: -0.251329
Z: 0.550169
INLET NAME: IN306
OUTLET NAME: OUT306
--- 
JOINT: 307
NAME: J307
NODE: 308
X: -0.299944
Y: -0.261464
Z: 0.550153
INLET NAME: IN307
OUTLET NAME: OUT307
--- 
JOINT: 308
NAME: J308
NODE: 309
X: -0.299961
Y: -0.271599
Z: 0.550086
INLET NAME: IN308
OUTLET NAME: OUT308
--- 
JOINT: 309
NAME: J309
NODE: 310
X: -0.299959
Y: -0.281734
Z: 0.550056
INLET NAME: IN309
OUTLET NAME: OUT309
--- 
JOINT: 310
NAME: J310
NODE: 311
X: -0.299941
Y: -0.291869
Z: 0.550043
INLET NAME: IN310
OUTLET NAME: OUT310
--- 
JOINT: 311
NAME: J311
NODE: 312
X: -0.299937
Y: -0.302005
Z: 0.550037
INLET NAME: IN311
OUTLET NAME: OUT311
--- 
JOINT: 312
NAME: J312
NODE: 313
X: -0.299902
Y: -0.312140
Z: 0.550046
INLET NAME: IN312
OUTLET NAME: OUT312
--- 
JOINT: 313
NAME: J313
NODE: 314
X: -0.299950
Y: -0.322275
Z: 0.550035
INLET NAME: IN313
OUTLET NAME: OUT313
--- 
JOINT: 314
NAME: J314
NODE: 315
X: -0.300039
Y: -0.332410
Z: 0.550048
INLET NAME: IN314
OUTLET NAME: OUT314
--- 
JOINT: 315
NAME: J315
NODE: 316
X: -0.300072
Y: -0.342545
Z: 0.550053
INLET NAME: IN315
OUTLET NAME: OUT315
--- 
JOINT: 316
NAME: J316
NODE: 317
X: -0.300081
Y: -0.352680
Z: 0.550033
INLET NAME: IN316
OUTLET NAME: OUT316
--- 
JOINT: 317
NAME: J317
NODE: 318
X: -0.300060
Y: -0.362815
Z: 0.550007
INLET NAME: IN317
OUTLET NAME: OUT317
--- 
JOINT: 318
NAME: J318
NODE: 319
X: -0.300035
Y: -0.372950
Z: 0.549938
INLET NAME: IN318
OUTLET NAME: OUT318
--- 
JOINT: 319
NAME: J319
NODE: 320
X: -0.300019
Y: -0.383085
Z: 0.549949
INLET NAME: IN319
OUTLET NAME: OUT319
--- 
JOINT: 320
NAME: J320
NODE: 321
X: -0.300028
Y: -0.393220
Z: 0.549930
INLET NAME: IN320
OUTLET NAME: OUT320
--- 
JOINT: 321
NAME: J321
NODE: 322
X: -0.300025
Y: -0.403355
Z: 0.549923
INLET NAME: IN321
OUTLET NAME: OUT321
--- 
JOINT: 322
NAME: J322
NODE: 323
X: -0.300045
Y: -0.413491
Z: 0.549907
INLET NAME: IN322
OUTLET NAME: OUT322
--- 
JOINT: 323
NAME: J323
NODE: 324
X: -0.300047
Y: -0.423625
Z: 0.549992
INLET NAME: IN323
OUTLET NAME: OUT323
--- 
JOINT: 324
NAME: J324
NODE: 325
X: -0.300040
Y: -0.433760
Z: 0.550060
INLET NAME: IN324
OUTLET NAME: OUT324
--- 
JOINT: 325
NAME: J325
NODE: 326
X: -0.299968
Y: -0.443895
Z: 0.550051
INLET NAME: IN325
OUTLET NAME: OUT325
--- 
JOINT: 326
NAME: J326
NODE: 327
X: -0.299967
Y: -0.454030
Z: 0.550007
INLET NAME: IN326
OUTLET NAME: OUT326
--- 
JOINT: 327
NAME: J327
NODE: 328
X: -0.299947
Y: -0.464166
Z: 0.550014
INLET NAME: IN327
OUTLET NAME: OUT327
--- 
JOINT: 328
NAME: J328
NODE: 329
X: -0.299934
Y: -0.474301
Z: 0.550006
INLET NAME: IN328
OUTLET NAME: OUT328
--- 
JOINT: 329
NAME: J329
NODE: 330
X: -0.299898
Y: -0.484436
Z: 0.550010
INLET NAME: IN329
OUTLET NAME: OUT329
--- 
JOINT: 330
NAME: J330
NODE: 331
X: -0.299892
Y: -0.494571
Z: 0.550012
INLET NAME: IN330
OUTLET NAME: OUT330
--- 
JOINT: 331
NAME: J331
NODE: 332
X: -0.299894
Y: -0.504706
Z: 0.549984
INLET NAME: IN331
OUTLET NAME: OUT331
--- 
JOINT: 332
NAME: J332
NODE: 333
X: -0.299913
Y: -0.514841
Z: 0.549993
INLET NAME: IN332
OUTLET NAME: OUT332
--- 
JOINT: 333
NAME: J333
NODE: 334
X: -0.299934
Y: -0.524976
Z: 0.550004
INLET NAME: IN333
OUTLET NAME: OUT333
--- 
JOINT: 334
NAME: J334
NODE: 335
X: -0.299961
Y: -0.535111
Z: 0.549957
INLET NAME: IN334
OUTLET NAME: OUT334
--- 
JOINT: 335
NAME: J335
NODE: 336
X: -0.299971
Y: -0.545246
Z: 0.549911
INLET NAME: IN335
OUTLET NAME: OUT335
--- 
JOINT: 336
NAME: J336
NODE: 337
X: -0.299951
Y: -0.555382
Z: 0.549915
INLET NAME: IN336
OUTLET NAME: OUT336
--- 
JOINT: 337
NAME: J337
NODE: 338
X: -0.300003
Y: -0.565517
Z: 0.549920
INLET NAME: IN337
OUTLET NAME: OUT337
--- 
JOINT: 338
NAME: J338
NODE: 339
X: -0.299951
Y: -0.575652
Z: 0.549955
INLET NAME: IN338
OUTLET NAME: OUT338
--- 
JOINT: 339
NAME: J339
NODE: 340
X: -0.300012
Y: -0.585786
Z: 0.550018
INLET NAME: IN339
OUTLET NAME: OUT339
--- 
JOINT: 340
NAME: J340
NODE: 341
X: -0.300061
Y: -0.595922
Z: 0.550041
INLET NAME: IN340
OUTLET NAME: OUT340
--- 
JOINT: 341
NAME: J341
NODE: 342
X: -0.300048
Y: -0.606057
Z: 0.550034
INLET NAME: IN341
OUTLET NAME: OUT341
--- 
JOINT: 342
NAME: J342
NODE: 343
X: -0.299995
Y: -0.616192
Z: 0.550003
INLET NAME: IN342
OUTLET NAME: OUT342
--- 
JOINT: 343
NAME: J343
NODE: 344
X: -0.300025
Y: -0.626327
Z: 0.549966
INLET NAME: IN343
OUTLET NAME: OUT343
--- 
JOINT: 344
NAME: J344
NODE: 345
X: -0.300025
Y: -0.636462
Z: 0.549974
INLET NAME: IN344
OUTLET NAME: OUT344
--- 
JOINT: 345
NAME: J345
NODE: 346
X: -0.300006
Y: -0.646597
Z: 0.549953
INLET NAME: IN345
OUTLET NAME: OUT345
--- 
JOINT: 346
NAME: J346
NODE: 347
X: -0.300002
Y: -0.656732
Z: 0.550013
INLET NAME: IN346
OUTLET NAME: OUT346
--- 
JOINT: 347
NAME: J347
NODE: 348
X: -0.299998
Y: -0.666867
Z: 0.550037
INLET NAME: IN347
OUTLET NAME: OUT347
--- 
JOINT: 348
NAME: J348
NODE: 349
X: -0.299988
Y: -0.677002
Z: 0.550046
INLET NAME: IN348
OUTLET NAME: OUT348
--- 
JOINT: 349
NAME: J349
NODE: 350
X: -0.299982
Y: -0.687137
Z: 0.550037
INLET NAME: IN349
OUTLET NAME: OUT349
--- 
JOINT: 350
NAME: J350
NODE: 351
X: -0.300012
Y: -0.697272
Z: 0.550012
INLET NAME: IN350
OUTLET NAME: OUT350
--- 
JOINT: 351
NAME: J351
NODE: 352
X: -0.300012
Y: -0.707407
Z: 0.549980
INLET NAME: IN351
OUTLET NAME: OUT351
--- 
JOINT: 352
NAME: J352
NODE: 353
X: -0.300023
Y: -0.717542
Z: 0.549963
INLET NAME: IN352
OUTLET NAME: OUT352
--- 
JOINT: 353
NAME: J353
NODE: 354
X: -0.300029
Y: -0.727677
Z: 0.549970
INLET NAME: IN353
OUTLET NAME: OUT353
--- 
JOINT: 354
NAME: J354
NODE: 355
X: -0.300013
Y: -0.737812
Z: 0.550023
INLET NAME: IN354
OUTLET NAME: OUT354
--- 
JOINT: 355
NAME: J355
NODE: 356
X: -0.299968
Y: -0.747947
Z: 0.550071
INLET NAME: IN355
OUTLET NAME: OUT355
--- 
JOINT: 356
NAME: J356
NODE: 357
X: -0.299961
Y: -0.758082
Z: 0.550097
INLET NAME: IN356
OUTLET NAME: OUT356
--- 
JOINT: 357
NAME: J357
NODE: 358
X: -0.299922
Y: -0.768217
Z: 0.550133
INLET NAME: IN357
OUTLET NAME: OUT357
--- 
JOINT: 358
NAME: J358
NODE: 359
X: -0.299933
Y: -0.778352
Z: 0.550086
INLET NAME: IN358
OUTLET NAME: OUT358
--- 
JOINT: 359
NAME: J359
NODE: 360
X: -0.299984
Y: -0.788487
Z: 0.550028
INLET NAME: IN359
OUTLET NAME: OUT359
--- 
JOINT: 360
NAME: J360
NODE: 361
X: -0.300024
Y: -0.798622
Z: 0.549952
INLET NAME: IN360
OUTLET NAME: OUT360
--- 
JOINT: 361
NAME: J361
NODE: 362
X: -0.300035
Y: -0.808757
Z: 0.549966
INLET NAME: IN361
OUTLET NAME: OUT361
--- 
JOINT: 362
NAME: J362
NODE: 363
X: -0.300010
Y: -0.818892
Z: 0.549956
INLET NAME: IN362
OUTLET NAME: OUT362
--- 
JOINT: 363
NAME: J363
NODE: 364
X: -0.300000
Y: -0.829027
Z: 0.549996
INLET NAME: IN363
OUTLET NAME: OUT363
--- 
JOINT: 364
NAME: J364
NODE: 365
X: -0.299955
Y: -0.839162
Z: 0.550026
INLET NAME: IN364
OUTLET NAME: OUT364
--- 
JOINT: 365
NAME: J365
NODE: 366
X: -0.299940
Y: -0.849298
Z: 0.550040
INLET NAME: IN365
OUTLET NAME: OUT365
--- 
JOINT: 366
NAME: J366
NODE: 367
X: -0.299906
Y: -0.859433
Z: 0.550030
INLET NAME: IN366
OUTLET NAME: OUT366
--- 
JOINT: 367
NAME: J367
NODE: 368
X: -0.299889
Y: -0.869568
Z: 0.550030
INLET NAME: IN367
OUTLET NAME: OUT367
--- 
JOINT: 368
NAME: J368
NODE: 369
X: -0.299926
Y: -0.879703
Z: 0.550054
INLET NAME: IN368
OUTLET NAME: OUT368
--- 
JOINT: 369
NAME: J369
NODE: 370
X: -0.299980
Y: -0.889838
Z: 0.550062
INLET NAME: IN369
OUTLET NAME: OUT369
--- 
JOINT: 370
NAME: J370
NODE: 371
X: -0.299997
Y: -0.899973
Z: 0.550057
INLET NAME: IN370
OUTLET NAME: OUT370
--- 
JOINT: 371
NAME: J371
NODE: 372
X: -0.300050
Y: -0.910108
Z: 0.550093
INLET NAME: IN371
OUTLET NAME: OUT371
--- 
JOINT: 372
NAME: J372
NODE: 373
X: -0.300033
Y: -0.920243
Z: 0.550161
INLET NAME: IN372
OUTLET NAME: OUT372
--- 
JOINT: 373
NAME: J373
NODE: 374
X: -0.300007
Y: -0.930378
Z: 0.550150
INLET NAME: IN373
OUTLET NAME: OUT373
--- 
JOINT: 374
NAME: J374
NODE: 375
X: -0.300021
Y: -0.940513
Z: 0.550071
INLET NAME: IN374
OUTLET NAME: OUT374
--- 
JOINT: 375
NAME: J375
NODE: 376
X: -0.300029
Y: -0.950648
Z: 0.550002
INLET NAME: IN375
OUTLET NAME: OUT375
--- 
JOINT: 376
NAME: J376
NODE: 377
X: -0.300002
Y: -0.960783
Z: 0.550015
INLET NAME: IN376
OUTLET NAME: OUT376
--- 
JOINT: 377
NAME: J377
NODE: 378
X: -0.300061
Y: -0.970918
Z: 0.550014
INLET NAME: IN377
OUTLET NAME: OUT377
--- 
JOINT: 378
NAME: J378
NODE: 379
X: -0.300049
Y: -0.981053
Z: 0.549994
INLET NAME: IN378
OUTLET NAME: OUT378
--- 
JOINT: 379
NAME: J379
NODE: 380
X: -0.300040
Y: -0.991188
Z: 0.549996
INLET NAME: IN379
OUTLET NAME: OUT379
--- 
JOINT: 380
NAME: J380
NODE: 381
X: -0.300028
Y: -1.001324
Z: 0.549986
INLET NAME: IN380
OUTLET NAME: OUT380
--- 
JOINT: 381
NAME: J381
NODE: 382
X: -0.299998
Y: -1.011459
Z: 0.549987
INLET NAME: IN381
OUTLET NAME: OUT381
--- 
JOINT: 382
NAME: J382
NODE: 383
X: -0.299992
Y: -1.021594
Z: 0.549977
INLET NAME: IN382
OUTLET NAME: OUT382
--- 
JOINT: 383
NAME: J383
NODE: 384
X: -0.300006
Y: -1.031729
Z: 0.549986
INLET NAME: IN383
OUTLET NAME: OUT383
--- 
JOINT: 384
NAME: J384
NODE: 385
X: -0.300002
Y: -1.041864
Z: 0.549990
INLET NAME: IN384
OUTLET NAME: OUT384
--- 
JOINT: 385
NAME: J385
NODE: 386
X: -0.299995
Y: -1.051999
Z: 0.549992
INLET NAME: IN385
OUTLET NAME: OUT385
--- 
JOINT: 386
NAME: J386
NODE: 387
X: -0.299953
Y: -1.062134
Z: 0.549984
INLET NAME: IN386
OUTLET NAME: OUT386
--- 
JOINT: 387
NAME: J387
NODE: 388
X: -0.299927
Y: -1.072270
Z: 0.549947
INLET NAME: IN387
OUTLET NAME: OUT387
--- 
JOINT: 388
NAME: J388
NODE: 389
X: -0.299890
Y: -1.082405
Z: 0.549960
INLET NAME: IN388
OUTLET NAME: OUT388
--- 
JOINT: 389
NAME: J389
NODE: 390
X: -0.299915
Y: -1.092540
Z: 0.550002
INLET NAME: IN389
OUTLET NAME: OUT389
--- 
JOINT: 390
NAME: J390
NODE: 391
X: -0.299939
Y: -1.102675
Z: 0.549996
INLET NAME: IN390
OUTLET NAME: OUT390
--- 
JOINT: 391
NAME: J391
NODE: 392
X: -0.299977
Y: -1.112810
Z: 0.550023
INLET NAME: IN391
OUTLET NAME: OUT391
--- 
JOINT: 392
NAME: J392
NODE: 393
X: -0.300044
Y: -1.122945
Z: 0.550069
INLET NAME: IN392
OUTLET NAME: OUT392
--- 
JOINT: 393
NAME: J393
NODE: 394
X: -0.300024
Y: -1.133080
Z: 0.550028
INLET NAME: IN393
OUTLET NAME: OUT393
--- 
JOINT: 394
NAME: J394
NODE: 395
X: -0.300034
Y: -1.143215
Z: 0.550040
INLET NAME: IN394
OUTLET NAME: OUT394
--- 
JOINT: 395
NAME: J395
NODE: 396
X: -0.300047
Y: -1.153350
Z: 0.550030
INLET NAME: IN395
OUTLET NAME: OUT395
--- 
JOINT: 396
NAME: J396
NODE: 397
X: -0.300017
Y: -1.163485
Z: 0.549979
INLET NAME: IN396
OUTLET NAME: OUT396
--- 
JOINT: 397
NAME: J397
NODE: 398
X: -0.300040
Y: -1.173620
Z: 0.549999
INLET NAME: IN397
OUTLET NAME: OUT397
--- 
JOINT: 398
NAME: J398
NODE: 399
X: -0.300063
Y: -1.183755
Z: 0.549999
INLET NAME: IN398
OUTLET NAME: OUT398
--- 
JOINT: 399
NAME: J399
NODE: 400
X: -0.300060
Y: -1.193890
Z: 0.550024
INLET NAME: IN399
OUTLET NAME: OUT399
--- 
JOINT: 400
NAME: J400
NODE: 401
X: -0.300055
Y: -1.204026
Z: 0.550004
INLET NAME: IN400
OUTLET NAME: OUT400
--- 
JOINT: 401
NAME: J401
NODE: 402
X: -0.300027
Y: -1.214161
Z: 0.549993
INLET NAME: IN401
OUTLET NAME: OUT401
--- 
JOINT: 402
NAME: J402
NODE: 403
X: -0.299993
Y: -1.224296
Z: 0.549975
INLET NAME: IN402
OUTLET NAME: OUT402
--- 
JOINT: 403
NAME: J403
NODE: 404
X: -0.299997
Y: -1.234431
Z: 0.549965
INLET NAME: IN403
OUTLET NAME: OUT403
--- 
JOINT: 404
NAME: J404
NODE: 405
X: -0.299971
Y: -1.244566
Z: 0.549973
INLET NAME: IN404
OUTLET NAME: OUT404
--- 
JOINT: 405
NAME: J405
NODE: 406
X: -0.299979
Y: -1.254701
Z: 0.550038
INLET NAME: IN405
OUTLET NAME: OUT405
--- 
JOINT: 406
NAME: J406
NODE: 407
X: -0.299976
Y: -1.264836
Z: 0.550088
INLET NAME: IN406
OUTLET NAME: OUT406
--- 
JOINT: 407
NAME: J407
NODE: 408
X: -0.299992
Y: -1.274971
Z: 0.550108
INLET NAME: IN407
OUTLET NAME: OUT407
--- 
JOINT: 408
NAME: J408
NODE: 409
X: -0.300026
Y: -1.285106
Z: 0.550161
INLET NAME: IN408
OUTLET NAME: OUT408
--- 
JOINT: 409
NAME: J409
NODE: 410
X: -0.300021
Y: -1.295241
Z: 0.550162
INLET NAME: IN409
OUTLET NAME: OUT409
--- 
JOINT: 410
NAME: J410
NODE: 411
X: -0.300000
Y: -1.305377
Z: 0.550116
INLET NAME: IN410
OUTLET NAME: OUT410
--- 
JOINT: 411
NAME: J411
NODE: 412
X: -0.300012
Y: -1.315512
Z: 0.550115
INLET NAME: IN411
OUTLET NAME: OUT411
--- 
JOINT: 412
NAME: J412
NODE: 413
X: -0.300008
Y: -1.325647
Z: 0.550086
INLET NAME: IN412
OUTLET NAME: OUT412
--- 
JOINT: 413
NAME: J413
NODE: 414
X: -0.299986
Y: -1.335782
Z: 0.550073
INLET NAME: IN413
OUTLET NAME: OUT413
--- 
JOINT: 414
NAME: J414
NODE: 415
X: -0.299968
Y: -1.345917
Z: 0.550053
INLET NAME: IN414
OUTLET NAME: OUT414
--- 
JOINT: 415
NAME: J415
NODE: 416
X: -0.300005
Y: -1.356052
Z: 0.550037
INLET NAME: IN415
OUTLET NAME: OUT415
--- 
JOINT: 416
NAME: J416
NODE: 417
X: -0.299994
Y: -1.366187
Z: 0.550000
INLET NAME: IN416
OUTLET NAME: OUT416
--- 
JOINT: 417
NAME: J417
NODE: 418
X: -0.299981
Y: -1.376323
Z: 0.549981
INLET NAME: IN417
OUTLET NAME: OUT417
--- 
JOINT: 418
NAME: J418
NODE: 419
X: -0.299963
Y: -1.386458
Z: 0.549998
INLET NAME: IN418
OUTLET NAME: OUT418
--- 
JOINT: 419
NAME: J419
NODE: 420
X: -0.299957
Y: -1.396593
Z: 0.550019
INLET NAME: IN419
OUTLET NAME: OUT419
--- 
JOINT: 420
NAME: J420
NODE: 421
X: -0.299978
Y: -1.406728
Z: 0.549978
INLET NAME: IN420
OUTLET NAME: OUT420
--- 
JOINT: 421
NAME: J421
NODE: 422
X: -0.300019
Y: -1.416863
Z: 0.549962
INLET NAME: IN421
OUTLET NAME: OUT421
--- 
JOINT: 422
NAME: J422
NODE: 423
X: -0.300030
Y: -1.426998
Z: 0.549967
INLET NAME: IN422
OUTLET NAME: OUT422
--- 
JOINT: 423
NAME: J423
NODE: 424
X: -0.300031
Y: -1.437133
Z: 0.550000
INLET NAME: IN423
OUTLET NAME: OUT423
--- 
JOINT: 424
NAME: J424
NODE: 425
X: -0.300078
Y: -1.447268
Z: 0.550089
INLET NAME: IN424
OUTLET NAME: OUT424
--- 
JOINT: 425
NAME: J425
NODE: 426
X: -0.300057
Y: -1.457403
Z: 0.550159
INLET NAME: IN425
OUTLET NAME: OUT425
--- 
JOINT: 426
NAME: J426
NODE: 427
X: -0.299981
Y: -1.467538
Z: 0.550115
INLET NAME: IN426
OUTLET NAME: OUT426
--- 
JOINT: 427
NAME: J427
NODE: 428
X: -0.299960
Y: -1.477673
Z: 0.550108
INLET NAME: IN427
OUTLET NAME: OUT427
--- 
JOINT: 428
NAME: J428
NODE: 429
X: -0.299989
Y: -1.487808
Z: 0.550110
INLET NAME: IN428
OUTLET NAME: OUT428
--- 
JOINT: 429
NAME: J429
NODE: 430
X: -0.300016
Y: -1.497943
Z: 0.550079
INLET NAME: IN429
OUTLET NAME: OUT429
--- 
JOINT: 430
NAME: J430
NODE: 431
X: -0.300027
Y: -1.508078
Z: 0.550031
INLET NAME: IN430
OUTLET NAME: OUT430
--- 
JOINT: 431
NAME: J431
NODE: 432
X: -0.300000
Y: -1.518213
Z: 0.550023
INLET NAME: IN431
OUTLET NAME: OUT431
--- 
JOINT: 432
NAME: J432
NODE: 433
X: -0.299946
Y: -1.528348
Z: 0.549961
INLET NAME: IN432
OUTLET NAME: OUT432
--- 
JOINT: 433
NAME: J433
NODE: 434
X: -0.299949
Y: -1.538483
Z: 0.549942
INLET NAME: IN433
OUTLET NAME: OUT433
--- 
JOINT: 434
NAME: J434
NODE: 435
X: -0.299983
Y: -1.548618
Z: 0.549956
INLET NAME: IN434
OUTLET NAME: OUT434
--- 
JOINT: 435
NAME: J435
NODE: 436
X: -0.299994
Y: -1.558754
Z: 0.549951
INLET NAME: IN435
OUTLET NAME: OUT435
--- 
JOINT: 436
NAME: J436
NODE: 437
X: -0.300027
Y: -1.568889
Z: 0.549950
INLET NAME: IN436
OUTLET NAME: OUT436
--- 
JOINT: 437
NAME: J437
NODE: 438
X: -0.300027
Y: -1.579024
Z: 0.549958
INLET NAME: IN437
OUTLET NAME: OUT437
--- 
JOINT: 438
NAME: J438
NODE: 439
X: -0.299974
Y: -1.589159
Z: 0.549931
INLET NAME: IN438
OUTLET NAME: OUT438
--- 
JOINT: 439
NAME: J439
NODE: 440
X: -0.300013
Y: -1.599294
Z: 0.549955
INLET NAME: IN439
OUTLET NAME: OUT439
--- 
JOINT: 440
NAME: J440
NODE: 441
X: -0.300026
Y: -1.609429
Z: 0.549982
INLET NAME: IN440
OUTLET NAME: OUT440
--- 
JOINT: 441
NAME: J441
NODE: 442
X: -0.299994
Y: -1.619564
Z: 0.549979
INLET NAME: IN441
OUTLET NAME: OUT441
--- 
JOINT: 442
NAME: J442
NODE: 443
X: -0.299960
Y: -1.629699
Z: 0.549993
INLET NAME: IN442
OUTLET NAME: OUT442
--- 
JOINT: 443
NAME: J443
NODE: 444
X: -0.299937
Y: -1.639834
Z: 0.550010
INLET NAME: IN443
OUTLET NAME: OUT443
--- 
JOINT: 444
NAME: J444
NODE: 445
X: -0.299959
Y: -1.649969
Z: 0.550018
INLET NAME: IN444
OUTLET NAME: OUT444
--- 
JOINT: 445
NAME: J445
NODE: 446
X: -0.299980
Y: -1.660105
Z: 0.550024
INLET NAME: IN445
OUTLET NAME: OUT445
--- 
JOINT: 446
NAME: J446
NODE: 447
X: -0.299950
Y: -1.670240
Z: 0.549998
INLET NAME: IN446
OUTLET NAME: OUT446
--- 
JOINT: 447
NAME: J447
NODE: 448
X: -0.299987
Y: -1.680375
Z: 0.549980
INLET NAME: IN447
OUTLET NAME: OUT447
--- 
JOINT: 448
NAME: J448
NODE: 449
X: -0.300017
Y: -1.690510
Z: 0.549968
INLET NAME: IN448
OUTLET NAME: OUT448
--- 
JOINT: 449
NAME: J449
NODE: 450
X: -0.300029
Y: -1.700645
Z: 0.549925
INLET NAME: IN449
OUTLET NAME: OUT449
--- 
JOINT: 450
NAME: J450
NODE: 451
X: -0.300027
Y: -1.710780
Z: 0.549903
INLET NAME: IN450
OUTLET NAME: OUT450
--- 
JOINT: 451
NAME: J451
NODE: 452
X: -0.300038
Y: -1.720915
Z: 0.549881
INLET NAME: IN451
OUTLET NAME: OUT451
--- 
JOINT: 452
NAME: J452
NODE: 453
X: -0.300031
Y: -1.731050
Z: 0.549916
INLET NAME: IN452
OUTLET NAME: OUT452
--- 
JOINT: 453
NAME: J453
NODE: 454
X: -0.299991
Y: -1.741185
Z: 0.549954
INLET NAME: IN453
OUTLET NAME: OUT453
--- 
JOINT: 454
NAME: J454
NODE: 455
X: -0.300011
Y: -1.751320
Z: 0.549965
INLET NAME: IN454
OUTLET NAME: OUT454
--- 
JOINT: 455
NAME: J455
NODE: 456
X: -0.300023
Y: -1.761456
Z: 0.549993
INLET NAME: IN455
OUTLET NAME: OUT455
--- 
JOINT: 456
NAME: J456
NODE: 457
X: -0.300103
Y: -1.771590
Z: 0.549996
INLET NAME: IN456
OUTLET NAME: OUT456
--- 
JOINT: 457
NAME: J457
NODE: 458
X: -0.300178
Y: -1.781725
Z: 0.549993
INLET NAME: IN457
OUTLET NAME: OUT457
--- 
JOINT: 458
NAME: J458
NODE: 459
X: -0.300158
Y: -1.791861
Z: 0.549978
INLET NAME: IN458
OUTLET NAME: OUT458
--- 
JOINT: 459
NAME: J459
NODE: 460
X: -0.300166
Y: -1.801996
Z: 0.549992
INLET NAME: IN459
OUTLET NAME: OUT459
--- 
JOINT: 460
NAME: J460
NODE: 461
X: -0.300089
Y: -1.812130
Z: 0.549971
INLET NAME: IN460
OUTLET NAME: OUT460
--- 
JOINT: 461
NAME: J461
NODE: 462
X: -0.300037
Y: -1.822265
Z: 0.549987
INLET NAME: IN461
OUTLET NAME: OUT461
--- 
JOINT: 462
NAME: J462
NODE: 463
X: -0.299985
Y: -1.832401
Z: 0.549991
INLET NAME: IN462
OUTLET NAME: OUT462
--- 
JOINT: 463
NAME: J463
NODE: 464
X: -0.299987
Y: -1.842535
Z: 0.550070
INLET NAME: IN463
OUTLET NAME: OUT463
--- 
JOINT: 464
NAME: J464
NODE: 465
X: -0.299924
Y: -1.852670
Z: 0.550091
INLET NAME: IN464
OUTLET NAME: OUT464
--- 
JOINT: 465
NAME: J465
NODE: 466
X: -0.299875
Y: -1.862805
Z: 0.550094
INLET NAME: IN465
OUTLET NAME: OUT465
--- 
JOINT: 466
NAME: J466
NODE: 467
X: -0.299865
Y: -1.872940
Z: 0.550073
INLET NAME: IN466
OUTLET NAME: OUT466
--- 
JOINT: 467
NAME: J467
NODE: 468
X: -0.299902
Y: -1.883075
Z: 0.550044
INLET NAME: IN467
OUTLET NAME: OUT467
--- 
JOINT: 468
NAME: J468
NODE: 469
X: -0.299962
Y: -1.893210
Z: 0.550045
INLET NAME: IN468
OUTLET NAME: OUT468
--- 
JOINT: 469
NAME: J469
NODE: 470
X: -0.300031
Y: -1.903345
Z: 0.550066
INLET NAME: IN469
OUTLET NAME: OUT469
--- 
JOINT: 470
NAME: J470
NODE: 471
X: -0.300014
Y: -1.913480
Z: 0.550042
INLET NAME: IN470
OUTLET NAME: OUT470
--- 
JOINT: 471
NAME: J471
NODE: 472
X: -0.300004
Y: -1.923615
Z: 0.549996
INLET NAME: IN471
OUTLET NAME: OUT471
--- 
JOINT: 472
NAME: J472
NODE: 473
X: -0.300033
Y: -1.933750
Z: 0.550014
INLET NAME: IN472
OUTLET NAME: OUT472
--- 
JOINT: 473
NAME: J473
NODE: 474
X: -0.299966
Y: -1.943885
Z: 0.549936
INLET NAME: IN473
OUTLET NAME: OUT473
--- 
JOINT: 474
NAME: J474
NODE: 475
X: -0.299948
Y: -1.954020
Z: 0.549911
INLET NAME: IN474
OUTLET NAME: OUT474
--- 
JOINT: 475
NAME: J475
NODE: 476
X: -0.299977
Y: -1.964155
Z: 0.549918
INLET NAME: IN475
OUTLET NAME: OUT475
--- 
JOINT: 476
NAME: J476
NODE: 477
X: -0.300021
Y: -1.974290
Z: 0.549944
INLET NAME: IN476
OUTLET NAME: OUT476
--- 
JOINT: 477
NAME: J477
NODE: 478
X: -0.300028
Y: -1.984425
Z: 0.549980
INLET NAME: IN477
OUTLET NAME: OUT477
--- 
JOINT: 478
NAME: J478
NODE: 479
X: -0.300041
Y: -1.994560
Z: 0.550023
INLET NAME: IN478
OUTLET NAME: OUT478
--- 
JOINT: 479
NAME: J479
NODE: 480
X: -0.300047
Y: -2.004696
Z: 0.550026
INLET NAME: IN479
OUTLET NAME: OUT479
--- 
JOINT: 480
NAME: J480
NODE: 481
X: -0.300038
Y: -2.014831
Z: 0.550029
INLET NAME: IN480
OUTLET NAME: OUT480
--- 
JOINT: 481
NAME: J481
NODE: 482
X: -0.300033
Y: -2.024966
Z: 0.550046
INLET NAME: IN481
OUTLET NAME: OUT481
--- 
JOINT: 482
NAME: J482
NODE: 483
X: -0.300027
Y: -2.035101
Z: 0.550043
INLET NAME: IN482
OUTLET NAME: OUT482
--- 
JOINT: 483
NAME: J483
NODE: 484
X: -0.300026
Y: -2.045236
Z: 0.550000
INLET NAME: IN483
OUTLET NAME: OUT483
--- 
JOINT: 484
NAME: J484
NODE: 485
X: -0.300002
Y: -2.055371
Z: 0.549933
INLET NAME: IN484
OUTLET NAME: OUT484
--- 
JOINT: 485
NAME: J485
NODE: 486
X: -0.299985
Y: -2.065506
Z: 0.549916
INLET NAME: IN485
OUTLET NAME: OUT485
--- 
JOINT: 486
NAME: J486
NODE: 487
X: -0.299965
Y: -2.075641
Z: 0.549918
INLET NAME: IN486
OUTLET NAME: OUT486
--- 
JOINT: 487
NAME: J487
NODE: 488
X: -0.299940
Y: -2.085776
Z: 0.550001
INLET NAME: IN487
OUTLET NAME: OUT487
--- 
JOINT: 488
NAME: J488
NODE: 489
X: -0.299926
Y: -2.095911
Z: 0.550110
INLET NAME: IN488
OUTLET NAME: OUT488
--- 
JOINT: 489
NAME: J489
NODE: 490
X: -0.299981
Y: -2.106046
Z: 0.550170
INLET NAME: IN489
OUTLET NAME: OUT489
--- 
JOINT: 490
NAME: J490
NODE: 491
X: -0.299979
Y: -2.116181
Z: 0.550174
INLET NAME: IN490
OUTLET NAME: OUT490
--- 
JOINT: 491
NAME: J491
NODE: 492
X: -0.299980
Y: -2.126316
Z: 0.550141
INLET NAME: IN491
OUTLET NAME: OUT491
--- 
JOINT: 492
NAME: J492
NODE: 493
X: -0.299976
Y: -2.136451
Z: 0.550109
INLET NAME: IN492
OUTLET NAME: OUT492
--- 
JOINT: 493
NAME: J493
NODE: 494
X: -0.299966
Y: -2.146586
Z: 0.550032
INLET NAME: IN493
OUTLET NAME: OUT493
--- 
JOINT: 494
NAME: J494
NODE: 495
X: -0.299958
Y: -2.156721
Z: 0.550010
INLET NAME: IN494
OUTLET NAME: OUT494
--- 
JOINT: 495
NAME: J495
NODE: 496
X: -0.299943
Y: -2.166856
Z: 0.549992
INLET NAME: IN495
OUTLET NAME: OUT495
--- 
JOINT: 496
NAME: J496
NODE: 497
X: -0.299952
Y: -2.176991
Z: 0.549933
INLET NAME: IN496
OUTLET NAME: OUT496
--- 
JOINT: 497
NAME: J497
NODE: 498
X: -0.299935
Y: -2.187127
Z: 0.549900
INLET NAME: IN497
OUTLET NAME: OUT497
--- 
JOINT: 498
NAME: J498
NODE: 499
X: -0.299921
Y: -2.197262
Z: 0.549901
INLET NAME: IN498
OUTLET NAME: OUT498
--- 
JOINT: 499
NAME: J499
NODE: 500
X: -0.299903
Y: -2.207397
Z: 0.549980
INLET NAME: IN499
OUTLET NAME: OUT499
--- 
JOINT: 500
NAME: J500
NODE: 501
X: -0.299893
Y: -2.217532
Z: 0.550004
INLET NAME: IN500
OUTLET NAME: OUT500
--- 
JOINT: 501
NAME: J501
NODE: 502
X: -0.299851
Y: -2.227667
Z: 0.550071
INLET NAME: IN501
OUTLET NAME: OUT501
--- 
JOINT: 502
NAME: J502
NODE: 503
X: -0.299877
Y: -2.237801
Z: 0.550010
INLET NAME: IN502
OUTLET NAME: OUT502
--- 
JOINT: 503
NAME: J503
NODE: 504
X: -0.299878
Y: -2.247937
Z: 0.549965
INLET NAME: IN503
OUTLET NAME: OUT503
--- 
JOINT: 504
NAME: J504
NODE: 505
X: -0.299884
Y: -2.258072
Z: 0.549977
INLET NAME: IN504
OUTLET NAME: OUT504
--- 
JOINT: 505
NAME: J505
NODE: 506
X: -0.299932
Y: -2.268207
Z: 0.550022
INLET NAME: IN505
OUTLET NAME: OUT505
--- 
JOINT: 506
NAME: J506
NODE: 507
X: -0.300011
Y: -2.278342
Z: 0.550063
INLET NAME: IN506
OUTLET NAME: OUT506
--- 
JOINT: 507
NAME: J507
NODE: 508
X: -0.300028
Y: -2.288477
Z: 0.550077
INLET NAME: IN507
OUTLET NAME: OUT507
--- 
JOINT: 508
NAME: J508
NODE: 509
X: -0.299970
Y: -2.298612
Z: 0.550065
INLET NAME: IN508
OUTLET NAME: OUT508
--- 
JOINT: 509
NAME: J509
NODE: 510
X: -0.299965
Y: -2.308747
Z: 0.550028
INLET NAME: IN509
OUTLET NAME: OUT509
--- 
JOINT: 510
NAME: J510
NODE: 511
X: -0.300001
Y: -2.318882
Z: 0.549987
INLET NAME: IN510
OUTLET NAME: OUT510
--- 
JOINT: 511
NAME: J511
NODE: 512
X: -0.300031
Y: -2.329017
Z: 0.550004
INLET NAME: IN511
OUTLET NAME: OUT511
--- 
JOINT: 512
NAME: J512
NODE: 513
X: -0.300023
Y: -2.339152
Z: 0.549990
INLET NAME: IN512
OUTLET NAME: OUT512
--- 
JOINT: 513
NAME: J513
NODE: 514
X: -0.300023
Y: -2.349287
Z: 0.549992
INLET NAME: IN513
OUTLET NAME: OUT513
--- 
JOINT: 514
NAME: J514
NODE: 515
X: -0.300055
Y: -2.359423
Z: 0.549982
INLET NAME: IN514
OUTLET NAME: OUT514
--- 
JOINT: 515
NAME: J515
NODE: 516
X: -0.300075
Y: -2.369557
Z: 0.549926
INLET NAME: IN515
OUTLET NAME: OUT515
--- 
JOINT: 516
NAME: J516
NODE: 517
X: -0.300108
Y: -2.379693
Z: 0.549895
INLET NAME: IN516
OUTLET NAME: OUT516
--- 
JOINT: 517
NAME: J517
NODE: 518
X: -0.300063
Y: -2.389828
Z: 0.549945
INLET NAME: IN517
OUTLET NAME: OUT517
--- 
JOINT: 518
NAME: J518
NODE: 519
X: -0.300017
Y: -2.399963
Z: 0.549939
INLET NAME: IN518
OUTLET NAME: OUT518
--- 
JOINT: 519
NAME: J519
NODE: 520
X: -0.299979
Y: -2.410098
Z: 0.549932
INLET NAME: IN519
OUTLET NAME: OUT519
--- 
JOINT: 520
NAME: J520
NODE: 521
X: -0.299978
Y: -2.420233
Z: 0.549932
INLET NAME: IN520
OUTLET NAME: OUT520
--- 
JOINT: 521
NAME: J521
NODE: 522
X: -0.299929
Y: -2.430368
Z: 0.549959
INLET NAME: IN521
OUTLET NAME: OUT521
--- 
JOINT: 522
NAME: J522
NODE: 523
X: -0.300007
Y: -2.440503
Z: 0.549998
INLET NAME: IN522
OUTLET NAME: OUT522
--- 
JOINT: 523
NAME: J523
NODE: 524
X: -0.300054
Y: -2.450638
Z: 0.550028
INLET NAME: IN523
OUTLET NAME: OUT523
--- 
JOINT: 524
NAME: J524
NODE: 525
X: -0.300051
Y: -2.460773
Z: 0.550032
INLET NAME: IN524
OUTLET NAME: OUT524
--- 
JOINT: 525
NAME: J525
NODE: 526
X: -0.300036
Y: -2.470908
Z: 0.549990
INLET NAME: IN525
OUTLET NAME: OUT525
--- 
JOINT: 526
NAME: J526
NODE: 527
X: -0.300005
Y: -2.481043
Z: 0.549961
INLET NAME: IN526
OUTLET NAME: OUT526
--- 
JOINT: 527
NAME: J527
NODE: 528
X: -0.299978
Y: -2.491178
Z: 0.549928
INLET NAME: IN527
OUTLET NAME: OUT527
--- 
JOINT: 528
NAME: J528
NODE: 529
X: -0.300000
Y: -2.501313
Z: 0.549936
INLET NAME: IN528
OUTLET NAME: OUT528
--- 
JOINT: 529
NAME: J529
NODE: 530
X: -0.300074
Y: -2.511448
Z: 0.549907
INLET NAME: IN529
OUTLET NAME: OUT529
--- 
JOINT: 530
NAME: J530
NODE: 531
X: -0.300068
Y: -2.521583
Z: 0.550013
INLET NAME: IN530
OUTLET NAME: OUT530
--- 
JOINT: 531
NAME: J531
NODE: 532
X: -0.300066
Y: -2.531718
Z: 0.550057
INLET NAME: IN531
OUTLET NAME: OUT531
--- 
JOINT: 532
NAME: J532
NODE: 533
X: -0.300084
Y: -2.541853
Z: 0.550069
INLET NAME: IN532
OUTLET NAME: OUT532
--- 
JOINT: 533
NAME: J533
NODE: 534
X: -0.300104
Y: -2.551988
Z: 0.550065
INLET NAME: IN533
OUTLET NAME: OUT533
--- 
JOINT: 534
NAME: J534
NODE: 535
X: -0.300089
Y: -2.562123
Z: 0.550057
INLET NAME: IN534
OUTLET NAME: OUT534
--- 
JOINT: 535
NAME: J535
NODE: 536
X: -0.300054
Y: -2.572258
Z: 0.550022
INLET NAME: IN535
OUTLET NAME: OUT535
--- 
JOINT: 536
NAME: J536
NODE: 537
X: -0.300056
Y: -2.582394
Z: 0.550027
INLET NAME: IN536
OUTLET NAME: OUT536
--- 
JOINT: 537
NAME: J537
NODE: 538
X: -0.300073
Y: -2.592529
Z: 0.550025
INLET NAME: IN537
OUTLET NAME: OUT537
--- 
JOINT: 538
NAME: J538
NODE: 539
X: -0.300089
Y: -2.602664
Z: 0.550053
INLET NAME: IN538
OUTLET NAME: OUT538
--- 
JOINT: 539
NAME: J539
NODE: 540
X: -0.300052
Y: -2.612799
Z: 0.550025
INLET NAME: IN539
OUTLET NAME: OUT539
--- 
JOINT: 540
NAME: J540
NODE: 541
X: -0.300013
Y: -2.622934
Z: 0.550004
INLET NAME: IN540
OUTLET NAME: OUT540
--- 
JOINT: 541
NAME: J541
NODE: 542
X: -0.299984
Y: -2.633069
Z: 0.549981
INLET NAME: IN541
OUTLET NAME: OUT541
--- 
JOINT: 542
NAME: J542
NODE: 543
X: -0.300008
Y: -2.643204
Z: 0.549940
INLET NAME: IN542
OUTLET NAME: OUT542
--- 
JOINT: 543
NAME: J543
NODE: 544
X: -0.300042
Y: -2.653339
Z: 0.549954
INLET NAME: IN543
OUTLET NAME: OUT543
--- 
JOINT: 544
NAME: J544
NODE: 545
X: -0.300057
Y: -2.663474
Z: 0.549967
INLET NAME: IN544
OUTLET NAME: OUT544
--- 
JOINT: 545
NAME: J545
NODE: 546
X: -0.300042
Y: -2.673609
Z: 0.549930
INLET NAME: IN545
OUTLET NAME: OUT545
--- 
JOINT: 546
NAME: J546
NODE: 547
X: -0.300044
Y: -2.683745
Z: 0.549942
INLET NAME: IN546
OUTLET NAME: OUT546
--- 
JOINT: 547
NAME: J547
NODE: 548
X: -0.300021
Y: -2.693880
Z: 0.549974
INLET NAME: IN547
OUTLET NAME: OUT547
--- 
JOINT: 548
NAME: J548
NODE: 549
X: -0.299951
Y: -2.704015
Z: 0.549960
INLET NAME: IN548
OUTLET NAME: OUT548
--- 
JOINT: 549
NAME: J549
NODE: 550
X: -0.299964
Y: -2.714149
Z: 0.550019
INLET NAME: IN549
OUTLET NAME: OUT549
--- 
JOINT: 550
NAME: J550
NODE: 551
X: -0.300101
Y: -2.724281
Z: 0.550191
INLET NAME: IN550
OUTLET NAME: OUT550
--- 
JOINT: 551
NAME: J551
NODE: 552
X: -0.300177
Y: -2.734415
Z: 0.550290
INLET NAME: IN551
OUTLET NAME: OUT551
--- 
JOINT: 552
NAME: J552
NODE: 553
X: -0.300272
Y: -2.744550
Z: 0.550228
INLET NAME: IN552
OUTLET NAME: OUT552
--- 
JOINT: 553
NAME: J553
NODE: 554
X: -0.300224
Y: -2.754683
Z: 0.550035
INLET NAME: IN553
OUTLET NAME: OUT553
--- 
JOINT: 554
NAME: J554
NODE: 555
X: -0.300140
Y: -2.764814
Z: 0.549785
INLET NAME: IN554
OUTLET NAME: OUT554
--- 
JOINT: 555
NAME: J555
NODE: 556
X: -0.299988
Y: -2.774942
Z: 0.549421
INLET NAME: IN555
OUTLET NAME: OUT555
--- 
JOINT: 556
NAME: J556
NODE: 557
X: -0.299828
Y: -2.785071
Z: 0.549105
INLET NAME: IN556
OUTLET NAME: OUT556
--- 
JOINT: 557
NAME: J557
NODE: 558
X: -0.299684
Y: -2.795202
Z: 0.548868
INLET NAME: IN557
OUTLET NAME: OUT557
--- 
JOINT: 558
NAME: J558
NODE: 559
X: -0.299556
Y: -2.805335
Z: 0.548660
INLET NAME: IN558
OUTLET NAME: OUT558
--- 
JOINT: 559
NAME: J559
NODE: 560
X: -0.299429
Y: -2.815467
Z: 0.548457
INLET NAME: IN559
OUTLET NAME: OUT559
--- 
JOINT: 560
NAME: J560
NODE: 561
X: -0.299333
Y: -2.825600
Z: 0.548265
INLET NAME: IN560
OUTLET NAME: OUT560
--- 
JOINT: 561
NAME: J561
NODE: 562
X: -0.299238
Y: -2.835733
Z: 0.548075
INLET NAME: IN561
OUTLET NAME: OUT561
--- 
JOINT: 562
NAME: J562
NODE: 563
X: -0.299184
Y: -2.845866
Z: 0.547894
INLET NAME: IN562
OUTLET NAME: OUT562
--- 
JOINT: 563
NAME: J563
NODE: 564
X: -0.299150
Y: -2.856000
Z: 0.547719
INLET NAME: IN563
OUTLET NAME: OUT563
--- 
JOINT: 564
NAME: J564
NODE: 565
X: -0.299151
Y: -2.866134
Z: 0.547609
INLET NAME: IN564
OUTLET NAME: OUT564
--- 
JOINT: 565
NAME: J565
NODE: 566
X: -0.299215
Y: -2.876269
Z: 0.547620
INLET NAME: IN565
OUTLET NAME: OUT565
--- 
JOINT: 566
NAME: J566
NODE: 567
X: -0.299399
Y: -2.886396
Z: 0.547946
INLET NAME: IN566
OUTLET NAME: OUT566
--- 
JOINT: 567
NAME: J567
NODE: 568
X: -0.299845
Y: -2.896468
Z: 0.548970
INLET NAME: IN567
OUTLET NAME: OUT567
--- 
JOINT: 568
NAME: J568
NODE: 569
X: -0.300030
Y: -2.906578
Z: 0.549553
INLET NAME: IN568
OUTLET NAME: OUT568
--- 
JOINT: 569
NAME: J569
NODE: 570
X: -0.300071
Y: -2.916713
Z: 0.549554
INLET NAME: IN569
OUTLET NAME: OUT569
--- 
JOINT: 570
NAME: J570
NODE: 571
X: -0.300112
Y: -2.926848
Z: 0.549551
INLET NAME: IN570
OUTLET NAME: OUT570
--- 
JOINT: 571
NAME: J571
NODE: 572
X: -0.300099
Y: -2.936983
Z: 0.549543
INLET NAME: IN571
OUTLET NAME: OUT571
--- 
JOINT: 572
NAME: J572
NODE: 573
X: -0.300076
Y: -2.947119
Z: 0.549536
INLET NAME: IN572
OUTLET NAME: OUT572
--- 
JOINT: 573
NAME: J573
NODE: 574
X: -0.300034
Y: -2.957254
Z: 0.549541
INLET NAME: IN573
OUTLET NAME: OUT573
--- 
JOINT: 574
NAME: J574
NODE: 575
X: -0.300022
Y: -2.967389
Z: 0.549509
INLET NAME: IN574
OUTLET NAME: OUT574
--- 
JOINT: 575
NAME: J575
NODE: 576
X: -0.300026
Y: -2.977524
Z: 0.549513
INLET NAME: IN575
OUTLET NAME: OUT575
--- 
JOINT: 576
NAME: J576
NODE: 577
X: -0.300001
Y: -2.987659
Z: 0.549541
INLET NAME: IN576
OUTLET NAME: OUT576
--- 
JOINT: 577
NAME: J577
NODE: 578
X: -0.299994
Y: -2.997794
Z: 0.549570
INLET NAME: IN577
OUTLET NAME: OUT577
--- 
JOINT: 578
NAME: J578
NODE: 579
X: -0.299994
Y: -3.007930
Z: 0.549586
INLET NAME: IN578
OUTLET NAME: OUT578
--- 
JOINT: 579
NAME: J579
NODE: 580
X: -0.299998
Y: -3.018065
Z: 0.549572
INLET NAME: IN579
OUTLET NAME: OUT579
--- 
JOINT: 580
NAME: J580
NODE: 581
X: -0.300012
Y: -3.028200
Z: 0.549559
INLET NAME: IN580
OUTLET NAME: OUT580
--- 
JOINT: 581
NAME: J581
NODE: 582
X: -0.300058
Y: -3.038335
Z: 0.549568
INLET NAME: IN581
OUTLET NAME: OUT581
--- 
JOINT: 582
NAME: J582
NODE: 583
X: -0.300081
Y: -3.048470
Z: 0.549577
INLET NAME: IN582
OUTLET NAME: OUT582
--- 
JOINT: 583
NAME: J583
NODE: 584
X: -0.300073
Y: -3.058605
Z: 0.549556
INLET NAME: IN583
OUTLET NAME: OUT583
--- 
JOINT: 584
NAME: J584
NODE: 585
X: -0.300046
Y: -3.068741
Z: 0.549541
INLET NAME: IN584
OUTLET NAME: OUT584
--- 
JOINT: 585
NAME: J585
NODE: 586
X: -0.300033
Y: -3.078876
Z: 0.549554
INLET NAME: IN585
OUTLET NAME: OUT585
--- 
JOINT: 586
NAME: J586
NODE: 587
X: -0.300029
Y: -3.089011
Z: 0.549550
INLET NAME: IN586
OUTLET NAME: OUT586
--- 
JOINT: 587
NAME: J587
NODE: 588
X: -0.300021
Y: -3.099146
Z: 0.549542
INLET NAME: IN587
OUTLET NAME: OUT587
--- 
JOINT: 588
NAME: J588
NODE: 589
X: -0.300042
Y: -3.109281
Z: 0.549543
INLET NAME: IN588
OUTLET NAME: OUT588
--- 
JOINT: 589
NAME: J589
NODE: 590
X: -0.300038
Y: -3.119416
Z: 0.549546
INLET NAME: IN589
OUTLET NAME: OUT589
--- 
JOINT: 590
NAME: J590
NODE: 591
X: -0.300057
Y: -3.129551
Z: 0.549500
INLET NAME: IN590
OUTLET NAME: OUT590
--- 
JOINT: 591
NAME: J591
NODE: 592
X: -0.300036
Y: -3.139687
Z: 0.549527
INLET NAME: IN591
OUTLET NAME: OUT591
--- 
JOINT: 592
NAME: J592
NODE: 593
X: -0.300028
Y: -3.149822
Z: 0.549543
INLET NAME: IN592
OUTLET NAME: OUT592
--- 
JOINT: 593
NAME: J593
NODE: 594
X: -0.300049
Y: -3.159957
Z: 0.549532
INLET NAME: IN593
OUTLET NAME: OUT593
--- 
JOINT: 594
NAME: J594
NODE: 595
X: -0.300042
Y: -3.170092
Z: 0.549564
INLET NAME: IN594
OUTLET NAME: OUT594
--- 
JOINT: 595
NAME: J595
NODE: 596
X: -0.300035
Y: -3.180227
Z: 0.549564
INLET NAME: IN595
OUTLET NAME: OUT595
--- 
JOINT: 596
NAME: J596
NODE: 597
X: -0.300057
Y: -3.190363
Z: 0.549567
INLET NAME: IN596
OUTLET NAME: OUT596
--- 
JOINT: 597
NAME: J597
NODE: 598
X: -0.300073
Y: -3.200498
Z: 0.549565
INLET NAME: IN597
OUTLET NAME: OUT597
--- 
JOINT: 598
NAME: J598
NODE: 599
X: -0.300074
Y: -3.210633
Z: 0.549561
INLET NAME: IN598
OUTLET NAME: OUT598
--- 
JOINT: 599
NAME: J599
NODE: 600
X: -0.300078
Y: -3.220768
Z: 0.549587
INLET NAME: IN599
OUTLET NAME: OUT599
--- 
JOINT: 600
NAME: J600
NODE: 601
X: -0.300085
Y: -3.230903
Z: 0.549568
INLET NAME: IN600
OUTLET NAME: OUT600
--- 
JOINT: 601
NAME: J601
NODE: 602
X: -0.300098
Y: -3.241039
Z: 0.549565
INLET NAME: IN601
OUTLET NAME: OUT601
--- 
JOINT: 602
NAME: J602
NODE: 603
X: -0.300149
Y: -3.251174
Z: 0.549549
INLET NAME: IN602
OUTLET NAME: OUT602
--- 
JOINT: 603
NAME: J603
NODE: 604
X: -0.300197
Y: -3.261309
Z: 0.549544
INLET NAME: IN603
OUTLET NAME: OUT603
--- 
JOINT: 604
NAME: J604
NODE: 605
X: -0.300231
Y: -3.271444
Z: 0.549509
INLET NAME: IN604
OUTLET NAME: OUT604
--- 
JOINT: 605
NAME: J605
NODE: 606
X: -0.300190
Y: -3.281579
Z: 0.549450
INLET NAME: IN605
OUTLET NAME: OUT605
--- 
JOINT: 606
NAME: J606
NODE: 607
X: -0.300116
Y: -3.291713
Z: 0.549391
INLET NAME: IN606
OUTLET NAME: OUT606
--- 
JOINT: 607
NAME: J607
NODE: 608
X: -0.299921
Y: -3.301847
Z: 0.549387
INLET NAME: IN607
OUTLET NAME: OUT607
--- 
JOINT: 608
NAME: J608
NODE: 609
X: -0.299556
Y: -3.311974
Z: 0.549517
INLET NAME: IN608
OUTLET NAME: OUT608
--- 
JOINT: 609
NAME: J609
NODE: 610
X: -0.298906
Y: -3.322088
Z: 0.549511
INLET NAME: IN609
OUTLET NAME: OUT609
--- 
JOINT: 610
NAME: J610
NODE: 611
X: -0.297980
Y: -3.332181
Z: 0.549484
INLET NAME: IN610
OUTLET NAME: OUT610
--- 
JOINT: 611
NAME: J611
NODE: 612
X: -0.296791
Y: -3.342245
Z: 0.549478
INLET NAME: IN611
OUTLET NAME: OUT611
--- 
JOINT: 612
NAME: J612
NODE: 613
X: -0.295316
Y: -3.352272
Z: 0.549508
INLET NAME: IN612
OUTLET NAME: OUT612
--- 
JOINT: 613
NAME: J613
NODE: 614
X: -0.293567
Y: -3.362255
Z: 0.549529
INLET NAME: IN613
OUTLET NAME: OUT613
--- 
JOINT: 614
NAME: J614
NODE: 615
X: -0.291475
Y: -3.372171
Z: 0.549537
INLET NAME: IN614
OUTLET NAME: OUT614
--- 
JOINT: 615
NAME: J615
NODE: 616
X: -0.289122
Y: -3.382029
Z: 0.549550
INLET NAME: IN615
OUTLET NAME: OUT615
--- 
JOINT: 616
NAME: J616
NODE: 617
X: -0.286431
Y: -3.391800
Z: 0.549602
INLET NAME: IN616
OUTLET NAME: OUT616
--- 
JOINT: 617
NAME: J617
NODE: 618
X: -0.283428
Y: -3.401479
Z: 0.549564
INLET NAME: IN617
OUTLET NAME: OUT617
--- 
JOINT: 618
NAME: J618
NODE: 619
X: -0.280118
Y: -3.411058
Z: 0.549552
INLET NAME: IN618
OUTLET NAME: OUT618
--- 
JOINT: 619
NAME: J619
NODE: 620
X: -0.276486
Y: -3.420519
Z: 0.549518
INLET NAME: IN619
OUTLET NAME: OUT619
--- 
JOINT: 620
NAME: J620
NODE: 621
X: -0.272543
Y: -3.429856
Z: 0.549482
INLET NAME: IN620
OUTLET NAME: OUT620
--- 
JOINT: 621
NAME: J621
NODE: 622
X: -0.268279
Y: -3.439050
Z: 0.549464
INLET NAME: IN621
OUTLET NAME: OUT621
--- 
JOINT: 622
NAME: J622
NODE: 623
X: -0.263796
Y: -3.448140
Z: 0.549473
INLET NAME: IN622
OUTLET NAME: OUT622
--- 
JOINT: 623
NAME: J623
NODE: 624
X: -0.259070
Y: -3.457105
Z: 0.549494
INLET NAME: IN623
OUTLET NAME: OUT623
--- 
JOINT: 624
NAME: J624
NODE: 625
X: -0.254053
Y: -3.465910
Z: 0.549549
INLET NAME: IN624
OUTLET NAME: OUT624
--- 
JOINT: 625
NAME: J625
NODE: 626
X: -0.248798
Y: -3.474577
Z: 0.549545
INLET NAME: IN625
OUTLET NAME: OUT625
--- 
JOINT: 626
NAME: J626
NODE: 627
X: -0.243190
Y: -3.483016
Z: 0.549568
INLET NAME: IN626
OUTLET NAME: OUT626
--- 
JOINT: 627
NAME: J627
NODE: 628
X: -0.237291
Y: -3.491258
Z: 0.549563
INLET NAME: IN627
OUTLET NAME: OUT627
--- 
JOINT: 628
NAME: J628
NODE: 629
X: -0.231190
Y: -3.499350
Z: 0.549566
INLET NAME: IN628
OUTLET NAME: OUT628
--- 
JOINT: 629
NAME: J629
NODE: 630
X: -0.224845
Y: -3.507254
Z: 0.549604
INLET NAME: IN629
OUTLET NAME: OUT629
--- 
JOINT: 630
NAME: J630
NODE: 631
X: -0.218286
Y: -3.514980
Z: 0.549641
INLET NAME: IN630
OUTLET NAME: OUT630
--- 
JOINT: 631
NAME: J631
NODE: 632
X: -0.211493
Y: -3.522501
Z: 0.549635
INLET NAME: IN631
OUTLET NAME: OUT631
--- 
JOINT: 632
NAME: J632
NODE: 633
X: -0.204468
Y: -3.529805
Z: 0.549685
INLET NAME: IN632
OUTLET NAME: OUT632
--- 
JOINT: 633
NAME: J633
NODE: 634
X: -0.197179
Y: -3.536847
Z: 0.549699
INLET NAME: IN633
OUTLET NAME: OUT633
--- 
JOINT: 634
NAME: J634
NODE: 635
X: -0.189626
Y: -3.543603
Z: 0.549720
INLET NAME: IN634
OUTLET NAME: OUT634
--- 
JOINT: 635
NAME: J635
NODE: 636
X: -0.181891
Y: -3.550152
Z: 0.549773
INLET NAME: IN635
OUTLET NAME: OUT635
--- 
JOINT: 636
NAME: J636
NODE: 637
X: -0.174020
Y: -3.556536
Z: 0.549756
INLET NAME: IN636
OUTLET NAME: OUT636
--- 
JOINT: 637
NAME: J637
NODE: 638
X: -0.165888
Y: -3.562585
Z: 0.549729
INLET NAME: IN637
OUTLET NAME: OUT637
--- 
JOINT: 638
NAME: J638
NODE: 639
X: -0.157608
Y: -3.568428
Z: 0.549720
INLET NAME: IN638
OUTLET NAME: OUT638
--- 
JOINT: 639
NAME: J639
NODE: 640
X: -0.149155
Y: -3.574020
Z: 0.549694
INLET NAME: IN639
OUTLET NAME: OUT639
--- 
JOINT: 640
NAME: J640
NODE: 641
X: -0.140477
Y: -3.579255
Z: 0.549697
INLET NAME: IN640
OUTLET NAME: OUT640
--- 
JOINT: 641
NAME: J641
NODE: 642
X: -0.131677
Y: -3.584281
Z: 0.549653
INLET NAME: IN641
OUTLET NAME: OUT641
--- 
JOINT: 642
NAME: J642
NODE: 643
X: -0.122748
Y: -3.589075
Z: 0.549572
INLET NAME: IN642
OUTLET NAME: OUT642
--- 
JOINT: 643
NAME: J643
NODE: 644
X: -0.113647
Y: -3.593535
Z: 0.549550
INLET NAME: IN643
OUTLET NAME: OUT643
--- 
JOINT: 644
NAME: J644
NODE: 645
X: -0.104437
Y: -3.597764
Z: 0.549555
INLET NAME: IN644
OUTLET NAME: OUT644
--- 
JOINT: 645
NAME: J645
NODE: 646
X: -0.095088
Y: -3.601675
Z: 0.549587
INLET NAME: IN645
OUTLET NAME: OUT645
--- 
JOINT: 646
NAME: J646
NODE: 647
X: -0.085588
Y: -3.605205
Z: 0.549635
INLET NAME: IN646
OUTLET NAME: OUT646
--- 
JOINT: 647
NAME: J647
NODE: 648
X: -0.075996
Y: -3.608476
Z: 0.549720
INLET NAME: IN647
OUTLET NAME: OUT647
--- 
JOINT: 648
NAME: J648
NODE: 649
X: -0.066314
Y: -3.611473
Z: 0.549771
INLET NAME: IN648
OUTLET NAME: OUT648
--- 
JOINT: 649
NAME: J649
NODE: 650
X: -0.056547
Y: -3.614176
Z: 0.549800
INLET NAME: IN649
OUTLET NAME: OUT649
--- 
JOINT: 650
NAME: J650
NODE: 651
X: -0.046708
Y: -3.616606
Z: 0.549786
INLET NAME: IN650
OUTLET NAME: OUT650
--- 
JOINT: 651
NAME: J651
NODE: 652
X: -0.036800
Y: -3.618740
Z: 0.549783
INLET NAME: IN651
OUTLET NAME: OUT651
--- 
JOINT: 652
NAME: J652
NODE: 653
X: -0.026825
Y: -3.620530
Z: 0.549788
INLET NAME: IN652
OUTLET NAME: OUT652
--- 
JOINT: 653
NAME: J653
NODE: 654
X: -0.016793
Y: -3.621971
Z: 0.549765
INLET NAME: IN653
OUTLET NAME: OUT653
--- 
JOINT: 654
NAME: J654
NODE: 655
X: -0.006722
Y: -3.623108
Z: 0.549753
INLET NAME: IN654
OUTLET NAME: OUT654
--- 
JOINT: 655
NAME: J655
NODE: 656
X: 0.003374
Y: -3.623987
Z: 0.549758
INLET NAME: IN655
OUTLET NAME: OUT655
--- 
JOINT: 656
NAME: J656
NODE: 657
X: 0.013499
Y: -3.624440
Z: 0.549795
INLET NAME: IN656
OUTLET NAME: OUT656
--- 
JOINT: 657
NAME: J657
NODE: 658
X: 0.023632
Y: -3.624639
Z: 0.549809
INLET NAME: IN657
OUTLET NAME: OUT657
--- 
JOINT: 658
NAME: J658
NODE: 659
X: 0.033765
Y: -3.624496
Z: 0.549817
INLET NAME: IN658
OUTLET NAME: OUT658
--- 
JOINT: 659
NAME: J659
NODE: 660
X: 0.043890
Y: -3.624034
Z: 0.549843
INLET NAME: IN659
OUTLET NAME: OUT659
--- 
JOINT: 660
NAME: J660
NODE: 661
X: 0.053999
Y: -3.623318
Z: 0.549910
INLET NAME: IN660
OUTLET NAME: OUT660
--- 
JOINT: 661
NAME: J661
NODE: 662
X: 0.064082
Y: -3.622306
Z: 0.549921
INLET NAME: IN661
OUTLET NAME: OUT661
--- 
JOINT: 662
NAME: J662
NODE: 663
X: 0.074125
Y: -3.620942
Z: 0.549916
INLET NAME: IN662
OUTLET NAME: OUT662
--- 
JOINT: 663
NAME: J663
NODE: 664
X: 0.084117
Y: -3.619247
Z: 0.549898
INLET NAME: IN663
OUTLET NAME: OUT663
--- 
JOINT: 664
NAME: J664
NODE: 665
X: 0.094046
Y: -3.617216
Z: 0.549885
INLET NAME: IN664
OUTLET NAME: OUT664
--- 
JOINT: 665
NAME: J665
NODE: 666
X: 0.103914
Y: -3.614907
Z: 0.549910
INLET NAME: IN665
OUTLET NAME: OUT665
--- 
JOINT: 666
NAME: J666
NODE: 667
X: 0.113712
Y: -3.612317
Z: 0.549874
INLET NAME: IN666
OUTLET NAME: OUT666
--- 
JOINT: 667
NAME: J667
NODE: 668
X: 0.123385
Y: -3.609293
Z: 0.549883
INLET NAME: IN667
OUTLET NAME: OUT667
--- 
JOINT: 668
NAME: J668
NODE: 669
X: 0.132988
Y: -3.606052
Z: 0.549879
INLET NAME: IN668
OUTLET NAME: OUT668
--- 
JOINT: 669
NAME: J669
NODE: 670
X: 0.142498
Y: -3.602550
Z: 0.549872
INLET NAME: IN669
OUTLET NAME: OUT669
--- 
JOINT: 670
NAME: J670
NODE: 671
X: 0.151891
Y: -3.598743
Z: 0.549886
INLET NAME: IN670
OUTLET NAME: OUT670
--- 
JOINT: 671
NAME: J671
NODE: 672
X: 0.161165
Y: -3.594658
Z: 0.549951
INLET NAME: IN671
OUTLET NAME: OUT671
--- 
JOINT: 672
NAME: J672
NODE: 673
X: 0.170307
Y: -3.590283
Z: 0.549966
INLET NAME: IN672
OUTLET NAME: OUT672
--- 
JOINT: 673
NAME: J673
NODE: 674
X: 0.179303
Y: -3.585617
Z: 0.549933
INLET NAME: IN673
OUTLET NAME: OUT673
--- 
JOINT: 674
NAME: J674
NODE: 675
X: 0.188135
Y: -3.580644
Z: 0.549943
INLET NAME: IN674
OUTLET NAME: OUT674
--- 
JOINT: 675
NAME: J675
NODE: 676
X: 0.196833
Y: -3.575443
Z: 0.549975
INLET NAME: IN675
OUTLET NAME: OUT675
--- 
JOINT: 676
NAME: J676
NODE: 677
X: 0.205366
Y: -3.569975
Z: 0.550011
INLET NAME: IN676
OUTLET NAME: OUT676
--- 
JOINT: 677
NAME: J677
NODE: 678
X: 0.213733
Y: -3.564257
Z: 0.550012
INLET NAME: IN677
OUTLET NAME: OUT677
--- 
JOINT: 678
NAME: J678
NODE: 679
X: 0.221835
Y: -3.558168
Z: 0.550054
INLET NAME: IN678
OUTLET NAME: OUT678
--- 
JOINT: 679
NAME: J679
NODE: 680
X: 0.229808
Y: -3.551912
Z: 0.550081
INLET NAME: IN679
OUTLET NAME: OUT679
--- 
JOINT: 680
NAME: J680
NODE: 681
X: 0.237563
Y: -3.545386
Z: 0.550059
INLET NAME: IN680
OUTLET NAME: OUT680
--- 
JOINT: 681
NAME: J681
NODE: 682
X: 0.245137
Y: -3.538653
Z: 0.550002
INLET NAME: IN681
OUTLET NAME: OUT681
--- 
JOINT: 682
NAME: J682
NODE: 683
X: 0.252452
Y: -3.531639
Z: 0.549953
INLET NAME: IN682
OUTLET NAME: OUT682
--- 
JOINT: 683
NAME: J683
NODE: 684
X: 0.259544
Y: -3.524399
Z: 0.549959
INLET NAME: IN683
OUTLET NAME: OUT683
--- 
JOINT: 684
NAME: J684
NODE: 685
X: 0.266447
Y: -3.516978
Z: 0.549922
INLET NAME: IN684
OUTLET NAME: OUT684
--- 
JOINT: 685
NAME: J685
NODE: 686
X: 0.273118
Y: -3.509350
Z: 0.549926
INLET NAME: IN685
OUTLET NAME: OUT685
--- 
JOINT: 686
NAME: J686
NODE: 687
X: 0.279529
Y: -3.501500
Z: 0.549912
INLET NAME: IN686
OUTLET NAME: OUT686
--- 
JOINT: 687
NAME: J687
NODE: 688
X: 0.285684
Y: -3.493448
Z: 0.549887
INLET NAME: IN687
OUTLET NAME: OUT687
--- 
JOINT: 688
NAME: J688
NODE: 689
X: 0.291624
Y: -3.485237
Z: 0.549901
INLET NAME: IN688
OUTLET NAME: OUT688
--- 
JOINT: 689
NAME: J689
NODE: 690
X: 0.297252
Y: -3.476809
Z: 0.549977
INLET NAME: IN689
OUTLET NAME: OUT689
--- 
JOINT: 690
NAME: J690
NODE: 691
X: 0.302626
Y: -3.468216
Z: 0.550014
INLET NAME: IN690
OUTLET NAME: OUT690
--- 
JOINT: 691
NAME: J691
NODE: 692
X: 0.307743
Y: -3.459468
Z: 0.550037
INLET NAME: IN691
OUTLET NAME: OUT691
--- 
JOINT: 692
NAME: J692
NODE: 693
X: 0.312639
Y: -3.450594
Z: 0.550030
INLET NAME: IN692
OUTLET NAME: OUT692
--- 
JOINT: 693
NAME: J693
NODE: 694
X: 0.317251
Y: -3.441570
Z: 0.550001
INLET NAME: IN693
OUTLET NAME: OUT693
--- 
JOINT: 694
NAME: J694
NODE: 695
X: 0.321515
Y: -3.432376
Z: 0.549995
INLET NAME: IN694
OUTLET NAME: OUT694
--- 
JOINT: 695
NAME: J695
NODE: 696
X: 0.325494
Y: -3.423055
Z: 0.549990
INLET NAME: IN695
OUTLET NAME: OUT695
--- 
JOINT: 696
NAME: J696
NODE: 697
X: 0.329174
Y: -3.413612
Z: 0.550007
INLET NAME: IN696
OUTLET NAME: OUT696
--- 
JOINT: 697
NAME: J697
NODE: 698
X: 0.332614
Y: -3.404078
Z: 0.550009
INLET NAME: IN697
OUTLET NAME: OUT697
--- 
JOINT: 698
NAME: J698
NODE: 699
X: 0.335705
Y: -3.394428
Z: 0.550081
INLET NAME: IN698
OUTLET NAME: OUT698
--- 
JOINT: 699
NAME: J699
NODE: 700
X: 0.338397
Y: -3.384657
Z: 0.550120
INLET NAME: IN699
OUTLET NAME: OUT699
--- 
JOINT: 700
NAME: J700
NODE: 701
X: 0.340795
Y: -3.374810
Z: 0.550091
INLET NAME: IN700
OUTLET NAME: OUT700
--- 
JOINT: 701
NAME: J701
NODE: 702
X: 0.342898
Y: -3.364896
Z: 0.550070
INLET NAME: IN701
OUTLET NAME: OUT701
--- 
JOINT: 702
NAME: J702
NODE: 703
X: 0.344797
Y: -3.354940
Z: 0.550016
INLET NAME: IN702
OUTLET NAME: OUT702
--- 
JOINT: 703
NAME: J703
NODE: 704
X: 0.346347
Y: -3.344925
Z: 0.550019
INLET NAME: IN703
OUTLET NAME: OUT703
--- 
JOINT: 704
NAME: J704
NODE: 705
X: 0.347607
Y: -3.334869
Z: 0.550049
INLET NAME: IN704
OUTLET NAME: OUT704
--- 
JOINT: 705
NAME: J705
NODE: 706
X: 0.348501
Y: -3.324774
Z: 0.549982
INLET NAME: IN705
OUTLET NAME: OUT705
--- 
JOINT: 706
NAME: J706
NODE: 707
X: 0.349201
Y: -3.314663
Z: 0.549934
INLET NAME: IN706
OUTLET NAME: OUT706
--- 
JOINT: 707
NAME: J707
NODE: 708
X: 0.349617
Y: -3.304537
Z: 0.549890
INLET NAME: IN707
OUTLET NAME: OUT707
--- 
JOINT: 708
NAME: J708
NODE: 709
X: 0.349832
Y: -3.294404
Z: 0.549913
INLET NAME: IN708
OUTLET NAME: OUT708
--- 
JOINT: 709
NAME: J709
NODE: 710
X: 0.349912
Y: -3.284270
Z: 0.549964
INLET NAME: IN709
OUTLET NAME: OUT709
--- 
JOINT: 710
NAME: J710
NODE: 711
X: 0.349860
Y: -3.274135
Z: 0.549949
INLET NAME: IN710
OUTLET NAME: OUT710
--- 
JOINT: 711
NAME: J711
NODE: 712
X: 0.349813
Y: -3.264000
Z: 0.549925
INLET NAME: IN711
OUTLET NAME: OUT711
--- 
JOINT: 712
NAME: J712
NODE: 713
X: 0.349735
Y: -3.253865
Z: 0.549888
INLET NAME: IN712
OUTLET NAME: OUT712
--- 
JOINT: 713
NAME: J713
NODE: 714
X: 0.349628
Y: -3.243730
Z: 0.549867
INLET NAME: IN713
OUTLET NAME: OUT713
--- 
JOINT: 714
NAME: J714
NODE: 715
X: 0.349479
Y: -3.233596
Z: 0.549905
INLET NAME: IN714
OUTLET NAME: OUT714
--- 
JOINT: 715
NAME: J715
NODE: 716
X: 0.349404
Y: -3.223461
Z: 0.549906
INLET NAME: IN715
OUTLET NAME: OUT715
--- 
JOINT: 716
NAME: J716
NODE: 717
X: 0.349350
Y: -3.213326
Z: 0.549902
INLET NAME: IN716
OUTLET NAME: OUT716
--- 
JOINT: 717
NAME: J717
NODE: 718
X: 0.349268
Y: -3.203191
Z: 0.549914
INLET NAME: IN717
OUTLET NAME: OUT717
--- 
JOINT: 718
NAME: J718
NODE: 719
X: 0.349172
Y: -3.193057
Z: 0.549894
INLET NAME: IN718
OUTLET NAME: OUT718
--- 
JOINT: 719
NAME: J719
NODE: 720
X: 0.349087
Y: -3.182922
Z: 0.549852
INLET NAME: IN719
OUTLET NAME: OUT719
--- 
JOINT: 720
NAME: J720
NODE: 721
X: 0.349024
Y: -3.172787
Z: 0.549786
INLET NAME: IN720
OUTLET NAME: OUT720
--- 
JOINT: 721
NAME: J721
NODE: 722
X: 0.348974
Y: -3.162652
Z: 0.549754
INLET NAME: IN721
OUTLET NAME: OUT721
--- 
JOINT: 722
NAME: J722
NODE: 723
X: 0.348926
Y: -3.152517
Z: 0.549742
INLET NAME: IN722
OUTLET NAME: OUT722
--- 
JOINT: 723
NAME: J723
NODE: 724
X: 0.348861
Y: -3.142382
Z: 0.549743
INLET NAME: IN723
OUTLET NAME: OUT723
--- 
JOINT: 724
NAME: J724
NODE: 725
X: 0.348778
Y: -3.132247
Z: 0.549724
INLET NAME: IN724
OUTLET NAME: OUT724
--- 
JOINT: 725
NAME: J725
NODE: 726
X: 0.348687
Y: -3.122112
Z: 0.549690
INLET NAME: IN725
OUTLET NAME: OUT725
--- 
JOINT: 726
NAME: J726
NODE: 727
X: 0.348634
Y: -3.111977
Z: 0.549650
INLET NAME: IN726
OUTLET NAME: OUT726
--- 
JOINT: 727
NAME: J727
NODE: 728
X: 0.348584
Y: -3.101842
Z: 0.549629
INLET NAME: IN727
OUTLET NAME: OUT727
--- 
JOINT: 728
NAME: J728
NODE: 729
X: 0.348531
Y: -3.091708
Z: 0.549559
INLET NAME: IN728
OUTLET NAME: OUT728
--- 
JOINT: 729
NAME: J729
NODE: 730
X: 0.348477
Y: -3.081572
Z: 0.549554
INLET NAME: IN729
OUTLET NAME: OUT729
--- 
JOINT: 730
NAME: J730
NODE: 731
X: 0.348396
Y: -3.071438
Z: 0.549576
INLET NAME: IN730
OUTLET NAME: OUT730
--- 
JOINT: 731
NAME: J731
NODE: 732
X: 0.348353
Y: -3.061303
Z: 0.549582
INLET NAME: IN731
OUTLET NAME: OUT731
--- 
JOINT: 732
NAME: J732
NODE: 733
X: 0.348232
Y: -3.051168
Z: 0.549580
INLET NAME: IN732
OUTLET NAME: OUT732
--- 
JOINT: 733
NAME: J733
NODE: 734
X: 0.348131
Y: -3.041033
Z: 0.549540
INLET NAME: IN733
OUTLET NAME: OUT733
--- 
JOINT: 734
NAME: J734
NODE: 735
X: 0.348047
Y: -3.030899
Z: 0.549539
INLET NAME: IN734
OUTLET NAME: OUT734
--- 
JOINT: 735
NAME: J735
NODE: 736
X: 0.347972
Y: -3.020764
Z: 0.549529
INLET NAME: IN735
OUTLET NAME: OUT735
--- 
JOINT: 736
NAME: J736
NODE: 737
X: 0.347878
Y: -3.010629
Z: 0.549518
INLET NAME: IN736
OUTLET NAME: OUT736
--- 
JOINT: 737
NAME: J737
NODE: 738
X: 0.347802
Y: -3.000494
Z: 0.549520
INLET NAME: IN737
OUTLET NAME: OUT737
--- 
JOINT: 738
NAME: J738
NODE: 739
X: 0.347776
Y: -2.990359
Z: 0.549439
INLET NAME: IN738
OUTLET NAME: OUT738
--- 
JOINT: 739
NAME: J739
NODE: 740
X: 0.347704
Y: -2.980224
Z: 0.549434
INLET NAME: IN739
OUTLET NAME: OUT739
--- 
JOINT: 740
NAME: J740
NODE: 741
X: 0.347618
Y: -2.970089
Z: 0.549442
INLET NAME: IN740
OUTLET NAME: OUT740
--- 
JOINT: 741
NAME: J741
NODE: 742
X: 0.347521
Y: -2.959955
Z: 0.549472
INLET NAME: IN741
OUTLET NAME: OUT741
--- 
JOINT: 742
NAME: J742
NODE: 743
X: 0.347450
Y: -2.949820
Z: 0.549493
INLET NAME: IN742
OUTLET NAME: OUT742
--- 
JOINT: 743
NAME: J743
NODE: 744
X: 0.347413
Y: -2.939685
Z: 0.549458
INLET NAME: IN743
OUTLET NAME: OUT743
--- 
JOINT: 744
NAME: J744
NODE: 745
X: 0.347358
Y: -2.929550
Z: 0.549429
INLET NAME: IN744
OUTLET NAME: OUT744
--- 
JOINT: 745
NAME: J745
NODE: 746
X: 0.347265
Y: -2.919415
Z: 0.549428
INLET NAME: IN745
OUTLET NAME: OUT745
--- 
JOINT: 746
NAME: J746
NODE: 747
X: 0.347177
Y: -2.909280
Z: 0.549402
INLET NAME: IN746
OUTLET NAME: OUT746
--- 
JOINT: 747
NAME: J747
NODE: 748
X: 0.347073
Y: -2.899146
Z: 0.549508
INLET NAME: IN747
OUTLET NAME: OUT747
--- 
JOINT: 748
NAME: J748
NODE: 749
X: 0.346906
Y: -2.889012
Z: 0.549496
INLET NAME: IN748
OUTLET NAME: OUT748
--- 
JOINT: 749
NAME: J749
NODE: 750
X: 0.346795
Y: -2.878878
Z: 0.549434
INLET NAME: IN749
OUTLET NAME: OUT749
--- 
JOINT: 750
NAME: J750
NODE: 751
X: 0.346763
Y: -2.868743
Z: 0.549370
INLET NAME: IN750
OUTLET NAME: OUT750
--- 
JOINT: 751
NAME: J751
NODE: 752
X: 0.346813
Y: -2.858608
Z: 0.549356
INLET NAME: IN751
OUTLET NAME: OUT751
--- 
JOINT: 752
NAME: J752
NODE: 753
X: 0.346925
Y: -2.848474
Z: 0.549387
INLET NAME: IN752
OUTLET NAME: OUT752
--- 
JOINT: 753
NAME: J753
NODE: 754
X: 0.347092
Y: -2.838340
Z: 0.549458
INLET NAME: IN753
OUTLET NAME: OUT753
--- 
JOINT: 754
NAME: J754
NODE: 755
X: 0.347315
Y: -2.828208
Z: 0.549582
INLET NAME: IN754
OUTLET NAME: OUT754
--- 
JOINT: 755
NAME: J755
NODE: 756
X: 0.347550
Y: -2.818077
Z: 0.549737
INLET NAME: IN755
OUTLET NAME: OUT755
--- 
JOINT: 756
NAME: J756
NODE: 757
X: 0.347774
Y: -2.807945
Z: 0.549859
INLET NAME: IN756
OUTLET NAME: OUT756
--- 
JOINT: 757
NAME: J757
NODE: 758
X: 0.348141
Y: -2.797817
Z: 0.549904
INLET NAME: IN757
OUTLET NAME: OUT757
--- 
JOINT: 758
NAME: J758
NODE: 759
X: 0.348916
Y: -2.787713
Z: 0.549816
INLET NAME: IN758
OUTLET NAME: OUT758
--- 
JOINT: 759
NAME: J759
NODE: 760
X: 0.349955
Y: -2.777636
Z: 0.549881
INLET NAME: IN759
OUTLET NAME: OUT759
--- 
JOINT: 760
NAME: J760
NODE: 761
X: 0.349990
Y: -2.767502
Z: 0.549930
INLET NAME: IN760
OUTLET NAME: OUT760
--- 
JOINT: 761
NAME: J761
NODE: 762
X: 0.349918
Y: -2.757367
Z: 0.549979
INLET NAME: IN761
OUTLET NAME: OUT761
--- 
JOINT: 762
NAME: J762
NODE: 763
X: 0.349919
Y: -2.747232
Z: 0.550024
INLET NAME: IN762
OUTLET NAME: OUT762
--- 
JOINT: 763
NAME: J763
NODE: 764
X: 0.349968
Y: -2.737097
Z: 0.550036
INLET NAME: IN763
OUTLET NAME: OUT763
--- 
JOINT: 764
NAME: J764
NODE: 765
X: 0.349991
Y: -2.726962
Z: 0.550001
INLET NAME: IN764
OUTLET NAME: OUT764
--- 
JOINT: 765
NAME: J765
NODE: 766
X: 0.350043
Y: -2.716827
Z: 0.549993
INLET NAME: IN765
OUTLET NAME: OUT765
--- 
JOINT: 766
NAME: J766
NODE: 767
X: 0.350062
Y: -2.706692
Z: 0.550005
INLET NAME: IN766
OUTLET NAME: OUT766
--- 
JOINT: 767
NAME: J767
NODE: 768
X: 0.350045
Y: -2.696557
Z: 0.550001
INLET NAME: IN767
OUTLET NAME: OUT767
--- 
JOINT: 768
NAME: J768
NODE: 769
X: 0.350021
Y: -2.686422
Z: 0.549990
INLET NAME: IN768
OUTLET NAME: OUT768
--- 
JOINT: 769
NAME: J769
NODE: 770
X: 0.350067
Y: -2.676287
Z: 0.549950
INLET NAME: IN769
OUTLET NAME: OUT769
--- 
JOINT: 770
NAME: J770
NODE: 771
X: 0.350073
Y: -2.666152
Z: 0.549940
INLET NAME: IN770
OUTLET NAME: OUT770
--- 
JOINT: 771
NAME: J771
NODE: 772
X: 0.350059
Y: -2.656016
Z: 0.549946
INLET NAME: IN771
OUTLET NAME: OUT771
--- 
JOINT: 772
NAME: J772
NODE: 773
X: 0.350028
Y: -2.645881
Z: 0.549964
INLET NAME: IN772
OUTLET NAME: OUT772
--- 
JOINT: 773
NAME: J773
NODE: 774
X: 0.350017
Y: -2.635746
Z: 0.549982
INLET NAME: IN773
OUTLET NAME: OUT773
--- 
JOINT: 774
NAME: J774
NODE: 775
X: 0.350009
Y: -2.625611
Z: 0.549998
INLET NAME: IN774
OUTLET NAME: OUT774
--- 
JOINT: 775
NAME: J775
NODE: 776
X: 0.349987
Y: -2.615476
Z: 0.549999
INLET NAME: IN775
OUTLET NAME: OUT775
--- 
JOINT: 776
NAME: J776
NODE: 777
X: 0.350006
Y: -2.605341
Z: 0.550004
INLET NAME: IN776
OUTLET NAME: OUT776
--- 
JOINT: 777
NAME: J777
NODE: 778
X: 0.350035
Y: -2.595205
Z: 0.549989
INLET NAME: IN777
OUTLET NAME: OUT777
--- 
JOINT: 778
NAME: J778
NODE: 779
X: 0.350025
Y: -2.585070
Z: 0.549973
INLET NAME: IN778
OUTLET NAME: OUT778
--- 
JOINT: 779
NAME: J779
NODE: 780
X: 0.349994
Y: -2.574935
Z: 0.549992
INLET NAME: IN779
OUTLET NAME: OUT779
--- 
JOINT: 780
NAME: J780
NODE: 781
X: 0.349975
Y: -2.564800
Z: 0.550004
INLET NAME: IN780
OUTLET NAME: OUT780
--- 
JOINT: 781
NAME: J781
NODE: 782
X: 0.349988
Y: -2.554665
Z: 0.550046
INLET NAME: IN781
OUTLET NAME: OUT781
--- 
JOINT: 782
NAME: J782
NODE: 783
X: 0.349989
Y: -2.544529
Z: 0.550039
INLET NAME: IN782
OUTLET NAME: OUT782
--- 
JOINT: 783
NAME: J783
NODE: 784
X: 0.349992
Y: -2.534394
Z: 0.550021
INLET NAME: IN783
OUTLET NAME: OUT783
--- 
JOINT: 784
NAME: J784
NODE: 785
X: 0.350024
Y: -2.524259
Z: 0.550018
INLET NAME: IN784
OUTLET NAME: OUT784
--- 
JOINT: 785
NAME: J785
NODE: 786
X: 0.350056
Y: -2.514124
Z: 0.550003
INLET NAME: IN785
OUTLET NAME: OUT785
--- 
JOINT: 786
NAME: J786
NODE: 787
X: 0.350012
Y: -2.503989
Z: 0.549981
INLET NAME: IN786
OUTLET NAME: OUT786
--- 
JOINT: 787
NAME: J787
NODE: 788
X: 0.349977
Y: -2.493854
Z: 0.549970
INLET NAME: IN787
OUTLET NAME: OUT787
--- 
JOINT: 788
NAME: J788
NODE: 789
X: 0.349974
Y: -2.483719
Z: 0.549981
INLET NAME: IN788
OUTLET NAME: OUT788
--- 
JOINT: 789
NAME: J789
NODE: 790
X: 0.349991
Y: -2.473583
Z: 0.550005
INLET NAME: IN789
OUTLET NAME: OUT789
--- 
JOINT: 790
NAME: J790
NODE: 791
X: 0.349964
Y: -2.463448
Z: 0.550026
INLET NAME: IN790
OUTLET NAME: OUT790
--- 
JOINT: 791
NAME: J791
NODE: 792
X: 0.349956
Y: -2.453313
Z: 0.549960
INLET NAME: IN791
OUTLET NAME: OUT791
--- 
JOINT: 792
NAME: J792
NODE: 793
X: 0.349974
Y: -2.443178
Z: 0.549960
INLET NAME: IN792
OUTLET NAME: OUT792
--- 
JOINT: 793
NAME: J793
NODE: 794
X: 0.350001
Y: -2.433043
Z: 0.549988
INLET NAME: IN793
OUTLET NAME: OUT793
--- 
JOINT: 794
NAME: J794
NODE: 795
X: 0.349929
Y: -2.422908
Z: 0.550012
INLET NAME: IN794
OUTLET NAME: OUT794
--- 
JOINT: 795
NAME: J795
NODE: 796
X: 0.349903
Y: -2.412773
Z: 0.550040
INLET NAME: IN795
OUTLET NAME: OUT795
--- 
JOINT: 796
NAME: J796
NODE: 797
X: 0.349928
Y: -2.402638
Z: 0.550033
INLET NAME: IN796
OUTLET NAME: OUT796
--- 
JOINT: 797
NAME: J797
NODE: 798
X: 0.349946
Y: -2.392503
Z: 0.550000
INLET NAME: IN797
OUTLET NAME: OUT797
--- 
JOINT: 798
NAME: J798
NODE: 799
X: 0.349943
Y: -2.382368
Z: 0.549992
INLET NAME: IN798
OUTLET NAME: OUT798
--- 
JOINT: 799
NAME: J799
NODE: 800
X: 0.349943
Y: -2.372232
Z: 0.550045
INLET NAME: IN799
OUTLET NAME: OUT799
--- 
JOINT: 800
NAME: J800
NODE: 801
X: 0.349960
Y: -2.362097
Z: 0.550095
INLET NAME: IN800
OUTLET NAME: OUT800
--- 
JOINT: 801
NAME: J801
NODE: 802
X: 0.349979
Y: -2.351962
Z: 0.550082
INLET NAME: IN801
OUTLET NAME: OUT801
--- 
JOINT: 802
NAME: J802
NODE: 803
X: 0.349976
Y: -2.341827
Z: 0.550067
INLET NAME: IN802
OUTLET NAME: OUT802
--- 
JOINT: 803
NAME: J803
NODE: 804
X: 0.349956
Y: -2.331692
Z: 0.550044
INLET NAME: IN803
OUTLET NAME: OUT803
--- 
JOINT: 804
NAME: J804
NODE: 805
X: 0.349956
Y: -2.321557
Z: 0.550034
INLET NAME: IN804
OUTLET NAME: OUT804
--- 
JOINT: 805
NAME: J805
NODE: 806
X: 0.349972
Y: -2.311421
Z: 0.550021
INLET NAME: IN805
OUTLET NAME: OUT805
--- 
JOINT: 806
NAME: J806
NODE: 807
X: 0.349997
Y: -2.301286
Z: 0.550041
INLET NAME: IN806
OUTLET NAME: OUT806
--- 
JOINT: 807
NAME: J807
NODE: 808
X: 0.350009
Y: -2.291151
Z: 0.550013
INLET NAME: IN807
OUTLET NAME: OUT807
--- 
JOINT: 808
NAME: J808
NODE: 809
X: 0.350000
Y: -2.281016
Z: 0.549992
INLET NAME: IN808
OUTLET NAME: OUT808
--- 
JOINT: 809
NAME: J809
NODE: 810
X: 0.349998
Y: -2.270881
Z: 0.550022
INLET NAME: IN809
OUTLET NAME: OUT809
--- 
JOINT: 810
NAME: J810
NODE: 811
X: 0.349976
Y: -2.260746
Z: 0.550012
INLET NAME: IN810
OUTLET NAME: OUT810
--- 
JOINT: 811
NAME: J811
NODE: 812
X: 0.349964
Y: -2.250610
Z: 0.549993
INLET NAME: IN811
OUTLET NAME: OUT811
--- 
JOINT: 812
NAME: J812
NODE: 813
X: 0.349958
Y: -2.240475
Z: 0.550004
INLET NAME: IN812
OUTLET NAME: OUT812
--- 
JOINT: 813
NAME: J813
NODE: 814
X: 0.350009
Y: -2.230340
Z: 0.550026
INLET NAME: IN813
OUTLET NAME: OUT813
--- 
JOINT: 814
NAME: J814
NODE: 815
X: 0.350068
Y: -2.220205
Z: 0.550028
INLET NAME: IN814
OUTLET NAME: OUT814
--- 
JOINT: 815
NAME: J815
NODE: 816
X: 0.350076
Y: -2.210070
Z: 0.550041
INLET NAME: IN815
OUTLET NAME: OUT815
--- 
JOINT: 816
NAME: J816
NODE: 817
X: 0.349995
Y: -2.199935
Z: 0.550011
INLET NAME: IN816
OUTLET NAME: OUT816
--- 
JOINT: 817
NAME: J817
NODE: 818
X: 0.349999
Y: -2.189800
Z: 0.549993
INLET NAME: IN817
OUTLET NAME: OUT817
--- 
JOINT: 818
NAME: J818
NODE: 819
X: 0.350006
Y: -2.179665
Z: 0.549997
INLET NAME: IN818
OUTLET NAME: OUT818
--- 
JOINT: 819
NAME: J819
NODE: 820
X: 0.350040
Y: -2.169530
Z: 0.550003
INLET NAME: IN819
OUTLET NAME: OUT819
--- 
JOINT: 820
NAME: J820
NODE: 821
X: 0.350002
Y: -2.159395
Z: 0.549986
INLET NAME: IN820
OUTLET NAME: OUT820
--- 
JOINT: 821
NAME: J821
NODE: 822
X: 0.350013
Y: -2.149259
Z: 0.549986
INLET NAME: IN821
OUTLET NAME: OUT821
--- 
JOINT: 822
NAME: J822
NODE: 823
X: 0.350019
Y: -2.139124
Z: 0.549943
INLET NAME: IN822
OUTLET NAME: OUT822
--- 
JOINT: 823
NAME: J823
NODE: 824
X: 0.350024
Y: -2.128989
Z: 0.549934
INLET NAME: IN823
OUTLET NAME: OUT823
--- 
JOINT: 824
NAME: J824
NODE: 825
X: 0.350056
Y: -2.118854
Z: 0.549915
INLET NAME: IN824
OUTLET NAME: OUT824
--- 
JOINT: 825
NAME: J825
NODE: 826
X: 0.350065
Y: -2.108719
Z: 0.549913
INLET NAME: IN825
OUTLET NAME: OUT825
--- 
JOINT: 826
NAME: J826
NODE: 827
X: 0.350051
Y: -2.098584
Z: 0.549923
INLET NAME: IN826
OUTLET NAME: OUT826
--- 
JOINT: 827
NAME: J827
NODE: 828
X: 0.350033
Y: -2.088449
Z: 0.549946
INLET NAME: IN827
OUTLET NAME: OUT827
--- 
JOINT: 828
NAME: J828
NODE: 829
X: 0.350004
Y: -2.078313
Z: 0.549948
INLET NAME: IN828
OUTLET NAME: OUT828
--- 
JOINT: 829
NAME: J829
NODE: 830
X: 0.350013
Y: -2.068178
Z: 0.550004
INLET NAME: IN829
OUTLET NAME: OUT829
--- 
JOINT: 830
NAME: J830
NODE: 831
X: 0.349996
Y: -2.058043
Z: 0.550033
INLET NAME: IN830
OUTLET NAME: OUT830
--- 
JOINT: 831
NAME: J831
NODE: 832
X: 0.349995
Y: -2.047908
Z: 0.550036
INLET NAME: IN831
OUTLET NAME: OUT831
--- 
JOINT: 832
NAME: J832
NODE: 833
X: 0.350015
Y: -2.037773
Z: 0.549987
INLET NAME: IN832
OUTLET NAME: OUT832
--- 
JOINT: 833
NAME: J833
NODE: 834
X: 0.350059
Y: -2.027638
Z: 0.549995
INLET NAME: IN833
OUTLET NAME: OUT833
--- 
JOINT: 834
NAME: J834
NODE: 835
X: 0.350068
Y: -2.017503
Z: 0.549971
INLET NAME: IN834
OUTLET NAME: OUT834
--- 
JOINT: 835
NAME: J835
NODE: 836
X: 0.350030
Y: -2.007367
Z: 0.549985
INLET NAME: IN835
OUTLET NAME: OUT835
--- 
JOINT: 836
NAME: J836
NODE: 837
X: 0.349980
Y: -1.997232
Z: 0.549993
INLET NAME: IN836
OUTLET NAME: OUT836
--- 
JOINT: 837
NAME: J837
NODE: 838
X: 0.349973
Y: -1.987097
Z: 0.550002
INLET NAME: IN837
OUTLET NAME: OUT837
--- 
JOINT: 838
NAME: J838
NODE: 839
X: 0.349979
Y: -1.976962
Z: 0.549997
INLET NAME: IN838
OUTLET NAME: OUT838
--- 
JOINT: 839
NAME: J839
NODE: 840
X: 0.350034
Y: -1.966827
Z: 0.550003
INLET NAME: IN839
OUTLET NAME: OUT839
--- 
JOINT: 840
NAME: J840
NODE: 841
X: 0.350023
Y: -1.956692
Z: 0.549991
INLET NAME: IN840
OUTLET NAME: OUT840
--- 
JOINT: 841
NAME: J841
NODE: 842
X: 0.350024
Y: -1.946556
Z: 0.549972
INLET NAME: IN841
OUTLET NAME: OUT841
--- 
JOINT: 842
NAME: J842
NODE: 843
X: 0.349989
Y: -1.936421
Z: 0.549963
INLET NAME: IN842
OUTLET NAME: OUT842
--- 
JOINT: 843
NAME: J843
NODE: 844
X: 0.349946
Y: -1.926286
Z: 0.549950
INLET NAME: IN843
OUTLET NAME: OUT843
--- 
JOINT: 844
NAME: J844
NODE: 845
X: 0.349921
Y: -1.916151
Z: 0.549934
INLET NAME: IN844
OUTLET NAME: OUT844
--- 
JOINT: 845
NAME: J845
NODE: 846
X: 0.349926
Y: -1.906016
Z: 0.549935
INLET NAME: IN845
OUTLET NAME: OUT845
--- 
JOINT: 846
NAME: J846
NODE: 847
X: 0.349946
Y: -1.895881
Z: 0.549939
INLET NAME: IN846
OUTLET NAME: OUT846
--- 
JOINT: 847
NAME: J847
NODE: 848
X: 0.349967
Y: -1.885745
Z: 0.549929
INLET NAME: IN847
OUTLET NAME: OUT847
--- 
JOINT: 848
NAME: J848
NODE: 849
X: 0.349980
Y: -1.875610
Z: 0.549962
INLET NAME: IN848
OUTLET NAME: OUT848
--- 
JOINT: 849
NAME: J849
NODE: 850
X: 0.350007
Y: -1.865475
Z: 0.550029
INLET NAME: IN849
OUTLET NAME: OUT849
--- 
JOINT: 850
NAME: J850
NODE: 851
X: 0.350008
Y: -1.855340
Z: 0.550032
INLET NAME: IN850
OUTLET NAME: OUT850
--- 
JOINT: 851
NAME: J851
NODE: 852
X: 0.350010
Y: -1.845205
Z: 0.550040
INLET NAME: IN851
OUTLET NAME: OUT851
--- 
JOINT: 852
NAME: J852
NODE: 853
X: 0.349991
Y: -1.835070
Z: 0.550010
INLET NAME: IN852
OUTLET NAME: OUT852
--- 
JOINT: 853
NAME: J853
NODE: 854
X: 0.350012
Y: -1.824935
Z: 0.549991
INLET NAME: IN853
OUTLET NAME: OUT853
--- 
JOINT: 854
NAME: J854
NODE: 855
X: 0.350051
Y: -1.814800
Z: 0.550014
INLET NAME: IN854
OUTLET NAME: OUT854
--- 
JOINT: 855
NAME: J855
NODE: 856
X: 0.350043
Y: -1.804665
Z: 0.549998
INLET NAME: IN855
OUTLET NAME: OUT855
--- 
JOINT: 856
NAME: J856
NODE: 857
X: 0.350016
Y: -1.794529
Z: 0.549971
INLET NAME: IN856
OUTLET NAME: OUT856
--- 
JOINT: 857
NAME: J857
NODE: 858
X: 0.349970
Y: -1.784394
Z: 0.549957
INLET NAME: IN857
OUTLET NAME: OUT857
--- 
JOINT: 858
NAME: J858
NODE: 859
X: 0.349945
Y: -1.774259
Z: 0.549954
INLET NAME: IN858
OUTLET NAME: OUT858
--- 
JOINT: 859
NAME: J859
NODE: 860
X: 0.349943
Y: -1.764124
Z: 0.549945
INLET NAME: IN859
OUTLET NAME: OUT859
--- 
JOINT: 860
NAME: J860
NODE: 861
X: 0.349972
Y: -1.753989
Z: 0.549980
INLET NAME: IN860
OUTLET NAME: OUT860
--- 
JOINT: 861
NAME: J861
NODE: 862
X: 0.350020
Y: -1.743854
Z: 0.549982
INLET NAME: IN861
OUTLET NAME: OUT861
--- 
JOINT: 862
NAME: J862
NODE: 863
X: 0.350033
Y: -1.733718
Z: 0.549988
INLET NAME: IN862
OUTLET NAME: OUT862
--- 
JOINT: 863
NAME: J863
NODE: 864
X: 0.350022
Y: -1.723583
Z: 0.550000
INLET NAME: IN863
OUTLET NAME: OUT863
--- 
JOINT: 864
NAME: J864
NODE: 865
X: 0.350014
Y: -1.713448
Z: 0.549999
INLET NAME: IN864
OUTLET NAME: OUT864
--- 
JOINT: 865
NAME: J865
NODE: 866
X: 0.350001
Y: -1.703313
Z: 0.550001
INLET NAME: IN865
OUTLET NAME: OUT865
--- 
JOINT: 866
NAME: J866
NODE: 867
X: 0.349992
Y: -1.693178
Z: 0.550023
INLET NAME: IN866
OUTLET NAME: OUT866
--- 
JOINT: 867
NAME: J867
NODE: 868
X: 0.350006
Y: -1.683042
Z: 0.550032
INLET NAME: IN867
OUTLET NAME: OUT867
--- 
JOINT: 868
NAME: J868
NODE: 869
X: 0.350023
Y: -1.672907
Z: 0.550020
INLET NAME: IN868
OUTLET NAME: OUT868
--- 
JOINT: 869
NAME: J869
NODE: 870
X: 0.350002
Y: -1.662772
Z: 0.549991
INLET NAME: IN869
OUTLET NAME: OUT869
--- 
JOINT: 870
NAME: J870
NODE: 871
X: 0.349965
Y: -1.652637
Z: 0.549997
INLET NAME: IN870
OUTLET NAME: OUT870
--- 
JOINT: 871
NAME: J871
NODE: 872
X: 0.349897
Y: -1.642502
Z: 0.549987
INLET NAME: IN871
OUTLET NAME: OUT871
--- 
JOINT: 872
NAME: J872
NODE: 873
X: 0.349885
Y: -1.632367
Z: 0.549992
INLET NAME: IN872
OUTLET NAME: OUT872
--- 
JOINT: 873
NAME: J873
NODE: 874
X: 0.349907
Y: -1.622232
Z: 0.550000
INLET NAME: IN873
OUTLET NAME: OUT873
--- 
JOINT: 874
NAME: J874
NODE: 875
X: 0.349965
Y: -1.612097
Z: 0.550019
INLET NAME: IN874
OUTLET NAME: OUT874
--- 
JOINT: 875
NAME: J875
NODE: 876
X: 0.350021
Y: -1.601962
Z: 0.550009
INLET NAME: IN875
OUTLET NAME: OUT875
--- 
JOINT: 876
NAME: J876
NODE: 877
X: 0.350015
Y: -1.591826
Z: 0.550008
INLET NAME: IN876
OUTLET NAME: OUT876
--- 
JOINT: 877
NAME: J877
NODE: 878
X: 0.350030
Y: -1.581691
Z: 0.550001
INLET NAME: IN877
OUTLET NAME: OUT877
--- 
JOINT: 878
NAME: J878
NODE: 879
X: 0.349994
Y: -1.571556
Z: 0.549999
INLET NAME: IN878
OUTLET NAME: OUT878
--- 
JOINT: 879
NAME: J879
NODE: 880
X: 0.350002
Y: -1.561421
Z: 0.549995
INLET NAME: IN879
OUTLET NAME: OUT879
--- 
JOINT: 880
NAME: J880
NODE: 881
X: 0.350006
Y: -1.551286
Z: 0.549994
INLET NAME: IN880
OUTLET NAME: OUT880
--- 
JOINT: 881
NAME: J881
NODE: 882
X: 0.350008
Y: -1.541151
Z: 0.549997
INLET NAME: IN881
OUTLET NAME: OUT881
--- 
JOINT: 882
NAME: J882
NODE: 883
X: 0.350022
Y: -1.531015
Z: 0.550002
INLET NAME: IN882
OUTLET NAME: OUT882
--- 
JOINT: 883
NAME: J883
NODE: 884
X: 0.350049
Y: -1.520880
Z: 0.550004
INLET NAME: IN883
OUTLET NAME: OUT883
--- 
JOINT: 884
NAME: J884
NODE: 885
X: 0.350048
Y: -1.510745
Z: 0.549987
INLET NAME: IN884
OUTLET NAME: OUT884
--- 
JOINT: 885
NAME: J885
NODE: 886
X: 0.350055
Y: -1.500610
Z: 0.549972
INLET NAME: IN885
OUTLET NAME: OUT885
--- 
JOINT: 886
NAME: J886
NODE: 887
X: 0.350041
Y: -1.490475
Z: 0.549976
INLET NAME: IN886
OUTLET NAME: OUT886
--- 
JOINT: 887
NAME: J887
NODE: 888
X: 0.350002
Y: -1.480339
Z: 0.549975
INLET NAME: IN887
OUTLET NAME: OUT887
--- 
JOINT: 888
NAME: J888
NODE: 889
X: 0.349953
Y: -1.470204
Z: 0.549997
INLET NAME: IN888
OUTLET NAME: OUT888
--- 
JOINT: 889
NAME: J889
NODE: 890
X: 0.349985
Y: -1.460069
Z: 0.549992
INLET NAME: IN889
OUTLET NAME: OUT889
--- 
JOINT: 890
NAME: J890
NODE: 891
X: 0.349989
Y: -1.449934
Z: 0.549969
INLET NAME: IN890
OUTLET NAME: OUT890
--- 
JOINT: 891
NAME: J891
NODE: 892
X: 0.350000
Y: -1.439799
Z: 0.549981
INLET NAME: IN891
OUTLET NAME: OUT891
--- 
JOINT: 892
NAME: J892
NODE: 893
X: 0.350004
Y: -1.429664
Z: 0.549990
INLET NAME: IN892
OUTLET NAME: OUT892
--- 
JOINT: 893
NAME: J893
NODE: 894
X: 0.350030
Y: -1.419528
Z: 0.550007
INLET NAME: IN893
OUTLET NAME: OUT893
--- 
JOINT: 894
NAME: J894
NODE: 895
X: 0.350019
Y: -1.409393
Z: 0.550007
INLET NAME: IN894
OUTLET NAME: OUT894
--- 
JOINT: 895
NAME: J895
NODE: 896
X: 0.350026
Y: -1.399258
Z: 0.550033
INLET NAME: IN895
OUTLET NAME: OUT895
--- 
JOINT: 896
NAME: J896
NODE: 897
X: 0.349985
Y: -1.389123
Z: 0.550026
INLET NAME: IN896
OUTLET NAME: OUT896
--- 
JOINT: 897
NAME: J897
NODE: 898
X: 0.349992
Y: -1.378988
Z: 0.550024
INLET NAME: IN897
OUTLET NAME: OUT897
--- 
JOINT: 898
NAME: J898
NODE: 899
X: 0.350014
Y: -1.368852
Z: 0.550038
INLET NAME: IN898
OUTLET NAME: OUT898
--- 
JOINT: 899
NAME: J899
NODE: 900
X: 0.350051
Y: -1.358717
Z: 0.550037
INLET NAME: IN899
OUTLET NAME: OUT899
--- 
JOINT: 900
NAME: J900
NODE: 901
X: 0.350037
Y: -1.348582
Z: 0.550000
INLET NAME: IN900
OUTLET NAME: OUT900
--- 
JOINT: 901
NAME: J901
NODE: 902
X: 0.350048
Y: -1.338447
Z: 0.549978
INLET NAME: IN901
OUTLET NAME: OUT901
--- 
JOINT: 902
NAME: J902
NODE: 903
X: 0.350072
Y: -1.328312
Z: 0.549969
INLET NAME: IN902
OUTLET NAME: OUT902
--- 
JOINT: 903
NAME: J903
NODE: 904
X: 0.350088
Y: -1.318177
Z: 0.549984
INLET NAME: IN903
OUTLET NAME: OUT903
--- 
JOINT: 904
NAME: J904
NODE: 905
X: 0.350091
Y: -1.308042
Z: 0.550012
INLET NAME: IN904
OUTLET NAME: OUT904
--- 
JOINT: 905
NAME: J905
NODE: 906
X: 0.350068
Y: -1.297907
Z: 0.550012
INLET NAME: IN905
OUTLET NAME: OUT905
--- 
JOINT: 906
NAME: J906
NODE: 907
X: 0.350012
Y: -1.287772
Z: 0.549995
INLET NAME: IN906
OUTLET NAME: OUT906
--- 
JOINT: 907
NAME: J907
NODE: 908
X: 0.349969
Y: -1.277636
Z: 0.549965
INLET NAME: IN907
OUTLET NAME: OUT907
--- 
JOINT: 908
NAME: J908
NODE: 909
X: 0.349968
Y: -1.267501
Z: 0.549956
INLET NAME: IN908
OUTLET NAME: OUT908
--- 
JOINT: 909
NAME: J909
NODE: 910
X: 0.349940
Y: -1.257366
Z: 0.549960
INLET NAME: IN909
OUTLET NAME: OUT909
--- 
JOINT: 910
NAME: J910
NODE: 911
X: 0.349962
Y: -1.247231
Z: 0.549952
INLET NAME: IN910
OUTLET NAME: OUT910
--- 
JOINT: 911
NAME: J911
NODE: 912
X: 0.349986
Y: -1.237096
Z: 0.549948
INLET NAME: IN911
OUTLET NAME: OUT911
--- 
JOINT: 912
NAME: J912
NODE: 913
X: 0.349991
Y: -1.226961
Z: 0.549960
INLET NAME: IN912
OUTLET NAME: OUT912
--- 
JOINT: 913
NAME: J913
NODE: 914
X: 0.349991
Y: -1.216825
Z: 0.549948
INLET NAME: IN913
OUTLET NAME: OUT913
--- 
JOINT: 914
NAME: J914
NODE: 915
X: 0.350020
Y: -1.206690
Z: 0.549976
INLET NAME: IN914
OUTLET NAME: OUT914
--- 
JOINT: 915
NAME: J915
NODE: 916
X: 0.350044
Y: -1.196555
Z: 0.549990
INLET NAME: IN915
OUTLET NAME: OUT915
--- 
JOINT: 916
NAME: J916
NODE: 917
X: 0.350048
Y: -1.186420
Z: 0.550020
INLET NAME: IN916
OUTLET NAME: OUT916
--- 
JOINT: 917
NAME: J917
NODE: 918
X: 0.350050
Y: -1.176285
Z: 0.550035
INLET NAME: IN917
OUTLET NAME: OUT917
--- 
JOINT: 918
NAME: J918
NODE: 919
X: 0.350044
Y: -1.166149
Z: 0.550023
INLET NAME: IN918
OUTLET NAME: OUT918
--- 
JOINT: 919
NAME: J919
NODE: 920
X: 0.350032
Y: -1.156014
Z: 0.550013
INLET NAME: IN919
OUTLET NAME: OUT919
--- 
JOINT: 920
NAME: J920
NODE: 921
X: 0.350026
Y: -1.145879
Z: 0.549998
INLET NAME: IN920
OUTLET NAME: OUT920
--- 
JOINT: 921
NAME: J921
NODE: 922
X: 0.350011
Y: -1.135744
Z: 0.550006
INLET NAME: IN921
OUTLET NAME: OUT921
--- 
JOINT: 922
NAME: J922
NODE: 923
X: 0.350043
Y: -1.125609
Z: 0.550003
INLET NAME: IN922
OUTLET NAME: OUT922
--- 
JOINT: 923
NAME: J923
NODE: 924
X: 0.350029
Y: -1.115474
Z: 0.549974
INLET NAME: IN923
OUTLET NAME: OUT923
--- 
JOINT: 924
NAME: J924
NODE: 925
X: 0.350031
Y: -1.105338
Z: 0.549982
INLET NAME: IN924
OUTLET NAME: OUT924
--- 
JOINT: 925
NAME: J925
NODE: 926
X: 0.350026
Y: -1.095203
Z: 0.549995
INLET NAME: IN925
OUTLET NAME: OUT925
--- 
JOINT: 926
NAME: J926
NODE: 927
X: 0.350042
Y: -1.085068
Z: 0.550015
INLET NAME: IN926
OUTLET NAME: OUT926
--- 
JOINT: 927
NAME: J927
NODE: 928
X: 0.350085
Y: -1.074933
Z: 0.550031
INLET NAME: IN927
OUTLET NAME: OUT927
--- 
JOINT: 928
NAME: J928
NODE: 929
X: 0.350086
Y: -1.064798
Z: 0.550033
INLET NAME: IN928
OUTLET NAME: OUT928
--- 
JOINT: 929
NAME: J929
NODE: 930
X: 0.350077
Y: -1.054662
Z: 0.550047
INLET NAME: IN929
OUTLET NAME: OUT929
--- 
JOINT: 930
NAME: J930
NODE: 931
X: 0.350019
Y: -1.044527
Z: 0.550054
INLET NAME: IN930
OUTLET NAME: OUT930
--- 
JOINT: 931
NAME: J931
NODE: 932
X: 0.350003
Y: -1.034392
Z: 0.550061
INLET NAME: IN931
OUTLET NAME: OUT931
--- 
JOINT: 932
NAME: J932
NODE: 933
X: 0.349992
Y: -1.024257
Z: 0.550059
INLET NAME: IN932
OUTLET NAME: OUT932
--- 
JOINT: 933
NAME: J933
NODE: 934
X: 0.349964
Y: -1.014122
Z: 0.550058
INLET NAME: IN933
OUTLET NAME: OUT933
--- 
JOINT: 934
NAME: J934
NODE: 935
X: 0.349953
Y: -1.003987
Z: 0.550070
INLET NAME: IN934
OUTLET NAME: OUT934
--- 
JOINT: 935
NAME: J935
NODE: 936
X: 0.349962
Y: -0.993852
Z: 0.550037
INLET NAME: IN935
OUTLET NAME: OUT935
--- 
JOINT: 936
NAME: J936
NODE: 937
X: 0.349996
Y: -0.983716
Z: 0.550015
INLET NAME: IN936
OUTLET NAME: OUT936
--- 
JOINT: 937
NAME: J937
NODE: 938
X: 0.349998
Y: -0.973581
Z: 0.549998
INLET NAME: IN937
OUTLET NAME: OUT937
--- 
JOINT: 938
NAME: J938
NODE: 939
X: 0.349980
Y: -0.963446
Z: 0.550006
INLET NAME: IN938
OUTLET NAME: OUT938
--- 
JOINT: 939
NAME: J939
NODE: 940
X: 0.349993
Y: -0.953311
Z: 0.550003
INLET NAME: IN939
OUTLET NAME: OUT939
--- 
JOINT: 940
NAME: J940
NODE: 941
X: 0.350011
Y: -0.943176
Z: 0.549989
INLET NAME: IN940
OUTLET NAME: OUT940
--- 
JOINT: 941
NAME: J941
NODE: 942
X: 0.350000
Y: -0.933040
Z: 0.549959
INLET NAME: IN941
OUTLET NAME: OUT941
--- 
JOINT: 942
NAME: J942
NODE: 943
X: 0.349985
Y: -0.922905
Z: 0.549943
INLET NAME: IN942
OUTLET NAME: OUT942
--- 
JOINT: 943
NAME: J943
NODE: 944
X: 0.349986
Y: -0.912770
Z: 0.549950
INLET NAME: IN943
OUTLET NAME: OUT943
--- 
JOINT: 944
NAME: J944
NODE: 945
X: 0.350010
Y: -0.902635
Z: 0.549974
INLET NAME: IN944
OUTLET NAME: OUT944
--- 
JOINT: 945
NAME: J945
NODE: 946
X: 0.350050
Y: -0.892500
Z: 0.549990
INLET NAME: IN945
OUTLET NAME: OUT945
--- 
JOINT: 946
NAME: J946
NODE: 947
X: 0.350039
Y: -0.882365
Z: 0.550004
INLET NAME: IN946
OUTLET NAME: OUT946
--- 
JOINT: 947
NAME: J947
NODE: 948
X: 0.350014
Y: -0.872229
Z: 0.550011
INLET NAME: IN947
OUTLET NAME: OUT947
--- 
JOINT: 948
NAME: J948
NODE: 949
X: 0.350010
Y: -0.862094
Z: 0.549991
INLET NAME: IN948
OUTLET NAME: OUT948
--- 
JOINT: 949
NAME: J949
NODE: 950
X: 0.349995
Y: -0.851959
Z: 0.550040
INLET NAME: IN949
OUTLET NAME: OUT949
--- 
JOINT: 950
NAME: J950
NODE: 951
X: 0.350002
Y: -0.841824
Z: 0.550030
INLET NAME: IN950
OUTLET NAME: OUT950
--- 
JOINT: 951
NAME: J951
NODE: 952
X: 0.349975
Y: -0.831689
Z: 0.550013
INLET NAME: IN951
OUTLET NAME: OUT951
--- 
JOINT: 952
NAME: J952
NODE: 953
X: 0.349964
Y: -0.821554
Z: 0.550043
INLET NAME: IN952
OUTLET NAME: OUT952
--- 
JOINT: 953
NAME: J953
NODE: 954
X: 0.349945
Y: -0.811418
Z: 0.550035
INLET NAME: IN953
OUTLET NAME: OUT953
--- 
JOINT: 954
NAME: J954
NODE: 955
X: 0.349924
Y: -0.801283
Z: 0.550021
INLET NAME: IN954
OUTLET NAME: OUT954
--- 
JOINT: 955
NAME: J955
NODE: 956
X: 0.349926
Y: -0.791148
Z: 0.550039
INLET NAME: IN955
OUTLET NAME: OUT955
--- 
JOINT: 956
NAME: J956
NODE: 957
X: 0.349932
Y: -0.781013
Z: 0.549987
INLET NAME: IN956
OUTLET NAME: OUT956
--- 
JOINT: 957
NAME: J957
NODE: 958
X: 0.349942
Y: -0.770878
Z: 0.549940
INLET NAME: IN957
OUTLET NAME: OUT957
--- 
JOINT: 958
NAME: J958
NODE: 959
X: 0.349957
Y: -0.760743
Z: 0.549952
INLET NAME: IN958
OUTLET NAME: OUT958
--- 
JOINT: 959
NAME: J959
NODE: 960
X: 0.349958
Y: -0.750608
Z: 0.549997
INLET NAME: IN959
OUTLET NAME: OUT959
--- 
JOINT: 960
NAME: J960
NODE: 961
X: 0.349949
Y: -0.740472
Z: 0.550038
INLET NAME: IN960
OUTLET NAME: OUT960
--- 
JOINT: 961
NAME: J961
NODE: 962
X: 0.349962
Y: -0.730337
Z: 0.550089
INLET NAME: IN961
OUTLET NAME: OUT961
--- 
JOINT: 962
NAME: J962
NODE: 963
X: 0.349964
Y: -0.720202
Z: 0.550042
INLET NAME: IN962
OUTLET NAME: OUT962
--- 
JOINT: 963
NAME: J963
NODE: 964
X: 0.349947
Y: -0.710067
Z: 0.550018
INLET NAME: IN963
OUTLET NAME: OUT963
--- 
JOINT: 964
NAME: J964
NODE: 965
X: 0.349948
Y: -0.699932
Z: 0.549990
INLET NAME: IN964
OUTLET NAME: OUT964
--- 
JOINT: 965
NAME: J965
NODE: 966
X: 0.349968
Y: -0.689797
Z: 0.549986
INLET NAME: IN965
OUTLET NAME: OUT965
--- 
JOINT: 966
NAME: J966
NODE: 967
X: 0.349995
Y: -0.679662
Z: 0.550002
INLET NAME: IN966
OUTLET NAME: OUT966
--- 
JOINT: 967
NAME: J967
NODE: 968
X: 0.350000
Y: -0.669526
Z: 0.549988
INLET NAME: IN967
OUTLET NAME: OUT967
--- 
JOINT: 968
NAME: J968
NODE: 969
X: 0.350010
Y: -0.659391
Z: 0.550000
INLET NAME: IN968
OUTLET NAME: OUT968
--- 
JOINT: 969
NAME: J969
NODE: 970
X: 0.349982
Y: -0.649256
Z: 0.550026
INLET NAME: IN969
OUTLET NAME: OUT969
--- 
JOINT: 970
NAME: J970
NODE: 971
X: 0.349986
Y: -0.639121
Z: 0.550003
INLET NAME: IN970
OUTLET NAME: OUT970
--- 
JOINT: 971
NAME: J971
NODE: 972
X: 0.349994
Y: -0.628986
Z: 0.550013
INLET NAME: IN971
OUTLET NAME: OUT971
--- 
JOINT: 972
NAME: J972
NODE: 973
X: 0.350000
Y: -0.618851
Z: 0.550019
INLET NAME: IN972
OUTLET NAME: OUT972
--- 
JOINT: 973
NAME: J973
NODE: 974
X: 0.349990
Y: -0.608715
Z: 0.550017
INLET NAME: IN973
OUTLET NAME: OUT973
--- 
JOINT: 974
NAME: J974
NODE: 975
X: 0.349992
Y: -0.598580
Z: 0.550022
INLET NAME: IN974
OUTLET NAME: OUT974
--- 
JOINT: 975
NAME: J975
NODE: 976
X: 0.350000
Y: -0.588445
Z: 0.550019
INLET NAME: IN975
OUTLET NAME: OUT975
--- 
JOINT: 976
NAME: J976
NODE: 977
X: 0.349990
Y: -0.578310
Z: 0.550001
INLET NAME: IN976
OUTLET NAME: OUT976
--- 
JOINT: 977
NAME: J977
NODE: 978
X: 0.349973
Y: -0.568175
Z: 0.550002
INLET NAME: IN977
OUTLET NAME: OUT977
--- 
JOINT: 978
NAME: J978
NODE: 979
X: 0.349954
Y: -0.558039
Z: 0.549991
INLET NAME: IN978
OUTLET NAME: OUT978
--- 
JOINT: 979
NAME: J979
NODE: 980
X: 0.349943
Y: -0.547904
Z: 0.549992
INLET NAME: IN979
OUTLET NAME: OUT979
--- 
JOINT: 980
NAME: J980
NODE: 981
X: 0.349974
Y: -0.537769
Z: 0.549995
INLET NAME: IN980
OUTLET NAME: OUT980
--- 
JOINT: 981
NAME: J981
NODE: 982
X: 0.350000
Y: -0.527634
Z: 0.549960
INLET NAME: IN981
OUTLET NAME: OUT981
--- 
JOINT: 982
NAME: J982
NODE: 983
X: 0.350010
Y: -0.517499
Z: 0.549950
INLET NAME: IN982
OUTLET NAME: OUT982
--- 
JOINT: 983
NAME: J983
NODE: 984
X: 0.350024
Y: -0.507363
Z: 0.549945
INLET NAME: IN983
OUTLET NAME: OUT983
--- 
JOINT: 984
NAME: J984
NODE: 985
X: 0.350017
Y: -0.497228
Z: 0.549968
INLET NAME: IN984
OUTLET NAME: OUT984
--- 
JOINT: 985
NAME: J985
NODE: 986
X: 0.350010
Y: -0.487093
Z: 0.549988
INLET NAME: IN985
OUTLET NAME: OUT985
--- 
JOINT: 986
NAME: J986
NODE: 987
X: 0.350005
Y: -0.476958
Z: 0.549995
INLET NAME: IN986
OUTLET NAME: OUT986
--- 
JOINT: 987
NAME: J987
NODE: 988
X: 0.349995
Y: -0.466823
Z: 0.549982
INLET NAME: IN987
OUTLET NAME: OUT987
--- 
JOINT: 988
NAME: J988
NODE: 989
X: 0.350000
Y: -0.456687
Z: 0.549967
INLET NAME: IN988
OUTLET NAME: OUT988
--- 
JOINT: 989
NAME: J989
NODE: 990
X: 0.349982
Y: -0.446552
Z: 0.550015
INLET NAME: IN989
OUTLET NAME: OUT989
--- 
JOINT: 990
NAME: J990
NODE: 991
X: 0.349968
Y: -0.436417
Z: 0.550037
INLET NAME: IN990
OUTLET NAME: OUT990
--- 
JOINT: 991
NAME: J991
NODE: 992
X: 0.349956
Y: -0.426282
Z: 0.550035
INLET NAME: IN991
OUTLET NAME: OUT991
--- 
JOINT: 992
NAME: J992
NODE: 993
X: 0.349954
Y: -0.416147
Z: 0.550006
INLET NAME: IN992
OUTLET NAME: OUT992
--- 
JOINT: 993
NAME: J993
NODE: 994
X: 0.350014
Y: -0.406012
Z: 0.550001
INLET NAME: IN993
OUTLET NAME: OUT993
--- 
JOINT: 994
NAME: J994
NODE: 995
X: 0.350045
Y: -0.395877
Z: 0.550023
INLET NAME: IN994
OUTLET NAME: OUT994
--- 
JOINT: 995
NAME: J995
NODE: 996
X: 0.349999
Y: -0.385742
Z: 0.550007
INLET NAME: IN995
OUTLET NAME: OUT995
--- 
JOINT: 996
NAME: J996
NODE: 997
X: 0.349913
Y: -0.375607
Z: 0.549987
INLET NAME: IN996
OUTLET NAME: OUT996
--- 
JOINT: 997
NAME: J997
NODE: 998
X: 0.349933
Y: -0.365472
Z: 0.549995
INLET NAME: IN997
OUTLET NAME: OUT997
--- 
JOINT: 998
NAME: J998
NODE: 999
X: 0.349951
Y: -0.355336
Z: 0.549962
INLET NAME: IN998
OUTLET NAME: OUT998
--- 
JOINT: 999
NAME: J999
NODE: 1000
X: 0.349971
Y: -0.345201
Z: 0.549959
INLET NAME: IN999
OUTLET NAME: OUT999
--- 
JOINT: 1000
NAME: J1000
NODE: 1001
X: 0.349982
Y: -0.335066
Z: 0.549961
INLET NAME: IN1000
OUTLET NAME: OUT1000
--- 
JOINT: 1001
NAME: J1001
NODE: 1002
X: 0.349993
Y: -0.324931
Z: 0.549957
INLET NAME: IN1001
OUTLET NAME: OUT1001
--- 
JOINT: 1002
NAME: J1002
NODE: 1003
X: 0.349985
Y: -0.314796
Z: 0.549991
INLET NAME: IN1002
OUTLET NAME: OUT1002
--- 
JOINT: 1003
NAME: J1003
NODE: 1004
X: 0.349995
Y: -0.304660
Z: 0.549978
INLET NAME: IN1003
OUTLET NAME: OUT1003
--- 
JOINT: 1004
NAME: J1004
NODE: 1005
X: 0.349978
Y: -0.294525
Z: 0.549969
INLET NAME: IN1004
OUTLET NAME: OUT1004
--- 
JOINT: 1005
NAME: J1005
NODE: 1006
X: 0.349943
Y: -0.284390
Z: 0.549962
INLET NAME: IN1005
OUTLET NAME: OUT1005
--- 
JOINT: 1006
NAME: J1006
NODE: 1007
X: 0.349971
Y: -0.274255
Z: 0.549915
INLET NAME: IN1006
OUTLET NAME: OUT1006
--- 
JOINT: 1007
NAME: J1007
NODE: 1008
X: 0.349948
Y: -0.264120
Z: 0.549903
INLET NAME: IN1007
OUTLET NAME: OUT1007
--- 
JOINT: 1008
NAME: J1008
NODE: 1009
X: 0.349968
Y: -0.253985
Z: 0.549941
INLET NAME: IN1008
OUTLET NAME: OUT1008
--- 
JOINT: 1009
NAME: J1009
NODE: 1010
X: 0.349985
Y: -0.243850
Z: 0.549975
INLET NAME: IN1009
OUTLET NAME: OUT1009
--- 
JOINT: 1010
NAME: J1010
NODE: 1011
X: 0.349992
Y: -0.233714
Z: 0.549993
INLET NAME: IN1010
OUTLET NAME: OUT1010
--- 
JOINT: 1011
NAME: J1011
NODE: 1012
X: 0.349975
Y: -0.223579
Z: 0.549960
INLET NAME: IN1011
OUTLET NAME: OUT1011
--- 
JOINT: 1012
NAME: J1012
NODE: 1013
X: 0.349988
Y: -0.213444
Z: 0.549970
INLET NAME: IN1012
OUTLET NAME: OUT1012
--- 
JOINT: 1013
NAME: J1013
NODE: 1014
X: 0.350004
Y: -0.203309
Z: 0.549969
INLET NAME: IN1013
OUTLET NAME: OUT1013
--- 
JOINT: 1014
NAME: J1014
NODE: 1015
X: 0.350018
Y: -0.193174
Z: 0.549964
INLET NAME: IN1014
OUTLET NAME: OUT1014
--- 
JOINT: 1015
NAME: J1015
NODE: 1016
X: 0.349979
Y: -0.183039
Z: 0.549981
INLET NAME: IN1015
OUTLET NAME: OUT1015
--- 
JOINT: 1016
NAME: J1016
NODE: 1017
X: 0.349958
Y: -0.172904
Z: 0.549989
INLET NAME: IN1016
OUTLET NAME: OUT1016
--- 
JOINT: 1017
NAME: J1017
NODE: 1018
X: 0.349963
Y: -0.162769
Z: 0.549975
INLET NAME: IN1017
OUTLET NAME: OUT1017
--- 
JOINT: 1018
NAME: J1018
NODE: 1019
X: 0.349961
Y: -0.152633
Z: 0.550005
INLET NAME: IN1018
OUTLET NAME: OUT1018
--- 
JOINT: 1019
NAME: J1019
NODE: 1020
X: 0.349974
Y: -0.142498
Z: 0.550012
INLET NAME: IN1019
OUTLET NAME: OUT1019
--- 
JOINT: 1020
NAME: J1020
NODE: 1021
X: 0.349995
Y: -0.132363
Z: 0.550030
INLET NAME: IN1020
OUTLET NAME: OUT1020
--- 
JOINT: 1021
NAME: J1021
NODE: 1022
X: 0.350004
Y: -0.122228
Z: 0.550012
INLET NAME: IN1021
OUTLET NAME: OUT1021
--- 
JOINT: 1022
NAME: J1022
NODE: 1023
X: 0.349978
Y: -0.112093
Z: 0.550020
INLET NAME: IN1022
OUTLET NAME: OUT1022
--- 
JOINT: 1023
NAME: J1023
NODE: 1024
X: 0.349943
Y: -0.101958
Z: 0.550015
INLET NAME: IN1023
OUTLET NAME: OUT1023
--- 
JOINT: 1024
NAME: J1024
NODE: 1025
X: 0.349942
Y: -0.091822
Z: 0.550006
INLET NAME: IN1024
OUTLET NAME: OUT1024
--- 
JOINT: 1025
NAME: J1025
NODE: 1026
X: 0.349953
Y: -0.081687
Z: 0.550010
INLET NAME: IN1025
OUTLET NAME: OUT1025
--- 
JOINT: 1026
NAME: J1026
NODE: 1027
X: 0.349955
Y: -0.071552
Z: 0.550035
INLET NAME: IN1026
OUTLET NAME: OUT1026
--- 
JOINT: 1027
NAME: J1027
NODE: 1028
X: 0.349980
Y: -0.061417
Z: 0.549997
INLET NAME: IN1027
OUTLET NAME: OUT1027
--- 
JOINT: 1028
NAME: J1028
NODE: 1029
X: 0.349986
Y: -0.051282
Z: 0.549976
INLET NAME: IN1028
OUTLET NAME: OUT1028
--- 
JOINT: 1029
NAME: J1029
NODE: 1030
X: 0.349995
Y: -0.041147
Z: 0.549973
INLET NAME: IN1029
OUTLET NAME: OUT1029
--- 
JOINT: 1030
NAME: J1030
NODE: 1031
X: 0.350000
Y: -0.031011
Z: 0.549968
INLET NAME: IN1030
OUTLET NAME: OUT1030
--- 
JOINT: 1031
NAME: J1031
NODE: 1032
X: 0.350016
Y: -0.020876
Z: 0.549962
INLET NAME: IN1031
OUTLET NAME: OUT1031
--- 
JOINT: 1032
NAME: J1032
NODE: 1033
X: 0.350016
Y: -0.010741
Z: 0.549954
INLET NAME: IN1032
OUTLET NAME: OUT1032
--- 
JOINT: 1033
NAME: J1033
NODE: 1034
X: 0.350000
Y: -0.000606
Z: 0.549964
INLET NAME: IN1033
OUTLET NAME: OUT1033
--- 
JOINT: 1034
NAME: J1034
NODE: 1035
X: 0.349965
Y: 0.009529
Z: 0.550019
INLET NAME: IN1034
OUTLET NAME: OUT1034
--- 
JOINT: 1035
NAME: J1035
NODE: 1036
X: 0.349985
Y: 0.019664
Z: 0.550027
INLET NAME: IN1035
OUTLET NAME: OUT1035
--- 
JOINT: 1036
NAME: J1036
NODE: 1037
X: 0.349972
Y: 0.029799
Z: 0.549985
INLET NAME: IN1036
OUTLET NAME: OUT1036
--- 
JOINT: 1037
NAME: J1037
NODE: 1038
X: 0.349972
Y: 0.039935
Z: 0.549951
INLET NAME: IN1037
OUTLET NAME: OUT1037
--- 
JOINT: 1038
NAME: J1038
NODE: 1039
X: 0.349996
Y: 0.050070
Z: 0.549944
INLET NAME: IN1038
OUTLET NAME: OUT1038
--- 
JOINT: 1039
NAME: J1039
NODE: 1040
X: 0.350016
Y: 0.060205
Z: 0.549984
INLET NAME: IN1039
OUTLET NAME: OUT1039
--- 
JOINT: 1040
NAME: J1040
NODE: 1041
X: 0.349998
Y: 0.070340
Z: 0.550009
INLET NAME: IN1040
OUTLET NAME: OUT1040
--- 
JOINT: 1041
NAME: J1041
NODE: 1042
X: 0.349965
Y: 0.080475
Z: 0.549992
INLET NAME: IN1041
OUTLET NAME: OUT1041
--- 
JOINT: 1042
NAME: J1042
NODE: 1043
X: 0.349961
Y: 0.090610
Z: 0.549973
INLET NAME: IN1042
OUTLET NAME: OUT1042
--- 
JOINT: 1043
NAME: J1043
NODE: 1044
X: 0.349969
Y: 0.100745
Z: 0.549955
INLET NAME: IN1043
OUTLET NAME: OUT1043
--- 
JOINT: 1044
NAME: J1044
NODE: 1045
X: 0.349985
Y: 0.110880
Z: 0.549984
INLET NAME: IN1044
OUTLET NAME: OUT1044
--- 
JOINT: 1045
NAME: J1045
NODE: 1046
X: 0.350009
Y: 0.121016
Z: 0.550018
INLET NAME: IN1045
OUTLET NAME: OUT1045
--- 
JOINT: 1046
NAME: J1046
NODE: 1047
X: 0.350006
Y: 0.131151
Z: 0.550036
INLET NAME: IN1046
OUTLET NAME: OUT1046
--- 
JOINT: 1047
NAME: J1047
NODE: 1048
X: 0.349995
Y: 0.141286
Z: 0.549994
INLET NAME: IN1047
OUTLET NAME: OUT1047
--- 
JOINT: 1048
NAME: J1048
NODE: 1049
X: 0.349969
Y: 0.151421
Z: 0.549938
INLET NAME: IN1048
OUTLET NAME: OUT1048
--- 
JOINT: 1049
NAME: J1049
NODE: 1050
X: 0.349967
Y: 0.161556
Z: 0.549919
INLET NAME: IN1049
OUTLET NAME: OUT1049
--- 
JOINT: 1050
NAME: J1050
NODE: 1051
X: 0.349990
Y: 0.171691
Z: 0.549935
INLET NAME: IN1050
OUTLET NAME: OUT1050
--- 
JOINT: 1051
NAME: J1051
NODE: 1052
X: 0.349999
Y: 0.181826
Z: 0.549966
INLET NAME: IN1051
OUTLET NAME: OUT1051
--- 
JOINT: 1052
NAME: J1052
NODE: 1053
X: 0.349992
Y: 0.191962
Z: 0.549948
INLET NAME: IN1052
OUTLET NAME: OUT1052
--- 
JOINT: 1053
NAME: J1053
NODE: 1054
X: 0.350025
Y: 0.202097
Z: 0.549969
INLET NAME: IN1053
OUTLET NAME: OUT1053
--- 
JOINT: 1054
NAME: J1054
NODE: 1055
X: 0.350006
Y: 0.212232
Z: 0.549954
INLET NAME: IN1054
OUTLET NAME: OUT1054
--- 
JOINT: 1055
NAME: J1055
NODE: 1056
X: 0.350022
Y: 0.222367
Z: 0.549980
INLET NAME: IN1055
OUTLET NAME: OUT1055
--- 
JOINT: 1056
NAME: J1056
NODE: 1057
X: 0.350037
Y: 0.232502
Z: 0.549976
INLET NAME: IN1056
OUTLET NAME: OUT1056
--- 
JOINT: 1057
NAME: J1057
NODE: 1058
X: 0.350036
Y: 0.242637
Z: 0.549953
INLET NAME: IN1057
OUTLET NAME: OUT1057
--- 
JOINT: 1058
NAME: J1058
NODE: 1059
X: 0.350021
Y: 0.252773
Z: 0.549967
INLET NAME: IN1058
OUTLET NAME: OUT1058
--- 
JOINT: 1059
NAME: J1059
NODE: 1060
X: 0.349995
Y: 0.262908
Z: 0.550011
INLET NAME: IN1059
OUTLET NAME: OUT1059
--- 
JOINT: 1060
NAME: J1060
NODE: 1061
X: 0.349969
Y: 0.273043
Z: 0.550012
INLET NAME: IN1060
OUTLET NAME: OUT1060
--- 
JOINT: 1061
NAME: J1061
NODE: 1062
X: 0.349997
Y: 0.283178
Z: 0.549995
INLET NAME: IN1061
OUTLET NAME: OUT1061
--- 
JOINT: 1062
NAME: J1062
NODE: 1063
X: 0.349990
Y: 0.293313
Z: 0.549940
INLET NAME: IN1062
OUTLET NAME: OUT1062
--- 
JOINT: 1063
NAME: J1063
NODE: 1064
X: 0.349962
Y: 0.303448
Z: 0.549927
INLET NAME: IN1063
OUTLET NAME: OUT1063
--- 
JOINT: 1064
NAME: J1064
NODE: 1065
X: 0.349981
Y: 0.313583
Z: 0.549948
INLET NAME: IN1064
OUTLET NAME: OUT1064
--- 
JOINT: 1065
NAME: J1065
NODE: 1066
X: 0.350023
Y: 0.323718
Z: 0.549967
INLET NAME: IN1065
OUTLET NAME: OUT1065
--- 
JOINT: 1066
NAME: J1066
NODE: 1067
X: 0.350037
Y: 0.333854
Z: 0.549991
INLET NAME: IN1066
OUTLET NAME: OUT1066
--- 
JOINT: 1067
NAME: J1067
NODE: 1068
X: 0.350004
Y: 0.343989
Z: 0.549976
INLET NAME: IN1067
OUTLET NAME: OUT1067
--- 
JOINT: 1068
NAME: J1068
NODE: 1069
X: 0.349955
Y: 0.354124
Z: 0.549934
INLET NAME: IN1068
OUTLET NAME: OUT1068
--- 
JOINT: 1069
NAME: J1069
NODE: 1070
X: 0.349956
Y: 0.364259
Z: 0.549924
INLET NAME: IN1069
OUTLET NAME: OUT1069
--- 
JOINT: 1070
NAME: J1070
NODE: 1071
X: 0.349979
Y: 0.374394
Z: 0.549963
INLET NAME: IN1070
OUTLET NAME: OUT1070
--- 
JOINT: 1071
NAME: J1071
NODE: 1072
X: 0.350024
Y: 0.384529
Z: 0.550014
INLET NAME: IN1071
OUTLET NAME: OUT1071
--- 
JOINT: 1072
NAME: J1072
NODE: 1073
X: 0.350007
Y: 0.394664
Z: 0.550054
INLET NAME: IN1072
OUTLET NAME: OUT1072
--- 
JOINT: 1073
NAME: J1073
NODE: 1074
X: 0.350000
Y: 0.404799
Z: 0.550079
INLET NAME: IN1073
OUTLET NAME: OUT1073
--- 
JOINT: 1074
NAME: J1074
NODE: 1075
X: 0.350011
Y: 0.414934
Z: 0.550098
INLET NAME: IN1074
OUTLET NAME: OUT1074
--- 
JOINT: 1075
NAME: J1075
NODE: 1076
X: 0.350013
Y: 0.425069
Z: 0.550070
INLET NAME: IN1075
OUTLET NAME: OUT1075
--- 
JOINT: 1076
NAME: J1076
NODE: 1077
X: 0.350000
Y: 0.435205
Z: 0.550044
INLET NAME: IN1076
OUTLET NAME: OUT1076
--- 
JOINT: 1077
NAME: J1077
NODE: 1078
X: 0.349996
Y: 0.445340
Z: 0.550049
INLET NAME: IN1077
OUTLET NAME: OUT1077
--- 
JOINT: 1078
NAME: J1078
NODE: 1079
X: 0.350009
Y: 0.455475
Z: 0.550035
INLET NAME: IN1078
OUTLET NAME: OUT1078
--- 
JOINT: 1079
NAME: J1079
NODE: 1080
X: 0.349968
Y: 0.465610
Z: 0.550045
INLET NAME: IN1079
OUTLET NAME: OUT1079
--- 
JOINT: 1080
NAME: J1080
NODE: 1081
X: 0.349948
Y: 0.475745
Z: 0.550060
INLET NAME: IN1080
OUTLET NAME: OUT1080
--- 
JOINT: 1081
NAME: J1081
NODE: 1082
X: 0.349959
Y: 0.485880
Z: 0.550039
INLET NAME: IN1081
OUTLET NAME: OUT1081
--- 
JOINT: 1082
NAME: J1082
NODE: 1083
X: 0.349981
Y: 0.496016
Z: 0.550041
INLET NAME: IN1082
OUTLET NAME: OUT1082
--- 
JOINT: 1083
NAME: J1083
NODE: 1084
X: 0.350029
Y: 0.506151
Z: 0.550013
INLET NAME: IN1083
OUTLET NAME: OUT1083
--- 
JOINT: 1084
NAME: J1084
NODE: 1085
X: 0.350027
Y: 0.516286
Z: 0.549970
INLET NAME: IN1084
OUTLET NAME: OUT1084
--- 
JOINT: 1085
NAME: J1085
NODE: 1086
X: 0.350005
Y: 0.526421
Z: 0.549970
INLET NAME: IN1085
OUTLET NAME: OUT1085
--- 
JOINT: 1086
NAME: J1086
NODE: 1087
X: 0.350022
Y: 0.536556
Z: 0.549982
INLET NAME: IN1086
OUTLET NAME: OUT1086
--- 
JOINT: 1087
NAME: J1087
NODE: 1088
X: 0.349997
Y: 0.546691
Z: 0.549950
INLET NAME: IN1087
OUTLET NAME: OUT1087
--- 
JOINT: 1088
NAME: J1088
NODE: 1089
X: 0.349956
Y: 0.556826
Z: 0.549977
INLET NAME: IN1088
OUTLET NAME: OUT1088
--- 
JOINT: 1089
NAME: J1089
NODE: 1090
X: 0.349935
Y: 0.566962
Z: 0.549998
INLET NAME: IN1089
OUTLET NAME: OUT1089
--- 
JOINT: 1090
NAME: J1090
NODE: 1091
X: 0.349970
Y: 0.577097
Z: 0.550002
INLET NAME: IN1090
OUTLET NAME: OUT1090
--- 
JOINT: 1091
NAME: J1091
NODE: 1092
X: 0.349969
Y: 0.587232
Z: 0.549995
INLET NAME: IN1091
OUTLET NAME: OUT1091
--- 
JOINT: 1092
NAME: J1092
NODE: 1093
X: 0.349969
Y: 0.597367
Z: 0.550001
INLET NAME: IN1092
OUTLET NAME: OUT1092
--- 
JOINT: 1093
NAME: J1093
NODE: 1094
X: 0.349993
Y: 0.607502
Z: 0.549988
INLET NAME: IN1093
OUTLET NAME: OUT1093
--- 
JOINT: 1094
NAME: J1094
NODE: 1095
X: 0.350012
Y: 0.617637
Z: 0.549970
INLET NAME: IN1094
OUTLET NAME: OUT1094
--- 
JOINT: 1095
NAME: J1095
NODE: 1096
X: 0.350020
Y: 0.627773
Z: 0.549958
INLET NAME: IN1095
OUTLET NAME: OUT1095
--- 
JOINT: 1096
NAME: J1096
NODE: 1097
X: 0.350022
Y: 0.637908
Z: 0.549964
INLET NAME: IN1096
OUTLET NAME: OUT1096
--- 
JOINT: 1097
NAME: J1097
NODE: 1098
X: 0.350015
Y: 0.648043
Z: 0.549970
INLET NAME: IN1097
OUTLET NAME: OUT1097
--- 
JOINT: 1098
NAME: J1098
NODE: 1099
X: 0.350000
Y: 0.658178
Z: 0.550028
INLET NAME: IN1098
OUTLET NAME: OUT1098
--- 
JOINT: 1099
NAME: J1099
NODE: 1100
X: 0.349965
Y: 0.668313
Z: 0.550053
INLET NAME: IN1099
OUTLET NAME: OUT1099
--- 
JOINT: 1100
NAME: J1100
NODE: 1101
X: 0.349966
Y: 0.678448
Z: 0.550051
INLET NAME: IN1100
OUTLET NAME: OUT1100
--- 
JOINT: 1101
NAME: J1101
NODE: 1102
X: 0.349964
Y: 0.688584
Z: 0.550021
INLET NAME: IN1101
OUTLET NAME: OUT1101
--- 
JOINT: 1102
NAME: J1102
NODE: 1103
X: 0.349976
Y: 0.698719
Z: 0.549990
INLET NAME: IN1102
OUTLET NAME: OUT1102
--- 
JOINT: 1103
NAME: J1103
NODE: 1104
X: 0.350017
Y: 0.708854
Z: 0.549980
INLET NAME: IN1103
OUTLET NAME: OUT1103
--- 
JOINT: 1104
NAME: J1104
NODE: 1105
X: 0.350030
Y: 0.718989
Z: 0.549977
INLET NAME: IN1104
OUTLET NAME: OUT1104
--- 
JOINT: 1105
NAME: J1105
NODE: 1106
X: 0.350017
Y: 0.729124
Z: 0.549952
INLET NAME: IN1105
OUTLET NAME: OUT1105
--- 
JOINT: 1106
NAME: J1106
NODE: 1107
X: 0.350009
Y: 0.739259
Z: 0.549980
INLET NAME: IN1106
OUTLET NAME: OUT1106
--- 
JOINT: 1107
NAME: J1107
NODE: 1108
X: 0.350001
Y: 0.749395
Z: 0.549974
INLET NAME: IN1107
OUTLET NAME: OUT1107
--- 
JOINT: 1108
NAME: J1108
NODE: 1109
X: 0.350004
Y: 0.759530
Z: 0.549969
INLET NAME: IN1108
OUTLET NAME: OUT1108
--- 
JOINT: 1109
NAME: J1109
NODE: 1110
X: 0.349994
Y: 0.769665
Z: 0.549986
INLET NAME: IN1109
OUTLET NAME: OUT1109
--- 
JOINT: 1110
NAME: J1110
NODE: 1111
X: 0.350019
Y: 0.779800
Z: 0.550028
INLET NAME: IN1110
OUTLET NAME: OUT1110
--- 
JOINT: 1111
NAME: J1111
NODE: 1112
X: 0.350029
Y: 0.789935
Z: 0.550037
INLET NAME: IN1111
OUTLET NAME: OUT1111
--- 
JOINT: 1112
NAME: J1112
NODE: 1113
X: 0.350042
Y: 0.800071
Z: 0.550012
INLET NAME: IN1112
OUTLET NAME: OUT1112
--- 
JOINT: 1113
NAME: J1113
NODE: 1114
X: 0.350044
Y: 0.810206
Z: 0.550023
INLET NAME: IN1113
OUTLET NAME: OUT1113
--- 
JOINT: 1114
NAME: J1114
NODE: 1115
X: 0.350022
Y: 0.820341
Z: 0.550043
INLET NAME: IN1114
OUTLET NAME: OUT1114
--- 
JOINT: 1115
NAME: J1115
NODE: 1116
X: 0.350007
Y: 0.830476
Z: 0.550041
INLET NAME: IN1115
OUTLET NAME: OUT1115
--- 
JOINT: 1116
NAME: J1116
NODE: 1117
X: 0.350006
Y: 0.840611
Z: 0.550046
INLET NAME: IN1116
OUTLET NAME: OUT1116
--- 
JOINT: 1117
NAME: J1117
NODE: 1118
X: 0.349984
Y: 0.850747
Z: 0.550033
INLET NAME: IN1117
OUTLET NAME: OUT1117
--- 
JOINT: 1118
NAME: J1118
NODE: 1119
X: 0.349999
Y: 0.860882
Z: 0.550008
INLET NAME: IN1118
OUTLET NAME: OUT1118
--- 
JOINT: 1119
NAME: J1119
NODE: 1120
X: 0.350007
Y: 0.871017
Z: 0.549977
INLET NAME: IN1119
OUTLET NAME: OUT1119
--- 
JOINT: 1120
NAME: J1120
NODE: 1121
X: 0.350015
Y: 0.881152
Z: 0.549948
INLET NAME: IN1120
OUTLET NAME: OUT1120
--- 
JOINT: 1121
NAME: J1121
NODE: 1122
X: 0.349981
Y: 0.891287
Z: 0.549947
INLET NAME: IN1121
OUTLET NAME: OUT1121
--- 
JOINT: 1122
NAME: J1122
NODE: 1123
X: 0.349964
Y: 0.901422
Z: 0.549929
INLET NAME: IN1122
OUTLET NAME: OUT1122
--- 
JOINT: 1123
NAME: J1123
NODE: 1124
X: 0.349989
Y: 0.911557
Z: 0.549978
INLET NAME: IN1123
OUTLET NAME: OUT1123
--- 
JOINT: 1124
NAME: J1124
NODE: 1125
X: 0.349977
Y: 0.921692
Z: 0.550040
INLET NAME: IN1124
OUTLET NAME: OUT1124
--- 
JOINT: 1125
NAME: J1125
NODE: 1126
X: 0.349948
Y: 0.931828
Z: 0.550081
INLET NAME: IN1125
OUTLET NAME: OUT1125
--- 
JOINT: 1126
NAME: J1126
NODE: 1127
X: 0.349884
Y: 0.941963
Z: 0.550063
INLET NAME: IN1126
OUTLET NAME: OUT1126
--- 
JOINT: 1127
NAME: J1127
NODE: 1128
X: 0.349892
Y: 0.952098
Z: 0.550033
INLET NAME: IN1127
OUTLET NAME: OUT1127
--- 
JOINT: 1128
NAME: J1128
NODE: 1129
X: 0.349935
Y: 0.962233
Z: 0.549989
INLET NAME: IN1128
OUTLET NAME: OUT1128
--- 
JOINT: 1129
NAME: J1129
NODE: 1130
X: 0.349991
Y: 0.972368
Z: 0.549980
INLET NAME: IN1129
OUTLET NAME: OUT1129
--- 
JOINT: 1130
NAME: J1130
NODE: 1131
X: 0.350010
Y: 0.982503
Z: 0.550018
INLET NAME: IN1130
OUTLET NAME: OUT1130
--- 
JOINT: 1131
NAME: J1131
NODE: 1132
X: 0.349983
Y: 0.992638
Z: 0.550014
INLET NAME: IN1131
OUTLET NAME: OUT1131
--- 
JOINT: 1132
NAME: J1132
NODE: 1133
X: 0.349979
Y: 1.002773
Z: 0.550038
INLET NAME: IN1132
OUTLET NAME: OUT1132
--- 
JOINT: 1133
NAME: J1133
NODE: 1134
X: 0.349962
Y: 1.012908
Z: 0.550042
INLET NAME: IN1133
OUTLET NAME: OUT1133
--- 
JOINT: 1134
NAME: J1134
NODE: 1135
X: 0.349986
Y: 1.023043
Z: 0.550051
INLET NAME: IN1134
OUTLET NAME: OUT1134
--- 
JOINT: 1135
NAME: J1135
NODE: 1136
X: 0.349986
Y: 1.033178
Z: 0.550039
INLET NAME: IN1135
OUTLET NAME: OUT1135
--- 
JOINT: 1136
NAME: J1136
NODE: 1137
X: 0.350012
Y: 1.043314
Z: 0.549997
INLET NAME: IN1136
OUTLET NAME: OUT1136
--- 
JOINT: 1137
NAME: J1137
NODE: 1138
X: 0.350011
Y: 1.053449
Z: 0.549981
INLET NAME: IN1137
OUTLET NAME: OUT1137
--- 
JOINT: 1138
NAME: J1138
NODE: 1139
X: 0.350004
Y: 1.063584
Z: 0.549987
INLET NAME: IN1138
OUTLET NAME: OUT1138
--- 
JOINT: 1139
NAME: J1139
NODE: 1140
X: 0.349980
Y: 1.073719
Z: 0.549989
INLET NAME: IN1139
OUTLET NAME: OUT1139
--- 
JOINT: 1140
NAME: J1140
NODE: 1141
X: 0.350014
Y: 1.083854
Z: 0.550005
INLET NAME: IN1140
OUTLET NAME: OUT1140
--- 
JOINT: 1141
NAME: J1141
NODE: 1142
X: 0.350035
Y: 1.093989
Z: 0.550043
INLET NAME: IN1141
OUTLET NAME: OUT1141
--- 
JOINT: 1142
NAME: J1142
NODE: 1143
X: 0.350057
Y: 1.104125
Z: 0.550056
INLET NAME: IN1142
OUTLET NAME: OUT1142
--- 
JOINT: 1143
NAME: J1143
NODE: 1144
X: 0.350020
Y: 1.114260
Z: 0.550040
INLET NAME: IN1143
OUTLET NAME: OUT1143
--- 
JOINT: 1144
NAME: J1144
NODE: 1145
X: 0.350004
Y: 1.124395
Z: 0.549988
INLET NAME: IN1144
OUTLET NAME: OUT1144
--- 
JOINT: 1145
NAME: J1145
NODE: 1146
X: 0.349997
Y: 1.134530
Z: 0.549971
INLET NAME: IN1145
OUTLET NAME: OUT1145
--- 
JOINT: 1146
NAME: J1146
NODE: 1147
X: 0.349973
Y: 1.144665
Z: 0.549996
INLET NAME: IN1146
OUTLET NAME: OUT1146
--- 
JOINT: 1147
NAME: J1147
NODE: 1148
X: 0.349969
Y: 1.154800
Z: 0.550017
INLET NAME: IN1147
OUTLET NAME: OUT1147
--- 
JOINT: 1148
NAME: J1148
NODE: 1149
X: 0.349964
Y: 1.164935
Z: 0.550035
INLET NAME: IN1148
OUTLET NAME: OUT1148
--- 
JOINT: 1149
NAME: J1149
NODE: 1150
X: 0.349980
Y: 1.175070
Z: 0.550026
INLET NAME: IN1149
OUTLET NAME: OUT1149
--- 
JOINT: 1150
NAME: J1150
NODE: 1151
X: 0.350002
Y: 1.185206
Z: 0.550052
INLET NAME: IN1150
OUTLET NAME: OUT1150
--- 
JOINT: 1151
NAME: J1151
NODE: 1152
X: 0.350001
Y: 1.195341
Z: 0.550041
INLET NAME: IN1151
OUTLET NAME: OUT1151
--- 
JOINT: 1152
NAME: J1152
NODE: 1153
X: 0.350010
Y: 1.205476
Z: 0.550009
INLET NAME: IN1152
OUTLET NAME: OUT1152
--- 
JOINT: 1153
NAME: J1153
NODE: 1154
X: 0.350028
Y: 1.215611
Z: 0.549999
INLET NAME: IN1153
OUTLET NAME: OUT1153
--- 
JOINT: 1154
NAME: J1154
NODE: 1155
X: 0.350063
Y: 1.225746
Z: 0.549935
INLET NAME: IN1154
OUTLET NAME: OUT1154
--- 
JOINT: 1155
NAME: J1155
NODE: 1156
X: 0.350040
Y: 1.235881
Z: 0.549929
INLET NAME: IN1155
OUTLET NAME: OUT1155
--- 
JOINT: 1156
NAME: J1156
NODE: 1157
X: 0.350011
Y: 1.246016
Z: 0.549941
INLET NAME: IN1156
OUTLET NAME: OUT1156
--- 
JOINT: 1157
NAME: J1157
NODE: 1158
X: 0.349973
Y: 1.256152
Z: 0.549952
INLET NAME: IN1157
OUTLET NAME: OUT1157
--- 
JOINT: 1158
NAME: J1158
NODE: 1159
X: 0.349980
Y: 1.266287
Z: 0.550014
INLET NAME: IN1158
OUTLET NAME: OUT1158
--- 
JOINT: 1159
NAME: J1159
NODE: 1160
X: 0.349982
Y: 1.276422
Z: 0.550070
INLET NAME: IN1159
OUTLET NAME: OUT1159
--- 
JOINT: 1160
NAME: J1160
NODE: 1161
X: 0.349994
Y: 1.286557
Z: 0.550065
INLET NAME: IN1160
OUTLET NAME: OUT1160
--- 
JOINT: 1161
NAME: J1161
NODE: 1162
X: 0.350023
Y: 1.296692
Z: 0.550029
INLET NAME: IN1161
OUTLET NAME: OUT1161
--- 
JOINT: 1162
NAME: J1162
NODE: 1163
X: 0.350033
Y: 1.306827
Z: 0.550015
INLET NAME: IN1162
OUTLET NAME: OUT1162
--- 
JOINT: 1163
NAME: J1163
NODE: 1164
X: 0.349979
Y: 1.316962
Z: 0.550010
INLET NAME: IN1163
OUTLET NAME: OUT1163
--- 
JOINT: 1164
NAME: J1164
NODE: 1165
X: 0.349936
Y: 1.327097
Z: 0.550011
INLET NAME: IN1164
OUTLET NAME: OUT1164
--- 
JOINT: 1165
NAME: J1165
NODE: 1166
X: 0.349986
Y: 1.337232
Z: 0.549983
INLET NAME: IN1165
OUTLET NAME: OUT1165
--- 
JOINT: 1166
NAME: J1166
NODE: 1167
X: 0.349991
Y: 1.347367
Z: 0.549959
INLET NAME: IN1166
OUTLET NAME: OUT1166
--- 
JOINT: 1167
NAME: J1167
NODE: 1168
X: 0.350022
Y: 1.357503
Z: 0.549944
INLET NAME: IN1167
OUTLET NAME: OUT1167
--- 
JOINT: 1168
NAME: J1168
NODE: 1169
X: 0.349998
Y: 1.367638
Z: 0.549982
INLET NAME: IN1168
OUTLET NAME: OUT1168
--- 
JOINT: 1169
NAME: J1169
NODE: 1170
X: 0.349986
Y: 1.377773
Z: 0.549976
INLET NAME: IN1169
OUTLET NAME: OUT1169
--- 
JOINT: 1170
NAME: J1170
NODE: 1171
X: 0.349972
Y: 1.387908
Z: 0.549985
INLET NAME: IN1170
OUTLET NAME: OUT1170
--- 
JOINT: 1171
NAME: J1171
NODE: 1172
X: 0.349956
Y: 1.398043
Z: 0.549984
INLET NAME: IN1171
OUTLET NAME: OUT1171
--- 
JOINT: 1172
NAME: J1172
NODE: 1173
X: 0.349959
Y: 1.408178
Z: 0.550010
INLET NAME: IN1172
OUTLET NAME: OUT1172
--- 
JOINT: 1173
NAME: J1173
NODE: 1174
X: 0.349952
Y: 1.418314
Z: 0.550027
INLET NAME: IN1173
OUTLET NAME: OUT1173
--- 
JOINT: 1174
NAME: J1174
NODE: 1175
X: 0.349975
Y: 1.428449
Z: 0.550002
INLET NAME: IN1174
OUTLET NAME: OUT1174
--- 
JOINT: 1175
NAME: J1175
NODE: 1176
X: 0.349989
Y: 1.438584
Z: 0.549989
INLET NAME: IN1175
OUTLET NAME: OUT1175
--- 
JOINT: 1176
NAME: J1176
NODE: 1177
X: 0.349997
Y: 1.448719
Z: 0.550005
INLET NAME: IN1176
OUTLET NAME: OUT1176
--- 
JOINT: 1177
NAME: J1177
NODE: 1178
X: 0.350007
Y: 1.458854
Z: 0.550001
INLET NAME: IN1177
OUTLET NAME: OUT1177
--- 
JOINT: 1178
NAME: J1178
NODE: 1179
X: 0.350025
Y: 1.468990
Z: 0.550004
INLET NAME: IN1178
OUTLET NAME: OUT1178
--- 
JOINT: 1179
NAME: J1179
NODE: 1180
X: 0.350040
Y: 1.479125
Z: 0.549976
INLET NAME: IN1179
OUTLET NAME: OUT1179
--- 
JOINT: 1180
NAME: J1180
NODE: 1181
X: 0.350031
Y: 1.489260
Z: 0.549964
INLET NAME: IN1180
OUTLET NAME: OUT1180
--- 
JOINT: 1181
NAME: J1181
NODE: 1182
X: 0.350021
Y: 1.499395
Z: 0.549966
INLET NAME: IN1181
OUTLET NAME: OUT1181
--- 
JOINT: 1182
NAME: J1182
NODE: 1183
X: 0.349997
Y: 1.509530
Z: 0.550016
INLET NAME: IN1182
OUTLET NAME: OUT1182
--- 
JOINT: 1183
NAME: J1183
NODE: 1184
X: 0.349973
Y: 1.519665
Z: 0.550032
INLET NAME: IN1183
OUTLET NAME: OUT1183
--- 
JOINT: 1184
NAME: J1184
NODE: 1185
X: 0.349971
Y: 1.529801
Z: 0.550009
INLET NAME: IN1184
OUTLET NAME: OUT1184
--- 
JOINT: 1185
NAME: J1185
NODE: 1186
X: 0.349953
Y: 1.539936
Z: 0.550014
INLET NAME: IN1185
OUTLET NAME: OUT1185
--- 
JOINT: 1186
NAME: J1186
NODE: 1187
X: 0.349997
Y: 1.550071
Z: 0.549954
INLET NAME: IN1186
OUTLET NAME: OUT1186
--- 
JOINT: 1187
NAME: J1187
NODE: 1188
X: 0.350019
Y: 1.560206
Z: 0.549913
INLET NAME: IN1187
OUTLET NAME: OUT1187
--- 
JOINT: 1188
NAME: J1188
NODE: 1189
X: 0.350014
Y: 1.570341
Z: 0.549910
INLET NAME: IN1188
OUTLET NAME: OUT1188
--- 
JOINT: 1189
NAME: J1189
NODE: 1190
X: 0.350008
Y: 1.580476
Z: 0.549936
INLET NAME: IN1189
OUTLET NAME: OUT1189
--- 
JOINT: 1190
NAME: J1190
NODE: 1191
X: 0.350001
Y: 1.590611
Z: 0.549957
INLET NAME: IN1190
OUTLET NAME: OUT1190
--- 
JOINT: 1191
NAME: J1191
NODE: 1192
X: 0.350007
Y: 1.600746
Z: 0.549990
INLET NAME: IN1191
OUTLET NAME: OUT1191
--- 
JOINT: 1192
NAME: J1192
NODE: 1193
X: 0.349983
Y: 1.610882
Z: 0.550018
INLET NAME: IN1192
OUTLET NAME: OUT1192
--- 
JOINT: 1193
NAME: J1193
NODE: 1194
X: 0.349972
Y: 1.621017
Z: 0.550008
INLET NAME: IN1193
OUTLET NAME: OUT1193
--- 
JOINT: 1194
NAME: J1194
NODE: 1195
X: 0.349941
Y: 1.631152
Z: 0.550025
INLET NAME: IN1194
OUTLET NAME: OUT1194
--- 
JOINT: 1195
NAME: J1195
NODE: 1196
X: 0.349929
Y: 1.641287
Z: 0.550021
INLET NAME: IN1195
OUTLET NAME: OUT1195
--- 
JOINT: 1196
NAME: J1196
NODE: 1197
X: 0.349954
Y: 1.651422
Z: 0.550045
INLET NAME: IN1196
OUTLET NAME: OUT1196
--- 
JOINT: 1197
NAME: J1197
NODE: 1198
X: 0.349977
Y: 1.661557
Z: 0.550009
INLET NAME: IN1197
OUTLET NAME: OUT1197
--- 
JOINT: 1198
NAME: J1198
NODE: 1199
X: 0.350011
Y: 1.671693
Z: 0.550021
INLET NAME: IN1198
OUTLET NAME: OUT1198
--- 
JOINT: 1199
NAME: J1199
NODE: 1200
X: 0.350027
Y: 1.681828
Z: 0.550005
INLET NAME: IN1199
OUTLET NAME: OUT1199
--- 
JOINT: 1200
NAME: J1200
NODE: 1201
X: 0.350027
Y: 1.691963
Z: 0.550027
INLET NAME: IN1200
OUTLET NAME: OUT1200
--- 
JOINT: 1201
NAME: J1201
NODE: 1202
X: 0.350013
Y: 1.702098
Z: 0.550033
INLET NAME: IN1201
OUTLET NAME: OUT1201
--- 
JOINT: 1202
NAME: J1202
NODE: 1203
X: 0.349997
Y: 1.712233
Z: 0.550022
INLET NAME: IN1202
OUTLET NAME: OUT1202
--- 
JOINT: 1203
NAME: J1203
NODE: 1204
X: 0.350003
Y: 1.722369
Z: 0.550006
INLET NAME: IN1203
OUTLET NAME: OUT1203
--- 
JOINT: 1204
NAME: J1204
NODE: 1205
X: 0.350017
Y: 1.732504
Z: 0.550001
INLET NAME: IN1204
OUTLET NAME: OUT1204
--- 
JOINT: 1205
NAME: J1205
NODE: 1206
X: 0.350042
Y: 1.742639
Z: 0.549984
INLET NAME: IN1205
OUTLET NAME: OUT1205
--- 
JOINT: 1206
NAME: J1206
NODE: 1207
X: 0.350010
Y: 1.752774
Z: 0.549974
INLET NAME: IN1206
OUTLET NAME: OUT1206
--- 
JOINT: 1207
NAME: J1207
NODE: 1208
X: 0.349999
Y: 1.762909
Z: 0.549968
INLET NAME: IN1207
OUTLET NAME: OUT1207
--- 
JOINT: 1208
NAME: J1208
NODE: 1209
X: 0.349983
Y: 1.773044
Z: 0.549942
INLET NAME: IN1208
OUTLET NAME: OUT1208
--- 
JOINT: 1209
NAME: J1209
NODE: 1210
X: 0.349989
Y: 1.783180
Z: 0.549937
INLET NAME: IN1209
OUTLET NAME: OUT1209
--- 
JOINT: 1210
NAME: J1210
NODE: 1211
X: 0.350021
Y: 1.793315
Z: 0.549965
INLET NAME: IN1210
OUTLET NAME: OUT1210
--- 
JOINT: 1211
NAME: J1211
NODE: 1212
X: 0.350055
Y: 1.803450
Z: 0.549980
INLET NAME: IN1211
OUTLET NAME: OUT1211
--- 
JOINT: 1212
NAME: J1212
NODE: 1213
X: 0.350090
Y: 1.813585
Z: 0.550001
INLET NAME: IN1212
OUTLET NAME: OUT1212
--- 
JOINT: 1213
NAME: J1213
NODE: 1214
X: 0.350073
Y: 1.823720
Z: 0.549987
INLET NAME: IN1213
OUTLET NAME: OUT1213
--- 
JOINT: 1214
NAME: J1214
NODE: 1215
X: 0.350054
Y: 1.833855
Z: 0.549976
INLET NAME: IN1214
OUTLET NAME: OUT1214
--- 
JOINT: 1215
NAME: J1215
NODE: 1216
X: 0.350042
Y: 1.843991
Z: 0.550003
INLET NAME: IN1215
OUTLET NAME: OUT1215
--- 
JOINT: 1216
NAME: J1216
NODE: 1217
X: 0.350061
Y: 1.854126
Z: 0.550013
INLET NAME: IN1216
OUTLET NAME: OUT1216
--- 
JOINT: 1217
NAME: J1217
NODE: 1218
X: 0.350037
Y: 1.864261
Z: 0.549980
INLET NAME: IN1217
OUTLET NAME: OUT1217
--- 
JOINT: 1218
NAME: J1218
NODE: 1219
X: 0.349999
Y: 1.874396
Z: 0.549941
INLET NAME: IN1218
OUTLET NAME: OUT1218
--- 
JOINT: 1219
NAME: J1219
NODE: 1220
X: 0.349985
Y: 1.884531
Z: 0.549921
INLET NAME: IN1219
OUTLET NAME: OUT1219
--- 
JOINT: 1220
NAME: J1220
NODE: 1221
X: 0.349977
Y: 1.894666
Z: 0.549926
INLET NAME: IN1220
OUTLET NAME: OUT1220
--- 
JOINT: 1221
NAME: J1221
NODE: 1222
X: 0.350022
Y: 1.904801
Z: 0.549992
INLET NAME: IN1221
OUTLET NAME: OUT1221
--- 
JOINT: 1222
NAME: J1222
NODE: 1223
X: 0.350071
Y: 1.914936
Z: 0.550039
INLET NAME: IN1222
OUTLET NAME: OUT1222
--- 
JOINT: 1223
NAME: J1223
NODE: 1224
X: 0.350072
Y: 1.925071
Z: 0.550052
INLET NAME: IN1223
OUTLET NAME: OUT1223
--- 
JOINT: 1224
NAME: J1224
NODE: 1225
X: 0.350030
Y: 1.935206
Z: 0.550030
INLET NAME: IN1224
OUTLET NAME: OUT1224
--- 
JOINT: 1225
NAME: J1225
NODE: 1226
X: 0.350000
Y: 1.945342
Z: 0.550033
INLET NAME: IN1225
OUTLET NAME: OUT1225
--- 
JOINT: 1226
NAME: J1226
NODE: 1227
X: 0.349959
Y: 1.955477
Z: 0.550047
INLET NAME: IN1226
OUTLET NAME: OUT1226
--- 
JOINT: 1227
NAME: J1227
NODE: 1228
X: 0.349970
Y: 1.965612
Z: 0.550040
INLET NAME: IN1227
OUTLET NAME: OUT1227
--- 
JOINT: 1228
NAME: J1228
NODE: 1229
X: 0.349993
Y: 1.975747
Z: 0.550035
INLET NAME: IN1228
OUTLET NAME: OUT1228
--- 
JOINT: 1229
NAME: J1229
NODE: 1230
X: 0.350047
Y: 1.985882
Z: 0.549967
INLET NAME: IN1229
OUTLET NAME: OUT1229
--- 
JOINT: 1230
NAME: J1230
NODE: 1231
X: 0.350070
Y: 1.996017
Z: 0.549952
INLET NAME: IN1230
OUTLET NAME: OUT1230
--- 
JOINT: 1231
NAME: J1231
NODE: 1232
X: 0.350016
Y: 2.006152
Z: 0.549988
INLET NAME: IN1231
OUTLET NAME: OUT1231
--- 
JOINT: 1232
NAME: J1232
NODE: 1233
X: 0.350001
Y: 2.016287
Z: 0.549997
INLET NAME: IN1232
OUTLET NAME: OUT1232
--- 
JOINT: 1233
NAME: J1233
NODE: 1234
X: 0.350032
Y: 2.026422
Z: 0.549988
INLET NAME: IN1233
OUTLET NAME: OUT1233
--- 
JOINT: 1234
NAME: J1234
NODE: 1235
X: 0.350044
Y: 2.036557
Z: 0.549930
INLET NAME: IN1234
OUTLET NAME: OUT1234
--- 
JOINT: 1235
NAME: J1235
NODE: 1236
X: 0.350081
Y: 2.046692
Z: 0.549926
INLET NAME: IN1235
OUTLET NAME: OUT1235
--- 
JOINT: 1236
NAME: J1236
NODE: 1237
X: 0.350103
Y: 2.056828
Z: 0.549963
INLET NAME: IN1236
OUTLET NAME: OUT1236
--- 
JOINT: 1237
NAME: J1237
NODE: 1238
X: 0.350109
Y: 2.066963
Z: 0.549991
INLET NAME: IN1237
OUTLET NAME: OUT1237
--- 
JOINT: 1238
NAME: J1238
NODE: 1239
X: 0.350081
Y: 2.077098
Z: 0.549959
INLET NAME: IN1238
OUTLET NAME: OUT1238
--- 
JOINT: 1239
NAME: J1239
NODE: 1240
X: 0.350053
Y: 2.087233
Z: 0.549951
INLET NAME: IN1239
OUTLET NAME: OUT1239
--- 
JOINT: 1240
NAME: J1240
NODE: 1241
X: 0.350053
Y: 2.097368
Z: 0.549976
INLET NAME: IN1240
OUTLET NAME: OUT1240
--- 
JOINT: 1241
NAME: J1241
NODE: 1242
X: 0.350070
Y: 2.107503
Z: 0.549955
INLET NAME: IN1241
OUTLET NAME: OUT1241
--- 
JOINT: 1242
NAME: J1242
NODE: 1243
X: 0.350071
Y: 2.117639
Z: 0.549980
INLET NAME: IN1242
OUTLET NAME: OUT1242
--- 
JOINT: 1243
NAME: J1243
NODE: 1244
X: 0.350049
Y: 2.127774
Z: 0.550018
INLET NAME: IN1243
OUTLET NAME: OUT1243
--- 
JOINT: 1244
NAME: J1244
NODE: 1245
X: 0.350014
Y: 2.137909
Z: 0.550024
INLET NAME: IN1244
OUTLET NAME: OUT1244
--- 
JOINT: 1245
NAME: J1245
NODE: 1246
X: 0.349985
Y: 2.148044
Z: 0.550026
INLET NAME: IN1245
OUTLET NAME: OUT1245
--- 
JOINT: 1246
NAME: J1246
NODE: 1247
X: 0.349932
Y: 2.158179
Z: 0.550000
INLET NAME: IN1246
OUTLET NAME: OUT1246
--- 
JOINT: 1247
NAME: J1247
NODE: 1248
X: 0.349940
Y: 2.168314
Z: 0.549958
INLET NAME: IN1247
OUTLET NAME: OUT1247
--- 
JOINT: 1248
NAME: J1248
NODE: 1249
X: 0.349957
Y: 2.178449
Z: 0.549968
INLET NAME: IN1248
OUTLET NAME: OUT1248
--- 
JOINT: 1249
NAME: J1249
NODE: 1250
X: 0.349952
Y: 2.188585
Z: 0.550001
INLET NAME: IN1249
OUTLET NAME: OUT1249
--- 
JOINT: 1250
NAME: J1250
NODE: 1251
X: 0.349952
Y: 2.198720
Z: 0.550015
INLET NAME: IN1250
OUTLET NAME: OUT1250
--- 
JOINT: 1251
NAME: J1251
NODE: 1252
X: 0.349985
Y: 2.208855
Z: 0.550005
INLET NAME: IN1251
OUTLET NAME: OUT1251
--- 
JOINT: 1252
NAME: J1252
NODE: 1253
X: 0.349988
Y: 2.218990
Z: 0.550005
INLET NAME: IN1252
OUTLET NAME: OUT1252
--- 
JOINT: 1253
NAME: J1253
NODE: 1254
X: 0.349992
Y: 2.229125
Z: 0.549985
INLET NAME: IN1253
OUTLET NAME: OUT1253
--- 
JOINT: 1254
NAME: J1254
NODE: 1255
X: 0.349993
Y: 2.239260
Z: 0.549951
INLET NAME: IN1254
OUTLET NAME: OUT1254
--- 
JOINT: 1255
NAME: J1255
NODE: 1256
X: 0.349999
Y: 2.249396
Z: 0.549920
INLET NAME: IN1255
OUTLET NAME: OUT1255
--- 
JOINT: 1256
NAME: J1256
NODE: 1257
X: 0.350014
Y: 2.259531
Z: 0.549899
INLET NAME: IN1256
OUTLET NAME: OUT1256
--- 
JOINT: 1257
NAME: J1257
NODE: 1258
X: 0.349997
Y: 2.269666
Z: 0.549906
INLET NAME: IN1257
OUTLET NAME: OUT1257
--- 
JOINT: 1258
NAME: J1258
NODE: 1259
X: 0.349975
Y: 2.279801
Z: 0.549929
INLET NAME: IN1258
OUTLET NAME: OUT1258
--- 
JOINT: 1259
NAME: J1259
NODE: 1260
X: 0.349971
Y: 2.289936
Z: 0.549941
INLET NAME: IN1259
OUTLET NAME: OUT1259
--- 
JOINT: 1260
NAME: J1260
NODE: 1261
X: 0.349986
Y: 2.300071
Z: 0.549956
INLET NAME: IN1260
OUTLET NAME: OUT1260
--- 
JOINT: 1261
NAME: J1261
NODE: 1262
X: 0.350026
Y: 2.310207
Z: 0.549977
INLET NAME: IN1261
OUTLET NAME: OUT1261
--- 
JOINT: 1262
NAME: J1262
NODE: 1263
X: 0.349999
Y: 2.320342
Z: 0.549994
INLET NAME: IN1262
OUTLET NAME: OUT1262
--- 
JOINT: 1263
NAME: J1263
NODE: 1264
X: 0.350006
Y: 2.330477
Z: 0.550012
INLET NAME: IN1263
OUTLET NAME: OUT1263
--- 
JOINT: 1264
NAME: J1264
NODE: 1265
X: 0.350011
Y: 2.340612
Z: 0.550021
INLET NAME: IN1264
OUTLET NAME: OUT1264
--- 
JOINT: 1265
NAME: J1265
NODE: 1266
X: 0.349980
Y: 2.350747
Z: 0.550008
INLET NAME: IN1265
OUTLET NAME: OUT1265
--- 
JOINT: 1266
NAME: J1266
NODE: 1267
X: 0.349981
Y: 2.360882
Z: 0.550007
INLET NAME: IN1266
OUTLET NAME: OUT1266
--- 
JOINT: 1267
NAME: J1267
NODE: 1268
X: 0.350002
Y: 2.371018
Z: 0.549992
INLET NAME: IN1267
OUTLET NAME: OUT1267
--- 
JOINT: 1268
NAME: J1268
NODE: 1269
X: 0.349993
Y: 2.381153
Z: 0.549992
INLET NAME: IN1268
OUTLET NAME: OUT1268
--- 
JOINT: 1269
NAME: J1269
NODE: 1270
X: 0.349992
Y: 2.391288
Z: 0.550001
INLET NAME: IN1269
OUTLET NAME: OUT1269
--- 
JOINT: 1270
NAME: J1270
NODE: 1271
X: 0.349983
Y: 2.401423
Z: 0.549989
INLET NAME: IN1270
OUTLET NAME: OUT1270
--- 
JOINT: 1271
NAME: J1271
NODE: 1272
X: 0.349964
Y: 2.411558
Z: 0.549993
INLET NAME: IN1271
OUTLET NAME: OUT1271
--- 
JOINT: 1272
NAME: J1272
NODE: 1273
X: 0.349971
Y: 2.421694
Z: 0.550013
INLET NAME: IN1272
OUTLET NAME: OUT1272
--- 
JOINT: 1273
NAME: J1273
NODE: 1274
X: 0.349963
Y: 2.431829
Z: 0.549995
INLET NAME: IN1273
OUTLET NAME: OUT1273
--- 
JOINT: 1274
NAME: J1274
NODE: 1275
X: 0.349935
Y: 2.441964
Z: 0.550022
INLET NAME: IN1274
OUTLET NAME: OUT1274
--- 
JOINT: 1275
NAME: J1275
NODE: 1276
X: 0.349918
Y: 2.452099
Z: 0.550045
INLET NAME: IN1275
OUTLET NAME: OUT1275
--- 
JOINT: 1276
NAME: J1276
NODE: 1277
X: 0.349935
Y: 2.462234
Z: 0.550034
INLET NAME: IN1276
OUTLET NAME: OUT1276
--- 
JOINT: 1277
NAME: J1277
NODE: 1278
X: 0.349944
Y: 2.472369
Z: 0.550034
INLET NAME: IN1277
OUTLET NAME: OUT1277
--- 
JOINT: 1278
NAME: J1278
NODE: 1279
X: 0.349966
Y: 2.482505
Z: 0.550055
INLET NAME: IN1278
OUTLET NAME: OUT1278
--- 
JOINT: 1279
NAME: J1279
NODE: 1280
X: 0.349990
Y: 2.492640
Z: 0.550049
INLET NAME: IN1279
OUTLET NAME: OUT1279
--- 
JOINT: 1280
NAME: J1280
NODE: 1281
X: 0.349988
Y: 2.502775
Z: 0.550016
INLET NAME: IN1280
OUTLET NAME: OUT1280
--- 
JOINT: 1281
NAME: J1281
NODE: 1282
X: 0.349981
Y: 2.512910
Z: 0.550015
INLET NAME: IN1281
OUTLET NAME: OUT1281
--- 
JOINT: 1282
NAME: J1282
NODE: 1283
X: 0.349977
Y: 2.523045
Z: 0.550015
INLET NAME: IN1282
OUTLET NAME: OUT1282
--- 
JOINT: 1283
NAME: J1283
NODE: 1284
X: 0.349974
Y: 2.533181
Z: 0.550017
INLET NAME: IN1283
OUTLET NAME: OUT1283
--- 
JOINT: 1284
NAME: J1284
NODE: 1285
X: 0.349976
Y: 2.543316
Z: 0.550021
INLET NAME: IN1284
OUTLET NAME: OUT1284
--- 
JOINT: 1285
NAME: J1285
NODE: 1286
X: 0.349979
Y: 2.553451
Z: 0.550026
INLET NAME: IN1285
OUTLET NAME: OUT1285
--- 
JOINT: 1286
NAME: J1286
NODE: 1287
X: 0.350000
Y: 2.563586
Z: 0.550038
INLET NAME: IN1286
OUTLET NAME: OUT1286
--- 
JOINT: 1287
NAME: J1287
NODE: 1288
X: 0.350030
Y: 2.573722
Z: 0.550052
INLET NAME: IN1287
OUTLET NAME: OUT1287
--- 
JOINT: 1288
NAME: J1288
NODE: 1289
X: 0.350062
Y: 2.583857
Z: 0.550068
INLET NAME: IN1288
OUTLET NAME: OUT1288
--- 
JOINT: 1289
NAME: J1289
NODE: 1290
X: 0.350095
Y: 2.593992
Z: 0.550083
INLET NAME: IN1289
OUTLET NAME: OUT1289
--- 
JOINT: 1290
NAME: J1290
NODE: 1291
X: 0.350127
Y: 2.604127
Z: 0.550096
INLET NAME: IN1290
OUTLET NAME: OUT1290
--- 
JOINT: 1291
NAME: J1291
NODE: 1292
X: 0.350157
Y: 2.614262
Z: 0.550109
INLET NAME: IN1291
OUTLET NAME: OUT1291
--- 
JOINT: 1292
NAME: J1292
NODE: 1293
X: 0.350183
Y: 2.624398
Z: 0.550119
INLET NAME: IN1292
OUTLET NAME: OUT1292
--- 
JOINT: 1293
NAME: J1293
NODE: 1294
X: 0.350203
Y: 2.634533
Z: 0.550127
INLET NAME: IN1293
OUTLET NAME: OUT1293
--- 
JOINT: 1294
NAME: J1294
NODE: 1295
X: 0.350214
Y: 2.644668
Z: 0.550129
INLET NAME: IN1294
OUTLET NAME: OUT1294
--- 
JOINT: 1295
NAME: J1295
NODE: 1296
X: 0.350217
Y: 2.654803
Z: 0.550128
INLET NAME: IN1295
OUTLET NAME: OUT1295
--- 
JOINT: 1296
NAME: J1296
NODE: 1297
X: 0.350211
Y: 2.664938
Z: 0.550124
INLET NAME: IN1296
OUTLET NAME: OUT1296
--- 
JOINT: 1297
NAME: J1297
NODE: 1298
X: 0.350200
Y: 2.675074
Z: 0.550117
INLET NAME: IN1297
OUTLET NAME: OUT1297
--- 
JOINT: 1298
NAME: J1298
NODE: 1299
X: 0.350188
Y: 2.685209
Z: 0.550111
INLET NAME: IN1298
OUTLET NAME: OUT1298
--- 
SEGMENT DATA
--- 
SEGMENT N.: 0
NAME: branch0_seg0
ID: 0
LENGTH: 0.010135
NUM ELEMENTS: 5
IN NODE: 0
OUT NODE: 1
IN AREA: 0.015289
OUT AREA: 0.015289
IN FLOW: 0.000000
MAT DATATABLE NAME: MAT1
LOSS TYPE: NONE
BRANCH ANGLE: 0.000000
UPSTREAM SEGMENT: 0
BRANCH SEGMENT: 0
BOUNDARY CONDITIONS TYPE: NOBOUND
INLET DATA TABLE: NONE
--- 
SEGMENT N.: 1
NAME: branch0_seg1
ID: 1
LENGTH: 0.010135
NUM ELEMENTS: 5
IN NODE: 1
OUT NODE: 2
IN AREA: 0.015289
OUT AREA: 0.015289
IN FLOW: 0.000000
MAT DATATABLE NAME: MAT1
LOSS TYPE: STENOSIS
BRANCH ANGLE: 0.000000
UPSTREAM SEGMENT: 0
BRANCH SEGMENT: 0
BOUNDARY CONDITIONS TYPE: NOBOUND
INLET DATA TABLE: NONE
--- 
SEGMENT N.: 2
NAME: branch0_seg2
ID: 2
LENGTH: 0.010135
NUM ELEMENTS: 5
IN NODE: 2
OUT NODE: 3
IN AREA: 0.015289
OUT AREA: 0.015289
IN FLOW: 0.000000
MAT DATATABLE NAME: MAT1
LOSS TYPE: STENOSIS
BRANCH ANGLE: 0.000000
UPSTREAM SEGMENT: 1
BRANCH SEGMENT: 0
BOUNDARY CONDITIONS TYPE: NOBOUND
INLET DATA TABLE: NONE
--- 
SEGMENT N.: 3
NAME: branch0_seg3
ID: 3
LENGTH: 0.010135
NUM ELEMENTS: 5
IN NODE: 3
OUT NODE: 4
IN AREA: 0.048710
OUT AREA: 0.048710
IN FLOW: 0.000000
MAT DATATABLE NAME: MAT1
LOSS TYPE: STENOSIS
BRANCH ANGLE: 0.000000
UPSTREAM SEGMENT: 2
BRANCH SEGMENT: 0
BOUNDARY CONDITIONS TYPE: NOBOUND
INLET DATA TABLE: NONE
--- 
SEGMENT N.: 4
NAME: branch0_seg4
ID: 4
LENGTH: 0.010135
NUM ELEMENTS: 5
IN NODE: 4
OUT NODE: 5
IN AREA: 0.048710
OUT AREA: 0.048710
IN FLOW: 0.000000
MAT DATATABLE NAME: MAT1
LOSS TYPE: STENOSIS
BRANCH ANGLE: 0.000000
UPSTREAM SEGMENT: 3
BRANCH SEGMENT: 0
BOUNDARY CONDITIONS TYPE: NOBOUND
INLET DATA TABLE: NONE
--- 
SEGMENT N.: 5
NAME: branch0_seg5
ID: 5
LENGTH: 0.010135
NUM ELEMENTS: 5
IN NODE: 5
OUT NODE: 6
IN AREA: 0.048710
OUT AREA: 0.048710
IN FLOW: 0.000000
MAT DATATABLE NAME: MAT1
LOSS TYPE: STENOSIS
BRANCH ANGLE: 0.000000
UPSTREAM SEGMENT: 4
BRANCH SEGMENT: 0
BOUNDARY CONDITIONS TYPE: NOBOUND
INLET DATA TABLE: NONE
--- 
SEGMENT N.: 6
NAME: branch0_seg6
ID: 6
LENGTH: 0.010135
NUM ELEMENTS: 5
IN NODE: 6
OUT NODE: 7
IN AREA: 0.048710
OUT AREA: 0.048710
IN FLOW: 0.000000
MAT DATATABLE NAME: MAT1
LOSS TYPE: STENOSIS
BRANCH ANGLE: 0.000000
UPSTREAM SEGMENT: 5
BRANCH SEGMENT: 0
BOUNDARY CONDITIONS TYPE: NOBOUND
INLET DATA TABLE: NONE
--- 
SEGMENT N.: 7
NAME: branch0_seg7
ID: 7
LENGTH: 0.010135
NUM ELEMENTS: 5
IN NODE: 7
OUT NODE: 8
IN AREA: 0.048710
OUT AREA: 0.048710
IN FLOW: 0.000000
MAT DATATABLE NAME: MAT1
LOSS TYPE: STENOSIS
BRANCH ANGLE: 0.000000
UPSTREAM SEGMENT: 6
BRANCH SEGMENT: 0
BOUNDARY CONDITIONS TYPE: NOBOUND
INLET DATA TABLE: NONE
--- 
SEGMENT N.: 8
NAME: branch0_seg8
ID: 8
LENGTH: 0.010135
NUM ELEMENTS: 5
IN NODE: 8
OUT NODE: 9
IN AREA: 0.048727
OUT AREA: 0.048727
IN FLOW: 0.000000
MAT DATATABLE NAME: MAT1
LOSS TYPE: STENOSIS
BRANCH ANGLE: 0.000000
UPSTREAM SEGMENT: 7
BRANCH SEGMENT: 0
BOUNDARY CONDITIONS TYPE: NOBOUND
INLET DATA TABLE: NONE
--- 
SEGMENT N.: 9
NAME: branch0_seg9
ID: 9
LENGTH: 0.010135
NUM ELEMENTS: 5
IN NODE: 9
OUT NODE: 10
IN AREA: 0.048727
OUT AREA: 0.048727
IN FLOW: 0.000000
MAT DATATABLE NAME: MAT1
LOSS TYPE: STENOSIS
BRANCH ANGLE: 0.000000
UPSTREAM SEGMENT: 8
BRANCH SEGMENT: 0
BOUNDARY CONDITIONS TYPE: NOBOUND
INLET DATA TABLE: NONE
--- 
SEGMENT N.: 10
NAME: branch0_seg10
ID: 10
LENGTH: 0.010135
NUM ELEMENTS: 5
IN NODE: 10
OUT NODE: 11
IN AREA: 0.048727
OUT AREA: 0.048727
IN FLOW: 0.000000
MAT DATATABLE NAME: MAT1
LOSS TYPE: STENOSIS
BRANCH ANGLE: 0.000000
UPSTREAM SEGMENT: 9
BRANCH SEGMENT: 0
BOUNDARY CONDITIONS TYPE: NOBOUND
INLET DATA TABLE: NONE
--- 
SEGMENT N.: 11
NAME: branch0_seg11
ID: 11
LENGTH: 0.010135
NUM ELEMENTS: 5
IN NODE: 11
OUT NODE: 12
IN AREA: 0.048727
OUT AREA: 0.048727
IN FLOW: 0.000000
MAT DATATABLE NAME: MAT1
LOSS TYPE: STENOSIS
BRANCH ANGLE: 0.000000
UPSTREAM SEGMENT: 10
BRANCH SEGMENT: 0
BOUNDARY CONDITIONS TYPE: NOBOUND
INLET DATA TABLE: NONE
--- 
SEGMENT N.: 12
NAME: branch0_seg12
ID: 12
LENGTH: 0.010135
NUM ELEMENTS: 5
IN NODE: 12
OUT NODE: 13
IN AREA: 0.048751
OUT AREA: 0.041939
IN FLOW: 0.000000
MAT DATATABLE NAME: MAT1
LOSS TYPE: STENOSIS
BRANCH ANGLE: 0.000000
UPSTREAM SEGMENT: 11
BRANCH SEGMENT: 0
BOUNDARY CONDITIONS TYPE: NOBOUND
INLET DATA TABLE: NONE
--- 
SEGMENT N.: 13
NAME: branch0_seg13
ID: 13
LENGTH: 0.010135
NUM ELEMENTS: 5
IN NODE: 13
OUT NODE: 14
IN AREA: 0.047034
OUT AREA: 0.048767
IN FLOW: 0.000000
MAT DATATABLE NAME: MAT1
LOSS TYPE: STENOSIS
BRANCH ANGLE: 0.000000
UPSTREAM SEGMENT: 12
BRANCH SEGMENT: 0
BOUNDARY CONDITIONS TYPE: NOBOUND
INLET DATA TABLE: NONE
--- 
SEGMENT N.: 14
NAME: branch0_seg14
ID: 14
LENGTH: 0.010135
NUM ELEMENTS: 5
IN NODE: 14
OUT NODE: 15
IN AREA: 0.048768
OUT AREA: 0.048770
IN FLOW: 0.000000
MAT DATATABLE NAME: MAT1
LOSS TYPE: STENOSIS
BRANCH ANGLE: 0.000000
UPSTREAM SEGMENT: 13
BRANCH SEGMENT: 0
BOUNDARY CONDITIONS TYPE: NOBOUND
INLET DATA TABLE: NONE
--- 
SEGMENT N.: 15
NAME: branch0_seg15
ID: 15
LENGTH: 0.010135
NUM ELEMENTS: 5
IN NODE: 15
OUT NODE: 16
IN AREA: 0.048767
OUT AREA: 0.048760
IN FLOW: 0.000000
MAT DATATABLE NAME: MAT1
LOSS TYPE: STENOSIS
BRANCH ANGLE: 0.000000
UPSTREAM SEGMENT: 14
BRANCH SEGMENT: 0
BOUNDARY CONDITIONS TYPE: NOBOUND
INLET DATA TABLE: NONE
--- 
SEGMENT N.: 16
NAME: branch0_seg16
ID: 16
LENGTH: 0.010135
NUM ELEMENTS: 5
IN NODE: 16
OUT NODE: 17
IN AREA: 0.048760
OUT AREA: 0.048738
IN FLOW: 0.000000
MAT DATATABLE NAME: MAT1
LOSS TYPE: STENOSIS
BRANCH ANGLE: 0.000000
UPSTREAM SEGMENT: 15
BRANCH SEGMENT: 0
BOUNDARY CONDITIONS TYPE: NOBOUND
INLET DATA TABLE: NONE
--- 
SEGMENT N.: 17
NAME: branch0_seg17
ID: 17
LENGTH: 0.010135
NUM ELEMENTS: 5
IN NODE: 17
OUT NODE: 18
IN AREA: 0.048732
OUT AREA: 0.048716
IN FLOW: 0.000000
MAT DATATABLE NAME: MAT1
LOSS TYPE: STENOSIS
BRANCH ANGLE: 0.000000
UPSTREAM SEGMENT: 16
BRANCH SEGMENT: 0
BOUNDARY CONDITIONS TYPE: NOBOUND
INLET DATA TABLE: NONE
--- 
SEGMENT N.: 18
NAME: branch0_seg18
ID: 18
LENGTH: 0.010135
NUM ELEMENTS: 5
IN NODE: 18
OUT NODE: 19
IN AREA: 0.048716
OUT AREA: 0.048718
IN FLOW: 0.000000
MAT DATATABLE NAME: MAT1
LOSS TYPE: STENOSIS
BRANCH ANGLE: 0.000000
UPSTREAM SEGMENT: 17
BRANCH SEGMENT: 0
BOUNDARY CONDITIONS TYPE: NOBOUND
INLET DATA TABLE: NONE
--- 
SEGMENT N.: 19
NAME: branch0_seg19
ID: 19
LENGTH: 0.010135
NUM ELEMENTS: 5
IN NODE: 19
OUT NODE: 20
IN AREA: 0.048710
OUT AREA: 0.023810
IN FLOW: 0.000000
MAT DATATABLE NAME: MAT1
LOSS TYPE: STENOSIS
BRANCH ANGLE: 0.000000
UPSTREAM SEGMENT: 18
BRANCH SEGMENT: 0
BOUNDARY CONDITIONS TYPE: NOBOUND
INLET DATA TABLE: NONE
--- 
SEGMENT N.: 20
NAME: branch0_seg20
ID: 20
LENGTH: 0.010135
NUM ELEMENTS: 5
IN NODE: 20
OUT NODE: 21
IN AREA: 0.021797
OUT AREA: 0.021338
IN FLOW: 0.000000
MAT DATATABLE NAME: MAT1
LOSS TYPE: STENOSIS
BRANCH ANGLE: 0.000000
UPSTREAM SEGMENT: 19
BRANCH SEGMENT: 0
BOUNDARY CONDITIONS TYPE: NOBOUND
INLET DATA TABLE: NONE
--- 
SEGMENT N.: 21
NAME: branch0_seg21
ID: 21
LENGTH: 0.010135
NUM ELEMENTS: 5
IN NODE: 21
OUT NODE: 22
IN AREA: 0.036721
OUT AREA: 0.048702
IN FLOW: 0.000000
MAT DATATABLE NAME: MAT1
LOSS TYPE: STENOSIS
BRANCH ANGLE: 0.000000
UPSTREAM SEGMENT: 20
BRANCH SEGMENT: 0
BOUNDARY CONDITIONS TYPE: NOBOUND
INLET DATA TABLE: NONE
--- 
SEGMENT N.: 22
NAME: branch0_seg22
ID: 22
LENGTH: 0.010135
NUM ELEMENTS: 5
IN NODE: 22
OUT NODE: 23
IN AREA: 0.048701
OUT AREA: 0.048695
IN FLOW: 0.000000
MAT DATATABLE NAME: MAT1
LOSS TYPE: STENOSIS
BRANCH ANGLE: 0.000000
UPSTREAM SEGMENT: 21
BRANCH SEGMENT: 0
BOUNDARY CONDITIONS TYPE: NOBOUND
INLET DATA TABLE: NONE
--- 
SEGMENT N.: 23
NAME: branch0_seg23
ID: 23
LENGTH: 0.010135
NUM ELEMENTS: 5
IN NODE: 23
OUT NODE: 24
IN AREA: 0.048694
OUT AREA: 0.048693
IN FLOW: 0.000000
MAT DATATABLE NAME: MAT1
LOSS TYPE: STENOSIS
BRANCH ANGLE: 0.000000
UPSTREAM SEGMENT: 22
BRANCH SEGMENT: 0
BOUNDARY CONDITIONS TYPE: NOBOUND
INLET DATA TABLE: NONE
--- 
SEGMENT N.: 24
NAME: branch0_seg24
ID: 24
LENGTH: 0.010135
NUM ELEMENTS: 5
IN NODE: 24
OUT NODE: 25
IN AREA: 0.048693
OUT AREA: 0.048699
IN FLOW: 0.000000
MAT DATATABLE NAME: MAT1
LOSS TYPE: STENOSIS
BRANCH ANGLE: 0.000000
UPSTREAM SEGMENT: 23
BRANCH SEGMENT: 0
BOUNDARY CONDITIONS TYPE: NOBOUND
INLET DATA TABLE: NONE
--- 
SEGMENT N.: 25
NAME: branch0_seg25
ID: 25
LENGTH: 0.010135
NUM ELEMENTS: 5
IN NODE: 25
OUT NODE: 26
IN AREA: 0.048705
OUT AREA: 0.048705
IN FLOW: 0.000000
MAT DATATABLE NAME: MAT1
LOSS TYPE: STENOSIS
BRANCH ANGLE: 0.000000
UPSTREAM SEGMENT: 24
BRANCH SEGMENT: 0
BOUNDARY CONDITIONS TYPE: NOBOUND
INLET DATA TABLE: NONE
--- 
SEGMENT N.: 26
NAME: branch0_seg26
ID: 26
LENGTH: 0.010135
NUM ELEMENTS: 5
IN NODE: 26
OUT NODE: 27
IN AREA: 0.048705
OUT AREA: 0.047369
IN FLOW: 0.000000
MAT DATATABLE NAME: MAT1
LOSS TYPE: STENOSIS
BRANCH ANGLE: 0.000000
UPSTREAM SEGMENT: 25
BRANCH SEGMENT: 0
BOUNDARY CONDITIONS TYPE: NOBOUND
INLET DATA TABLE: NONE
--- 
SEGMENT N.: 27
NAME: branch0_seg27
ID: 27
LENGTH: 0.010135
NUM ELEMENTS: 5
IN NODE: 27
OUT NODE: 28
IN AREA: 0.048693
OUT AREA: 0.048707
IN FLOW: 0.000000
MAT DATATABLE NAME: MAT1
LOSS TYPE: STENOSIS
BRANCH ANGLE: 0.000000
UPSTREAM SEGMENT: 26
BRANCH SEGMENT: 0
BOUNDARY CONDITIONS TYPE: NOBOUND
INLET DATA TABLE: NONE
--- 
SEGMENT N.: 28
NAME: branch0_seg28
ID: 28
LENGTH: 0.010135
NUM ELEMENTS: 5
IN NODE: 28
OUT NODE: 29
IN AREA: 0.048709
OUT AREA: 0.048723
IN FLOW: 0.000000
MAT DATATABLE NAME: MAT1
LOSS TYPE: STENOSIS
BRANCH ANGLE: 0.000000
UPSTREAM SEGMENT: 27
BRANCH SEGMENT: 0
BOUNDARY CONDITIONS TYPE: NOBOUND
INLET DATA TABLE: NONE
--- 
SEGMENT N.: 29
NAME: branch0_seg29
ID: 29
LENGTH: 0.010135
NUM ELEMENTS: 5
IN NODE: 29
OUT NODE: 30
IN AREA: 0.048721
OUT AREA: 0.048736
IN FLOW: 0.000000
MAT DATATABLE NAME: MAT1
LOSS TYPE: STENOSIS
BRANCH ANGLE: 0.000000
UPSTREAM SEGMENT: 28
BRANCH SEGMENT: 0
BOUNDARY CONDITIONS TYPE: NOBOUND
INLET DATA TABLE: NONE
--- 
SEGMENT N.: 30
NAME: branch0_seg30
ID: 30
LENGTH: 0.010135
NUM ELEMENTS: 5
IN NODE: 30
OUT NODE: 31
IN AREA: 0.048738
OUT AREA: 0.048734
IN FLOW: 0.000000
MAT DATATABLE NAME: MAT1
LOSS TYPE: STENOSIS
BRANCH ANGLE: 0.000000
UPSTREAM SEGMENT: 29
BRANCH SEGMENT: 0
BOUNDARY CONDITIONS TYPE: NOBOUND
INLET DATA TABLE: NONE
--- 
SEGMENT N.: 31
NAME: branch0_seg31
ID: 31
LENGTH: 0.010135
NUM ELEMENTS: 5
IN NODE: 31
OUT NODE: 32
IN AREA: 0.048732
OUT AREA: 0.048725
IN FLOW: 0.000000
MAT DATATABLE NAME: MAT1
LOSS TYPE: STENOSIS
BRANCH ANGLE: 0.000000
UPSTREAM SEGMENT: 30
BRANCH SEGMENT: 0
BOUNDARY CONDITIONS TYPE: NOBOUND
INLET DATA TABLE: NONE
--- 
SEGMENT N.: 32
NAME: branch0_seg32
ID: 32
LENGTH: 0.010135
NUM ELEMENTS: 5
IN NODE: 32
OUT NODE: 33
IN AREA: 0.048723
OUT AREA: 0.048733
IN FLOW: 0.000000
MAT DATATABLE NAME: MAT1
LOSS TYPE: STENOSIS
BRANCH ANGLE: 0.000000
UPSTREAM SEGMENT: 31
BRANCH SEGMENT: 0
BOUNDARY CONDITIONS TYPE: NOBOUND
INLET DATA TABLE: NONE
--- 
SEGMENT N.: 33
NAME: branch0_seg33
ID: 33
LENGTH: 0.010135
NUM ELEMENTS: 5
IN NODE: 33
OUT NODE: 34
IN AREA: 0.048733
OUT AREA: 0.048728
IN FLOW: 0.000000
MAT DATATABLE NAME: MAT1
LOSS TYPE: STENOSIS
BRANCH ANGLE: 0.000000
UPSTREAM SEGMENT: 32
BRANCH SEGMENT: 0
BOUNDARY CONDITIONS TYPE: NOBOUND
INLET DATA TABLE: NONE
--- 
SEGMENT N.: 34
NAME: branch0_seg34
ID: 34
LENGTH: 0.010135
NUM ELEMENTS: 5
IN NODE: 34
OUT NODE: 35
IN AREA: 0.048724
OUT AREA: 0.048717
IN FLOW: 0.000000
MAT DATATABLE NAME: MAT1
LOSS TYPE: STENOSIS
BRANCH ANGLE: 0.000000
UPSTREAM SEGMENT: 33
BRANCH SEGMENT: 0
BOUNDARY CONDITIONS TYPE: NOBOUND
INLET DATA TABLE: NONE
--- 
SEGMENT N.: 35
NAME: branch0_seg35
ID: 35
LENGTH: 0.010135
NUM ELEMENTS: 5
IN NODE: 35
OUT NODE: 36
IN AREA: 0.048712
OUT AREA: 0.048703
IN FLOW: 0.000000
MAT DATATABLE NAME: MAT1
LOSS TYPE: STENOSIS
BRANCH ANGLE: 0.000000
UPSTREAM SEGMENT: 34
BRANCH SEGMENT: 0
BOUNDARY CONDITIONS TYPE: NOBOUND
INLET DATA TABLE: NONE
--- 
SEGMENT N.: 36
NAME: branch0_seg36
ID: 36
LENGTH: 0.010135
NUM ELEMENTS: 5
IN NODE: 36
OUT NODE: 37
IN AREA: 0.048700
OUT AREA: 0.048696
IN FLOW: 0.000000
MAT DATATABLE NAME: MAT1
LOSS TYPE: STENOSIS
BRANCH ANGLE: 0.000000
UPSTREAM SEGMENT: 35
BRANCH SEGMENT: 0
BOUNDARY CONDITIONS TYPE: NOBOUND
INLET DATA TABLE: NONE
--- 
SEGMENT N.: 37
NAME: branch0_seg37
ID: 37
LENGTH: 0.010135
NUM ELEMENTS: 5
IN NODE: 37
OUT NODE: 38
IN AREA: 0.048697
OUT AREA: 0.029671
IN FLOW: 0.000000
MAT DATATABLE NAME: MAT1
LOSS TYPE: STENOSIS
BRANCH ANGLE: 0.000000
UPSTREAM SEGMENT: 36
BRANCH SEGMENT: 0
BOUNDARY CONDITIONS TYPE: NOBOUND
INLET DATA TABLE: NONE
--- 
SEGMENT N.: 38
NAME: branch0_seg38
ID: 38
LENGTH: 0.010135
NUM ELEMENTS: 5
IN NODE: 38
OUT NODE: 39
IN AREA: 0.048696
OUT AREA: 0.048706
IN FLOW: 0.000000
MAT DATATABLE NAME: MAT1
LOSS TYPE: STENOSIS
BRANCH ANGLE: 0.000000
UPSTREAM SEGMENT: 37
BRANCH SEGMENT: 0
BOUNDARY CONDITIONS TYPE: NOBOUND
INLET DATA TABLE: NONE
--- 
SEGMENT N.: 39
NAME: branch0_seg39
ID: 39
LENGTH: 0.010135
NUM ELEMENTS: 5
IN NODE: 39
OUT NODE: 40
IN AREA: 0.048709
OUT AREA: 0.048713
IN FLOW: 0.000000
MAT DATATABLE NAME: MAT1
LOSS TYPE: STENOSIS
BRANCH ANGLE: 0.000000
UPSTREAM SEGMENT: 38
BRANCH SEGMENT: 0
BOUNDARY CONDITIONS TYPE: NOBOUND
INLET DATA TABLE: NONE
--- 
SEGMENT N.: 40
NAME: branch0_seg40
ID: 40
LENGTH: 0.010135
NUM ELEMENTS: 5
IN NODE: 40
OUT NODE: 41
IN AREA: 0.048711
OUT AREA: 0.048700
IN FLOW: 0.000000
MAT DATATABLE NAME: MAT1
LOSS TYPE: STENOSIS
BRANCH ANGLE: 0.000000
UPSTREAM SEGMENT: 39
BRANCH SEGMENT: 0
BOUNDARY CONDITIONS TYPE: NOBOUND
INLET DATA TABLE: NONE
--- 
SEGMENT N.: 41
NAME: branch0_seg41
ID: 41
LENGTH: 0.010135
NUM ELEMENTS: 5
IN NODE: 41
OUT NODE: 42
IN AREA: 0.048700
OUT AREA: 0.048707
IN FLOW: 0.000000
MAT DATATABLE NAME: MAT1
LOSS TYPE: STENOSIS
BRANCH ANGLE: 0.000000
UPSTREAM SEGMENT: 40
BRANCH SEGMENT: 0
BOUNDARY CONDITIONS TYPE: NOBOUND
INLET DATA TABLE: NONE
--- 
SEGMENT N.: 42
NAME: branch0_seg42
ID: 42
LENGTH: 0.010135
NUM ELEMENTS: 5
IN NODE: 42
OUT NODE: 43
IN AREA: 0.048708
OUT AREA: 0.048706
IN FLOW: 0.000000
MAT DATATABLE NAME: MAT1
LOSS TYPE: STENOSIS
BRANCH ANGLE: 0.000000
UPSTREAM SEGMENT: 41
BRANCH SEGMENT: 0
BOUNDARY CONDITIONS TYPE: NOBOUND
INLET DATA TABLE: NONE
--- 
SEGMENT N.: 43
NAME: branch0_seg43
ID: 43
LENGTH: 0.010135
NUM ELEMENTS: 5
IN NODE: 43
OUT NODE: 44
IN AREA: 0.048703
OUT AREA: 0.048705
IN FLOW: 0.000000
MAT DATATABLE NAME: MAT1
LOSS TYPE: STENOSIS
BRANCH ANGLE: 0.000000
UPSTREAM SEGMENT: 42
BRANCH SEGMENT: 0
BOUNDARY CONDITIONS TYPE: NOBOUND
INLET DATA TABLE: NONE
--- 
SEGMENT N.: 44
NAME: branch0_seg44
ID: 44
LENGTH: 0.010135
NUM ELEMENTS: 5
IN NODE: 44
OUT NODE: 45
IN AREA: 0.043377
OUT AREA: 0.048706
IN FLOW: 0.000000
MAT DATATABLE NAME: MAT1
LOSS TYPE: STENOSIS
BRANCH ANGLE: 0.000000
UPSTREAM SEGMENT: 43
BRANCH SEGMENT: 0
BOUNDARY CONDITIONS TYPE: NOBOUND
INLET DATA TABLE: NONE
--- 
SEGMENT N.: 45
NAME: branch0_seg45
ID: 45
LENGTH: 0.010135
NUM ELEMENTS: 5
IN NODE: 45
OUT NODE: 46
IN AREA: 0.048702
OUT AREA: 0.048689
IN FLOW: 0.000000
MAT DATATABLE NAME: MAT1
LOSS TYPE: STENOSIS
BRANCH ANGLE: 0.000000
UPSTREAM SEGMENT: 44
BRANCH SEGMENT: 0
BOUNDARY CONDITIONS TYPE: NOBOUND
INLET DATA TABLE: NONE
--- 
SEGMENT N.: 46
NAME: branch0_seg46
ID: 46
LENGTH: 0.010135
NUM ELEMENTS: 5
IN NODE: 46
OUT NODE: 47
IN AREA: 0.048687
OUT AREA: 0.048688
IN FLOW: 0.000000
MAT DATATABLE NAME: MAT1
LOSS TYPE: STENOSIS
BRANCH ANGLE: 0.000000
UPSTREAM SEGMENT: 45
BRANCH SEGMENT: 0
BOUNDARY CONDITIONS TYPE: NOBOUND
INLET DATA TABLE: NONE
--- 
SEGMENT N.: 47
NAME: branch0_seg47
ID: 47
LENGTH: 0.010135
NUM ELEMENTS: 5
IN NODE: 47
OUT NODE: 48
IN AREA: 0.048688
OUT AREA: 0.048688
IN FLOW: 0.000000
MAT DATATABLE NAME: MAT1
LOSS TYPE: STENOSIS
BRANCH ANGLE: 0.000000
UPSTREAM SEGMENT: 46
BRANCH SEGMENT: 0
BOUNDARY CONDITIONS TYPE: NOBOUND
INLET DATA TABLE: NONE
--- 
SEGMENT N.: 48
NAME: branch0_seg48
ID: 48
LENGTH: 0.010135
NUM ELEMENTS: 5
IN NODE: 48
OUT NODE: 49
IN AREA: 0.048696
OUT AREA: 0.048706
IN FLOW: 0.000000
MAT DATATABLE NAME: MAT1
LOSS TYPE: STENOSIS
BRANCH ANGLE: 0.000000
UPSTREAM SEGMENT: 47
BRANCH SEGMENT: 0
BOUNDARY CONDITIONS TYPE: NOBOUND
INLET DATA TABLE: NONE
--- 
SEGMENT N.: 49
NAME: branch0_seg49
ID: 49
LENGTH: 0.010135
NUM ELEMENTS: 5
IN NODE: 49
OUT NODE: 50
IN AREA: 0.048706
OUT AREA: 0.048719
IN FLOW: 0.000000
MAT DATATABLE NAME: MAT1
LOSS TYPE: STENOSIS
BRANCH ANGLE: 0.000000
UPSTREAM SEGMENT: 48
BRANCH SEGMENT: 0
BOUNDARY CONDITIONS TYPE: NOBOUND
INLET DATA TABLE: NONE
--- 
SEGMENT N.: 50
NAME: branch0_seg50
ID: 50
LENGTH: 0.010135
NUM ELEMENTS: 5
IN NODE: 50
OUT NODE: 51
IN AREA: 0.048728
OUT AREA: 0.048740
IN FLOW: 0.000000
MAT DATATABLE NAME: MAT1
LOSS TYPE: STENOSIS
BRANCH ANGLE: 0.000000
UPSTREAM SEGMENT: 49
BRANCH SEGMENT: 0
BOUNDARY CONDITIONS TYPE: NOBOUND
INLET DATA TABLE: NONE
--- 
SEGMENT N.: 51
NAME: branch0_seg51
ID: 51
LENGTH: 0.010135
NUM ELEMENTS: 5
IN NODE: 51
OUT NODE: 52
IN AREA: 0.048744
OUT AREA: 0.048753
IN FLOW: 0.000000
MAT DATATABLE NAME: MAT1
LOSS TYPE: STENOSIS
BRANCH ANGLE: 0.000000
UPSTREAM SEGMENT: 50
BRANCH SEGMENT: 0
BOUNDARY CONDITIONS TYPE: NOBOUND
INLET DATA TABLE: NONE
--- 
SEGMENT N.: 52
NAME: branch0_seg52
ID: 52
LENGTH: 0.010135
NUM ELEMENTS: 5
IN NODE: 52
OUT NODE: 53
IN AREA: 0.048757
OUT AREA: 0.036311
IN FLOW: 0.000000
MAT DATATABLE NAME: MAT1
LOSS TYPE: STENOSIS
BRANCH ANGLE: 0.000000
UPSTREAM SEGMENT: 51
BRANCH SEGMENT: 0
BOUNDARY CONDITIONS TYPE: NOBOUND
INLET DATA TABLE: NONE
--- 
SEGMENT N.: 53
NAME: branch0_seg53
ID: 53
LENGTH: 0.010135
NUM ELEMENTS: 5
IN NODE: 53
OUT NODE: 54
IN AREA: 0.048756
OUT AREA: 0.048749
IN FLOW: 0.000000
MAT DATATABLE NAME: MAT1
LOSS TYPE: STENOSIS
BRANCH ANGLE: 0.000000
UPSTREAM SEGMENT: 52
BRANCH SEGMENT: 0
BOUNDARY CONDITIONS TYPE: NOBOUND
INLET DATA TABLE: NONE
--- 
SEGMENT N.: 54
NAME: branch0_seg54
ID: 54
LENGTH: 0.010135
NUM ELEMENTS: 5
IN NODE: 54
OUT NODE: 55
IN AREA: 0.048744
OUT AREA: 0.048726
IN FLOW: 0.000000
MAT DATATABLE NAME: MAT1
LOSS TYPE: STENOSIS
BRANCH ANGLE: 0.000000
UPSTREAM SEGMENT: 53
BRANCH SEGMENT: 0
BOUNDARY CONDITIONS TYPE: NOBOUND
INLET DATA TABLE: NONE
--- 
SEGMENT N.: 55
NAME: branch0_seg55
ID: 55
LENGTH: 0.010135
NUM ELEMENTS: 5
IN NODE: 55
OUT NODE: 56
IN AREA: 0.048724
OUT AREA: 0.048710
IN FLOW: 0.000000
MAT DATATABLE NAME: MAT1
LOSS TYPE: STENOSIS
BRANCH ANGLE: 0.000000
UPSTREAM SEGMENT: 54
BRANCH SEGMENT: 0
BOUNDARY CONDITIONS TYPE: NOBOUND
INLET DATA TABLE: NONE
--- 
SEGMENT N.: 56
NAME: branch0_seg56
ID: 56
LENGTH: 0.010135
NUM ELEMENTS: 5
IN NODE: 56
OUT NODE: 57
IN AREA: 0.048706
OUT AREA: 0.048688
IN FLOW: 0.000000
MAT DATATABLE NAME: MAT1
LOSS TYPE: STENOSIS
BRANCH ANGLE: 0.000000
UPSTREAM SEGMENT: 55
BRANCH SEGMENT: 0
BOUNDARY CONDITIONS TYPE: NOBOUND
INLET DATA TABLE: NONE
--- 
SEGMENT N.: 57
NAME: branch0_seg57
ID: 57
LENGTH: 0.010135
NUM ELEMENTS: 5
IN NODE: 57
OUT NODE: 58
IN AREA: 0.030404
OUT AREA: 0.048701
IN FLOW: 0.000000
MAT DATATABLE NAME: MAT1
LOSS TYPE: STENOSIS
BRANCH ANGLE: 0.000000
UPSTREAM SEGMENT: 56
BRANCH SEGMENT: 0
BOUNDARY CONDITIONS TYPE: NOBOUND
INLET DATA TABLE: NONE
--- 
SEGMENT N.: 58
NAME: branch0_seg58
ID: 58
LENGTH: 0.010135
NUM ELEMENTS: 5
IN NODE: 58
OUT NODE: 59
IN AREA: 0.048703
OUT AREA: 0.048705
IN FLOW: 0.000000
MAT DATATABLE NAME: MAT1
LOSS TYPE: STENOSIS
BRANCH ANGLE: 0.000000
UPSTREAM SEGMENT: 57
BRANCH SEGMENT: 0
BOUNDARY CONDITIONS TYPE: NOBOUND
INLET DATA TABLE: NONE
--- 
SEGMENT N.: 59
NAME: branch0_seg59
ID: 59
LENGTH: 0.010135
NUM ELEMENTS: 5
IN NODE: 59
OUT NODE: 60
IN AREA: 0.048707
OUT AREA: 0.048704
IN FLOW: 0.000000
MAT DATATABLE NAME: MAT1
LOSS TYPE: STENOSIS
BRANCH ANGLE: 0.000000
UPSTREAM SEGMENT: 58
BRANCH SEGMENT: 0
BOUNDARY CONDITIONS TYPE: NOBOUND
INLET DATA TABLE: NONE
--- 
SEGMENT N.: 60
NAME: branch0_seg60
ID: 60
LENGTH: 0.010135
NUM ELEMENTS: 5
IN NODE: 60
OUT NODE: 61
IN AREA: 0.048704
OUT AREA: 0.048680
IN FLOW: 0.000000
MAT DATATABLE NAME: MAT1
LOSS TYPE: STENOSIS
BRANCH ANGLE: 0.000000
UPSTREAM SEGMENT: 59
BRANCH SEGMENT: 0
BOUNDARY CONDITIONS TYPE: NOBOUND
INLET DATA TABLE: NONE
--- 
SEGMENT N.: 61
NAME: branch0_seg61
ID: 61
LENGTH: 0.010135
NUM ELEMENTS: 5
IN NODE: 61
OUT NODE: 62
IN AREA: 0.048675
OUT AREA: 0.048650
IN FLOW: 0.000000
MAT DATATABLE NAME: MAT1
LOSS TYPE: STENOSIS
BRANCH ANGLE: 0.000000
UPSTREAM SEGMENT: 60
BRANCH SEGMENT: 0
BOUNDARY CONDITIONS TYPE: NOBOUND
INLET DATA TABLE: NONE
--- 
SEGMENT N.: 62
NAME: branch0_seg62
ID: 62
LENGTH: 0.010135
NUM ELEMENTS: 5
IN NODE: 62
OUT NODE: 63
IN AREA: 0.048648
OUT AREA: 0.026332
IN FLOW: 0.000000
MAT DATATABLE NAME: MAT1
LOSS TYPE: STENOSIS
BRANCH ANGLE: 0.000000
UPSTREAM SEGMENT: 61
BRANCH SEGMENT: 0
BOUNDARY CONDITIONS TYPE: NOBOUND
INLET DATA TABLE: NONE
--- 
SEGMENT N.: 63
NAME: branch0_seg63
ID: 63
LENGTH: 0.010135
NUM ELEMENTS: 5
IN NODE: 63
OUT NODE: 64
IN AREA: 0.048663
OUT AREA: 0.048673
IN FLOW: 0.000000
MAT DATATABLE NAME: MAT1
LOSS TYPE: STENOSIS
BRANCH ANGLE: 0.000000
UPSTREAM SEGMENT: 62
BRANCH SEGMENT: 0
BOUNDARY CONDITIONS TYPE: NOBOUND
INLET DATA TABLE: NONE
--- 
SEGMENT N.: 64
NAME: branch0_seg64
ID: 64
LENGTH: 0.010135
NUM ELEMENTS: 5
IN NODE: 64
OUT NODE: 65
IN AREA: 0.048677
OUT AREA: 0.048696
IN FLOW: 0.000000
MAT DATATABLE NAME: MAT1
LOSS TYPE: STENOSIS
BRANCH ANGLE: 0.000000
UPSTREAM SEGMENT: 63
BRANCH SEGMENT: 0
BOUNDARY CONDITIONS TYPE: NOBOUND
INLET DATA TABLE: NONE
--- 
SEGMENT N.: 65
NAME: branch0_seg65
ID: 65
LENGTH: 0.010135
NUM ELEMENTS: 5
IN NODE: 65
OUT NODE: 66
IN AREA: 0.048700
OUT AREA: 0.048708
IN FLOW: 0.000000
MAT DATATABLE NAME: MAT1
LOSS TYPE: STENOSIS
BRANCH ANGLE: 0.000000
UPSTREAM SEGMENT: 64
BRANCH SEGMENT: 0
BOUNDARY CONDITIONS TYPE: NOBOUND
INLET DATA TABLE: NONE
--- 
SEGMENT N.: 66
NAME: branch0_seg66
ID: 66
LENGTH: 0.010135
NUM ELEMENTS: 5
IN NODE: 66
OUT NODE: 67
IN AREA: 0.048712
OUT AREA: 0.048719
IN FLOW: 0.000000
MAT DATATABLE NAME: MAT1
LOSS TYPE: STENOSIS
BRANCH ANGLE: 0.000000
UPSTREAM SEGMENT: 65
BRANCH SEGMENT: 0
BOUNDARY CONDITIONS TYPE: NOBOUND
INLET DATA TABLE: NONE
--- 
SEGMENT N.: 67
NAME: branch0_seg67
ID: 67
LENGTH: 0.010135
NUM ELEMENTS: 5
IN NODE: 67
OUT NODE: 68
IN AREA: 0.048721
OUT AREA: 0.048722
IN FLOW: 0.000000
MAT DATATABLE NAME: MAT1
LOSS TYPE: STENOSIS
BRANCH ANGLE: 0.000000
UPSTREAM SEGMENT: 66
BRANCH SEGMENT: 0
BOUNDARY CONDITIONS TYPE: NOBOUND
INLET DATA TABLE: NONE
--- 
SEGMENT N.: 68
NAME: branch0_seg68
ID: 68
LENGTH: 0.010135
NUM ELEMENTS: 5
IN NODE: 68
OUT NODE: 69
IN AREA: 0.048716
OUT AREA: 0.048699
IN FLOW: 0.000000
MAT DATATABLE NAME: MAT1
LOSS TYPE: STENOSIS
BRANCH ANGLE: 0.000000
UPSTREAM SEGMENT: 67
BRANCH SEGMENT: 0
BOUNDARY CONDITIONS TYPE: NOBOUND
INLET DATA TABLE: NONE
--- 
SEGMENT N.: 69
NAME: branch0_seg69
ID: 69
LENGTH: 0.010135
NUM ELEMENTS: 5
IN NODE: 69
OUT NODE: 70
IN AREA: 0.048696
OUT AREA: 0.048674
IN FLOW: 0.000000
MAT DATATABLE NAME: MAT1
LOSS TYPE: STENOSIS
BRANCH ANGLE: 0.000000
UPSTREAM SEGMENT: 68
BRANCH SEGMENT: 0
BOUNDARY CONDITIONS TYPE: NOBOUND
INLET DATA TABLE: NONE
--- 
SEGMENT N.: 70
NAME: branch0_seg70
ID: 70
LENGTH: 0.010135
NUM ELEMENTS: 5
IN NODE: 70
OUT NODE: 71
IN AREA: 0.048672
OUT AREA: 0.048675
IN FLOW: 0.000000
MAT DATATABLE NAME: MAT1
LOSS TYPE: STENOSIS
BRANCH ANGLE: 0.000000
UPSTREAM SEGMENT: 69
BRANCH SEGMENT: 0
BOUNDARY CONDITIONS TYPE: NOBOUND
INLET DATA TABLE: NONE
--- 
SEGMENT N.: 71
NAME: branch0_seg71
ID: 71
LENGTH: 0.010135
NUM ELEMENTS: 5
IN NODE: 71
OUT NODE: 72
IN AREA: 0.048667
OUT AREA: 0.048662
IN FLOW: 0.000000
MAT DATATABLE NAME: MAT1
LOSS TYPE: STENOSIS
BRANCH ANGLE: 0.000000
UPSTREAM SEGMENT: 70
BRANCH SEGMENT: 0
BOUNDARY CONDITIONS TYPE: NOBOUND
INLET DATA TABLE: NONE
--- 
SEGMENT N.: 72
NAME: branch0_seg72
ID: 72
LENGTH: 0.010135
NUM ELEMENTS: 5
IN NODE: 72
OUT NODE: 73
IN AREA: 0.048659
OUT AREA: 0.020896
IN FLOW: 0.000000
MAT DATATABLE NAME: MAT1
LOSS TYPE: STENOSIS
BRANCH ANGLE: 0.000000
UPSTREAM SEGMENT: 71
BRANCH SEGMENT: 0
BOUNDARY CONDITIONS TYPE: NOBOUND
INLET DATA TABLE: NONE
--- 
SEGMENT N.: 73
NAME: branch0_seg73
ID: 73
LENGTH: 0.010135
NUM ELEMENTS: 5
IN NODE: 73
OUT NODE: 74
IN AREA: 0.048664
OUT AREA: 0.048681
IN FLOW: 0.000000
MAT DATATABLE NAME: MAT1
LOSS TYPE: STENOSIS
BRANCH ANGLE: 0.000000
UPSTREAM SEGMENT: 72
BRANCH SEGMENT: 0
BOUNDARY CONDITIONS TYPE: NOBOUND
INLET DATA TABLE: NONE
--- 
SEGMENT N.: 74
NAME: branch0_seg74
ID: 74
LENGTH: 0.010135
NUM ELEMENTS: 5
IN NODE: 74
OUT NODE: 75
IN AREA: 0.048689
OUT AREA: 0.048715
IN FLOW: 0.000000
MAT DATATABLE NAME: MAT1
LOSS TYPE: STENOSIS
BRANCH ANGLE: 0.000000
UPSTREAM SEGMENT: 73
BRANCH SEGMENT: 0
BOUNDARY CONDITIONS TYPE: NOBOUND
INLET DATA TABLE: NONE
--- 
SEGMENT N.: 75
NAME: branch0_seg75
ID: 75
LENGTH: 0.010135
NUM ELEMENTS: 5
IN NODE: 75
OUT NODE: 76
IN AREA: 0.048717
OUT AREA: 0.046879
IN FLOW: 0.000000
MAT DATATABLE NAME: MAT1
LOSS TYPE: STENOSIS
BRANCH ANGLE: 0.000000
UPSTREAM SEGMENT: 74
BRANCH SEGMENT: 0
BOUNDARY CONDITIONS TYPE: NOBOUND
INLET DATA TABLE: NONE
--- 
SEGMENT N.: 76
NAME: branch0_seg76
ID: 76
LENGTH: 0.010135
NUM ELEMENTS: 5
IN NODE: 76
OUT NODE: 77
IN AREA: 0.048734
OUT AREA: 0.048743
IN FLOW: 0.000000
MAT DATATABLE NAME: MAT1
LOSS TYPE: STENOSIS
BRANCH ANGLE: 0.000000
UPSTREAM SEGMENT: 75
BRANCH SEGMENT: 0
BOUNDARY CONDITIONS TYPE: NOBOUND
INLET DATA TABLE: NONE
--- 
SEGMENT N.: 77
NAME: branch0_seg77
ID: 77
LENGTH: 0.010135
NUM ELEMENTS: 5
IN NODE: 77
OUT NODE: 78
IN AREA: 0.048743
OUT AREA: 0.018639
IN FLOW: 0.000000
MAT DATATABLE NAME: MAT1
LOSS TYPE: STENOSIS
BRANCH ANGLE: 0.000000
UPSTREAM SEGMENT: 76
BRANCH SEGMENT: 0
BOUNDARY CONDITIONS TYPE: NOBOUND
INLET DATA TABLE: NONE
--- 
SEGMENT N.: 78
NAME: branch0_seg78
ID: 78
LENGTH: 0.010135
NUM ELEMENTS: 5
IN NODE: 78
OUT NODE: 79
IN AREA: 0.048736
OUT AREA: 0.048722
IN FLOW: 0.000000
MAT DATATABLE NAME: MAT1
LOSS TYPE: STENOSIS
BRANCH ANGLE: 0.000000
UPSTREAM SEGMENT: 77
BRANCH SEGMENT: 0
BOUNDARY CONDITIONS TYPE: NOBOUND
INLET DATA TABLE: NONE
--- 
SEGMENT N.: 79
NAME: branch0_seg79
ID: 79
LENGTH: 0.010135
NUM ELEMENTS: 5
IN NODE: 79
OUT NODE: 80
IN AREA: 0.048721
OUT AREA: 0.048708
IN FLOW: 0.000000
MAT DATATABLE NAME: MAT1
LOSS TYPE: STENOSIS
BRANCH ANGLE: 0.000000
UPSTREAM SEGMENT: 78
BRANCH SEGMENT: 0
BOUNDARY CONDITIONS TYPE: NOBOUND
INLET DATA TABLE: NONE
--- 
SEGMENT N.: 80
NAME: branch0_seg80
ID: 80
LENGTH: 0.010135
NUM ELEMENTS: 5
IN NODE: 80
OUT NODE: 81
IN AREA: 0.048709
OUT AREA: 0.048713
IN FLOW: 0.000000
MAT DATATABLE NAME: MAT1
LOSS TYPE: STENOSIS
BRANCH ANGLE: 0.000000
UPSTREAM SEGMENT: 79
BRANCH SEGMENT: 0
BOUNDARY CONDITIONS TYPE: NOBOUND
INLET DATA TABLE: NONE
--- 
SEGMENT N.: 81
NAME: branch0_seg81
ID: 81
LENGTH: 0.010135
NUM ELEMENTS: 5
IN NODE: 81
OUT NODE: 82
IN AREA: 0.048707
OUT AREA: 0.048699
IN FLOW: 0.000000
MAT DATATABLE NAME: MAT1
LOSS TYPE: STENOSIS
BRANCH ANGLE: 0.000000
UPSTREAM SEGMENT: 80
BRANCH SEGMENT: 0
BOUNDARY CONDITIONS TYPE: NOBOUND
INLET DATA TABLE: NONE
--- 
SEGMENT N.: 82
NAME: branch0_seg82
ID: 82
LENGTH: 0.010135
NUM ELEMENTS: 5
IN NODE: 82
OUT NODE: 83
IN AREA: 0.048700
OUT AREA: 0.048703
IN FLOW: 0.000000
MAT DATATABLE NAME: MAT1
LOSS TYPE: STENOSIS
BRANCH ANGLE: 0.000000
UPSTREAM SEGMENT: 81
BRANCH SEGMENT: 0
BOUNDARY CONDITIONS TYPE: NOBOUND
INLET DATA TABLE: NONE
--- 
SEGMENT N.: 83
NAME: branch0_seg83
ID: 83
LENGTH: 0.010135
NUM ELEMENTS: 5
IN NODE: 83
OUT NODE: 84
IN AREA: 0.048707
OUT AREA: 0.048718
IN FLOW: 0.000000
MAT DATATABLE NAME: MAT1
LOSS TYPE: STENOSIS
BRANCH ANGLE: 0.000000
UPSTREAM SEGMENT: 82
BRANCH SEGMENT: 0
BOUNDARY CONDITIONS TYPE: NOBOUND
INLET DATA TABLE: NONE
--- 
SEGMENT N.: 84
NAME: branch0_seg84
ID: 84
LENGTH: 0.010135
NUM ELEMENTS: 5
IN NODE: 84
OUT NODE: 85
IN AREA: 0.048721
OUT AREA: 0.048735
IN FLOW: 0.000000
MAT DATATABLE NAME: MAT1
LOSS TYPE: STENOSIS
BRANCH ANGLE: 0.000000
UPSTREAM SEGMENT: 83
BRANCH SEGMENT: 0
BOUNDARY CONDITIONS TYPE: NOBOUND
INLET DATA TABLE: NONE
--- 
SEGMENT N.: 85
NAME: branch0_seg85
ID: 85
LENGTH: 0.010135
NUM ELEMENTS: 5
IN NODE: 85
OUT NODE: 86
IN AREA: 0.048747
OUT AREA: 0.048743
IN FLOW: 0.000000
MAT DATATABLE NAME: MAT1
LOSS TYPE: STENOSIS
BRANCH ANGLE: 0.000000
UPSTREAM SEGMENT: 84
BRANCH SEGMENT: 0
BOUNDARY CONDITIONS TYPE: NOBOUND
INLET DATA TABLE: NONE
--- 
SEGMENT N.: 86
NAME: branch0_seg86
ID: 86
LENGTH: 0.010135
NUM ELEMENTS: 5
IN NODE: 86
OUT NODE: 87
IN AREA: 0.048743
OUT AREA: 0.048743
IN FLOW: 0.000000
MAT DATATABLE NAME: MAT1
LOSS TYPE: STENOSIS
BRANCH ANGLE: 0.000000
UPSTREAM SEGMENT: 85
BRANCH SEGMENT: 0
BOUNDARY CONDITIONS TYPE: NOBOUND
INLET DATA TABLE: NONE
--- 
SEGMENT N.: 87
NAME: branch0_seg87
ID: 87
LENGTH: 0.010135
NUM ELEMENTS: 5
IN NODE: 87
OUT NODE: 88
IN AREA: 0.048739
OUT AREA: 0.047456
IN FLOW: 0.000000
MAT DATATABLE NAME: MAT1
LOSS TYPE: STENOSIS
BRANCH ANGLE: 0.000000
UPSTREAM SEGMENT: 86
BRANCH SEGMENT: 0
BOUNDARY CONDITIONS TYPE: NOBOUND
INLET DATA TABLE: NONE
--- 
SEGMENT N.: 88
NAME: branch0_seg88
ID: 88
LENGTH: 0.010135
NUM ELEMENTS: 5
IN NODE: 88
OUT NODE: 89
IN AREA: 0.048726
OUT AREA: 0.048714
IN FLOW: 0.000000
MAT DATATABLE NAME: MAT1
LOSS TYPE: STENOSIS
BRANCH ANGLE: 0.000000
UPSTREAM SEGMENT: 87
BRANCH SEGMENT: 0
BOUNDARY CONDITIONS TYPE: NOBOUND
INLET DATA TABLE: NONE
--- 
SEGMENT N.: 89
NAME: branch0_seg89
ID: 89
LENGTH: 0.010135
NUM ELEMENTS: 5
IN NODE: 89
OUT NODE: 90
IN AREA: 0.048712
OUT AREA: 0.048714
IN FLOW: 0.000000
MAT DATATABLE NAME: MAT1
LOSS TYPE: STENOSIS
BRANCH ANGLE: 0.000000
UPSTREAM SEGMENT: 88
BRANCH SEGMENT: 0
BOUNDARY CONDITIONS TYPE: NOBOUND
INLET DATA TABLE: NONE
--- 
SEGMENT N.: 90
NAME: branch0_seg90
ID: 90
LENGTH: 0.010135
NUM ELEMENTS: 5
IN NODE: 90
OUT NODE: 91
IN AREA: 0.048718
OUT AREA: 0.048720
IN FLOW: 0.000000
MAT DATATABLE NAME: MAT1
LOSS TYPE: STENOSIS
BRANCH ANGLE: 0.000000
UPSTREAM SEGMENT: 89
BRANCH SEGMENT: 0
BOUNDARY CONDITIONS TYPE: NOBOUND
INLET DATA TABLE: NONE
--- 
SEGMENT N.: 91
NAME: branch0_seg91
ID: 91
LENGTH: 0.010135
NUM ELEMENTS: 5
IN NODE: 91
OUT NODE: 92
IN AREA: 0.048723
OUT AREA: 0.048728
IN FLOW: 0.000000
MAT DATATABLE NAME: MAT1
LOSS TYPE: STENOSIS
BRANCH ANGLE: 0.000000
UPSTREAM SEGMENT: 90
BRANCH SEGMENT: 0
BOUNDARY CONDITIONS TYPE: NOBOUND
INLET DATA TABLE: NONE
--- 
SEGMENT N.: 92
NAME: branch0_seg92
ID: 92
LENGTH: 0.010135
NUM ELEMENTS: 5
IN NODE: 92
OUT NODE: 93
IN AREA: 0.048726
OUT AREA: 0.048713
IN FLOW: 0.000000
MAT DATATABLE NAME: MAT1
LOSS TYPE: STENOSIS
BRANCH ANGLE: 0.000000
UPSTREAM SEGMENT: 91
BRANCH SEGMENT: 0
BOUNDARY CONDITIONS TYPE: NOBOUND
INLET DATA TABLE: NONE
--- 
SEGMENT N.: 93
NAME: branch0_seg93
ID: 93
LENGTH: 0.010135
NUM ELEMENTS: 5
IN NODE: 93
OUT NODE: 94
IN AREA: 0.041673
OUT AREA: 0.048706
IN FLOW: 0.000000
MAT DATATABLE NAME: MAT1
LOSS TYPE: STENOSIS
BRANCH ANGLE: 0.000000
UPSTREAM SEGMENT: 92
BRANCH SEGMENT: 0
BOUNDARY CONDITIONS TYPE: NOBOUND
INLET DATA TABLE: NONE
--- 
SEGMENT N.: 94
NAME: branch0_seg94
ID: 94
LENGTH: 0.010135
NUM ELEMENTS: 5
IN NODE: 94
OUT NODE: 95
IN AREA: 0.048698
OUT AREA: 0.048694
IN FLOW: 0.000000
MAT DATATABLE NAME: MAT1
LOSS TYPE: STENOSIS
BRANCH ANGLE: 0.000000
UPSTREAM SEGMENT: 93
BRANCH SEGMENT: 0
BOUNDARY CONDITIONS TYPE: NOBOUND
INLET DATA TABLE: NONE
--- 
SEGMENT N.: 95
NAME: branch0_seg95
ID: 95
LENGTH: 0.010135
NUM ELEMENTS: 5
IN NODE: 95
OUT NODE: 96
IN AREA: 0.024906
OUT AREA: 0.048693
IN FLOW: 0.000000
MAT DATATABLE NAME: MAT1
LOSS TYPE: STENOSIS
BRANCH ANGLE: 0.000000
UPSTREAM SEGMENT: 94
BRANCH SEGMENT: 0
BOUNDARY CONDITIONS TYPE: NOBOUND
INLET DATA TABLE: NONE
--- 
SEGMENT N.: 96
NAME: branch0_seg96
ID: 96
LENGTH: 0.010135
NUM ELEMENTS: 5
IN NODE: 96
OUT NODE: 97
IN AREA: 0.048690
OUT AREA: 0.048682
IN FLOW: 0.000000
MAT DATATABLE NAME: MAT1
LOSS TYPE: STENOSIS
BRANCH ANGLE: 0.000000
UPSTREAM SEGMENT: 95
BRANCH SEGMENT: 0
BOUNDARY CONDITIONS TYPE: NOBOUND
INLET DATA TABLE: NONE
--- 
SEGMENT N.: 97
NAME: branch0_seg97
ID: 97
LENGTH: 0.010135
NUM ELEMENTS: 5
IN NODE: 97
OUT NODE: 98
IN AREA: 0.048683
OUT AREA: 0.024620
IN FLOW: 0.000000
MAT DATATABLE NAME: MAT1
LOSS TYPE: STENOSIS
BRANCH ANGLE: 0.000000
UPSTREAM SEGMENT: 96
BRANCH SEGMENT: 0
BOUNDARY CONDITIONS TYPE: NOBOUND
INLET DATA TABLE: NONE
--- 
SEGMENT N.: 98
NAME: branch0_seg98
ID: 98
LENGTH: 0.010135
NUM ELEMENTS: 5
IN NODE: 98
OUT NODE: 99
IN AREA: 0.048688
OUT AREA: 0.048692
IN FLOW: 0.000000
MAT DATATABLE NAME: MAT1
LOSS TYPE: STENOSIS
BRANCH ANGLE: 0.000000
UPSTREAM SEGMENT: 97
BRANCH SEGMENT: 0
BOUNDARY CONDITIONS TYPE: NOBOUND
INLET DATA TABLE: NONE
--- 
SEGMENT N.: 99
NAME: branch0_seg99
ID: 99
LENGTH: 0.010135
NUM ELEMENTS: 5
IN NODE: 99
OUT NODE: 100
IN AREA: 0.035721
OUT AREA: 0.021820
IN FLOW: 0.000000
MAT DATATABLE NAME: MAT1
LOSS TYPE: STENOSIS
BRANCH ANGLE: 0.000000
UPSTREAM SEGMENT: 98
BRANCH SEGMENT: 0
BOUNDARY CONDITIONS TYPE: NOBOUND
INLET DATA TABLE: NONE
--- 
SEGMENT N.: 100
NAME: branch0_seg100
ID: 100
LENGTH: 0.010135
NUM ELEMENTS: 5
IN NODE: 100
OUT NODE: 101
IN AREA: 0.046997
OUT AREA: 0.048685
IN FLOW: 0.000000
MAT DATATABLE NAME: MAT1
LOSS TYPE: STENOSIS
BRANCH ANGLE: 0.000000
UPSTREAM SEGMENT: 99
BRANCH SEGMENT: 0
BOUNDARY CONDITIONS TYPE: NOBOUND
INLET DATA TABLE: NONE
--- 
SEGMENT N.: 101
NAME: branch0_seg101
ID: 101
LENGTH: 0.010135
NUM ELEMENTS: 5
IN NODE: 101
OUT NODE: 102
IN AREA: 0.048694
OUT AREA: 0.048698
IN FLOW: 0.000000
MAT DATATABLE NAME: MAT1
LOSS TYPE: STENOSIS
BRANCH ANGLE: 0.000000
UPSTREAM SEGMENT: 100
BRANCH SEGMENT: 0
BOUNDARY CONDITIONS TYPE: NOBOUND
INLET DATA TABLE: NONE
--- 
SEGMENT N.: 102
NAME: branch0_seg102
ID: 102
LENGTH: 0.010135
NUM ELEMENTS: 5
IN NODE: 102
OUT NODE: 103
IN AREA: 0.048702
OUT AREA: 0.048704
IN FLOW: 0.000000
MAT DATATABLE NAME: MAT1
LOSS TYPE: STENOSIS
BRANCH ANGLE: 0.000000
UPSTREAM SEGMENT: 101
BRANCH SEGMENT: 0
BOUNDARY CONDITIONS TYPE: NOBOUND
INLET DATA TABLE: NONE
--- 
SEGMENT N.: 103
NAME: branch0_seg103
ID: 103
LENGTH: 0.010135
NUM ELEMENTS: 5
IN NODE: 103
OUT NODE: 104
IN AREA: 0.048706
OUT AREA: 0.048713
IN FLOW: 0.000000
MAT DATATABLE NAME: MAT1
LOSS TYPE: STENOSIS
BRANCH ANGLE: 0.000000
UPSTREAM SEGMENT: 102
BRANCH SEGMENT: 0
BOUNDARY CONDITIONS TYPE: NOBOUND
INLET DATA TABLE: NONE
--- 
SEGMENT N.: 104
NAME: branch0_seg104
ID: 104
LENGTH: 0.010135
NUM ELEMENTS: 5
IN NODE: 104
OUT NODE: 105
IN AREA: 0.048713
OUT AREA: 0.048729
IN FLOW: 0.000000
MAT DATATABLE NAME: MAT1
LOSS TYPE: STENOSIS
BRANCH ANGLE: 0.000000
UPSTREAM SEGMENT: 103
BRANCH SEGMENT: 0
BOUNDARY CONDITIONS TYPE: NOBOUND
INLET DATA TABLE: NONE
--- 
SEGMENT N.: 105
NAME: branch0_seg105
ID: 105
LENGTH: 0.010135
NUM ELEMENTS: 5
IN NODE: 105
OUT NODE: 106
IN AREA: 0.048730
OUT AREA: 0.048725
IN FLOW: 0.000000
MAT DATATABLE NAME: MAT1
LOSS TYPE: STENOSIS
BRANCH ANGLE: 0.000000
UPSTREAM SEGMENT: 104
BRANCH SEGMENT: 0
BOUNDARY CONDITIONS TYPE: NOBOUND
INLET DATA TABLE: NONE
--- 
SEGMENT N.: 106
NAME: branch0_seg106
ID: 106
LENGTH: 0.010135
NUM ELEMENTS: 5
IN NODE: 106
OUT NODE: 107
IN AREA: 0.048719
OUT AREA: 0.048708
IN FLOW: 0.000000
MAT DATATABLE NAME: MAT1
LOSS TYPE: STENOSIS
BRANCH ANGLE: 0.000000
UPSTREAM SEGMENT: 105
BRANCH SEGMENT: 0
BOUNDARY CONDITIONS TYPE: NOBOUND
INLET DATA TABLE: NONE
--- 
SEGMENT N.: 107
NAME: branch0_seg107
ID: 107
LENGTH: 0.010135
NUM ELEMENTS: 5
IN NODE: 107
OUT NODE: 108
IN AREA: 0.048706
OUT AREA: 0.048711
IN FLOW: 0.000000
MAT DATATABLE NAME: MAT1
LOSS TYPE: STENOSIS
BRANCH ANGLE: 0.000000
UPSTREAM SEGMENT: 106
BRANCH SEGMENT: 0
BOUNDARY CONDITIONS TYPE: NOBOUND
INLET DATA TABLE: NONE
--- 
SEGMENT N.: 108
NAME: branch0_seg108
ID: 108
LENGTH: 0.010135
NUM ELEMENTS: 5
IN NODE: 108
OUT NODE: 109
IN AREA: 0.048712
OUT AREA: 0.048717
IN FLOW: 0.000000
MAT DATATABLE NAME: MAT1
LOSS TYPE: STENOSIS
BRANCH ANGLE: 0.000000
UPSTREAM SEGMENT: 107
BRANCH SEGMENT: 0
BOUNDARY CONDITIONS TYPE: NOBOUND
INLET DATA TABLE: NONE
--- 
SEGMENT N.: 109
NAME: branch0_seg109
ID: 109
LENGTH: 0.010135
NUM ELEMENTS: 5
IN NODE: 109
OUT NODE: 110
IN AREA: 0.043074
OUT AREA: 0.048712
IN FLOW: 0.000000
MAT DATATABLE NAME: MAT1
LOSS TYPE: STENOSIS
BRANCH ANGLE: 0.000000
UPSTREAM SEGMENT: 108
BRANCH SEGMENT: 0
BOUNDARY CONDITIONS TYPE: NOBOUND
INLET DATA TABLE: NONE
--- 
SEGMENT N.: 110
NAME: branch0_seg110
ID: 110
LENGTH: 0.010135
NUM ELEMENTS: 5
IN NODE: 110
OUT NODE: 111
IN AREA: 0.048711
OUT AREA: 0.048713
IN FLOW: 0.000000
MAT DATATABLE NAME: MAT1
LOSS TYPE: STENOSIS
BRANCH ANGLE: 0.000000
UPSTREAM SEGMENT: 109
BRANCH SEGMENT: 0
BOUNDARY CONDITIONS TYPE: NOBOUND
INLET DATA TABLE: NONE
--- 
SEGMENT N.: 111
NAME: branch0_seg111
ID: 111
LENGTH: 0.010135
NUM ELEMENTS: 5
IN NODE: 111
OUT NODE: 112
IN AREA: 0.048712
OUT AREA: 0.048710
IN FLOW: 0.000000
MAT DATATABLE NAME: MAT1
LOSS TYPE: STENOSIS
BRANCH ANGLE: 0.000000
UPSTREAM SEGMENT: 110
BRANCH SEGMENT: 0
BOUNDARY CONDITIONS TYPE: NOBOUND
INLET DATA TABLE: NONE
--- 
SEGMENT N.: 112
NAME: branch0_seg112
ID: 112
LENGTH: 0.010135
NUM ELEMENTS: 5
IN NODE: 112
OUT NODE: 113
IN AREA: 0.048712
OUT AREA: 0.048703
IN FLOW: 0.000000
MAT DATATABLE NAME: MAT1
LOSS TYPE: STENOSIS
BRANCH ANGLE: 0.000000
UPSTREAM SEGMENT: 111
BRANCH SEGMENT: 0
BOUNDARY CONDITIONS TYPE: NOBOUND
INLET DATA TABLE: NONE
--- 
SEGMENT N.: 113
NAME: branch0_seg113
ID: 113
LENGTH: 0.010135
NUM ELEMENTS: 5
IN NODE: 113
OUT NODE: 114
IN AREA: 0.048705
OUT AREA: 0.048709
IN FLOW: 0.000000
MAT DATATABLE NAME: MAT1
LOSS TYPE: STENOSIS
BRANCH ANGLE: 0.000000
UPSTREAM SEGMENT: 112
BRANCH SEGMENT: 0
BOUNDARY CONDITIONS TYPE: NOBOUND
INLET DATA TABLE: NONE
--- 
SEGMENT N.: 114
NAME: branch0_seg114
ID: 114
LENGTH: 0.010135
NUM ELEMENTS: 5
IN NODE: 114
OUT NODE: 115
IN AREA: 0.048704
OUT AREA: 0.048710
IN FLOW: 0.000000
MAT DATATABLE NAME: MAT1
LOSS TYPE: STENOSIS
BRANCH ANGLE: 0.000000
UPSTREAM SEGMENT: 113
BRANCH SEGMENT: 0
BOUNDARY CONDITIONS TYPE: NOBOUND
INLET DATA TABLE: NONE
--- 
SEGMENT N.: 115
NAME: branch0_seg115
ID: 115
LENGTH: 0.010135
NUM ELEMENTS: 5
IN NODE: 115
OUT NODE: 116
IN AREA: 0.048714
OUT AREA: 0.048723
IN FLOW: 0.000000
MAT DATATABLE NAME: MAT1
LOSS TYPE: STENOSIS
BRANCH ANGLE: 0.000000
UPSTREAM SEGMENT: 114
BRANCH SEGMENT: 0
BOUNDARY CONDITIONS TYPE: NOBOUND
INLET DATA TABLE: NONE
--- 
SEGMENT N.: 116
NAME: branch0_seg116
ID: 116
LENGTH: 0.010135
NUM ELEMENTS: 5
IN NODE: 116
OUT NODE: 117
IN AREA: 0.046954
OUT AREA: 0.048716
IN FLOW: 0.000000
MAT DATATABLE NAME: MAT1
LOSS TYPE: STENOSIS
BRANCH ANGLE: 0.000000
UPSTREAM SEGMENT: 115
BRANCH SEGMENT: 0
BOUNDARY CONDITIONS TYPE: NOBOUND
INLET DATA TABLE: NONE
--- 
SEGMENT N.: 117
NAME: branch0_seg117
ID: 117
LENGTH: 0.010135
NUM ELEMENTS: 5
IN NODE: 117
OUT NODE: 118
IN AREA: 0.048725
OUT AREA: 0.048710
IN FLOW: 0.000000
MAT DATATABLE NAME: MAT1
LOSS TYPE: STENOSIS
BRANCH ANGLE: 0.000000
UPSTREAM SEGMENT: 116
BRANCH SEGMENT: 0
BOUNDARY CONDITIONS TYPE: NOBOUND
INLET DATA TABLE: NONE
--- 
SEGMENT N.: 118
NAME: branch0_seg118
ID: 118
LENGTH: 0.010135
NUM ELEMENTS: 5
IN NODE: 118
OUT NODE: 119
IN AREA: 0.048709
OUT AREA: 0.048706
IN FLOW: 0.000000
MAT DATATABLE NAME: MAT1
LOSS TYPE: STENOSIS
BRANCH ANGLE: 0.000000
UPSTREAM SEGMENT: 117
BRANCH SEGMENT: 0
BOUNDARY CONDITIONS TYPE: NOBOUND
INLET DATA TABLE: NONE
--- 
SEGMENT N.: 119
NAME: branch0_seg119
ID: 119
LENGTH: 0.010135
NUM ELEMENTS: 5
IN NODE: 119
OUT NODE: 120
IN AREA: 0.048706
OUT AREA: 0.048715
IN FLOW: 0.000000
MAT DATATABLE NAME: MAT1
LOSS TYPE: STENOSIS
BRANCH ANGLE: 0.000000
UPSTREAM SEGMENT: 118
BRANCH SEGMENT: 0
BOUNDARY CONDITIONS TYPE: NOBOUND
INLET DATA TABLE: NONE
--- 
SEGMENT N.: 120
NAME: branch0_seg120
ID: 120
LENGTH: 0.010135
NUM ELEMENTS: 5
IN NODE: 120
OUT NODE: 121
IN AREA: 0.048714
OUT AREA: 0.048712
IN FLOW: 0.000000
MAT DATATABLE NAME: MAT1
LOSS TYPE: STENOSIS
BRANCH ANGLE: 0.000000
UPSTREAM SEGMENT: 119
BRANCH SEGMENT: 0
BOUNDARY CONDITIONS TYPE: NOBOUND
INLET DATA TABLE: NONE
--- 
SEGMENT N.: 121
NAME: branch0_seg121
ID: 121
LENGTH: 0.010135
NUM ELEMENTS: 5
IN NODE: 121
OUT NODE: 122
IN AREA: 0.048714
OUT AREA: 0.048707
IN FLOW: 0.000000
MAT DATATABLE NAME: MAT1
LOSS TYPE: STENOSIS
BRANCH ANGLE: 0.000000
UPSTREAM SEGMENT: 120
BRANCH SEGMENT: 0
BOUNDARY CONDITIONS TYPE: NOBOUND
INLET DATA TABLE: NONE
--- 
SEGMENT N.: 122
NAME: branch0_seg122
ID: 122
LENGTH: 0.010135
NUM ELEMENTS: 5
IN NODE: 122
OUT NODE: 123
IN AREA: 0.048706
OUT AREA: 0.048701
IN FLOW: 0.000000
MAT DATATABLE NAME: MAT1
LOSS TYPE: STENOSIS
BRANCH ANGLE: 0.000000
UPSTREAM SEGMENT: 121
BRANCH SEGMENT: 0
BOUNDARY CONDITIONS TYPE: NOBOUND
INLET DATA TABLE: NONE
--- 
SEGMENT N.: 123
NAME: branch0_seg123
ID: 123
LENGTH: 0.010135
NUM ELEMENTS: 5
IN NODE: 123
OUT NODE: 124
IN AREA: 0.048696
OUT AREA: 0.048687
IN FLOW: 0.000000
MAT DATATABLE NAME: MAT1
LOSS TYPE: STENOSIS
BRANCH ANGLE: 0.000000
UPSTREAM SEGMENT: 122
BRANCH SEGMENT: 0
BOUNDARY CONDITIONS TYPE: NOBOUND
INLET DATA TABLE: NONE
--- 
SEGMENT N.: 124
NAME: branch0_seg124
ID: 124
LENGTH: 0.010135
NUM ELEMENTS: 5
IN NODE: 124
OUT NODE: 125
IN AREA: 0.048684
OUT AREA: 0.048670
IN FLOW: 0.000000
MAT DATATABLE NAME: MAT1
LOSS TYPE: STENOSIS
BRANCH ANGLE: 0.000000
UPSTREAM SEGMENT: 123
BRANCH SEGMENT: 0
BOUNDARY CONDITIONS TYPE: NOBOUND
INLET DATA TABLE: NONE
--- 
SEGMENT N.: 125
NAME: branch0_seg125
ID: 125
LENGTH: 0.010135
NUM ELEMENTS: 5
IN NODE: 125
OUT NODE: 126
IN AREA: 0.048667
OUT AREA: 0.048665
IN FLOW: 0.000000
MAT DATATABLE NAME: MAT1
LOSS TYPE: STENOSIS
BRANCH ANGLE: 0.000000
UPSTREAM SEGMENT: 124
BRANCH SEGMENT: 0
BOUNDARY CONDITIONS TYPE: NOBOUND
INLET DATA TABLE: NONE
--- 
SEGMENT N.: 126
NAME: branch0_seg126
ID: 126
LENGTH: 0.010135
NUM ELEMENTS: 5
IN NODE: 126
OUT NODE: 127
IN AREA: 0.048664
OUT AREA: 0.048674
IN FLOW: 0.000000
MAT DATATABLE NAME: MAT1
LOSS TYPE: STENOSIS
BRANCH ANGLE: 0.000000
UPSTREAM SEGMENT: 125
BRANCH SEGMENT: 0
BOUNDARY CONDITIONS TYPE: NOBOUND
INLET DATA TABLE: NONE
--- 
SEGMENT N.: 127
NAME: branch0_seg127
ID: 127
LENGTH: 0.010135
NUM ELEMENTS: 5
IN NODE: 127
OUT NODE: 128
IN AREA: 0.048679
OUT AREA: 0.048688
IN FLOW: 0.000000
MAT DATATABLE NAME: MAT1
LOSS TYPE: STENOSIS
BRANCH ANGLE: 0.000000
UPSTREAM SEGMENT: 126
BRANCH SEGMENT: 0
BOUNDARY CONDITIONS TYPE: NOBOUND
INLET DATA TABLE: NONE
--- 
SEGMENT N.: 128
NAME: branch0_seg128
ID: 128
LENGTH: 0.010135
NUM ELEMENTS: 5
IN NODE: 128
OUT NODE: 129
IN AREA: 0.048692
OUT AREA: 0.048694
IN FLOW: 0.000000
MAT DATATABLE NAME: MAT1
LOSS TYPE: STENOSIS
BRANCH ANGLE: 0.000000
UPSTREAM SEGMENT: 127
BRANCH SEGMENT: 0
BOUNDARY CONDITIONS TYPE: NOBOUND
INLET DATA TABLE: NONE
--- 
SEGMENT N.: 129
NAME: branch0_seg129
ID: 129
LENGTH: 0.010135
NUM ELEMENTS: 5
IN NODE: 129
OUT NODE: 130
IN AREA: 0.048699
OUT AREA: 0.048702
IN FLOW: 0.000000
MAT DATATABLE NAME: MAT1
LOSS TYPE: STENOSIS
BRANCH ANGLE: 0.000000
UPSTREAM SEGMENT: 128
BRANCH SEGMENT: 0
BOUNDARY CONDITIONS TYPE: NOBOUND
INLET DATA TABLE: NONE
--- 
SEGMENT N.: 130
NAME: branch0_seg130
ID: 130
LENGTH: 0.010135
NUM ELEMENTS: 5
IN NODE: 130
OUT NODE: 131
IN AREA: 0.048702
OUT AREA: 0.048696
IN FLOW: 0.000000
MAT DATATABLE NAME: MAT1
LOSS TYPE: STENOSIS
BRANCH ANGLE: 0.000000
UPSTREAM SEGMENT: 129
BRANCH SEGMENT: 0
BOUNDARY CONDITIONS TYPE: NOBOUND
INLET DATA TABLE: NONE
--- 
SEGMENT N.: 131
NAME: branch0_seg131
ID: 131
LENGTH: 0.010135
NUM ELEMENTS: 5
IN NODE: 131
OUT NODE: 132
IN AREA: 0.048692
OUT AREA: 0.048692
IN FLOW: 0.000000
MAT DATATABLE NAME: MAT1
LOSS TYPE: STENOSIS
BRANCH ANGLE: 0.000000
UPSTREAM SEGMENT: 130
BRANCH SEGMENT: 0
BOUNDARY CONDITIONS TYPE: NOBOUND
INLET DATA TABLE: NONE
--- 
SEGMENT N.: 132
NAME: branch0_seg132
ID: 132
LENGTH: 0.010135
NUM ELEMENTS: 5
IN NODE: 132
OUT NODE: 133
IN AREA: 0.048694
OUT AREA: 0.048704
IN FLOW: 0.000000
MAT DATATABLE NAME: MAT1
LOSS TYPE: STENOSIS
BRANCH ANGLE: 0.000000
UPSTREAM SEGMENT: 131
BRANCH SEGMENT: 0
BOUNDARY CONDITIONS TYPE: NOBOUND
INLET DATA TABLE: NONE
--- 
SEGMENT N.: 133
NAME: branch0_seg133
ID: 133
LENGTH: 0.010135
NUM ELEMENTS: 5
IN NODE: 133
OUT NODE: 134
IN AREA: 0.048707
OUT AREA: 0.048710
IN FLOW: 0.000000
MAT DATATABLE NAME: MAT1
LOSS TYPE: STENOSIS
BRANCH ANGLE: 0.000000
UPSTREAM SEGMENT: 132
BRANCH SEGMENT: 0
BOUNDARY CONDITIONS TYPE: NOBOUND
INLET DATA TABLE: NONE
--- 
SEGMENT N.: 134
NAME: branch0_seg134
ID: 134
LENGTH: 0.010135
NUM ELEMENTS: 5
IN NODE: 134
OUT NODE: 135
IN AREA: 0.018311
OUT AREA: 0.048733
IN FLOW: 0.000000
MAT DATATABLE NAME: MAT1
LOSS TYPE: STENOSIS
BRANCH ANGLE: 0.000000
UPSTREAM SEGMENT: 133
BRANCH SEGMENT: 0
BOUNDARY CONDITIONS TYPE: NOBOUND
INLET DATA TABLE: NONE
--- 
SEGMENT N.: 135
NAME: branch0_seg135
ID: 135
LENGTH: 0.010135
NUM ELEMENTS: 5
IN NODE: 135
OUT NODE: 136
IN AREA: 0.048736
OUT AREA: 0.048747
IN FLOW: 0.000000
MAT DATATABLE NAME: MAT1
LOSS TYPE: STENOSIS
BRANCH ANGLE: 0.000000
UPSTREAM SEGMENT: 134
BRANCH SEGMENT: 0
BOUNDARY CONDITIONS TYPE: NOBOUND
INLET DATA TABLE: NONE
--- 
SEGMENT N.: 136
NAME: branch0_seg136
ID: 136
LENGTH: 0.010135
NUM ELEMENTS: 5
IN NODE: 136
OUT NODE: 137
IN AREA: 0.048750
OUT AREA: 0.048742
IN FLOW: 0.000000
MAT DATATABLE NAME: MAT1
LOSS TYPE: STENOSIS
BRANCH ANGLE: 0.000000
UPSTREAM SEGMENT: 135
BRANCH SEGMENT: 0
BOUNDARY CONDITIONS TYPE: NOBOUND
INLET DATA TABLE: NONE
--- 
SEGMENT N.: 137
NAME: branch0_seg137
ID: 137
LENGTH: 0.010135
NUM ELEMENTS: 5
IN NODE: 137
OUT NODE: 138
IN AREA: 0.048745
OUT AREA: 0.048748
IN FLOW: 0.000000
MAT DATATABLE NAME: MAT1
LOSS TYPE: STENOSIS
BRANCH ANGLE: 0.000000
UPSTREAM SEGMENT: 136
BRANCH SEGMENT: 0
BOUNDARY CONDITIONS TYPE: NOBOUND
INLET DATA TABLE: NONE
--- 
SEGMENT N.: 138
NAME: branch0_seg138
ID: 138
LENGTH: 0.010135
NUM ELEMENTS: 5
IN NODE: 138
OUT NODE: 139
IN AREA: 0.048747
OUT AREA: 0.048726
IN FLOW: 0.000000
MAT DATATABLE NAME: MAT1
LOSS TYPE: STENOSIS
BRANCH ANGLE: 0.000000
UPSTREAM SEGMENT: 137
BRANCH SEGMENT: 0
BOUNDARY CONDITIONS TYPE: NOBOUND
INLET DATA TABLE: NONE
--- 
SEGMENT N.: 139
NAME: branch0_seg139
ID: 139
LENGTH: 0.010135
NUM ELEMENTS: 5
IN NODE: 139
OUT NODE: 140
IN AREA: 0.048728
OUT AREA: 0.048725
IN FLOW: 0.000000
MAT DATATABLE NAME: MAT1
LOSS TYPE: STENOSIS
BRANCH ANGLE: 0.000000
UPSTREAM SEGMENT: 138
BRANCH SEGMENT: 0
BOUNDARY CONDITIONS TYPE: NOBOUND
INLET DATA TABLE: NONE
--- 
SEGMENT N.: 140
NAME: branch0_seg140
ID: 140
LENGTH: 0.010135
NUM ELEMENTS: 5
IN NODE: 140
OUT NODE: 141
IN AREA: 0.048715
OUT AREA: 0.048700
IN FLOW: 0.000000
MAT DATATABLE NAME: MAT1
LOSS TYPE: STENOSIS
BRANCH ANGLE: 0.000000
UPSTREAM SEGMENT: 139
BRANCH SEGMENT: 0
BOUNDARY CONDITIONS TYPE: NOBOUND
INLET DATA TABLE: NONE
--- 
SEGMENT N.: 141
NAME: branch0_seg141
ID: 141
LENGTH: 0.010135
NUM ELEMENTS: 5
IN NODE: 141
OUT NODE: 142
IN AREA: 0.048698
OUT AREA: 0.042333
IN FLOW: 0.000000
MAT DATATABLE NAME: MAT1
LOSS TYPE: STENOSIS
BRANCH ANGLE: 0.000000
UPSTREAM SEGMENT: 140
BRANCH SEGMENT: 0
BOUNDARY CONDITIONS TYPE: NOBOUND
INLET DATA TABLE: NONE
--- 
SEGMENT N.: 142
NAME: branch0_seg142
ID: 142
LENGTH: 0.010135
NUM ELEMENTS: 5
IN NODE: 142
OUT NODE: 143
IN AREA: 0.018845
OUT AREA: 0.048665
IN FLOW: 0.000000
MAT DATATABLE NAME: MAT1
LOSS TYPE: STENOSIS
BRANCH ANGLE: 0.000000
UPSTREAM SEGMENT: 141
BRANCH SEGMENT: 0
BOUNDARY CONDITIONS TYPE: NOBOUND
INLET DATA TABLE: NONE
--- 
SEGMENT N.: 143
NAME: branch0_seg143
ID: 143
LENGTH: 0.010135
NUM ELEMENTS: 5
IN NODE: 143
OUT NODE: 144
IN AREA: 0.048659
OUT AREA: 0.048657
IN FLOW: 0.000000
MAT DATATABLE NAME: MAT1
LOSS TYPE: STENOSIS
BRANCH ANGLE: 0.000000
UPSTREAM SEGMENT: 142
BRANCH SEGMENT: 0
BOUNDARY CONDITIONS TYPE: NOBOUND
INLET DATA TABLE: NONE
--- 
SEGMENT N.: 144
NAME: branch0_seg144
ID: 144
LENGTH: 0.010135
NUM ELEMENTS: 5
IN NODE: 144
OUT NODE: 145
IN AREA: 0.048657
OUT AREA: 0.019244
IN FLOW: 0.000000
MAT DATATABLE NAME: MAT1
LOSS TYPE: STENOSIS
BRANCH ANGLE: 0.000000
UPSTREAM SEGMENT: 143
BRANCH SEGMENT: 0
BOUNDARY CONDITIONS TYPE: NOBOUND
INLET DATA TABLE: NONE
--- 
SEGMENT N.: 145
NAME: branch0_seg145
ID: 145
LENGTH: 0.010135
NUM ELEMENTS: 5
IN NODE: 145
OUT NODE: 146
IN AREA: 0.048667
OUT AREA: 0.048677
IN FLOW: 0.000000
MAT DATATABLE NAME: MAT1
LOSS TYPE: STENOSIS
BRANCH ANGLE: 0.000000
UPSTREAM SEGMENT: 144
BRANCH SEGMENT: 0
BOUNDARY CONDITIONS TYPE: NOBOUND
INLET DATA TABLE: NONE
--- 
SEGMENT N.: 146
NAME: branch0_seg146
ID: 146
LENGTH: 0.010135
NUM ELEMENTS: 5
IN NODE: 146
OUT NODE: 147
IN AREA: 0.048687
OUT AREA: 0.048705
IN FLOW: 0.000000
MAT DATATABLE NAME: MAT1
LOSS TYPE: STENOSIS
BRANCH ANGLE: 0.000000
UPSTREAM SEGMENT: 145
BRANCH SEGMENT: 0
BOUNDARY CONDITIONS TYPE: NOBOUND
INLET DATA TABLE: NONE
--- 
SEGMENT N.: 147
NAME: branch0_seg147
ID: 147
LENGTH: 0.010135
NUM ELEMENTS: 5
IN NODE: 147
OUT NODE: 148
IN AREA: 0.048710
OUT AREA: 0.048726
IN FLOW: 0.000000
MAT DATATABLE NAME: MAT1
LOSS TYPE: STENOSIS
BRANCH ANGLE: 0.000000
UPSTREAM SEGMENT: 146
BRANCH SEGMENT: 0
BOUNDARY CONDITIONS TYPE: NOBOUND
INLET DATA TABLE: NONE
--- 
SEGMENT N.: 148
NAME: branch0_seg148
ID: 148
LENGTH: 0.010135
NUM ELEMENTS: 5
IN NODE: 148
OUT NODE: 149
IN AREA: 0.022393
OUT AREA: 0.048747
IN FLOW: 0.000000
MAT DATATABLE NAME: MAT1
LOSS TYPE: STENOSIS
BRANCH ANGLE: 0.000000
UPSTREAM SEGMENT: 147
BRANCH SEGMENT: 0
BOUNDARY CONDITIONS TYPE: NOBOUND
INLET DATA TABLE: NONE
--- 
SEGMENT N.: 149
NAME: branch0_seg149
ID: 149
LENGTH: 0.010135
NUM ELEMENTS: 5
IN NODE: 149
OUT NODE: 150
IN AREA: 0.048749
OUT AREA: 0.048748
IN FLOW: 0.000000
MAT DATATABLE NAME: MAT1
LOSS TYPE: STENOSIS
BRANCH ANGLE: 0.000000
UPSTREAM SEGMENT: 148
BRANCH SEGMENT: 0
BOUNDARY CONDITIONS TYPE: NOBOUND
INLET DATA TABLE: NONE
--- 
SEGMENT N.: 150
NAME: branch0_seg150
ID: 150
LENGTH: 0.010135
NUM ELEMENTS: 5
IN NODE: 150
OUT NODE: 151
IN AREA: 0.048750
OUT AREA: 0.048750
IN FLOW: 0.000000
MAT DATATABLE NAME: MAT1
LOSS TYPE: STENOSIS
BRANCH ANGLE: 0.000000
UPSTREAM SEGMENT: 149
BRANCH SEGMENT: 0
BOUNDARY CONDITIONS TYPE: NOBOUND
INLET DATA TABLE: NONE
--- 
SEGMENT N.: 151
NAME: branch0_seg151
ID: 151
LENGTH: 0.010135
NUM ELEMENTS: 5
IN NODE: 151
OUT NODE: 152
IN AREA: 0.048747
OUT AREA: 0.048732
IN FLOW: 0.000000
MAT DATATABLE NAME: MAT1
LOSS TYPE: STENOSIS
BRANCH ANGLE: 0.000000
UPSTREAM SEGMENT: 150
BRANCH SEGMENT: 0
BOUNDARY CONDITIONS TYPE: NOBOUND
INLET DATA TABLE: NONE
--- 
SEGMENT N.: 152
NAME: branch0_seg152
ID: 152
LENGTH: 0.010135
NUM ELEMENTS: 5
IN NODE: 152
OUT NODE: 153
IN AREA: 0.042914
OUT AREA: 0.048713
IN FLOW: 0.000000
MAT DATATABLE NAME: MAT1
LOSS TYPE: STENOSIS
BRANCH ANGLE: 0.000000
UPSTREAM SEGMENT: 151
BRANCH SEGMENT: 0
BOUNDARY CONDITIONS TYPE: NOBOUND
INLET DATA TABLE: NONE
--- 
SEGMENT N.: 153
NAME: branch0_seg153
ID: 153
LENGTH: 0.010135
NUM ELEMENTS: 5
IN NODE: 153
OUT NODE: 154
IN AREA: 0.048709
OUT AREA: 0.048694
IN FLOW: 0.000000
MAT DATATABLE NAME: MAT1
LOSS TYPE: STENOSIS
BRANCH ANGLE: 0.000000
UPSTREAM SEGMENT: 152
BRANCH SEGMENT: 0
BOUNDARY CONDITIONS TYPE: NOBOUND
INLET DATA TABLE: NONE
--- 
SEGMENT N.: 154
NAME: branch0_seg154
ID: 154
LENGTH: 0.010135
NUM ELEMENTS: 5
IN NODE: 154
OUT NODE: 155
IN AREA: 0.048693
OUT AREA: 0.048688
IN FLOW: 0.000000
MAT DATATABLE NAME: MAT1
LOSS TYPE: STENOSIS
BRANCH ANGLE: 0.000000
UPSTREAM SEGMENT: 153
BRANCH SEGMENT: 0
BOUNDARY CONDITIONS TYPE: NOBOUND
INLET DATA TABLE: NONE
--- 
SEGMENT N.: 155
NAME: branch0_seg155
ID: 155
LENGTH: 0.010135
NUM ELEMENTS: 5
IN NODE: 155
OUT NODE: 156
IN AREA: 0.048679
OUT AREA: 0.048668
IN FLOW: 0.000000
MAT DATATABLE NAME: MAT1
LOSS TYPE: STENOSIS
BRANCH ANGLE: 0.000000
UPSTREAM SEGMENT: 154
BRANCH SEGMENT: 0
BOUNDARY CONDITIONS TYPE: NOBOUND
INLET DATA TABLE: NONE
--- 
SEGMENT N.: 156
NAME: branch0_seg156
ID: 156
LENGTH: 0.010135
NUM ELEMENTS: 5
IN NODE: 156
OUT NODE: 157
IN AREA: 0.048668
OUT AREA: 0.048667
IN FLOW: 0.000000
MAT DATATABLE NAME: MAT1
LOSS TYPE: STENOSIS
BRANCH ANGLE: 0.000000
UPSTREAM SEGMENT: 155
BRANCH SEGMENT: 0
BOUNDARY CONDITIONS TYPE: NOBOUND
INLET DATA TABLE: NONE
--- 
SEGMENT N.: 157
NAME: branch0_seg157
ID: 157
LENGTH: 0.010135
NUM ELEMENTS: 5
IN NODE: 157
OUT NODE: 158
IN AREA: 0.048671
OUT AREA: 0.048677
IN FLOW: 0.000000
MAT DATATABLE NAME: MAT1
LOSS TYPE: STENOSIS
BRANCH ANGLE: 0.000000
UPSTREAM SEGMENT: 156
BRANCH SEGMENT: 0
BOUNDARY CONDITIONS TYPE: NOBOUND
INLET DATA TABLE: NONE
--- 
SEGMENT N.: 158
NAME: branch0_seg158
ID: 158
LENGTH: 0.010135
NUM ELEMENTS: 5
IN NODE: 158
OUT NODE: 159
IN AREA: 0.048678
OUT AREA: 0.048677
IN FLOW: 0.000000
MAT DATATABLE NAME: MAT1
LOSS TYPE: STENOSIS
BRANCH ANGLE: 0.000000
UPSTREAM SEGMENT: 157
BRANCH SEGMENT: 0
BOUNDARY CONDITIONS TYPE: NOBOUND
INLET DATA TABLE: NONE
--- 
SEGMENT N.: 159
NAME: branch0_seg159
ID: 159
LENGTH: 0.010135
NUM ELEMENTS: 5
IN NODE: 159
OUT NODE: 160
IN AREA: 0.048676
OUT AREA: 0.048684
IN FLOW: 0.000000
MAT DATATABLE NAME: MAT1
LOSS TYPE: STENOSIS
BRANCH ANGLE: 0.000000
UPSTREAM SEGMENT: 158
BRANCH SEGMENT: 0
BOUNDARY CONDITIONS TYPE: NOBOUND
INLET DATA TABLE: NONE
--- 
SEGMENT N.: 160
NAME: branch0_seg160
ID: 160
LENGTH: 0.010135
NUM ELEMENTS: 5
IN NODE: 160
OUT NODE: 161
IN AREA: 0.048688
OUT AREA: 0.048694
IN FLOW: 0.000000
MAT DATATABLE NAME: MAT1
LOSS TYPE: STENOSIS
BRANCH ANGLE: 0.000000
UPSTREAM SEGMENT: 159
BRANCH SEGMENT: 0
BOUNDARY CONDITIONS TYPE: NOBOUND
INLET DATA TABLE: NONE
--- 
SEGMENT N.: 161
NAME: branch0_seg161
ID: 161
LENGTH: 0.010135
NUM ELEMENTS: 5
IN NODE: 161
OUT NODE: 162
IN AREA: 0.048696
OUT AREA: 0.048688
IN FLOW: 0.000000
MAT DATATABLE NAME: MAT1
LOSS TYPE: STENOSIS
BRANCH ANGLE: 0.000000
UPSTREAM SEGMENT: 160
BRANCH SEGMENT: 0
BOUNDARY CONDITIONS TYPE: NOBOUND
INLET DATA TABLE: NONE
--- 
SEGMENT N.: 162
NAME: branch0_seg162
ID: 162
LENGTH: 0.010135
NUM ELEMENTS: 5
IN NODE: 162
OUT NODE: 163
IN AREA: 0.048683
OUT AREA: 0.048681
IN FLOW: 0.000000
MAT DATATABLE NAME: MAT1
LOSS TYPE: STENOSIS
BRANCH ANGLE: 0.000000
UPSTREAM SEGMENT: 161
BRANCH SEGMENT: 0
BOUNDARY CONDITIONS TYPE: NOBOUND
INLET DATA TABLE: NONE
--- 
SEGMENT N.: 163
NAME: branch0_seg163
ID: 163
LENGTH: 0.010135
NUM ELEMENTS: 5
IN NODE: 163
OUT NODE: 164
IN AREA: 0.048678
OUT AREA: 0.033420
IN FLOW: 0.000000
MAT DATATABLE NAME: MAT1
LOSS TYPE: STENOSIS
BRANCH ANGLE: 0.000000
UPSTREAM SEGMENT: 162
BRANCH SEGMENT: 0
BOUNDARY CONDITIONS TYPE: NOBOUND
INLET DATA TABLE: NONE
--- 
SEGMENT N.: 164
NAME: branch0_seg164
ID: 164
LENGTH: 0.010135
NUM ELEMENTS: 5
IN NODE: 164
OUT NODE: 165
IN AREA: 0.048661
OUT AREA: 0.048650
IN FLOW: 0.000000
MAT DATATABLE NAME: MAT1
LOSS TYPE: STENOSIS
BRANCH ANGLE: 0.000000
UPSTREAM SEGMENT: 163
BRANCH SEGMENT: 0
BOUNDARY CONDITIONS TYPE: NOBOUND
INLET DATA TABLE: NONE
--- 
SEGMENT N.: 165
NAME: branch0_seg165
ID: 165
LENGTH: 0.010135
NUM ELEMENTS: 5
IN NODE: 165
OUT NODE: 166
IN AREA: 0.048648
OUT AREA: 0.048645
IN FLOW: 0.000000
MAT DATATABLE NAME: MAT1
LOSS TYPE: STENOSIS
BRANCH ANGLE: 0.000000
UPSTREAM SEGMENT: 164
BRANCH SEGMENT: 0
BOUNDARY CONDITIONS TYPE: NOBOUND
INLET DATA TABLE: NONE
--- 
SEGMENT N.: 166
NAME: branch0_seg166
ID: 166
LENGTH: 0.010135
NUM ELEMENTS: 5
IN NODE: 166
OUT NODE: 167
IN AREA: 0.048648
OUT AREA: 0.048647
IN FLOW: 0.000000
MAT DATATABLE NAME: MAT1
LOSS TYPE: STENOSIS
BRANCH ANGLE: 0.000000
UPSTREAM SEGMENT: 165
BRANCH SEGMENT: 0
BOUNDARY CONDITIONS TYPE: NOBOUND
INLET DATA TABLE: NONE
--- 
SEGMENT N.: 167
NAME: branch0_seg167
ID: 167
LENGTH: 0.010135
NUM ELEMENTS: 5
IN NODE: 167
OUT NODE: 168
IN AREA: 0.048643
OUT AREA: 0.048641
IN FLOW: 0.000000
MAT DATATABLE NAME: MAT1
LOSS TYPE: STENOSIS
BRANCH ANGLE: 0.000000
UPSTREAM SEGMENT: 166
BRANCH SEGMENT: 0
BOUNDARY CONDITIONS TYPE: NOBOUND
INLET DATA TABLE: NONE
--- 
SEGMENT N.: 168
NAME: branch0_seg168
ID: 168
LENGTH: 0.010135
NUM ELEMENTS: 5
IN NODE: 168
OUT NODE: 169
IN AREA: 0.046826
OUT AREA: 0.045645
IN FLOW: 0.000000
MAT DATATABLE NAME: MAT1
LOSS TYPE: STENOSIS
BRANCH ANGLE: 0.000000
UPSTREAM SEGMENT: 167
BRANCH SEGMENT: 0
BOUNDARY CONDITIONS TYPE: NOBOUND
INLET DATA TABLE: NONE
--- 
SEGMENT N.: 169
NAME: branch0_seg169
ID: 169
LENGTH: 0.010135
NUM ELEMENTS: 5
IN NODE: 169
OUT NODE: 170
IN AREA: 0.048651
OUT AREA: 0.048655
IN FLOW: 0.000000
MAT DATATABLE NAME: MAT1
LOSS TYPE: STENOSIS
BRANCH ANGLE: 0.000000
UPSTREAM SEGMENT: 168
BRANCH SEGMENT: 0
BOUNDARY CONDITIONS TYPE: NOBOUND
INLET DATA TABLE: NONE
--- 
SEGMENT N.: 170
NAME: branch0_seg170
ID: 170
LENGTH: 0.010135
NUM ELEMENTS: 5
IN NODE: 170
OUT NODE: 171
IN AREA: 0.048658
OUT AREA: 0.048657
IN FLOW: 0.000000
MAT DATATABLE NAME: MAT1
LOSS TYPE: STENOSIS
BRANCH ANGLE: 0.000000
UPSTREAM SEGMENT: 169
BRANCH SEGMENT: 0
BOUNDARY CONDITIONS TYPE: NOBOUND
INLET DATA TABLE: NONE
--- 
SEGMENT N.: 171
NAME: branch0_seg171
ID: 171
LENGTH: 0.010135
NUM ELEMENTS: 5
IN NODE: 171
OUT NODE: 172
IN AREA: 0.048654
OUT AREA: 0.048656
IN FLOW: 0.000000
MAT DATATABLE NAME: MAT1
LOSS TYPE: STENOSIS
BRANCH ANGLE: 0.000000
UPSTREAM SEGMENT: 170
BRANCH SEGMENT: 0
BOUNDARY CONDITIONS TYPE: NOBOUND
INLET DATA TABLE: NONE
--- 
SEGMENT N.: 172
NAME: branch0_seg172
ID: 172
LENGTH: 0.010135
NUM ELEMENTS: 5
IN NODE: 172
OUT NODE: 173
IN AREA: 0.048661
OUT AREA: 0.048668
IN FLOW: 0.000000
MAT DATATABLE NAME: MAT1
LOSS TYPE: STENOSIS
BRANCH ANGLE: 0.000000
UPSTREAM SEGMENT: 171
BRANCH SEGMENT: 0
BOUNDARY CONDITIONS TYPE: NOBOUND
INLET DATA TABLE: NONE
--- 
SEGMENT N.: 173
NAME: branch0_seg173
ID: 173
LENGTH: 0.010135
NUM ELEMENTS: 5
IN NODE: 173
OUT NODE: 174
IN AREA: 0.045616
OUT AREA: 0.048681
IN FLOW: 0.000000
MAT DATATABLE NAME: MAT1
LOSS TYPE: STENOSIS
BRANCH ANGLE: 0.000000
UPSTREAM SEGMENT: 172
BRANCH SEGMENT: 0
BOUNDARY CONDITIONS TYPE: NOBOUND
INLET DATA TABLE: NONE
--- 
SEGMENT N.: 174
NAME: branch0_seg174
ID: 174
LENGTH: 0.010135
NUM ELEMENTS: 5
IN NODE: 174
OUT NODE: 175
IN AREA: 0.048686
OUT AREA: 0.048697
IN FLOW: 0.000000
MAT DATATABLE NAME: MAT1
LOSS TYPE: STENOSIS
BRANCH ANGLE: 0.000000
UPSTREAM SEGMENT: 173
BRANCH SEGMENT: 0
BOUNDARY CONDITIONS TYPE: NOBOUND
INLET DATA TABLE: NONE
--- 
SEGMENT N.: 175
NAME: branch0_seg175
ID: 175
LENGTH: 0.010135
NUM ELEMENTS: 5
IN NODE: 175
OUT NODE: 176
IN AREA: 0.048700
OUT AREA: 0.048711
IN FLOW: 0.000000
MAT DATATABLE NAME: MAT1
LOSS TYPE: STENOSIS
BRANCH ANGLE: 0.000000
UPSTREAM SEGMENT: 174
BRANCH SEGMENT: 0
BOUNDARY CONDITIONS TYPE: NOBOUND
INLET DATA TABLE: NONE
--- 
SEGMENT N.: 176
NAME: branch0_seg176
ID: 176
LENGTH: 0.010135
NUM ELEMENTS: 5
IN NODE: 176
OUT NODE: 177
IN AREA: 0.048711
OUT AREA: 0.048701
IN FLOW: 0.000000
MAT DATATABLE NAME: MAT1
LOSS TYPE: STENOSIS
BRANCH ANGLE: 0.000000
UPSTREAM SEGMENT: 175
BRANCH SEGMENT: 0
BOUNDARY CONDITIONS TYPE: NOBOUND
INLET DATA TABLE: NONE
--- 
SEGMENT N.: 177
NAME: branch0_seg177
ID: 177
LENGTH: 0.010135
NUM ELEMENTS: 5
IN NODE: 177
OUT NODE: 178
IN AREA: 0.048696
OUT AREA: 0.048686
IN FLOW: 0.000000
MAT DATATABLE NAME: MAT1
LOSS TYPE: STENOSIS
BRANCH ANGLE: 0.000000
UPSTREAM SEGMENT: 176
BRANCH SEGMENT: 0
BOUNDARY CONDITIONS TYPE: NOBOUND
INLET DATA TABLE: NONE
--- 
SEGMENT N.: 178
NAME: branch0_seg178
ID: 178
LENGTH: 0.010135
NUM ELEMENTS: 5
IN NODE: 178
OUT NODE: 179
IN AREA: 0.048681
OUT AREA: 0.048671
IN FLOW: 0.000000
MAT DATATABLE NAME: MAT1
LOSS TYPE: STENOSIS
BRANCH ANGLE: 0.000000
UPSTREAM SEGMENT: 177
BRANCH SEGMENT: 0
BOUNDARY CONDITIONS TYPE: NOBOUND
INLET DATA TABLE: NONE
--- 
SEGMENT N.: 179
NAME: branch0_seg179
ID: 179
LENGTH: 0.010135
NUM ELEMENTS: 5
IN NODE: 179
OUT NODE: 180
IN AREA: 0.048666
OUT AREA: 0.048661
IN FLOW: 0.000000
MAT DATATABLE NAME: MAT1
LOSS TYPE: STENOSIS
BRANCH ANGLE: 0.000000
UPSTREAM SEGMENT: 178
BRANCH SEGMENT: 0
BOUNDARY CONDITIONS TYPE: NOBOUND
INLET DATA TABLE: NONE
--- 
SEGMENT N.: 180
NAME: branch0_seg180
ID: 180
LENGTH: 0.010135
NUM ELEMENTS: 5
IN NODE: 180
OUT NODE: 181
IN AREA: 0.048660
OUT AREA: 0.048666
IN FLOW: 0.000000
MAT DATATABLE NAME: MAT1
LOSS TYPE: STENOSIS
BRANCH ANGLE: 0.000000
UPSTREAM SEGMENT: 179
BRANCH SEGMENT: 0
BOUNDARY CONDITIONS TYPE: NOBOUND
INLET DATA TABLE: NONE
--- 
SEGMENT N.: 181
NAME: branch0_seg181
ID: 181
LENGTH: 0.010135
NUM ELEMENTS: 5
IN NODE: 181
OUT NODE: 182
IN AREA: 0.048670
OUT AREA: 0.048680
IN FLOW: 0.000000
MAT DATATABLE NAME: MAT1
LOSS TYPE: STENOSIS
BRANCH ANGLE: 0.000000
UPSTREAM SEGMENT: 180
BRANCH SEGMENT: 0
BOUNDARY CONDITIONS TYPE: NOBOUND
INLET DATA TABLE: NONE
--- 
SEGMENT N.: 182
NAME: branch0_seg182
ID: 182
LENGTH: 0.010135
NUM ELEMENTS: 5
IN NODE: 182
OUT NODE: 183
IN AREA: 0.048688
OUT AREA: 0.035842
IN FLOW: 0.000000
MAT DATATABLE NAME: MAT1
LOSS TYPE: STENOSIS
BRANCH ANGLE: 0.000000
UPSTREAM SEGMENT: 181
BRANCH SEGMENT: 0
BOUNDARY CONDITIONS TYPE: NOBOUND
INLET DATA TABLE: NONE
--- 
SEGMENT N.: 183
NAME: branch0_seg183
ID: 183
LENGTH: 0.010135
NUM ELEMENTS: 5
IN NODE: 183
OUT NODE: 184
IN AREA: 0.048711
OUT AREA: 0.048730
IN FLOW: 0.000000
MAT DATATABLE NAME: MAT1
LOSS TYPE: STENOSIS
BRANCH ANGLE: 0.000000
UPSTREAM SEGMENT: 182
BRANCH SEGMENT: 0
BOUNDARY CONDITIONS TYPE: NOBOUND
INLET DATA TABLE: NONE
--- 
SEGMENT N.: 184
NAME: branch0_seg184
ID: 184
LENGTH: 0.010135
NUM ELEMENTS: 5
IN NODE: 184
OUT NODE: 185
IN AREA: 0.035684
OUT AREA: 0.048741
IN FLOW: 0.000000
MAT DATATABLE NAME: MAT1
LOSS TYPE: STENOSIS
BRANCH ANGLE: 0.000000
UPSTREAM SEGMENT: 183
BRANCH SEGMENT: 0
BOUNDARY CONDITIONS TYPE: NOBOUND
INLET DATA TABLE: NONE
--- 
SEGMENT N.: 185
NAME: branch0_seg185
ID: 185
LENGTH: 0.010135
NUM ELEMENTS: 5
IN NODE: 185
OUT NODE: 186
IN AREA: 0.048737
OUT AREA: 0.048741
IN FLOW: 0.000000
MAT DATATABLE NAME: MAT1
LOSS TYPE: STENOSIS
BRANCH ANGLE: 0.000000
UPSTREAM SEGMENT: 184
BRANCH SEGMENT: 0
BOUNDARY CONDITIONS TYPE: NOBOUND
INLET DATA TABLE: NONE
--- 
SEGMENT N.: 186
NAME: branch0_seg186
ID: 186
LENGTH: 0.010135
NUM ELEMENTS: 5
IN NODE: 186
OUT NODE: 187
IN AREA: 0.048740
OUT AREA: 0.048744
IN FLOW: 0.000000
MAT DATATABLE NAME: MAT1
LOSS TYPE: STENOSIS
BRANCH ANGLE: 0.000000
UPSTREAM SEGMENT: 185
BRANCH SEGMENT: 0
BOUNDARY CONDITIONS TYPE: NOBOUND
INLET DATA TABLE: NONE
--- 
SEGMENT N.: 187
NAME: branch0_seg187
ID: 187
LENGTH: 0.010135
NUM ELEMENTS: 5
IN NODE: 187
OUT NODE: 188
IN AREA: 0.048745
OUT AREA: 0.048752
IN FLOW: 0.000000
MAT DATATABLE NAME: MAT1
LOSS TYPE: STENOSIS
BRANCH ANGLE: 0.000000
UPSTREAM SEGMENT: 186
BRANCH SEGMENT: 0
BOUNDARY CONDITIONS TYPE: NOBOUND
INLET DATA TABLE: NONE
--- 
SEGMENT N.: 188
NAME: branch0_seg188
ID: 188
LENGTH: 0.010135
NUM ELEMENTS: 5
IN NODE: 188
OUT NODE: 189
IN AREA: 0.048752
OUT AREA: 0.048756
IN FLOW: 0.000000
MAT DATATABLE NAME: MAT1
LOSS TYPE: STENOSIS
BRANCH ANGLE: 0.000000
UPSTREAM SEGMENT: 187
BRANCH SEGMENT: 0
BOUNDARY CONDITIONS TYPE: NOBOUND
INLET DATA TABLE: NONE
--- 
SEGMENT N.: 189
NAME: branch0_seg189
ID: 189
LENGTH: 0.010135
NUM ELEMENTS: 5
IN NODE: 189
OUT NODE: 190
IN AREA: 0.048753
OUT AREA: 0.048747
IN FLOW: 0.000000
MAT DATATABLE NAME: MAT1
LOSS TYPE: STENOSIS
BRANCH ANGLE: 0.000000
UPSTREAM SEGMENT: 188
BRANCH SEGMENT: 0
BOUNDARY CONDITIONS TYPE: NOBOUND
INLET DATA TABLE: NONE
--- 
SEGMENT N.: 190
NAME: branch0_seg190
ID: 190
LENGTH: 0.010135
NUM ELEMENTS: 5
IN NODE: 190
OUT NODE: 191
IN AREA: 0.034675
OUT AREA: 0.048721
IN FLOW: 0.000000
MAT DATATABLE NAME: MAT1
LOSS TYPE: STENOSIS
BRANCH ANGLE: 0.000000
UPSTREAM SEGMENT: 189
BRANCH SEGMENT: 0
BOUNDARY CONDITIONS TYPE: NOBOUND
INLET DATA TABLE: NONE
--- 
SEGMENT N.: 191
NAME: branch0_seg191
ID: 191
LENGTH: 0.010135
NUM ELEMENTS: 5
IN NODE: 191
OUT NODE: 192
IN AREA: 0.048717
OUT AREA: 0.048707
IN FLOW: 0.000000
MAT DATATABLE NAME: MAT1
LOSS TYPE: STENOSIS
BRANCH ANGLE: 0.000000
UPSTREAM SEGMENT: 190
BRANCH SEGMENT: 0
BOUNDARY CONDITIONS TYPE: NOBOUND
INLET DATA TABLE: NONE
--- 
SEGMENT N.: 192
NAME: branch0_seg192
ID: 192
LENGTH: 0.010135
NUM ELEMENTS: 5
IN NODE: 192
OUT NODE: 193
IN AREA: 0.021777
OUT AREA: 0.048688
IN FLOW: 0.000000
MAT DATATABLE NAME: MAT1
LOSS TYPE: STENOSIS
BRANCH ANGLE: 0.000000
UPSTREAM SEGMENT: 191
BRANCH SEGMENT: 0
BOUNDARY CONDITIONS TYPE: NOBOUND
INLET DATA TABLE: NONE
--- 
SEGMENT N.: 193
NAME: branch0_seg193
ID: 193
LENGTH: 0.010135
NUM ELEMENTS: 5
IN NODE: 193
OUT NODE: 194
IN AREA: 0.048674
OUT AREA: 0.048655
IN FLOW: 0.000000
MAT DATATABLE NAME: MAT1
LOSS TYPE: STENOSIS
BRANCH ANGLE: 0.000000
UPSTREAM SEGMENT: 192
BRANCH SEGMENT: 0
BOUNDARY CONDITIONS TYPE: NOBOUND
INLET DATA TABLE: NONE
--- 
SEGMENT N.: 194
NAME: branch0_seg194
ID: 194
LENGTH: 0.010135
NUM ELEMENTS: 5
IN NODE: 194
OUT NODE: 195
IN AREA: 0.048656
OUT AREA: 0.040927
IN FLOW: 0.000000
MAT DATATABLE NAME: MAT1
LOSS TYPE: STENOSIS
BRANCH ANGLE: 0.000000
UPSTREAM SEGMENT: 193
BRANCH SEGMENT: 0
BOUNDARY CONDITIONS TYPE: NOBOUND
INLET DATA TABLE: NONE
--- 
SEGMENT N.: 195
NAME: branch0_seg195
ID: 195
LENGTH: 0.010135
NUM ELEMENTS: 5
IN NODE: 195
OUT NODE: 196
IN AREA: 0.048659
OUT AREA: 0.048655
IN FLOW: 0.000000
MAT DATATABLE NAME: MAT1
LOSS TYPE: STENOSIS
BRANCH ANGLE: 0.000000
UPSTREAM SEGMENT: 194
BRANCH SEGMENT: 0
BOUNDARY CONDITIONS TYPE: NOBOUND
INLET DATA TABLE: NONE
--- 
SEGMENT N.: 196
NAME: branch0_seg196
ID: 196
LENGTH: 0.010135
NUM ELEMENTS: 5
IN NODE: 196
OUT NODE: 197
IN AREA: 0.048655
OUT AREA: 0.048666
IN FLOW: 0.000000
MAT DATATABLE NAME: MAT1
LOSS TYPE: STENOSIS
BRANCH ANGLE: 0.000000
UPSTREAM SEGMENT: 195
BRANCH SEGMENT: 0
BOUNDARY CONDITIONS TYPE: NOBOUND
INLET DATA TABLE: NONE
--- 
SEGMENT N.: 197
NAME: branch0_seg197
ID: 197
LENGTH: 0.010135
NUM ELEMENTS: 5
IN NODE: 197
OUT NODE: 198
IN AREA: 0.044534
OUT AREA: 0.048683
IN FLOW: 0.000000
MAT DATATABLE NAME: MAT1
LOSS TYPE: STENOSIS
BRANCH ANGLE: 0.000000
UPSTREAM SEGMENT: 196
BRANCH SEGMENT: 0
BOUNDARY CONDITIONS TYPE: NOBOUND
INLET DATA TABLE: NONE
--- 
SEGMENT N.: 198
NAME: branch0_seg198
ID: 198
LENGTH: 0.010135
NUM ELEMENTS: 5
IN NODE: 198
OUT NODE: 199
IN AREA: 0.048684
OUT AREA: 0.047417
IN FLOW: 0.000000
MAT DATATABLE NAME: MAT1
LOSS TYPE: STENOSIS
BRANCH ANGLE: 0.000000
UPSTREAM SEGMENT: 197
BRANCH SEGMENT: 0
BOUNDARY CONDITIONS TYPE: NOBOUND
INLET DATA TABLE: NONE
--- 
SEGMENT N.: 199
NAME: branch0_seg199
ID: 199
LENGTH: 0.010135
NUM ELEMENTS: 5
IN NODE: 199
OUT NODE: 200
IN AREA: 0.048701
OUT AREA: 0.048702
IN FLOW: 0.000000
MAT DATATABLE NAME: MAT1
LOSS TYPE: STENOSIS
BRANCH ANGLE: 0.000000
UPSTREAM SEGMENT: 198
BRANCH SEGMENT: 0
BOUNDARY CONDITIONS TYPE: NOBOUND
INLET DATA TABLE: NONE
--- 
SEGMENT N.: 200
NAME: branch0_seg200
ID: 200
LENGTH: 0.010135
NUM ELEMENTS: 5
IN NODE: 200
OUT NODE: 201
IN AREA: 0.048703
OUT AREA: 0.048701
IN FLOW: 0.000000
MAT DATATABLE NAME: MAT1
LOSS TYPE: STENOSIS
BRANCH ANGLE: 0.000000
UPSTREAM SEGMENT: 199
BRANCH SEGMENT: 0
BOUNDARY CONDITIONS TYPE: NOBOUND
INLET DATA TABLE: NONE
--- 
SEGMENT N.: 201
NAME: branch0_seg201
ID: 201
LENGTH: 0.010135
NUM ELEMENTS: 5
IN NODE: 201
OUT NODE: 202
IN AREA: 0.048701
OUT AREA: 0.048702
IN FLOW: 0.000000
MAT DATATABLE NAME: MAT1
LOSS TYPE: STENOSIS
BRANCH ANGLE: 0.000000
UPSTREAM SEGMENT: 200
BRANCH SEGMENT: 0
BOUNDARY CONDITIONS TYPE: NOBOUND
INLET DATA TABLE: NONE
--- 
SEGMENT N.: 202
NAME: branch0_seg202
ID: 202
LENGTH: 0.010135
NUM ELEMENTS: 5
IN NODE: 202
OUT NODE: 203
IN AREA: 0.048701
OUT AREA: 0.048701
IN FLOW: 0.000000
MAT DATATABLE NAME: MAT1
LOSS TYPE: STENOSIS
BRANCH ANGLE: 0.000000
UPSTREAM SEGMENT: 201
BRANCH SEGMENT: 0
BOUNDARY CONDITIONS TYPE: NOBOUND
INLET DATA TABLE: NONE
--- 
SEGMENT N.: 203
NAME: branch0_seg203
ID: 203
LENGTH: 0.010135
NUM ELEMENTS: 5
IN NODE: 203
OUT NODE: 204
IN AREA: 0.048698
OUT AREA: 0.048690
IN FLOW: 0.000000
MAT DATATABLE NAME: MAT1
LOSS TYPE: STENOSIS
BRANCH ANGLE: 0.000000
UPSTREAM SEGMENT: 202
BRANCH SEGMENT: 0
BOUNDARY CONDITIONS TYPE: NOBOUND
INLET DATA TABLE: NONE
--- 
SEGMENT N.: 204
NAME: branch0_seg204
ID: 204
LENGTH: 0.010135
NUM ELEMENTS: 5
IN NODE: 204
OUT NODE: 205
IN AREA: 0.048694
OUT AREA: 0.048700
IN FLOW: 0.000000
MAT DATATABLE NAME: MAT1
LOSS TYPE: STENOSIS
BRANCH ANGLE: 0.000000
UPSTREAM SEGMENT: 203
BRANCH SEGMENT: 0
BOUNDARY CONDITIONS TYPE: NOBOUND
INLET DATA TABLE: NONE
--- 
SEGMENT N.: 205
NAME: branch0_seg205
ID: 205
LENGTH: 0.010135
NUM ELEMENTS: 5
IN NODE: 205
OUT NODE: 206
IN AREA: 0.048699
OUT AREA: 0.048712
IN FLOW: 0.000000
MAT DATATABLE NAME: MAT1
LOSS TYPE: STENOSIS
BRANCH ANGLE: 0.000000
UPSTREAM SEGMENT: 204
BRANCH SEGMENT: 0
BOUNDARY CONDITIONS TYPE: NOBOUND
INLET DATA TABLE: NONE
--- 
SEGMENT N.: 206
NAME: branch0_seg206
ID: 206
LENGTH: 0.010135
NUM ELEMENTS: 5
IN NODE: 206
OUT NODE: 207
IN AREA: 0.048717
OUT AREA: 0.048734
IN FLOW: 0.000000
MAT DATATABLE NAME: MAT1
LOSS TYPE: STENOSIS
BRANCH ANGLE: 0.000000
UPSTREAM SEGMENT: 205
BRANCH SEGMENT: 0
BOUNDARY CONDITIONS TYPE: NOBOUND
INLET DATA TABLE: NONE
--- 
SEGMENT N.: 207
NAME: branch0_seg207
ID: 207
LENGTH: 0.010135
NUM ELEMENTS: 5
IN NODE: 207
OUT NODE: 208
IN AREA: 0.048738
OUT AREA: 0.048742
IN FLOW: 0.000000
MAT DATATABLE NAME: MAT1
LOSS TYPE: STENOSIS
BRANCH ANGLE: 0.000000
UPSTREAM SEGMENT: 206
BRANCH SEGMENT: 0
BOUNDARY CONDITIONS TYPE: NOBOUND
INLET DATA TABLE: NONE
--- 
SEGMENT N.: 208
NAME: branch0_seg208
ID: 208
LENGTH: 0.010135
NUM ELEMENTS: 5
IN NODE: 208
OUT NODE: 209
IN AREA: 0.048739
OUT AREA: 0.028125
IN FLOW: 0.000000
MAT DATATABLE NAME: MAT1
LOSS TYPE: STENOSIS
BRANCH ANGLE: 0.000000
UPSTREAM SEGMENT: 207
BRANCH SEGMENT: 0
BOUNDARY CONDITIONS TYPE: NOBOUND
INLET DATA TABLE: NONE
--- 
SEGMENT N.: 209
NAME: branch0_seg209
ID: 209
LENGTH: 0.010135
NUM ELEMENTS: 5
IN NODE: 209
OUT NODE: 210
IN AREA: 0.022076
OUT AREA: 0.048727
IN FLOW: 0.000000
MAT DATATABLE NAME: MAT1
LOSS TYPE: STENOSIS
BRANCH ANGLE: 0.000000
UPSTREAM SEGMENT: 208
BRANCH SEGMENT: 0
BOUNDARY CONDITIONS TYPE: NOBOUND
INLET DATA TABLE: NONE
--- 
SEGMENT N.: 210
NAME: branch0_seg210
ID: 210
LENGTH: 0.010135
NUM ELEMENTS: 5
IN NODE: 210
OUT NODE: 211
IN AREA: 0.048722
OUT AREA: 0.048716
IN FLOW: 0.000000
MAT DATATABLE NAME: MAT1
LOSS TYPE: STENOSIS
BRANCH ANGLE: 0.000000
UPSTREAM SEGMENT: 209
BRANCH SEGMENT: 0
BOUNDARY CONDITIONS TYPE: NOBOUND
INLET DATA TABLE: NONE
--- 
SEGMENT N.: 211
NAME: branch0_seg211
ID: 211
LENGTH: 0.010135
NUM ELEMENTS: 5
IN NODE: 211
OUT NODE: 212
IN AREA: 0.048715
OUT AREA: 0.048709
IN FLOW: 0.000000
MAT DATATABLE NAME: MAT1
LOSS TYPE: STENOSIS
BRANCH ANGLE: 0.000000
UPSTREAM SEGMENT: 210
BRANCH SEGMENT: 0
BOUNDARY CONDITIONS TYPE: NOBOUND
INLET DATA TABLE: NONE
--- 
SEGMENT N.: 212
NAME: branch0_seg212
ID: 212
LENGTH: 0.010135
NUM ELEMENTS: 5
IN NODE: 212
OUT NODE: 213
IN AREA: 0.048702
OUT AREA: 0.048696
IN FLOW: 0.000000
MAT DATATABLE NAME: MAT1
LOSS TYPE: STENOSIS
BRANCH ANGLE: 0.000000
UPSTREAM SEGMENT: 211
BRANCH SEGMENT: 0
BOUNDARY CONDITIONS TYPE: NOBOUND
INLET DATA TABLE: NONE
--- 
SEGMENT N.: 213
NAME: branch0_seg213
ID: 213
LENGTH: 0.010135
NUM ELEMENTS: 5
IN NODE: 213
OUT NODE: 214
IN AREA: 0.048694
OUT AREA: 0.030438
IN FLOW: 0.000000
MAT DATATABLE NAME: MAT1
LOSS TYPE: STENOSIS
BRANCH ANGLE: 0.000000
UPSTREAM SEGMENT: 212
BRANCH SEGMENT: 0
BOUNDARY CONDITIONS TYPE: NOBOUND
INLET DATA TABLE: NONE
--- 
SEGMENT N.: 214
NAME: branch0_seg214
ID: 214
LENGTH: 0.010135
NUM ELEMENTS: 5
IN NODE: 214
OUT NODE: 215
IN AREA: 0.048679
OUT AREA: 0.048663
IN FLOW: 0.000000
MAT DATATABLE NAME: MAT1
LOSS TYPE: STENOSIS
BRANCH ANGLE: 0.000000
UPSTREAM SEGMENT: 213
BRANCH SEGMENT: 0
BOUNDARY CONDITIONS TYPE: NOBOUND
INLET DATA TABLE: NONE
--- 
SEGMENT N.: 215
NAME: branch0_seg215
ID: 215
LENGTH: 0.010135
NUM ELEMENTS: 5
IN NODE: 215
OUT NODE: 216
IN AREA: 0.048660
OUT AREA: 0.048644
IN FLOW: 0.000000
MAT DATATABLE NAME: MAT1
LOSS TYPE: STENOSIS
BRANCH ANGLE: 0.000000
UPSTREAM SEGMENT: 214
BRANCH SEGMENT: 0
BOUNDARY CONDITIONS TYPE: NOBOUND
INLET DATA TABLE: NONE
--- 
SEGMENT N.: 216
NAME: branch0_seg216
ID: 216
LENGTH: 0.010135
NUM ELEMENTS: 5
IN NODE: 216
OUT NODE: 217
IN AREA: 0.048641
OUT AREA: 0.048635
IN FLOW: 0.000000
MAT DATATABLE NAME: MAT1
LOSS TYPE: STENOSIS
BRANCH ANGLE: 0.000000
UPSTREAM SEGMENT: 215
BRANCH SEGMENT: 0
BOUNDARY CONDITIONS TYPE: NOBOUND
INLET DATA TABLE: NONE
--- 
SEGMENT N.: 217
NAME: branch0_seg217
ID: 217
LENGTH: 0.010135
NUM ELEMENTS: 5
IN NODE: 217
OUT NODE: 218
IN AREA: 0.048640
OUT AREA: 0.048644
IN FLOW: 0.000000
MAT DATATABLE NAME: MAT1
LOSS TYPE: STENOSIS
BRANCH ANGLE: 0.000000
UPSTREAM SEGMENT: 216
BRANCH SEGMENT: 0
BOUNDARY CONDITIONS TYPE: NOBOUND
INLET DATA TABLE: NONE
--- 
SEGMENT N.: 218
NAME: branch0_seg218
ID: 218
LENGTH: 0.010135
NUM ELEMENTS: 5
IN NODE: 218
OUT NODE: 219
IN AREA: 0.048642
OUT AREA: 0.048653
IN FLOW: 0.000000
MAT DATATABLE NAME: MAT1
LOSS TYPE: STENOSIS
BRANCH ANGLE: 0.000000
UPSTREAM SEGMENT: 217
BRANCH SEGMENT: 0
BOUNDARY CONDITIONS TYPE: NOBOUND
INLET DATA TABLE: NONE
--- 
SEGMENT N.: 219
NAME: branch0_seg219
ID: 219
LENGTH: 0.010135
NUM ELEMENTS: 5
IN NODE: 219
OUT NODE: 220
IN AREA: 0.048653
OUT AREA: 0.048662
IN FLOW: 0.000000
MAT DATATABLE NAME: MAT1
LOSS TYPE: STENOSIS
BRANCH ANGLE: 0.000000
UPSTREAM SEGMENT: 218
BRANCH SEGMENT: 0
BOUNDARY CONDITIONS TYPE: NOBOUND
INLET DATA TABLE: NONE
--- 
SEGMENT N.: 220
NAME: branch0_seg220
ID: 220
LENGTH: 0.010135
NUM ELEMENTS: 5
IN NODE: 220
OUT NODE: 221
IN AREA: 0.048660
OUT AREA: 0.042485
IN FLOW: 0.000000
MAT DATATABLE NAME: MAT1
LOSS TYPE: STENOSIS
BRANCH ANGLE: 0.000000
UPSTREAM SEGMENT: 219
BRANCH SEGMENT: 0
BOUNDARY CONDITIONS TYPE: NOBOUND
INLET DATA TABLE: NONE
--- 
SEGMENT N.: 221
NAME: branch0_seg221
ID: 221
LENGTH: 0.010135
NUM ELEMENTS: 5
IN NODE: 221
OUT NODE: 222
IN AREA: 0.048668
OUT AREA: 0.048670
IN FLOW: 0.000000
MAT DATATABLE NAME: MAT1
LOSS TYPE: STENOSIS
BRANCH ANGLE: 0.000000
UPSTREAM SEGMENT: 220
BRANCH SEGMENT: 0
BOUNDARY CONDITIONS TYPE: NOBOUND
INLET DATA TABLE: NONE
--- 
SEGMENT N.: 222
NAME: branch0_seg222
ID: 222
LENGTH: 0.010135
NUM ELEMENTS: 5
IN NODE: 222
OUT NODE: 223
IN AREA: 0.048667
OUT AREA: 0.023743
IN FLOW: 0.000000
MAT DATATABLE NAME: MAT1
LOSS TYPE: STENOSIS
BRANCH ANGLE: 0.000000
UPSTREAM SEGMENT: 221
BRANCH SEGMENT: 0
BOUNDARY CONDITIONS TYPE: NOBOUND
INLET DATA TABLE: NONE
--- 
SEGMENT N.: 223
NAME: branch0_seg223
ID: 223
LENGTH: 0.010135
NUM ELEMENTS: 5
IN NODE: 223
OUT NODE: 224
IN AREA: 0.048663
OUT AREA: 0.048663
IN FLOW: 0.000000
MAT DATATABLE NAME: MAT1
LOSS TYPE: STENOSIS
BRANCH ANGLE: 0.000000
UPSTREAM SEGMENT: 222
BRANCH SEGMENT: 0
BOUNDARY CONDITIONS TYPE: NOBOUND
INLET DATA TABLE: NONE
--- 
SEGMENT N.: 224
NAME: branch0_seg224
ID: 224
LENGTH: 0.010135
NUM ELEMENTS: 5
IN NODE: 224
OUT NODE: 225
IN AREA: 0.023642
OUT AREA: 0.048665
IN FLOW: 0.000000
MAT DATATABLE NAME: MAT1
LOSS TYPE: STENOSIS
BRANCH ANGLE: 0.000000
UPSTREAM SEGMENT: 223
BRANCH SEGMENT: 0
BOUNDARY CONDITIONS TYPE: NOBOUND
INLET DATA TABLE: NONE
--- 
SEGMENT N.: 225
NAME: branch0_seg225
ID: 225
LENGTH: 0.010135
NUM ELEMENTS: 5
IN NODE: 225
OUT NODE: 226
IN AREA: 0.048661
OUT AREA: 0.048652
IN FLOW: 0.000000
MAT DATATABLE NAME: MAT1
LOSS TYPE: STENOSIS
BRANCH ANGLE: 0.000000
UPSTREAM SEGMENT: 224
BRANCH SEGMENT: 0
BOUNDARY CONDITIONS TYPE: NOBOUND
INLET DATA TABLE: NONE
--- 
SEGMENT N.: 226
NAME: branch0_seg226
ID: 226
LENGTH: 0.010135
NUM ELEMENTS: 5
IN NODE: 226
OUT NODE: 227
IN AREA: 0.048647
OUT AREA: 0.048647
IN FLOW: 0.000000
MAT DATATABLE NAME: MAT1
LOSS TYPE: STENOSIS
BRANCH ANGLE: 0.000000
UPSTREAM SEGMENT: 225
BRANCH SEGMENT: 0
BOUNDARY CONDITIONS TYPE: NOBOUND
INLET DATA TABLE: NONE
--- 
SEGMENT N.: 227
NAME: branch0_seg227
ID: 227
LENGTH: 0.010135
NUM ELEMENTS: 5
IN NODE: 227
OUT NODE: 228
IN AREA: 0.048648
OUT AREA: 0.045400
IN FLOW: 0.000000
MAT DATATABLE NAME: MAT1
LOSS TYPE: STENOSIS
BRANCH ANGLE: 0.000000
UPSTREAM SEGMENT: 226
BRANCH SEGMENT: 0
BOUNDARY CONDITIONS TYPE: NOBOUND
INLET DATA TABLE: NONE
--- 
SEGMENT N.: 228
NAME: branch0_seg228
ID: 228
LENGTH: 0.010135
NUM ELEMENTS: 5
IN NODE: 228
OUT NODE: 229
IN AREA: 0.048673
OUT AREA: 0.048683
IN FLOW: 0.000000
MAT DATATABLE NAME: MAT1
LOSS TYPE: STENOSIS
BRANCH ANGLE: 0.000000
UPSTREAM SEGMENT: 227
BRANCH SEGMENT: 0
BOUNDARY CONDITIONS TYPE: NOBOUND
INLET DATA TABLE: NONE
--- 
SEGMENT N.: 229
NAME: branch0_seg229
ID: 229
LENGTH: 0.010135
NUM ELEMENTS: 5
IN NODE: 229
OUT NODE: 230
IN AREA: 0.048688
OUT AREA: 0.048701
IN FLOW: 0.000000
MAT DATATABLE NAME: MAT1
LOSS TYPE: STENOSIS
BRANCH ANGLE: 0.000000
UPSTREAM SEGMENT: 228
BRANCH SEGMENT: 0
BOUNDARY CONDITIONS TYPE: NOBOUND
INLET DATA TABLE: NONE
--- 
SEGMENT N.: 230
NAME: branch0_seg230
ID: 230
LENGTH: 0.010135
NUM ELEMENTS: 5
IN NODE: 230
OUT NODE: 231
IN AREA: 0.048708
OUT AREA: 0.048711
IN FLOW: 0.000000
MAT DATATABLE NAME: MAT1
LOSS TYPE: STENOSIS
BRANCH ANGLE: 0.000000
UPSTREAM SEGMENT: 229
BRANCH SEGMENT: 0
BOUNDARY CONDITIONS TYPE: NOBOUND
INLET DATA TABLE: NONE
--- 
SEGMENT N.: 231
NAME: branch0_seg231
ID: 231
LENGTH: 0.010135
NUM ELEMENTS: 5
IN NODE: 231
OUT NODE: 232
IN AREA: 0.048711
OUT AREA: 0.048721
IN FLOW: 0.000000
MAT DATATABLE NAME: MAT1
LOSS TYPE: STENOSIS
BRANCH ANGLE: 0.000000
UPSTREAM SEGMENT: 230
BRANCH SEGMENT: 0
BOUNDARY CONDITIONS TYPE: NOBOUND
INLET DATA TABLE: NONE
--- 
SEGMENT N.: 232
NAME: branch0_seg232
ID: 232
LENGTH: 0.010135
NUM ELEMENTS: 5
IN NODE: 232
OUT NODE: 233
IN AREA: 0.022793
OUT AREA: 0.048710
IN FLOW: 0.000000
MAT DATATABLE NAME: MAT1
LOSS TYPE: STENOSIS
BRANCH ANGLE: 0.000000
UPSTREAM SEGMENT: 231
BRANCH SEGMENT: 0
BOUNDARY CONDITIONS TYPE: NOBOUND
INLET DATA TABLE: NONE
--- 
SEGMENT N.: 233
NAME: branch0_seg233
ID: 233
LENGTH: 0.010135
NUM ELEMENTS: 5
IN NODE: 233
OUT NODE: 234
IN AREA: 0.046980
OUT AREA: 0.048711
IN FLOW: 0.000000
MAT DATATABLE NAME: MAT1
LOSS TYPE: STENOSIS
BRANCH ANGLE: 0.000000
UPSTREAM SEGMENT: 232
BRANCH SEGMENT: 0
BOUNDARY CONDITIONS TYPE: NOBOUND
INLET DATA TABLE: NONE
--- 
SEGMENT N.: 234
NAME: branch0_seg234
ID: 234
LENGTH: 0.010135
NUM ELEMENTS: 5
IN NODE: 234
OUT NODE: 235
IN AREA: 0.048712
OUT AREA: 0.048713
IN FLOW: 0.000000
MAT DATATABLE NAME: MAT1
LOSS TYPE: STENOSIS
BRANCH ANGLE: 0.000000
UPSTREAM SEGMENT: 233
BRANCH SEGMENT: 0
BOUNDARY CONDITIONS TYPE: NOBOUND
INLET DATA TABLE: NONE
--- 
SEGMENT N.: 235
NAME: branch0_seg235
ID: 235
LENGTH: 0.010135
NUM ELEMENTS: 5
IN NODE: 235
OUT NODE: 236
IN AREA: 0.048711
OUT AREA: 0.048705
IN FLOW: 0.000000
MAT DATATABLE NAME: MAT1
LOSS TYPE: STENOSIS
BRANCH ANGLE: 0.000000
UPSTREAM SEGMENT: 234
BRANCH SEGMENT: 0
BOUNDARY CONDITIONS TYPE: NOBOUND
INLET DATA TABLE: NONE
--- 
SEGMENT N.: 236
NAME: branch0_seg236
ID: 236
LENGTH: 0.010135
NUM ELEMENTS: 5
IN NODE: 236
OUT NODE: 237
IN AREA: 0.048706
OUT AREA: 0.048696
IN FLOW: 0.000000
MAT DATATABLE NAME: MAT1
LOSS TYPE: STENOSIS
BRANCH ANGLE: 0.000000
UPSTREAM SEGMENT: 235
BRANCH SEGMENT: 0
BOUNDARY CONDITIONS TYPE: NOBOUND
INLET DATA TABLE: NONE
--- 
SEGMENT N.: 237
NAME: branch0_seg237
ID: 237
LENGTH: 0.010135
NUM ELEMENTS: 5
IN NODE: 237
OUT NODE: 238
IN AREA: 0.048697
OUT AREA: 0.048703
IN FLOW: 0.000000
MAT DATATABLE NAME: MAT1
LOSS TYPE: STENOSIS
BRANCH ANGLE: 0.000000
UPSTREAM SEGMENT: 236
BRANCH SEGMENT: 0
BOUNDARY CONDITIONS TYPE: NOBOUND
INLET DATA TABLE: NONE
--- 
SEGMENT N.: 238
NAME: branch0_seg238
ID: 238
LENGTH: 0.010135
NUM ELEMENTS: 5
IN NODE: 238
OUT NODE: 239
IN AREA: 0.048705
OUT AREA: 0.028156
IN FLOW: 0.000000
MAT DATATABLE NAME: MAT1
LOSS TYPE: STENOSIS
BRANCH ANGLE: 0.000000
UPSTREAM SEGMENT: 237
BRANCH SEGMENT: 0
BOUNDARY CONDITIONS TYPE: NOBOUND
INLET DATA TABLE: NONE
--- 
SEGMENT N.: 239
NAME: branch0_seg239
ID: 239
LENGTH: 0.010135
NUM ELEMENTS: 5
IN NODE: 239
OUT NODE: 240
IN AREA: 0.048681
OUT AREA: 0.033797
IN FLOW: 0.000000
MAT DATATABLE NAME: MAT1
LOSS TYPE: STENOSIS
BRANCH ANGLE: 0.000000
UPSTREAM SEGMENT: 238
BRANCH SEGMENT: 0
BOUNDARY CONDITIONS TYPE: NOBOUND
INLET DATA TABLE: NONE
--- 
SEGMENT N.: 240
NAME: branch0_seg240
ID: 240
LENGTH: 0.010135
NUM ELEMENTS: 5
IN NODE: 240
OUT NODE: 241
IN AREA: 0.048682
OUT AREA: 0.048679
IN FLOW: 0.000000
MAT DATATABLE NAME: MAT1
LOSS TYPE: STENOSIS
BRANCH ANGLE: 0.000000
UPSTREAM SEGMENT: 239
BRANCH SEGMENT: 0
BOUNDARY CONDITIONS TYPE: NOBOUND
INLET DATA TABLE: NONE
--- 
SEGMENT N.: 241
NAME: branch0_seg241
ID: 241
LENGTH: 0.010135
NUM ELEMENTS: 5
IN NODE: 241
OUT NODE: 242
IN AREA: 0.048681
OUT AREA: 0.045650
IN FLOW: 0.000000
MAT DATATABLE NAME: MAT1
LOSS TYPE: STENOSIS
BRANCH ANGLE: 0.000000
UPSTREAM SEGMENT: 240
BRANCH SEGMENT: 0
BOUNDARY CONDITIONS TYPE: NOBOUND
INLET DATA TABLE: NONE
--- 
SEGMENT N.: 242
NAME: branch0_seg242
ID: 242
LENGTH: 0.010135
NUM ELEMENTS: 5
IN NODE: 242
OUT NODE: 243
IN AREA: 0.048679
OUT AREA: 0.048694
IN FLOW: 0.000000
MAT DATATABLE NAME: MAT1
LOSS TYPE: STENOSIS
BRANCH ANGLE: 0.000000
UPSTREAM SEGMENT: 241
BRANCH SEGMENT: 0
BOUNDARY CONDITIONS TYPE: NOBOUND
INLET DATA TABLE: NONE
--- 
SEGMENT N.: 243
NAME: branch0_seg243
ID: 243
LENGTH: 0.010135
NUM ELEMENTS: 5
IN NODE: 243
OUT NODE: 244
IN AREA: 0.046437
OUT AREA: 0.048716
IN FLOW: 0.000000
MAT DATATABLE NAME: MAT1
LOSS TYPE: STENOSIS
BRANCH ANGLE: 0.000000
UPSTREAM SEGMENT: 242
BRANCH SEGMENT: 0
BOUNDARY CONDITIONS TYPE: NOBOUND
INLET DATA TABLE: NONE
--- 
SEGMENT N.: 244
NAME: branch0_seg244
ID: 244
LENGTH: 0.010135
NUM ELEMENTS: 5
IN NODE: 244
OUT NODE: 245
IN AREA: 0.048723
OUT AREA: 0.048728
IN FLOW: 0.000000
MAT DATATABLE NAME: MAT1
LOSS TYPE: STENOSIS
BRANCH ANGLE: 0.000000
UPSTREAM SEGMENT: 243
BRANCH SEGMENT: 0
BOUNDARY CONDITIONS TYPE: NOBOUND
INLET DATA TABLE: NONE
--- 
SEGMENT N.: 245
NAME: branch0_seg245
ID: 245
LENGTH: 0.010135
NUM ELEMENTS: 5
IN NODE: 245
OUT NODE: 246
IN AREA: 0.048726
OUT AREA: 0.048729
IN FLOW: 0.000000
MAT DATATABLE NAME: MAT1
LOSS TYPE: STENOSIS
BRANCH ANGLE: 0.000000
UPSTREAM SEGMENT: 244
BRANCH SEGMENT: 0
BOUNDARY CONDITIONS TYPE: NOBOUND
INLET DATA TABLE: NONE
--- 
SEGMENT N.: 246
NAME: branch0_seg246
ID: 246
LENGTH: 0.010135
NUM ELEMENTS: 5
IN NODE: 246
OUT NODE: 247
IN AREA: 0.048733
OUT AREA: 0.048732
IN FLOW: 0.000000
MAT DATATABLE NAME: MAT1
LOSS TYPE: STENOSIS
BRANCH ANGLE: 0.000000
UPSTREAM SEGMENT: 245
BRANCH SEGMENT: 0
BOUNDARY CONDITIONS TYPE: NOBOUND
INLET DATA TABLE: NONE
--- 
SEGMENT N.: 247
NAME: branch0_seg247
ID: 247
LENGTH: 0.010135
NUM ELEMENTS: 5
IN NODE: 247
OUT NODE: 248
IN AREA: 0.048729
OUT AREA: 0.048720
IN FLOW: 0.000000
MAT DATATABLE NAME: MAT1
LOSS TYPE: STENOSIS
BRANCH ANGLE: 0.000000
UPSTREAM SEGMENT: 246
BRANCH SEGMENT: 0
BOUNDARY CONDITIONS TYPE: NOBOUND
INLET DATA TABLE: NONE
--- 
SEGMENT N.: 248
NAME: branch0_seg248
ID: 248
LENGTH: 0.010135
NUM ELEMENTS: 5
IN NODE: 248
OUT NODE: 249
IN AREA: 0.048718
OUT AREA: 0.048713
IN FLOW: 0.000000
MAT DATATABLE NAME: MAT1
LOSS TYPE: STENOSIS
BRANCH ANGLE: 0.000000
UPSTREAM SEGMENT: 247
BRANCH SEGMENT: 0
BOUNDARY CONDITIONS TYPE: NOBOUND
INLET DATA TABLE: NONE
--- 
SEGMENT N.: 249
NAME: branch0_seg249
ID: 249
LENGTH: 0.010135
NUM ELEMENTS: 5
IN NODE: 249
OUT NODE: 250
IN AREA: 0.048712
OUT AREA: 0.048706
IN FLOW: 0.000000
MAT DATATABLE NAME: MAT1
LOSS TYPE: STENOSIS
BRANCH ANGLE: 0.000000
UPSTREAM SEGMENT: 248
BRANCH SEGMENT: 0
BOUNDARY CONDITIONS TYPE: NOBOUND
INLET DATA TABLE: NONE
--- 
SEGMENT N.: 250
NAME: branch0_seg250
ID: 250
LENGTH: 0.010135
NUM ELEMENTS: 5
IN NODE: 250
OUT NODE: 251
IN AREA: 0.029378
OUT AREA: 0.048689
IN FLOW: 0.000000
MAT DATATABLE NAME: MAT1
LOSS TYPE: STENOSIS
BRANCH ANGLE: 0.000000
UPSTREAM SEGMENT: 249
BRANCH SEGMENT: 0
BOUNDARY CONDITIONS TYPE: NOBOUND
INLET DATA TABLE: NONE
--- 
SEGMENT N.: 251
NAME: branch0_seg251
ID: 251
LENGTH: 0.010135
NUM ELEMENTS: 5
IN NODE: 251
OUT NODE: 252
IN AREA: 0.048688
OUT AREA: 0.048675
IN FLOW: 0.000000
MAT DATATABLE NAME: MAT1
LOSS TYPE: STENOSIS
BRANCH ANGLE: 0.000000
UPSTREAM SEGMENT: 250
BRANCH SEGMENT: 0
BOUNDARY CONDITIONS TYPE: NOBOUND
INLET DATA TABLE: NONE
--- 
SEGMENT N.: 252
NAME: branch0_seg252
ID: 252
LENGTH: 0.010135
NUM ELEMENTS: 5
IN NODE: 252
OUT NODE: 253
IN AREA: 0.048670
OUT AREA: 0.048654
IN FLOW: 0.000000
MAT DATATABLE NAME: MAT1
LOSS TYPE: STENOSIS
BRANCH ANGLE: 0.000000
UPSTREAM SEGMENT: 251
BRANCH SEGMENT: 0
BOUNDARY CONDITIONS TYPE: NOBOUND
INLET DATA TABLE: NONE
--- 
SEGMENT N.: 253
NAME: branch0_seg253
ID: 253
LENGTH: 0.010135
NUM ELEMENTS: 5
IN NODE: 253
OUT NODE: 254
IN AREA: 0.048654
OUT AREA: 0.048652
IN FLOW: 0.000000
MAT DATATABLE NAME: MAT1
LOSS TYPE: STENOSIS
BRANCH ANGLE: 0.000000
UPSTREAM SEGMENT: 252
BRANCH SEGMENT: 0
BOUNDARY CONDITIONS TYPE: NOBOUND
INLET DATA TABLE: NONE
--- 
SEGMENT N.: 254
NAME: branch0_seg254
ID: 254
LENGTH: 0.010135
NUM ELEMENTS: 5
IN NODE: 254
OUT NODE: 255
IN AREA: 0.048647
OUT AREA: 0.023030
IN FLOW: 0.000000
MAT DATATABLE NAME: MAT1
LOSS TYPE: STENOSIS
BRANCH ANGLE: 0.000000
UPSTREAM SEGMENT: 253
BRANCH SEGMENT: 0
BOUNDARY CONDITIONS TYPE: NOBOUND
INLET DATA TABLE: NONE
--- 
SEGMENT N.: 255
NAME: branch0_seg255
ID: 255
LENGTH: 0.010135
NUM ELEMENTS: 5
IN NODE: 255
OUT NODE: 256
IN AREA: 0.048642
OUT AREA: 0.048631
IN FLOW: 0.000000
MAT DATATABLE NAME: MAT1
LOSS TYPE: STENOSIS
BRANCH ANGLE: 0.000000
UPSTREAM SEGMENT: 254
BRANCH SEGMENT: 0
BOUNDARY CONDITIONS TYPE: NOBOUND
INLET DATA TABLE: NONE
--- 
SEGMENT N.: 256
NAME: branch0_seg256
ID: 256
LENGTH: 0.010135
NUM ELEMENTS: 5
IN NODE: 256
OUT NODE: 257
IN AREA: 0.048629
OUT AREA: 0.048627
IN FLOW: 0.000000
MAT DATATABLE NAME: MAT1
LOSS TYPE: STENOSIS
BRANCH ANGLE: 0.000000
UPSTREAM SEGMENT: 255
BRANCH SEGMENT: 0
BOUNDARY CONDITIONS TYPE: NOBOUND
INLET DATA TABLE: NONE
--- 
SEGMENT N.: 257
NAME: branch0_seg257
ID: 257
LENGTH: 0.010135
NUM ELEMENTS: 5
IN NODE: 257
OUT NODE: 258
IN AREA: 0.048628
OUT AREA: 0.048624
IN FLOW: 0.000000
MAT DATATABLE NAME: MAT1
LOSS TYPE: STENOSIS
BRANCH ANGLE: 0.000000
UPSTREAM SEGMENT: 256
BRANCH SEGMENT: 0
BOUNDARY CONDITIONS TYPE: NOBOUND
INLET DATA TABLE: NONE
--- 
SEGMENT N.: 258
NAME: branch0_seg258
ID: 258
LENGTH: 0.010135
NUM ELEMENTS: 5
IN NODE: 258
OUT NODE: 259
IN AREA: 0.048621
OUT AREA: 0.023947
IN FLOW: 0.000000
MAT DATATABLE NAME: MAT1
LOSS TYPE: STENOSIS
BRANCH ANGLE: 0.000000
UPSTREAM SEGMENT: 257
BRANCH SEGMENT: 0
BOUNDARY CONDITIONS TYPE: NOBOUND
INLET DATA TABLE: NONE
--- 
SEGMENT N.: 259
NAME: branch0_seg259
ID: 259
LENGTH: 0.010135
NUM ELEMENTS: 5
IN NODE: 259
OUT NODE: 260
IN AREA: 0.048624
OUT AREA: 0.048633
IN FLOW: 0.000000
MAT DATATABLE NAME: MAT1
LOSS TYPE: STENOSIS
BRANCH ANGLE: 0.000000
UPSTREAM SEGMENT: 258
BRANCH SEGMENT: 0
BOUNDARY CONDITIONS TYPE: NOBOUND
INLET DATA TABLE: NONE
--- 
SEGMENT N.: 260
NAME: branch0_seg260
ID: 260
LENGTH: 0.010135
NUM ELEMENTS: 5
IN NODE: 260
OUT NODE: 261
IN AREA: 0.048640
OUT AREA: 0.048652
IN FLOW: 0.000000
MAT DATATABLE NAME: MAT1
LOSS TYPE: STENOSIS
BRANCH ANGLE: 0.000000
UPSTREAM SEGMENT: 259
BRANCH SEGMENT: 0
BOUNDARY CONDITIONS TYPE: NOBOUND
INLET DATA TABLE: NONE
--- 
SEGMENT N.: 261
NAME: branch0_seg261
ID: 261
LENGTH: 0.010135
NUM ELEMENTS: 5
IN NODE: 261
OUT NODE: 262
IN AREA: 0.026166
OUT AREA: 0.048667
IN FLOW: 0.000000
MAT DATATABLE NAME: MAT1
LOSS TYPE: STENOSIS
BRANCH ANGLE: 0.000000
UPSTREAM SEGMENT: 260
BRANCH SEGMENT: 0
BOUNDARY CONDITIONS TYPE: NOBOUND
INLET DATA TABLE: NONE
--- 
SEGMENT N.: 262
NAME: branch0_seg262
ID: 262
LENGTH: 0.010135
NUM ELEMENTS: 5
IN NODE: 262
OUT NODE: 263
IN AREA: 0.048669
OUT AREA: 0.048682
IN FLOW: 0.000000
MAT DATATABLE NAME: MAT1
LOSS TYPE: STENOSIS
BRANCH ANGLE: 0.000000
UPSTREAM SEGMENT: 261
BRANCH SEGMENT: 0
BOUNDARY CONDITIONS TYPE: NOBOUND
INLET DATA TABLE: NONE
--- 
SEGMENT N.: 263
NAME: branch0_seg263
ID: 263
LENGTH: 0.010135
NUM ELEMENTS: 5
IN NODE: 263
OUT NODE: 264
IN AREA: 0.042638
OUT AREA: 0.048677
IN FLOW: 0.000000
MAT DATATABLE NAME: MAT1
LOSS TYPE: STENOSIS
BRANCH ANGLE: 0.000000
UPSTREAM SEGMENT: 262
BRANCH SEGMENT: 0
BOUNDARY CONDITIONS TYPE: NOBOUND
INLET DATA TABLE: NONE
--- 
SEGMENT N.: 264
NAME: branch0_seg264
ID: 264
LENGTH: 0.010135
NUM ELEMENTS: 5
IN NODE: 264
OUT NODE: 265
IN AREA: 0.048676
OUT AREA: 0.024484
IN FLOW: 0.000000
MAT DATATABLE NAME: MAT1
LOSS TYPE: STENOSIS
BRANCH ANGLE: 0.000000
UPSTREAM SEGMENT: 263
BRANCH SEGMENT: 0
BOUNDARY CONDITIONS TYPE: NOBOUND
INLET DATA TABLE: NONE
--- 
SEGMENT N.: 265
NAME: branch0_seg265
ID: 265
LENGTH: 0.010135
NUM ELEMENTS: 5
IN NODE: 265
OUT NODE: 266
IN AREA: 0.048677
OUT AREA: 0.048677
IN FLOW: 0.000000
MAT DATATABLE NAME: MAT1
LOSS TYPE: STENOSIS
BRANCH ANGLE: 0.000000
UPSTREAM SEGMENT: 264
BRANCH SEGMENT: 0
BOUNDARY CONDITIONS TYPE: NOBOUND
INLET DATA TABLE: NONE
--- 
SEGMENT N.: 266
NAME: branch0_seg266
ID: 266
LENGTH: 0.010135
NUM ELEMENTS: 5
IN NODE: 266
OUT NODE: 267
IN AREA: 0.048677
OUT AREA: 0.048684
IN FLOW: 0.000000
MAT DATATABLE NAME: MAT1
LOSS TYPE: STENOSIS
BRANCH ANGLE: 0.000000
UPSTREAM SEGMENT: 265
BRANCH SEGMENT: 0
BOUNDARY CONDITIONS TYPE: NOBOUND
INLET DATA TABLE: NONE
--- 
SEGMENT N.: 267
NAME: branch0_seg267
ID: 267
LENGTH: 0.010135
NUM ELEMENTS: 5
IN NODE: 267
OUT NODE: 268
IN AREA: 0.048687
OUT AREA: 0.048709
IN FLOW: 0.000000
MAT DATATABLE NAME: MAT1
LOSS TYPE: STENOSIS
BRANCH ANGLE: 0.000000
UPSTREAM SEGMENT: 266
BRANCH SEGMENT: 0
BOUNDARY CONDITIONS TYPE: NOBOUND
INLET DATA TABLE: NONE
--- 
SEGMENT N.: 268
NAME: branch0_seg268
ID: 268
LENGTH: 0.010135
NUM ELEMENTS: 5
IN NODE: 268
OUT NODE: 269
IN AREA: 0.048708
OUT AREA: 0.041738
IN FLOW: 0.000000
MAT DATATABLE NAME: MAT1
LOSS TYPE: STENOSIS
BRANCH ANGLE: 0.000000
UPSTREAM SEGMENT: 267
BRANCH SEGMENT: 0
BOUNDARY CONDITIONS TYPE: NOBOUND
INLET DATA TABLE: NONE
--- 
SEGMENT N.: 269
NAME: branch0_seg269
ID: 269
LENGTH: 0.010135
NUM ELEMENTS: 5
IN NODE: 269
OUT NODE: 270
IN AREA: 0.048712
OUT AREA: 0.048711
IN FLOW: 0.000000
MAT DATATABLE NAME: MAT1
LOSS TYPE: STENOSIS
BRANCH ANGLE: 0.000000
UPSTREAM SEGMENT: 268
BRANCH SEGMENT: 0
BOUNDARY CONDITIONS TYPE: NOBOUND
INLET DATA TABLE: NONE
--- 
SEGMENT N.: 270
NAME: branch0_seg270
ID: 270
LENGTH: 0.010135
NUM ELEMENTS: 5
IN NODE: 270
OUT NODE: 271
IN AREA: 0.048710
OUT AREA: 0.048708
IN FLOW: 0.000000
MAT DATATABLE NAME: MAT1
LOSS TYPE: STENOSIS
BRANCH ANGLE: 0.000000
UPSTREAM SEGMENT: 269
BRANCH SEGMENT: 0
BOUNDARY CONDITIONS TYPE: NOBOUND
INLET DATA TABLE: NONE
--- 
SEGMENT N.: 271
NAME: branch0_seg271
ID: 271
LENGTH: 0.010135
NUM ELEMENTS: 5
IN NODE: 271
OUT NODE: 272
IN AREA: 0.048708
OUT AREA: 0.048698
IN FLOW: 0.000000
MAT DATATABLE NAME: MAT1
LOSS TYPE: STENOSIS
BRANCH ANGLE: 0.000000
UPSTREAM SEGMENT: 270
BRANCH SEGMENT: 0
BOUNDARY CONDITIONS TYPE: NOBOUND
INLET DATA TABLE: NONE
--- 
SEGMENT N.: 272
NAME: branch0_seg272
ID: 272
LENGTH: 0.010135
NUM ELEMENTS: 5
IN NODE: 272
OUT NODE: 273
IN AREA: 0.048699
OUT AREA: 0.048708
IN FLOW: 0.000000
MAT DATATABLE NAME: MAT1
LOSS TYPE: STENOSIS
BRANCH ANGLE: 0.000000
UPSTREAM SEGMENT: 271
BRANCH SEGMENT: 0
BOUNDARY CONDITIONS TYPE: NOBOUND
INLET DATA TABLE: NONE
--- 
SEGMENT N.: 273
NAME: branch0_seg273
ID: 273
LENGTH: 0.010135
NUM ELEMENTS: 5
IN NODE: 273
OUT NODE: 274
IN AREA: 0.048710
OUT AREA: 0.048709
IN FLOW: 0.000000
MAT DATATABLE NAME: MAT1
LOSS TYPE: STENOSIS
BRANCH ANGLE: 0.000000
UPSTREAM SEGMENT: 272
BRANCH SEGMENT: 0
BOUNDARY CONDITIONS TYPE: NOBOUND
INLET DATA TABLE: NONE
--- 
SEGMENT N.: 274
NAME: branch0_seg274
ID: 274
LENGTH: 0.010135
NUM ELEMENTS: 5
IN NODE: 274
OUT NODE: 275
IN AREA: 0.048704
OUT AREA: 0.048689
IN FLOW: 0.000000
MAT DATATABLE NAME: MAT1
LOSS TYPE: STENOSIS
BRANCH ANGLE: 0.000000
UPSTREAM SEGMENT: 273
BRANCH SEGMENT: 0
BOUNDARY CONDITIONS TYPE: NOBOUND
INLET DATA TABLE: NONE
--- 
SEGMENT N.: 275
NAME: branch0_seg275
ID: 275
LENGTH: 0.010135
NUM ELEMENTS: 5
IN NODE: 275
OUT NODE: 276
IN AREA: 0.048693
OUT AREA: 0.048693
IN FLOW: 0.000000
MAT DATATABLE NAME: MAT1
LOSS TYPE: STENOSIS
BRANCH ANGLE: 0.000000
UPSTREAM SEGMENT: 274
BRANCH SEGMENT: 0
BOUNDARY CONDITIONS TYPE: NOBOUND
INLET DATA TABLE: NONE
--- 
SEGMENT N.: 276
NAME: branch0_seg276
ID: 276
LENGTH: 0.010135
NUM ELEMENTS: 5
IN NODE: 276
OUT NODE: 277
IN AREA: 0.048699
OUT AREA: 0.048703
IN FLOW: 0.000000
MAT DATATABLE NAME: MAT1
LOSS TYPE: STENOSIS
BRANCH ANGLE: 0.000000
UPSTREAM SEGMENT: 275
BRANCH SEGMENT: 0
BOUNDARY CONDITIONS TYPE: NOBOUND
INLET DATA TABLE: NONE
--- 
SEGMENT N.: 277
NAME: branch0_seg277
ID: 277
LENGTH: 0.010135
NUM ELEMENTS: 5
IN NODE: 277
OUT NODE: 278
IN AREA: 0.048699
OUT AREA: 0.048717
IN FLOW: 0.000000
MAT DATATABLE NAME: MAT1
LOSS TYPE: STENOSIS
BRANCH ANGLE: 0.000000
UPSTREAM SEGMENT: 276
BRANCH SEGMENT: 0
BOUNDARY CONDITIONS TYPE: NOBOUND
INLET DATA TABLE: NONE
--- 
SEGMENT N.: 278
NAME: branch0_seg278
ID: 278
LENGTH: 0.010135
NUM ELEMENTS: 5
IN NODE: 278
OUT NODE: 279
IN AREA: 0.048720
OUT AREA: 0.048715
IN FLOW: 0.000000
MAT DATATABLE NAME: MAT1
LOSS TYPE: STENOSIS
BRANCH ANGLE: 0.000000
UPSTREAM SEGMENT: 277
BRANCH SEGMENT: 0
BOUNDARY CONDITIONS TYPE: NOBOUND
INLET DATA TABLE: NONE
--- 
SEGMENT N.: 279
NAME: branch0_seg279
ID: 279
LENGTH: 0.010135
NUM ELEMENTS: 5
IN NODE: 279
OUT NODE: 280
IN AREA: 0.048716
OUT AREA: 0.048722
IN FLOW: 0.000000
MAT DATATABLE NAME: MAT1
LOSS TYPE: STENOSIS
BRANCH ANGLE: 0.000000
UPSTREAM SEGMENT: 278
BRANCH SEGMENT: 0
BOUNDARY CONDITIONS TYPE: NOBOUND
INLET DATA TABLE: NONE
--- 
SEGMENT N.: 280
NAME: branch0_seg280
ID: 280
LENGTH: 0.010135
NUM ELEMENTS: 5
IN NODE: 280
OUT NODE: 281
IN AREA: 0.048716
OUT AREA: 0.048711
IN FLOW: 0.000000
MAT DATATABLE NAME: MAT1
LOSS TYPE: STENOSIS
BRANCH ANGLE: 0.000000
UPSTREAM SEGMENT: 279
BRANCH SEGMENT: 0
BOUNDARY CONDITIONS TYPE: NOBOUND
INLET DATA TABLE: NONE
--- 
SEGMENT N.: 281
NAME: branch0_seg281
ID: 281
LENGTH: 0.010135
NUM ELEMENTS: 5
IN NODE: 281
OUT NODE: 282
IN AREA: 0.048707
OUT AREA: 0.048691
IN FLOW: 0.000000
MAT DATATABLE NAME: MAT1
LOSS TYPE: STENOSIS
BRANCH ANGLE: 0.000000
UPSTREAM SEGMENT: 280
BRANCH SEGMENT: 0
BOUNDARY CONDITIONS TYPE: NOBOUND
INLET DATA TABLE: NONE
--- 
SEGMENT N.: 282
NAME: branch0_seg282
ID: 282
LENGTH: 0.010135
NUM ELEMENTS: 5
IN NODE: 282
OUT NODE: 283
IN AREA: 0.048691
OUT AREA: 0.048682
IN FLOW: 0.000000
MAT DATATABLE NAME: MAT1
LOSS TYPE: STENOSIS
BRANCH ANGLE: 0.000000
UPSTREAM SEGMENT: 281
BRANCH SEGMENT: 0
BOUNDARY CONDITIONS TYPE: NOBOUND
INLET DATA TABLE: NONE
--- 
SEGMENT N.: 283
NAME: branch0_seg283
ID: 283
LENGTH: 0.010135
NUM ELEMENTS: 5
IN NODE: 283
OUT NODE: 284
IN AREA: 0.048680
OUT AREA: 0.048681
IN FLOW: 0.000000
MAT DATATABLE NAME: MAT1
LOSS TYPE: STENOSIS
BRANCH ANGLE: 0.000000
UPSTREAM SEGMENT: 282
BRANCH SEGMENT: 0
BOUNDARY CONDITIONS TYPE: NOBOUND
INLET DATA TABLE: NONE
--- 
SEGMENT N.: 284
NAME: branch0_seg284
ID: 284
LENGTH: 0.010135
NUM ELEMENTS: 5
IN NODE: 284
OUT NODE: 285
IN AREA: 0.048679
OUT AREA: 0.048687
IN FLOW: 0.000000
MAT DATATABLE NAME: MAT1
LOSS TYPE: STENOSIS
BRANCH ANGLE: 0.000000
UPSTREAM SEGMENT: 283
BRANCH SEGMENT: 0
BOUNDARY CONDITIONS TYPE: NOBOUND
INLET DATA TABLE: NONE
--- 
SEGMENT N.: 285
NAME: branch0_seg285
ID: 285
LENGTH: 0.010135
NUM ELEMENTS: 5
IN NODE: 285
OUT NODE: 286
IN AREA: 0.048688
OUT AREA: 0.048690
IN FLOW: 0.000000
MAT DATATABLE NAME: MAT1
LOSS TYPE: STENOSIS
BRANCH ANGLE: 0.000000
UPSTREAM SEGMENT: 284
BRANCH SEGMENT: 0
BOUNDARY CONDITIONS TYPE: NOBOUND
INLET DATA TABLE: NONE
--- 
SEGMENT N.: 286
NAME: branch0_seg286
ID: 286
LENGTH: 0.010135
NUM ELEMENTS: 5
IN NODE: 286
OUT NODE: 287
IN AREA: 0.048692
OUT AREA: 0.048690
IN FLOW: 0.000000
MAT DATATABLE NAME: MAT1
LOSS TYPE: STENOSIS
BRANCH ANGLE: 0.000000
UPSTREAM SEGMENT: 285
BRANCH SEGMENT: 0
BOUNDARY CONDITIONS TYPE: NOBOUND
INLET DATA TABLE: NONE
--- 
SEGMENT N.: 287
NAME: branch0_seg287
ID: 287
LENGTH: 0.010135
NUM ELEMENTS: 5
IN NODE: 287
OUT NODE: 288
IN AREA: 0.048690
OUT AREA: 0.048681
IN FLOW: 0.000000
MAT DATATABLE NAME: MAT1
LOSS TYPE: STENOSIS
BRANCH ANGLE: 0.000000
UPSTREAM SEGMENT: 286
BRANCH SEGMENT: 0
BOUNDARY CONDITIONS TYPE: NOBOUND
INLET DATA TABLE: NONE
--- 
SEGMENT N.: 288
NAME: branch0_seg288
ID: 288
LENGTH: 0.010135
NUM ELEMENTS: 5
IN NODE: 288
OUT NODE: 289
IN AREA: 0.048681
OUT AREA: 0.048683
IN FLOW: 0.000000
MAT DATATABLE NAME: MAT1
LOSS TYPE: STENOSIS
BRANCH ANGLE: 0.000000
UPSTREAM SEGMENT: 287
BRANCH SEGMENT: 0
BOUNDARY CONDITIONS TYPE: NOBOUND
INLET DATA TABLE: NONE
--- 
SEGMENT N.: 289
NAME: branch0_seg289
ID: 289
LENGTH: 0.010135
NUM ELEMENTS: 5
IN NODE: 289
OUT NODE: 290
IN AREA: 0.048682
OUT AREA: 0.048680
IN FLOW: 0.000000
MAT DATATABLE NAME: MAT1
LOSS TYPE: STENOSIS
BRANCH ANGLE: 0.000000
UPSTREAM SEGMENT: 288
BRANCH SEGMENT: 0
BOUNDARY CONDITIONS TYPE: NOBOUND
INLET DATA TABLE: NONE
--- 
SEGMENT N.: 290
NAME: branch0_seg290
ID: 290
LENGTH: 0.010135
NUM ELEMENTS: 5
IN NODE: 290
OUT NODE: 291
IN AREA: 0.048678
OUT AREA: 0.048671
IN FLOW: 0.000000
MAT DATATABLE NAME: MAT1
LOSS TYPE: STENOSIS
BRANCH ANGLE: 0.000000
UPSTREAM SEGMENT: 289
BRANCH SEGMENT: 0
BOUNDARY CONDITIONS TYPE: NOBOUND
INLET DATA TABLE: NONE
--- 
SEGMENT N.: 291
NAME: branch0_seg291
ID: 291
LENGTH: 0.010135
NUM ELEMENTS: 5
IN NODE: 291
OUT NODE: 292
IN AREA: 0.048673
OUT AREA: 0.048676
IN FLOW: 0.000000
MAT DATATABLE NAME: MAT1
LOSS TYPE: STENOSIS
BRANCH ANGLE: 0.000000
UPSTREAM SEGMENT: 290
BRANCH SEGMENT: 0
BOUNDARY CONDITIONS TYPE: NOBOUND
INLET DATA TABLE: NONE
--- 
SEGMENT N.: 292
NAME: branch0_seg292
ID: 292
LENGTH: 0.010135
NUM ELEMENTS: 5
IN NODE: 292
OUT NODE: 293
IN AREA: 0.048673
OUT AREA: 0.048680
IN FLOW: 0.000000
MAT DATATABLE NAME: MAT1
LOSS TYPE: STENOSIS
BRANCH ANGLE: 0.000000
UPSTREAM SEGMENT: 291
BRANCH SEGMENT: 0
BOUNDARY CONDITIONS TYPE: NOBOUND
INLET DATA TABLE: NONE
--- 
SEGMENT N.: 293
NAME: branch0_seg293
ID: 293
LENGTH: 0.010135
NUM ELEMENTS: 5
IN NODE: 293
OUT NODE: 294
IN AREA: 0.047275
OUT AREA: 0.048669
IN FLOW: 0.000000
MAT DATATABLE NAME: MAT1
LOSS TYPE: STENOSIS
BRANCH ANGLE: 0.000000
UPSTREAM SEGMENT: 292
BRANCH SEGMENT: 0
BOUNDARY CONDITIONS TYPE: NOBOUND
INLET DATA TABLE: NONE
--- 
SEGMENT N.: 294
NAME: branch0_seg294
ID: 294
LENGTH: 0.010135
NUM ELEMENTS: 5
IN NODE: 294
OUT NODE: 295
IN AREA: 0.048672
OUT AREA: 0.048672
IN FLOW: 0.000000
MAT DATATABLE NAME: MAT1
LOSS TYPE: STENOSIS
BRANCH ANGLE: 0.000000
UPSTREAM SEGMENT: 293
BRANCH SEGMENT: 0
BOUNDARY CONDITIONS TYPE: NOBOUND
INLET DATA TABLE: NONE
--- 
SEGMENT N.: 295
NAME: branch0_seg295
ID: 295
LENGTH: 0.010135
NUM ELEMENTS: 5
IN NODE: 295
OUT NODE: 296
IN AREA: 0.048677
OUT AREA: 0.048683
IN FLOW: 0.000000
MAT DATATABLE NAME: MAT1
LOSS TYPE: STENOSIS
BRANCH ANGLE: 0.000000
UPSTREAM SEGMENT: 294
BRANCH SEGMENT: 0
BOUNDARY CONDITIONS TYPE: NOBOUND
INLET DATA TABLE: NONE
--- 
SEGMENT N.: 296
NAME: branch0_seg296
ID: 296
LENGTH: 0.010135
NUM ELEMENTS: 5
IN NODE: 296
OUT NODE: 297
IN AREA: 0.048692
OUT AREA: 0.048709
IN FLOW: 0.000000
MAT DATATABLE NAME: MAT1
LOSS TYPE: STENOSIS
BRANCH ANGLE: 0.000000
UPSTREAM SEGMENT: 295
BRANCH SEGMENT: 0
BOUNDARY CONDITIONS TYPE: NOBOUND
INLET DATA TABLE: NONE
--- 
SEGMENT N.: 297
NAME: branch0_seg297
ID: 297
LENGTH: 0.010135
NUM ELEMENTS: 5
IN NODE: 297
OUT NODE: 298
IN AREA: 0.048710
OUT AREA: 0.048719
IN FLOW: 0.000000
MAT DATATABLE NAME: MAT1
LOSS TYPE: STENOSIS
BRANCH ANGLE: 0.000000
UPSTREAM SEGMENT: 296
BRANCH SEGMENT: 0
BOUNDARY CONDITIONS TYPE: NOBOUND
INLET DATA TABLE: NONE
--- 
SEGMENT N.: 298
NAME: branch0_seg298
ID: 298
LENGTH: 0.010135
NUM ELEMENTS: 5
IN NODE: 298
OUT NODE: 299
IN AREA: 0.048719
OUT AREA: 0.048721
IN FLOW: 0.000000
MAT DATATABLE NAME: MAT1
LOSS TYPE: STENOSIS
BRANCH ANGLE: 0.000000
UPSTREAM SEGMENT: 297
BRANCH SEGMENT: 0
BOUNDARY CONDITIONS TYPE: NOBOUND
INLET DATA TABLE: NONE
--- 
SEGMENT N.: 299
NAME: branch0_seg299
ID: 299
LENGTH: 0.010135
NUM ELEMENTS: 5
IN NODE: 299
OUT NODE: 300
IN AREA: 0.048724
OUT AREA: 0.048725
IN FLOW: 0.000000
MAT DATATABLE NAME: MAT1
LOSS TYPE: STENOSIS
BRANCH ANGLE: 0.000000
UPSTREAM SEGMENT: 298
BRANCH SEGMENT: 0
BOUNDARY CONDITIONS TYPE: NOBOUND
INLET DATA TABLE: NONE
--- 
SEGMENT N.: 300
NAME: branch0_seg300
ID: 300
LENGTH: 0.010135
NUM ELEMENTS: 5
IN NODE: 300
OUT NODE: 301
IN AREA: 0.048723
OUT AREA: 0.048726
IN FLOW: 0.000000
MAT DATATABLE NAME: MAT1
LOSS TYPE: STENOSIS
BRANCH ANGLE: 0.000000
UPSTREAM SEGMENT: 299
BRANCH SEGMENT: 0
BOUNDARY CONDITIONS TYPE: NOBOUND
INLET DATA TABLE: NONE
--- 
SEGMENT N.: 301
NAME: branch0_seg301
ID: 301
LENGTH: 0.010135
NUM ELEMENTS: 5
IN NODE: 301
OUT NODE: 302
IN AREA: 0.048728
OUT AREA: 0.048734
IN FLOW: 0.000000
MAT DATATABLE NAME: MAT1
LOSS TYPE: STENOSIS
BRANCH ANGLE: 0.000000
UPSTREAM SEGMENT: 300
BRANCH SEGMENT: 0
BOUNDARY CONDITIONS TYPE: NOBOUND
INLET DATA TABLE: NONE
--- 
SEGMENT N.: 302
NAME: branch0_seg302
ID: 302
LENGTH: 0.010135
NUM ELEMENTS: 5
IN NODE: 302
OUT NODE: 303
IN AREA: 0.048730
OUT AREA: 0.048717
IN FLOW: 0.000000
MAT DATATABLE NAME: MAT1
LOSS TYPE: STENOSIS
BRANCH ANGLE: 0.000000
UPSTREAM SEGMENT: 301
BRANCH SEGMENT: 0
BOUNDARY CONDITIONS TYPE: NOBOUND
INLET DATA TABLE: NONE
--- 
SEGMENT N.: 303
NAME: branch0_seg303
ID: 303
LENGTH: 0.010135
NUM ELEMENTS: 5
IN NODE: 303
OUT NODE: 304
IN AREA: 0.048723
OUT AREA: 0.048722
IN FLOW: 0.000000
MAT DATATABLE NAME: MAT1
LOSS TYPE: STENOSIS
BRANCH ANGLE: 0.000000
UPSTREAM SEGMENT: 302
BRANCH SEGMENT: 0
BOUNDARY CONDITIONS TYPE: NOBOUND
INLET DATA TABLE: NONE
--- 
SEGMENT N.: 304
NAME: branch0_seg304
ID: 304
LENGTH: 0.010135
NUM ELEMENTS: 5
IN NODE: 304
OUT NODE: 305
IN AREA: 0.048723
OUT AREA: 0.048735
IN FLOW: 0.000000
MAT DATATABLE NAME: MAT1
LOSS TYPE: STENOSIS
BRANCH ANGLE: 0.000000
UPSTREAM SEGMENT: 303
BRANCH SEGMENT: 0
BOUNDARY CONDITIONS TYPE: NOBOUND
INLET DATA TABLE: NONE
--- 
SEGMENT N.: 305
NAME: branch0_seg305
ID: 305
LENGTH: 0.010135
NUM ELEMENTS: 5
IN NODE: 305
OUT NODE: 306
IN AREA: 0.048738
OUT AREA: 0.048749
IN FLOW: 0.000000
MAT DATATABLE NAME: MAT1
LOSS TYPE: STENOSIS
BRANCH ANGLE: 0.000000
UPSTREAM SEGMENT: 304
BRANCH SEGMENT: 0
BOUNDARY CONDITIONS TYPE: NOBOUND
INLET DATA TABLE: NONE
--- 
SEGMENT N.: 306
NAME: branch0_seg306
ID: 306
LENGTH: 0.010135
NUM ELEMENTS: 5
IN NODE: 306
OUT NODE: 307
IN AREA: 0.048759
OUT AREA: 0.048768
IN FLOW: 0.000000
MAT DATATABLE NAME: MAT1
LOSS TYPE: STENOSIS
BRANCH ANGLE: 0.000000
UPSTREAM SEGMENT: 305
BRANCH SEGMENT: 0
BOUNDARY CONDITIONS TYPE: NOBOUND
INLET DATA TABLE: NONE
--- 
SEGMENT N.: 307
NAME: branch0_seg307
ID: 307
LENGTH: 0.010135
NUM ELEMENTS: 5
IN NODE: 307
OUT NODE: 308
IN AREA: 0.048770
OUT AREA: 0.048763
IN FLOW: 0.000000
MAT DATATABLE NAME: MAT1
LOSS TYPE: STENOSIS
BRANCH ANGLE: 0.000000
UPSTREAM SEGMENT: 306
BRANCH SEGMENT: 0
BOUNDARY CONDITIONS TYPE: NOBOUND
INLET DATA TABLE: NONE
--- 
SEGMENT N.: 308
NAME: branch0_seg308
ID: 308
LENGTH: 0.010135
NUM ELEMENTS: 5
IN NODE: 308
OUT NODE: 309
IN AREA: 0.048761
OUT AREA: 0.048751
IN FLOW: 0.000000
MAT DATATABLE NAME: MAT1
LOSS TYPE: STENOSIS
BRANCH ANGLE: 0.000000
UPSTREAM SEGMENT: 307
BRANCH SEGMENT: 0
BOUNDARY CONDITIONS TYPE: NOBOUND
INLET DATA TABLE: NONE
--- 
SEGMENT N.: 309
NAME: branch0_seg309
ID: 309
LENGTH: 0.010135
NUM ELEMENTS: 5
IN NODE: 309
OUT NODE: 310
IN AREA: 0.048750
OUT AREA: 0.048739
IN FLOW: 0.000000
MAT DATATABLE NAME: MAT1
LOSS TYPE: STENOSIS
BRANCH ANGLE: 0.000000
UPSTREAM SEGMENT: 308
BRANCH SEGMENT: 0
BOUNDARY CONDITIONS TYPE: NOBOUND
INLET DATA TABLE: NONE
--- 
SEGMENT N.: 310
NAME: branch0_seg310
ID: 310
LENGTH: 0.010135
NUM ELEMENTS: 5
IN NODE: 310
OUT NODE: 311
IN AREA: 0.048732
OUT AREA: 0.048725
IN FLOW: 0.000000
MAT DATATABLE NAME: MAT1
LOSS TYPE: STENOSIS
BRANCH ANGLE: 0.000000
UPSTREAM SEGMENT: 309
BRANCH SEGMENT: 0
BOUNDARY CONDITIONS TYPE: NOBOUND
INLET DATA TABLE: NONE
--- 
SEGMENT N.: 311
NAME: branch0_seg311
ID: 311
LENGTH: 0.010135
NUM ELEMENTS: 5
IN NODE: 311
OUT NODE: 312
IN AREA: 0.017667
OUT AREA: 0.048701
IN FLOW: 0.000000
MAT DATATABLE NAME: MAT1
LOSS TYPE: STENOSIS
BRANCH ANGLE: 0.000000
UPSTREAM SEGMENT: 310
BRANCH SEGMENT: 0
BOUNDARY CONDITIONS TYPE: NOBOUND
INLET DATA TABLE: NONE
--- 
SEGMENT N.: 312
NAME: branch0_seg312
ID: 312
LENGTH: 0.010135
NUM ELEMENTS: 5
IN NODE: 312
OUT NODE: 313
IN AREA: 0.048699
OUT AREA: 0.048700
IN FLOW: 0.000000
MAT DATATABLE NAME: MAT1
LOSS TYPE: STENOSIS
BRANCH ANGLE: 0.000000
UPSTREAM SEGMENT: 311
BRANCH SEGMENT: 0
BOUNDARY CONDITIONS TYPE: NOBOUND
INLET DATA TABLE: NONE
--- 
SEGMENT N.: 313
NAME: branch0_seg313
ID: 313
LENGTH: 0.010135
NUM ELEMENTS: 5
IN NODE: 313
OUT NODE: 314
IN AREA: 0.048694
OUT AREA: 0.048693
IN FLOW: 0.000000
MAT DATATABLE NAME: MAT1
LOSS TYPE: STENOSIS
BRANCH ANGLE: 0.000000
UPSTREAM SEGMENT: 312
BRANCH SEGMENT: 0
BOUNDARY CONDITIONS TYPE: NOBOUND
INLET DATA TABLE: NONE
--- 
SEGMENT N.: 314
NAME: branch0_seg314
ID: 314
LENGTH: 0.010135
NUM ELEMENTS: 5
IN NODE: 314
OUT NODE: 315
IN AREA: 0.048694
OUT AREA: 0.048683
IN FLOW: 0.000000
MAT DATATABLE NAME: MAT1
LOSS TYPE: STENOSIS
BRANCH ANGLE: 0.000000
UPSTREAM SEGMENT: 313
BRANCH SEGMENT: 0
BOUNDARY CONDITIONS TYPE: NOBOUND
INLET DATA TABLE: NONE
--- 
SEGMENT N.: 315
NAME: branch0_seg315
ID: 315
LENGTH: 0.010135
NUM ELEMENTS: 5
IN NODE: 315
OUT NODE: 316
IN AREA: 0.023610
OUT AREA: 0.048692
IN FLOW: 0.000000
MAT DATATABLE NAME: MAT1
LOSS TYPE: STENOSIS
BRANCH ANGLE: 0.000000
UPSTREAM SEGMENT: 314
BRANCH SEGMENT: 0
BOUNDARY CONDITIONS TYPE: NOBOUND
INLET DATA TABLE: NONE
--- 
SEGMENT N.: 316
NAME: branch0_seg316
ID: 316
LENGTH: 0.010135
NUM ELEMENTS: 5
IN NODE: 316
OUT NODE: 317
IN AREA: 0.048688
OUT AREA: 0.048688
IN FLOW: 0.000000
MAT DATATABLE NAME: MAT1
LOSS TYPE: STENOSIS
BRANCH ANGLE: 0.000000
UPSTREAM SEGMENT: 315
BRANCH SEGMENT: 0
BOUNDARY CONDITIONS TYPE: NOBOUND
INLET DATA TABLE: NONE
--- 
SEGMENT N.: 317
NAME: branch0_seg317
ID: 317
LENGTH: 0.010135
NUM ELEMENTS: 5
IN NODE: 317
OUT NODE: 318
IN AREA: 0.048687
OUT AREA: 0.048692
IN FLOW: 0.000000
MAT DATATABLE NAME: MAT1
LOSS TYPE: STENOSIS
BRANCH ANGLE: 0.000000
UPSTREAM SEGMENT: 316
BRANCH SEGMENT: 0
BOUNDARY CONDITIONS TYPE: NOBOUND
INLET DATA TABLE: NONE
--- 
SEGMENT N.: 318
NAME: branch0_seg318
ID: 318
LENGTH: 0.010135
NUM ELEMENTS: 5
IN NODE: 318
OUT NODE: 319
IN AREA: 0.048697
OUT AREA: 0.048707
IN FLOW: 0.000000
MAT DATATABLE NAME: MAT1
LOSS TYPE: STENOSIS
BRANCH ANGLE: 0.000000
UPSTREAM SEGMENT: 317
BRANCH SEGMENT: 0
BOUNDARY CONDITIONS TYPE: NOBOUND
INLET DATA TABLE: NONE
--- 
SEGMENT N.: 319
NAME: branch0_seg319
ID: 319
LENGTH: 0.010135
NUM ELEMENTS: 5
IN NODE: 319
OUT NODE: 320
IN AREA: 0.048711
OUT AREA: 0.048716
IN FLOW: 0.000000
MAT DATATABLE NAME: MAT1
LOSS TYPE: STENOSIS
BRANCH ANGLE: 0.000000
UPSTREAM SEGMENT: 318
BRANCH SEGMENT: 0
BOUNDARY CONDITIONS TYPE: NOBOUND
INLET DATA TABLE: NONE
--- 
SEGMENT N.: 320
NAME: branch0_seg320
ID: 320
LENGTH: 0.010135
NUM ELEMENTS: 5
IN NODE: 320
OUT NODE: 321
IN AREA: 0.044299
OUT AREA: 0.048717
IN FLOW: 0.000000
MAT DATATABLE NAME: MAT1
LOSS TYPE: STENOSIS
BRANCH ANGLE: 0.000000
UPSTREAM SEGMENT: 319
BRANCH SEGMENT: 0
BOUNDARY CONDITIONS TYPE: NOBOUND
INLET DATA TABLE: NONE
--- 
SEGMENT N.: 321
NAME: branch0_seg321
ID: 321
LENGTH: 0.010135
NUM ELEMENTS: 5
IN NODE: 321
OUT NODE: 322
IN AREA: 0.048729
OUT AREA: 0.048727
IN FLOW: 0.000000
MAT DATATABLE NAME: MAT1
LOSS TYPE: STENOSIS
BRANCH ANGLE: 0.000000
UPSTREAM SEGMENT: 320
BRANCH SEGMENT: 0
BOUNDARY CONDITIONS TYPE: NOBOUND
INLET DATA TABLE: NONE
--- 
SEGMENT N.: 322
NAME: branch0_seg322
ID: 322
LENGTH: 0.010135
NUM ELEMENTS: 5
IN NODE: 322
OUT NODE: 323
IN AREA: 0.048730
OUT AREA: 0.048717
IN FLOW: 0.000000
MAT DATATABLE NAME: MAT1
LOSS TYPE: STENOSIS
BRANCH ANGLE: 0.000000
UPSTREAM SEGMENT: 321
BRANCH SEGMENT: 0
BOUNDARY CONDITIONS TYPE: NOBOUND
INLET DATA TABLE: NONE
--- 
SEGMENT N.: 323
NAME: branch0_seg323
ID: 323
LENGTH: 0.010135
NUM ELEMENTS: 5
IN NODE: 323
OUT NODE: 324
IN AREA: 0.048711
OUT AREA: 0.048707
IN FLOW: 0.000000
MAT DATATABLE NAME: MAT1
LOSS TYPE: STENOSIS
BRANCH ANGLE: 0.000000
UPSTREAM SEGMENT: 322
BRANCH SEGMENT: 0
BOUNDARY CONDITIONS TYPE: NOBOUND
INLET DATA TABLE: NONE
--- 
SEGMENT N.: 324
NAME: branch0_seg324
ID: 324
LENGTH: 0.010135
NUM ELEMENTS: 5
IN NODE: 324
OUT NODE: 325
IN AREA: 0.048702
OUT AREA: 0.048698
IN FLOW: 0.000000
MAT DATATABLE NAME: MAT1
LOSS TYPE: STENOSIS
BRANCH ANGLE: 0.000000
UPSTREAM SEGMENT: 323
BRANCH SEGMENT: 0
BOUNDARY CONDITIONS TYPE: NOBOUND
INLET DATA TABLE: NONE
--- 
SEGMENT N.: 325
NAME: branch0_seg325
ID: 325
LENGTH: 0.010135
NUM ELEMENTS: 5
IN NODE: 325
OUT NODE: 326
IN AREA: 0.048697
OUT AREA: 0.048681
IN FLOW: 0.000000
MAT DATATABLE NAME: MAT1
LOSS TYPE: STENOSIS
BRANCH ANGLE: 0.000000
UPSTREAM SEGMENT: 324
BRANCH SEGMENT: 0
BOUNDARY CONDITIONS TYPE: NOBOUND
INLET DATA TABLE: NONE
--- 
SEGMENT N.: 326
NAME: branch0_seg326
ID: 326
LENGTH: 0.010135
NUM ELEMENTS: 5
IN NODE: 326
OUT NODE: 327
IN AREA: 0.031484
OUT AREA: 0.048682
IN FLOW: 0.000000
MAT DATATABLE NAME: MAT1
LOSS TYPE: STENOSIS
BRANCH ANGLE: 0.000000
UPSTREAM SEGMENT: 325
BRANCH SEGMENT: 0
BOUNDARY CONDITIONS TYPE: NOBOUND
INLET DATA TABLE: NONE
--- 
SEGMENT N.: 327
NAME: branch0_seg327
ID: 327
LENGTH: 0.010135
NUM ELEMENTS: 5
IN NODE: 327
OUT NODE: 328
IN AREA: 0.024919
OUT AREA: 0.048673
IN FLOW: 0.000000
MAT DATATABLE NAME: MAT1
LOSS TYPE: STENOSIS
BRANCH ANGLE: 0.000000
UPSTREAM SEGMENT: 326
BRANCH SEGMENT: 0
BOUNDARY CONDITIONS TYPE: NOBOUND
INLET DATA TABLE: NONE
--- 
SEGMENT N.: 328
NAME: branch0_seg328
ID: 328
LENGTH: 0.010135
NUM ELEMENTS: 5
IN NODE: 328
OUT NODE: 329
IN AREA: 0.035012
OUT AREA: 0.048669
IN FLOW: 0.000000
MAT DATATABLE NAME: MAT1
LOSS TYPE: STENOSIS
BRANCH ANGLE: 0.000000
UPSTREAM SEGMENT: 327
BRANCH SEGMENT: 0
BOUNDARY CONDITIONS TYPE: NOBOUND
INLET DATA TABLE: NONE
--- 
SEGMENT N.: 329
NAME: branch0_seg329
ID: 329
LENGTH: 0.010135
NUM ELEMENTS: 5
IN NODE: 329
OUT NODE: 330
IN AREA: 0.048669
OUT AREA: 0.048676
IN FLOW: 0.000000
MAT DATATABLE NAME: MAT1
LOSS TYPE: STENOSIS
BRANCH ANGLE: 0.000000
UPSTREAM SEGMENT: 328
BRANCH SEGMENT: 0
BOUNDARY CONDITIONS TYPE: NOBOUND
INLET DATA TABLE: NONE
--- 
SEGMENT N.: 330
NAME: branch0_seg330
ID: 330
LENGTH: 0.010135
NUM ELEMENTS: 5
IN NODE: 330
OUT NODE: 331
IN AREA: 0.048682
OUT AREA: 0.048684
IN FLOW: 0.000000
MAT DATATABLE NAME: MAT1
LOSS TYPE: STENOSIS
BRANCH ANGLE: 0.000000
UPSTREAM SEGMENT: 329
BRANCH SEGMENT: 0
BOUNDARY CONDITIONS TYPE: NOBOUND
INLET DATA TABLE: NONE
--- 
SEGMENT N.: 331
NAME: branch0_seg331
ID: 331
LENGTH: 0.010135
NUM ELEMENTS: 5
IN NODE: 331
OUT NODE: 332
IN AREA: 0.048683
OUT AREA: 0.048707
IN FLOW: 0.000000
MAT DATATABLE NAME: MAT1
LOSS TYPE: STENOSIS
BRANCH ANGLE: 0.000000
UPSTREAM SEGMENT: 330
BRANCH SEGMENT: 0
BOUNDARY CONDITIONS TYPE: NOBOUND
INLET DATA TABLE: NONE
--- 
SEGMENT N.: 332
NAME: branch0_seg332
ID: 332
LENGTH: 0.010135
NUM ELEMENTS: 5
IN NODE: 332
OUT NODE: 333
IN AREA: 0.048710
OUT AREA: 0.048728
IN FLOW: 0.000000
MAT DATATABLE NAME: MAT1
LOSS TYPE: STENOSIS
BRANCH ANGLE: 0.000000
UPSTREAM SEGMENT: 331
BRANCH SEGMENT: 0
BOUNDARY CONDITIONS TYPE: NOBOUND
INLET DATA TABLE: NONE
--- 
SEGMENT N.: 333
NAME: branch0_seg333
ID: 333
LENGTH: 0.010135
NUM ELEMENTS: 5
IN NODE: 333
OUT NODE: 334
IN AREA: 0.048740
OUT AREA: 0.048749
IN FLOW: 0.000000
MAT DATATABLE NAME: MAT1
LOSS TYPE: STENOSIS
BRANCH ANGLE: 0.000000
UPSTREAM SEGMENT: 332
BRANCH SEGMENT: 0
BOUNDARY CONDITIONS TYPE: NOBOUND
INLET DATA TABLE: NONE
--- 
SEGMENT N.: 334
NAME: branch0_seg334
ID: 334
LENGTH: 0.010135
NUM ELEMENTS: 5
IN NODE: 334
OUT NODE: 335
IN AREA: 0.048751
OUT AREA: 0.048757
IN FLOW: 0.000000
MAT DATATABLE NAME: MAT1
LOSS TYPE: STENOSIS
BRANCH ANGLE: 0.000000
UPSTREAM SEGMENT: 333
BRANCH SEGMENT: 0
BOUNDARY CONDITIONS TYPE: NOBOUND
INLET DATA TABLE: NONE
--- 
SEGMENT N.: 335
NAME: branch0_seg335
ID: 335
LENGTH: 0.010135
NUM ELEMENTS: 5
IN NODE: 335
OUT NODE: 336
IN AREA: 0.028365
OUT AREA: 0.038400
IN FLOW: 0.000000
MAT DATATABLE NAME: MAT1
LOSS TYPE: STENOSIS
BRANCH ANGLE: 0.000000
UPSTREAM SEGMENT: 334
BRANCH SEGMENT: 0
BOUNDARY CONDITIONS TYPE: NOBOUND
INLET DATA TABLE: NONE
--- 
SEGMENT N.: 336
NAME: branch0_seg336
ID: 336
LENGTH: 0.010135
NUM ELEMENTS: 5
IN NODE: 336
OUT NODE: 337
IN AREA: 0.048751
OUT AREA: 0.048749
IN FLOW: 0.000000
MAT DATATABLE NAME: MAT1
LOSS TYPE: STENOSIS
BRANCH ANGLE: 0.000000
UPSTREAM SEGMENT: 335
BRANCH SEGMENT: 0
BOUNDARY CONDITIONS TYPE: NOBOUND
INLET DATA TABLE: NONE
--- 
SEGMENT N.: 337
NAME: branch0_seg337
ID: 337
LENGTH: 0.010135
NUM ELEMENTS: 5
IN NODE: 337
OUT NODE: 338
IN AREA: 0.048745
OUT AREA: 0.048728
IN FLOW: 0.000000
MAT DATATABLE NAME: MAT1
LOSS TYPE: STENOSIS
BRANCH ANGLE: 0.000000
UPSTREAM SEGMENT: 336
BRANCH SEGMENT: 0
BOUNDARY CONDITIONS TYPE: NOBOUND
INLET DATA TABLE: NONE
--- 
SEGMENT N.: 338
NAME: branch0_seg338
ID: 338
LENGTH: 0.010135
NUM ELEMENTS: 5
IN NODE: 338
OUT NODE: 339
IN AREA: 0.048727
OUT AREA: 0.048715
IN FLOW: 0.000000
MAT DATATABLE NAME: MAT1
LOSS TYPE: STENOSIS
BRANCH ANGLE: 0.000000
UPSTREAM SEGMENT: 337
BRANCH SEGMENT: 0
BOUNDARY CONDITIONS TYPE: NOBOUND
INLET DATA TABLE: NONE
--- 
SEGMENT N.: 339
NAME: branch0_seg339
ID: 339
LENGTH: 0.010135
NUM ELEMENTS: 5
IN NODE: 339
OUT NODE: 340
IN AREA: 0.048708
OUT AREA: 0.048706
IN FLOW: 0.000000
MAT DATATABLE NAME: MAT1
LOSS TYPE: STENOSIS
BRANCH ANGLE: 0.000000
UPSTREAM SEGMENT: 338
BRANCH SEGMENT: 0
BOUNDARY CONDITIONS TYPE: NOBOUND
INLET DATA TABLE: NONE
--- 
SEGMENT N.: 340
NAME: branch0_seg340
ID: 340
LENGTH: 0.010135
NUM ELEMENTS: 5
IN NODE: 340
OUT NODE: 341
IN AREA: 0.047251
OUT AREA: 0.048707
IN FLOW: 0.000000
MAT DATATABLE NAME: MAT1
LOSS TYPE: STENOSIS
BRANCH ANGLE: 0.000000
UPSTREAM SEGMENT: 339
BRANCH SEGMENT: 0
BOUNDARY CONDITIONS TYPE: NOBOUND
INLET DATA TABLE: NONE
--- 
SEGMENT N.: 341
NAME: branch0_seg341
ID: 341
LENGTH: 0.010135
NUM ELEMENTS: 5
IN NODE: 341
OUT NODE: 342
IN AREA: 0.048699
OUT AREA: 0.048683
IN FLOW: 0.000000
MAT DATATABLE NAME: MAT1
LOSS TYPE: STENOSIS
BRANCH ANGLE: 0.000000
UPSTREAM SEGMENT: 340
BRANCH SEGMENT: 0
BOUNDARY CONDITIONS TYPE: NOBOUND
INLET DATA TABLE: NONE
--- 
SEGMENT N.: 342
NAME: branch0_seg342
ID: 342
LENGTH: 0.010135
NUM ELEMENTS: 5
IN NODE: 342
OUT NODE: 343
IN AREA: 0.048683
OUT AREA: 0.048677
IN FLOW: 0.000000
MAT DATATABLE NAME: MAT1
LOSS TYPE: STENOSIS
BRANCH ANGLE: 0.000000
UPSTREAM SEGMENT: 341
BRANCH SEGMENT: 0
BOUNDARY CONDITIONS TYPE: NOBOUND
INLET DATA TABLE: NONE
--- 
SEGMENT N.: 343
NAME: branch0_seg343
ID: 343
LENGTH: 0.010135
NUM ELEMENTS: 5
IN NODE: 343
OUT NODE: 344
IN AREA: 0.048678
OUT AREA: 0.048675
IN FLOW: 0.000000
MAT DATATABLE NAME: MAT1
LOSS TYPE: STENOSIS
BRANCH ANGLE: 0.000000
UPSTREAM SEGMENT: 342
BRANCH SEGMENT: 0
BOUNDARY CONDITIONS TYPE: NOBOUND
INLET DATA TABLE: NONE
--- 
SEGMENT N.: 344
NAME: branch0_seg344
ID: 344
LENGTH: 0.010135
NUM ELEMENTS: 5
IN NODE: 344
OUT NODE: 345
IN AREA: 0.048670
OUT AREA: 0.048665
IN FLOW: 0.000000
MAT DATATABLE NAME: MAT1
LOSS TYPE: STENOSIS
BRANCH ANGLE: 0.000000
UPSTREAM SEGMENT: 343
BRANCH SEGMENT: 0
BOUNDARY CONDITIONS TYPE: NOBOUND
INLET DATA TABLE: NONE
--- 
SEGMENT N.: 345
NAME: branch0_seg345
ID: 345
LENGTH: 0.010135
NUM ELEMENTS: 5
IN NODE: 345
OUT NODE: 346
IN AREA: 0.048664
OUT AREA: 0.048680
IN FLOW: 0.000000
MAT DATATABLE NAME: MAT1
LOSS TYPE: STENOSIS
BRANCH ANGLE: 0.000000
UPSTREAM SEGMENT: 344
BRANCH SEGMENT: 0
BOUNDARY CONDITIONS TYPE: NOBOUND
INLET DATA TABLE: NONE
--- 
SEGMENT N.: 346
NAME: branch0_seg346
ID: 346
LENGTH: 0.010135
NUM ELEMENTS: 5
IN NODE: 346
OUT NODE: 347
IN AREA: 0.048683
OUT AREA: 0.048695
IN FLOW: 0.000000
MAT DATATABLE NAME: MAT1
LOSS TYPE: STENOSIS
BRANCH ANGLE: 0.000000
UPSTREAM SEGMENT: 345
BRANCH SEGMENT: 0
BOUNDARY CONDITIONS TYPE: NOBOUND
INLET DATA TABLE: NONE
--- 
SEGMENT N.: 347
NAME: branch0_seg347
ID: 347
LENGTH: 0.010135
NUM ELEMENTS: 5
IN NODE: 347
OUT NODE: 348
IN AREA: 0.048695
OUT AREA: 0.048694
IN FLOW: 0.000000
MAT DATATABLE NAME: MAT1
LOSS TYPE: STENOSIS
BRANCH ANGLE: 0.000000
UPSTREAM SEGMENT: 346
BRANCH SEGMENT: 0
BOUNDARY CONDITIONS TYPE: NOBOUND
INLET DATA TABLE: NONE
--- 
SEGMENT N.: 348
NAME: branch0_seg348
ID: 348
LENGTH: 0.010135
NUM ELEMENTS: 5
IN NODE: 348
OUT NODE: 349
IN AREA: 0.048696
OUT AREA: 0.048702
IN FLOW: 0.000000
MAT DATATABLE NAME: MAT1
LOSS TYPE: STENOSIS
BRANCH ANGLE: 0.000000
UPSTREAM SEGMENT: 347
BRANCH SEGMENT: 0
BOUNDARY CONDITIONS TYPE: NOBOUND
INLET DATA TABLE: NONE
--- 
SEGMENT N.: 349
NAME: branch0_seg349
ID: 349
LENGTH: 0.010135
NUM ELEMENTS: 5
IN NODE: 349
OUT NODE: 350
IN AREA: 0.048705
OUT AREA: 0.048707
IN FLOW: 0.000000
MAT DATATABLE NAME: MAT1
LOSS TYPE: STENOSIS
BRANCH ANGLE: 0.000000
UPSTREAM SEGMENT: 348
BRANCH SEGMENT: 0
BOUNDARY CONDITIONS TYPE: NOBOUND
INLET DATA TABLE: NONE
--- 
SEGMENT N.: 350
NAME: branch0_seg350
ID: 350
LENGTH: 0.010135
NUM ELEMENTS: 5
IN NODE: 350
OUT NODE: 351
IN AREA: 0.048705
OUT AREA: 0.048702
IN FLOW: 0.000000
MAT DATATABLE NAME: MAT1
LOSS TYPE: STENOSIS
BRANCH ANGLE: 0.000000
UPSTREAM SEGMENT: 349
BRANCH SEGMENT: 0
BOUNDARY CONDITIONS TYPE: NOBOUND
INLET DATA TABLE: NONE
--- 
SEGMENT N.: 351
NAME: branch0_seg351
ID: 351
LENGTH: 0.010135
NUM ELEMENTS: 5
IN NODE: 351
OUT NODE: 352
IN AREA: 0.048702
OUT AREA: 0.048687
IN FLOW: 0.000000
MAT DATATABLE NAME: MAT1
LOSS TYPE: STENOSIS
BRANCH ANGLE: 0.000000
UPSTREAM SEGMENT: 350
BRANCH SEGMENT: 0
BOUNDARY CONDITIONS TYPE: NOBOUND
INLET DATA TABLE: NONE
--- 
SEGMENT N.: 352
NAME: branch0_seg352
ID: 352
LENGTH: 0.010135
NUM ELEMENTS: 5
IN NODE: 352
OUT NODE: 353
IN AREA: 0.048683
OUT AREA: 0.048686
IN FLOW: 0.000000
MAT DATATABLE NAME: MAT1
LOSS TYPE: STENOSIS
BRANCH ANGLE: 0.000000
UPSTREAM SEGMENT: 351
BRANCH SEGMENT: 0
BOUNDARY CONDITIONS TYPE: NOBOUND
INLET DATA TABLE: NONE
--- 
SEGMENT N.: 353
NAME: branch0_seg353
ID: 353
LENGTH: 0.010135
NUM ELEMENTS: 5
IN NODE: 353
OUT NODE: 354
IN AREA: 0.048689
OUT AREA: 0.048706
IN FLOW: 0.000000
MAT DATATABLE NAME: MAT1
LOSS TYPE: STENOSIS
BRANCH ANGLE: 0.000000
UPSTREAM SEGMENT: 352
BRANCH SEGMENT: 0
BOUNDARY CONDITIONS TYPE: NOBOUND
INLET DATA TABLE: NONE
--- 
SEGMENT N.: 354
NAME: branch0_seg354
ID: 354
LENGTH: 0.010135
NUM ELEMENTS: 5
IN NODE: 354
OUT NODE: 355
IN AREA: 0.048707
OUT AREA: 0.048720
IN FLOW: 0.000000
MAT DATATABLE NAME: MAT1
LOSS TYPE: STENOSIS
BRANCH ANGLE: 0.000000
UPSTREAM SEGMENT: 353
BRANCH SEGMENT: 0
BOUNDARY CONDITIONS TYPE: NOBOUND
INLET DATA TABLE: NONE
--- 
SEGMENT N.: 355
NAME: branch0_seg355
ID: 355
LENGTH: 0.010135
NUM ELEMENTS: 5
IN NODE: 355
OUT NODE: 356
IN AREA: 0.048729
OUT AREA: 0.048752
IN FLOW: 0.000000
MAT DATATABLE NAME: MAT1
LOSS TYPE: STENOSIS
BRANCH ANGLE: 0.000000
UPSTREAM SEGMENT: 354
BRANCH SEGMENT: 0
BOUNDARY CONDITIONS TYPE: NOBOUND
INLET DATA TABLE: NONE
--- 
SEGMENT N.: 356
NAME: branch0_seg356
ID: 356
LENGTH: 0.010135
NUM ELEMENTS: 5
IN NODE: 356
OUT NODE: 357
IN AREA: 0.048751
OUT AREA: 0.048762
IN FLOW: 0.000000
MAT DATATABLE NAME: MAT1
LOSS TYPE: STENOSIS
BRANCH ANGLE: 0.000000
UPSTREAM SEGMENT: 355
BRANCH SEGMENT: 0
BOUNDARY CONDITIONS TYPE: NOBOUND
INLET DATA TABLE: NONE
--- 
SEGMENT N.: 357
NAME: branch0_seg357
ID: 357
LENGTH: 0.010135
NUM ELEMENTS: 5
IN NODE: 357
OUT NODE: 358
IN AREA: 0.048764
OUT AREA: 0.048759
IN FLOW: 0.000000
MAT DATATABLE NAME: MAT1
LOSS TYPE: STENOSIS
BRANCH ANGLE: 0.000000
UPSTREAM SEGMENT: 356
BRANCH SEGMENT: 0
BOUNDARY CONDITIONS TYPE: NOBOUND
INLET DATA TABLE: NONE
--- 
SEGMENT N.: 358
NAME: branch0_seg358
ID: 358
LENGTH: 0.010135
NUM ELEMENTS: 5
IN NODE: 358
OUT NODE: 359
IN AREA: 0.048756
OUT AREA: 0.048750
IN FLOW: 0.000000
MAT DATATABLE NAME: MAT1
LOSS TYPE: STENOSIS
BRANCH ANGLE: 0.000000
UPSTREAM SEGMENT: 357
BRANCH SEGMENT: 0
BOUNDARY CONDITIONS TYPE: NOBOUND
INLET DATA TABLE: NONE
--- 
SEGMENT N.: 359
NAME: branch0_seg359
ID: 359
LENGTH: 0.010135
NUM ELEMENTS: 5
IN NODE: 359
OUT NODE: 360
IN AREA: 0.048750
OUT AREA: 0.048738
IN FLOW: 0.000000
MAT DATATABLE NAME: MAT1
LOSS TYPE: STENOSIS
BRANCH ANGLE: 0.000000
UPSTREAM SEGMENT: 358
BRANCH SEGMENT: 0
BOUNDARY CONDITIONS TYPE: NOBOUND
INLET DATA TABLE: NONE
--- 
SEGMENT N.: 360
NAME: branch0_seg360
ID: 360
LENGTH: 0.010135
NUM ELEMENTS: 5
IN NODE: 360
OUT NODE: 361
IN AREA: 0.048736
OUT AREA: 0.048720
IN FLOW: 0.000000
MAT DATATABLE NAME: MAT1
LOSS TYPE: STENOSIS
BRANCH ANGLE: 0.000000
UPSTREAM SEGMENT: 359
BRANCH SEGMENT: 0
BOUNDARY CONDITIONS TYPE: NOBOUND
INLET DATA TABLE: NONE
--- 
SEGMENT N.: 361
NAME: branch0_seg361
ID: 361
LENGTH: 0.010135
NUM ELEMENTS: 5
IN NODE: 361
OUT NODE: 362
IN AREA: 0.048718
OUT AREA: 0.048713
IN FLOW: 0.000000
MAT DATATABLE NAME: MAT1
LOSS TYPE: STENOSIS
BRANCH ANGLE: 0.000000
UPSTREAM SEGMENT: 360
BRANCH SEGMENT: 0
BOUNDARY CONDITIONS TYPE: NOBOUND
INLET DATA TABLE: NONE
--- 
SEGMENT N.: 362
NAME: branch0_seg362
ID: 362
LENGTH: 0.010135
NUM ELEMENTS: 5
IN NODE: 362
OUT NODE: 363
IN AREA: 0.048713
OUT AREA: 0.048702
IN FLOW: 0.000000
MAT DATATABLE NAME: MAT1
LOSS TYPE: STENOSIS
BRANCH ANGLE: 0.000000
UPSTREAM SEGMENT: 361
BRANCH SEGMENT: 0
BOUNDARY CONDITIONS TYPE: NOBOUND
INLET DATA TABLE: NONE
--- 
SEGMENT N.: 363
NAME: branch0_seg363
ID: 363
LENGTH: 0.010135
NUM ELEMENTS: 5
IN NODE: 363
OUT NODE: 364
IN AREA: 0.048705
OUT AREA: 0.048705
IN FLOW: 0.000000
MAT DATATABLE NAME: MAT1
LOSS TYPE: STENOSIS
BRANCH ANGLE: 0.000000
UPSTREAM SEGMENT: 362
BRANCH SEGMENT: 0
BOUNDARY CONDITIONS TYPE: NOBOUND
INLET DATA TABLE: NONE
--- 
SEGMENT N.: 364
NAME: branch0_seg364
ID: 364
LENGTH: 0.010135
NUM ELEMENTS: 5
IN NODE: 364
OUT NODE: 365
IN AREA: 0.048702
OUT AREA: 0.036850
IN FLOW: 0.000000
MAT DATATABLE NAME: MAT1
LOSS TYPE: STENOSIS
BRANCH ANGLE: 0.000000
UPSTREAM SEGMENT: 363
BRANCH SEGMENT: 0
BOUNDARY CONDITIONS TYPE: NOBOUND
INLET DATA TABLE: NONE
--- 
SEGMENT N.: 365
NAME: branch0_seg365
ID: 365
LENGTH: 0.010135
NUM ELEMENTS: 5
IN NODE: 365
OUT NODE: 366
IN AREA: 0.048692
OUT AREA: 0.048690
IN FLOW: 0.000000
MAT DATATABLE NAME: MAT1
LOSS TYPE: STENOSIS
BRANCH ANGLE: 0.000000
UPSTREAM SEGMENT: 364
BRANCH SEGMENT: 0
BOUNDARY CONDITIONS TYPE: NOBOUND
INLET DATA TABLE: NONE
--- 
SEGMENT N.: 366
NAME: branch0_seg366
ID: 366
LENGTH: 0.010135
NUM ELEMENTS: 5
IN NODE: 366
OUT NODE: 367
IN AREA: 0.048687
OUT AREA: 0.048692
IN FLOW: 0.000000
MAT DATATABLE NAME: MAT1
LOSS TYPE: STENOSIS
BRANCH ANGLE: 0.000000
UPSTREAM SEGMENT: 365
BRANCH SEGMENT: 0
BOUNDARY CONDITIONS TYPE: NOBOUND
INLET DATA TABLE: NONE
--- 
SEGMENT N.: 367
NAME: branch0_seg367
ID: 367
LENGTH: 0.010135
NUM ELEMENTS: 5
IN NODE: 367
OUT NODE: 368
IN AREA: 0.048689
OUT AREA: 0.048682
IN FLOW: 0.000000
MAT DATATABLE NAME: MAT1
LOSS TYPE: STENOSIS
BRANCH ANGLE: 0.000000
UPSTREAM SEGMENT: 366
BRANCH SEGMENT: 0
BOUNDARY CONDITIONS TYPE: NOBOUND
INLET DATA TABLE: NONE
--- 
SEGMENT N.: 368
NAME: branch0_seg368
ID: 368
LENGTH: 0.010135
NUM ELEMENTS: 5
IN NODE: 368
OUT NODE: 369
IN AREA: 0.015854
OUT AREA: 0.048695
IN FLOW: 0.000000
MAT DATATABLE NAME: MAT1
LOSS TYPE: STENOSIS
BRANCH ANGLE: 0.000000
UPSTREAM SEGMENT: 367
BRANCH SEGMENT: 0
BOUNDARY CONDITIONS TYPE: NOBOUND
INLET DATA TABLE: NONE
--- 
SEGMENT N.: 369
NAME: branch0_seg369
ID: 369
LENGTH: 0.010135
NUM ELEMENTS: 5
IN NODE: 369
OUT NODE: 370
IN AREA: 0.048696
OUT AREA: 0.048710
IN FLOW: 0.000000
MAT DATATABLE NAME: MAT1
LOSS TYPE: STENOSIS
BRANCH ANGLE: 0.000000
UPSTREAM SEGMENT: 368
BRANCH SEGMENT: 0
BOUNDARY CONDITIONS TYPE: NOBOUND
INLET DATA TABLE: NONE
--- 
SEGMENT N.: 370
NAME: branch0_seg370
ID: 370
LENGTH: 0.010135
NUM ELEMENTS: 5
IN NODE: 370
OUT NODE: 371
IN AREA: 0.048714
OUT AREA: 0.048726
IN FLOW: 0.000000
MAT DATATABLE NAME: MAT1
LOSS TYPE: STENOSIS
BRANCH ANGLE: 0.000000
UPSTREAM SEGMENT: 369
BRANCH SEGMENT: 0
BOUNDARY CONDITIONS TYPE: NOBOUND
INLET DATA TABLE: NONE
--- 
SEGMENT N.: 371
NAME: branch0_seg371
ID: 371
LENGTH: 0.010135
NUM ELEMENTS: 5
IN NODE: 371
OUT NODE: 372
IN AREA: 0.048727
OUT AREA: 0.048732
IN FLOW: 0.000000
MAT DATATABLE NAME: MAT1
LOSS TYPE: STENOSIS
BRANCH ANGLE: 0.000000
UPSTREAM SEGMENT: 370
BRANCH SEGMENT: 0
BOUNDARY CONDITIONS TYPE: NOBOUND
INLET DATA TABLE: NONE
--- 
SEGMENT N.: 372
NAME: branch0_seg372
ID: 372
LENGTH: 0.010135
NUM ELEMENTS: 5
IN NODE: 372
OUT NODE: 373
IN AREA: 0.048741
OUT AREA: 0.048755
IN FLOW: 0.000000
MAT DATATABLE NAME: MAT1
LOSS TYPE: STENOSIS
BRANCH ANGLE: 0.000000
UPSTREAM SEGMENT: 371
BRANCH SEGMENT: 0
BOUNDARY CONDITIONS TYPE: NOBOUND
INLET DATA TABLE: NONE
--- 
SEGMENT N.: 373
NAME: branch0_seg373
ID: 373
LENGTH: 0.010135
NUM ELEMENTS: 5
IN NODE: 373
OUT NODE: 374
IN AREA: 0.048758
OUT AREA: 0.048760
IN FLOW: 0.000000
MAT DATATABLE NAME: MAT1
LOSS TYPE: STENOSIS
BRANCH ANGLE: 0.000000
UPSTREAM SEGMENT: 372
BRANCH SEGMENT: 0
BOUNDARY CONDITIONS TYPE: NOBOUND
INLET DATA TABLE: NONE
--- 
SEGMENT N.: 374
NAME: branch0_seg374
ID: 374
LENGTH: 0.010135
NUM ELEMENTS: 5
IN NODE: 374
OUT NODE: 375
IN AREA: 0.048755
OUT AREA: 0.048748
IN FLOW: 0.000000
MAT DATATABLE NAME: MAT1
LOSS TYPE: STENOSIS
BRANCH ANGLE: 0.000000
UPSTREAM SEGMENT: 373
BRANCH SEGMENT: 0
BOUNDARY CONDITIONS TYPE: NOBOUND
INLET DATA TABLE: NONE
--- 
SEGMENT N.: 375
NAME: branch0_seg375
ID: 375
LENGTH: 0.010135
NUM ELEMENTS: 5
IN NODE: 375
OUT NODE: 376
IN AREA: 0.048744
OUT AREA: 0.048738
IN FLOW: 0.000000
MAT DATATABLE NAME: MAT1
LOSS TYPE: STENOSIS
BRANCH ANGLE: 0.000000
UPSTREAM SEGMENT: 374
BRANCH SEGMENT: 0
BOUNDARY CONDITIONS TYPE: NOBOUND
INLET DATA TABLE: NONE
--- 
SEGMENT N.: 376
NAME: branch0_seg376
ID: 376
LENGTH: 0.010135
NUM ELEMENTS: 5
IN NODE: 376
OUT NODE: 377
IN AREA: 0.048739
OUT AREA: 0.048726
IN FLOW: 0.000000
MAT DATATABLE NAME: MAT1
LOSS TYPE: STENOSIS
BRANCH ANGLE: 0.000000
UPSTREAM SEGMENT: 375
BRANCH SEGMENT: 0
BOUNDARY CONDITIONS TYPE: NOBOUND
INLET DATA TABLE: NONE
--- 
SEGMENT N.: 377
NAME: branch0_seg377
ID: 377
LENGTH: 0.010135
NUM ELEMENTS: 5
IN NODE: 377
OUT NODE: 378
IN AREA: 0.048728
OUT AREA: 0.043945
IN FLOW: 0.000000
MAT DATATABLE NAME: MAT1
LOSS TYPE: STENOSIS
BRANCH ANGLE: 0.000000
UPSTREAM SEGMENT: 376
BRANCH SEGMENT: 0
BOUNDARY CONDITIONS TYPE: NOBOUND
INLET DATA TABLE: NONE
--- 
SEGMENT N.: 378
NAME: branch0_seg378
ID: 378
LENGTH: 0.010135
NUM ELEMENTS: 5
IN NODE: 378
OUT NODE: 379
IN AREA: 0.048715
OUT AREA: 0.022344
IN FLOW: 0.000000
MAT DATATABLE NAME: MAT1
LOSS TYPE: STENOSIS
BRANCH ANGLE: 0.000000
UPSTREAM SEGMENT: 377
BRANCH SEGMENT: 0
BOUNDARY CONDITIONS TYPE: NOBOUND
INLET DATA TABLE: NONE
--- 
SEGMENT N.: 379
NAME: branch0_seg379
ID: 379
LENGTH: 0.010135
NUM ELEMENTS: 5
IN NODE: 379
OUT NODE: 380
IN AREA: 0.048714
OUT AREA: 0.048726
IN FLOW: 0.000000
MAT DATATABLE NAME: MAT1
LOSS TYPE: STENOSIS
BRANCH ANGLE: 0.000000
UPSTREAM SEGMENT: 378
BRANCH SEGMENT: 0
BOUNDARY CONDITIONS TYPE: NOBOUND
INLET DATA TABLE: NONE
--- 
SEGMENT N.: 380
NAME: branch0_seg380
ID: 380
LENGTH: 0.010135
NUM ELEMENTS: 5
IN NODE: 380
OUT NODE: 381
IN AREA: 0.027061
OUT AREA: 0.048717
IN FLOW: 0.000000
MAT DATATABLE NAME: MAT1
LOSS TYPE: STENOSIS
BRANCH ANGLE: 0.000000
UPSTREAM SEGMENT: 379
BRANCH SEGMENT: 0
BOUNDARY CONDITIONS TYPE: NOBOUND
INLET DATA TABLE: NONE
--- 
SEGMENT N.: 381
NAME: branch0_seg381
ID: 381
LENGTH: 0.010135
NUM ELEMENTS: 5
IN NODE: 381
OUT NODE: 382
IN AREA: 0.047683
OUT AREA: 0.048711
IN FLOW: 0.000000
MAT DATATABLE NAME: MAT1
LOSS TYPE: STENOSIS
BRANCH ANGLE: 0.000000
UPSTREAM SEGMENT: 380
BRANCH SEGMENT: 0
BOUNDARY CONDITIONS TYPE: NOBOUND
INLET DATA TABLE: NONE
--- 
SEGMENT N.: 382
NAME: branch0_seg382
ID: 382
LENGTH: 0.010135
NUM ELEMENTS: 5
IN NODE: 382
OUT NODE: 383
IN AREA: 0.020775
OUT AREA: 0.048724
IN FLOW: 0.000000
MAT DATATABLE NAME: MAT1
LOSS TYPE: STENOSIS
BRANCH ANGLE: 0.000000
UPSTREAM SEGMENT: 381
BRANCH SEGMENT: 0
BOUNDARY CONDITIONS TYPE: NOBOUND
INLET DATA TABLE: NONE
--- 
SEGMENT N.: 383
NAME: branch0_seg383
ID: 383
LENGTH: 0.010135
NUM ELEMENTS: 5
IN NODE: 383
OUT NODE: 384
IN AREA: 0.048729
OUT AREA: 0.048728
IN FLOW: 0.000000
MAT DATATABLE NAME: MAT1
LOSS TYPE: STENOSIS
BRANCH ANGLE: 0.000000
UPSTREAM SEGMENT: 382
BRANCH SEGMENT: 0
BOUNDARY CONDITIONS TYPE: NOBOUND
INLET DATA TABLE: NONE
--- 
SEGMENT N.: 384
NAME: branch0_seg384
ID: 384
LENGTH: 0.010135
NUM ELEMENTS: 5
IN NODE: 384
OUT NODE: 385
IN AREA: 0.048727
OUT AREA: 0.048727
IN FLOW: 0.000000
MAT DATATABLE NAME: MAT1
LOSS TYPE: STENOSIS
BRANCH ANGLE: 0.000000
UPSTREAM SEGMENT: 383
BRANCH SEGMENT: 0
BOUNDARY CONDITIONS TYPE: NOBOUND
INLET DATA TABLE: NONE
--- 
SEGMENT N.: 385
NAME: branch0_seg385
ID: 385
LENGTH: 0.010135
NUM ELEMENTS: 5
IN NODE: 385
OUT NODE: 386
IN AREA: 0.048725
OUT AREA: 0.048727
IN FLOW: 0.000000
MAT DATATABLE NAME: MAT1
LOSS TYPE: STENOSIS
BRANCH ANGLE: 0.000000
UPSTREAM SEGMENT: 384
BRANCH SEGMENT: 0
BOUNDARY CONDITIONS TYPE: NOBOUND
INLET DATA TABLE: NONE
--- 
SEGMENT N.: 386
NAME: branch0_seg386
ID: 386
LENGTH: 0.010135
NUM ELEMENTS: 5
IN NODE: 386
OUT NODE: 387
IN AREA: 0.048729
OUT AREA: 0.048728
IN FLOW: 0.000000
MAT DATATABLE NAME: MAT1
LOSS TYPE: STENOSIS
BRANCH ANGLE: 0.000000
UPSTREAM SEGMENT: 385
BRANCH SEGMENT: 0
BOUNDARY CONDITIONS TYPE: NOBOUND
INLET DATA TABLE: NONE
--- 
SEGMENT N.: 387
NAME: branch0_seg387
ID: 387
LENGTH: 0.010135
NUM ELEMENTS: 5
IN NODE: 387
OUT NODE: 388
IN AREA: 0.048729
OUT AREA: 0.048717
IN FLOW: 0.000000
MAT DATATABLE NAME: MAT1
LOSS TYPE: STENOSIS
BRANCH ANGLE: 0.000000
UPSTREAM SEGMENT: 386
BRANCH SEGMENT: 0
BOUNDARY CONDITIONS TYPE: NOBOUND
INLET DATA TABLE: NONE
--- 
SEGMENT N.: 388
NAME: branch0_seg388
ID: 388
LENGTH: 0.010135
NUM ELEMENTS: 5
IN NODE: 388
OUT NODE: 389
IN AREA: 0.048715
OUT AREA: 0.048707
IN FLOW: 0.000000
MAT DATATABLE NAME: MAT1
LOSS TYPE: STENOSIS
BRANCH ANGLE: 0.000000
UPSTREAM SEGMENT: 387
BRANCH SEGMENT: 0
BOUNDARY CONDITIONS TYPE: NOBOUND
INLET DATA TABLE: NONE
--- 
SEGMENT N.: 389
NAME: branch0_seg389
ID: 389
LENGTH: 0.010135
NUM ELEMENTS: 5
IN NODE: 389
OUT NODE: 390
IN AREA: 0.045336
OUT AREA: 0.048700
IN FLOW: 0.000000
MAT DATATABLE NAME: MAT1
LOSS TYPE: STENOSIS
BRANCH ANGLE: 0.000000
UPSTREAM SEGMENT: 388
BRANCH SEGMENT: 0
BOUNDARY CONDITIONS TYPE: NOBOUND
INLET DATA TABLE: NONE
--- 
SEGMENT N.: 390
NAME: branch0_seg390
ID: 390
LENGTH: 0.010135
NUM ELEMENTS: 5
IN NODE: 390
OUT NODE: 391
IN AREA: 0.048690
OUT AREA: 0.048696
IN FLOW: 0.000000
MAT DATATABLE NAME: MAT1
LOSS TYPE: STENOSIS
BRANCH ANGLE: 0.000000
UPSTREAM SEGMENT: 389
BRANCH SEGMENT: 0
BOUNDARY CONDITIONS TYPE: NOBOUND
INLET DATA TABLE: NONE
--- 
SEGMENT N.: 391
NAME: branch0_seg391
ID: 391
LENGTH: 0.010135
NUM ELEMENTS: 5
IN NODE: 391
OUT NODE: 392
IN AREA: 0.048694
OUT AREA: 0.048691
IN FLOW: 0.000000
MAT DATATABLE NAME: MAT1
LOSS TYPE: STENOSIS
BRANCH ANGLE: 0.000000
UPSTREAM SEGMENT: 390
BRANCH SEGMENT: 0
BOUNDARY CONDITIONS TYPE: NOBOUND
INLET DATA TABLE: NONE
--- 
SEGMENT N.: 392
NAME: branch0_seg392
ID: 392
LENGTH: 0.010135
NUM ELEMENTS: 5
IN NODE: 392
OUT NODE: 393
IN AREA: 0.048689
OUT AREA: 0.048678
IN FLOW: 0.000000
MAT DATATABLE NAME: MAT1
LOSS TYPE: STENOSIS
BRANCH ANGLE: 0.000000
UPSTREAM SEGMENT: 391
BRANCH SEGMENT: 0
BOUNDARY CONDITIONS TYPE: NOBOUND
INLET DATA TABLE: NONE
--- 
SEGMENT N.: 393
NAME: branch0_seg393
ID: 393
LENGTH: 0.010135
NUM ELEMENTS: 5
IN NODE: 393
OUT NODE: 394
IN AREA: 0.048679
OUT AREA: 0.048677
IN FLOW: 0.000000
MAT DATATABLE NAME: MAT1
LOSS TYPE: STENOSIS
BRANCH ANGLE: 0.000000
UPSTREAM SEGMENT: 392
BRANCH SEGMENT: 0
BOUNDARY CONDITIONS TYPE: NOBOUND
INLET DATA TABLE: NONE
--- 
SEGMENT N.: 394
NAME: branch0_seg394
ID: 394
LENGTH: 0.010135
NUM ELEMENTS: 5
IN NODE: 394
OUT NODE: 395
IN AREA: 0.048675
OUT AREA: 0.048690
IN FLOW: 0.000000
MAT DATATABLE NAME: MAT1
LOSS TYPE: STENOSIS
BRANCH ANGLE: 0.000000
UPSTREAM SEGMENT: 393
BRANCH SEGMENT: 0
BOUNDARY CONDITIONS TYPE: NOBOUND
INLET DATA TABLE: NONE
--- 
SEGMENT N.: 395
NAME: branch0_seg395
ID: 395
LENGTH: 0.010135
NUM ELEMENTS: 5
IN NODE: 395
OUT NODE: 396
IN AREA: 0.048697
OUT AREA: 0.048704
IN FLOW: 0.000000
MAT DATATABLE NAME: MAT1
LOSS TYPE: STENOSIS
BRANCH ANGLE: 0.000000
UPSTREAM SEGMENT: 394
BRANCH SEGMENT: 0
BOUNDARY CONDITIONS TYPE: NOBOUND
INLET DATA TABLE: NONE
--- 
SEGMENT N.: 396
NAME: branch0_seg396
ID: 396
LENGTH: 0.010135
NUM ELEMENTS: 5
IN NODE: 396
OUT NODE: 397
IN AREA: 0.048705
OUT AREA: 0.048711
IN FLOW: 0.000000
MAT DATATABLE NAME: MAT1
LOSS TYPE: STENOSIS
BRANCH ANGLE: 0.000000
UPSTREAM SEGMENT: 395
BRANCH SEGMENT: 0
BOUNDARY CONDITIONS TYPE: NOBOUND
INLET DATA TABLE: NONE
--- 
SEGMENT N.: 397
NAME: branch0_seg397
ID: 397
LENGTH: 0.010135
NUM ELEMENTS: 5
IN NODE: 397
OUT NODE: 398
IN AREA: 0.048714
OUT AREA: 0.048714
IN FLOW: 0.000000
MAT DATATABLE NAME: MAT1
LOSS TYPE: STENOSIS
BRANCH ANGLE: 0.000000
UPSTREAM SEGMENT: 396
BRANCH SEGMENT: 0
BOUNDARY CONDITIONS TYPE: NOBOUND
INLET DATA TABLE: NONE
--- 
SEGMENT N.: 398
NAME: branch0_seg398
ID: 398
LENGTH: 0.010135
NUM ELEMENTS: 5
IN NODE: 398
OUT NODE: 399
IN AREA: 0.032799
OUT AREA: 0.048713
IN FLOW: 0.000000
MAT DATATABLE NAME: MAT1
LOSS TYPE: STENOSIS
BRANCH ANGLE: 0.000000
UPSTREAM SEGMENT: 397
BRANCH SEGMENT: 0
BOUNDARY CONDITIONS TYPE: NOBOUND
INLET DATA TABLE: NONE
--- 
SEGMENT N.: 399
NAME: branch0_seg399
ID: 399
LENGTH: 0.010135
NUM ELEMENTS: 5
IN NODE: 399
OUT NODE: 400
IN AREA: 0.048713
OUT AREA: 0.048710
IN FLOW: 0.000000
MAT DATATABLE NAME: MAT1
LOSS TYPE: STENOSIS
BRANCH ANGLE: 0.000000
UPSTREAM SEGMENT: 398
BRANCH SEGMENT: 0
BOUNDARY CONDITIONS TYPE: NOBOUND
INLET DATA TABLE: NONE
--- 
SEGMENT N.: 400
NAME: branch0_seg400
ID: 400
LENGTH: 0.010135
NUM ELEMENTS: 5
IN NODE: 400
OUT NODE: 401
IN AREA: 0.046631
OUT AREA: 0.048700
IN FLOW: 0.000000
MAT DATATABLE NAME: MAT1
LOSS TYPE: STENOSIS
BRANCH ANGLE: 0.000000
UPSTREAM SEGMENT: 399
BRANCH SEGMENT: 0
BOUNDARY CONDITIONS TYPE: NOBOUND
INLET DATA TABLE: NONE
--- 
SEGMENT N.: 401
NAME: branch0_seg401
ID: 401
LENGTH: 0.010135
NUM ELEMENTS: 5
IN NODE: 401
OUT NODE: 402
IN AREA: 0.048697
OUT AREA: 0.048690
IN FLOW: 0.000000
MAT DATATABLE NAME: MAT1
LOSS TYPE: STENOSIS
BRANCH ANGLE: 0.000000
UPSTREAM SEGMENT: 400
BRANCH SEGMENT: 0
BOUNDARY CONDITIONS TYPE: NOBOUND
INLET DATA TABLE: NONE
--- 
SEGMENT N.: 402
NAME: branch0_seg402
ID: 402
LENGTH: 0.010135
NUM ELEMENTS: 5
IN NODE: 402
OUT NODE: 403
IN AREA: 0.048688
OUT AREA: 0.048673
IN FLOW: 0.000000
MAT DATATABLE NAME: MAT1
LOSS TYPE: STENOSIS
BRANCH ANGLE: 0.000000
UPSTREAM SEGMENT: 401
BRANCH SEGMENT: 0
BOUNDARY CONDITIONS TYPE: NOBOUND
INLET DATA TABLE: NONE
--- 
SEGMENT N.: 403
NAME: branch0_seg403
ID: 403
LENGTH: 0.010135
NUM ELEMENTS: 5
IN NODE: 403
OUT NODE: 404
IN AREA: 0.048670
OUT AREA: 0.048668
IN FLOW: 0.000000
MAT DATATABLE NAME: MAT1
LOSS TYPE: STENOSIS
BRANCH ANGLE: 0.000000
UPSTREAM SEGMENT: 402
BRANCH SEGMENT: 0
BOUNDARY CONDITIONS TYPE: NOBOUND
INLET DATA TABLE: NONE
--- 
SEGMENT N.: 404
NAME: branch0_seg404
ID: 404
LENGTH: 0.010135
NUM ELEMENTS: 5
IN NODE: 404
OUT NODE: 405
IN AREA: 0.048666
OUT AREA: 0.048669
IN FLOW: 0.000000
MAT DATATABLE NAME: MAT1
LOSS TYPE: STENOSIS
BRANCH ANGLE: 0.000000
UPSTREAM SEGMENT: 403
BRANCH SEGMENT: 0
BOUNDARY CONDITIONS TYPE: NOBOUND
INLET DATA TABLE: NONE
--- 
SEGMENT N.: 405
NAME: branch0_seg405
ID: 405
LENGTH: 0.010135
NUM ELEMENTS: 5
IN NODE: 405
OUT NODE: 406
IN AREA: 0.048671
OUT AREA: 0.029936
IN FLOW: 0.000000
MAT DATATABLE NAME: MAT1
LOSS TYPE: STENOSIS
BRANCH ANGLE: 0.000000
UPSTREAM SEGMENT: 404
BRANCH SEGMENT: 0
BOUNDARY CONDITIONS TYPE: NOBOUND
INLET DATA TABLE: NONE
--- 
SEGMENT N.: 406
NAME: branch0_seg406
ID: 406
LENGTH: 0.010135
NUM ELEMENTS: 5
IN NODE: 406
OUT NODE: 407
IN AREA: 0.048687
OUT AREA: 0.048701
IN FLOW: 0.000000
MAT DATATABLE NAME: MAT1
LOSS TYPE: STENOSIS
BRANCH ANGLE: 0.000000
UPSTREAM SEGMENT: 405
BRANCH SEGMENT: 0
BOUNDARY CONDITIONS TYPE: NOBOUND
INLET DATA TABLE: NONE
--- 
SEGMENT N.: 407
NAME: branch0_seg407
ID: 407
LENGTH: 0.010135
NUM ELEMENTS: 5
IN NODE: 407
OUT NODE: 408
IN AREA: 0.048703
OUT AREA: 0.048711
IN FLOW: 0.000000
MAT DATATABLE NAME: MAT1
LOSS TYPE: STENOSIS
BRANCH ANGLE: 0.000000
UPSTREAM SEGMENT: 406
BRANCH SEGMENT: 0
BOUNDARY CONDITIONS TYPE: NOBOUND
INLET DATA TABLE: NONE
--- 
SEGMENT N.: 408
NAME: branch0_seg408
ID: 408
LENGTH: 0.010135
NUM ELEMENTS: 5
IN NODE: 408
OUT NODE: 409
IN AREA: 0.048716
OUT AREA: 0.041097
IN FLOW: 0.000000
MAT DATATABLE NAME: MAT1
LOSS TYPE: STENOSIS
BRANCH ANGLE: 0.000000
UPSTREAM SEGMENT: 407
BRANCH SEGMENT: 0
BOUNDARY CONDITIONS TYPE: NOBOUND
INLET DATA TABLE: NONE
--- 
SEGMENT N.: 409
NAME: branch0_seg409
ID: 409
LENGTH: 0.010135
NUM ELEMENTS: 5
IN NODE: 409
OUT NODE: 410
IN AREA: 0.048712
OUT AREA: 0.048714
IN FLOW: 0.000000
MAT DATATABLE NAME: MAT1
LOSS TYPE: STENOSIS
BRANCH ANGLE: 0.000000
UPSTREAM SEGMENT: 408
BRANCH SEGMENT: 0
BOUNDARY CONDITIONS TYPE: NOBOUND
INLET DATA TABLE: NONE
--- 
SEGMENT N.: 410
NAME: branch0_seg410
ID: 410
LENGTH: 0.010135
NUM ELEMENTS: 5
IN NODE: 410
OUT NODE: 411
IN AREA: 0.048708
OUT AREA: 0.048703
IN FLOW: 0.000000
MAT DATATABLE NAME: MAT1
LOSS TYPE: STENOSIS
BRANCH ANGLE: 0.000000
UPSTREAM SEGMENT: 409
BRANCH SEGMENT: 0
BOUNDARY CONDITIONS TYPE: NOBOUND
INLET DATA TABLE: NONE
--- 
SEGMENT N.: 411
NAME: branch0_seg411
ID: 411
LENGTH: 0.010135
NUM ELEMENTS: 5
IN NODE: 411
OUT NODE: 412
IN AREA: 0.048700
OUT AREA: 0.048680
IN FLOW: 0.000000
MAT DATATABLE NAME: MAT1
LOSS TYPE: STENOSIS
BRANCH ANGLE: 0.000000
UPSTREAM SEGMENT: 410
BRANCH SEGMENT: 0
BOUNDARY CONDITIONS TYPE: NOBOUND
INLET DATA TABLE: NONE
--- 
SEGMENT N.: 412
NAME: branch0_seg412
ID: 412
LENGTH: 0.010135
NUM ELEMENTS: 5
IN NODE: 412
OUT NODE: 413
IN AREA: 0.048682
OUT AREA: 0.018670
IN FLOW: 0.000000
MAT DATATABLE NAME: MAT1
LOSS TYPE: STENOSIS
BRANCH ANGLE: 0.000000
UPSTREAM SEGMENT: 411
BRANCH SEGMENT: 0
BOUNDARY CONDITIONS TYPE: NOBOUND
INLET DATA TABLE: NONE
--- 
SEGMENT N.: 413
NAME: branch0_seg413
ID: 413
LENGTH: 0.010135
NUM ELEMENTS: 5
IN NODE: 413
OUT NODE: 414
IN AREA: 0.048691
OUT AREA: 0.048697
IN FLOW: 0.000000
MAT DATATABLE NAME: MAT1
LOSS TYPE: STENOSIS
BRANCH ANGLE: 0.000000
UPSTREAM SEGMENT: 412
BRANCH SEGMENT: 0
BOUNDARY CONDITIONS TYPE: NOBOUND
INLET DATA TABLE: NONE
--- 
SEGMENT N.: 414
NAME: branch0_seg414
ID: 414
LENGTH: 0.010135
NUM ELEMENTS: 5
IN NODE: 414
OUT NODE: 415
IN AREA: 0.048693
OUT AREA: 0.048688
IN FLOW: 0.000000
MAT DATATABLE NAME: MAT1
LOSS TYPE: STENOSIS
BRANCH ANGLE: 0.000000
UPSTREAM SEGMENT: 413
BRANCH SEGMENT: 0
BOUNDARY CONDITIONS TYPE: NOBOUND
INLET DATA TABLE: NONE
--- 
SEGMENT N.: 415
NAME: branch0_seg415
ID: 415
LENGTH: 0.010135
NUM ELEMENTS: 5
IN NODE: 415
OUT NODE: 416
IN AREA: 0.048685
OUT AREA: 0.048688
IN FLOW: 0.000000
MAT DATATABLE NAME: MAT1
LOSS TYPE: STENOSIS
BRANCH ANGLE: 0.000000
UPSTREAM SEGMENT: 414
BRANCH SEGMENT: 0
BOUNDARY CONDITIONS TYPE: NOBOUND
INLET DATA TABLE: NONE
--- 
SEGMENT N.: 416
NAME: branch0_seg416
ID: 416
LENGTH: 0.010135
NUM ELEMENTS: 5
IN NODE: 416
OUT NODE: 417
IN AREA: 0.048688
OUT AREA: 0.048681
IN FLOW: 0.000000
MAT DATATABLE NAME: MAT1
LOSS TYPE: STENOSIS
BRANCH ANGLE: 0.000000
UPSTREAM SEGMENT: 415
BRANCH SEGMENT: 0
BOUNDARY CONDITIONS TYPE: NOBOUND
INLET DATA TABLE: NONE
--- 
SEGMENT N.: 417
NAME: branch0_seg417
ID: 417
LENGTH: 0.010135
NUM ELEMENTS: 5
IN NODE: 417
OUT NODE: 418
IN AREA: 0.048685
OUT AREA: 0.048696
IN FLOW: 0.000000
MAT DATATABLE NAME: MAT1
LOSS TYPE: STENOSIS
BRANCH ANGLE: 0.000000
UPSTREAM SEGMENT: 416
BRANCH SEGMENT: 0
BOUNDARY CONDITIONS TYPE: NOBOUND
INLET DATA TABLE: NONE
--- 
SEGMENT N.: 418
NAME: branch0_seg418
ID: 418
LENGTH: 0.010135
NUM ELEMENTS: 5
IN NODE: 418
OUT NODE: 419
IN AREA: 0.048701
OUT AREA: 0.048691
IN FLOW: 0.000000
MAT DATATABLE NAME: MAT1
LOSS TYPE: STENOSIS
BRANCH ANGLE: 0.000000
UPSTREAM SEGMENT: 417
BRANCH SEGMENT: 0
BOUNDARY CONDITIONS TYPE: NOBOUND
INLET DATA TABLE: NONE
--- 
SEGMENT N.: 419
NAME: branch0_seg419
ID: 419
LENGTH: 0.010135
NUM ELEMENTS: 5
IN NODE: 419
OUT NODE: 420
IN AREA: 0.048690
OUT AREA: 0.048697
IN FLOW: 0.000000
MAT DATATABLE NAME: MAT1
LOSS TYPE: STENOSIS
BRANCH ANGLE: 0.000000
UPSTREAM SEGMENT: 418
BRANCH SEGMENT: 0
BOUNDARY CONDITIONS TYPE: NOBOUND
INLET DATA TABLE: NONE
--- 
SEGMENT N.: 420
NAME: branch0_seg420
ID: 420
LENGTH: 0.010135
NUM ELEMENTS: 5
IN NODE: 420
OUT NODE: 421
IN AREA: 0.043298
OUT AREA: 0.048702
IN FLOW: 0.000000
MAT DATATABLE NAME: MAT1
LOSS TYPE: STENOSIS
BRANCH ANGLE: 0.000000
UPSTREAM SEGMENT: 419
BRANCH SEGMENT: 0
BOUNDARY CONDITIONS TYPE: NOBOUND
INLET DATA TABLE: NONE
--- 
SEGMENT N.: 421
NAME: branch0_seg421
ID: 421
LENGTH: 0.010135
NUM ELEMENTS: 5
IN NODE: 421
OUT NODE: 422
IN AREA: 0.036395
OUT AREA: 0.048711
IN FLOW: 0.000000
MAT DATATABLE NAME: MAT1
LOSS TYPE: STENOSIS
BRANCH ANGLE: 0.000000
UPSTREAM SEGMENT: 420
BRANCH SEGMENT: 0
BOUNDARY CONDITIONS TYPE: NOBOUND
INLET DATA TABLE: NONE
--- 
SEGMENT N.: 422
NAME: branch0_seg422
ID: 422
LENGTH: 0.010135
NUM ELEMENTS: 5
IN NODE: 422
OUT NODE: 423
IN AREA: 0.048713
OUT AREA: 0.048709
IN FLOW: 0.000000
MAT DATATABLE NAME: MAT1
LOSS TYPE: STENOSIS
BRANCH ANGLE: 0.000000
UPSTREAM SEGMENT: 421
BRANCH SEGMENT: 0
BOUNDARY CONDITIONS TYPE: NOBOUND
INLET DATA TABLE: NONE
--- 
SEGMENT N.: 423
NAME: branch0_seg423
ID: 423
LENGTH: 0.010135
NUM ELEMENTS: 5
IN NODE: 423
OUT NODE: 424
IN AREA: 0.048707
OUT AREA: 0.048693
IN FLOW: 0.000000
MAT DATATABLE NAME: MAT1
LOSS TYPE: STENOSIS
BRANCH ANGLE: 0.000000
UPSTREAM SEGMENT: 422
BRANCH SEGMENT: 0
BOUNDARY CONDITIONS TYPE: NOBOUND
INLET DATA TABLE: NONE
--- 
SEGMENT N.: 424
NAME: branch0_seg424
ID: 424
LENGTH: 0.010135
NUM ELEMENTS: 5
IN NODE: 424
OUT NODE: 425
IN AREA: 0.048690
OUT AREA: 0.048681
IN FLOW: 0.000000
MAT DATATABLE NAME: MAT1
LOSS TYPE: STENOSIS
BRANCH ANGLE: 0.000000
UPSTREAM SEGMENT: 423
BRANCH SEGMENT: 0
BOUNDARY CONDITIONS TYPE: NOBOUND
INLET DATA TABLE: NONE
--- 
SEGMENT N.: 425
NAME: branch0_seg425
ID: 425
LENGTH: 0.010135
NUM ELEMENTS: 5
IN NODE: 425
OUT NODE: 426
IN AREA: 0.048679
OUT AREA: 0.048667
IN FLOW: 0.000000
MAT DATATABLE NAME: MAT1
LOSS TYPE: STENOSIS
BRANCH ANGLE: 0.000000
UPSTREAM SEGMENT: 424
BRANCH SEGMENT: 0
BOUNDARY CONDITIONS TYPE: NOBOUND
INLET DATA TABLE: NONE
--- 
SEGMENT N.: 426
NAME: branch0_seg426
ID: 426
LENGTH: 0.010135
NUM ELEMENTS: 5
IN NODE: 426
OUT NODE: 427
IN AREA: 0.048658
OUT AREA: 0.048649
IN FLOW: 0.000000
MAT DATATABLE NAME: MAT1
LOSS TYPE: STENOSIS
BRANCH ANGLE: 0.000000
UPSTREAM SEGMENT: 425
BRANCH SEGMENT: 0
BOUNDARY CONDITIONS TYPE: NOBOUND
INLET DATA TABLE: NONE
--- 
SEGMENT N.: 427
NAME: branch0_seg427
ID: 427
LENGTH: 0.010135
NUM ELEMENTS: 5
IN NODE: 427
OUT NODE: 428
IN AREA: 0.048647
OUT AREA: 0.048650
IN FLOW: 0.000000
MAT DATATABLE NAME: MAT1
LOSS TYPE: STENOSIS
BRANCH ANGLE: 0.000000
UPSTREAM SEGMENT: 426
BRANCH SEGMENT: 0
BOUNDARY CONDITIONS TYPE: NOBOUND
INLET DATA TABLE: NONE
--- 
SEGMENT N.: 428
NAME: branch0_seg428
ID: 428
LENGTH: 0.010135
NUM ELEMENTS: 5
IN NODE: 428
OUT NODE: 429
IN AREA: 0.048651
OUT AREA: 0.048641
IN FLOW: 0.000000
MAT DATATABLE NAME: MAT1
LOSS TYPE: STENOSIS
BRANCH ANGLE: 0.000000
UPSTREAM SEGMENT: 427
BRANCH SEGMENT: 0
BOUNDARY CONDITIONS TYPE: NOBOUND
INLET DATA TABLE: NONE
--- 
SEGMENT N.: 429
NAME: branch0_seg429
ID: 429
LENGTH: 0.010135
NUM ELEMENTS: 5
IN NODE: 429
OUT NODE: 430
IN AREA: 0.048643
OUT AREA: 0.048636
IN FLOW: 0.000000
MAT DATATABLE NAME: MAT1
LOSS TYPE: STENOSIS
BRANCH ANGLE: 0.000000
UPSTREAM SEGMENT: 428
BRANCH SEGMENT: 0
BOUNDARY CONDITIONS TYPE: NOBOUND
INLET DATA TABLE: NONE
--- 
SEGMENT N.: 430
NAME: branch0_seg430
ID: 430
LENGTH: 0.010135
NUM ELEMENTS: 5
IN NODE: 430
OUT NODE: 431
IN AREA: 0.048636
OUT AREA: 0.048646
IN FLOW: 0.000000
MAT DATATABLE NAME: MAT1
LOSS TYPE: STENOSIS
BRANCH ANGLE: 0.000000
UPSTREAM SEGMENT: 429
BRANCH SEGMENT: 0
BOUNDARY CONDITIONS TYPE: NOBOUND
INLET DATA TABLE: NONE
--- 
SEGMENT N.: 431
NAME: branch0_seg431
ID: 431
LENGTH: 0.010135
NUM ELEMENTS: 5
IN NODE: 431
OUT NODE: 432
IN AREA: 0.048653
OUT AREA: 0.048661
IN FLOW: 0.000000
MAT DATATABLE NAME: MAT1
LOSS TYPE: STENOSIS
BRANCH ANGLE: 0.000000
UPSTREAM SEGMENT: 430
BRANCH SEGMENT: 0
BOUNDARY CONDITIONS TYPE: NOBOUND
INLET DATA TABLE: NONE
--- 
SEGMENT N.: 432
NAME: branch0_seg432
ID: 432
LENGTH: 0.010135
NUM ELEMENTS: 5
IN NODE: 432
OUT NODE: 433
IN AREA: 0.048663
OUT AREA: 0.048666
IN FLOW: 0.000000
MAT DATATABLE NAME: MAT1
LOSS TYPE: STENOSIS
BRANCH ANGLE: 0.000000
UPSTREAM SEGMENT: 431
BRANCH SEGMENT: 0
BOUNDARY CONDITIONS TYPE: NOBOUND
INLET DATA TABLE: NONE
--- 
SEGMENT N.: 433
NAME: branch0_seg433
ID: 433
LENGTH: 0.010135
NUM ELEMENTS: 5
IN NODE: 433
OUT NODE: 434
IN AREA: 0.047093
OUT AREA: 0.048682
IN FLOW: 0.000000
MAT DATATABLE NAME: MAT1
LOSS TYPE: STENOSIS
BRANCH ANGLE: 0.000000
UPSTREAM SEGMENT: 432
BRANCH SEGMENT: 0
BOUNDARY CONDITIONS TYPE: NOBOUND
INLET DATA TABLE: NONE
--- 
SEGMENT N.: 434
NAME: branch0_seg434
ID: 434
LENGTH: 0.010135
NUM ELEMENTS: 5
IN NODE: 434
OUT NODE: 435
IN AREA: 0.048684
OUT AREA: 0.048706
IN FLOW: 0.000000
MAT DATATABLE NAME: MAT1
LOSS TYPE: STENOSIS
BRANCH ANGLE: 0.000000
UPSTREAM SEGMENT: 433
BRANCH SEGMENT: 0
BOUNDARY CONDITIONS TYPE: NOBOUND
INLET DATA TABLE: NONE
--- 
SEGMENT N.: 435
NAME: branch0_seg435
ID: 435
LENGTH: 0.010135
NUM ELEMENTS: 5
IN NODE: 435
OUT NODE: 436
IN AREA: 0.048707
OUT AREA: 0.048715
IN FLOW: 0.000000
MAT DATATABLE NAME: MAT1
LOSS TYPE: STENOSIS
BRANCH ANGLE: 0.000000
UPSTREAM SEGMENT: 434
BRANCH SEGMENT: 0
BOUNDARY CONDITIONS TYPE: NOBOUND
INLET DATA TABLE: NONE
--- 
SEGMENT N.: 436
NAME: branch0_seg436
ID: 436
LENGTH: 0.010135
NUM ELEMENTS: 5
IN NODE: 436
OUT NODE: 437
IN AREA: 0.048715
OUT AREA: 0.048734
IN FLOW: 0.000000
MAT DATATABLE NAME: MAT1
LOSS TYPE: STENOSIS
BRANCH ANGLE: 0.000000
UPSTREAM SEGMENT: 435
BRANCH SEGMENT: 0
BOUNDARY CONDITIONS TYPE: NOBOUND
INLET DATA TABLE: NONE
--- 
SEGMENT N.: 437
NAME: branch0_seg437
ID: 437
LENGTH: 0.010135
NUM ELEMENTS: 5
IN NODE: 437
OUT NODE: 438
IN AREA: 0.048738
OUT AREA: 0.048736
IN FLOW: 0.000000
MAT DATATABLE NAME: MAT1
LOSS TYPE: STENOSIS
BRANCH ANGLE: 0.000000
UPSTREAM SEGMENT: 436
BRANCH SEGMENT: 0
BOUNDARY CONDITIONS TYPE: NOBOUND
INLET DATA TABLE: NONE
--- 
SEGMENT N.: 438
NAME: branch0_seg438
ID: 438
LENGTH: 0.010135
NUM ELEMENTS: 5
IN NODE: 438
OUT NODE: 439
IN AREA: 0.048734
OUT AREA: 0.048728
IN FLOW: 0.000000
MAT DATATABLE NAME: MAT1
LOSS TYPE: STENOSIS
BRANCH ANGLE: 0.000000
UPSTREAM SEGMENT: 437
BRANCH SEGMENT: 0
BOUNDARY CONDITIONS TYPE: NOBOUND
INLET DATA TABLE: NONE
--- 
SEGMENT N.: 439
NAME: branch0_seg439
ID: 439
LENGTH: 0.010135
NUM ELEMENTS: 5
IN NODE: 439
OUT NODE: 440
IN AREA: 0.048730
OUT AREA: 0.023785
IN FLOW: 0.000000
MAT DATATABLE NAME: MAT1
LOSS TYPE: STENOSIS
BRANCH ANGLE: 0.000000
UPSTREAM SEGMENT: 438
BRANCH SEGMENT: 0
BOUNDARY CONDITIONS TYPE: NOBOUND
INLET DATA TABLE: NONE
--- 
SEGMENT N.: 440
NAME: branch0_seg440
ID: 440
LENGTH: 0.010135
NUM ELEMENTS: 5
IN NODE: 440
OUT NODE: 441
IN AREA: 0.042379
OUT AREA: 0.048717
IN FLOW: 0.000000
MAT DATATABLE NAME: MAT1
LOSS TYPE: STENOSIS
BRANCH ANGLE: 0.000000
UPSTREAM SEGMENT: 439
BRANCH SEGMENT: 0
BOUNDARY CONDITIONS TYPE: NOBOUND
INLET DATA TABLE: NONE
--- 
SEGMENT N.: 441
NAME: branch0_seg441
ID: 441
LENGTH: 0.010135
NUM ELEMENTS: 5
IN NODE: 441
OUT NODE: 442
IN AREA: 0.048714
OUT AREA: 0.048685
IN FLOW: 0.000000
MAT DATATABLE NAME: MAT1
LOSS TYPE: STENOSIS
BRANCH ANGLE: 0.000000
UPSTREAM SEGMENT: 440
BRANCH SEGMENT: 0
BOUNDARY CONDITIONS TYPE: NOBOUND
INLET DATA TABLE: NONE
--- 
SEGMENT N.: 442
NAME: branch0_seg442
ID: 442
LENGTH: 0.010135
NUM ELEMENTS: 5
IN NODE: 442
OUT NODE: 443
IN AREA: 0.048683
OUT AREA: 0.048676
IN FLOW: 0.000000
MAT DATATABLE NAME: MAT1
LOSS TYPE: STENOSIS
BRANCH ANGLE: 0.000000
UPSTREAM SEGMENT: 441
BRANCH SEGMENT: 0
BOUNDARY CONDITIONS TYPE: NOBOUND
INLET DATA TABLE: NONE
--- 
SEGMENT N.: 443
NAME: branch0_seg443
ID: 443
LENGTH: 0.010135
NUM ELEMENTS: 5
IN NODE: 443
OUT NODE: 444
IN AREA: 0.048670
OUT AREA: 0.048670
IN FLOW: 0.000000
MAT DATATABLE NAME: MAT1
LOSS TYPE: STENOSIS
BRANCH ANGLE: 0.000000
UPSTREAM SEGMENT: 442
BRANCH SEGMENT: 0
BOUNDARY CONDITIONS TYPE: NOBOUND
INLET DATA TABLE: NONE
--- 
SEGMENT N.: 444
NAME: branch0_seg444
ID: 444
LENGTH: 0.010135
NUM ELEMENTS: 5
IN NODE: 444
OUT NODE: 445
IN AREA: 0.025091
OUT AREA: 0.048670
IN FLOW: 0.000000
MAT DATATABLE NAME: MAT1
LOSS TYPE: STENOSIS
BRANCH ANGLE: 0.000000
UPSTREAM SEGMENT: 443
BRANCH SEGMENT: 0
BOUNDARY CONDITIONS TYPE: NOBOUND
INLET DATA TABLE: NONE
--- 
SEGMENT N.: 445
NAME: branch0_seg445
ID: 445
LENGTH: 0.010135
NUM ELEMENTS: 5
IN NODE: 445
OUT NODE: 446
IN AREA: 0.048674
OUT AREA: 0.048683
IN FLOW: 0.000000
MAT DATATABLE NAME: MAT1
LOSS TYPE: STENOSIS
BRANCH ANGLE: 0.000000
UPSTREAM SEGMENT: 444
BRANCH SEGMENT: 0
BOUNDARY CONDITIONS TYPE: NOBOUND
INLET DATA TABLE: NONE
--- 
SEGMENT N.: 446
NAME: branch0_seg446
ID: 446
LENGTH: 0.010135
NUM ELEMENTS: 5
IN NODE: 446
OUT NODE: 447
IN AREA: 0.048692
OUT AREA: 0.048700
IN FLOW: 0.000000
MAT DATATABLE NAME: MAT1
LOSS TYPE: STENOSIS
BRANCH ANGLE: 0.000000
UPSTREAM SEGMENT: 445
BRANCH SEGMENT: 0
BOUNDARY CONDITIONS TYPE: NOBOUND
INLET DATA TABLE: NONE
--- 
SEGMENT N.: 447
NAME: branch0_seg447
ID: 447
LENGTH: 0.010135
NUM ELEMENTS: 5
IN NODE: 447
OUT NODE: 448
IN AREA: 0.048701
OUT AREA: 0.048714
IN FLOW: 0.000000
MAT DATATABLE NAME: MAT1
LOSS TYPE: STENOSIS
BRANCH ANGLE: 0.000000
UPSTREAM SEGMENT: 446
BRANCH SEGMENT: 0
BOUNDARY CONDITIONS TYPE: NOBOUND
INLET DATA TABLE: NONE
--- 
SEGMENT N.: 448
NAME: branch0_seg448
ID: 448
LENGTH: 0.010135
NUM ELEMENTS: 5
IN NODE: 448
OUT NODE: 449
IN AREA: 0.048711
OUT AREA: 0.048706
IN FLOW: 0.000000
MAT DATATABLE NAME: MAT1
LOSS TYPE: STENOSIS
BRANCH ANGLE: 0.000000
UPSTREAM SEGMENT: 447
BRANCH SEGMENT: 0
BOUNDARY CONDITIONS TYPE: NOBOUND
INLET DATA TABLE: NONE
--- 
SEGMENT N.: 449
NAME: branch0_seg449
ID: 449
LENGTH: 0.010135
NUM ELEMENTS: 5
IN NODE: 449
OUT NODE: 450
IN AREA: 0.048700
OUT AREA: 0.048704
IN FLOW: 0.000000
MAT DATATABLE NAME: MAT1
LOSS TYPE: STENOSIS
BRANCH ANGLE: 0.000000
UPSTREAM SEGMENT: 448
BRANCH SEGMENT: 0
BOUNDARY CONDITIONS TYPE: NOBOUND
INLET DATA TABLE: NONE
--- 
SEGMENT N.: 450
NAME: branch0_seg450
ID: 450
LENGTH: 0.010135
NUM ELEMENTS: 5
IN NODE: 450
OUT NODE: 451
IN AREA: 0.048708
OUT AREA: 0.048699
IN FLOW: 0.000000
MAT DATATABLE NAME: MAT1
LOSS TYPE: STENOSIS
BRANCH ANGLE: 0.000000
UPSTREAM SEGMENT: 449
BRANCH SEGMENT: 0
BOUNDARY CONDITIONS TYPE: NOBOUND
INLET DATA TABLE: NONE
--- 
SEGMENT N.: 451
NAME: branch0_seg451
ID: 451
LENGTH: 0.010135
NUM ELEMENTS: 5
IN NODE: 451
OUT NODE: 452
IN AREA: 0.048695
OUT AREA: 0.048687
IN FLOW: 0.000000
MAT DATATABLE NAME: MAT1
LOSS TYPE: STENOSIS
BRANCH ANGLE: 0.000000
UPSTREAM SEGMENT: 450
BRANCH SEGMENT: 0
BOUNDARY CONDITIONS TYPE: NOBOUND
INLET DATA TABLE: NONE
--- 
SEGMENT N.: 452
NAME: branch0_seg452
ID: 452
LENGTH: 0.010135
NUM ELEMENTS: 5
IN NODE: 452
OUT NODE: 453
IN AREA: 0.048686
OUT AREA: 0.048693
IN FLOW: 0.000000
MAT DATATABLE NAME: MAT1
LOSS TYPE: STENOSIS
BRANCH ANGLE: 0.000000
UPSTREAM SEGMENT: 451
BRANCH SEGMENT: 0
BOUNDARY CONDITIONS TYPE: NOBOUND
INLET DATA TABLE: NONE
--- 
SEGMENT N.: 453
NAME: branch0_seg453
ID: 453
LENGTH: 0.010135
NUM ELEMENTS: 5
IN NODE: 453
OUT NODE: 454
IN AREA: 0.048692
OUT AREA: 0.048699
IN FLOW: 0.000000
MAT DATATABLE NAME: MAT1
LOSS TYPE: STENOSIS
BRANCH ANGLE: 0.000000
UPSTREAM SEGMENT: 452
BRANCH SEGMENT: 0
BOUNDARY CONDITIONS TYPE: NOBOUND
INLET DATA TABLE: NONE
--- 
SEGMENT N.: 454
NAME: branch0_seg454
ID: 454
LENGTH: 0.010135
NUM ELEMENTS: 5
IN NODE: 454
OUT NODE: 455
IN AREA: 0.048700
OUT AREA: 0.048704
IN FLOW: 0.000000
MAT DATATABLE NAME: MAT1
LOSS TYPE: STENOSIS
BRANCH ANGLE: 0.000000
UPSTREAM SEGMENT: 453
BRANCH SEGMENT: 0
BOUNDARY CONDITIONS TYPE: NOBOUND
INLET DATA TABLE: NONE
--- 
SEGMENT N.: 455
NAME: branch0_seg455
ID: 455
LENGTH: 0.010135
NUM ELEMENTS: 5
IN NODE: 455
OUT NODE: 456
IN AREA: 0.048703
OUT AREA: 0.048709
IN FLOW: 0.000000
MAT DATATABLE NAME: MAT1
LOSS TYPE: STENOSIS
BRANCH ANGLE: 0.000000
UPSTREAM SEGMENT: 454
BRANCH SEGMENT: 0
BOUNDARY CONDITIONS TYPE: NOBOUND
INLET DATA TABLE: NONE
--- 
SEGMENT N.: 456
NAME: branch0_seg456
ID: 456
LENGTH: 0.010135
NUM ELEMENTS: 5
IN NODE: 456
OUT NODE: 457
IN AREA: 0.048711
OUT AREA: 0.048708
IN FLOW: 0.000000
MAT DATATABLE NAME: MAT1
LOSS TYPE: STENOSIS
BRANCH ANGLE: 0.000000
UPSTREAM SEGMENT: 455
BRANCH SEGMENT: 0
BOUNDARY CONDITIONS TYPE: NOBOUND
INLET DATA TABLE: NONE
--- 
SEGMENT N.: 457
NAME: branch0_seg457
ID: 457
LENGTH: 0.010135
NUM ELEMENTS: 5
IN NODE: 457
OUT NODE: 458
IN AREA: 0.048705
OUT AREA: 0.030794
IN FLOW: 0.000000
MAT DATATABLE NAME: MAT1
LOSS TYPE: STENOSIS
BRANCH ANGLE: 0.000000
UPSTREAM SEGMENT: 456
BRANCH SEGMENT: 0
BOUNDARY CONDITIONS TYPE: NOBOUND
INLET DATA TABLE: NONE
--- 
SEGMENT N.: 458
NAME: branch0_seg458
ID: 458
LENGTH: 0.010135
NUM ELEMENTS: 5
IN NODE: 458
OUT NODE: 459
IN AREA: 0.048705
OUT AREA: 0.048687
IN FLOW: 0.000000
MAT DATATABLE NAME: MAT1
LOSS TYPE: STENOSIS
BRANCH ANGLE: 0.000000
UPSTREAM SEGMENT: 457
BRANCH SEGMENT: 0
BOUNDARY CONDITIONS TYPE: NOBOUND
INLET DATA TABLE: NONE
--- 
SEGMENT N.: 459
NAME: branch0_seg459
ID: 459
LENGTH: 0.010135
NUM ELEMENTS: 5
IN NODE: 459
OUT NODE: 460
IN AREA: 0.048685
OUT AREA: 0.048708
IN FLOW: 0.000000
MAT DATATABLE NAME: MAT1
LOSS TYPE: STENOSIS
BRANCH ANGLE: 0.000000
UPSTREAM SEGMENT: 458
BRANCH SEGMENT: 0
BOUNDARY CONDITIONS TYPE: NOBOUND
INLET DATA TABLE: NONE
--- 
SEGMENT N.: 460
NAME: branch0_seg460
ID: 460
LENGTH: 0.010135
NUM ELEMENTS: 5
IN NODE: 460
OUT NODE: 461
IN AREA: 0.048710
OUT AREA: 0.048722
IN FLOW: 0.000000
MAT DATATABLE NAME: MAT1
LOSS TYPE: STENOSIS
BRANCH ANGLE: 0.000000
UPSTREAM SEGMENT: 459
BRANCH SEGMENT: 0
BOUNDARY CONDITIONS TYPE: NOBOUND
INLET DATA TABLE: NONE
--- 
SEGMENT N.: 461
NAME: branch0_seg461
ID: 461
LENGTH: 0.010135
NUM ELEMENTS: 5
IN NODE: 461
OUT NODE: 462
IN AREA: 0.048726
OUT AREA: 0.048735
IN FLOW: 0.000000
MAT DATATABLE NAME: MAT1
LOSS TYPE: STENOSIS
BRANCH ANGLE: 0.000000
UPSTREAM SEGMENT: 460
BRANCH SEGMENT: 0
BOUNDARY CONDITIONS TYPE: NOBOUND
INLET DATA TABLE: NONE
--- 
SEGMENT N.: 462
NAME: branch0_seg462
ID: 462
LENGTH: 0.010135
NUM ELEMENTS: 5
IN NODE: 462
OUT NODE: 463
IN AREA: 0.048738
OUT AREA: 0.048743
IN FLOW: 0.000000
MAT DATATABLE NAME: MAT1
LOSS TYPE: STENOSIS
BRANCH ANGLE: 0.000000
UPSTREAM SEGMENT: 461
BRANCH SEGMENT: 0
BOUNDARY CONDITIONS TYPE: NOBOUND
INLET DATA TABLE: NONE
--- 
SEGMENT N.: 463
NAME: branch0_seg463
ID: 463
LENGTH: 0.010135
NUM ELEMENTS: 5
IN NODE: 463
OUT NODE: 464
IN AREA: 0.048743
OUT AREA: 0.048734
IN FLOW: 0.000000
MAT DATATABLE NAME: MAT1
LOSS TYPE: STENOSIS
BRANCH ANGLE: 0.000000
UPSTREAM SEGMENT: 462
BRANCH SEGMENT: 0
BOUNDARY CONDITIONS TYPE: NOBOUND
INLET DATA TABLE: NONE
--- 
SEGMENT N.: 464
NAME: branch0_seg464
ID: 464
LENGTH: 0.010135
NUM ELEMENTS: 5
IN NODE: 464
OUT NODE: 465
IN AREA: 0.048728
OUT AREA: 0.048703
IN FLOW: 0.000000
MAT DATATABLE NAME: MAT1
LOSS TYPE: STENOSIS
BRANCH ANGLE: 0.000000
UPSTREAM SEGMENT: 463
BRANCH SEGMENT: 0
BOUNDARY CONDITIONS TYPE: NOBOUND
INLET DATA TABLE: NONE
--- 
SEGMENT N.: 465
NAME: branch0_seg465
ID: 465
LENGTH: 0.010135
NUM ELEMENTS: 5
IN NODE: 465
OUT NODE: 466
IN AREA: 0.048699
OUT AREA: 0.048688
IN FLOW: 0.000000
MAT DATATABLE NAME: MAT1
LOSS TYPE: STENOSIS
BRANCH ANGLE: 0.000000
UPSTREAM SEGMENT: 464
BRANCH SEGMENT: 0
BOUNDARY CONDITIONS TYPE: NOBOUND
INLET DATA TABLE: NONE
--- 
SEGMENT N.: 466
NAME: branch0_seg466
ID: 466
LENGTH: 0.010135
NUM ELEMENTS: 5
IN NODE: 466
OUT NODE: 467
IN AREA: 0.048683
OUT AREA: 0.048674
IN FLOW: 0.000000
MAT DATATABLE NAME: MAT1
LOSS TYPE: STENOSIS
BRANCH ANGLE: 0.000000
UPSTREAM SEGMENT: 465
BRANCH SEGMENT: 0
BOUNDARY CONDITIONS TYPE: NOBOUND
INLET DATA TABLE: NONE
--- 
SEGMENT N.: 467
NAME: branch0_seg467
ID: 467
LENGTH: 0.010135
NUM ELEMENTS: 5
IN NODE: 467
OUT NODE: 468
IN AREA: 0.048670
OUT AREA: 0.048668
IN FLOW: 0.000000
MAT DATATABLE NAME: MAT1
LOSS TYPE: STENOSIS
BRANCH ANGLE: 0.000000
UPSTREAM SEGMENT: 466
BRANCH SEGMENT: 0
BOUNDARY CONDITIONS TYPE: NOBOUND
INLET DATA TABLE: NONE
--- 
SEGMENT N.: 468
NAME: branch0_seg468
ID: 468
LENGTH: 0.010135
NUM ELEMENTS: 5
IN NODE: 468
OUT NODE: 469
IN AREA: 0.048671
OUT AREA: 0.048673
IN FLOW: 0.000000
MAT DATATABLE NAME: MAT1
LOSS TYPE: STENOSIS
BRANCH ANGLE: 0.000000
UPSTREAM SEGMENT: 467
BRANCH SEGMENT: 0
BOUNDARY CONDITIONS TYPE: NOBOUND
INLET DATA TABLE: NONE
--- 
SEGMENT N.: 469
NAME: branch0_seg469
ID: 469
LENGTH: 0.010135
NUM ELEMENTS: 5
IN NODE: 469
OUT NODE: 470
IN AREA: 0.048682
OUT AREA: 0.048695
IN FLOW: 0.000000
MAT DATATABLE NAME: MAT1
LOSS TYPE: STENOSIS
BRANCH ANGLE: 0.000000
UPSTREAM SEGMENT: 468
BRANCH SEGMENT: 0
BOUNDARY CONDITIONS TYPE: NOBOUND
INLET DATA TABLE: NONE
--- 
SEGMENT N.: 470
NAME: branch0_seg470
ID: 470
LENGTH: 0.010135
NUM ELEMENTS: 5
IN NODE: 470
OUT NODE: 471
IN AREA: 0.048694
OUT AREA: 0.048704
IN FLOW: 0.000000
MAT DATATABLE NAME: MAT1
LOSS TYPE: STENOSIS
BRANCH ANGLE: 0.000000
UPSTREAM SEGMENT: 469
BRANCH SEGMENT: 0
BOUNDARY CONDITIONS TYPE: NOBOUND
INLET DATA TABLE: NONE
--- 
SEGMENT N.: 471
NAME: branch0_seg471
ID: 471
LENGTH: 0.010135
NUM ELEMENTS: 5
IN NODE: 471
OUT NODE: 472
IN AREA: 0.048704
OUT AREA: 0.048709
IN FLOW: 0.000000
MAT DATATABLE NAME: MAT1
LOSS TYPE: STENOSIS
BRANCH ANGLE: 0.000000
UPSTREAM SEGMENT: 470
BRANCH SEGMENT: 0
BOUNDARY CONDITIONS TYPE: NOBOUND
INLET DATA TABLE: NONE
--- 
SEGMENT N.: 472
NAME: branch0_seg472
ID: 472
LENGTH: 0.010135
NUM ELEMENTS: 5
IN NODE: 472
OUT NODE: 473
IN AREA: 0.048712
OUT AREA: 0.048711
IN FLOW: 0.000000
MAT DATATABLE NAME: MAT1
LOSS TYPE: STENOSIS
BRANCH ANGLE: 0.000000
UPSTREAM SEGMENT: 471
BRANCH SEGMENT: 0
BOUNDARY CONDITIONS TYPE: NOBOUND
INLET DATA TABLE: NONE
--- 
SEGMENT N.: 473
NAME: branch0_seg473
ID: 473
LENGTH: 0.010135
NUM ELEMENTS: 5
IN NODE: 473
OUT NODE: 474
IN AREA: 0.048710
OUT AREA: 0.016624
IN FLOW: 0.000000
MAT DATATABLE NAME: MAT1
LOSS TYPE: STENOSIS
BRANCH ANGLE: 0.000000
UPSTREAM SEGMENT: 472
BRANCH SEGMENT: 0
BOUNDARY CONDITIONS TYPE: NOBOUND
INLET DATA TABLE: NONE
--- 
SEGMENT N.: 474
NAME: branch0_seg474
ID: 474
LENGTH: 0.010135
NUM ELEMENTS: 5
IN NODE: 474
OUT NODE: 475
IN AREA: 0.048710
OUT AREA: 0.015373
IN FLOW: 0.000000
MAT DATATABLE NAME: MAT1
LOSS TYPE: STENOSIS
BRANCH ANGLE: 0.000000
UPSTREAM SEGMENT: 473
BRANCH SEGMENT: 0
BOUNDARY CONDITIONS TYPE: NOBOUND
INLET DATA TABLE: NONE
--- 
SEGMENT N.: 475
NAME: branch0_seg475
ID: 475
LENGTH: 0.010135
NUM ELEMENTS: 5
IN NODE: 475
OUT NODE: 476
IN AREA: 0.040405
OUT AREA: 0.048724
IN FLOW: 0.000000
MAT DATATABLE NAME: MAT1
LOSS TYPE: STENOSIS
BRANCH ANGLE: 0.000000
UPSTREAM SEGMENT: 474
BRANCH SEGMENT: 0
BOUNDARY CONDITIONS TYPE: NOBOUND
INLET DATA TABLE: NONE
--- 
SEGMENT N.: 476
NAME: branch0_seg476
ID: 476
LENGTH: 0.010135
NUM ELEMENTS: 5
IN NODE: 476
OUT NODE: 477
IN AREA: 0.048726
OUT AREA: 0.048724
IN FLOW: 0.000000
MAT DATATABLE NAME: MAT1
LOSS TYPE: STENOSIS
BRANCH ANGLE: 0.000000
UPSTREAM SEGMENT: 475
BRANCH SEGMENT: 0
BOUNDARY CONDITIONS TYPE: NOBOUND
INLET DATA TABLE: NONE
--- 
SEGMENT N.: 477
NAME: branch0_seg477
ID: 477
LENGTH: 0.010135
NUM ELEMENTS: 5
IN NODE: 477
OUT NODE: 478
IN AREA: 0.048722
OUT AREA: 0.048713
IN FLOW: 0.000000
MAT DATATABLE NAME: MAT1
LOSS TYPE: STENOSIS
BRANCH ANGLE: 0.000000
UPSTREAM SEGMENT: 476
BRANCH SEGMENT: 0
BOUNDARY CONDITIONS TYPE: NOBOUND
INLET DATA TABLE: NONE
--- 
SEGMENT N.: 478
NAME: branch0_seg478
ID: 478
LENGTH: 0.010135
NUM ELEMENTS: 5
IN NODE: 478
OUT NODE: 479
IN AREA: 0.024855
OUT AREA: 0.048706
IN FLOW: 0.000000
MAT DATATABLE NAME: MAT1
LOSS TYPE: STENOSIS
BRANCH ANGLE: 0.000000
UPSTREAM SEGMENT: 477
BRANCH SEGMENT: 0
BOUNDARY CONDITIONS TYPE: NOBOUND
INLET DATA TABLE: NONE
--- 
SEGMENT N.: 479
NAME: branch0_seg479
ID: 479
LENGTH: 0.010135
NUM ELEMENTS: 5
IN NODE: 479
OUT NODE: 480
IN AREA: 0.018818
OUT AREA: 0.048708
IN FLOW: 0.000000
MAT DATATABLE NAME: MAT1
LOSS TYPE: STENOSIS
BRANCH ANGLE: 0.000000
UPSTREAM SEGMENT: 478
BRANCH SEGMENT: 0
BOUNDARY CONDITIONS TYPE: NOBOUND
INLET DATA TABLE: NONE
--- 
SEGMENT N.: 480
NAME: branch0_seg480
ID: 480
LENGTH: 0.010135
NUM ELEMENTS: 5
IN NODE: 480
OUT NODE: 481
IN AREA: 0.048706
OUT AREA: 0.048713
IN FLOW: 0.000000
MAT DATATABLE NAME: MAT1
LOSS TYPE: STENOSIS
BRANCH ANGLE: 0.000000
UPSTREAM SEGMENT: 479
BRANCH SEGMENT: 0
BOUNDARY CONDITIONS TYPE: NOBOUND
INLET DATA TABLE: NONE
--- 
SEGMENT N.: 481
NAME: branch0_seg481
ID: 481
LENGTH: 0.010135
NUM ELEMENTS: 5
IN NODE: 481
OUT NODE: 482
IN AREA: 0.048710
OUT AREA: 0.048713
IN FLOW: 0.000000
MAT DATATABLE NAME: MAT1
LOSS TYPE: STENOSIS
BRANCH ANGLE: 0.000000
UPSTREAM SEGMENT: 480
BRANCH SEGMENT: 0
BOUNDARY CONDITIONS TYPE: NOBOUND
INLET DATA TABLE: NONE
--- 
SEGMENT N.: 482
NAME: branch0_seg482
ID: 482
LENGTH: 0.010135
NUM ELEMENTS: 5
IN NODE: 482
OUT NODE: 483
IN AREA: 0.048714
OUT AREA: 0.048714
IN FLOW: 0.000000
MAT DATATABLE NAME: MAT1
LOSS TYPE: STENOSIS
BRANCH ANGLE: 0.000000
UPSTREAM SEGMENT: 481
BRANCH SEGMENT: 0
BOUNDARY CONDITIONS TYPE: NOBOUND
INLET DATA TABLE: NONE
--- 
SEGMENT N.: 483
NAME: branch0_seg483
ID: 483
LENGTH: 0.010135
NUM ELEMENTS: 5
IN NODE: 483
OUT NODE: 484
IN AREA: 0.048714
OUT AREA: 0.048711
IN FLOW: 0.000000
MAT DATATABLE NAME: MAT1
LOSS TYPE: STENOSIS
BRANCH ANGLE: 0.000000
UPSTREAM SEGMENT: 482
BRANCH SEGMENT: 0
BOUNDARY CONDITIONS TYPE: NOBOUND
INLET DATA TABLE: NONE
--- 
SEGMENT N.: 484
NAME: branch0_seg484
ID: 484
LENGTH: 0.010135
NUM ELEMENTS: 5
IN NODE: 484
OUT NODE: 485
IN AREA: 0.048713
OUT AREA: 0.048703
IN FLOW: 0.000000
MAT DATATABLE NAME: MAT1
LOSS TYPE: STENOSIS
BRANCH ANGLE: 0.000000
UPSTREAM SEGMENT: 483
BRANCH SEGMENT: 0
BOUNDARY CONDITIONS TYPE: NOBOUND
INLET DATA TABLE: NONE
--- 
SEGMENT N.: 485
NAME: branch0_seg485
ID: 485
LENGTH: 0.010135
NUM ELEMENTS: 5
IN NODE: 485
OUT NODE: 486
IN AREA: 0.028144
OUT AREA: 0.048702
IN FLOW: 0.000000
MAT DATATABLE NAME: MAT1
LOSS TYPE: STENOSIS
BRANCH ANGLE: 0.000000
UPSTREAM SEGMENT: 484
BRANCH SEGMENT: 0
BOUNDARY CONDITIONS TYPE: NOBOUND
INLET DATA TABLE: NONE
--- 
SEGMENT N.: 486
NAME: branch0_seg486
ID: 486
LENGTH: 0.010135
NUM ELEMENTS: 5
IN NODE: 486
OUT NODE: 487
IN AREA: 0.048698
OUT AREA: 0.048699
IN FLOW: 0.000000
MAT DATATABLE NAME: MAT1
LOSS TYPE: STENOSIS
BRANCH ANGLE: 0.000000
UPSTREAM SEGMENT: 485
BRANCH SEGMENT: 0
BOUNDARY CONDITIONS TYPE: NOBOUND
INLET DATA TABLE: NONE
--- 
SEGMENT N.: 487
NAME: branch0_seg487
ID: 487
LENGTH: 0.010135
NUM ELEMENTS: 5
IN NODE: 487
OUT NODE: 488
IN AREA: 0.048697
OUT AREA: 0.048707
IN FLOW: 0.000000
MAT DATATABLE NAME: MAT1
LOSS TYPE: STENOSIS
BRANCH ANGLE: 0.000000
UPSTREAM SEGMENT: 486
BRANCH SEGMENT: 0
BOUNDARY CONDITIONS TYPE: NOBOUND
INLET DATA TABLE: NONE
--- 
SEGMENT N.: 488
NAME: branch0_seg488
ID: 488
LENGTH: 0.010135
NUM ELEMENTS: 5
IN NODE: 488
OUT NODE: 489
IN AREA: 0.048715
OUT AREA: 0.048711
IN FLOW: 0.000000
MAT DATATABLE NAME: MAT1
LOSS TYPE: STENOSIS
BRANCH ANGLE: 0.000000
UPSTREAM SEGMENT: 487
BRANCH SEGMENT: 0
BOUNDARY CONDITIONS TYPE: NOBOUND
INLET DATA TABLE: NONE
--- 
SEGMENT N.: 489
NAME: branch0_seg489
ID: 489
LENGTH: 0.010135
NUM ELEMENTS: 5
IN NODE: 489
OUT NODE: 490
IN AREA: 0.048711
OUT AREA: 0.048704
IN FLOW: 0.000000
MAT DATATABLE NAME: MAT1
LOSS TYPE: STENOSIS
BRANCH ANGLE: 0.000000
UPSTREAM SEGMENT: 488
BRANCH SEGMENT: 0
BOUNDARY CONDITIONS TYPE: NOBOUND
INLET DATA TABLE: NONE
--- 
SEGMENT N.: 490
NAME: branch0_seg490
ID: 490
LENGTH: 0.010135
NUM ELEMENTS: 5
IN NODE: 490
OUT NODE: 491
IN AREA: 0.048704
OUT AREA: 0.048713
IN FLOW: 0.000000
MAT DATATABLE NAME: MAT1
LOSS TYPE: STENOSIS
BRANCH ANGLE: 0.000000
UPSTREAM SEGMENT: 489
BRANCH SEGMENT: 0
BOUNDARY CONDITIONS TYPE: NOBOUND
INLET DATA TABLE: NONE
--- 
SEGMENT N.: 491
NAME: branch0_seg491
ID: 491
LENGTH: 0.010135
NUM ELEMENTS: 5
IN NODE: 491
OUT NODE: 492
IN AREA: 0.048713
OUT AREA: 0.048729
IN FLOW: 0.000000
MAT DATATABLE NAME: MAT1
LOSS TYPE: STENOSIS
BRANCH ANGLE: 0.000000
UPSTREAM SEGMENT: 490
BRANCH SEGMENT: 0
BOUNDARY CONDITIONS TYPE: NOBOUND
INLET DATA TABLE: NONE
--- 
SEGMENT N.: 492
NAME: branch0_seg492
ID: 492
LENGTH: 0.010135
NUM ELEMENTS: 5
IN NODE: 492
OUT NODE: 493
IN AREA: 0.048724
OUT AREA: 0.048713
IN FLOW: 0.000000
MAT DATATABLE NAME: MAT1
LOSS TYPE: STENOSIS
BRANCH ANGLE: 0.000000
UPSTREAM SEGMENT: 491
BRANCH SEGMENT: 0
BOUNDARY CONDITIONS TYPE: NOBOUND
INLET DATA TABLE: NONE
--- 
SEGMENT N.: 493
NAME: branch0_seg493
ID: 493
LENGTH: 0.010135
NUM ELEMENTS: 5
IN NODE: 493
OUT NODE: 494
IN AREA: 0.023233
OUT AREA: 0.048701
IN FLOW: 0.000000
MAT DATATABLE NAME: MAT1
LOSS TYPE: STENOSIS
BRANCH ANGLE: 0.000000
UPSTREAM SEGMENT: 492
BRANCH SEGMENT: 0
BOUNDARY CONDITIONS TYPE: NOBOUND
INLET DATA TABLE: NONE
--- 
SEGMENT N.: 494
NAME: branch0_seg494
ID: 494
LENGTH: 0.010135
NUM ELEMENTS: 5
IN NODE: 494
OUT NODE: 495
IN AREA: 0.048699
OUT AREA: 0.048694
IN FLOW: 0.000000
MAT DATATABLE NAME: MAT1
LOSS TYPE: STENOSIS
BRANCH ANGLE: 0.000000
UPSTREAM SEGMENT: 493
BRANCH SEGMENT: 0
BOUNDARY CONDITIONS TYPE: NOBOUND
INLET DATA TABLE: NONE
--- 
SEGMENT N.: 495
NAME: branch0_seg495
ID: 495
LENGTH: 0.010135
NUM ELEMENTS: 5
IN NODE: 495
OUT NODE: 496
IN AREA: 0.048689
OUT AREA: 0.048684
IN FLOW: 0.000000
MAT DATATABLE NAME: MAT1
LOSS TYPE: STENOSIS
BRANCH ANGLE: 0.000000
UPSTREAM SEGMENT: 494
BRANCH SEGMENT: 0
BOUNDARY CONDITIONS TYPE: NOBOUND
INLET DATA TABLE: NONE
--- 
SEGMENT N.: 496
NAME: branch0_seg496
ID: 496
LENGTH: 0.010135
NUM ELEMENTS: 5
IN NODE: 496
OUT NODE: 497
IN AREA: 0.048684
OUT AREA: 0.048672
IN FLOW: 0.000000
MAT DATATABLE NAME: MAT1
LOSS TYPE: STENOSIS
BRANCH ANGLE: 0.000000
UPSTREAM SEGMENT: 495
BRANCH SEGMENT: 0
BOUNDARY CONDITIONS TYPE: NOBOUND
INLET DATA TABLE: NONE
--- 
SEGMENT N.: 497
NAME: branch0_seg497
ID: 497
LENGTH: 0.010135
NUM ELEMENTS: 5
IN NODE: 497
OUT NODE: 498
IN AREA: 0.048671
OUT AREA: 0.048681
IN FLOW: 0.000000
MAT DATATABLE NAME: MAT1
LOSS TYPE: STENOSIS
BRANCH ANGLE: 0.000000
UPSTREAM SEGMENT: 496
BRANCH SEGMENT: 0
BOUNDARY CONDITIONS TYPE: NOBOUND
INLET DATA TABLE: NONE
--- 
SEGMENT N.: 498
NAME: branch0_seg498
ID: 498
LENGTH: 0.010135
NUM ELEMENTS: 5
IN NODE: 498
OUT NODE: 499
IN AREA: 0.048684
OUT AREA: 0.048681
IN FLOW: 0.000000
MAT DATATABLE NAME: MAT1
LOSS TYPE: STENOSIS
BRANCH ANGLE: 0.000000
UPSTREAM SEGMENT: 497
BRANCH SEGMENT: 0
BOUNDARY CONDITIONS TYPE: NOBOUND
INLET DATA TABLE: NONE
--- 
SEGMENT N.: 499
NAME: branch0_seg499
ID: 499
LENGTH: 0.010135
NUM ELEMENTS: 5
IN NODE: 499
OUT NODE: 500
IN AREA: 0.048680
OUT AREA: 0.048670
IN FLOW: 0.000000
MAT DATATABLE NAME: MAT1
LOSS TYPE: STENOSIS
BRANCH ANGLE: 0.000000
UPSTREAM SEGMENT: 498
BRANCH SEGMENT: 0
BOUNDARY CONDITIONS TYPE: NOBOUND
INLET DATA TABLE: NONE
--- 
SEGMENT N.: 500
NAME: branch0_seg500
ID: 500
LENGTH: 0.010135
NUM ELEMENTS: 5
IN NODE: 500
OUT NODE: 501
IN AREA: 0.048670
OUT AREA: 0.045667
IN FLOW: 0.000000
MAT DATATABLE NAME: MAT1
LOSS TYPE: STENOSIS
BRANCH ANGLE: 0.000000
UPSTREAM SEGMENT: 499
BRANCH SEGMENT: 0
BOUNDARY CONDITIONS TYPE: NOBOUND
INLET DATA TABLE: NONE
--- 
SEGMENT N.: 501
NAME: branch0_seg501
ID: 501
LENGTH: 0.010135
NUM ELEMENTS: 5
IN NODE: 501
OUT NODE: 502
IN AREA: 0.048655
OUT AREA: 0.048649
IN FLOW: 0.000000
MAT DATATABLE NAME: MAT1
LOSS TYPE: STENOSIS
BRANCH ANGLE: 0.000000
UPSTREAM SEGMENT: 500
BRANCH SEGMENT: 0
BOUNDARY CONDITIONS TYPE: NOBOUND
INLET DATA TABLE: NONE
--- 
SEGMENT N.: 502
NAME: branch0_seg502
ID: 502
LENGTH: 0.010135
NUM ELEMENTS: 5
IN NODE: 502
OUT NODE: 503
IN AREA: 0.048649
OUT AREA: 0.048649
IN FLOW: 0.000000
MAT DATATABLE NAME: MAT1
LOSS TYPE: STENOSIS
BRANCH ANGLE: 0.000000
UPSTREAM SEGMENT: 501
BRANCH SEGMENT: 0
BOUNDARY CONDITIONS TYPE: NOBOUND
INLET DATA TABLE: NONE
--- 
SEGMENT N.: 503
NAME: branch0_seg503
ID: 503
LENGTH: 0.010135
NUM ELEMENTS: 5
IN NODE: 503
OUT NODE: 504
IN AREA: 0.039305
OUT AREA: 0.048655
IN FLOW: 0.000000
MAT DATATABLE NAME: MAT1
LOSS TYPE: STENOSIS
BRANCH ANGLE: 0.000000
UPSTREAM SEGMENT: 502
BRANCH SEGMENT: 0
BOUNDARY CONDITIONS TYPE: NOBOUND
INLET DATA TABLE: NONE
--- 
SEGMENT N.: 504
NAME: branch0_seg504
ID: 504
LENGTH: 0.010135
NUM ELEMENTS: 5
IN NODE: 504
OUT NODE: 505
IN AREA: 0.048656
OUT AREA: 0.048658
IN FLOW: 0.000000
MAT DATATABLE NAME: MAT1
LOSS TYPE: STENOSIS
BRANCH ANGLE: 0.000000
UPSTREAM SEGMENT: 503
BRANCH SEGMENT: 0
BOUNDARY CONDITIONS TYPE: NOBOUND
INLET DATA TABLE: NONE
--- 
SEGMENT N.: 505
NAME: branch0_seg505
ID: 505
LENGTH: 0.010135
NUM ELEMENTS: 5
IN NODE: 505
OUT NODE: 506
IN AREA: 0.048661
OUT AREA: 0.048671
IN FLOW: 0.000000
MAT DATATABLE NAME: MAT1
LOSS TYPE: STENOSIS
BRANCH ANGLE: 0.000000
UPSTREAM SEGMENT: 504
BRANCH SEGMENT: 0
BOUNDARY CONDITIONS TYPE: NOBOUND
INLET DATA TABLE: NONE
--- 
SEGMENT N.: 506
NAME: branch0_seg506
ID: 506
LENGTH: 0.010135
NUM ELEMENTS: 5
IN NODE: 506
OUT NODE: 507
IN AREA: 0.048673
OUT AREA: 0.048672
IN FLOW: 0.000000
MAT DATATABLE NAME: MAT1
LOSS TYPE: STENOSIS
BRANCH ANGLE: 0.000000
UPSTREAM SEGMENT: 505
BRANCH SEGMENT: 0
BOUNDARY CONDITIONS TYPE: NOBOUND
INLET DATA TABLE: NONE
--- 
SEGMENT N.: 507
NAME: branch0_seg507
ID: 507
LENGTH: 0.010135
NUM ELEMENTS: 5
IN NODE: 507
OUT NODE: 508
IN AREA: 0.048676
OUT AREA: 0.048681
IN FLOW: 0.000000
MAT DATATABLE NAME: MAT1
LOSS TYPE: STENOSIS
BRANCH ANGLE: 0.000000
UPSTREAM SEGMENT: 506
BRANCH SEGMENT: 0
BOUNDARY CONDITIONS TYPE: NOBOUND
INLET DATA TABLE: NONE
--- 
SEGMENT N.: 508
NAME: branch0_seg508
ID: 508
LENGTH: 0.010135
NUM ELEMENTS: 5
IN NODE: 508
OUT NODE: 509
IN AREA: 0.048677
OUT AREA: 0.048674
IN FLOW: 0.000000
MAT DATATABLE NAME: MAT1
LOSS TYPE: STENOSIS
BRANCH ANGLE: 0.000000
UPSTREAM SEGMENT: 507
BRANCH SEGMENT: 0
BOUNDARY CONDITIONS TYPE: NOBOUND
INLET DATA TABLE: NONE
--- 
SEGMENT N.: 509
NAME: branch0_seg509
ID: 509
LENGTH: 0.010135
NUM ELEMENTS: 5
IN NODE: 509
OUT NODE: 510
IN AREA: 0.048673
OUT AREA: 0.048665
IN FLOW: 0.000000
MAT DATATABLE NAME: MAT1
LOSS TYPE: STENOSIS
BRANCH ANGLE: 0.000000
UPSTREAM SEGMENT: 508
BRANCH SEGMENT: 0
BOUNDARY CONDITIONS TYPE: NOBOUND
INLET DATA TABLE: NONE
--- 
SEGMENT N.: 510
NAME: branch0_seg510
ID: 510
LENGTH: 0.010135
NUM ELEMENTS: 5
IN NODE: 510
OUT NODE: 511
IN AREA: 0.048665
OUT AREA: 0.026546
IN FLOW: 0.000000
MAT DATATABLE NAME: MAT1
LOSS TYPE: STENOSIS
BRANCH ANGLE: 0.000000
UPSTREAM SEGMENT: 509
BRANCH SEGMENT: 0
BOUNDARY CONDITIONS TYPE: NOBOUND
INLET DATA TABLE: NONE
--- 
SEGMENT N.: 511
NAME: branch0_seg511
ID: 511
LENGTH: 0.010135
NUM ELEMENTS: 5
IN NODE: 511
OUT NODE: 512
IN AREA: 0.046929
OUT AREA: 0.048680
IN FLOW: 0.000000
MAT DATATABLE NAME: MAT1
LOSS TYPE: STENOSIS
BRANCH ANGLE: 0.000000
UPSTREAM SEGMENT: 510
BRANCH SEGMENT: 0
BOUNDARY CONDITIONS TYPE: NOBOUND
INLET DATA TABLE: NONE
--- 
SEGMENT N.: 512
NAME: branch0_seg512
ID: 512
LENGTH: 0.010135
NUM ELEMENTS: 5
IN NODE: 512
OUT NODE: 513
IN AREA: 0.048678
OUT AREA: 0.048685
IN FLOW: 0.000000
MAT DATATABLE NAME: MAT1
LOSS TYPE: STENOSIS
BRANCH ANGLE: 0.000000
UPSTREAM SEGMENT: 511
BRANCH SEGMENT: 0
BOUNDARY CONDITIONS TYPE: NOBOUND
INLET DATA TABLE: NONE
--- 
SEGMENT N.: 513
NAME: branch0_seg513
ID: 513
LENGTH: 0.010135
NUM ELEMENTS: 5
IN NODE: 513
OUT NODE: 514
IN AREA: 0.048686
OUT AREA: 0.048696
IN FLOW: 0.000000
MAT DATATABLE NAME: MAT1
LOSS TYPE: STENOSIS
BRANCH ANGLE: 0.000000
UPSTREAM SEGMENT: 512
BRANCH SEGMENT: 0
BOUNDARY CONDITIONS TYPE: NOBOUND
INLET DATA TABLE: NONE
--- 
SEGMENT N.: 514
NAME: branch0_seg514
ID: 514
LENGTH: 0.010135
NUM ELEMENTS: 5
IN NODE: 514
OUT NODE: 515
IN AREA: 0.048702
OUT AREA: 0.048702
IN FLOW: 0.000000
MAT DATATABLE NAME: MAT1
LOSS TYPE: STENOSIS
BRANCH ANGLE: 0.000000
UPSTREAM SEGMENT: 513
BRANCH SEGMENT: 0
BOUNDARY CONDITIONS TYPE: NOBOUND
INLET DATA TABLE: NONE
--- 
SEGMENT N.: 515
NAME: branch0_seg515
ID: 515
LENGTH: 0.010135
NUM ELEMENTS: 5
IN NODE: 515
OUT NODE: 516
IN AREA: 0.048699
OUT AREA: 0.048698
IN FLOW: 0.000000
MAT DATATABLE NAME: MAT1
LOSS TYPE: STENOSIS
BRANCH ANGLE: 0.000000
UPSTREAM SEGMENT: 514
BRANCH SEGMENT: 0
BOUNDARY CONDITIONS TYPE: NOBOUND
INLET DATA TABLE: NONE
--- 
SEGMENT N.: 516
NAME: branch0_seg516
ID: 516
LENGTH: 0.010135
NUM ELEMENTS: 5
IN NODE: 516
OUT NODE: 517
IN AREA: 0.048697
OUT AREA: 0.048687
IN FLOW: 0.000000
MAT DATATABLE NAME: MAT1
LOSS TYPE: STENOSIS
BRANCH ANGLE: 0.000000
UPSTREAM SEGMENT: 515
BRANCH SEGMENT: 0
BOUNDARY CONDITIONS TYPE: NOBOUND
INLET DATA TABLE: NONE
--- 
SEGMENT N.: 517
NAME: branch0_seg517
ID: 517
LENGTH: 0.010135
NUM ELEMENTS: 5
IN NODE: 517
OUT NODE: 518
IN AREA: 0.037227
OUT AREA: 0.048684
IN FLOW: 0.000000
MAT DATATABLE NAME: MAT1
LOSS TYPE: STENOSIS
BRANCH ANGLE: 0.000000
UPSTREAM SEGMENT: 516
BRANCH SEGMENT: 0
BOUNDARY CONDITIONS TYPE: NOBOUND
INLET DATA TABLE: NONE
--- 
SEGMENT N.: 518
NAME: branch0_seg518
ID: 518
LENGTH: 0.010135
NUM ELEMENTS: 5
IN NODE: 518
OUT NODE: 519
IN AREA: 0.048684
OUT AREA: 0.040849
IN FLOW: 0.000000
MAT DATATABLE NAME: MAT1
LOSS TYPE: STENOSIS
BRANCH ANGLE: 0.000000
UPSTREAM SEGMENT: 517
BRANCH SEGMENT: 0
BOUNDARY CONDITIONS TYPE: NOBOUND
INLET DATA TABLE: NONE
--- 
SEGMENT N.: 519
NAME: branch0_seg519
ID: 519
LENGTH: 0.010135
NUM ELEMENTS: 5
IN NODE: 519
OUT NODE: 520
IN AREA: 0.048679
OUT AREA: 0.048694
IN FLOW: 0.000000
MAT DATATABLE NAME: MAT1
LOSS TYPE: STENOSIS
BRANCH ANGLE: 0.000000
UPSTREAM SEGMENT: 518
BRANCH SEGMENT: 0
BOUNDARY CONDITIONS TYPE: NOBOUND
INLET DATA TABLE: NONE
--- 
SEGMENT N.: 520
NAME: branch0_seg520
ID: 520
LENGTH: 0.010135
NUM ELEMENTS: 5
IN NODE: 520
OUT NODE: 521
IN AREA: 0.048694
OUT AREA: 0.022982
IN FLOW: 0.000000
MAT DATATABLE NAME: MAT1
LOSS TYPE: STENOSIS
BRANCH ANGLE: 0.000000
UPSTREAM SEGMENT: 519
BRANCH SEGMENT: 0
BOUNDARY CONDITIONS TYPE: NOBOUND
INLET DATA TABLE: NONE
--- 
SEGMENT N.: 521
NAME: branch0_seg521
ID: 521
LENGTH: 0.010135
NUM ELEMENTS: 5
IN NODE: 521
OUT NODE: 522
IN AREA: 0.048713
OUT AREA: 0.048716
IN FLOW: 0.000000
MAT DATATABLE NAME: MAT1
LOSS TYPE: STENOSIS
BRANCH ANGLE: 0.000000
UPSTREAM SEGMENT: 520
BRANCH SEGMENT: 0
BOUNDARY CONDITIONS TYPE: NOBOUND
INLET DATA TABLE: NONE
--- 
SEGMENT N.: 522
NAME: branch0_seg522
ID: 522
LENGTH: 0.010135
NUM ELEMENTS: 5
IN NODE: 522
OUT NODE: 523
IN AREA: 0.048714
OUT AREA: 0.021141
IN FLOW: 0.000000
MAT DATATABLE NAME: MAT1
LOSS TYPE: STENOSIS
BRANCH ANGLE: 0.000000
UPSTREAM SEGMENT: 521
BRANCH SEGMENT: 0
BOUNDARY CONDITIONS TYPE: NOBOUND
INLET DATA TABLE: NONE
--- 
SEGMENT N.: 523
NAME: branch0_seg523
ID: 523
LENGTH: 0.010135
NUM ELEMENTS: 5
IN NODE: 523
OUT NODE: 524
IN AREA: 0.033901
OUT AREA: 0.048693
IN FLOW: 0.000000
MAT DATATABLE NAME: MAT1
LOSS TYPE: STENOSIS
BRANCH ANGLE: 0.000000
UPSTREAM SEGMENT: 522
BRANCH SEGMENT: 0
BOUNDARY CONDITIONS TYPE: NOBOUND
INLET DATA TABLE: NONE
--- 
SEGMENT N.: 524
NAME: branch0_seg524
ID: 524
LENGTH: 0.010135
NUM ELEMENTS: 5
IN NODE: 524
OUT NODE: 525
IN AREA: 0.048692
OUT AREA: 0.048688
IN FLOW: 0.000000
MAT DATATABLE NAME: MAT1
LOSS TYPE: STENOSIS
BRANCH ANGLE: 0.000000
UPSTREAM SEGMENT: 523
BRANCH SEGMENT: 0
BOUNDARY CONDITIONS TYPE: NOBOUND
INLET DATA TABLE: NONE
--- 
SEGMENT N.: 525
NAME: branch0_seg525
ID: 525
LENGTH: 0.010135
NUM ELEMENTS: 5
IN NODE: 525
OUT NODE: 526
IN AREA: 0.048691
OUT AREA: 0.048691
IN FLOW: 0.000000
MAT DATATABLE NAME: MAT1
LOSS TYPE: STENOSIS
BRANCH ANGLE: 0.000000
UPSTREAM SEGMENT: 524
BRANCH SEGMENT: 0
BOUNDARY CONDITIONS TYPE: NOBOUND
INLET DATA TABLE: NONE
--- 
SEGMENT N.: 526
NAME: branch0_seg526
ID: 526
LENGTH: 0.010135
NUM ELEMENTS: 5
IN NODE: 526
OUT NODE: 527
IN AREA: 0.048695
OUT AREA: 0.048701
IN FLOW: 0.000000
MAT DATATABLE NAME: MAT1
LOSS TYPE: STENOSIS
BRANCH ANGLE: 0.000000
UPSTREAM SEGMENT: 525
BRANCH SEGMENT: 0
BOUNDARY CONDITIONS TYPE: NOBOUND
INLET DATA TABLE: NONE
--- 
SEGMENT N.: 527
NAME: branch0_seg527
ID: 527
LENGTH: 0.010135
NUM ELEMENTS: 5
IN NODE: 527
OUT NODE: 528
IN AREA: 0.046320
OUT AREA: 0.048704
IN FLOW: 0.000000
MAT DATATABLE NAME: MAT1
LOSS TYPE: STENOSIS
BRANCH ANGLE: 0.000000
UPSTREAM SEGMENT: 526
BRANCH SEGMENT: 0
BOUNDARY CONDITIONS TYPE: NOBOUND
INLET DATA TABLE: NONE
--- 
SEGMENT N.: 528
NAME: branch0_seg528
ID: 528
LENGTH: 0.010135
NUM ELEMENTS: 5
IN NODE: 528
OUT NODE: 529
IN AREA: 0.043464
OUT AREA: 0.048715
IN FLOW: 0.000000
MAT DATATABLE NAME: MAT1
LOSS TYPE: STENOSIS
BRANCH ANGLE: 0.000000
UPSTREAM SEGMENT: 527
BRANCH SEGMENT: 0
BOUNDARY CONDITIONS TYPE: NOBOUND
INLET DATA TABLE: NONE
--- 
SEGMENT N.: 529
NAME: branch0_seg529
ID: 529
LENGTH: 0.010135
NUM ELEMENTS: 5
IN NODE: 529
OUT NODE: 530
IN AREA: 0.048716
OUT AREA: 0.048711
IN FLOW: 0.000000
MAT DATATABLE NAME: MAT1
LOSS TYPE: STENOSIS
BRANCH ANGLE: 0.000000
UPSTREAM SEGMENT: 528
BRANCH SEGMENT: 0
BOUNDARY CONDITIONS TYPE: NOBOUND
INLET DATA TABLE: NONE
--- 
SEGMENT N.: 530
NAME: branch0_seg530
ID: 530
LENGTH: 0.010135
NUM ELEMENTS: 5
IN NODE: 530
OUT NODE: 531
IN AREA: 0.048711
OUT AREA: 0.048702
IN FLOW: 0.000000
MAT DATATABLE NAME: MAT1
LOSS TYPE: STENOSIS
BRANCH ANGLE: 0.000000
UPSTREAM SEGMENT: 529
BRANCH SEGMENT: 0
BOUNDARY CONDITIONS TYPE: NOBOUND
INLET DATA TABLE: NONE
--- 
SEGMENT N.: 531
NAME: branch0_seg531
ID: 531
LENGTH: 0.010135
NUM ELEMENTS: 5
IN NODE: 531
OUT NODE: 532
IN AREA: 0.048704
OUT AREA: 0.048717
IN FLOW: 0.000000
MAT DATATABLE NAME: MAT1
LOSS TYPE: STENOSIS
BRANCH ANGLE: 0.000000
UPSTREAM SEGMENT: 530
BRANCH SEGMENT: 0
BOUNDARY CONDITIONS TYPE: NOBOUND
INLET DATA TABLE: NONE
--- 
SEGMENT N.: 532
NAME: branch0_seg532
ID: 532
LENGTH: 0.010135
NUM ELEMENTS: 5
IN NODE: 532
OUT NODE: 533
IN AREA: 0.048718
OUT AREA: 0.048709
IN FLOW: 0.000000
MAT DATATABLE NAME: MAT1
LOSS TYPE: STENOSIS
BRANCH ANGLE: 0.000000
UPSTREAM SEGMENT: 531
BRANCH SEGMENT: 0
BOUNDARY CONDITIONS TYPE: NOBOUND
INLET DATA TABLE: NONE
--- 
SEGMENT N.: 533
NAME: branch0_seg533
ID: 533
LENGTH: 0.010135
NUM ELEMENTS: 5
IN NODE: 533
OUT NODE: 534
IN AREA: 0.048707
OUT AREA: 0.048689
IN FLOW: 0.000000
MAT DATATABLE NAME: MAT1
LOSS TYPE: STENOSIS
BRANCH ANGLE: 0.000000
UPSTREAM SEGMENT: 532
BRANCH SEGMENT: 0
BOUNDARY CONDITIONS TYPE: NOBOUND
INLET DATA TABLE: NONE
--- 
SEGMENT N.: 534
NAME: branch0_seg534
ID: 534
LENGTH: 0.010135
NUM ELEMENTS: 5
IN NODE: 534
OUT NODE: 535
IN AREA: 0.048682
OUT AREA: 0.048667
IN FLOW: 0.000000
MAT DATATABLE NAME: MAT1
LOSS TYPE: STENOSIS
BRANCH ANGLE: 0.000000
UPSTREAM SEGMENT: 533
BRANCH SEGMENT: 0
BOUNDARY CONDITIONS TYPE: NOBOUND
INLET DATA TABLE: NONE
--- 
SEGMENT N.: 535
NAME: branch0_seg535
ID: 535
LENGTH: 0.010135
NUM ELEMENTS: 5
IN NODE: 535
OUT NODE: 536
IN AREA: 0.023260
OUT AREA: 0.048645
IN FLOW: 0.000000
MAT DATATABLE NAME: MAT1
LOSS TYPE: STENOSIS
BRANCH ANGLE: 0.000000
UPSTREAM SEGMENT: 534
BRANCH SEGMENT: 0
BOUNDARY CONDITIONS TYPE: NOBOUND
INLET DATA TABLE: NONE
--- 
SEGMENT N.: 536
NAME: branch0_seg536
ID: 536
LENGTH: 0.010135
NUM ELEMENTS: 5
IN NODE: 536
OUT NODE: 537
IN AREA: 0.022130
OUT AREA: 0.048648
IN FLOW: 0.000000
MAT DATATABLE NAME: MAT1
LOSS TYPE: STENOSIS
BRANCH ANGLE: 0.000000
UPSTREAM SEGMENT: 535
BRANCH SEGMENT: 0
BOUNDARY CONDITIONS TYPE: NOBOUND
INLET DATA TABLE: NONE
--- 
SEGMENT N.: 537
NAME: branch0_seg537
ID: 537
LENGTH: 0.010135
NUM ELEMENTS: 5
IN NODE: 537
OUT NODE: 538
IN AREA: 0.048649
OUT AREA: 0.048649
IN FLOW: 0.000000
MAT DATATABLE NAME: MAT1
LOSS TYPE: STENOSIS
BRANCH ANGLE: 0.000000
UPSTREAM SEGMENT: 536
BRANCH SEGMENT: 0
BOUNDARY CONDITIONS TYPE: NOBOUND
INLET DATA TABLE: NONE
--- 
SEGMENT N.: 538
NAME: branch0_seg538
ID: 538
LENGTH: 0.010135
NUM ELEMENTS: 5
IN NODE: 538
OUT NODE: 539
IN AREA: 0.048653
OUT AREA: 0.048663
IN FLOW: 0.000000
MAT DATATABLE NAME: MAT1
LOSS TYPE: STENOSIS
BRANCH ANGLE: 0.000000
UPSTREAM SEGMENT: 537
BRANCH SEGMENT: 0
BOUNDARY CONDITIONS TYPE: NOBOUND
INLET DATA TABLE: NONE
--- 
SEGMENT N.: 539
NAME: branch0_seg539
ID: 539
LENGTH: 0.010135
NUM ELEMENTS: 5
IN NODE: 539
OUT NODE: 540
IN AREA: 0.048663
OUT AREA: 0.048668
IN FLOW: 0.000000
MAT DATATABLE NAME: MAT1
LOSS TYPE: STENOSIS
BRANCH ANGLE: 0.000000
UPSTREAM SEGMENT: 538
BRANCH SEGMENT: 0
BOUNDARY CONDITIONS TYPE: NOBOUND
INLET DATA TABLE: NONE
--- 
SEGMENT N.: 540
NAME: branch0_seg540
ID: 540
LENGTH: 0.010135
NUM ELEMENTS: 5
IN NODE: 540
OUT NODE: 541
IN AREA: 0.048671
OUT AREA: 0.048665
IN FLOW: 0.000000
MAT DATATABLE NAME: MAT1
LOSS TYPE: STENOSIS
BRANCH ANGLE: 0.000000
UPSTREAM SEGMENT: 539
BRANCH SEGMENT: 0
BOUNDARY CONDITIONS TYPE: NOBOUND
INLET DATA TABLE: NONE
--- 
SEGMENT N.: 541
NAME: branch0_seg541
ID: 541
LENGTH: 0.010135
NUM ELEMENTS: 5
IN NODE: 541
OUT NODE: 542
IN AREA: 0.048666
OUT AREA: 0.048672
IN FLOW: 0.000000
MAT DATATABLE NAME: MAT1
LOSS TYPE: STENOSIS
BRANCH ANGLE: 0.000000
UPSTREAM SEGMENT: 540
BRANCH SEGMENT: 0
BOUNDARY CONDITIONS TYPE: NOBOUND
INLET DATA TABLE: NONE
--- 
SEGMENT N.: 542
NAME: branch0_seg542
ID: 542
LENGTH: 0.010135
NUM ELEMENTS: 5
IN NODE: 542
OUT NODE: 543
IN AREA: 0.048673
OUT AREA: 0.048682
IN FLOW: 0.000000
MAT DATATABLE NAME: MAT1
LOSS TYPE: STENOSIS
BRANCH ANGLE: 0.000000
UPSTREAM SEGMENT: 541
BRANCH SEGMENT: 0
BOUNDARY CONDITIONS TYPE: NOBOUND
INLET DATA TABLE: NONE
--- 
SEGMENT N.: 543
NAME: branch0_seg543
ID: 543
LENGTH: 0.010135
NUM ELEMENTS: 5
IN NODE: 543
OUT NODE: 544
IN AREA: 0.048685
OUT AREA: 0.048700
IN FLOW: 0.000000
MAT DATATABLE NAME: MAT1
LOSS TYPE: STENOSIS
BRANCH ANGLE: 0.000000
UPSTREAM SEGMENT: 542
BRANCH SEGMENT: 0
BOUNDARY CONDITIONS TYPE: NOBOUND
INLET DATA TABLE: NONE
--- 
SEGMENT N.: 544
NAME: branch0_seg544
ID: 544
LENGTH: 0.010135
NUM ELEMENTS: 5
IN NODE: 544
OUT NODE: 545
IN AREA: 0.048699
OUT AREA: 0.048703
IN FLOW: 0.000000
MAT DATATABLE NAME: MAT1
LOSS TYPE: STENOSIS
BRANCH ANGLE: 0.000000
UPSTREAM SEGMENT: 543
BRANCH SEGMENT: 0
BOUNDARY CONDITIONS TYPE: NOBOUND
INLET DATA TABLE: NONE
--- 
SEGMENT N.: 545
NAME: branch0_seg545
ID: 545
LENGTH: 0.010135
NUM ELEMENTS: 5
IN NODE: 545
OUT NODE: 546
IN AREA: 0.045819
OUT AREA: 0.048717
IN FLOW: 0.000000
MAT DATATABLE NAME: MAT1
LOSS TYPE: STENOSIS
BRANCH ANGLE: 0.000000
UPSTREAM SEGMENT: 544
BRANCH SEGMENT: 0
BOUNDARY CONDITIONS TYPE: NOBOUND
INLET DATA TABLE: NONE
--- 
SEGMENT N.: 546
NAME: branch0_seg546
ID: 546
LENGTH: 0.010135
NUM ELEMENTS: 5
IN NODE: 546
OUT NODE: 547
IN AREA: 0.048720
OUT AREA: 0.029202
IN FLOW: 0.000000
MAT DATATABLE NAME: MAT1
LOSS TYPE: STENOSIS
BRANCH ANGLE: 0.000000
UPSTREAM SEGMENT: 545
BRANCH SEGMENT: 0
BOUNDARY CONDITIONS TYPE: NOBOUND
INLET DATA TABLE: NONE
--- 
SEGMENT N.: 547
NAME: branch0_seg547
ID: 547
LENGTH: 0.010135
NUM ELEMENTS: 5
IN NODE: 547
OUT NODE: 548
IN AREA: 0.048715
OUT AREA: 0.048704
IN FLOW: 0.000000
MAT DATATABLE NAME: MAT1
LOSS TYPE: STENOSIS
BRANCH ANGLE: 0.000000
UPSTREAM SEGMENT: 546
BRANCH SEGMENT: 0
BOUNDARY CONDITIONS TYPE: NOBOUND
INLET DATA TABLE: NONE
--- 
SEGMENT N.: 548
NAME: branch0_seg548
ID: 548
LENGTH: 0.010135
NUM ELEMENTS: 5
IN NODE: 548
OUT NODE: 549
IN AREA: 0.048698
OUT AREA: 0.048674
IN FLOW: 0.000000
MAT DATATABLE NAME: MAT1
LOSS TYPE: STENOSIS
BRANCH ANGLE: 0.000000
UPSTREAM SEGMENT: 547
BRANCH SEGMENT: 0
BOUNDARY CONDITIONS TYPE: NOBOUND
INLET DATA TABLE: NONE
--- 
SEGMENT N.: 549
NAME: branch0_seg549
ID: 549
LENGTH: 0.010135
NUM ELEMENTS: 5
IN NODE: 549
OUT NODE: 550
IN AREA: 0.048670
OUT AREA: 0.048589
IN FLOW: 0.000000
MAT DATATABLE NAME: MAT1
LOSS TYPE: STENOSIS
BRANCH ANGLE: 0.000000
UPSTREAM SEGMENT: 548
BRANCH SEGMENT: 0
BOUNDARY CONDITIONS TYPE: NOBOUND
INLET DATA TABLE: NONE
--- 
SEGMENT N.: 550
NAME: branch0_seg550
ID: 550
LENGTH: 0.010135
NUM ELEMENTS: 5
IN NODE: 550
OUT NODE: 551
IN AREA: 0.048558
OUT AREA: 0.048489
IN FLOW: 0.000000
MAT DATATABLE NAME: MAT1
LOSS TYPE: STENOSIS
BRANCH ANGLE: 0.000000
UPSTREAM SEGMENT: 549
BRANCH SEGMENT: 0
BOUNDARY CONDITIONS TYPE: NOBOUND
INLET DATA TABLE: NONE
--- 
SEGMENT N.: 551
NAME: branch0_seg551
ID: 551
LENGTH: 0.010135
NUM ELEMENTS: 5
IN NODE: 551
OUT NODE: 552
IN AREA: 0.048439
OUT AREA: 0.048312
IN FLOW: 0.000000
MAT DATATABLE NAME: MAT1
LOSS TYPE: STENOSIS
BRANCH ANGLE: 0.000000
UPSTREAM SEGMENT: 550
BRANCH SEGMENT: 0
BOUNDARY CONDITIONS TYPE: NOBOUND
INLET DATA TABLE: NONE
--- 
SEGMENT N.: 552
NAME: branch0_seg552
ID: 552
LENGTH: 0.010135
NUM ELEMENTS: 5
IN NODE: 552
OUT NODE: 553
IN AREA: 0.048281
OUT AREA: 0.048219
IN FLOW: 0.000000
MAT DATATABLE NAME: MAT1
LOSS TYPE: STENOSIS
BRANCH ANGLE: 0.000000
UPSTREAM SEGMENT: 551
BRANCH SEGMENT: 0
BOUNDARY CONDITIONS TYPE: NOBOUND
INLET DATA TABLE: NONE
--- 
SEGMENT N.: 553
NAME: branch0_seg553
ID: 553
LENGTH: 0.010135
NUM ELEMENTS: 5
IN NODE: 553
OUT NODE: 554
IN AREA: 0.048228
OUT AREA: 0.048265
IN FLOW: 0.000000
MAT DATATABLE NAME: MAT1
LOSS TYPE: STENOSIS
BRANCH ANGLE: 0.000000
UPSTREAM SEGMENT: 552
BRANCH SEGMENT: 0
BOUNDARY CONDITIONS TYPE: NOBOUND
INLET DATA TABLE: NONE
--- 
SEGMENT N.: 554
NAME: branch0_seg554
ID: 554
LENGTH: 0.010135
NUM ELEMENTS: 5
IN NODE: 554
OUT NODE: 555
IN AREA: 0.048414
OUT AREA: 0.048817
IN FLOW: 0.000000
MAT DATATABLE NAME: MAT1
LOSS TYPE: STENOSIS
BRANCH ANGLE: 0.000000
UPSTREAM SEGMENT: 553
BRANCH SEGMENT: 0
BOUNDARY CONDITIONS TYPE: NOBOUND
INLET DATA TABLE: NONE
--- 
SEGMENT N.: 555
NAME: branch0_seg555
ID: 555
LENGTH: 0.010135
NUM ELEMENTS: 5
IN NODE: 555
OUT NODE: 556
IN AREA: 0.049799
OUT AREA: 0.049799
IN FLOW: 0.000000
MAT DATATABLE NAME: MAT1
LOSS TYPE: STENOSIS
BRANCH ANGLE: 0.000000
UPSTREAM SEGMENT: 554
BRANCH SEGMENT: 0
BOUNDARY CONDITIONS TYPE: NOBOUND
INLET DATA TABLE: NONE
--- 
SEGMENT N.: 556
NAME: branch0_seg556
ID: 556
LENGTH: 0.010135
NUM ELEMENTS: 5
IN NODE: 556
OUT NODE: 557
IN AREA: 0.051919
OUT AREA: 0.051919
IN FLOW: 0.000000
MAT DATATABLE NAME: MAT1
LOSS TYPE: STENOSIS
BRANCH ANGLE: 0.000000
UPSTREAM SEGMENT: 555
BRANCH SEGMENT: 0
BOUNDARY CONDITIONS TYPE: NOBOUND
INLET DATA TABLE: NONE
--- 
SEGMENT N.: 557
NAME: branch0_seg557
ID: 557
LENGTH: 0.010135
NUM ELEMENTS: 5
IN NODE: 557
OUT NODE: 558
IN AREA: 0.057765
OUT AREA: 0.057765
IN FLOW: 0.000000
MAT DATATABLE NAME: MAT1
LOSS TYPE: STENOSIS
BRANCH ANGLE: 0.000000
UPSTREAM SEGMENT: 556
BRANCH SEGMENT: 0
BOUNDARY CONDITIONS TYPE: NOBOUND
INLET DATA TABLE: NONE
--- 
SEGMENT N.: 558
NAME: branch0_seg558
ID: 558
LENGTH: 0.010135
NUM ELEMENTS: 5
IN NODE: 558
OUT NODE: 559
IN AREA: 0.057765
OUT AREA: 0.057765
IN FLOW: 0.000000
MAT DATATABLE NAME: MAT1
LOSS TYPE: STENOSIS
BRANCH ANGLE: 0.000000
UPSTREAM SEGMENT: 557
BRANCH SEGMENT: 0
BOUNDARY CONDITIONS TYPE: NOBOUND
INLET DATA TABLE: NONE
--- 
SEGMENT N.: 559
NAME: branch0_seg559
ID: 559
LENGTH: 0.010135
NUM ELEMENTS: 5
IN NODE: 559
OUT NODE: 560
IN AREA: 0.070843
OUT AREA: 0.070843
IN FLOW: 0.000000
MAT DATATABLE NAME: MAT1
LOSS TYPE: STENOSIS
BRANCH ANGLE: 0.000000
UPSTREAM SEGMENT: 558
BRANCH SEGMENT: 0
BOUNDARY CONDITIONS TYPE: NOBOUND
INLET DATA TABLE: NONE
--- 
SEGMENT N.: 560
NAME: branch0_seg560
ID: 560
LENGTH: 0.010135
NUM ELEMENTS: 5
IN NODE: 560
OUT NODE: 561
IN AREA: 0.070843
OUT AREA: 0.070843
IN FLOW: 0.000000
MAT DATATABLE NAME: MAT1
LOSS TYPE: STENOSIS
BRANCH ANGLE: 0.000000
UPSTREAM SEGMENT: 559
BRANCH SEGMENT: 0
BOUNDARY CONDITIONS TYPE: NOBOUND
INLET DATA TABLE: NONE
--- 
SEGMENT N.: 561
NAME: branch0_seg561
ID: 561
LENGTH: 0.010135
NUM ELEMENTS: 5
IN NODE: 561
OUT NODE: 562
IN AREA: 0.079880
OUT AREA: 0.079880
IN FLOW: 0.000000
MAT DATATABLE NAME: MAT1
LOSS TYPE: STENOSIS
BRANCH ANGLE: 0.000000
UPSTREAM SEGMENT: 560
BRANCH SEGMENT: 0
BOUNDARY CONDITIONS TYPE: NOBOUND
INLET DATA TABLE: NONE
--- 
SEGMENT N.: 562
NAME: branch0_seg562
ID: 562
LENGTH: 0.010135
NUM ELEMENTS: 5
IN NODE: 562
OUT NODE: 563
IN AREA: 0.079880
OUT AREA: 0.079880
IN FLOW: 0.000000
MAT DATATABLE NAME: MAT1
LOSS TYPE: STENOSIS
BRANCH ANGLE: 0.000000
UPSTREAM SEGMENT: 561
BRANCH SEGMENT: 0
BOUNDARY CONDITIONS TYPE: NOBOUND
INLET DATA TABLE: NONE
--- 
SEGMENT N.: 563
NAME: branch0_seg563
ID: 563
LENGTH: 0.010135
NUM ELEMENTS: 5
IN NODE: 563
OUT NODE: 564
IN AREA: 0.080507
OUT AREA: 0.080507
IN FLOW: 0.000000
MAT DATATABLE NAME: MAT1
LOSS TYPE: STENOSIS
BRANCH ANGLE: 0.000000
UPSTREAM SEGMENT: 562
BRANCH SEGMENT: 0
BOUNDARY CONDITIONS TYPE: NOBOUND
INLET DATA TABLE: NONE
--- 
SEGMENT N.: 564
NAME: branch0_seg564
ID: 564
LENGTH: 0.010135
NUM ELEMENTS: 5
IN NODE: 564
OUT NODE: 565
IN AREA: 0.080507
OUT AREA: 0.080507
IN FLOW: 0.000000
MAT DATATABLE NAME: MAT1
LOSS TYPE: STENOSIS
BRANCH ANGLE: 0.000000
UPSTREAM SEGMENT: 563
BRANCH SEGMENT: 0
BOUNDARY CONDITIONS TYPE: NOBOUND
INLET DATA TABLE: NONE
--- 
SEGMENT N.: 565
NAME: branch0_seg565
ID: 565
LENGTH: 0.010135
NUM ELEMENTS: 5
IN NODE: 565
OUT NODE: 566
IN AREA: 0.080362
OUT AREA: 0.080362
IN FLOW: 0.000000
MAT DATATABLE NAME: MAT1
LOSS TYPE: STENOSIS
BRANCH ANGLE: 0.000000
UPSTREAM SEGMENT: 564
BRANCH SEGMENT: 0
BOUNDARY CONDITIONS TYPE: NOBOUND
INLET DATA TABLE: NONE
--- 
SEGMENT N.: 566
NAME: branch0_seg566
ID: 566
LENGTH: 0.010135
NUM ELEMENTS: 5
IN NODE: 566
OUT NODE: 567
IN AREA: 0.080595
OUT AREA: 0.080531
IN FLOW: 0.000000
MAT DATATABLE NAME: MAT1
LOSS TYPE: STENOSIS
BRANCH ANGLE: 0.000000
UPSTREAM SEGMENT: 565
BRANCH SEGMENT: 0
BOUNDARY CONDITIONS TYPE: NOBOUND
INLET DATA TABLE: NONE
--- 
SEGMENT N.: 567
NAME: branch0_seg567
ID: 567
LENGTH: 0.010135
NUM ELEMENTS: 5
IN NODE: 567
OUT NODE: 568
IN AREA: 0.080323
OUT AREA: 0.079938
IN FLOW: 0.000000
MAT DATATABLE NAME: MAT1
LOSS TYPE: STENOSIS
BRANCH ANGLE: 0.000000
UPSTREAM SEGMENT: 566
BRANCH SEGMENT: 0
BOUNDARY CONDITIONS TYPE: NOBOUND
INLET DATA TABLE: NONE
--- 
SEGMENT N.: 568
NAME: branch0_seg568
ID: 568
LENGTH: 0.010135
NUM ELEMENTS: 5
IN NODE: 568
OUT NODE: 569
IN AREA: 0.079933
OUT AREA: 0.079914
IN FLOW: 0.000000
MAT DATATABLE NAME: MAT1
LOSS TYPE: STENOSIS
BRANCH ANGLE: 0.000000
UPSTREAM SEGMENT: 567
BRANCH SEGMENT: 0
BOUNDARY CONDITIONS TYPE: NOBOUND
INLET DATA TABLE: NONE
--- 
SEGMENT N.: 569
NAME: branch0_seg569
ID: 569
LENGTH: 0.010135
NUM ELEMENTS: 5
IN NODE: 569
OUT NODE: 570
IN AREA: 0.039016
OUT AREA: 0.079906
IN FLOW: 0.000000
MAT DATATABLE NAME: MAT1
LOSS TYPE: STENOSIS
BRANCH ANGLE: 0.000000
UPSTREAM SEGMENT: 568
BRANCH SEGMENT: 0
BOUNDARY CONDITIONS TYPE: NOBOUND
INLET DATA TABLE: NONE
--- 
SEGMENT N.: 570
NAME: branch0_seg570
ID: 570
LENGTH: 0.010135
NUM ELEMENTS: 5
IN NODE: 570
OUT NODE: 571
IN AREA: 0.079900
OUT AREA: 0.079904
IN FLOW: 0.000000
MAT DATATABLE NAME: MAT1
LOSS TYPE: STENOSIS
BRANCH ANGLE: 0.000000
UPSTREAM SEGMENT: 569
BRANCH SEGMENT: 0
BOUNDARY CONDITIONS TYPE: NOBOUND
INLET DATA TABLE: NONE
--- 
SEGMENT N.: 571
NAME: branch0_seg571
ID: 571
LENGTH: 0.010135
NUM ELEMENTS: 5
IN NODE: 571
OUT NODE: 572
IN AREA: 0.079904
OUT AREA: 0.079911
IN FLOW: 0.000000
MAT DATATABLE NAME: MAT1
LOSS TYPE: STENOSIS
BRANCH ANGLE: 0.000000
UPSTREAM SEGMENT: 570
BRANCH SEGMENT: 0
BOUNDARY CONDITIONS TYPE: NOBOUND
INLET DATA TABLE: NONE
--- 
SEGMENT N.: 572
NAME: branch0_seg572
ID: 572
LENGTH: 0.010135
NUM ELEMENTS: 5
IN NODE: 572
OUT NODE: 573
IN AREA: 0.079916
OUT AREA: 0.079932
IN FLOW: 0.000000
MAT DATATABLE NAME: MAT1
LOSS TYPE: STENOSIS
BRANCH ANGLE: 0.000000
UPSTREAM SEGMENT: 571
BRANCH SEGMENT: 0
BOUNDARY CONDITIONS TYPE: NOBOUND
INLET DATA TABLE: NONE
--- 
SEGMENT N.: 573
NAME: branch0_seg573
ID: 573
LENGTH: 0.010135
NUM ELEMENTS: 5
IN NODE: 573
OUT NODE: 574
IN AREA: 0.079932
OUT AREA: 0.079940
IN FLOW: 0.000000
MAT DATATABLE NAME: MAT1
LOSS TYPE: STENOSIS
BRANCH ANGLE: 0.000000
UPSTREAM SEGMENT: 572
BRANCH SEGMENT: 0
BOUNDARY CONDITIONS TYPE: NOBOUND
INLET DATA TABLE: NONE
--- 
SEGMENT N.: 574
NAME: branch0_seg574
ID: 574
LENGTH: 0.010135
NUM ELEMENTS: 5
IN NODE: 574
OUT NODE: 575
IN AREA: 0.079940
OUT AREA: 0.079938
IN FLOW: 0.000000
MAT DATATABLE NAME: MAT1
LOSS TYPE: STENOSIS
BRANCH ANGLE: 0.000000
UPSTREAM SEGMENT: 573
BRANCH SEGMENT: 0
BOUNDARY CONDITIONS TYPE: NOBOUND
INLET DATA TABLE: NONE
--- 
SEGMENT N.: 575
NAME: branch0_seg575
ID: 575
LENGTH: 0.010135
NUM ELEMENTS: 5
IN NODE: 575
OUT NODE: 576
IN AREA: 0.079936
OUT AREA: 0.079925
IN FLOW: 0.000000
MAT DATATABLE NAME: MAT1
LOSS TYPE: STENOSIS
BRANCH ANGLE: 0.000000
UPSTREAM SEGMENT: 574
BRANCH SEGMENT: 0
BOUNDARY CONDITIONS TYPE: NOBOUND
INLET DATA TABLE: NONE
--- 
SEGMENT N.: 576
NAME: branch0_seg576
ID: 576
LENGTH: 0.010135
NUM ELEMENTS: 5
IN NODE: 576
OUT NODE: 577
IN AREA: 0.079924
OUT AREA: 0.079922
IN FLOW: 0.000000
MAT DATATABLE NAME: MAT1
LOSS TYPE: STENOSIS
BRANCH ANGLE: 0.000000
UPSTREAM SEGMENT: 575
BRANCH SEGMENT: 0
BOUNDARY CONDITIONS TYPE: NOBOUND
INLET DATA TABLE: NONE
--- 
SEGMENT N.: 577
NAME: branch0_seg577
ID: 577
LENGTH: 0.010135
NUM ELEMENTS: 5
IN NODE: 577
OUT NODE: 578
IN AREA: 0.079918
OUT AREA: 0.079911
IN FLOW: 0.000000
MAT DATATABLE NAME: MAT1
LOSS TYPE: STENOSIS
BRANCH ANGLE: 0.000000
UPSTREAM SEGMENT: 576
BRANCH SEGMENT: 0
BOUNDARY CONDITIONS TYPE: NOBOUND
INLET DATA TABLE: NONE
--- 
SEGMENT N.: 578
NAME: branch0_seg578
ID: 578
LENGTH: 0.010135
NUM ELEMENTS: 5
IN NODE: 578
OUT NODE: 579
IN AREA: 0.079913
OUT AREA: 0.079915
IN FLOW: 0.000000
MAT DATATABLE NAME: MAT1
LOSS TYPE: STENOSIS
BRANCH ANGLE: 0.000000
UPSTREAM SEGMENT: 577
BRANCH SEGMENT: 0
BOUNDARY CONDITIONS TYPE: NOBOUND
INLET DATA TABLE: NONE
--- 
SEGMENT N.: 579
NAME: branch0_seg579
ID: 579
LENGTH: 0.010135
NUM ELEMENTS: 5
IN NODE: 579
OUT NODE: 580
IN AREA: 0.079907
OUT AREA: 0.079906
IN FLOW: 0.000000
MAT DATATABLE NAME: MAT1
LOSS TYPE: STENOSIS
BRANCH ANGLE: 0.000000
UPSTREAM SEGMENT: 578
BRANCH SEGMENT: 0
BOUNDARY CONDITIONS TYPE: NOBOUND
INLET DATA TABLE: NONE
--- 
SEGMENT N.: 580
NAME: branch0_seg580
ID: 580
LENGTH: 0.010135
NUM ELEMENTS: 5
IN NODE: 580
OUT NODE: 581
IN AREA: 0.079907
OUT AREA: 0.079910
IN FLOW: 0.000000
MAT DATATABLE NAME: MAT1
LOSS TYPE: STENOSIS
BRANCH ANGLE: 0.000000
UPSTREAM SEGMENT: 579
BRANCH SEGMENT: 0
BOUNDARY CONDITIONS TYPE: NOBOUND
INLET DATA TABLE: NONE
--- 
SEGMENT N.: 581
NAME: branch0_seg581
ID: 581
LENGTH: 0.010135
NUM ELEMENTS: 5
IN NODE: 581
OUT NODE: 582
IN AREA: 0.079909
OUT AREA: 0.079910
IN FLOW: 0.000000
MAT DATATABLE NAME: MAT1
LOSS TYPE: STENOSIS
BRANCH ANGLE: 0.000000
UPSTREAM SEGMENT: 580
BRANCH SEGMENT: 0
BOUNDARY CONDITIONS TYPE: NOBOUND
INLET DATA TABLE: NONE
--- 
SEGMENT N.: 582
NAME: branch0_seg582
ID: 582
LENGTH: 0.010135
NUM ELEMENTS: 5
IN NODE: 582
OUT NODE: 583
IN AREA: 0.079910
OUT AREA: 0.079917
IN FLOW: 0.000000
MAT DATATABLE NAME: MAT1
LOSS TYPE: STENOSIS
BRANCH ANGLE: 0.000000
UPSTREAM SEGMENT: 581
BRANCH SEGMENT: 0
BOUNDARY CONDITIONS TYPE: NOBOUND
INLET DATA TABLE: NONE
--- 
SEGMENT N.: 583
NAME: branch0_seg583
ID: 583
LENGTH: 0.010135
NUM ELEMENTS: 5
IN NODE: 583
OUT NODE: 584
IN AREA: 0.079914
OUT AREA: 0.062753
IN FLOW: 0.000000
MAT DATATABLE NAME: MAT1
LOSS TYPE: STENOSIS
BRANCH ANGLE: 0.000000
UPSTREAM SEGMENT: 582
BRANCH SEGMENT: 0
BOUNDARY CONDITIONS TYPE: NOBOUND
INLET DATA TABLE: NONE
--- 
SEGMENT N.: 584
NAME: branch0_seg584
ID: 584
LENGTH: 0.010135
NUM ELEMENTS: 5
IN NODE: 584
OUT NODE: 585
IN AREA: 0.079923
OUT AREA: 0.079928
IN FLOW: 0.000000
MAT DATATABLE NAME: MAT1
LOSS TYPE: STENOSIS
BRANCH ANGLE: 0.000000
UPSTREAM SEGMENT: 583
BRANCH SEGMENT: 0
BOUNDARY CONDITIONS TYPE: NOBOUND
INLET DATA TABLE: NONE
--- 
SEGMENT N.: 585
NAME: branch0_seg585
ID: 585
LENGTH: 0.010135
NUM ELEMENTS: 5
IN NODE: 585
OUT NODE: 586
IN AREA: 0.079932
OUT AREA: 0.079934
IN FLOW: 0.000000
MAT DATATABLE NAME: MAT1
LOSS TYPE: STENOSIS
BRANCH ANGLE: 0.000000
UPSTREAM SEGMENT: 584
BRANCH SEGMENT: 0
BOUNDARY CONDITIONS TYPE: NOBOUND
INLET DATA TABLE: NONE
--- 
SEGMENT N.: 586
NAME: branch0_seg586
ID: 586
LENGTH: 0.010135
NUM ELEMENTS: 5
IN NODE: 586
OUT NODE: 587
IN AREA: 0.079927
OUT AREA: 0.079928
IN FLOW: 0.000000
MAT DATATABLE NAME: MAT1
LOSS TYPE: STENOSIS
BRANCH ANGLE: 0.000000
UPSTREAM SEGMENT: 585
BRANCH SEGMENT: 0
BOUNDARY CONDITIONS TYPE: NOBOUND
INLET DATA TABLE: NONE
--- 
SEGMENT N.: 587
NAME: branch0_seg587
ID: 587
LENGTH: 0.010135
NUM ELEMENTS: 5
IN NODE: 587
OUT NODE: 588
IN AREA: 0.079928
OUT AREA: 0.079925
IN FLOW: 0.000000
MAT DATATABLE NAME: MAT1
LOSS TYPE: STENOSIS
BRANCH ANGLE: 0.000000
UPSTREAM SEGMENT: 586
BRANCH SEGMENT: 0
BOUNDARY CONDITIONS TYPE: NOBOUND
INLET DATA TABLE: NONE
--- 
SEGMENT N.: 588
NAME: branch0_seg588
ID: 588
LENGTH: 0.010135
NUM ELEMENTS: 5
IN NODE: 588
OUT NODE: 589
IN AREA: 0.079923
OUT AREA: 0.079919
IN FLOW: 0.000000
MAT DATATABLE NAME: MAT1
LOSS TYPE: STENOSIS
BRANCH ANGLE: 0.000000
UPSTREAM SEGMENT: 587
BRANCH SEGMENT: 0
BOUNDARY CONDITIONS TYPE: NOBOUND
INLET DATA TABLE: NONE
--- 
SEGMENT N.: 589
NAME: branch0_seg589
ID: 589
LENGTH: 0.010135
NUM ELEMENTS: 5
IN NODE: 589
OUT NODE: 590
IN AREA: 0.079923
OUT AREA: 0.079930
IN FLOW: 0.000000
MAT DATATABLE NAME: MAT1
LOSS TYPE: STENOSIS
BRANCH ANGLE: 0.000000
UPSTREAM SEGMENT: 588
BRANCH SEGMENT: 0
BOUNDARY CONDITIONS TYPE: NOBOUND
INLET DATA TABLE: NONE
--- 
SEGMENT N.: 590
NAME: branch0_seg590
ID: 590
LENGTH: 0.010135
NUM ELEMENTS: 5
IN NODE: 590
OUT NODE: 591
IN AREA: 0.079933
OUT AREA: 0.079932
IN FLOW: 0.000000
MAT DATATABLE NAME: MAT1
LOSS TYPE: STENOSIS
BRANCH ANGLE: 0.000000
UPSTREAM SEGMENT: 589
BRANCH SEGMENT: 0
BOUNDARY CONDITIONS TYPE: NOBOUND
INLET DATA TABLE: NONE
--- 
SEGMENT N.: 591
NAME: branch0_seg591
ID: 591
LENGTH: 0.010135
NUM ELEMENTS: 5
IN NODE: 591
OUT NODE: 592
IN AREA: 0.079928
OUT AREA: 0.036207
IN FLOW: 0.000000
MAT DATATABLE NAME: MAT1
LOSS TYPE: STENOSIS
BRANCH ANGLE: 0.000000
UPSTREAM SEGMENT: 590
BRANCH SEGMENT: 0
BOUNDARY CONDITIONS TYPE: NOBOUND
INLET DATA TABLE: NONE
--- 
SEGMENT N.: 592
NAME: branch0_seg592
ID: 592
LENGTH: 0.010135
NUM ELEMENTS: 5
IN NODE: 592
OUT NODE: 593
IN AREA: 0.079921
OUT AREA: 0.079922
IN FLOW: 0.000000
MAT DATATABLE NAME: MAT1
LOSS TYPE: STENOSIS
BRANCH ANGLE: 0.000000
UPSTREAM SEGMENT: 591
BRANCH SEGMENT: 0
BOUNDARY CONDITIONS TYPE: NOBOUND
INLET DATA TABLE: NONE
--- 
SEGMENT N.: 593
NAME: branch0_seg593
ID: 593
LENGTH: 0.010135
NUM ELEMENTS: 5
IN NODE: 593
OUT NODE: 594
IN AREA: 0.079921
OUT AREA: 0.079912
IN FLOW: 0.000000
MAT DATATABLE NAME: MAT1
LOSS TYPE: STENOSIS
BRANCH ANGLE: 0.000000
UPSTREAM SEGMENT: 592
BRANCH SEGMENT: 0
BOUNDARY CONDITIONS TYPE: NOBOUND
INLET DATA TABLE: NONE
--- 
SEGMENT N.: 594
NAME: branch0_seg594
ID: 594
LENGTH: 0.010135
NUM ELEMENTS: 5
IN NODE: 594
OUT NODE: 595
IN AREA: 0.066330
OUT AREA: 0.079904
IN FLOW: 0.000000
MAT DATATABLE NAME: MAT1
LOSS TYPE: STENOSIS
BRANCH ANGLE: 0.000000
UPSTREAM SEGMENT: 593
BRANCH SEGMENT: 0
BOUNDARY CONDITIONS TYPE: NOBOUND
INLET DATA TABLE: NONE
--- 
SEGMENT N.: 595
NAME: branch0_seg595
ID: 595
LENGTH: 0.010135
NUM ELEMENTS: 5
IN NODE: 595
OUT NODE: 596
IN AREA: 0.079904
OUT AREA: 0.079902
IN FLOW: 0.000000
MAT DATATABLE NAME: MAT1
LOSS TYPE: STENOSIS
BRANCH ANGLE: 0.000000
UPSTREAM SEGMENT: 594
BRANCH SEGMENT: 0
BOUNDARY CONDITIONS TYPE: NOBOUND
INLET DATA TABLE: NONE
--- 
SEGMENT N.: 596
NAME: branch0_seg596
ID: 596
LENGTH: 0.010135
NUM ELEMENTS: 5
IN NODE: 596
OUT NODE: 597
IN AREA: 0.079900
OUT AREA: 0.079915
IN FLOW: 0.000000
MAT DATATABLE NAME: MAT1
LOSS TYPE: STENOSIS
BRANCH ANGLE: 0.000000
UPSTREAM SEGMENT: 595
BRANCH SEGMENT: 0
BOUNDARY CONDITIONS TYPE: NOBOUND
INLET DATA TABLE: NONE
--- 
SEGMENT N.: 597
NAME: branch0_seg597
ID: 597
LENGTH: 0.010135
NUM ELEMENTS: 5
IN NODE: 597
OUT NODE: 598
IN AREA: 0.079914
OUT AREA: 0.079920
IN FLOW: 0.000000
MAT DATATABLE NAME: MAT1
LOSS TYPE: STENOSIS
BRANCH ANGLE: 0.000000
UPSTREAM SEGMENT: 596
BRANCH SEGMENT: 0
BOUNDARY CONDITIONS TYPE: NOBOUND
INLET DATA TABLE: NONE
--- 
SEGMENT N.: 598
NAME: branch0_seg598
ID: 598
LENGTH: 0.010135
NUM ELEMENTS: 5
IN NODE: 598
OUT NODE: 599
IN AREA: 0.079923
OUT AREA: 0.079931
IN FLOW: 0.000000
MAT DATATABLE NAME: MAT1
LOSS TYPE: STENOSIS
BRANCH ANGLE: 0.000000
UPSTREAM SEGMENT: 597
BRANCH SEGMENT: 0
BOUNDARY CONDITIONS TYPE: NOBOUND
INLET DATA TABLE: NONE
--- 
SEGMENT N.: 599
NAME: branch0_seg599
ID: 599
LENGTH: 0.010135
NUM ELEMENTS: 5
IN NODE: 599
OUT NODE: 600
IN AREA: 0.079931
OUT AREA: 0.079934
IN FLOW: 0.000000
MAT DATATABLE NAME: MAT1
LOSS TYPE: STENOSIS
BRANCH ANGLE: 0.000000
UPSTREAM SEGMENT: 598
BRANCH SEGMENT: 0
BOUNDARY CONDITIONS TYPE: NOBOUND
INLET DATA TABLE: NONE
--- 
SEGMENT N.: 600
NAME: branch0_seg600
ID: 600
LENGTH: 0.010135
NUM ELEMENTS: 5
IN NODE: 600
OUT NODE: 601
IN AREA: 0.057367
OUT AREA: 0.079935
IN FLOW: 0.000000
MAT DATATABLE NAME: MAT1
LOSS TYPE: STENOSIS
BRANCH ANGLE: 0.000000
UPSTREAM SEGMENT: 599
BRANCH SEGMENT: 0
BOUNDARY CONDITIONS TYPE: NOBOUND
INLET DATA TABLE: NONE
--- 
SEGMENT N.: 601
NAME: branch0_seg601
ID: 601
LENGTH: 0.010135
NUM ELEMENTS: 5
IN NODE: 601
OUT NODE: 602
IN AREA: 0.079933
OUT AREA: 0.079911
IN FLOW: 0.000000
MAT DATATABLE NAME: MAT1
LOSS TYPE: STENOSIS
BRANCH ANGLE: 0.000000
UPSTREAM SEGMENT: 600
BRANCH SEGMENT: 0
BOUNDARY CONDITIONS TYPE: NOBOUND
INLET DATA TABLE: NONE
--- 
SEGMENT N.: 602
NAME: branch0_seg602
ID: 602
LENGTH: 0.010135
NUM ELEMENTS: 5
IN NODE: 602
OUT NODE: 603
IN AREA: 0.052425
OUT AREA: 0.079889
IN FLOW: 0.000000
MAT DATATABLE NAME: MAT1
LOSS TYPE: STENOSIS
BRANCH ANGLE: 0.000000
UPSTREAM SEGMENT: 601
BRANCH SEGMENT: 0
BOUNDARY CONDITIONS TYPE: NOBOUND
INLET DATA TABLE: NONE
--- 
SEGMENT N.: 603
NAME: branch0_seg603
ID: 603
LENGTH: 0.010135
NUM ELEMENTS: 5
IN NODE: 603
OUT NODE: 604
IN AREA: 0.079885
OUT AREA: 0.079872
IN FLOW: 0.000000
MAT DATATABLE NAME: MAT1
LOSS TYPE: STENOSIS
BRANCH ANGLE: 0.000000
UPSTREAM SEGMENT: 602
BRANCH SEGMENT: 0
BOUNDARY CONDITIONS TYPE: NOBOUND
INLET DATA TABLE: NONE
--- 
SEGMENT N.: 604
NAME: branch0_seg604
ID: 604
LENGTH: 0.010135
NUM ELEMENTS: 5
IN NODE: 604
OUT NODE: 605
IN AREA: 0.079864
OUT AREA: 0.079869
IN FLOW: 0.000000
MAT DATATABLE NAME: MAT1
LOSS TYPE: STENOSIS
BRANCH ANGLE: 0.000000
UPSTREAM SEGMENT: 603
BRANCH SEGMENT: 0
BOUNDARY CONDITIONS TYPE: NOBOUND
INLET DATA TABLE: NONE
--- 
SEGMENT N.: 605
NAME: branch0_seg605
ID: 605
LENGTH: 0.010135
NUM ELEMENTS: 5
IN NODE: 605
OUT NODE: 606
IN AREA: 0.079867
OUT AREA: 0.079868
IN FLOW: 0.000000
MAT DATATABLE NAME: MAT1
LOSS TYPE: STENOSIS
BRANCH ANGLE: 0.000000
UPSTREAM SEGMENT: 604
BRANCH SEGMENT: 0
BOUNDARY CONDITIONS TYPE: NOBOUND
INLET DATA TABLE: NONE
--- 
SEGMENT N.: 606
NAME: branch0_seg606
ID: 606
LENGTH: 0.010135
NUM ELEMENTS: 5
IN NODE: 606
OUT NODE: 607
IN AREA: 0.079877
OUT AREA: 0.079893
IN FLOW: 0.000000
MAT DATATABLE NAME: MAT1
LOSS TYPE: STENOSIS
BRANCH ANGLE: 0.000000
UPSTREAM SEGMENT: 605
BRANCH SEGMENT: 0
BOUNDARY CONDITIONS TYPE: NOBOUND
INLET DATA TABLE: NONE
--- 
SEGMENT N.: 607
NAME: branch0_seg607
ID: 607
LENGTH: 0.010135
NUM ELEMENTS: 5
IN NODE: 607
OUT NODE: 608
IN AREA: 0.079898
OUT AREA: 0.079903
IN FLOW: 0.000000
MAT DATATABLE NAME: MAT1
LOSS TYPE: STENOSIS
BRANCH ANGLE: 0.000000
UPSTREAM SEGMENT: 606
BRANCH SEGMENT: 0
BOUNDARY CONDITIONS TYPE: NOBOUND
INLET DATA TABLE: NONE
--- 
SEGMENT N.: 608
NAME: branch0_seg608
ID: 608
LENGTH: 0.010135
NUM ELEMENTS: 5
IN NODE: 608
OUT NODE: 609
IN AREA: 0.073639
OUT AREA: 0.079915
IN FLOW: 0.000000
MAT DATATABLE NAME: MAT1
LOSS TYPE: STENOSIS
BRANCH ANGLE: 0.000000
UPSTREAM SEGMENT: 607
BRANCH SEGMENT: 0
BOUNDARY CONDITIONS TYPE: NOBOUND
INLET DATA TABLE: NONE
--- 
SEGMENT N.: 609
NAME: branch0_seg609
ID: 609
LENGTH: 0.010135
NUM ELEMENTS: 5
IN NODE: 609
OUT NODE: 610
IN AREA: 0.079923
OUT AREA: 0.079906
IN FLOW: 0.000000
MAT DATATABLE NAME: MAT1
LOSS TYPE: STENOSIS
BRANCH ANGLE: 0.000000
UPSTREAM SEGMENT: 608
BRANCH SEGMENT: 0
BOUNDARY CONDITIONS TYPE: NOBOUND
INLET DATA TABLE: NONE
--- 
SEGMENT N.: 610
NAME: branch0_seg610
ID: 610
LENGTH: 0.010135
NUM ELEMENTS: 5
IN NODE: 610
OUT NODE: 611
IN AREA: 0.079898
OUT AREA: 0.079898
IN FLOW: 0.000000
MAT DATATABLE NAME: MAT1
LOSS TYPE: STENOSIS
BRANCH ANGLE: 0.000000
UPSTREAM SEGMENT: 609
BRANCH SEGMENT: 0
BOUNDARY CONDITIONS TYPE: NOBOUND
INLET DATA TABLE: NONE
--- 
SEGMENT N.: 611
NAME: branch0_seg611
ID: 611
LENGTH: 0.010135
NUM ELEMENTS: 5
IN NODE: 611
OUT NODE: 612
IN AREA: 0.079888
OUT AREA: 0.079848
IN FLOW: 0.000000
MAT DATATABLE NAME: MAT1
LOSS TYPE: STENOSIS
BRANCH ANGLE: 0.000000
UPSTREAM SEGMENT: 610
BRANCH SEGMENT: 0
BOUNDARY CONDITIONS TYPE: NOBOUND
INLET DATA TABLE: NONE
--- 
SEGMENT N.: 612
NAME: branch0_seg612
ID: 612
LENGTH: 0.010135
NUM ELEMENTS: 5
IN NODE: 612
OUT NODE: 613
IN AREA: 0.079845
OUT AREA: 0.079839
IN FLOW: 0.000000
MAT DATATABLE NAME: MAT1
LOSS TYPE: STENOSIS
BRANCH ANGLE: 0.000000
UPSTREAM SEGMENT: 611
BRANCH SEGMENT: 0
BOUNDARY CONDITIONS TYPE: NOBOUND
INLET DATA TABLE: NONE
--- 
SEGMENT N.: 613
NAME: branch0_seg613
ID: 613
LENGTH: 0.010135
NUM ELEMENTS: 5
IN NODE: 613
OUT NODE: 614
IN AREA: 0.079837
OUT AREA: 0.028324
IN FLOW: 0.000000
MAT DATATABLE NAME: MAT1
LOSS TYPE: STENOSIS
BRANCH ANGLE: 0.000000
UPSTREAM SEGMENT: 612
BRANCH SEGMENT: 0
BOUNDARY CONDITIONS TYPE: NOBOUND
INLET DATA TABLE: NONE
--- 
SEGMENT N.: 614
NAME: branch0_seg614
ID: 614
LENGTH: 0.010135
NUM ELEMENTS: 5
IN NODE: 614
OUT NODE: 615
IN AREA: 0.076553
OUT AREA: 0.079847
IN FLOW: 0.000000
MAT DATATABLE NAME: MAT1
LOSS TYPE: STENOSIS
BRANCH ANGLE: 0.000000
UPSTREAM SEGMENT: 613
BRANCH SEGMENT: 0
BOUNDARY CONDITIONS TYPE: NOBOUND
INLET DATA TABLE: NONE
--- 
SEGMENT N.: 615
NAME: branch0_seg615
ID: 615
LENGTH: 0.010135
NUM ELEMENTS: 5
IN NODE: 615
OUT NODE: 616
IN AREA: 0.079845
OUT AREA: 0.079856
IN FLOW: 0.000000
MAT DATATABLE NAME: MAT1
LOSS TYPE: STENOSIS
BRANCH ANGLE: 0.000000
UPSTREAM SEGMENT: 614
BRANCH SEGMENT: 0
BOUNDARY CONDITIONS TYPE: NOBOUND
INLET DATA TABLE: NONE
--- 
SEGMENT N.: 616
NAME: branch0_seg616
ID: 616
LENGTH: 0.010135
NUM ELEMENTS: 5
IN NODE: 616
OUT NODE: 617
IN AREA: 0.079862
OUT AREA: 0.079865
IN FLOW: 0.000000
MAT DATATABLE NAME: MAT1
LOSS TYPE: STENOSIS
BRANCH ANGLE: 0.000000
UPSTREAM SEGMENT: 615
BRANCH SEGMENT: 0
BOUNDARY CONDITIONS TYPE: NOBOUND
INLET DATA TABLE: NONE
--- 
SEGMENT N.: 617
NAME: branch0_seg617
ID: 617
LENGTH: 0.010135
NUM ELEMENTS: 5
IN NODE: 617
OUT NODE: 618
IN AREA: 0.079862
OUT AREA: 0.079866
IN FLOW: 0.000000
MAT DATATABLE NAME: MAT1
LOSS TYPE: STENOSIS
BRANCH ANGLE: 0.000000
UPSTREAM SEGMENT: 616
BRANCH SEGMENT: 0
BOUNDARY CONDITIONS TYPE: NOBOUND
INLET DATA TABLE: NONE
--- 
SEGMENT N.: 618
NAME: branch0_seg618
ID: 618
LENGTH: 0.010135
NUM ELEMENTS: 5
IN NODE: 618
OUT NODE: 619
IN AREA: 0.079866
OUT AREA: 0.079864
IN FLOW: 0.000000
MAT DATATABLE NAME: MAT1
LOSS TYPE: STENOSIS
BRANCH ANGLE: 0.000000
UPSTREAM SEGMENT: 617
BRANCH SEGMENT: 0
BOUNDARY CONDITIONS TYPE: NOBOUND
INLET DATA TABLE: NONE
--- 
SEGMENT N.: 619
NAME: branch0_seg619
ID: 619
LENGTH: 0.010135
NUM ELEMENTS: 5
IN NODE: 619
OUT NODE: 620
IN AREA: 0.079862
OUT AREA: 0.079862
IN FLOW: 0.000000
MAT DATATABLE NAME: MAT1
LOSS TYPE: STENOSIS
BRANCH ANGLE: 0.000000
UPSTREAM SEGMENT: 618
BRANCH SEGMENT: 0
BOUNDARY CONDITIONS TYPE: NOBOUND
INLET DATA TABLE: NONE
--- 
SEGMENT N.: 620
NAME: branch0_seg620
ID: 620
LENGTH: 0.010135
NUM ELEMENTS: 5
IN NODE: 620
OUT NODE: 621
IN AREA: 0.079859
OUT AREA: 0.079852
IN FLOW: 0.000000
MAT DATATABLE NAME: MAT1
LOSS TYPE: STENOSIS
BRANCH ANGLE: 0.000000
UPSTREAM SEGMENT: 619
BRANCH SEGMENT: 0
BOUNDARY CONDITIONS TYPE: NOBOUND
INLET DATA TABLE: NONE
--- 
SEGMENT N.: 621
NAME: branch0_seg621
ID: 621
LENGTH: 0.010135
NUM ELEMENTS: 5
IN NODE: 621
OUT NODE: 622
IN AREA: 0.079841
OUT AREA: 0.079840
IN FLOW: 0.000000
MAT DATATABLE NAME: MAT1
LOSS TYPE: STENOSIS
BRANCH ANGLE: 0.000000
UPSTREAM SEGMENT: 620
BRANCH SEGMENT: 0
BOUNDARY CONDITIONS TYPE: NOBOUND
INLET DATA TABLE: NONE
--- 
SEGMENT N.: 622
NAME: branch0_seg622
ID: 622
LENGTH: 0.010135
NUM ELEMENTS: 5
IN NODE: 622
OUT NODE: 623
IN AREA: 0.079840
OUT AREA: 0.079843
IN FLOW: 0.000000
MAT DATATABLE NAME: MAT1
LOSS TYPE: STENOSIS
BRANCH ANGLE: 0.000000
UPSTREAM SEGMENT: 621
BRANCH SEGMENT: 0
BOUNDARY CONDITIONS TYPE: NOBOUND
INLET DATA TABLE: NONE
--- 
SEGMENT N.: 623
NAME: branch0_seg623
ID: 623
LENGTH: 0.010135
NUM ELEMENTS: 5
IN NODE: 623
OUT NODE: 624
IN AREA: 0.079843
OUT AREA: 0.079836
IN FLOW: 0.000000
MAT DATATABLE NAME: MAT1
LOSS TYPE: STENOSIS
BRANCH ANGLE: 0.000000
UPSTREAM SEGMENT: 622
BRANCH SEGMENT: 0
BOUNDARY CONDITIONS TYPE: NOBOUND
INLET DATA TABLE: NONE
--- 
SEGMENT N.: 624
NAME: branch0_seg624
ID: 624
LENGTH: 0.010135
NUM ELEMENTS: 5
IN NODE: 624
OUT NODE: 625
IN AREA: 0.079836
OUT AREA: 0.079854
IN FLOW: 0.000000
MAT DATATABLE NAME: MAT1
LOSS TYPE: STENOSIS
BRANCH ANGLE: 0.000000
UPSTREAM SEGMENT: 623
BRANCH SEGMENT: 0
BOUNDARY CONDITIONS TYPE: NOBOUND
INLET DATA TABLE: NONE
--- 
SEGMENT N.: 625
NAME: branch0_seg625
ID: 625
LENGTH: 0.010135
NUM ELEMENTS: 5
IN NODE: 625
OUT NODE: 626
IN AREA: 0.027445
OUT AREA: 0.079878
IN FLOW: 0.000000
MAT DATATABLE NAME: MAT1
LOSS TYPE: STENOSIS
BRANCH ANGLE: 0.000000
UPSTREAM SEGMENT: 624
BRANCH SEGMENT: 0
BOUNDARY CONDITIONS TYPE: NOBOUND
INLET DATA TABLE: NONE
--- 
SEGMENT N.: 626
NAME: branch0_seg626
ID: 626
LENGTH: 0.010135
NUM ELEMENTS: 5
IN NODE: 626
OUT NODE: 627
IN AREA: 0.075535
OUT AREA: 0.079861
IN FLOW: 0.000000
MAT DATATABLE NAME: MAT1
LOSS TYPE: STENOSIS
BRANCH ANGLE: 0.000000
UPSTREAM SEGMENT: 625
BRANCH SEGMENT: 0
BOUNDARY CONDITIONS TYPE: NOBOUND
INLET DATA TABLE: NONE
--- 
SEGMENT N.: 627
NAME: branch0_seg627
ID: 627
LENGTH: 0.010135
NUM ELEMENTS: 5
IN NODE: 627
OUT NODE: 628
IN AREA: 0.079866
OUT AREA: 0.079863
IN FLOW: 0.000000
MAT DATATABLE NAME: MAT1
LOSS TYPE: STENOSIS
BRANCH ANGLE: 0.000000
UPSTREAM SEGMENT: 626
BRANCH SEGMENT: 0
BOUNDARY CONDITIONS TYPE: NOBOUND
INLET DATA TABLE: NONE
--- 
SEGMENT N.: 628
NAME: branch0_seg628
ID: 628
LENGTH: 0.010135
NUM ELEMENTS: 5
IN NODE: 628
OUT NODE: 629
IN AREA: 0.079860
OUT AREA: 0.079863
IN FLOW: 0.000000
MAT DATATABLE NAME: MAT1
LOSS TYPE: STENOSIS
BRANCH ANGLE: 0.000000
UPSTREAM SEGMENT: 627
BRANCH SEGMENT: 0
BOUNDARY CONDITIONS TYPE: NOBOUND
INLET DATA TABLE: NONE
--- 
SEGMENT N.: 629
NAME: branch0_seg629
ID: 629
LENGTH: 0.010135
NUM ELEMENTS: 5
IN NODE: 629
OUT NODE: 630
IN AREA: 0.079862
OUT AREA: 0.079867
IN FLOW: 0.000000
MAT DATATABLE NAME: MAT1
LOSS TYPE: STENOSIS
BRANCH ANGLE: 0.000000
UPSTREAM SEGMENT: 628
BRANCH SEGMENT: 0
BOUNDARY CONDITIONS TYPE: NOBOUND
INLET DATA TABLE: NONE
--- 
SEGMENT N.: 630
NAME: branch0_seg630
ID: 630
LENGTH: 0.010135
NUM ELEMENTS: 5
IN NODE: 630
OUT NODE: 631
IN AREA: 0.079869
OUT AREA: 0.079876
IN FLOW: 0.000000
MAT DATATABLE NAME: MAT1
LOSS TYPE: STENOSIS
BRANCH ANGLE: 0.000000
UPSTREAM SEGMENT: 629
BRANCH SEGMENT: 0
BOUNDARY CONDITIONS TYPE: NOBOUND
INLET DATA TABLE: NONE
--- 
SEGMENT N.: 631
NAME: branch0_seg631
ID: 631
LENGTH: 0.010135
NUM ELEMENTS: 5
IN NODE: 631
OUT NODE: 632
IN AREA: 0.079875
OUT AREA: 0.079858
IN FLOW: 0.000000
MAT DATATABLE NAME: MAT1
LOSS TYPE: STENOSIS
BRANCH ANGLE: 0.000000
UPSTREAM SEGMENT: 630
BRANCH SEGMENT: 0
BOUNDARY CONDITIONS TYPE: NOBOUND
INLET DATA TABLE: NONE
--- 
SEGMENT N.: 632
NAME: branch0_seg632
ID: 632
LENGTH: 0.010135
NUM ELEMENTS: 5
IN NODE: 632
OUT NODE: 633
IN AREA: 0.079860
OUT AREA: 0.079854
IN FLOW: 0.000000
MAT DATATABLE NAME: MAT1
LOSS TYPE: STENOSIS
BRANCH ANGLE: 0.000000
UPSTREAM SEGMENT: 631
BRANCH SEGMENT: 0
BOUNDARY CONDITIONS TYPE: NOBOUND
INLET DATA TABLE: NONE
--- 
SEGMENT N.: 633
NAME: branch0_seg633
ID: 633
LENGTH: 0.010135
NUM ELEMENTS: 5
IN NODE: 633
OUT NODE: 634
IN AREA: 0.079841
OUT AREA: 0.079830
IN FLOW: 0.000000
MAT DATATABLE NAME: MAT1
LOSS TYPE: STENOSIS
BRANCH ANGLE: 0.000000
UPSTREAM SEGMENT: 632
BRANCH SEGMENT: 0
BOUNDARY CONDITIONS TYPE: NOBOUND
INLET DATA TABLE: NONE
--- 
SEGMENT N.: 634
NAME: branch0_seg634
ID: 634
LENGTH: 0.010135
NUM ELEMENTS: 5
IN NODE: 634
OUT NODE: 635
IN AREA: 0.079827
OUT AREA: 0.079833
IN FLOW: 0.000000
MAT DATATABLE NAME: MAT1
LOSS TYPE: STENOSIS
BRANCH ANGLE: 0.000000
UPSTREAM SEGMENT: 633
BRANCH SEGMENT: 0
BOUNDARY CONDITIONS TYPE: NOBOUND
INLET DATA TABLE: NONE
--- 
SEGMENT N.: 635
NAME: branch0_seg635
ID: 635
LENGTH: 0.010135
NUM ELEMENTS: 5
IN NODE: 635
OUT NODE: 636
IN AREA: 0.079831
OUT AREA: 0.079845
IN FLOW: 0.000000
MAT DATATABLE NAME: MAT1
LOSS TYPE: STENOSIS
BRANCH ANGLE: 0.000000
UPSTREAM SEGMENT: 634
BRANCH SEGMENT: 0
BOUNDARY CONDITIONS TYPE: NOBOUND
INLET DATA TABLE: NONE
--- 
SEGMENT N.: 636
NAME: branch0_seg636
ID: 636
LENGTH: 0.010135
NUM ELEMENTS: 5
IN NODE: 636
OUT NODE: 637
IN AREA: 0.079853
OUT AREA: 0.079857
IN FLOW: 0.000000
MAT DATATABLE NAME: MAT1
LOSS TYPE: STENOSIS
BRANCH ANGLE: 0.000000
UPSTREAM SEGMENT: 635
BRANCH SEGMENT: 0
BOUNDARY CONDITIONS TYPE: NOBOUND
INLET DATA TABLE: NONE
--- 
SEGMENT N.: 637
NAME: branch0_seg637
ID: 637
LENGTH: 0.010135
NUM ELEMENTS: 5
IN NODE: 637
OUT NODE: 638
IN AREA: 0.079866
OUT AREA: 0.079870
IN FLOW: 0.000000
MAT DATATABLE NAME: MAT1
LOSS TYPE: STENOSIS
BRANCH ANGLE: 0.000000
UPSTREAM SEGMENT: 636
BRANCH SEGMENT: 0
BOUNDARY CONDITIONS TYPE: NOBOUND
INLET DATA TABLE: NONE
--- 
SEGMENT N.: 638
NAME: branch0_seg638
ID: 638
LENGTH: 0.010135
NUM ELEMENTS: 5
IN NODE: 638
OUT NODE: 639
IN AREA: 0.079875
OUT AREA: 0.079879
IN FLOW: 0.000000
MAT DATATABLE NAME: MAT1
LOSS TYPE: STENOSIS
BRANCH ANGLE: 0.000000
UPSTREAM SEGMENT: 637
BRANCH SEGMENT: 0
BOUNDARY CONDITIONS TYPE: NOBOUND
INLET DATA TABLE: NONE
--- 
SEGMENT N.: 639
NAME: branch0_seg639
ID: 639
LENGTH: 0.010135
NUM ELEMENTS: 5
IN NODE: 639
OUT NODE: 640
IN AREA: 0.079879
OUT AREA: 0.027272
IN FLOW: 0.000000
MAT DATATABLE NAME: MAT1
LOSS TYPE: STENOSIS
BRANCH ANGLE: 0.000000
UPSTREAM SEGMENT: 638
BRANCH SEGMENT: 0
BOUNDARY CONDITIONS TYPE: NOBOUND
INLET DATA TABLE: NONE
--- 
SEGMENT N.: 640
NAME: branch0_seg640
ID: 640
LENGTH: 0.010135
NUM ELEMENTS: 5
IN NODE: 640
OUT NODE: 641
IN AREA: 0.079874
OUT AREA: 0.079876
IN FLOW: 0.000000
MAT DATATABLE NAME: MAT1
LOSS TYPE: STENOSIS
BRANCH ANGLE: 0.000000
UPSTREAM SEGMENT: 639
BRANCH SEGMENT: 0
BOUNDARY CONDITIONS TYPE: NOBOUND
INLET DATA TABLE: NONE
--- 
SEGMENT N.: 641
NAME: branch0_seg641
ID: 641
LENGTH: 0.010135
NUM ELEMENTS: 5
IN NODE: 641
OUT NODE: 642
IN AREA: 0.079876
OUT AREA: 0.079876
IN FLOW: 0.000000
MAT DATATABLE NAME: MAT1
LOSS TYPE: STENOSIS
BRANCH ANGLE: 0.000000
UPSTREAM SEGMENT: 640
BRANCH SEGMENT: 0
BOUNDARY CONDITIONS TYPE: NOBOUND
INLET DATA TABLE: NONE
--- 
SEGMENT N.: 642
NAME: branch0_seg642
ID: 642
LENGTH: 0.010135
NUM ELEMENTS: 5
IN NODE: 642
OUT NODE: 643
IN AREA: 0.079878
OUT AREA: 0.072653
IN FLOW: 0.000000
MAT DATATABLE NAME: MAT1
LOSS TYPE: STENOSIS
BRANCH ANGLE: 0.000000
UPSTREAM SEGMENT: 641
BRANCH SEGMENT: 0
BOUNDARY CONDITIONS TYPE: NOBOUND
INLET DATA TABLE: NONE
--- 
SEGMENT N.: 643
NAME: branch0_seg643
ID: 643
LENGTH: 0.010135
NUM ELEMENTS: 5
IN NODE: 643
OUT NODE: 644
IN AREA: 0.048067
OUT AREA: 0.079892
IN FLOW: 0.000000
MAT DATATABLE NAME: MAT1
LOSS TYPE: STENOSIS
BRANCH ANGLE: 0.000000
UPSTREAM SEGMENT: 642
BRANCH SEGMENT: 0
BOUNDARY CONDITIONS TYPE: NOBOUND
INLET DATA TABLE: NONE
--- 
SEGMENT N.: 644
NAME: branch0_seg644
ID: 644
LENGTH: 0.010135
NUM ELEMENTS: 5
IN NODE: 644
OUT NODE: 645
IN AREA: 0.079890
OUT AREA: 0.079897
IN FLOW: 0.000000
MAT DATATABLE NAME: MAT1
LOSS TYPE: STENOSIS
BRANCH ANGLE: 0.000000
UPSTREAM SEGMENT: 643
BRANCH SEGMENT: 0
BOUNDARY CONDITIONS TYPE: NOBOUND
INLET DATA TABLE: NONE
--- 
SEGMENT N.: 645
NAME: branch0_seg645
ID: 645
LENGTH: 0.010135
NUM ELEMENTS: 5
IN NODE: 645
OUT NODE: 646
IN AREA: 0.079899
OUT AREA: 0.079899
IN FLOW: 0.000000
MAT DATATABLE NAME: MAT1
LOSS TYPE: STENOSIS
BRANCH ANGLE: 0.000000
UPSTREAM SEGMENT: 644
BRANCH SEGMENT: 0
BOUNDARY CONDITIONS TYPE: NOBOUND
INLET DATA TABLE: NONE
--- 
SEGMENT N.: 646
NAME: branch0_seg646
ID: 646
LENGTH: 0.010135
NUM ELEMENTS: 5
IN NODE: 646
OUT NODE: 647
IN AREA: 0.079897
OUT AREA: 0.079883
IN FLOW: 0.000000
MAT DATATABLE NAME: MAT1
LOSS TYPE: STENOSIS
BRANCH ANGLE: 0.000000
UPSTREAM SEGMENT: 645
BRANCH SEGMENT: 0
BOUNDARY CONDITIONS TYPE: NOBOUND
INLET DATA TABLE: NONE
--- 
SEGMENT N.: 647
NAME: branch0_seg647
ID: 647
LENGTH: 0.010135
NUM ELEMENTS: 5
IN NODE: 647
OUT NODE: 648
IN AREA: 0.079881
OUT AREA: 0.079890
IN FLOW: 0.000000
MAT DATATABLE NAME: MAT1
LOSS TYPE: STENOSIS
BRANCH ANGLE: 0.000000
UPSTREAM SEGMENT: 646
BRANCH SEGMENT: 0
BOUNDARY CONDITIONS TYPE: NOBOUND
INLET DATA TABLE: NONE
--- 
SEGMENT N.: 648
NAME: branch0_seg648
ID: 648
LENGTH: 0.010135
NUM ELEMENTS: 5
IN NODE: 648
OUT NODE: 649
IN AREA: 0.079886
OUT AREA: 0.027086
IN FLOW: 0.000000
MAT DATATABLE NAME: MAT1
LOSS TYPE: STENOSIS
BRANCH ANGLE: 0.000000
UPSTREAM SEGMENT: 647
BRANCH SEGMENT: 0
BOUNDARY CONDITIONS TYPE: NOBOUND
INLET DATA TABLE: NONE
--- 
SEGMENT N.: 649
NAME: branch0_seg649
ID: 649
LENGTH: 0.010135
NUM ELEMENTS: 5
IN NODE: 649
OUT NODE: 650
IN AREA: 0.079865
OUT AREA: 0.079868
IN FLOW: 0.000000
MAT DATATABLE NAME: MAT1
LOSS TYPE: STENOSIS
BRANCH ANGLE: 0.000000
UPSTREAM SEGMENT: 648
BRANCH SEGMENT: 0
BOUNDARY CONDITIONS TYPE: NOBOUND
INLET DATA TABLE: NONE
--- 
SEGMENT N.: 650
NAME: branch0_seg650
ID: 650
LENGTH: 0.010135
NUM ELEMENTS: 5
IN NODE: 650
OUT NODE: 651
IN AREA: 0.079869
OUT AREA: 0.079881
IN FLOW: 0.000000
MAT DATATABLE NAME: MAT1
LOSS TYPE: STENOSIS
BRANCH ANGLE: 0.000000
UPSTREAM SEGMENT: 649
BRANCH SEGMENT: 0
BOUNDARY CONDITIONS TYPE: NOBOUND
INLET DATA TABLE: NONE
--- 
SEGMENT N.: 651
NAME: branch0_seg651
ID: 651
LENGTH: 0.010135
NUM ELEMENTS: 5
IN NODE: 651
OUT NODE: 652
IN AREA: 0.079878
OUT AREA: 0.079880
IN FLOW: 0.000000
MAT DATATABLE NAME: MAT1
LOSS TYPE: STENOSIS
BRANCH ANGLE: 0.000000
UPSTREAM SEGMENT: 650
BRANCH SEGMENT: 0
BOUNDARY CONDITIONS TYPE: NOBOUND
INLET DATA TABLE: NONE
--- 
SEGMENT N.: 652
NAME: branch0_seg652
ID: 652
LENGTH: 0.010135
NUM ELEMENTS: 5
IN NODE: 652
OUT NODE: 653
IN AREA: 0.079880
OUT AREA: 0.079860
IN FLOW: 0.000000
MAT DATATABLE NAME: MAT1
LOSS TYPE: STENOSIS
BRANCH ANGLE: 0.000000
UPSTREAM SEGMENT: 651
BRANCH SEGMENT: 0
BOUNDARY CONDITIONS TYPE: NOBOUND
INLET DATA TABLE: NONE
--- 
SEGMENT N.: 653
NAME: branch0_seg653
ID: 653
LENGTH: 0.010135
NUM ELEMENTS: 5
IN NODE: 653
OUT NODE: 654
IN AREA: 0.079851
OUT AREA: 0.079838
IN FLOW: 0.000000
MAT DATATABLE NAME: MAT1
LOSS TYPE: STENOSIS
BRANCH ANGLE: 0.000000
UPSTREAM SEGMENT: 652
BRANCH SEGMENT: 0
BOUNDARY CONDITIONS TYPE: NOBOUND
INLET DATA TABLE: NONE
--- 
SEGMENT N.: 654
NAME: branch0_seg654
ID: 654
LENGTH: 0.010135
NUM ELEMENTS: 5
IN NODE: 654
OUT NODE: 655
IN AREA: 0.079837
OUT AREA: 0.068277
IN FLOW: 0.000000
MAT DATATABLE NAME: MAT1
LOSS TYPE: STENOSIS
BRANCH ANGLE: 0.000000
UPSTREAM SEGMENT: 653
BRANCH SEGMENT: 0
BOUNDARY CONDITIONS TYPE: NOBOUND
INLET DATA TABLE: NONE
--- 
SEGMENT N.: 655
NAME: branch0_seg655
ID: 655
LENGTH: 0.010135
NUM ELEMENTS: 5
IN NODE: 655
OUT NODE: 656
IN AREA: 0.079845
OUT AREA: 0.079851
IN FLOW: 0.000000
MAT DATATABLE NAME: MAT1
LOSS TYPE: STENOSIS
BRANCH ANGLE: 0.000000
UPSTREAM SEGMENT: 654
BRANCH SEGMENT: 0
BOUNDARY CONDITIONS TYPE: NOBOUND
INLET DATA TABLE: NONE
--- 
SEGMENT N.: 656
NAME: branch0_seg656
ID: 656
LENGTH: 0.010135
NUM ELEMENTS: 5
IN NODE: 656
OUT NODE: 657
IN AREA: 0.079841
OUT AREA: 0.079854
IN FLOW: 0.000000
MAT DATATABLE NAME: MAT1
LOSS TYPE: STENOSIS
BRANCH ANGLE: 0.000000
UPSTREAM SEGMENT: 655
BRANCH SEGMENT: 0
BOUNDARY CONDITIONS TYPE: NOBOUND
INLET DATA TABLE: NONE
--- 
SEGMENT N.: 657
NAME: branch0_seg657
ID: 657
LENGTH: 0.010135
NUM ELEMENTS: 5
IN NODE: 657
OUT NODE: 658
IN AREA: 0.079857
OUT AREA: 0.075083
IN FLOW: 0.000000
MAT DATATABLE NAME: MAT1
LOSS TYPE: STENOSIS
BRANCH ANGLE: 0.000000
UPSTREAM SEGMENT: 656
BRANCH SEGMENT: 0
BOUNDARY CONDITIONS TYPE: NOBOUND
INLET DATA TABLE: NONE
--- 
SEGMENT N.: 658
NAME: branch0_seg658
ID: 658
LENGTH: 0.010135
NUM ELEMENTS: 5
IN NODE: 658
OUT NODE: 659
IN AREA: 0.079864
OUT AREA: 0.079855
IN FLOW: 0.000000
MAT DATATABLE NAME: MAT1
LOSS TYPE: STENOSIS
BRANCH ANGLE: 0.000000
UPSTREAM SEGMENT: 657
BRANCH SEGMENT: 0
BOUNDARY CONDITIONS TYPE: NOBOUND
INLET DATA TABLE: NONE
--- 
SEGMENT N.: 659
NAME: branch0_seg659
ID: 659
LENGTH: 0.010135
NUM ELEMENTS: 5
IN NODE: 659
OUT NODE: 660
IN AREA: 0.079853
OUT AREA: 0.079852
IN FLOW: 0.000000
MAT DATATABLE NAME: MAT1
LOSS TYPE: STENOSIS
BRANCH ANGLE: 0.000000
UPSTREAM SEGMENT: 658
BRANCH SEGMENT: 0
BOUNDARY CONDITIONS TYPE: NOBOUND
INLET DATA TABLE: NONE
--- 
SEGMENT N.: 660
NAME: branch0_seg660
ID: 660
LENGTH: 0.010135
NUM ELEMENTS: 5
IN NODE: 660
OUT NODE: 661
IN AREA: 0.079844
OUT AREA: 0.079850
IN FLOW: 0.000000
MAT DATATABLE NAME: MAT1
LOSS TYPE: STENOSIS
BRANCH ANGLE: 0.000000
UPSTREAM SEGMENT: 659
BRANCH SEGMENT: 0
BOUNDARY CONDITIONS TYPE: NOBOUND
INLET DATA TABLE: NONE
--- 
SEGMENT N.: 661
NAME: branch0_seg661
ID: 661
LENGTH: 0.010135
NUM ELEMENTS: 5
IN NODE: 661
OUT NODE: 662
IN AREA: 0.079841
OUT AREA: 0.079835
IN FLOW: 0.000000
MAT DATATABLE NAME: MAT1
LOSS TYPE: STENOSIS
BRANCH ANGLE: 0.000000
UPSTREAM SEGMENT: 660
BRANCH SEGMENT: 0
BOUNDARY CONDITIONS TYPE: NOBOUND
INLET DATA TABLE: NONE
--- 
SEGMENT N.: 662
NAME: branch0_seg662
ID: 662
LENGTH: 0.010135
NUM ELEMENTS: 5
IN NODE: 662
OUT NODE: 663
IN AREA: 0.024832
OUT AREA: 0.079847
IN FLOW: 0.000000
MAT DATATABLE NAME: MAT1
LOSS TYPE: STENOSIS
BRANCH ANGLE: 0.000000
UPSTREAM SEGMENT: 661
BRANCH SEGMENT: 0
BOUNDARY CONDITIONS TYPE: NOBOUND
INLET DATA TABLE: NONE
--- 
SEGMENT N.: 663
NAME: branch0_seg663
ID: 663
LENGTH: 0.010135
NUM ELEMENTS: 5
IN NODE: 663
OUT NODE: 664
IN AREA: 0.079843
OUT AREA: 0.079857
IN FLOW: 0.000000
MAT DATATABLE NAME: MAT1
LOSS TYPE: STENOSIS
BRANCH ANGLE: 0.000000
UPSTREAM SEGMENT: 662
BRANCH SEGMENT: 0
BOUNDARY CONDITIONS TYPE: NOBOUND
INLET DATA TABLE: NONE
--- 
SEGMENT N.: 664
NAME: branch0_seg664
ID: 664
LENGTH: 0.010135
NUM ELEMENTS: 5
IN NODE: 664
OUT NODE: 665
IN AREA: 0.079861
OUT AREA: 0.079858
IN FLOW: 0.000000
MAT DATATABLE NAME: MAT1
LOSS TYPE: STENOSIS
BRANCH ANGLE: 0.000000
UPSTREAM SEGMENT: 663
BRANCH SEGMENT: 0
BOUNDARY CONDITIONS TYPE: NOBOUND
INLET DATA TABLE: NONE
--- 
SEGMENT N.: 665
NAME: branch0_seg665
ID: 665
LENGTH: 0.010135
NUM ELEMENTS: 5
IN NODE: 665
OUT NODE: 666
IN AREA: 0.079843
OUT AREA: 0.079856
IN FLOW: 0.000000
MAT DATATABLE NAME: MAT1
LOSS TYPE: STENOSIS
BRANCH ANGLE: 0.000000
UPSTREAM SEGMENT: 664
BRANCH SEGMENT: 0
BOUNDARY CONDITIONS TYPE: NOBOUND
INLET DATA TABLE: NONE
--- 
SEGMENT N.: 666
NAME: branch0_seg666
ID: 666
LENGTH: 0.010135
NUM ELEMENTS: 5
IN NODE: 666
OUT NODE: 667
IN AREA: 0.067996
OUT AREA: 0.079890
IN FLOW: 0.000000
MAT DATATABLE NAME: MAT1
LOSS TYPE: STENOSIS
BRANCH ANGLE: 0.000000
UPSTREAM SEGMENT: 665
BRANCH SEGMENT: 0
BOUNDARY CONDITIONS TYPE: NOBOUND
INLET DATA TABLE: NONE
--- 
SEGMENT N.: 667
NAME: branch0_seg667
ID: 667
LENGTH: 0.010135
NUM ELEMENTS: 5
IN NODE: 667
OUT NODE: 668
IN AREA: 0.079878
OUT AREA: 0.079876
IN FLOW: 0.000000
MAT DATATABLE NAME: MAT1
LOSS TYPE: STENOSIS
BRANCH ANGLE: 0.000000
UPSTREAM SEGMENT: 666
BRANCH SEGMENT: 0
BOUNDARY CONDITIONS TYPE: NOBOUND
INLET DATA TABLE: NONE
--- 
SEGMENT N.: 668
NAME: branch0_seg668
ID: 668
LENGTH: 0.010135
NUM ELEMENTS: 5
IN NODE: 668
OUT NODE: 669
IN AREA: 0.079892
OUT AREA: 0.079898
IN FLOW: 0.000000
MAT DATATABLE NAME: MAT1
LOSS TYPE: STENOSIS
BRANCH ANGLE: 0.000000
UPSTREAM SEGMENT: 667
BRANCH SEGMENT: 0
BOUNDARY CONDITIONS TYPE: NOBOUND
INLET DATA TABLE: NONE
--- 
SEGMENT N.: 669
NAME: branch0_seg669
ID: 669
LENGTH: 0.010135
NUM ELEMENTS: 5
IN NODE: 669
OUT NODE: 670
IN AREA: 0.079895
OUT AREA: 0.079888
IN FLOW: 0.000000
MAT DATATABLE NAME: MAT1
LOSS TYPE: STENOSIS
BRANCH ANGLE: 0.000000
UPSTREAM SEGMENT: 668
BRANCH SEGMENT: 0
BOUNDARY CONDITIONS TYPE: NOBOUND
INLET DATA TABLE: NONE
--- 
SEGMENT N.: 670
NAME: branch0_seg670
ID: 670
LENGTH: 0.010135
NUM ELEMENTS: 5
IN NODE: 670
OUT NODE: 671
IN AREA: 0.079874
OUT AREA: 0.079863
IN FLOW: 0.000000
MAT DATATABLE NAME: MAT1
LOSS TYPE: STENOSIS
BRANCH ANGLE: 0.000000
UPSTREAM SEGMENT: 669
BRANCH SEGMENT: 0
BOUNDARY CONDITIONS TYPE: NOBOUND
INLET DATA TABLE: NONE
--- 
SEGMENT N.: 671
NAME: branch0_seg671
ID: 671
LENGTH: 0.010135
NUM ELEMENTS: 5
IN NODE: 671
OUT NODE: 672
IN AREA: 0.079865
OUT AREA: 0.079867
IN FLOW: 0.000000
MAT DATATABLE NAME: MAT1
LOSS TYPE: STENOSIS
BRANCH ANGLE: 0.000000
UPSTREAM SEGMENT: 670
BRANCH SEGMENT: 0
BOUNDARY CONDITIONS TYPE: NOBOUND
INLET DATA TABLE: NONE
--- 
SEGMENT N.: 672
NAME: branch0_seg672
ID: 672
LENGTH: 0.010135
NUM ELEMENTS: 5
IN NODE: 672
OUT NODE: 673
IN AREA: 0.079872
OUT AREA: 0.079885
IN FLOW: 0.000000
MAT DATATABLE NAME: MAT1
LOSS TYPE: STENOSIS
BRANCH ANGLE: 0.000000
UPSTREAM SEGMENT: 671
BRANCH SEGMENT: 0
BOUNDARY CONDITIONS TYPE: NOBOUND
INLET DATA TABLE: NONE
--- 
SEGMENT N.: 673
NAME: branch0_seg673
ID: 673
LENGTH: 0.010135
NUM ELEMENTS: 5
IN NODE: 673
OUT NODE: 674
IN AREA: 0.079888
OUT AREA: 0.073985
IN FLOW: 0.000000
MAT DATATABLE NAME: MAT1
LOSS TYPE: STENOSIS
BRANCH ANGLE: 0.000000
UPSTREAM SEGMENT: 672
BRANCH SEGMENT: 0
BOUNDARY CONDITIONS TYPE: NOBOUND
INLET DATA TABLE: NONE
--- 
SEGMENT N.: 674
NAME: branch0_seg674
ID: 674
LENGTH: 0.010135
NUM ELEMENTS: 5
IN NODE: 674
OUT NODE: 675
IN AREA: 0.079890
OUT AREA: 0.079886
IN FLOW: 0.000000
MAT DATATABLE NAME: MAT1
LOSS TYPE: STENOSIS
BRANCH ANGLE: 0.000000
UPSTREAM SEGMENT: 673
BRANCH SEGMENT: 0
BOUNDARY CONDITIONS TYPE: NOBOUND
INLET DATA TABLE: NONE
--- 
SEGMENT N.: 675
NAME: branch0_seg675
ID: 675
LENGTH: 0.010135
NUM ELEMENTS: 5
IN NODE: 675
OUT NODE: 676
IN AREA: 0.079874
OUT AREA: 0.047947
IN FLOW: 0.000000
MAT DATATABLE NAME: MAT1
LOSS TYPE: STENOSIS
BRANCH ANGLE: 0.000000
UPSTREAM SEGMENT: 674
BRANCH SEGMENT: 0
BOUNDARY CONDITIONS TYPE: NOBOUND
INLET DATA TABLE: NONE
--- 
SEGMENT N.: 676
NAME: branch0_seg676
ID: 676
LENGTH: 0.010135
NUM ELEMENTS: 5
IN NODE: 676
OUT NODE: 677
IN AREA: 0.079882
OUT AREA: 0.079883
IN FLOW: 0.000000
MAT DATATABLE NAME: MAT1
LOSS TYPE: STENOSIS
BRANCH ANGLE: 0.000000
UPSTREAM SEGMENT: 675
BRANCH SEGMENT: 0
BOUNDARY CONDITIONS TYPE: NOBOUND
INLET DATA TABLE: NONE
--- 
SEGMENT N.: 677
NAME: branch0_seg677
ID: 677
LENGTH: 0.010135
NUM ELEMENTS: 5
IN NODE: 677
OUT NODE: 678
IN AREA: 0.079893
OUT AREA: 0.079875
IN FLOW: 0.000000
MAT DATATABLE NAME: MAT1
LOSS TYPE: STENOSIS
BRANCH ANGLE: 0.000000
UPSTREAM SEGMENT: 676
BRANCH SEGMENT: 0
BOUNDARY CONDITIONS TYPE: NOBOUND
INLET DATA TABLE: NONE
--- 
SEGMENT N.: 678
NAME: branch0_seg678
ID: 678
LENGTH: 0.010135
NUM ELEMENTS: 5
IN NODE: 678
OUT NODE: 679
IN AREA: 0.079863
OUT AREA: 0.079853
IN FLOW: 0.000000
MAT DATATABLE NAME: MAT1
LOSS TYPE: STENOSIS
BRANCH ANGLE: 0.000000
UPSTREAM SEGMENT: 677
BRANCH SEGMENT: 0
BOUNDARY CONDITIONS TYPE: NOBOUND
INLET DATA TABLE: NONE
--- 
SEGMENT N.: 679
NAME: branch0_seg679
ID: 679
LENGTH: 0.010135
NUM ELEMENTS: 5
IN NODE: 679
OUT NODE: 680
IN AREA: 0.079851
OUT AREA: 0.079846
IN FLOW: 0.000000
MAT DATATABLE NAME: MAT1
LOSS TYPE: STENOSIS
BRANCH ANGLE: 0.000000
UPSTREAM SEGMENT: 678
BRANCH SEGMENT: 0
BOUNDARY CONDITIONS TYPE: NOBOUND
INLET DATA TABLE: NONE
--- 
SEGMENT N.: 680
NAME: branch0_seg680
ID: 680
LENGTH: 0.010135
NUM ELEMENTS: 5
IN NODE: 680
OUT NODE: 681
IN AREA: 0.079842
OUT AREA: 0.079831
IN FLOW: 0.000000
MAT DATATABLE NAME: MAT1
LOSS TYPE: STENOSIS
BRANCH ANGLE: 0.000000
UPSTREAM SEGMENT: 679
BRANCH SEGMENT: 0
BOUNDARY CONDITIONS TYPE: NOBOUND
INLET DATA TABLE: NONE
--- 
SEGMENT N.: 681
NAME: branch0_seg681
ID: 681
LENGTH: 0.010135
NUM ELEMENTS: 5
IN NODE: 681
OUT NODE: 682
IN AREA: 0.079831
OUT AREA: 0.077049
IN FLOW: 0.000000
MAT DATATABLE NAME: MAT1
LOSS TYPE: STENOSIS
BRANCH ANGLE: 0.000000
UPSTREAM SEGMENT: 680
BRANCH SEGMENT: 0
BOUNDARY CONDITIONS TYPE: NOBOUND
INLET DATA TABLE: NONE
--- 
SEGMENT N.: 682
NAME: branch0_seg682
ID: 682
LENGTH: 0.010135
NUM ELEMENTS: 5
IN NODE: 682
OUT NODE: 683
IN AREA: 0.079841
OUT AREA: 0.079834
IN FLOW: 0.000000
MAT DATATABLE NAME: MAT1
LOSS TYPE: STENOSIS
BRANCH ANGLE: 0.000000
UPSTREAM SEGMENT: 681
BRANCH SEGMENT: 0
BOUNDARY CONDITIONS TYPE: NOBOUND
INLET DATA TABLE: NONE
--- 
SEGMENT N.: 683
NAME: branch0_seg683
ID: 683
LENGTH: 0.010135
NUM ELEMENTS: 5
IN NODE: 683
OUT NODE: 684
IN AREA: 0.079819
OUT AREA: 0.079800
IN FLOW: 0.000000
MAT DATATABLE NAME: MAT1
LOSS TYPE: STENOSIS
BRANCH ANGLE: 0.000000
UPSTREAM SEGMENT: 682
BRANCH SEGMENT: 0
BOUNDARY CONDITIONS TYPE: NOBOUND
INLET DATA TABLE: NONE
--- 
SEGMENT N.: 684
NAME: branch0_seg684
ID: 684
LENGTH: 0.010135
NUM ELEMENTS: 5
IN NODE: 684
OUT NODE: 685
IN AREA: 0.079808
OUT AREA: 0.079823
IN FLOW: 0.000000
MAT DATATABLE NAME: MAT1
LOSS TYPE: STENOSIS
BRANCH ANGLE: 0.000000
UPSTREAM SEGMENT: 683
BRANCH SEGMENT: 0
BOUNDARY CONDITIONS TYPE: NOBOUND
INLET DATA TABLE: NONE
--- 
SEGMENT N.: 685
NAME: branch0_seg685
ID: 685
LENGTH: 0.010135
NUM ELEMENTS: 5
IN NODE: 685
OUT NODE: 686
IN AREA: 0.079830
OUT AREA: 0.079797
IN FLOW: 0.000000
MAT DATATABLE NAME: MAT1
LOSS TYPE: STENOSIS
BRANCH ANGLE: 0.000000
UPSTREAM SEGMENT: 684
BRANCH SEGMENT: 0
BOUNDARY CONDITIONS TYPE: NOBOUND
INLET DATA TABLE: NONE
--- 
SEGMENT N.: 686
NAME: branch0_seg686
ID: 686
LENGTH: 0.010135
NUM ELEMENTS: 5
IN NODE: 686
OUT NODE: 687
IN AREA: 0.079796
OUT AREA: 0.079799
IN FLOW: 0.000000
MAT DATATABLE NAME: MAT1
LOSS TYPE: STENOSIS
BRANCH ANGLE: 0.000000
UPSTREAM SEGMENT: 685
BRANCH SEGMENT: 0
BOUNDARY CONDITIONS TYPE: NOBOUND
INLET DATA TABLE: NONE
--- 
SEGMENT N.: 687
NAME: branch0_seg687
ID: 687
LENGTH: 0.010135
NUM ELEMENTS: 5
IN NODE: 687
OUT NODE: 688
IN AREA: 0.079797
OUT AREA: 0.079805
IN FLOW: 0.000000
MAT DATATABLE NAME: MAT1
LOSS TYPE: STENOSIS
BRANCH ANGLE: 0.000000
UPSTREAM SEGMENT: 686
BRANCH SEGMENT: 0
BOUNDARY CONDITIONS TYPE: NOBOUND
INLET DATA TABLE: NONE
--- 
SEGMENT N.: 688
NAME: branch0_seg688
ID: 688
LENGTH: 0.010135
NUM ELEMENTS: 5
IN NODE: 688
OUT NODE: 689
IN AREA: 0.079811
OUT AREA: 0.079788
IN FLOW: 0.000000
MAT DATATABLE NAME: MAT1
LOSS TYPE: STENOSIS
BRANCH ANGLE: 0.000000
UPSTREAM SEGMENT: 687
BRANCH SEGMENT: 0
BOUNDARY CONDITIONS TYPE: NOBOUND
INLET DATA TABLE: NONE
--- 
SEGMENT N.: 689
NAME: branch0_seg689
ID: 689
LENGTH: 0.010135
NUM ELEMENTS: 5
IN NODE: 689
OUT NODE: 690
IN AREA: 0.079789
OUT AREA: 0.079789
IN FLOW: 0.000000
MAT DATATABLE NAME: MAT1
LOSS TYPE: STENOSIS
BRANCH ANGLE: 0.000000
UPSTREAM SEGMENT: 688
BRANCH SEGMENT: 0
BOUNDARY CONDITIONS TYPE: NOBOUND
INLET DATA TABLE: NONE
--- 
SEGMENT N.: 690
NAME: branch0_seg690
ID: 690
LENGTH: 0.010135
NUM ELEMENTS: 5
IN NODE: 690
OUT NODE: 691
IN AREA: 0.079781
OUT AREA: 0.079777
IN FLOW: 0.000000
MAT DATATABLE NAME: MAT1
LOSS TYPE: STENOSIS
BRANCH ANGLE: 0.000000
UPSTREAM SEGMENT: 689
BRANCH SEGMENT: 0
BOUNDARY CONDITIONS TYPE: NOBOUND
INLET DATA TABLE: NONE
--- 
SEGMENT N.: 691
NAME: branch0_seg691
ID: 691
LENGTH: 0.010135
NUM ELEMENTS: 5
IN NODE: 691
OUT NODE: 692
IN AREA: 0.075692
OUT AREA: 0.079760
IN FLOW: 0.000000
MAT DATATABLE NAME: MAT1
LOSS TYPE: STENOSIS
BRANCH ANGLE: 0.000000
UPSTREAM SEGMENT: 690
BRANCH SEGMENT: 0
BOUNDARY CONDITIONS TYPE: NOBOUND
INLET DATA TABLE: NONE
--- 
SEGMENT N.: 692
NAME: branch0_seg692
ID: 692
LENGTH: 0.010135
NUM ELEMENTS: 5
IN NODE: 692
OUT NODE: 693
IN AREA: 0.079753
OUT AREA: 0.079776
IN FLOW: 0.000000
MAT DATATABLE NAME: MAT1
LOSS TYPE: STENOSIS
BRANCH ANGLE: 0.000000
UPSTREAM SEGMENT: 691
BRANCH SEGMENT: 0
BOUNDARY CONDITIONS TYPE: NOBOUND
INLET DATA TABLE: NONE
--- 
SEGMENT N.: 693
NAME: branch0_seg693
ID: 693
LENGTH: 0.010135
NUM ELEMENTS: 5
IN NODE: 693
OUT NODE: 694
IN AREA: 0.079792
OUT AREA: 0.079812
IN FLOW: 0.000000
MAT DATATABLE NAME: MAT1
LOSS TYPE: STENOSIS
BRANCH ANGLE: 0.000000
UPSTREAM SEGMENT: 692
BRANCH SEGMENT: 0
BOUNDARY CONDITIONS TYPE: NOBOUND
INLET DATA TABLE: NONE
--- 
SEGMENT N.: 694
NAME: branch0_seg694
ID: 694
LENGTH: 0.010135
NUM ELEMENTS: 5
IN NODE: 694
OUT NODE: 695
IN AREA: 0.079813
OUT AREA: 0.079817
IN FLOW: 0.000000
MAT DATATABLE NAME: MAT1
LOSS TYPE: STENOSIS
BRANCH ANGLE: 0.000000
UPSTREAM SEGMENT: 693
BRANCH SEGMENT: 0
BOUNDARY CONDITIONS TYPE: NOBOUND
INLET DATA TABLE: NONE
--- 
SEGMENT N.: 695
NAME: branch0_seg695
ID: 695
LENGTH: 0.010135
NUM ELEMENTS: 5
IN NODE: 695
OUT NODE: 696
IN AREA: 0.079823
OUT AREA: 0.079832
IN FLOW: 0.000000
MAT DATATABLE NAME: MAT1
LOSS TYPE: STENOSIS
BRANCH ANGLE: 0.000000
UPSTREAM SEGMENT: 694
BRANCH SEGMENT: 0
BOUNDARY CONDITIONS TYPE: NOBOUND
INLET DATA TABLE: NONE
--- 
SEGMENT N.: 696
NAME: branch0_seg696
ID: 696
LENGTH: 0.010135
NUM ELEMENTS: 5
IN NODE: 696
OUT NODE: 697
IN AREA: 0.027174
OUT AREA: 0.079835
IN FLOW: 0.000000
MAT DATATABLE NAME: MAT1
LOSS TYPE: STENOSIS
BRANCH ANGLE: 0.000000
UPSTREAM SEGMENT: 695
BRANCH SEGMENT: 0
BOUNDARY CONDITIONS TYPE: NOBOUND
INLET DATA TABLE: NONE
--- 
SEGMENT N.: 697
NAME: branch0_seg697
ID: 697
LENGTH: 0.010135
NUM ELEMENTS: 5
IN NODE: 697
OUT NODE: 698
IN AREA: 0.079838
OUT AREA: 0.079848
IN FLOW: 0.000000
MAT DATATABLE NAME: MAT1
LOSS TYPE: STENOSIS
BRANCH ANGLE: 0.000000
UPSTREAM SEGMENT: 696
BRANCH SEGMENT: 0
BOUNDARY CONDITIONS TYPE: NOBOUND
INLET DATA TABLE: NONE
--- 
SEGMENT N.: 698
NAME: branch0_seg698
ID: 698
LENGTH: 0.010135
NUM ELEMENTS: 5
IN NODE: 698
OUT NODE: 699
IN AREA: 0.079856
OUT AREA: 0.079863
IN FLOW: 0.000000
MAT DATATABLE NAME: MAT1
LOSS TYPE: STENOSIS
BRANCH ANGLE: 0.000000
UPSTREAM SEGMENT: 697
BRANCH SEGMENT: 0
BOUNDARY CONDITIONS TYPE: NOBOUND
INLET DATA TABLE: NONE
--- 
SEGMENT N.: 699
NAME: branch0_seg699
ID: 699
LENGTH: 0.010135
NUM ELEMENTS: 5
IN NODE: 699
OUT NODE: 700
IN AREA: 0.079865
OUT AREA: 0.079877
IN FLOW: 0.000000
MAT DATATABLE NAME: MAT1
LOSS TYPE: STENOSIS
BRANCH ANGLE: 0.000000
UPSTREAM SEGMENT: 698
BRANCH SEGMENT: 0
BOUNDARY CONDITIONS TYPE: NOBOUND
INLET DATA TABLE: NONE
--- 
SEGMENT N.: 700
NAME: branch0_seg700
ID: 700
LENGTH: 0.010135
NUM ELEMENTS: 5
IN NODE: 700
OUT NODE: 701
IN AREA: 0.079887
OUT AREA: 0.079896
IN FLOW: 0.000000
MAT DATATABLE NAME: MAT1
LOSS TYPE: STENOSIS
BRANCH ANGLE: 0.000000
UPSTREAM SEGMENT: 699
BRANCH SEGMENT: 0
BOUNDARY CONDITIONS TYPE: NOBOUND
INLET DATA TABLE: NONE
--- 
SEGMENT N.: 701
NAME: branch0_seg701
ID: 701
LENGTH: 0.010135
NUM ELEMENTS: 5
IN NODE: 701
OUT NODE: 702
IN AREA: 0.079895
OUT AREA: 0.079922
IN FLOW: 0.000000
MAT DATATABLE NAME: MAT1
LOSS TYPE: STENOSIS
BRANCH ANGLE: 0.000000
UPSTREAM SEGMENT: 700
BRANCH SEGMENT: 0
BOUNDARY CONDITIONS TYPE: NOBOUND
INLET DATA TABLE: NONE
--- 
SEGMENT N.: 702
NAME: branch0_seg702
ID: 702
LENGTH: 0.010135
NUM ELEMENTS: 5
IN NODE: 702
OUT NODE: 703
IN AREA: 0.079931
OUT AREA: 0.079927
IN FLOW: 0.000000
MAT DATATABLE NAME: MAT1
LOSS TYPE: STENOSIS
BRANCH ANGLE: 0.000000
UPSTREAM SEGMENT: 701
BRANCH SEGMENT: 0
BOUNDARY CONDITIONS TYPE: NOBOUND
INLET DATA TABLE: NONE
--- 
SEGMENT N.: 703
NAME: branch0_seg703
ID: 703
LENGTH: 0.010135
NUM ELEMENTS: 5
IN NODE: 703
OUT NODE: 704
IN AREA: 0.079932
OUT AREA: 0.079947
IN FLOW: 0.000000
MAT DATATABLE NAME: MAT1
LOSS TYPE: STENOSIS
BRANCH ANGLE: 0.000000
UPSTREAM SEGMENT: 702
BRANCH SEGMENT: 0
BOUNDARY CONDITIONS TYPE: NOBOUND
INLET DATA TABLE: NONE
--- 
SEGMENT N.: 704
NAME: branch0_seg704
ID: 704
LENGTH: 0.010135
NUM ELEMENTS: 5
IN NODE: 704
OUT NODE: 705
IN AREA: 0.079954
OUT AREA: 0.079953
IN FLOW: 0.000000
MAT DATATABLE NAME: MAT1
LOSS TYPE: STENOSIS
BRANCH ANGLE: 0.000000
UPSTREAM SEGMENT: 703
BRANCH SEGMENT: 0
BOUNDARY CONDITIONS TYPE: NOBOUND
INLET DATA TABLE: NONE
--- 
SEGMENT N.: 705
NAME: branch0_seg705
ID: 705
LENGTH: 0.010135
NUM ELEMENTS: 5
IN NODE: 705
OUT NODE: 706
IN AREA: 0.079950
OUT AREA: 0.079951
IN FLOW: 0.000000
MAT DATATABLE NAME: MAT1
LOSS TYPE: STENOSIS
BRANCH ANGLE: 0.000000
UPSTREAM SEGMENT: 704
BRANCH SEGMENT: 0
BOUNDARY CONDITIONS TYPE: NOBOUND
INLET DATA TABLE: NONE
--- 
SEGMENT N.: 706
NAME: branch0_seg706
ID: 706
LENGTH: 0.010135
NUM ELEMENTS: 5
IN NODE: 706
OUT NODE: 707
IN AREA: 0.079957
OUT AREA: 0.079953
IN FLOW: 0.000000
MAT DATATABLE NAME: MAT1
LOSS TYPE: STENOSIS
BRANCH ANGLE: 0.000000
UPSTREAM SEGMENT: 705
BRANCH SEGMENT: 0
BOUNDARY CONDITIONS TYPE: NOBOUND
INLET DATA TABLE: NONE
--- 
SEGMENT N.: 707
NAME: branch0_seg707
ID: 707
LENGTH: 0.010135
NUM ELEMENTS: 5
IN NODE: 707
OUT NODE: 708
IN AREA: 0.079946
OUT AREA: 0.079938
IN FLOW: 0.000000
MAT DATATABLE NAME: MAT1
LOSS TYPE: STENOSIS
BRANCH ANGLE: 0.000000
UPSTREAM SEGMENT: 706
BRANCH SEGMENT: 0
BOUNDARY CONDITIONS TYPE: NOBOUND
INLET DATA TABLE: NONE
--- 
SEGMENT N.: 708
NAME: branch0_seg708
ID: 708
LENGTH: 0.010135
NUM ELEMENTS: 5
IN NODE: 708
OUT NODE: 709
IN AREA: 0.079929
OUT AREA: 0.079920
IN FLOW: 0.000000
MAT DATATABLE NAME: MAT1
LOSS TYPE: STENOSIS
BRANCH ANGLE: 0.000000
UPSTREAM SEGMENT: 707
BRANCH SEGMENT: 0
BOUNDARY CONDITIONS TYPE: NOBOUND
INLET DATA TABLE: NONE
--- 
SEGMENT N.: 709
NAME: branch0_seg709
ID: 709
LENGTH: 0.010135
NUM ELEMENTS: 5
IN NODE: 709
OUT NODE: 710
IN AREA: 0.079919
OUT AREA: 0.079915
IN FLOW: 0.000000
MAT DATATABLE NAME: MAT1
LOSS TYPE: STENOSIS
BRANCH ANGLE: 0.000000
UPSTREAM SEGMENT: 708
BRANCH SEGMENT: 0
BOUNDARY CONDITIONS TYPE: NOBOUND
INLET DATA TABLE: NONE
--- 
SEGMENT N.: 710
NAME: branch0_seg710
ID: 710
LENGTH: 0.010135
NUM ELEMENTS: 5
IN NODE: 710
OUT NODE: 711
IN AREA: 0.079912
OUT AREA: 0.079905
IN FLOW: 0.000000
MAT DATATABLE NAME: MAT1
LOSS TYPE: STENOSIS
BRANCH ANGLE: 0.000000
UPSTREAM SEGMENT: 709
BRANCH SEGMENT: 0
BOUNDARY CONDITIONS TYPE: NOBOUND
INLET DATA TABLE: NONE
--- 
SEGMENT N.: 711
NAME: branch0_seg711
ID: 711
LENGTH: 0.010135
NUM ELEMENTS: 5
IN NODE: 711
OUT NODE: 712
IN AREA: 0.079900
OUT AREA: 0.079898
IN FLOW: 0.000000
MAT DATATABLE NAME: MAT1
LOSS TYPE: STENOSIS
BRANCH ANGLE: 0.000000
UPSTREAM SEGMENT: 710
BRANCH SEGMENT: 0
BOUNDARY CONDITIONS TYPE: NOBOUND
INLET DATA TABLE: NONE
--- 
SEGMENT N.: 712
NAME: branch0_seg712
ID: 712
LENGTH: 0.010135
NUM ELEMENTS: 5
IN NODE: 712
OUT NODE: 713
IN AREA: 0.079895
OUT AREA: 0.079891
IN FLOW: 0.000000
MAT DATATABLE NAME: MAT1
LOSS TYPE: STENOSIS
BRANCH ANGLE: 0.000000
UPSTREAM SEGMENT: 711
BRANCH SEGMENT: 0
BOUNDARY CONDITIONS TYPE: NOBOUND
INLET DATA TABLE: NONE
--- 
SEGMENT N.: 713
NAME: branch0_seg713
ID: 713
LENGTH: 0.010135
NUM ELEMENTS: 5
IN NODE: 713
OUT NODE: 714
IN AREA: 0.079888
OUT AREA: 0.079887
IN FLOW: 0.000000
MAT DATATABLE NAME: MAT1
LOSS TYPE: STENOSIS
BRANCH ANGLE: 0.000000
UPSTREAM SEGMENT: 712
BRANCH SEGMENT: 0
BOUNDARY CONDITIONS TYPE: NOBOUND
INLET DATA TABLE: NONE
--- 
SEGMENT N.: 714
NAME: branch0_seg714
ID: 714
LENGTH: 0.010135
NUM ELEMENTS: 5
IN NODE: 714
OUT NODE: 715
IN AREA: 0.079883
OUT AREA: 0.079882
IN FLOW: 0.000000
MAT DATATABLE NAME: MAT1
LOSS TYPE: STENOSIS
BRANCH ANGLE: 0.000000
UPSTREAM SEGMENT: 713
BRANCH SEGMENT: 0
BOUNDARY CONDITIONS TYPE: NOBOUND
INLET DATA TABLE: NONE
--- 
SEGMENT N.: 715
NAME: branch0_seg715
ID: 715
LENGTH: 0.010135
NUM ELEMENTS: 5
IN NODE: 715
OUT NODE: 716
IN AREA: 0.079883
OUT AREA: 0.079884
IN FLOW: 0.000000
MAT DATATABLE NAME: MAT1
LOSS TYPE: STENOSIS
BRANCH ANGLE: 0.000000
UPSTREAM SEGMENT: 714
BRANCH SEGMENT: 0
BOUNDARY CONDITIONS TYPE: NOBOUND
INLET DATA TABLE: NONE
--- 
SEGMENT N.: 716
NAME: branch0_seg716
ID: 716
LENGTH: 0.010135
NUM ELEMENTS: 5
IN NODE: 716
OUT NODE: 717
IN AREA: 0.079887
OUT AREA: 0.079879
IN FLOW: 0.000000
MAT DATATABLE NAME: MAT1
LOSS TYPE: STENOSIS
BRANCH ANGLE: 0.000000
UPSTREAM SEGMENT: 715
BRANCH SEGMENT: 0
BOUNDARY CONDITIONS TYPE: NOBOUND
INLET DATA TABLE: NONE
--- 
SEGMENT N.: 717
NAME: branch0_seg717
ID: 717
LENGTH: 0.010135
NUM ELEMENTS: 5
IN NODE: 717
OUT NODE: 718
IN AREA: 0.079877
OUT AREA: 0.079871
IN FLOW: 0.000000
MAT DATATABLE NAME: MAT1
LOSS TYPE: STENOSIS
BRANCH ANGLE: 0.000000
UPSTREAM SEGMENT: 716
BRANCH SEGMENT: 0
BOUNDARY CONDITIONS TYPE: NOBOUND
INLET DATA TABLE: NONE
--- 
SEGMENT N.: 718
NAME: branch0_seg718
ID: 718
LENGTH: 0.010135
NUM ELEMENTS: 5
IN NODE: 718
OUT NODE: 719
IN AREA: 0.079871
OUT AREA: 0.079874
IN FLOW: 0.000000
MAT DATATABLE NAME: MAT1
LOSS TYPE: STENOSIS
BRANCH ANGLE: 0.000000
UPSTREAM SEGMENT: 717
BRANCH SEGMENT: 0
BOUNDARY CONDITIONS TYPE: NOBOUND
INLET DATA TABLE: NONE
--- 
SEGMENT N.: 719
NAME: branch0_seg719
ID: 719
LENGTH: 0.010135
NUM ELEMENTS: 5
IN NODE: 719
OUT NODE: 720
IN AREA: 0.079879
OUT AREA: 0.079882
IN FLOW: 0.000000
MAT DATATABLE NAME: MAT1
LOSS TYPE: STENOSIS
BRANCH ANGLE: 0.000000
UPSTREAM SEGMENT: 718
BRANCH SEGMENT: 0
BOUNDARY CONDITIONS TYPE: NOBOUND
INLET DATA TABLE: NONE
--- 
SEGMENT N.: 720
NAME: branch0_seg720
ID: 720
LENGTH: 0.010135
NUM ELEMENTS: 5
IN NODE: 720
OUT NODE: 721
IN AREA: 0.079887
OUT AREA: 0.079903
IN FLOW: 0.000000
MAT DATATABLE NAME: MAT1
LOSS TYPE: STENOSIS
BRANCH ANGLE: 0.000000
UPSTREAM SEGMENT: 719
BRANCH SEGMENT: 0
BOUNDARY CONDITIONS TYPE: NOBOUND
INLET DATA TABLE: NONE
--- 
SEGMENT N.: 721
NAME: branch0_seg721
ID: 721
LENGTH: 0.010135
NUM ELEMENTS: 5
IN NODE: 721
OUT NODE: 722
IN AREA: 0.079910
OUT AREA: 0.079921
IN FLOW: 0.000000
MAT DATATABLE NAME: MAT1
LOSS TYPE: STENOSIS
BRANCH ANGLE: 0.000000
UPSTREAM SEGMENT: 720
BRANCH SEGMENT: 0
BOUNDARY CONDITIONS TYPE: NOBOUND
INLET DATA TABLE: NONE
--- 
SEGMENT N.: 722
NAME: branch0_seg722
ID: 722
LENGTH: 0.010135
NUM ELEMENTS: 5
IN NODE: 722
OUT NODE: 723
IN AREA: 0.079922
OUT AREA: 0.079926
IN FLOW: 0.000000
MAT DATATABLE NAME: MAT1
LOSS TYPE: STENOSIS
BRANCH ANGLE: 0.000000
UPSTREAM SEGMENT: 721
BRANCH SEGMENT: 0
BOUNDARY CONDITIONS TYPE: NOBOUND
INLET DATA TABLE: NONE
--- 
SEGMENT N.: 723
NAME: branch0_seg723
ID: 723
LENGTH: 0.010135
NUM ELEMENTS: 5
IN NODE: 723
OUT NODE: 724
IN AREA: 0.079928
OUT AREA: 0.079936
IN FLOW: 0.000000
MAT DATATABLE NAME: MAT1
LOSS TYPE: STENOSIS
BRANCH ANGLE: 0.000000
UPSTREAM SEGMENT: 722
BRANCH SEGMENT: 0
BOUNDARY CONDITIONS TYPE: NOBOUND
INLET DATA TABLE: NONE
--- 
SEGMENT N.: 724
NAME: branch0_seg724
ID: 724
LENGTH: 0.010135
NUM ELEMENTS: 5
IN NODE: 724
OUT NODE: 725
IN AREA: 0.079937
OUT AREA: 0.079932
IN FLOW: 0.000000
MAT DATATABLE NAME: MAT1
LOSS TYPE: STENOSIS
BRANCH ANGLE: 0.000000
UPSTREAM SEGMENT: 723
BRANCH SEGMENT: 0
BOUNDARY CONDITIONS TYPE: NOBOUND
INLET DATA TABLE: NONE
--- 
SEGMENT N.: 725
NAME: branch0_seg725
ID: 725
LENGTH: 0.010135
NUM ELEMENTS: 5
IN NODE: 725
OUT NODE: 726
IN AREA: 0.079927
OUT AREA: 0.079920
IN FLOW: 0.000000
MAT DATATABLE NAME: MAT1
LOSS TYPE: STENOSIS
BRANCH ANGLE: 0.000000
UPSTREAM SEGMENT: 724
BRANCH SEGMENT: 0
BOUNDARY CONDITIONS TYPE: NOBOUND
INLET DATA TABLE: NONE
--- 
SEGMENT N.: 726
NAME: branch0_seg726
ID: 726
LENGTH: 0.010135
NUM ELEMENTS: 5
IN NODE: 726
OUT NODE: 727
IN AREA: 0.079918
OUT AREA: 0.079908
IN FLOW: 0.000000
MAT DATATABLE NAME: MAT1
LOSS TYPE: STENOSIS
BRANCH ANGLE: 0.000000
UPSTREAM SEGMENT: 725
BRANCH SEGMENT: 0
BOUNDARY CONDITIONS TYPE: NOBOUND
INLET DATA TABLE: NONE
--- 
SEGMENT N.: 727
NAME: branch0_seg727
ID: 727
LENGTH: 0.010135
NUM ELEMENTS: 5
IN NODE: 727
OUT NODE: 728
IN AREA: 0.079908
OUT AREA: 0.079910
IN FLOW: 0.000000
MAT DATATABLE NAME: MAT1
LOSS TYPE: STENOSIS
BRANCH ANGLE: 0.000000
UPSTREAM SEGMENT: 726
BRANCH SEGMENT: 0
BOUNDARY CONDITIONS TYPE: NOBOUND
INLET DATA TABLE: NONE
--- 
SEGMENT N.: 728
NAME: branch0_seg728
ID: 728
LENGTH: 0.010135
NUM ELEMENTS: 5
IN NODE: 728
OUT NODE: 729
IN AREA: 0.079908
OUT AREA: 0.079907
IN FLOW: 0.000000
MAT DATATABLE NAME: MAT1
LOSS TYPE: STENOSIS
BRANCH ANGLE: 0.000000
UPSTREAM SEGMENT: 727
BRANCH SEGMENT: 0
BOUNDARY CONDITIONS TYPE: NOBOUND
INLET DATA TABLE: NONE
--- 
SEGMENT N.: 729
NAME: branch0_seg729
ID: 729
LENGTH: 0.010135
NUM ELEMENTS: 5
IN NODE: 729
OUT NODE: 730
IN AREA: 0.079908
OUT AREA: 0.079903
IN FLOW: 0.000000
MAT DATATABLE NAME: MAT1
LOSS TYPE: STENOSIS
BRANCH ANGLE: 0.000000
UPSTREAM SEGMENT: 728
BRANCH SEGMENT: 0
BOUNDARY CONDITIONS TYPE: NOBOUND
INLET DATA TABLE: NONE
--- 
SEGMENT N.: 730
NAME: branch0_seg730
ID: 730
LENGTH: 0.010135
NUM ELEMENTS: 5
IN NODE: 730
OUT NODE: 731
IN AREA: 0.079903
OUT AREA: 0.079901
IN FLOW: 0.000000
MAT DATATABLE NAME: MAT1
LOSS TYPE: STENOSIS
BRANCH ANGLE: 0.000000
UPSTREAM SEGMENT: 729
BRANCH SEGMENT: 0
BOUNDARY CONDITIONS TYPE: NOBOUND
INLET DATA TABLE: NONE
--- 
SEGMENT N.: 731
NAME: branch0_seg731
ID: 731
LENGTH: 0.010135
NUM ELEMENTS: 5
IN NODE: 731
OUT NODE: 732
IN AREA: 0.079900
OUT AREA: 0.079895
IN FLOW: 0.000000
MAT DATATABLE NAME: MAT1
LOSS TYPE: STENOSIS
BRANCH ANGLE: 0.000000
UPSTREAM SEGMENT: 730
BRANCH SEGMENT: 0
BOUNDARY CONDITIONS TYPE: NOBOUND
INLET DATA TABLE: NONE
--- 
SEGMENT N.: 732
NAME: branch0_seg732
ID: 732
LENGTH: 0.010135
NUM ELEMENTS: 5
IN NODE: 732
OUT NODE: 733
IN AREA: 0.079893
OUT AREA: 0.079892
IN FLOW: 0.000000
MAT DATATABLE NAME: MAT1
LOSS TYPE: STENOSIS
BRANCH ANGLE: 0.000000
UPSTREAM SEGMENT: 731
BRANCH SEGMENT: 0
BOUNDARY CONDITIONS TYPE: NOBOUND
INLET DATA TABLE: NONE
--- 
SEGMENT N.: 733
NAME: branch0_seg733
ID: 733
LENGTH: 0.010135
NUM ELEMENTS: 5
IN NODE: 733
OUT NODE: 734
IN AREA: 0.079892
OUT AREA: 0.079884
IN FLOW: 0.000000
MAT DATATABLE NAME: MAT1
LOSS TYPE: STENOSIS
BRANCH ANGLE: 0.000000
UPSTREAM SEGMENT: 732
BRANCH SEGMENT: 0
BOUNDARY CONDITIONS TYPE: NOBOUND
INLET DATA TABLE: NONE
--- 
SEGMENT N.: 734
NAME: branch0_seg734
ID: 734
LENGTH: 0.010135
NUM ELEMENTS: 5
IN NODE: 734
OUT NODE: 735
IN AREA: 0.079882
OUT AREA: 0.079892
IN FLOW: 0.000000
MAT DATATABLE NAME: MAT1
LOSS TYPE: STENOSIS
BRANCH ANGLE: 0.000000
UPSTREAM SEGMENT: 733
BRANCH SEGMENT: 0
BOUNDARY CONDITIONS TYPE: NOBOUND
INLET DATA TABLE: NONE
--- 
SEGMENT N.: 735
NAME: branch0_seg735
ID: 735
LENGTH: 0.010135
NUM ELEMENTS: 5
IN NODE: 735
OUT NODE: 736
IN AREA: 0.079891
OUT AREA: 0.079904
IN FLOW: 0.000000
MAT DATATABLE NAME: MAT1
LOSS TYPE: STENOSIS
BRANCH ANGLE: 0.000000
UPSTREAM SEGMENT: 734
BRANCH SEGMENT: 0
BOUNDARY CONDITIONS TYPE: NOBOUND
INLET DATA TABLE: NONE
--- 
SEGMENT N.: 736
NAME: branch0_seg736
ID: 736
LENGTH: 0.010135
NUM ELEMENTS: 5
IN NODE: 736
OUT NODE: 737
IN AREA: 0.079910
OUT AREA: 0.079914
IN FLOW: 0.000000
MAT DATATABLE NAME: MAT1
LOSS TYPE: STENOSIS
BRANCH ANGLE: 0.000000
UPSTREAM SEGMENT: 735
BRANCH SEGMENT: 0
BOUNDARY CONDITIONS TYPE: NOBOUND
INLET DATA TABLE: NONE
--- 
SEGMENT N.: 737
NAME: branch0_seg737
ID: 737
LENGTH: 0.010135
NUM ELEMENTS: 5
IN NODE: 737
OUT NODE: 738
IN AREA: 0.079918
OUT AREA: 0.079912
IN FLOW: 0.000000
MAT DATATABLE NAME: MAT1
LOSS TYPE: STENOSIS
BRANCH ANGLE: 0.000000
UPSTREAM SEGMENT: 736
BRANCH SEGMENT: 0
BOUNDARY CONDITIONS TYPE: NOBOUND
INLET DATA TABLE: NONE
--- 
SEGMENT N.: 738
NAME: branch0_seg738
ID: 738
LENGTH: 0.010135
NUM ELEMENTS: 5
IN NODE: 738
OUT NODE: 739
IN AREA: 0.079913
OUT AREA: 0.079917
IN FLOW: 0.000000
MAT DATATABLE NAME: MAT1
LOSS TYPE: STENOSIS
BRANCH ANGLE: 0.000000
UPSTREAM SEGMENT: 737
BRANCH SEGMENT: 0
BOUNDARY CONDITIONS TYPE: NOBOUND
INLET DATA TABLE: NONE
--- 
SEGMENT N.: 739
NAME: branch0_seg739
ID: 739
LENGTH: 0.010135
NUM ELEMENTS: 5
IN NODE: 739
OUT NODE: 740
IN AREA: 0.079915
OUT AREA: 0.079917
IN FLOW: 0.000000
MAT DATATABLE NAME: MAT1
LOSS TYPE: STENOSIS
BRANCH ANGLE: 0.000000
UPSTREAM SEGMENT: 738
BRANCH SEGMENT: 0
BOUNDARY CONDITIONS TYPE: NOBOUND
INLET DATA TABLE: NONE
--- 
SEGMENT N.: 740
NAME: branch0_seg740
ID: 740
LENGTH: 0.010135
NUM ELEMENTS: 5
IN NODE: 740
OUT NODE: 741
IN AREA: 0.079918
OUT AREA: 0.079915
IN FLOW: 0.000000
MAT DATATABLE NAME: MAT1
LOSS TYPE: STENOSIS
BRANCH ANGLE: 0.000000
UPSTREAM SEGMENT: 739
BRANCH SEGMENT: 0
BOUNDARY CONDITIONS TYPE: NOBOUND
INLET DATA TABLE: NONE
--- 
SEGMENT N.: 741
NAME: branch0_seg741
ID: 741
LENGTH: 0.010135
NUM ELEMENTS: 5
IN NODE: 741
OUT NODE: 742
IN AREA: 0.079912
OUT AREA: 0.038906
IN FLOW: 0.000000
MAT DATATABLE NAME: MAT1
LOSS TYPE: STENOSIS
BRANCH ANGLE: 0.000000
UPSTREAM SEGMENT: 740
BRANCH SEGMENT: 0
BOUNDARY CONDITIONS TYPE: NOBOUND
INLET DATA TABLE: NONE
--- 
SEGMENT N.: 742
NAME: branch0_seg742
ID: 742
LENGTH: 0.010135
NUM ELEMENTS: 5
IN NODE: 742
OUT NODE: 743
IN AREA: 0.079917
OUT AREA: 0.079917
IN FLOW: 0.000000
MAT DATATABLE NAME: MAT1
LOSS TYPE: STENOSIS
BRANCH ANGLE: 0.000000
UPSTREAM SEGMENT: 741
BRANCH SEGMENT: 0
BOUNDARY CONDITIONS TYPE: NOBOUND
INLET DATA TABLE: NONE
--- 
SEGMENT N.: 743
NAME: branch0_seg743
ID: 743
LENGTH: 0.010135
NUM ELEMENTS: 5
IN NODE: 743
OUT NODE: 744
IN AREA: 0.079916
OUT AREA: 0.079883
IN FLOW: 0.000000
MAT DATATABLE NAME: MAT1
LOSS TYPE: STENOSIS
BRANCH ANGLE: 0.000000
UPSTREAM SEGMENT: 742
BRANCH SEGMENT: 0
BOUNDARY CONDITIONS TYPE: NOBOUND
INLET DATA TABLE: NONE
--- 
SEGMENT N.: 744
NAME: branch0_seg744
ID: 744
LENGTH: 0.010135
NUM ELEMENTS: 5
IN NODE: 744
OUT NODE: 745
IN AREA: 0.079874
OUT AREA: 0.079814
IN FLOW: 0.000000
MAT DATATABLE NAME: MAT1
LOSS TYPE: STENOSIS
BRANCH ANGLE: 0.000000
UPSTREAM SEGMENT: 743
BRANCH SEGMENT: 0
BOUNDARY CONDITIONS TYPE: NOBOUND
INLET DATA TABLE: NONE
--- 
SEGMENT N.: 745
NAME: branch0_seg745
ID: 745
LENGTH: 0.010135
NUM ELEMENTS: 5
IN NODE: 745
OUT NODE: 746
IN AREA: 0.079797
OUT AREA: 0.079739
IN FLOW: 0.000000
MAT DATATABLE NAME: MAT1
LOSS TYPE: STENOSIS
BRANCH ANGLE: 0.000000
UPSTREAM SEGMENT: 744
BRANCH SEGMENT: 0
BOUNDARY CONDITIONS TYPE: NOBOUND
INLET DATA TABLE: NONE
--- 
SEGMENT N.: 746
NAME: branch0_seg746
ID: 746
LENGTH: 0.010135
NUM ELEMENTS: 5
IN NODE: 746
OUT NODE: 747
IN AREA: 0.079704
OUT AREA: 0.079622
IN FLOW: 0.000000
MAT DATATABLE NAME: MAT1
LOSS TYPE: STENOSIS
BRANCH ANGLE: 0.000000
UPSTREAM SEGMENT: 745
BRANCH SEGMENT: 0
BOUNDARY CONDITIONS TYPE: NOBOUND
INLET DATA TABLE: NONE
--- 
SEGMENT N.: 747
NAME: branch0_seg747
ID: 747
LENGTH: 0.010135
NUM ELEMENTS: 5
IN NODE: 747
OUT NODE: 748
IN AREA: 0.076358
OUT AREA: 0.079545
IN FLOW: 0.000000
MAT DATATABLE NAME: MAT1
LOSS TYPE: STENOSIS
BRANCH ANGLE: 0.000000
UPSTREAM SEGMENT: 746
BRANCH SEGMENT: 0
BOUNDARY CONDITIONS TYPE: NOBOUND
INLET DATA TABLE: NONE
--- 
SEGMENT N.: 748
NAME: branch0_seg748
ID: 748
LENGTH: 0.010135
NUM ELEMENTS: 5
IN NODE: 748
OUT NODE: 749
IN AREA: 0.079532
OUT AREA: 0.079574
IN FLOW: 0.000000
MAT DATATABLE NAME: MAT1
LOSS TYPE: STENOSIS
BRANCH ANGLE: 0.000000
UPSTREAM SEGMENT: 747
BRANCH SEGMENT: 0
BOUNDARY CONDITIONS TYPE: NOBOUND
INLET DATA TABLE: NONE
--- 
SEGMENT N.: 749
NAME: branch0_seg749
ID: 749
LENGTH: 0.010135
NUM ELEMENTS: 5
IN NODE: 749
OUT NODE: 750
IN AREA: 0.079789
OUT AREA: 0.079789
IN FLOW: 0.000000
MAT DATATABLE NAME: MAT1
LOSS TYPE: STENOSIS
BRANCH ANGLE: 0.000000
UPSTREAM SEGMENT: 748
BRANCH SEGMENT: 0
BOUNDARY CONDITIONS TYPE: NOBOUND
INLET DATA TABLE: NONE
--- 
SEGMENT N.: 750
NAME: branch0_seg750
ID: 750
LENGTH: 0.010135
NUM ELEMENTS: 5
IN NODE: 750
OUT NODE: 751
IN AREA: 0.080677
OUT AREA: 0.080677
IN FLOW: 0.000000
MAT DATATABLE NAME: MAT1
LOSS TYPE: STENOSIS
BRANCH ANGLE: 0.000000
UPSTREAM SEGMENT: 749
BRANCH SEGMENT: 0
BOUNDARY CONDITIONS TYPE: NOBOUND
INLET DATA TABLE: NONE
--- 
SEGMENT N.: 751
NAME: branch0_seg751
ID: 751
LENGTH: 0.010135
NUM ELEMENTS: 5
IN NODE: 751
OUT NODE: 752
IN AREA: 0.082933
OUT AREA: 0.082933
IN FLOW: 0.000000
MAT DATATABLE NAME: MAT1
LOSS TYPE: STENOSIS
BRANCH ANGLE: 0.000000
UPSTREAM SEGMENT: 750
BRANCH SEGMENT: 0
BOUNDARY CONDITIONS TYPE: NOBOUND
INLET DATA TABLE: NONE
--- 
SEGMENT N.: 752
NAME: branch0_seg752
ID: 752
LENGTH: 0.010135
NUM ELEMENTS: 5
IN NODE: 752
OUT NODE: 753
IN AREA: 0.086827
OUT AREA: 0.086827
IN FLOW: 0.000000
MAT DATATABLE NAME: MAT1
LOSS TYPE: STENOSIS
BRANCH ANGLE: 0.000000
UPSTREAM SEGMENT: 751
BRANCH SEGMENT: 0
BOUNDARY CONDITIONS TYPE: NOBOUND
INLET DATA TABLE: NONE
--- 
SEGMENT N.: 753
NAME: branch0_seg753
ID: 753
LENGTH: 0.010135
NUM ELEMENTS: 5
IN NODE: 753
OUT NODE: 754
IN AREA: 0.086827
OUT AREA: 0.086827
IN FLOW: 0.000000
MAT DATATABLE NAME: MAT1
LOSS TYPE: STENOSIS
BRANCH ANGLE: 0.000000
UPSTREAM SEGMENT: 752
BRANCH SEGMENT: 0
BOUNDARY CONDITIONS TYPE: NOBOUND
INLET DATA TABLE: NONE
--- 
SEGMENT N.: 754
NAME: branch0_seg754
ID: 754
LENGTH: 0.010135
NUM ELEMENTS: 5
IN NODE: 754
OUT NODE: 755
IN AREA: 0.090592
OUT AREA: 0.093051
IN FLOW: 0.000000
MAT DATATABLE NAME: MAT1
LOSS TYPE: STENOSIS
BRANCH ANGLE: 0.000000
UPSTREAM SEGMENT: 753
BRANCH SEGMENT: 0
BOUNDARY CONDITIONS TYPE: NOBOUND
INLET DATA TABLE: NONE
--- 
SEGMENT N.: 755
NAME: branch0_seg755
ID: 755
LENGTH: 0.010135
NUM ELEMENTS: 5
IN NODE: 755
OUT NODE: 756
IN AREA: 0.094576
OUT AREA: 0.094576
IN FLOW: 0.000000
MAT DATATABLE NAME: MAT1
LOSS TYPE: STENOSIS
BRANCH ANGLE: 0.000000
UPSTREAM SEGMENT: 754
BRANCH SEGMENT: 0
BOUNDARY CONDITIONS TYPE: NOBOUND
INLET DATA TABLE: NONE
--- 
SEGMENT N.: 756
NAME: branch0_seg756
ID: 756
LENGTH: 0.010135
NUM ELEMENTS: 5
IN NODE: 756
OUT NODE: 757
IN AREA: 0.086047
OUT AREA: 0.086047
IN FLOW: 0.000000
MAT DATATABLE NAME: MAT1
LOSS TYPE: STENOSIS
BRANCH ANGLE: 0.000000
UPSTREAM SEGMENT: 755
BRANCH SEGMENT: 0
BOUNDARY CONDITIONS TYPE: NOBOUND
INLET DATA TABLE: NONE
--- 
SEGMENT N.: 757
NAME: branch0_seg757
ID: 757
LENGTH: 0.010135
NUM ELEMENTS: 5
IN NODE: 757
OUT NODE: 758
IN AREA: 0.095871
OUT AREA: 0.096147
IN FLOW: 0.000000
MAT DATATABLE NAME: MAT1
LOSS TYPE: STENOSIS
BRANCH ANGLE: 0.000000
UPSTREAM SEGMENT: 756
BRANCH SEGMENT: 0
BOUNDARY CONDITIONS TYPE: NOBOUND
INLET DATA TABLE: NONE
--- 
SEGMENT N.: 758
NAME: branch0_seg758
ID: 758
LENGTH: 0.010135
NUM ELEMENTS: 5
IN NODE: 758
OUT NODE: 759
IN AREA: 0.096370
OUT AREA: 0.095895
IN FLOW: 0.000000
MAT DATATABLE NAME: MAT1
LOSS TYPE: STENOSIS
BRANCH ANGLE: 0.000000
UPSTREAM SEGMENT: 757
BRANCH SEGMENT: 0
BOUNDARY CONDITIONS TYPE: NOBOUND
INLET DATA TABLE: NONE
--- 
SEGMENT N.: 759
NAME: branch0_seg759
ID: 759
LENGTH: 0.010135
NUM ELEMENTS: 5
IN NODE: 759
OUT NODE: 760
IN AREA: 0.095832
OUT AREA: 0.095721
IN FLOW: 0.000000
MAT DATATABLE NAME: MAT1
LOSS TYPE: STENOSIS
BRANCH ANGLE: 0.000000
UPSTREAM SEGMENT: 758
BRANCH SEGMENT: 0
BOUNDARY CONDITIONS TYPE: NOBOUND
INLET DATA TABLE: NONE
--- 
SEGMENT N.: 760
NAME: branch0_seg760
ID: 760
LENGTH: 0.010135
NUM ELEMENTS: 5
IN NODE: 760
OUT NODE: 761
IN AREA: 0.095696
OUT AREA: 0.095641
IN FLOW: 0.000000
MAT DATATABLE NAME: MAT1
LOSS TYPE: STENOSIS
BRANCH ANGLE: 0.000000
UPSTREAM SEGMENT: 759
BRANCH SEGMENT: 0
BOUNDARY CONDITIONS TYPE: NOBOUND
INLET DATA TABLE: NONE
--- 
SEGMENT N.: 761
NAME: branch0_seg761
ID: 761
LENGTH: 0.010135
NUM ELEMENTS: 5
IN NODE: 761
OUT NODE: 762
IN AREA: 0.095631
OUT AREA: 0.040170
IN FLOW: 0.000000
MAT DATATABLE NAME: MAT1
LOSS TYPE: STENOSIS
BRANCH ANGLE: 0.000000
UPSTREAM SEGMENT: 760
BRANCH SEGMENT: 0
BOUNDARY CONDITIONS TYPE: NOBOUND
INLET DATA TABLE: NONE
--- 
SEGMENT N.: 762
NAME: branch0_seg762
ID: 762
LENGTH: 0.010135
NUM ELEMENTS: 5
IN NODE: 762
OUT NODE: 763
IN AREA: 0.095620
OUT AREA: 0.095628
IN FLOW: 0.000000
MAT DATATABLE NAME: MAT1
LOSS TYPE: STENOSIS
BRANCH ANGLE: 0.000000
UPSTREAM SEGMENT: 761
BRANCH SEGMENT: 0
BOUNDARY CONDITIONS TYPE: NOBOUND
INLET DATA TABLE: NONE
--- 
SEGMENT N.: 763
NAME: branch0_seg763
ID: 763
LENGTH: 0.010135
NUM ELEMENTS: 5
IN NODE: 763
OUT NODE: 764
IN AREA: 0.095633
OUT AREA: 0.095651
IN FLOW: 0.000000
MAT DATATABLE NAME: MAT1
LOSS TYPE: STENOSIS
BRANCH ANGLE: 0.000000
UPSTREAM SEGMENT: 762
BRANCH SEGMENT: 0
BOUNDARY CONDITIONS TYPE: NOBOUND
INLET DATA TABLE: NONE
--- 
SEGMENT N.: 764
NAME: branch0_seg764
ID: 764
LENGTH: 0.010135
NUM ELEMENTS: 5
IN NODE: 764
OUT NODE: 765
IN AREA: 0.095654
OUT AREA: 0.095643
IN FLOW: 0.000000
MAT DATATABLE NAME: MAT1
LOSS TYPE: STENOSIS
BRANCH ANGLE: 0.000000
UPSTREAM SEGMENT: 763
BRANCH SEGMENT: 0
BOUNDARY CONDITIONS TYPE: NOBOUND
INLET DATA TABLE: NONE
--- 
SEGMENT N.: 765
NAME: branch0_seg765
ID: 765
LENGTH: 0.010135
NUM ELEMENTS: 5
IN NODE: 765
OUT NODE: 766
IN AREA: 0.095639
OUT AREA: 0.095635
IN FLOW: 0.000000
MAT DATATABLE NAME: MAT1
LOSS TYPE: STENOSIS
BRANCH ANGLE: 0.000000
UPSTREAM SEGMENT: 764
BRANCH SEGMENT: 0
BOUNDARY CONDITIONS TYPE: NOBOUND
INLET DATA TABLE: NONE
--- 
SEGMENT N.: 766
NAME: branch0_seg766
ID: 766
LENGTH: 0.010135
NUM ELEMENTS: 5
IN NODE: 766
OUT NODE: 767
IN AREA: 0.095628
OUT AREA: 0.095595
IN FLOW: 0.000000
MAT DATATABLE NAME: MAT1
LOSS TYPE: STENOSIS
BRANCH ANGLE: 0.000000
UPSTREAM SEGMENT: 765
BRANCH SEGMENT: 0
BOUNDARY CONDITIONS TYPE: NOBOUND
INLET DATA TABLE: NONE
--- 
SEGMENT N.: 767
NAME: branch0_seg767
ID: 767
LENGTH: 0.010135
NUM ELEMENTS: 5
IN NODE: 767
OUT NODE: 768
IN AREA: 0.095588
OUT AREA: 0.095572
IN FLOW: 0.000000
MAT DATATABLE NAME: MAT1
LOSS TYPE: STENOSIS
BRANCH ANGLE: 0.000000
UPSTREAM SEGMENT: 766
BRANCH SEGMENT: 0
BOUNDARY CONDITIONS TYPE: NOBOUND
INLET DATA TABLE: NONE
--- 
SEGMENT N.: 768
NAME: branch0_seg768
ID: 768
LENGTH: 0.010135
NUM ELEMENTS: 5
IN NODE: 768
OUT NODE: 769
IN AREA: 0.095572
OUT AREA: 0.095570
IN FLOW: 0.000000
MAT DATATABLE NAME: MAT1
LOSS TYPE: STENOSIS
BRANCH ANGLE: 0.000000
UPSTREAM SEGMENT: 767
BRANCH SEGMENT: 0
BOUNDARY CONDITIONS TYPE: NOBOUND
INLET DATA TABLE: NONE
--- 
SEGMENT N.: 769
NAME: branch0_seg769
ID: 769
LENGTH: 0.010135
NUM ELEMENTS: 5
IN NODE: 769
OUT NODE: 770
IN AREA: 0.095570
OUT AREA: 0.095570
IN FLOW: 0.000000
MAT DATATABLE NAME: MAT1
LOSS TYPE: STENOSIS
BRANCH ANGLE: 0.000000
UPSTREAM SEGMENT: 768
BRANCH SEGMENT: 0
BOUNDARY CONDITIONS TYPE: NOBOUND
INLET DATA TABLE: NONE
--- 
SEGMENT N.: 770
NAME: branch0_seg770
ID: 770
LENGTH: 0.010135
NUM ELEMENTS: 5
IN NODE: 770
OUT NODE: 771
IN AREA: 0.095573
OUT AREA: 0.095587
IN FLOW: 0.000000
MAT DATATABLE NAME: MAT1
LOSS TYPE: STENOSIS
BRANCH ANGLE: 0.000000
UPSTREAM SEGMENT: 769
BRANCH SEGMENT: 0
BOUNDARY CONDITIONS TYPE: NOBOUND
INLET DATA TABLE: NONE
--- 
SEGMENT N.: 771
NAME: branch0_seg771
ID: 771
LENGTH: 0.010135
NUM ELEMENTS: 5
IN NODE: 771
OUT NODE: 772
IN AREA: 0.095591
OUT AREA: 0.095594
IN FLOW: 0.000000
MAT DATATABLE NAME: MAT1
LOSS TYPE: STENOSIS
BRANCH ANGLE: 0.000000
UPSTREAM SEGMENT: 770
BRANCH SEGMENT: 0
BOUNDARY CONDITIONS TYPE: NOBOUND
INLET DATA TABLE: NONE
--- 
SEGMENT N.: 772
NAME: branch0_seg772
ID: 772
LENGTH: 0.010135
NUM ELEMENTS: 5
IN NODE: 772
OUT NODE: 773
IN AREA: 0.095597
OUT AREA: 0.095598
IN FLOW: 0.000000
MAT DATATABLE NAME: MAT1
LOSS TYPE: STENOSIS
BRANCH ANGLE: 0.000000
UPSTREAM SEGMENT: 771
BRANCH SEGMENT: 0
BOUNDARY CONDITIONS TYPE: NOBOUND
INLET DATA TABLE: NONE
--- 
SEGMENT N.: 773
NAME: branch0_seg773
ID: 773
LENGTH: 0.010135
NUM ELEMENTS: 5
IN NODE: 773
OUT NODE: 774
IN AREA: 0.095593
OUT AREA: 0.095589
IN FLOW: 0.000000
MAT DATATABLE NAME: MAT1
LOSS TYPE: STENOSIS
BRANCH ANGLE: 0.000000
UPSTREAM SEGMENT: 772
BRANCH SEGMENT: 0
BOUNDARY CONDITIONS TYPE: NOBOUND
INLET DATA TABLE: NONE
--- 
SEGMENT N.: 774
NAME: branch0_seg774
ID: 774
LENGTH: 0.010135
NUM ELEMENTS: 5
IN NODE: 774
OUT NODE: 775
IN AREA: 0.095587
OUT AREA: 0.095573
IN FLOW: 0.000000
MAT DATATABLE NAME: MAT1
LOSS TYPE: STENOSIS
BRANCH ANGLE: 0.000000
UPSTREAM SEGMENT: 773
BRANCH SEGMENT: 0
BOUNDARY CONDITIONS TYPE: NOBOUND
INLET DATA TABLE: NONE
--- 
SEGMENT N.: 775
NAME: branch0_seg775
ID: 775
LENGTH: 0.010135
NUM ELEMENTS: 5
IN NODE: 775
OUT NODE: 776
IN AREA: 0.089327
OUT AREA: 0.040023
IN FLOW: 0.000000
MAT DATATABLE NAME: MAT1
LOSS TYPE: STENOSIS
BRANCH ANGLE: 0.000000
UPSTREAM SEGMENT: 774
BRANCH SEGMENT: 0
BOUNDARY CONDITIONS TYPE: NOBOUND
INLET DATA TABLE: NONE
--- 
SEGMENT N.: 776
NAME: branch0_seg776
ID: 776
LENGTH: 0.010135
NUM ELEMENTS: 5
IN NODE: 776
OUT NODE: 777
IN AREA: 0.041072
OUT AREA: 0.095560
IN FLOW: 0.000000
MAT DATATABLE NAME: MAT1
LOSS TYPE: STENOSIS
BRANCH ANGLE: 0.000000
UPSTREAM SEGMENT: 775
BRANCH SEGMENT: 0
BOUNDARY CONDITIONS TYPE: NOBOUND
INLET DATA TABLE: NONE
--- 
SEGMENT N.: 777
NAME: branch0_seg777
ID: 777
LENGTH: 0.010135
NUM ELEMENTS: 5
IN NODE: 777
OUT NODE: 778
IN AREA: 0.095560
OUT AREA: 0.095563
IN FLOW: 0.000000
MAT DATATABLE NAME: MAT1
LOSS TYPE: STENOSIS
BRANCH ANGLE: 0.000000
UPSTREAM SEGMENT: 776
BRANCH SEGMENT: 0
BOUNDARY CONDITIONS TYPE: NOBOUND
INLET DATA TABLE: NONE
--- 
SEGMENT N.: 778
NAME: branch0_seg778
ID: 778
LENGTH: 0.010135
NUM ELEMENTS: 5
IN NODE: 778
OUT NODE: 779
IN AREA: 0.095567
OUT AREA: 0.095572
IN FLOW: 0.000000
MAT DATATABLE NAME: MAT1
LOSS TYPE: STENOSIS
BRANCH ANGLE: 0.000000
UPSTREAM SEGMENT: 777
BRANCH SEGMENT: 0
BOUNDARY CONDITIONS TYPE: NOBOUND
INLET DATA TABLE: NONE
--- 
SEGMENT N.: 779
NAME: branch0_seg779
ID: 779
LENGTH: 0.010135
NUM ELEMENTS: 5
IN NODE: 779
OUT NODE: 780
IN AREA: 0.092741
OUT AREA: 0.095592
IN FLOW: 0.000000
MAT DATATABLE NAME: MAT1
LOSS TYPE: STENOSIS
BRANCH ANGLE: 0.000000
UPSTREAM SEGMENT: 778
BRANCH SEGMENT: 0
BOUNDARY CONDITIONS TYPE: NOBOUND
INLET DATA TABLE: NONE
--- 
SEGMENT N.: 780
NAME: branch0_seg780
ID: 780
LENGTH: 0.010135
NUM ELEMENTS: 5
IN NODE: 780
OUT NODE: 781
IN AREA: 0.095596
OUT AREA: 0.095600
IN FLOW: 0.000000
MAT DATATABLE NAME: MAT1
LOSS TYPE: STENOSIS
BRANCH ANGLE: 0.000000
UPSTREAM SEGMENT: 779
BRANCH SEGMENT: 0
BOUNDARY CONDITIONS TYPE: NOBOUND
INLET DATA TABLE: NONE
--- 
SEGMENT N.: 781
NAME: branch0_seg781
ID: 781
LENGTH: 0.010135
NUM ELEMENTS: 5
IN NODE: 781
OUT NODE: 782
IN AREA: 0.095602
OUT AREA: 0.095594
IN FLOW: 0.000000
MAT DATATABLE NAME: MAT1
LOSS TYPE: STENOSIS
BRANCH ANGLE: 0.000000
UPSTREAM SEGMENT: 780
BRANCH SEGMENT: 0
BOUNDARY CONDITIONS TYPE: NOBOUND
INLET DATA TABLE: NONE
--- 
SEGMENT N.: 782
NAME: branch0_seg782
ID: 782
LENGTH: 0.010135
NUM ELEMENTS: 5
IN NODE: 782
OUT NODE: 783
IN AREA: 0.095591
OUT AREA: 0.095582
IN FLOW: 0.000000
MAT DATATABLE NAME: MAT1
LOSS TYPE: STENOSIS
BRANCH ANGLE: 0.000000
UPSTREAM SEGMENT: 781
BRANCH SEGMENT: 0
BOUNDARY CONDITIONS TYPE: NOBOUND
INLET DATA TABLE: NONE
--- 
SEGMENT N.: 783
NAME: branch0_seg783
ID: 783
LENGTH: 0.010135
NUM ELEMENTS: 5
IN NODE: 783
OUT NODE: 784
IN AREA: 0.095581
OUT AREA: 0.095587
IN FLOW: 0.000000
MAT DATATABLE NAME: MAT1
LOSS TYPE: STENOSIS
BRANCH ANGLE: 0.000000
UPSTREAM SEGMENT: 782
BRANCH SEGMENT: 0
BOUNDARY CONDITIONS TYPE: NOBOUND
INLET DATA TABLE: NONE
--- 
SEGMENT N.: 784
NAME: branch0_seg784
ID: 784
LENGTH: 0.010135
NUM ELEMENTS: 5
IN NODE: 784
OUT NODE: 785
IN AREA: 0.095585
OUT AREA: 0.095584
IN FLOW: 0.000000
MAT DATATABLE NAME: MAT1
LOSS TYPE: STENOSIS
BRANCH ANGLE: 0.000000
UPSTREAM SEGMENT: 783
BRANCH SEGMENT: 0
BOUNDARY CONDITIONS TYPE: NOBOUND
INLET DATA TABLE: NONE
--- 
SEGMENT N.: 785
NAME: branch0_seg785
ID: 785
LENGTH: 0.010135
NUM ELEMENTS: 5
IN NODE: 785
OUT NODE: 786
IN AREA: 0.095586
OUT AREA: 0.084364
IN FLOW: 0.000000
MAT DATATABLE NAME: MAT1
LOSS TYPE: STENOSIS
BRANCH ANGLE: 0.000000
UPSTREAM SEGMENT: 784
BRANCH SEGMENT: 0
BOUNDARY CONDITIONS TYPE: NOBOUND
INLET DATA TABLE: NONE
--- 
SEGMENT N.: 786
NAME: branch0_seg786
ID: 786
LENGTH: 0.010135
NUM ELEMENTS: 5
IN NODE: 786
OUT NODE: 787
IN AREA: 0.051383
OUT AREA: 0.095584
IN FLOW: 0.000000
MAT DATATABLE NAME: MAT1
LOSS TYPE: STENOSIS
BRANCH ANGLE: 0.000000
UPSTREAM SEGMENT: 785
BRANCH SEGMENT: 0
BOUNDARY CONDITIONS TYPE: NOBOUND
INLET DATA TABLE: NONE
--- 
SEGMENT N.: 787
NAME: branch0_seg787
ID: 787
LENGTH: 0.010135
NUM ELEMENTS: 5
IN NODE: 787
OUT NODE: 788
IN AREA: 0.063725
OUT AREA: 0.095603
IN FLOW: 0.000000
MAT DATATABLE NAME: MAT1
LOSS TYPE: STENOSIS
BRANCH ANGLE: 0.000000
UPSTREAM SEGMENT: 786
BRANCH SEGMENT: 0
BOUNDARY CONDITIONS TYPE: NOBOUND
INLET DATA TABLE: NONE
--- 
SEGMENT N.: 788
NAME: branch0_seg788
ID: 788
LENGTH: 0.010135
NUM ELEMENTS: 5
IN NODE: 788
OUT NODE: 789
IN AREA: 0.095606
OUT AREA: 0.095597
IN FLOW: 0.000000
MAT DATATABLE NAME: MAT1
LOSS TYPE: STENOSIS
BRANCH ANGLE: 0.000000
UPSTREAM SEGMENT: 787
BRANCH SEGMENT: 0
BOUNDARY CONDITIONS TYPE: NOBOUND
INLET DATA TABLE: NONE
--- 
SEGMENT N.: 789
NAME: branch0_seg789
ID: 789
LENGTH: 0.010135
NUM ELEMENTS: 5
IN NODE: 789
OUT NODE: 790
IN AREA: 0.095593
OUT AREA: 0.095586
IN FLOW: 0.000000
MAT DATATABLE NAME: MAT1
LOSS TYPE: STENOSIS
BRANCH ANGLE: 0.000000
UPSTREAM SEGMENT: 788
BRANCH SEGMENT: 0
BOUNDARY CONDITIONS TYPE: NOBOUND
INLET DATA TABLE: NONE
--- 
SEGMENT N.: 790
NAME: branch0_seg790
ID: 790
LENGTH: 0.010135
NUM ELEMENTS: 5
IN NODE: 790
OUT NODE: 791
IN AREA: 0.095585
OUT AREA: 0.095570
IN FLOW: 0.000000
MAT DATATABLE NAME: MAT1
LOSS TYPE: STENOSIS
BRANCH ANGLE: 0.000000
UPSTREAM SEGMENT: 789
BRANCH SEGMENT: 0
BOUNDARY CONDITIONS TYPE: NOBOUND
INLET DATA TABLE: NONE
--- 
SEGMENT N.: 791
NAME: branch0_seg791
ID: 791
LENGTH: 0.010135
NUM ELEMENTS: 5
IN NODE: 791
OUT NODE: 792
IN AREA: 0.095569
OUT AREA: 0.036356
IN FLOW: 0.000000
MAT DATATABLE NAME: MAT1
LOSS TYPE: STENOSIS
BRANCH ANGLE: 0.000000
UPSTREAM SEGMENT: 790
BRANCH SEGMENT: 0
BOUNDARY CONDITIONS TYPE: NOBOUND
INLET DATA TABLE: NONE
--- 
SEGMENT N.: 792
NAME: branch0_seg792
ID: 792
LENGTH: 0.010135
NUM ELEMENTS: 5
IN NODE: 792
OUT NODE: 793
IN AREA: 0.095568
OUT AREA: 0.095567
IN FLOW: 0.000000
MAT DATATABLE NAME: MAT1
LOSS TYPE: STENOSIS
BRANCH ANGLE: 0.000000
UPSTREAM SEGMENT: 791
BRANCH SEGMENT: 0
BOUNDARY CONDITIONS TYPE: NOBOUND
INLET DATA TABLE: NONE
--- 
SEGMENT N.: 793
NAME: branch0_seg793
ID: 793
LENGTH: 0.010135
NUM ELEMENTS: 5
IN NODE: 793
OUT NODE: 794
IN AREA: 0.095572
OUT AREA: 0.095578
IN FLOW: 0.000000
MAT DATATABLE NAME: MAT1
LOSS TYPE: STENOSIS
BRANCH ANGLE: 0.000000
UPSTREAM SEGMENT: 792
BRANCH SEGMENT: 0
BOUNDARY CONDITIONS TYPE: NOBOUND
INLET DATA TABLE: NONE
--- 
SEGMENT N.: 794
NAME: branch0_seg794
ID: 794
LENGTH: 0.010135
NUM ELEMENTS: 5
IN NODE: 794
OUT NODE: 795
IN AREA: 0.095579
OUT AREA: 0.095584
IN FLOW: 0.000000
MAT DATATABLE NAME: MAT1
LOSS TYPE: STENOSIS
BRANCH ANGLE: 0.000000
UPSTREAM SEGMENT: 793
BRANCH SEGMENT: 0
BOUNDARY CONDITIONS TYPE: NOBOUND
INLET DATA TABLE: NONE
--- 
SEGMENT N.: 795
NAME: branch0_seg795
ID: 795
LENGTH: 0.010135
NUM ELEMENTS: 5
IN NODE: 795
OUT NODE: 796
IN AREA: 0.095586
OUT AREA: 0.095592
IN FLOW: 0.000000
MAT DATATABLE NAME: MAT1
LOSS TYPE: STENOSIS
BRANCH ANGLE: 0.000000
UPSTREAM SEGMENT: 794
BRANCH SEGMENT: 0
BOUNDARY CONDITIONS TYPE: NOBOUND
INLET DATA TABLE: NONE
--- 
SEGMENT N.: 796
NAME: branch0_seg796
ID: 796
LENGTH: 0.010135
NUM ELEMENTS: 5
IN NODE: 796
OUT NODE: 797
IN AREA: 0.095598
OUT AREA: 0.095604
IN FLOW: 0.000000
MAT DATATABLE NAME: MAT1
LOSS TYPE: STENOSIS
BRANCH ANGLE: 0.000000
UPSTREAM SEGMENT: 795
BRANCH SEGMENT: 0
BOUNDARY CONDITIONS TYPE: NOBOUND
INLET DATA TABLE: NONE
--- 
SEGMENT N.: 797
NAME: branch0_seg797
ID: 797
LENGTH: 0.010135
NUM ELEMENTS: 5
IN NODE: 797
OUT NODE: 798
IN AREA: 0.095604
OUT AREA: 0.095605
IN FLOW: 0.000000
MAT DATATABLE NAME: MAT1
LOSS TYPE: STENOSIS
BRANCH ANGLE: 0.000000
UPSTREAM SEGMENT: 796
BRANCH SEGMENT: 0
BOUNDARY CONDITIONS TYPE: NOBOUND
INLET DATA TABLE: NONE
--- 
SEGMENT N.: 798
NAME: branch0_seg798
ID: 798
LENGTH: 0.010135
NUM ELEMENTS: 5
IN NODE: 798
OUT NODE: 799
IN AREA: 0.095604
OUT AREA: 0.095601
IN FLOW: 0.000000
MAT DATATABLE NAME: MAT1
LOSS TYPE: STENOSIS
BRANCH ANGLE: 0.000000
UPSTREAM SEGMENT: 797
BRANCH SEGMENT: 0
BOUNDARY CONDITIONS TYPE: NOBOUND
INLET DATA TABLE: NONE
--- 
SEGMENT N.: 799
NAME: branch0_seg799
ID: 799
LENGTH: 0.010135
NUM ELEMENTS: 5
IN NODE: 799
OUT NODE: 800
IN AREA: 0.095603
OUT AREA: 0.095607
IN FLOW: 0.000000
MAT DATATABLE NAME: MAT1
LOSS TYPE: STENOSIS
BRANCH ANGLE: 0.000000
UPSTREAM SEGMENT: 798
BRANCH SEGMENT: 0
BOUNDARY CONDITIONS TYPE: NOBOUND
INLET DATA TABLE: NONE
--- 
SEGMENT N.: 800
NAME: branch0_seg800
ID: 800
LENGTH: 0.010135
NUM ELEMENTS: 5
IN NODE: 800
OUT NODE: 801
IN AREA: 0.092954
OUT AREA: 0.095616
IN FLOW: 0.000000
MAT DATATABLE NAME: MAT1
LOSS TYPE: STENOSIS
BRANCH ANGLE: 0.000000
UPSTREAM SEGMENT: 799
BRANCH SEGMENT: 0
BOUNDARY CONDITIONS TYPE: NOBOUND
INLET DATA TABLE: NONE
--- 
SEGMENT N.: 801
NAME: branch0_seg801
ID: 801
LENGTH: 0.010135
NUM ELEMENTS: 5
IN NODE: 801
OUT NODE: 802
IN AREA: 0.095619
OUT AREA: 0.095634
IN FLOW: 0.000000
MAT DATATABLE NAME: MAT1
LOSS TYPE: STENOSIS
BRANCH ANGLE: 0.000000
UPSTREAM SEGMENT: 800
BRANCH SEGMENT: 0
BOUNDARY CONDITIONS TYPE: NOBOUND
INLET DATA TABLE: NONE
--- 
SEGMENT N.: 802
NAME: branch0_seg802
ID: 802
LENGTH: 0.010135
NUM ELEMENTS: 5
IN NODE: 802
OUT NODE: 803
IN AREA: 0.095637
OUT AREA: 0.095636
IN FLOW: 0.000000
MAT DATATABLE NAME: MAT1
LOSS TYPE: STENOSIS
BRANCH ANGLE: 0.000000
UPSTREAM SEGMENT: 801
BRANCH SEGMENT: 0
BOUNDARY CONDITIONS TYPE: NOBOUND
INLET DATA TABLE: NONE
--- 
SEGMENT N.: 803
NAME: branch0_seg803
ID: 803
LENGTH: 0.010135
NUM ELEMENTS: 5
IN NODE: 803
OUT NODE: 804
IN AREA: 0.095634
OUT AREA: 0.095624
IN FLOW: 0.000000
MAT DATATABLE NAME: MAT1
LOSS TYPE: STENOSIS
BRANCH ANGLE: 0.000000
UPSTREAM SEGMENT: 802
BRANCH SEGMENT: 0
BOUNDARY CONDITIONS TYPE: NOBOUND
INLET DATA TABLE: NONE
--- 
SEGMENT N.: 804
NAME: branch0_seg804
ID: 804
LENGTH: 0.010135
NUM ELEMENTS: 5
IN NODE: 804
OUT NODE: 805
IN AREA: 0.095619
OUT AREA: 0.095596
IN FLOW: 0.000000
MAT DATATABLE NAME: MAT1
LOSS TYPE: STENOSIS
BRANCH ANGLE: 0.000000
UPSTREAM SEGMENT: 803
BRANCH SEGMENT: 0
BOUNDARY CONDITIONS TYPE: NOBOUND
INLET DATA TABLE: NONE
--- 
SEGMENT N.: 805
NAME: branch0_seg805
ID: 805
LENGTH: 0.010135
NUM ELEMENTS: 5
IN NODE: 805
OUT NODE: 806
IN AREA: 0.095588
OUT AREA: 0.095579
IN FLOW: 0.000000
MAT DATATABLE NAME: MAT1
LOSS TYPE: STENOSIS
BRANCH ANGLE: 0.000000
UPSTREAM SEGMENT: 804
BRANCH SEGMENT: 0
BOUNDARY CONDITIONS TYPE: NOBOUND
INLET DATA TABLE: NONE
--- 
SEGMENT N.: 806
NAME: branch0_seg806
ID: 806
LENGTH: 0.010135
NUM ELEMENTS: 5
IN NODE: 806
OUT NODE: 807
IN AREA: 0.095580
OUT AREA: 0.095570
IN FLOW: 0.000000
MAT DATATABLE NAME: MAT1
LOSS TYPE: STENOSIS
BRANCH ANGLE: 0.000000
UPSTREAM SEGMENT: 805
BRANCH SEGMENT: 0
BOUNDARY CONDITIONS TYPE: NOBOUND
INLET DATA TABLE: NONE
--- 
SEGMENT N.: 807
NAME: branch0_seg807
ID: 807
LENGTH: 0.010135
NUM ELEMENTS: 5
IN NODE: 807
OUT NODE: 808
IN AREA: 0.095572
OUT AREA: 0.095582
IN FLOW: 0.000000
MAT DATATABLE NAME: MAT1
LOSS TYPE: STENOSIS
BRANCH ANGLE: 0.000000
UPSTREAM SEGMENT: 806
BRANCH SEGMENT: 0
BOUNDARY CONDITIONS TYPE: NOBOUND
INLET DATA TABLE: NONE
--- 
SEGMENT N.: 808
NAME: branch0_seg808
ID: 808
LENGTH: 0.010135
NUM ELEMENTS: 5
IN NODE: 808
OUT NODE: 809
IN AREA: 0.095586
OUT AREA: 0.095599
IN FLOW: 0.000000
MAT DATATABLE NAME: MAT1
LOSS TYPE: STENOSIS
BRANCH ANGLE: 0.000000
UPSTREAM SEGMENT: 807
BRANCH SEGMENT: 0
BOUNDARY CONDITIONS TYPE: NOBOUND
INLET DATA TABLE: NONE
--- 
SEGMENT N.: 809
NAME: branch0_seg809
ID: 809
LENGTH: 0.010135
NUM ELEMENTS: 5
IN NODE: 809
OUT NODE: 810
IN AREA: 0.095602
OUT AREA: 0.095611
IN FLOW: 0.000000
MAT DATATABLE NAME: MAT1
LOSS TYPE: STENOSIS
BRANCH ANGLE: 0.000000
UPSTREAM SEGMENT: 808
BRANCH SEGMENT: 0
BOUNDARY CONDITIONS TYPE: NOBOUND
INLET DATA TABLE: NONE
--- 
SEGMENT N.: 810
NAME: branch0_seg810
ID: 810
LENGTH: 0.010135
NUM ELEMENTS: 5
IN NODE: 810
OUT NODE: 811
IN AREA: 0.095613
OUT AREA: 0.095606
IN FLOW: 0.000000
MAT DATATABLE NAME: MAT1
LOSS TYPE: STENOSIS
BRANCH ANGLE: 0.000000
UPSTREAM SEGMENT: 809
BRANCH SEGMENT: 0
BOUNDARY CONDITIONS TYPE: NOBOUND
INLET DATA TABLE: NONE
--- 
SEGMENT N.: 811
NAME: branch0_seg811
ID: 811
LENGTH: 0.010135
NUM ELEMENTS: 5
IN NODE: 811
OUT NODE: 812
IN AREA: 0.095603
OUT AREA: 0.095601
IN FLOW: 0.000000
MAT DATATABLE NAME: MAT1
LOSS TYPE: STENOSIS
BRANCH ANGLE: 0.000000
UPSTREAM SEGMENT: 810
BRANCH SEGMENT: 0
BOUNDARY CONDITIONS TYPE: NOBOUND
INLET DATA TABLE: NONE
--- 
SEGMENT N.: 812
NAME: branch0_seg812
ID: 812
LENGTH: 0.010135
NUM ELEMENTS: 5
IN NODE: 812
OUT NODE: 813
IN AREA: 0.095606
OUT AREA: 0.091101
IN FLOW: 0.000000
MAT DATATABLE NAME: MAT1
LOSS TYPE: STENOSIS
BRANCH ANGLE: 0.000000
UPSTREAM SEGMENT: 811
BRANCH SEGMENT: 0
BOUNDARY CONDITIONS TYPE: NOBOUND
INLET DATA TABLE: NONE
--- 
SEGMENT N.: 813
NAME: branch0_seg813
ID: 813
LENGTH: 0.010135
NUM ELEMENTS: 5
IN NODE: 813
OUT NODE: 814
IN AREA: 0.095597
OUT AREA: 0.069382
IN FLOW: 0.000000
MAT DATATABLE NAME: MAT1
LOSS TYPE: STENOSIS
BRANCH ANGLE: 0.000000
UPSTREAM SEGMENT: 812
BRANCH SEGMENT: 0
BOUNDARY CONDITIONS TYPE: NOBOUND
INLET DATA TABLE: NONE
--- 
SEGMENT N.: 814
NAME: branch0_seg814
ID: 814
LENGTH: 0.010135
NUM ELEMENTS: 5
IN NODE: 814
OUT NODE: 815
IN AREA: 0.095587
OUT AREA: 0.095609
IN FLOW: 0.000000
MAT DATATABLE NAME: MAT1
LOSS TYPE: STENOSIS
BRANCH ANGLE: 0.000000
UPSTREAM SEGMENT: 813
BRANCH SEGMENT: 0
BOUNDARY CONDITIONS TYPE: NOBOUND
INLET DATA TABLE: NONE
--- 
SEGMENT N.: 815
NAME: branch0_seg815
ID: 815
LENGTH: 0.010135
NUM ELEMENTS: 5
IN NODE: 815
OUT NODE: 816
IN AREA: 0.095613
OUT AREA: 0.095605
IN FLOW: 0.000000
MAT DATATABLE NAME: MAT1
LOSS TYPE: STENOSIS
BRANCH ANGLE: 0.000000
UPSTREAM SEGMENT: 814
BRANCH SEGMENT: 0
BOUNDARY CONDITIONS TYPE: NOBOUND
INLET DATA TABLE: NONE
--- 
SEGMENT N.: 816
NAME: branch0_seg816
ID: 816
LENGTH: 0.010135
NUM ELEMENTS: 5
IN NODE: 816
OUT NODE: 817
IN AREA: 0.095603
OUT AREA: 0.095606
IN FLOW: 0.000000
MAT DATATABLE NAME: MAT1
LOSS TYPE: STENOSIS
BRANCH ANGLE: 0.000000
UPSTREAM SEGMENT: 815
BRANCH SEGMENT: 0
BOUNDARY CONDITIONS TYPE: NOBOUND
INLET DATA TABLE: NONE
--- 
SEGMENT N.: 817
NAME: branch0_seg817
ID: 817
LENGTH: 0.010135
NUM ELEMENTS: 5
IN NODE: 817
OUT NODE: 818
IN AREA: 0.095608
OUT AREA: 0.095607
IN FLOW: 0.000000
MAT DATATABLE NAME: MAT1
LOSS TYPE: STENOSIS
BRANCH ANGLE: 0.000000
UPSTREAM SEGMENT: 816
BRANCH SEGMENT: 0
BOUNDARY CONDITIONS TYPE: NOBOUND
INLET DATA TABLE: NONE
--- 
SEGMENT N.: 818
NAME: branch0_seg818
ID: 818
LENGTH: 0.010135
NUM ELEMENTS: 5
IN NODE: 818
OUT NODE: 819
IN AREA: 0.095606
OUT AREA: 0.095594
IN FLOW: 0.000000
MAT DATATABLE NAME: MAT1
LOSS TYPE: STENOSIS
BRANCH ANGLE: 0.000000
UPSTREAM SEGMENT: 817
BRANCH SEGMENT: 0
BOUNDARY CONDITIONS TYPE: NOBOUND
INLET DATA TABLE: NONE
--- 
SEGMENT N.: 819
NAME: branch0_seg819
ID: 819
LENGTH: 0.010135
NUM ELEMENTS: 5
IN NODE: 819
OUT NODE: 820
IN AREA: 0.095589
OUT AREA: 0.095591
IN FLOW: 0.000000
MAT DATATABLE NAME: MAT1
LOSS TYPE: STENOSIS
BRANCH ANGLE: 0.000000
UPSTREAM SEGMENT: 818
BRANCH SEGMENT: 0
BOUNDARY CONDITIONS TYPE: NOBOUND
INLET DATA TABLE: NONE
--- 
SEGMENT N.: 820
NAME: branch0_seg820
ID: 820
LENGTH: 0.010135
NUM ELEMENTS: 5
IN NODE: 820
OUT NODE: 821
IN AREA: 0.095588
OUT AREA: 0.095581
IN FLOW: 0.000000
MAT DATATABLE NAME: MAT1
LOSS TYPE: STENOSIS
BRANCH ANGLE: 0.000000
UPSTREAM SEGMENT: 819
BRANCH SEGMENT: 0
BOUNDARY CONDITIONS TYPE: NOBOUND
INLET DATA TABLE: NONE
--- 
SEGMENT N.: 821
NAME: branch0_seg821
ID: 821
LENGTH: 0.010135
NUM ELEMENTS: 5
IN NODE: 821
OUT NODE: 822
IN AREA: 0.095577
OUT AREA: 0.095579
IN FLOW: 0.000000
MAT DATATABLE NAME: MAT1
LOSS TYPE: STENOSIS
BRANCH ANGLE: 0.000000
UPSTREAM SEGMENT: 820
BRANCH SEGMENT: 0
BOUNDARY CONDITIONS TYPE: NOBOUND
INLET DATA TABLE: NONE
--- 
SEGMENT N.: 822
NAME: branch0_seg822
ID: 822
LENGTH: 0.010135
NUM ELEMENTS: 5
IN NODE: 822
OUT NODE: 823
IN AREA: 0.095587
OUT AREA: 0.095595
IN FLOW: 0.000000
MAT DATATABLE NAME: MAT1
LOSS TYPE: STENOSIS
BRANCH ANGLE: 0.000000
UPSTREAM SEGMENT: 821
BRANCH SEGMENT: 0
BOUNDARY CONDITIONS TYPE: NOBOUND
INLET DATA TABLE: NONE
--- 
SEGMENT N.: 823
NAME: branch0_seg823
ID: 823
LENGTH: 0.010135
NUM ELEMENTS: 5
IN NODE: 823
OUT NODE: 824
IN AREA: 0.095601
OUT AREA: 0.095611
IN FLOW: 0.000000
MAT DATATABLE NAME: MAT1
LOSS TYPE: STENOSIS
BRANCH ANGLE: 0.000000
UPSTREAM SEGMENT: 822
BRANCH SEGMENT: 0
BOUNDARY CONDITIONS TYPE: NOBOUND
INLET DATA TABLE: NONE
--- 
SEGMENT N.: 824
NAME: branch0_seg824
ID: 824
LENGTH: 0.010135
NUM ELEMENTS: 5
IN NODE: 824
OUT NODE: 825
IN AREA: 0.095613
OUT AREA: 0.095620
IN FLOW: 0.000000
MAT DATATABLE NAME: MAT1
LOSS TYPE: STENOSIS
BRANCH ANGLE: 0.000000
UPSTREAM SEGMENT: 823
BRANCH SEGMENT: 0
BOUNDARY CONDITIONS TYPE: NOBOUND
INLET DATA TABLE: NONE
--- 
SEGMENT N.: 825
NAME: branch0_seg825
ID: 825
LENGTH: 0.010135
NUM ELEMENTS: 5
IN NODE: 825
OUT NODE: 826
IN AREA: 0.095620
OUT AREA: 0.095604
IN FLOW: 0.000000
MAT DATATABLE NAME: MAT1
LOSS TYPE: STENOSIS
BRANCH ANGLE: 0.000000
UPSTREAM SEGMENT: 824
BRANCH SEGMENT: 0
BOUNDARY CONDITIONS TYPE: NOBOUND
INLET DATA TABLE: NONE
--- 
SEGMENT N.: 826
NAME: branch0_seg826
ID: 826
LENGTH: 0.010135
NUM ELEMENTS: 5
IN NODE: 826
OUT NODE: 827
IN AREA: 0.095600
OUT AREA: 0.095588
IN FLOW: 0.000000
MAT DATATABLE NAME: MAT1
LOSS TYPE: STENOSIS
BRANCH ANGLE: 0.000000
UPSTREAM SEGMENT: 825
BRANCH SEGMENT: 0
BOUNDARY CONDITIONS TYPE: NOBOUND
INLET DATA TABLE: NONE
--- 
SEGMENT N.: 827
NAME: branch0_seg827
ID: 827
LENGTH: 0.010135
NUM ELEMENTS: 5
IN NODE: 827
OUT NODE: 828
IN AREA: 0.095578
OUT AREA: 0.095564
IN FLOW: 0.000000
MAT DATATABLE NAME: MAT1
LOSS TYPE: STENOSIS
BRANCH ANGLE: 0.000000
UPSTREAM SEGMENT: 826
BRANCH SEGMENT: 0
BOUNDARY CONDITIONS TYPE: NOBOUND
INLET DATA TABLE: NONE
--- 
SEGMENT N.: 828
NAME: branch0_seg828
ID: 828
LENGTH: 0.010135
NUM ELEMENTS: 5
IN NODE: 828
OUT NODE: 829
IN AREA: 0.095563
OUT AREA: 0.095560
IN FLOW: 0.000000
MAT DATATABLE NAME: MAT1
LOSS TYPE: STENOSIS
BRANCH ANGLE: 0.000000
UPSTREAM SEGMENT: 827
BRANCH SEGMENT: 0
BOUNDARY CONDITIONS TYPE: NOBOUND
INLET DATA TABLE: NONE
--- 
SEGMENT N.: 829
NAME: branch0_seg829
ID: 829
LENGTH: 0.010135
NUM ELEMENTS: 5
IN NODE: 829
OUT NODE: 830
IN AREA: 0.095568
OUT AREA: 0.095577
IN FLOW: 0.000000
MAT DATATABLE NAME: MAT1
LOSS TYPE: STENOSIS
BRANCH ANGLE: 0.000000
UPSTREAM SEGMENT: 828
BRANCH SEGMENT: 0
BOUNDARY CONDITIONS TYPE: NOBOUND
INLET DATA TABLE: NONE
--- 
SEGMENT N.: 830
NAME: branch0_seg830
ID: 830
LENGTH: 0.010135
NUM ELEMENTS: 5
IN NODE: 830
OUT NODE: 831
IN AREA: 0.095578
OUT AREA: 0.037949
IN FLOW: 0.000000
MAT DATATABLE NAME: MAT1
LOSS TYPE: STENOSIS
BRANCH ANGLE: 0.000000
UPSTREAM SEGMENT: 829
BRANCH SEGMENT: 0
BOUNDARY CONDITIONS TYPE: NOBOUND
INLET DATA TABLE: NONE
--- 
SEGMENT N.: 831
NAME: branch0_seg831
ID: 831
LENGTH: 0.010135
NUM ELEMENTS: 5
IN NODE: 831
OUT NODE: 832
IN AREA: 0.095587
OUT AREA: 0.095597
IN FLOW: 0.000000
MAT DATATABLE NAME: MAT1
LOSS TYPE: STENOSIS
BRANCH ANGLE: 0.000000
UPSTREAM SEGMENT: 830
BRANCH SEGMENT: 0
BOUNDARY CONDITIONS TYPE: NOBOUND
INLET DATA TABLE: NONE
--- 
SEGMENT N.: 832
NAME: branch0_seg832
ID: 832
LENGTH: 0.010135
NUM ELEMENTS: 5
IN NODE: 832
OUT NODE: 833
IN AREA: 0.095597
OUT AREA: 0.095591
IN FLOW: 0.000000
MAT DATATABLE NAME: MAT1
LOSS TYPE: STENOSIS
BRANCH ANGLE: 0.000000
UPSTREAM SEGMENT: 831
BRANCH SEGMENT: 0
BOUNDARY CONDITIONS TYPE: NOBOUND
INLET DATA TABLE: NONE
--- 
SEGMENT N.: 833
NAME: branch0_seg833
ID: 833
LENGTH: 0.010135
NUM ELEMENTS: 5
IN NODE: 833
OUT NODE: 834
IN AREA: 0.095590
OUT AREA: 0.095585
IN FLOW: 0.000000
MAT DATATABLE NAME: MAT1
LOSS TYPE: STENOSIS
BRANCH ANGLE: 0.000000
UPSTREAM SEGMENT: 832
BRANCH SEGMENT: 0
BOUNDARY CONDITIONS TYPE: NOBOUND
INLET DATA TABLE: NONE
--- 
SEGMENT N.: 834
NAME: branch0_seg834
ID: 834
LENGTH: 0.010135
NUM ELEMENTS: 5
IN NODE: 834
OUT NODE: 835
IN AREA: 0.095581
OUT AREA: 0.095578
IN FLOW: 0.000000
MAT DATATABLE NAME: MAT1
LOSS TYPE: STENOSIS
BRANCH ANGLE: 0.000000
UPSTREAM SEGMENT: 833
BRANCH SEGMENT: 0
BOUNDARY CONDITIONS TYPE: NOBOUND
INLET DATA TABLE: NONE
--- 
SEGMENT N.: 835
NAME: branch0_seg835
ID: 835
LENGTH: 0.010135
NUM ELEMENTS: 5
IN NODE: 835
OUT NODE: 836
IN AREA: 0.095580
OUT AREA: 0.095586
IN FLOW: 0.000000
MAT DATATABLE NAME: MAT1
LOSS TYPE: STENOSIS
BRANCH ANGLE: 0.000000
UPSTREAM SEGMENT: 834
BRANCH SEGMENT: 0
BOUNDARY CONDITIONS TYPE: NOBOUND
INLET DATA TABLE: NONE
--- 
SEGMENT N.: 836
NAME: branch0_seg836
ID: 836
LENGTH: 0.010135
NUM ELEMENTS: 5
IN NODE: 836
OUT NODE: 837
IN AREA: 0.095586
OUT AREA: 0.095590
IN FLOW: 0.000000
MAT DATATABLE NAME: MAT1
LOSS TYPE: STENOSIS
BRANCH ANGLE: 0.000000
UPSTREAM SEGMENT: 835
BRANCH SEGMENT: 0
BOUNDARY CONDITIONS TYPE: NOBOUND
INLET DATA TABLE: NONE
--- 
SEGMENT N.: 837
NAME: branch0_seg837
ID: 837
LENGTH: 0.010135
NUM ELEMENTS: 5
IN NODE: 837
OUT NODE: 838
IN AREA: 0.095595
OUT AREA: 0.095602
IN FLOW: 0.000000
MAT DATATABLE NAME: MAT1
LOSS TYPE: STENOSIS
BRANCH ANGLE: 0.000000
UPSTREAM SEGMENT: 836
BRANCH SEGMENT: 0
BOUNDARY CONDITIONS TYPE: NOBOUND
INLET DATA TABLE: NONE
--- 
SEGMENT N.: 838
NAME: branch0_seg838
ID: 838
LENGTH: 0.010135
NUM ELEMENTS: 5
IN NODE: 838
OUT NODE: 839
IN AREA: 0.095600
OUT AREA: 0.071169
IN FLOW: 0.000000
MAT DATATABLE NAME: MAT1
LOSS TYPE: STENOSIS
BRANCH ANGLE: 0.000000
UPSTREAM SEGMENT: 837
BRANCH SEGMENT: 0
BOUNDARY CONDITIONS TYPE: NOBOUND
INLET DATA TABLE: NONE
--- 
SEGMENT N.: 839
NAME: branch0_seg839
ID: 839
LENGTH: 0.010135
NUM ELEMENTS: 5
IN NODE: 839
OUT NODE: 840
IN AREA: 0.095604
OUT AREA: 0.095607
IN FLOW: 0.000000
MAT DATATABLE NAME: MAT1
LOSS TYPE: STENOSIS
BRANCH ANGLE: 0.000000
UPSTREAM SEGMENT: 838
BRANCH SEGMENT: 0
BOUNDARY CONDITIONS TYPE: NOBOUND
INLET DATA TABLE: NONE
--- 
SEGMENT N.: 840
NAME: branch0_seg840
ID: 840
LENGTH: 0.010135
NUM ELEMENTS: 5
IN NODE: 840
OUT NODE: 841
IN AREA: 0.095609
OUT AREA: 0.095604
IN FLOW: 0.000000
MAT DATATABLE NAME: MAT1
LOSS TYPE: STENOSIS
BRANCH ANGLE: 0.000000
UPSTREAM SEGMENT: 839
BRANCH SEGMENT: 0
BOUNDARY CONDITIONS TYPE: NOBOUND
INLET DATA TABLE: NONE
--- 
SEGMENT N.: 841
NAME: branch0_seg841
ID: 841
LENGTH: 0.010135
NUM ELEMENTS: 5
IN NODE: 841
OUT NODE: 842
IN AREA: 0.095601
OUT AREA: 0.095610
IN FLOW: 0.000000
MAT DATATABLE NAME: MAT1
LOSS TYPE: STENOSIS
BRANCH ANGLE: 0.000000
UPSTREAM SEGMENT: 840
BRANCH SEGMENT: 0
BOUNDARY CONDITIONS TYPE: NOBOUND
INLET DATA TABLE: NONE
--- 
SEGMENT N.: 842
NAME: branch0_seg842
ID: 842
LENGTH: 0.010135
NUM ELEMENTS: 5
IN NODE: 842
OUT NODE: 843
IN AREA: 0.095610
OUT AREA: 0.041073
IN FLOW: 0.000000
MAT DATATABLE NAME: MAT1
LOSS TYPE: STENOSIS
BRANCH ANGLE: 0.000000
UPSTREAM SEGMENT: 841
BRANCH SEGMENT: 0
BOUNDARY CONDITIONS TYPE: NOBOUND
INLET DATA TABLE: NONE
--- 
SEGMENT N.: 843
NAME: branch0_seg843
ID: 843
LENGTH: 0.010135
NUM ELEMENTS: 5
IN NODE: 843
OUT NODE: 844
IN AREA: 0.095612
OUT AREA: 0.095603
IN FLOW: 0.000000
MAT DATATABLE NAME: MAT1
LOSS TYPE: STENOSIS
BRANCH ANGLE: 0.000000
UPSTREAM SEGMENT: 842
BRANCH SEGMENT: 0
BOUNDARY CONDITIONS TYPE: NOBOUND
INLET DATA TABLE: NONE
--- 
SEGMENT N.: 844
NAME: branch0_seg844
ID: 844
LENGTH: 0.010135
NUM ELEMENTS: 5
IN NODE: 844
OUT NODE: 845
IN AREA: 0.095600
OUT AREA: 0.095584
IN FLOW: 0.000000
MAT DATATABLE NAME: MAT1
LOSS TYPE: STENOSIS
BRANCH ANGLE: 0.000000
UPSTREAM SEGMENT: 843
BRANCH SEGMENT: 0
BOUNDARY CONDITIONS TYPE: NOBOUND
INLET DATA TABLE: NONE
--- 
SEGMENT N.: 845
NAME: branch0_seg845
ID: 845
LENGTH: 0.010135
NUM ELEMENTS: 5
IN NODE: 845
OUT NODE: 846
IN AREA: 0.095578
OUT AREA: 0.095566
IN FLOW: 0.000000
MAT DATATABLE NAME: MAT1
LOSS TYPE: STENOSIS
BRANCH ANGLE: 0.000000
UPSTREAM SEGMENT: 844
BRANCH SEGMENT: 0
BOUNDARY CONDITIONS TYPE: NOBOUND
INLET DATA TABLE: NONE
--- 
SEGMENT N.: 846
NAME: branch0_seg846
ID: 846
LENGTH: 0.010135
NUM ELEMENTS: 5
IN NODE: 846
OUT NODE: 847
IN AREA: 0.095562
OUT AREA: 0.095567
IN FLOW: 0.000000
MAT DATATABLE NAME: MAT1
LOSS TYPE: STENOSIS
BRANCH ANGLE: 0.000000
UPSTREAM SEGMENT: 845
BRANCH SEGMENT: 0
BOUNDARY CONDITIONS TYPE: NOBOUND
INLET DATA TABLE: NONE
--- 
SEGMENT N.: 847
NAME: branch0_seg847
ID: 847
LENGTH: 0.010135
NUM ELEMENTS: 5
IN NODE: 847
OUT NODE: 848
IN AREA: 0.095569
OUT AREA: 0.095583
IN FLOW: 0.000000
MAT DATATABLE NAME: MAT1
LOSS TYPE: STENOSIS
BRANCH ANGLE: 0.000000
UPSTREAM SEGMENT: 846
BRANCH SEGMENT: 0
BOUNDARY CONDITIONS TYPE: NOBOUND
INLET DATA TABLE: NONE
--- 
SEGMENT N.: 848
NAME: branch0_seg848
ID: 848
LENGTH: 0.010135
NUM ELEMENTS: 5
IN NODE: 848
OUT NODE: 849
IN AREA: 0.095592
OUT AREA: 0.095603
IN FLOW: 0.000000
MAT DATATABLE NAME: MAT1
LOSS TYPE: STENOSIS
BRANCH ANGLE: 0.000000
UPSTREAM SEGMENT: 847
BRANCH SEGMENT: 0
BOUNDARY CONDITIONS TYPE: NOBOUND
INLET DATA TABLE: NONE
--- 
SEGMENT N.: 849
NAME: branch0_seg849
ID: 849
LENGTH: 0.010135
NUM ELEMENTS: 5
IN NODE: 849
OUT NODE: 850
IN AREA: 0.095604
OUT AREA: 0.095613
IN FLOW: 0.000000
MAT DATATABLE NAME: MAT1
LOSS TYPE: STENOSIS
BRANCH ANGLE: 0.000000
UPSTREAM SEGMENT: 848
BRANCH SEGMENT: 0
BOUNDARY CONDITIONS TYPE: NOBOUND
INLET DATA TABLE: NONE
--- 
SEGMENT N.: 850
NAME: branch0_seg850
ID: 850
LENGTH: 0.010135
NUM ELEMENTS: 5
IN NODE: 850
OUT NODE: 851
IN AREA: 0.095612
OUT AREA: 0.095616
IN FLOW: 0.000000
MAT DATATABLE NAME: MAT1
LOSS TYPE: STENOSIS
BRANCH ANGLE: 0.000000
UPSTREAM SEGMENT: 849
BRANCH SEGMENT: 0
BOUNDARY CONDITIONS TYPE: NOBOUND
INLET DATA TABLE: NONE
--- 
SEGMENT N.: 851
NAME: branch0_seg851
ID: 851
LENGTH: 0.010135
NUM ELEMENTS: 5
IN NODE: 851
OUT NODE: 852
IN AREA: 0.095617
OUT AREA: 0.095608
IN FLOW: 0.000000
MAT DATATABLE NAME: MAT1
LOSS TYPE: STENOSIS
BRANCH ANGLE: 0.000000
UPSTREAM SEGMENT: 850
BRANCH SEGMENT: 0
BOUNDARY CONDITIONS TYPE: NOBOUND
INLET DATA TABLE: NONE
--- 
SEGMENT N.: 852
NAME: branch0_seg852
ID: 852
LENGTH: 0.010135
NUM ELEMENTS: 5
IN NODE: 852
OUT NODE: 853
IN AREA: 0.095604
OUT AREA: 0.095594
IN FLOW: 0.000000
MAT DATATABLE NAME: MAT1
LOSS TYPE: STENOSIS
BRANCH ANGLE: 0.000000
UPSTREAM SEGMENT: 851
BRANCH SEGMENT: 0
BOUNDARY CONDITIONS TYPE: NOBOUND
INLET DATA TABLE: NONE
--- 
SEGMENT N.: 853
NAME: branch0_seg853
ID: 853
LENGTH: 0.010135
NUM ELEMENTS: 5
IN NODE: 853
OUT NODE: 854
IN AREA: 0.095591
OUT AREA: 0.095575
IN FLOW: 0.000000
MAT DATATABLE NAME: MAT1
LOSS TYPE: STENOSIS
BRANCH ANGLE: 0.000000
UPSTREAM SEGMENT: 852
BRANCH SEGMENT: 0
BOUNDARY CONDITIONS TYPE: NOBOUND
INLET DATA TABLE: NONE
--- 
SEGMENT N.: 854
NAME: branch0_seg854
ID: 854
LENGTH: 0.010135
NUM ELEMENTS: 5
IN NODE: 854
OUT NODE: 855
IN AREA: 0.095571
OUT AREA: 0.094542
IN FLOW: 0.000000
MAT DATATABLE NAME: MAT1
LOSS TYPE: STENOSIS
BRANCH ANGLE: 0.000000
UPSTREAM SEGMENT: 853
BRANCH SEGMENT: 0
BOUNDARY CONDITIONS TYPE: NOBOUND
INLET DATA TABLE: NONE
--- 
SEGMENT N.: 855
NAME: branch0_seg855
ID: 855
LENGTH: 0.010135
NUM ELEMENTS: 5
IN NODE: 855
OUT NODE: 856
IN AREA: 0.095561
OUT AREA: 0.095562
IN FLOW: 0.000000
MAT DATATABLE NAME: MAT1
LOSS TYPE: STENOSIS
BRANCH ANGLE: 0.000000
UPSTREAM SEGMENT: 854
BRANCH SEGMENT: 0
BOUNDARY CONDITIONS TYPE: NOBOUND
INLET DATA TABLE: NONE
--- 
SEGMENT N.: 856
NAME: branch0_seg856
ID: 856
LENGTH: 0.010135
NUM ELEMENTS: 5
IN NODE: 856
OUT NODE: 857
IN AREA: 0.095565
OUT AREA: 0.095578
IN FLOW: 0.000000
MAT DATATABLE NAME: MAT1
LOSS TYPE: STENOSIS
BRANCH ANGLE: 0.000000
UPSTREAM SEGMENT: 855
BRANCH SEGMENT: 0
BOUNDARY CONDITIONS TYPE: NOBOUND
INLET DATA TABLE: NONE
--- 
SEGMENT N.: 857
NAME: branch0_seg857
ID: 857
LENGTH: 0.010135
NUM ELEMENTS: 5
IN NODE: 857
OUT NODE: 858
IN AREA: 0.093251
OUT AREA: 0.095592
IN FLOW: 0.000000
MAT DATATABLE NAME: MAT1
LOSS TYPE: STENOSIS
BRANCH ANGLE: 0.000000
UPSTREAM SEGMENT: 856
BRANCH SEGMENT: 0
BOUNDARY CONDITIONS TYPE: NOBOUND
INLET DATA TABLE: NONE
--- 
SEGMENT N.: 858
NAME: branch0_seg858
ID: 858
LENGTH: 0.010135
NUM ELEMENTS: 5
IN NODE: 858
OUT NODE: 859
IN AREA: 0.095598
OUT AREA: 0.095613
IN FLOW: 0.000000
MAT DATATABLE NAME: MAT1
LOSS TYPE: STENOSIS
BRANCH ANGLE: 0.000000
UPSTREAM SEGMENT: 857
BRANCH SEGMENT: 0
BOUNDARY CONDITIONS TYPE: NOBOUND
INLET DATA TABLE: NONE
--- 
SEGMENT N.: 859
NAME: branch0_seg859
ID: 859
LENGTH: 0.010135
NUM ELEMENTS: 5
IN NODE: 859
OUT NODE: 860
IN AREA: 0.095618
OUT AREA: 0.095621
IN FLOW: 0.000000
MAT DATATABLE NAME: MAT1
LOSS TYPE: STENOSIS
BRANCH ANGLE: 0.000000
UPSTREAM SEGMENT: 858
BRANCH SEGMENT: 0
BOUNDARY CONDITIONS TYPE: NOBOUND
INLET DATA TABLE: NONE
--- 
SEGMENT N.: 860
NAME: branch0_seg860
ID: 860
LENGTH: 0.010135
NUM ELEMENTS: 5
IN NODE: 860
OUT NODE: 861
IN AREA: 0.095622
OUT AREA: 0.095624
IN FLOW: 0.000000
MAT DATATABLE NAME: MAT1
LOSS TYPE: STENOSIS
BRANCH ANGLE: 0.000000
UPSTREAM SEGMENT: 859
BRANCH SEGMENT: 0
BOUNDARY CONDITIONS TYPE: NOBOUND
INLET DATA TABLE: NONE
--- 
SEGMENT N.: 861
NAME: branch0_seg861
ID: 861
LENGTH: 0.010135
NUM ELEMENTS: 5
IN NODE: 861
OUT NODE: 862
IN AREA: 0.095627
OUT AREA: 0.095624
IN FLOW: 0.000000
MAT DATATABLE NAME: MAT1
LOSS TYPE: STENOSIS
BRANCH ANGLE: 0.000000
UPSTREAM SEGMENT: 860
BRANCH SEGMENT: 0
BOUNDARY CONDITIONS TYPE: NOBOUND
INLET DATA TABLE: NONE
--- 
SEGMENT N.: 862
NAME: branch0_seg862
ID: 862
LENGTH: 0.010135
NUM ELEMENTS: 5
IN NODE: 862
OUT NODE: 863
IN AREA: 0.095623
OUT AREA: 0.095613
IN FLOW: 0.000000
MAT DATATABLE NAME: MAT1
LOSS TYPE: STENOSIS
BRANCH ANGLE: 0.000000
UPSTREAM SEGMENT: 861
BRANCH SEGMENT: 0
BOUNDARY CONDITIONS TYPE: NOBOUND
INLET DATA TABLE: NONE
--- 
SEGMENT N.: 863
NAME: branch0_seg863
ID: 863
LENGTH: 0.010135
NUM ELEMENTS: 5
IN NODE: 863
OUT NODE: 864
IN AREA: 0.082940
OUT AREA: 0.084899
IN FLOW: 0.000000
MAT DATATABLE NAME: MAT1
LOSS TYPE: STENOSIS
BRANCH ANGLE: 0.000000
UPSTREAM SEGMENT: 862
BRANCH SEGMENT: 0
BOUNDARY CONDITIONS TYPE: NOBOUND
INLET DATA TABLE: NONE
--- 
SEGMENT N.: 864
NAME: branch0_seg864
ID: 864
LENGTH: 0.010135
NUM ELEMENTS: 5
IN NODE: 864
OUT NODE: 865
IN AREA: 0.043428
OUT AREA: 0.095595
IN FLOW: 0.000000
MAT DATATABLE NAME: MAT1
LOSS TYPE: STENOSIS
BRANCH ANGLE: 0.000000
UPSTREAM SEGMENT: 863
BRANCH SEGMENT: 0
BOUNDARY CONDITIONS TYPE: NOBOUND
INLET DATA TABLE: NONE
--- 
SEGMENT N.: 865
NAME: branch0_seg865
ID: 865
LENGTH: 0.010135
NUM ELEMENTS: 5
IN NODE: 865
OUT NODE: 866
IN AREA: 0.095594
OUT AREA: 0.095596
IN FLOW: 0.000000
MAT DATATABLE NAME: MAT1
LOSS TYPE: STENOSIS
BRANCH ANGLE: 0.000000
UPSTREAM SEGMENT: 864
BRANCH SEGMENT: 0
BOUNDARY CONDITIONS TYPE: NOBOUND
INLET DATA TABLE: NONE
--- 
SEGMENT N.: 866
NAME: branch0_seg866
ID: 866
LENGTH: 0.010135
NUM ELEMENTS: 5
IN NODE: 866
OUT NODE: 867
IN AREA: 0.095598
OUT AREA: 0.095600
IN FLOW: 0.000000
MAT DATATABLE NAME: MAT1
LOSS TYPE: STENOSIS
BRANCH ANGLE: 0.000000
UPSTREAM SEGMENT: 865
BRANCH SEGMENT: 0
BOUNDARY CONDITIONS TYPE: NOBOUND
INLET DATA TABLE: NONE
--- 
SEGMENT N.: 867
NAME: branch0_seg867
ID: 867
LENGTH: 0.010135
NUM ELEMENTS: 5
IN NODE: 867
OUT NODE: 868
IN AREA: 0.030774
OUT AREA: 0.095614
IN FLOW: 0.000000
MAT DATATABLE NAME: MAT1
LOSS TYPE: STENOSIS
BRANCH ANGLE: 0.000000
UPSTREAM SEGMENT: 866
BRANCH SEGMENT: 0
BOUNDARY CONDITIONS TYPE: NOBOUND
INLET DATA TABLE: NONE
--- 
SEGMENT N.: 868
NAME: branch0_seg868
ID: 868
LENGTH: 0.010135
NUM ELEMENTS: 5
IN NODE: 868
OUT NODE: 869
IN AREA: 0.095615
OUT AREA: 0.095625
IN FLOW: 0.000000
MAT DATATABLE NAME: MAT1
LOSS TYPE: STENOSIS
BRANCH ANGLE: 0.000000
UPSTREAM SEGMENT: 867
BRANCH SEGMENT: 0
BOUNDARY CONDITIONS TYPE: NOBOUND
INLET DATA TABLE: NONE
--- 
SEGMENT N.: 869
NAME: branch0_seg869
ID: 869
LENGTH: 0.010135
NUM ELEMENTS: 5
IN NODE: 869
OUT NODE: 870
IN AREA: 0.095630
OUT AREA: 0.084795
IN FLOW: 0.000000
MAT DATATABLE NAME: MAT1
LOSS TYPE: STENOSIS
BRANCH ANGLE: 0.000000
UPSTREAM SEGMENT: 868
BRANCH SEGMENT: 0
BOUNDARY CONDITIONS TYPE: NOBOUND
INLET DATA TABLE: NONE
--- 
SEGMENT N.: 870
NAME: branch0_seg870
ID: 870
LENGTH: 0.010135
NUM ELEMENTS: 5
IN NODE: 870
OUT NODE: 871
IN AREA: 0.095645
OUT AREA: 0.095643
IN FLOW: 0.000000
MAT DATATABLE NAME: MAT1
LOSS TYPE: STENOSIS
BRANCH ANGLE: 0.000000
UPSTREAM SEGMENT: 869
BRANCH SEGMENT: 0
BOUNDARY CONDITIONS TYPE: NOBOUND
INLET DATA TABLE: NONE
--- 
SEGMENT N.: 871
NAME: branch0_seg871
ID: 871
LENGTH: 0.010135
NUM ELEMENTS: 5
IN NODE: 871
OUT NODE: 872
IN AREA: 0.095644
OUT AREA: 0.042483
IN FLOW: 0.000000
MAT DATATABLE NAME: MAT1
LOSS TYPE: STENOSIS
BRANCH ANGLE: 0.000000
UPSTREAM SEGMENT: 870
BRANCH SEGMENT: 0
BOUNDARY CONDITIONS TYPE: NOBOUND
INLET DATA TABLE: NONE
--- 
SEGMENT N.: 872
NAME: branch0_seg872
ID: 872
LENGTH: 0.010135
NUM ELEMENTS: 5
IN NODE: 872
OUT NODE: 873
IN AREA: 0.091096
OUT AREA: 0.095637
IN FLOW: 0.000000
MAT DATATABLE NAME: MAT1
LOSS TYPE: STENOSIS
BRANCH ANGLE: 0.000000
UPSTREAM SEGMENT: 871
BRANCH SEGMENT: 0
BOUNDARY CONDITIONS TYPE: NOBOUND
INLET DATA TABLE: NONE
--- 
SEGMENT N.: 873
NAME: branch0_seg873
ID: 873
LENGTH: 0.010135
NUM ELEMENTS: 5
IN NODE: 873
OUT NODE: 874
IN AREA: 0.095635
OUT AREA: 0.095622
IN FLOW: 0.000000
MAT DATATABLE NAME: MAT1
LOSS TYPE: STENOSIS
BRANCH ANGLE: 0.000000
UPSTREAM SEGMENT: 872
BRANCH SEGMENT: 0
BOUNDARY CONDITIONS TYPE: NOBOUND
INLET DATA TABLE: NONE
--- 
SEGMENT N.: 874
NAME: branch0_seg874
ID: 874
LENGTH: 0.010135
NUM ELEMENTS: 5
IN NODE: 874
OUT NODE: 875
IN AREA: 0.095620
OUT AREA: 0.095603
IN FLOW: 0.000000
MAT DATATABLE NAME: MAT1
LOSS TYPE: STENOSIS
BRANCH ANGLE: 0.000000
UPSTREAM SEGMENT: 873
BRANCH SEGMENT: 0
BOUNDARY CONDITIONS TYPE: NOBOUND
INLET DATA TABLE: NONE
--- 
SEGMENT N.: 875
NAME: branch0_seg875
ID: 875
LENGTH: 0.010135
NUM ELEMENTS: 5
IN NODE: 875
OUT NODE: 876
IN AREA: 0.095601
OUT AREA: 0.095593
IN FLOW: 0.000000
MAT DATATABLE NAME: MAT1
LOSS TYPE: STENOSIS
BRANCH ANGLE: 0.000000
UPSTREAM SEGMENT: 874
BRANCH SEGMENT: 0
BOUNDARY CONDITIONS TYPE: NOBOUND
INLET DATA TABLE: NONE
--- 
SEGMENT N.: 876
NAME: branch0_seg876
ID: 876
LENGTH: 0.010135
NUM ELEMENTS: 5
IN NODE: 876
OUT NODE: 877
IN AREA: 0.095591
OUT AREA: 0.063735
IN FLOW: 0.000000
MAT DATATABLE NAME: MAT1
LOSS TYPE: STENOSIS
BRANCH ANGLE: 0.000000
UPSTREAM SEGMENT: 875
BRANCH SEGMENT: 0
BOUNDARY CONDITIONS TYPE: NOBOUND
INLET DATA TABLE: NONE
--- 
SEGMENT N.: 877
NAME: branch0_seg877
ID: 877
LENGTH: 0.010135
NUM ELEMENTS: 5
IN NODE: 877
OUT NODE: 878
IN AREA: 0.095577
OUT AREA: 0.095550
IN FLOW: 0.000000
MAT DATATABLE NAME: MAT1
LOSS TYPE: STENOSIS
BRANCH ANGLE: 0.000000
UPSTREAM SEGMENT: 876
BRANCH SEGMENT: 0
BOUNDARY CONDITIONS TYPE: NOBOUND
INLET DATA TABLE: NONE
--- 
SEGMENT N.: 878
NAME: branch0_seg878
ID: 878
LENGTH: 0.010135
NUM ELEMENTS: 5
IN NODE: 878
OUT NODE: 879
IN AREA: 0.095546
OUT AREA: 0.095545
IN FLOW: 0.000000
MAT DATATABLE NAME: MAT1
LOSS TYPE: STENOSIS
BRANCH ANGLE: 0.000000
UPSTREAM SEGMENT: 877
BRANCH SEGMENT: 0
BOUNDARY CONDITIONS TYPE: NOBOUND
INLET DATA TABLE: NONE
--- 
SEGMENT N.: 879
NAME: branch0_seg879
ID: 879
LENGTH: 0.010135
NUM ELEMENTS: 5
IN NODE: 879
OUT NODE: 880
IN AREA: 0.095541
OUT AREA: 0.095537
IN FLOW: 0.000000
MAT DATATABLE NAME: MAT1
LOSS TYPE: STENOSIS
BRANCH ANGLE: 0.000000
UPSTREAM SEGMENT: 878
BRANCH SEGMENT: 0
BOUNDARY CONDITIONS TYPE: NOBOUND
INLET DATA TABLE: NONE
--- 
SEGMENT N.: 880
NAME: branch0_seg880
ID: 880
LENGTH: 0.010135
NUM ELEMENTS: 5
IN NODE: 880
OUT NODE: 881
IN AREA: 0.095535
OUT AREA: 0.095536
IN FLOW: 0.000000
MAT DATATABLE NAME: MAT1
LOSS TYPE: STENOSIS
BRANCH ANGLE: 0.000000
UPSTREAM SEGMENT: 879
BRANCH SEGMENT: 0
BOUNDARY CONDITIONS TYPE: NOBOUND
INLET DATA TABLE: NONE
--- 
SEGMENT N.: 881
NAME: branch0_seg881
ID: 881
LENGTH: 0.010135
NUM ELEMENTS: 5
IN NODE: 881
OUT NODE: 882
IN AREA: 0.095540
OUT AREA: 0.095552
IN FLOW: 0.000000
MAT DATATABLE NAME: MAT1
LOSS TYPE: STENOSIS
BRANCH ANGLE: 0.000000
UPSTREAM SEGMENT: 880
BRANCH SEGMENT: 0
BOUNDARY CONDITIONS TYPE: NOBOUND
INLET DATA TABLE: NONE
--- 
SEGMENT N.: 882
NAME: branch0_seg882
ID: 882
LENGTH: 0.010135
NUM ELEMENTS: 5
IN NODE: 882
OUT NODE: 883
IN AREA: 0.084233
OUT AREA: 0.095583
IN FLOW: 0.000000
MAT DATATABLE NAME: MAT1
LOSS TYPE: STENOSIS
BRANCH ANGLE: 0.000000
UPSTREAM SEGMENT: 881
BRANCH SEGMENT: 0
BOUNDARY CONDITIONS TYPE: NOBOUND
INLET DATA TABLE: NONE
--- 
SEGMENT N.: 883
NAME: branch0_seg883
ID: 883
LENGTH: 0.010135
NUM ELEMENTS: 5
IN NODE: 883
OUT NODE: 884
IN AREA: 0.095591
OUT AREA: 0.095593
IN FLOW: 0.000000
MAT DATATABLE NAME: MAT1
LOSS TYPE: STENOSIS
BRANCH ANGLE: 0.000000
UPSTREAM SEGMENT: 882
BRANCH SEGMENT: 0
BOUNDARY CONDITIONS TYPE: NOBOUND
INLET DATA TABLE: NONE
--- 
SEGMENT N.: 884
NAME: branch0_seg884
ID: 884
LENGTH: 0.010135
NUM ELEMENTS: 5
IN NODE: 884
OUT NODE: 885
IN AREA: 0.095594
OUT AREA: 0.095597
IN FLOW: 0.000000
MAT DATATABLE NAME: MAT1
LOSS TYPE: STENOSIS
BRANCH ANGLE: 0.000000
UPSTREAM SEGMENT: 883
BRANCH SEGMENT: 0
BOUNDARY CONDITIONS TYPE: NOBOUND
INLET DATA TABLE: NONE
--- 
SEGMENT N.: 885
NAME: branch0_seg885
ID: 885
LENGTH: 0.010135
NUM ELEMENTS: 5
IN NODE: 885
OUT NODE: 886
IN AREA: 0.095596
OUT AREA: 0.095601
IN FLOW: 0.000000
MAT DATATABLE NAME: MAT1
LOSS TYPE: STENOSIS
BRANCH ANGLE: 0.000000
UPSTREAM SEGMENT: 884
BRANCH SEGMENT: 0
BOUNDARY CONDITIONS TYPE: NOBOUND
INLET DATA TABLE: NONE
--- 
SEGMENT N.: 886
NAME: branch0_seg886
ID: 886
LENGTH: 0.010135
NUM ELEMENTS: 5
IN NODE: 886
OUT NODE: 887
IN AREA: 0.095600
OUT AREA: 0.095601
IN FLOW: 0.000000
MAT DATATABLE NAME: MAT1
LOSS TYPE: STENOSIS
BRANCH ANGLE: 0.000000
UPSTREAM SEGMENT: 885
BRANCH SEGMENT: 0
BOUNDARY CONDITIONS TYPE: NOBOUND
INLET DATA TABLE: NONE
--- 
SEGMENT N.: 887
NAME: branch0_seg887
ID: 887
LENGTH: 0.010135
NUM ELEMENTS: 5
IN NODE: 887
OUT NODE: 888
IN AREA: 0.057433
OUT AREA: 0.095630
IN FLOW: 0.000000
MAT DATATABLE NAME: MAT1
LOSS TYPE: STENOSIS
BRANCH ANGLE: 0.000000
UPSTREAM SEGMENT: 886
BRANCH SEGMENT: 0
BOUNDARY CONDITIONS TYPE: NOBOUND
INLET DATA TABLE: NONE
--- 
SEGMENT N.: 888
NAME: branch0_seg888
ID: 888
LENGTH: 0.010135
NUM ELEMENTS: 5
IN NODE: 888
OUT NODE: 889
IN AREA: 0.034150
OUT AREA: 0.095645
IN FLOW: 0.000000
MAT DATATABLE NAME: MAT1
LOSS TYPE: STENOSIS
BRANCH ANGLE: 0.000000
UPSTREAM SEGMENT: 887
BRANCH SEGMENT: 0
BOUNDARY CONDITIONS TYPE: NOBOUND
INLET DATA TABLE: NONE
--- 
SEGMENT N.: 889
NAME: branch0_seg889
ID: 889
LENGTH: 0.010135
NUM ELEMENTS: 5
IN NODE: 889
OUT NODE: 890
IN AREA: 0.095644
OUT AREA: 0.095640
IN FLOW: 0.000000
MAT DATATABLE NAME: MAT1
LOSS TYPE: STENOSIS
BRANCH ANGLE: 0.000000
UPSTREAM SEGMENT: 888
BRANCH SEGMENT: 0
BOUNDARY CONDITIONS TYPE: NOBOUND
INLET DATA TABLE: NONE
--- 
SEGMENT N.: 890
NAME: branch0_seg890
ID: 890
LENGTH: 0.010135
NUM ELEMENTS: 5
IN NODE: 890
OUT NODE: 891
IN AREA: 0.095633
OUT AREA: 0.095602
IN FLOW: 0.000000
MAT DATATABLE NAME: MAT1
LOSS TYPE: STENOSIS
BRANCH ANGLE: 0.000000
UPSTREAM SEGMENT: 889
BRANCH SEGMENT: 0
BOUNDARY CONDITIONS TYPE: NOBOUND
INLET DATA TABLE: NONE
--- 
SEGMENT N.: 891
NAME: branch0_seg891
ID: 891
LENGTH: 0.010135
NUM ELEMENTS: 5
IN NODE: 891
OUT NODE: 892
IN AREA: 0.060899
OUT AREA: 0.095596
IN FLOW: 0.000000
MAT DATATABLE NAME: MAT1
LOSS TYPE: STENOSIS
BRANCH ANGLE: 0.000000
UPSTREAM SEGMENT: 890
BRANCH SEGMENT: 0
BOUNDARY CONDITIONS TYPE: NOBOUND
INLET DATA TABLE: NONE
--- 
SEGMENT N.: 892
NAME: branch0_seg892
ID: 892
LENGTH: 0.010135
NUM ELEMENTS: 5
IN NODE: 892
OUT NODE: 893
IN AREA: 0.095591
OUT AREA: 0.095596
IN FLOW: 0.000000
MAT DATATABLE NAME: MAT1
LOSS TYPE: STENOSIS
BRANCH ANGLE: 0.000000
UPSTREAM SEGMENT: 891
BRANCH SEGMENT: 0
BOUNDARY CONDITIONS TYPE: NOBOUND
INLET DATA TABLE: NONE
--- 
SEGMENT N.: 893
NAME: branch0_seg893
ID: 893
LENGTH: 0.010135
NUM ELEMENTS: 5
IN NODE: 893
OUT NODE: 894
IN AREA: 0.095594
OUT AREA: 0.095606
IN FLOW: 0.000000
MAT DATATABLE NAME: MAT1
LOSS TYPE: STENOSIS
BRANCH ANGLE: 0.000000
UPSTREAM SEGMENT: 892
BRANCH SEGMENT: 0
BOUNDARY CONDITIONS TYPE: NOBOUND
INLET DATA TABLE: NONE
--- 
SEGMENT N.: 894
NAME: branch0_seg894
ID: 894
LENGTH: 0.010135
NUM ELEMENTS: 5
IN NODE: 894
OUT NODE: 895
IN AREA: 0.095611
OUT AREA: 0.095616
IN FLOW: 0.000000
MAT DATATABLE NAME: MAT1
LOSS TYPE: STENOSIS
BRANCH ANGLE: 0.000000
UPSTREAM SEGMENT: 893
BRANCH SEGMENT: 0
BOUNDARY CONDITIONS TYPE: NOBOUND
INLET DATA TABLE: NONE
--- 
SEGMENT N.: 895
NAME: branch0_seg895
ID: 895
LENGTH: 0.010135
NUM ELEMENTS: 5
IN NODE: 895
OUT NODE: 896
IN AREA: 0.095619
OUT AREA: 0.095625
IN FLOW: 0.000000
MAT DATATABLE NAME: MAT1
LOSS TYPE: STENOSIS
BRANCH ANGLE: 0.000000
UPSTREAM SEGMENT: 894
BRANCH SEGMENT: 0
BOUNDARY CONDITIONS TYPE: NOBOUND
INLET DATA TABLE: NONE
--- 
SEGMENT N.: 896
NAME: branch0_seg896
ID: 896
LENGTH: 0.010135
NUM ELEMENTS: 5
IN NODE: 896
OUT NODE: 897
IN AREA: 0.095626
OUT AREA: 0.095626
IN FLOW: 0.000000
MAT DATATABLE NAME: MAT1
LOSS TYPE: STENOSIS
BRANCH ANGLE: 0.000000
UPSTREAM SEGMENT: 895
BRANCH SEGMENT: 0
BOUNDARY CONDITIONS TYPE: NOBOUND
INLET DATA TABLE: NONE
--- 
SEGMENT N.: 897
NAME: branch0_seg897
ID: 897
LENGTH: 0.010135
NUM ELEMENTS: 5
IN NODE: 897
OUT NODE: 898
IN AREA: 0.074905
OUT AREA: 0.095602
IN FLOW: 0.000000
MAT DATATABLE NAME: MAT1
LOSS TYPE: STENOSIS
BRANCH ANGLE: 0.000000
UPSTREAM SEGMENT: 896
BRANCH SEGMENT: 0
BOUNDARY CONDITIONS TYPE: NOBOUND
INLET DATA TABLE: NONE
--- 
SEGMENT N.: 898
NAME: branch0_seg898
ID: 898
LENGTH: 0.010135
NUM ELEMENTS: 5
IN NODE: 898
OUT NODE: 899
IN AREA: 0.093011
OUT AREA: 0.095579
IN FLOW: 0.000000
MAT DATATABLE NAME: MAT1
LOSS TYPE: STENOSIS
BRANCH ANGLE: 0.000000
UPSTREAM SEGMENT: 897
BRANCH SEGMENT: 0
BOUNDARY CONDITIONS TYPE: NOBOUND
INLET DATA TABLE: NONE
--- 
SEGMENT N.: 899
NAME: branch0_seg899
ID: 899
LENGTH: 0.010135
NUM ELEMENTS: 5
IN NODE: 899
OUT NODE: 900
IN AREA: 0.095576
OUT AREA: 0.095563
IN FLOW: 0.000000
MAT DATATABLE NAME: MAT1
LOSS TYPE: STENOSIS
BRANCH ANGLE: 0.000000
UPSTREAM SEGMENT: 898
BRANCH SEGMENT: 0
BOUNDARY CONDITIONS TYPE: NOBOUND
INLET DATA TABLE: NONE
--- 
SEGMENT N.: 900
NAME: branch0_seg900
ID: 900
LENGTH: 0.010135
NUM ELEMENTS: 5
IN NODE: 900
OUT NODE: 901
IN AREA: 0.095558
OUT AREA: 0.095553
IN FLOW: 0.000000
MAT DATATABLE NAME: MAT1
LOSS TYPE: STENOSIS
BRANCH ANGLE: 0.000000
UPSTREAM SEGMENT: 899
BRANCH SEGMENT: 0
BOUNDARY CONDITIONS TYPE: NOBOUND
INLET DATA TABLE: NONE
--- 
SEGMENT N.: 901
NAME: branch0_seg901
ID: 901
LENGTH: 0.010135
NUM ELEMENTS: 5
IN NODE: 901
OUT NODE: 902
IN AREA: 0.095554
OUT AREA: 0.095577
IN FLOW: 0.000000
MAT DATATABLE NAME: MAT1
LOSS TYPE: STENOSIS
BRANCH ANGLE: 0.000000
UPSTREAM SEGMENT: 900
BRANCH SEGMENT: 0
BOUNDARY CONDITIONS TYPE: NOBOUND
INLET DATA TABLE: NONE
--- 
SEGMENT N.: 902
NAME: branch0_seg902
ID: 902
LENGTH: 0.010135
NUM ELEMENTS: 5
IN NODE: 902
OUT NODE: 903
IN AREA: 0.095578
OUT AREA: 0.095579
IN FLOW: 0.000000
MAT DATATABLE NAME: MAT1
LOSS TYPE: STENOSIS
BRANCH ANGLE: 0.000000
UPSTREAM SEGMENT: 901
BRANCH SEGMENT: 0
BOUNDARY CONDITIONS TYPE: NOBOUND
INLET DATA TABLE: NONE
--- 
SEGMENT N.: 903
NAME: branch0_seg903
ID: 903
LENGTH: 0.010135
NUM ELEMENTS: 5
IN NODE: 903
OUT NODE: 904
IN AREA: 0.095582
OUT AREA: 0.095591
IN FLOW: 0.000000
MAT DATATABLE NAME: MAT1
LOSS TYPE: STENOSIS
BRANCH ANGLE: 0.000000
UPSTREAM SEGMENT: 902
BRANCH SEGMENT: 0
BOUNDARY CONDITIONS TYPE: NOBOUND
INLET DATA TABLE: NONE
--- 
SEGMENT N.: 904
NAME: branch0_seg904
ID: 904
LENGTH: 0.010135
NUM ELEMENTS: 5
IN NODE: 904
OUT NODE: 905
IN AREA: 0.095594
OUT AREA: 0.095602
IN FLOW: 0.000000
MAT DATATABLE NAME: MAT1
LOSS TYPE: STENOSIS
BRANCH ANGLE: 0.000000
UPSTREAM SEGMENT: 903
BRANCH SEGMENT: 0
BOUNDARY CONDITIONS TYPE: NOBOUND
INLET DATA TABLE: NONE
--- 
SEGMENT N.: 905
NAME: branch0_seg905
ID: 905
LENGTH: 0.010135
NUM ELEMENTS: 5
IN NODE: 905
OUT NODE: 906
IN AREA: 0.095604
OUT AREA: 0.095609
IN FLOW: 0.000000
MAT DATATABLE NAME: MAT1
LOSS TYPE: STENOSIS
BRANCH ANGLE: 0.000000
UPSTREAM SEGMENT: 904
BRANCH SEGMENT: 0
BOUNDARY CONDITIONS TYPE: NOBOUND
INLET DATA TABLE: NONE
--- 
SEGMENT N.: 906
NAME: branch0_seg906
ID: 906
LENGTH: 0.010135
NUM ELEMENTS: 5
IN NODE: 906
OUT NODE: 907
IN AREA: 0.095604
OUT AREA: 0.095603
IN FLOW: 0.000000
MAT DATATABLE NAME: MAT1
LOSS TYPE: STENOSIS
BRANCH ANGLE: 0.000000
UPSTREAM SEGMENT: 905
BRANCH SEGMENT: 0
BOUNDARY CONDITIONS TYPE: NOBOUND
INLET DATA TABLE: NONE
--- 
SEGMENT N.: 907
NAME: branch0_seg907
ID: 907
LENGTH: 0.010135
NUM ELEMENTS: 5
IN NODE: 907
OUT NODE: 908
IN AREA: 0.095600
OUT AREA: 0.095593
IN FLOW: 0.000000
MAT DATATABLE NAME: MAT1
LOSS TYPE: STENOSIS
BRANCH ANGLE: 0.000000
UPSTREAM SEGMENT: 906
BRANCH SEGMENT: 0
BOUNDARY CONDITIONS TYPE: NOBOUND
INLET DATA TABLE: NONE
--- 
SEGMENT N.: 908
NAME: branch0_seg908
ID: 908
LENGTH: 0.010135
NUM ELEMENTS: 5
IN NODE: 908
OUT NODE: 909
IN AREA: 0.095588
OUT AREA: 0.095582
IN FLOW: 0.000000
MAT DATATABLE NAME: MAT1
LOSS TYPE: STENOSIS
BRANCH ANGLE: 0.000000
UPSTREAM SEGMENT: 907
BRANCH SEGMENT: 0
BOUNDARY CONDITIONS TYPE: NOBOUND
INLET DATA TABLE: NONE
--- 
SEGMENT N.: 909
NAME: branch0_seg909
ID: 909
LENGTH: 0.010135
NUM ELEMENTS: 5
IN NODE: 909
OUT NODE: 910
IN AREA: 0.095580
OUT AREA: 0.037829
IN FLOW: 0.000000
MAT DATATABLE NAME: MAT1
LOSS TYPE: STENOSIS
BRANCH ANGLE: 0.000000
UPSTREAM SEGMENT: 908
BRANCH SEGMENT: 0
BOUNDARY CONDITIONS TYPE: NOBOUND
INLET DATA TABLE: NONE
--- 
SEGMENT N.: 910
NAME: branch0_seg910
ID: 910
LENGTH: 0.010135
NUM ELEMENTS: 5
IN NODE: 910
OUT NODE: 911
IN AREA: 0.087697
OUT AREA: 0.095585
IN FLOW: 0.000000
MAT DATATABLE NAME: MAT1
LOSS TYPE: STENOSIS
BRANCH ANGLE: 0.000000
UPSTREAM SEGMENT: 909
BRANCH SEGMENT: 0
BOUNDARY CONDITIONS TYPE: NOBOUND
INLET DATA TABLE: NONE
--- 
SEGMENT N.: 911
NAME: branch0_seg911
ID: 911
LENGTH: 0.010135
NUM ELEMENTS: 5
IN NODE: 911
OUT NODE: 912
IN AREA: 0.095590
OUT AREA: 0.095590
IN FLOW: 0.000000
MAT DATATABLE NAME: MAT1
LOSS TYPE: STENOSIS
BRANCH ANGLE: 0.000000
UPSTREAM SEGMENT: 910
BRANCH SEGMENT: 0
BOUNDARY CONDITIONS TYPE: NOBOUND
INLET DATA TABLE: NONE
--- 
SEGMENT N.: 912
NAME: branch0_seg912
ID: 912
LENGTH: 0.010135
NUM ELEMENTS: 5
IN NODE: 912
OUT NODE: 913
IN AREA: 0.095591
OUT AREA: 0.093327
IN FLOW: 0.000000
MAT DATATABLE NAME: MAT1
LOSS TYPE: STENOSIS
BRANCH ANGLE: 0.000000
UPSTREAM SEGMENT: 911
BRANCH SEGMENT: 0
BOUNDARY CONDITIONS TYPE: NOBOUND
INLET DATA TABLE: NONE
--- 
SEGMENT N.: 913
NAME: branch0_seg913
ID: 913
LENGTH: 0.010135
NUM ELEMENTS: 5
IN NODE: 913
OUT NODE: 914
IN AREA: 0.095591
OUT AREA: 0.095599
IN FLOW: 0.000000
MAT DATATABLE NAME: MAT1
LOSS TYPE: STENOSIS
BRANCH ANGLE: 0.000000
UPSTREAM SEGMENT: 912
BRANCH SEGMENT: 0
BOUNDARY CONDITIONS TYPE: NOBOUND
INLET DATA TABLE: NONE
--- 
SEGMENT N.: 914
NAME: branch0_seg914
ID: 914
LENGTH: 0.010135
NUM ELEMENTS: 5
IN NODE: 914
OUT NODE: 915
IN AREA: 0.095599
OUT AREA: 0.095606
IN FLOW: 0.000000
MAT DATATABLE NAME: MAT1
LOSS TYPE: STENOSIS
BRANCH ANGLE: 0.000000
UPSTREAM SEGMENT: 913
BRANCH SEGMENT: 0
BOUNDARY CONDITIONS TYPE: NOBOUND
INLET DATA TABLE: NONE
--- 
SEGMENT N.: 915
NAME: branch0_seg915
ID: 915
LENGTH: 0.010135
NUM ELEMENTS: 5
IN NODE: 915
OUT NODE: 916
IN AREA: 0.095613
OUT AREA: 0.095620
IN FLOW: 0.000000
MAT DATATABLE NAME: MAT1
LOSS TYPE: STENOSIS
BRANCH ANGLE: 0.000000
UPSTREAM SEGMENT: 914
BRANCH SEGMENT: 0
BOUNDARY CONDITIONS TYPE: NOBOUND
INLET DATA TABLE: NONE
--- 
SEGMENT N.: 916
NAME: branch0_seg916
ID: 916
LENGTH: 0.010135
NUM ELEMENTS: 5
IN NODE: 916
OUT NODE: 917
IN AREA: 0.095619
OUT AREA: 0.095629
IN FLOW: 0.000000
MAT DATATABLE NAME: MAT1
LOSS TYPE: STENOSIS
BRANCH ANGLE: 0.000000
UPSTREAM SEGMENT: 915
BRANCH SEGMENT: 0
BOUNDARY CONDITIONS TYPE: NOBOUND
INLET DATA TABLE: NONE
--- 
SEGMENT N.: 917
NAME: branch0_seg917
ID: 917
LENGTH: 0.010135
NUM ELEMENTS: 5
IN NODE: 917
OUT NODE: 918
IN AREA: 0.095633
OUT AREA: 0.095632
IN FLOW: 0.000000
MAT DATATABLE NAME: MAT1
LOSS TYPE: STENOSIS
BRANCH ANGLE: 0.000000
UPSTREAM SEGMENT: 916
BRANCH SEGMENT: 0
BOUNDARY CONDITIONS TYPE: NOBOUND
INLET DATA TABLE: NONE
--- 
SEGMENT N.: 918
NAME: branch0_seg918
ID: 918
LENGTH: 0.010135
NUM ELEMENTS: 5
IN NODE: 918
OUT NODE: 919
IN AREA: 0.095631
OUT AREA: 0.095622
IN FLOW: 0.000000
MAT DATATABLE NAME: MAT1
LOSS TYPE: STENOSIS
BRANCH ANGLE: 0.000000
UPSTREAM SEGMENT: 917
BRANCH SEGMENT: 0
BOUNDARY CONDITIONS TYPE: NOBOUND
INLET DATA TABLE: NONE
--- 
SEGMENT N.: 919
NAME: branch0_seg919
ID: 919
LENGTH: 0.010135
NUM ELEMENTS: 5
IN NODE: 919
OUT NODE: 920
IN AREA: 0.095618
OUT AREA: 0.095615
IN FLOW: 0.000000
MAT DATATABLE NAME: MAT1
LOSS TYPE: STENOSIS
BRANCH ANGLE: 0.000000
UPSTREAM SEGMENT: 918
BRANCH SEGMENT: 0
BOUNDARY CONDITIONS TYPE: NOBOUND
INLET DATA TABLE: NONE
--- 
SEGMENT N.: 920
NAME: branch0_seg920
ID: 920
LENGTH: 0.010135
NUM ELEMENTS: 5
IN NODE: 920
OUT NODE: 921
IN AREA: 0.095612
OUT AREA: 0.095601
IN FLOW: 0.000000
MAT DATATABLE NAME: MAT1
LOSS TYPE: STENOSIS
BRANCH ANGLE: 0.000000
UPSTREAM SEGMENT: 919
BRANCH SEGMENT: 0
BOUNDARY CONDITIONS TYPE: NOBOUND
INLET DATA TABLE: NONE
--- 
SEGMENT N.: 921
NAME: branch0_seg921
ID: 921
LENGTH: 0.010135
NUM ELEMENTS: 5
IN NODE: 921
OUT NODE: 922
IN AREA: 0.095599
OUT AREA: 0.095598
IN FLOW: 0.000000
MAT DATATABLE NAME: MAT1
LOSS TYPE: STENOSIS
BRANCH ANGLE: 0.000000
UPSTREAM SEGMENT: 920
BRANCH SEGMENT: 0
BOUNDARY CONDITIONS TYPE: NOBOUND
INLET DATA TABLE: NONE
--- 
SEGMENT N.: 922
NAME: branch0_seg922
ID: 922
LENGTH: 0.010135
NUM ELEMENTS: 5
IN NODE: 922
OUT NODE: 923
IN AREA: 0.095599
OUT AREA: 0.095592
IN FLOW: 0.000000
MAT DATATABLE NAME: MAT1
LOSS TYPE: STENOSIS
BRANCH ANGLE: 0.000000
UPSTREAM SEGMENT: 921
BRANCH SEGMENT: 0
BOUNDARY CONDITIONS TYPE: NOBOUND
INLET DATA TABLE: NONE
--- 
SEGMENT N.: 923
NAME: branch0_seg923
ID: 923
LENGTH: 0.010135
NUM ELEMENTS: 5
IN NODE: 923
OUT NODE: 924
IN AREA: 0.066714
OUT AREA: 0.095598
IN FLOW: 0.000000
MAT DATATABLE NAME: MAT1
LOSS TYPE: STENOSIS
BRANCH ANGLE: 0.000000
UPSTREAM SEGMENT: 922
BRANCH SEGMENT: 0
BOUNDARY CONDITIONS TYPE: NOBOUND
INLET DATA TABLE: NONE
--- 
SEGMENT N.: 924
NAME: branch0_seg924
ID: 924
LENGTH: 0.010135
NUM ELEMENTS: 5
IN NODE: 924
OUT NODE: 925
IN AREA: 0.095597
OUT AREA: 0.095603
IN FLOW: 0.000000
MAT DATATABLE NAME: MAT1
LOSS TYPE: STENOSIS
BRANCH ANGLE: 0.000000
UPSTREAM SEGMENT: 923
BRANCH SEGMENT: 0
BOUNDARY CONDITIONS TYPE: NOBOUND
INLET DATA TABLE: NONE
--- 
SEGMENT N.: 925
NAME: branch0_seg925
ID: 925
LENGTH: 0.010135
NUM ELEMENTS: 5
IN NODE: 925
OUT NODE: 926
IN AREA: 0.095608
OUT AREA: 0.095626
IN FLOW: 0.000000
MAT DATATABLE NAME: MAT1
LOSS TYPE: STENOSIS
BRANCH ANGLE: 0.000000
UPSTREAM SEGMENT: 924
BRANCH SEGMENT: 0
BOUNDARY CONDITIONS TYPE: NOBOUND
INLET DATA TABLE: NONE
--- 
SEGMENT N.: 926
NAME: branch0_seg926
ID: 926
LENGTH: 0.010135
NUM ELEMENTS: 5
IN NODE: 926
OUT NODE: 927
IN AREA: 0.095633
OUT AREA: 0.063558
IN FLOW: 0.000000
MAT DATATABLE NAME: MAT1
LOSS TYPE: STENOSIS
BRANCH ANGLE: 0.000000
UPSTREAM SEGMENT: 925
BRANCH SEGMENT: 0
BOUNDARY CONDITIONS TYPE: NOBOUND
INLET DATA TABLE: NONE
--- 
SEGMENT N.: 927
NAME: branch0_seg927
ID: 927
LENGTH: 0.010135
NUM ELEMENTS: 5
IN NODE: 927
OUT NODE: 928
IN AREA: 0.046227
OUT AREA: 0.095659
IN FLOW: 0.000000
MAT DATATABLE NAME: MAT1
LOSS TYPE: STENOSIS
BRANCH ANGLE: 0.000000
UPSTREAM SEGMENT: 926
BRANCH SEGMENT: 0
BOUNDARY CONDITIONS TYPE: NOBOUND
INLET DATA TABLE: NONE
--- 
SEGMENT N.: 928
NAME: branch0_seg928
ID: 928
LENGTH: 0.010135
NUM ELEMENTS: 5
IN NODE: 928
OUT NODE: 929
IN AREA: 0.095665
OUT AREA: 0.095659
IN FLOW: 0.000000
MAT DATATABLE NAME: MAT1
LOSS TYPE: STENOSIS
BRANCH ANGLE: 0.000000
UPSTREAM SEGMENT: 927
BRANCH SEGMENT: 0
BOUNDARY CONDITIONS TYPE: NOBOUND
INLET DATA TABLE: NONE
--- 
SEGMENT N.: 929
NAME: branch0_seg929
ID: 929
LENGTH: 0.010135
NUM ELEMENTS: 5
IN NODE: 929
OUT NODE: 930
IN AREA: 0.095660
OUT AREA: 0.095648
IN FLOW: 0.000000
MAT DATATABLE NAME: MAT1
LOSS TYPE: STENOSIS
BRANCH ANGLE: 0.000000
UPSTREAM SEGMENT: 928
BRANCH SEGMENT: 0
BOUNDARY CONDITIONS TYPE: NOBOUND
INLET DATA TABLE: NONE
--- 
SEGMENT N.: 930
NAME: branch0_seg930
ID: 930
LENGTH: 0.010135
NUM ELEMENTS: 5
IN NODE: 930
OUT NODE: 931
IN AREA: 0.095643
OUT AREA: 0.095610
IN FLOW: 0.000000
MAT DATATABLE NAME: MAT1
LOSS TYPE: STENOSIS
BRANCH ANGLE: 0.000000
UPSTREAM SEGMENT: 929
BRANCH SEGMENT: 0
BOUNDARY CONDITIONS TYPE: NOBOUND
INLET DATA TABLE: NONE
--- 
SEGMENT N.: 931
NAME: branch0_seg931
ID: 931
LENGTH: 0.010135
NUM ELEMENTS: 5
IN NODE: 931
OUT NODE: 932
IN AREA: 0.095603
OUT AREA: 0.095598
IN FLOW: 0.000000
MAT DATATABLE NAME: MAT1
LOSS TYPE: STENOSIS
BRANCH ANGLE: 0.000000
UPSTREAM SEGMENT: 930
BRANCH SEGMENT: 0
BOUNDARY CONDITIONS TYPE: NOBOUND
INLET DATA TABLE: NONE
--- 
SEGMENT N.: 932
NAME: branch0_seg932
ID: 932
LENGTH: 0.010135
NUM ELEMENTS: 5
IN NODE: 932
OUT NODE: 933
IN AREA: 0.095589
OUT AREA: 0.073230
IN FLOW: 0.000000
MAT DATATABLE NAME: MAT1
LOSS TYPE: STENOSIS
BRANCH ANGLE: 0.000000
UPSTREAM SEGMENT: 931
BRANCH SEGMENT: 0
BOUNDARY CONDITIONS TYPE: NOBOUND
INLET DATA TABLE: NONE
--- 
SEGMENT N.: 933
NAME: branch0_seg933
ID: 933
LENGTH: 0.010135
NUM ELEMENTS: 5
IN NODE: 933
OUT NODE: 934
IN AREA: 0.095578
OUT AREA: 0.095574
IN FLOW: 0.000000
MAT DATATABLE NAME: MAT1
LOSS TYPE: STENOSIS
BRANCH ANGLE: 0.000000
UPSTREAM SEGMENT: 932
BRANCH SEGMENT: 0
BOUNDARY CONDITIONS TYPE: NOBOUND
INLET DATA TABLE: NONE
--- 
SEGMENT N.: 934
NAME: branch0_seg934
ID: 934
LENGTH: 0.010135
NUM ELEMENTS: 5
IN NODE: 934
OUT NODE: 935
IN AREA: 0.095572
OUT AREA: 0.095576
IN FLOW: 0.000000
MAT DATATABLE NAME: MAT1
LOSS TYPE: STENOSIS
BRANCH ANGLE: 0.000000
UPSTREAM SEGMENT: 933
BRANCH SEGMENT: 0
BOUNDARY CONDITIONS TYPE: NOBOUND
INLET DATA TABLE: NONE
--- 
SEGMENT N.: 935
NAME: branch0_seg935
ID: 935
LENGTH: 0.010135
NUM ELEMENTS: 5
IN NODE: 935
OUT NODE: 936
IN AREA: 0.095582
OUT AREA: 0.095595
IN FLOW: 0.000000
MAT DATATABLE NAME: MAT1
LOSS TYPE: STENOSIS
BRANCH ANGLE: 0.000000
UPSTREAM SEGMENT: 934
BRANCH SEGMENT: 0
BOUNDARY CONDITIONS TYPE: NOBOUND
INLET DATA TABLE: NONE
--- 
SEGMENT N.: 936
NAME: branch0_seg936
ID: 936
LENGTH: 0.010135
NUM ELEMENTS: 5
IN NODE: 936
OUT NODE: 937
IN AREA: 0.095602
OUT AREA: 0.095612
IN FLOW: 0.000000
MAT DATATABLE NAME: MAT1
LOSS TYPE: STENOSIS
BRANCH ANGLE: 0.000000
UPSTREAM SEGMENT: 935
BRANCH SEGMENT: 0
BOUNDARY CONDITIONS TYPE: NOBOUND
INLET DATA TABLE: NONE
--- 
SEGMENT N.: 937
NAME: branch0_seg937
ID: 937
LENGTH: 0.010135
NUM ELEMENTS: 5
IN NODE: 937
OUT NODE: 938
IN AREA: 0.095613
OUT AREA: 0.095628
IN FLOW: 0.000000
MAT DATATABLE NAME: MAT1
LOSS TYPE: STENOSIS
BRANCH ANGLE: 0.000000
UPSTREAM SEGMENT: 936
BRANCH SEGMENT: 0
BOUNDARY CONDITIONS TYPE: NOBOUND
INLET DATA TABLE: NONE
--- 
SEGMENT N.: 938
NAME: branch0_seg938
ID: 938
LENGTH: 0.010135
NUM ELEMENTS: 5
IN NODE: 938
OUT NODE: 939
IN AREA: 0.095630
OUT AREA: 0.095630
IN FLOW: 0.000000
MAT DATATABLE NAME: MAT1
LOSS TYPE: STENOSIS
BRANCH ANGLE: 0.000000
UPSTREAM SEGMENT: 937
BRANCH SEGMENT: 0
BOUNDARY CONDITIONS TYPE: NOBOUND
INLET DATA TABLE: NONE
--- 
SEGMENT N.: 939
NAME: branch0_seg939
ID: 939
LENGTH: 0.010135
NUM ELEMENTS: 5
IN NODE: 939
OUT NODE: 940
IN AREA: 0.095627
OUT AREA: 0.095627
IN FLOW: 0.000000
MAT DATATABLE NAME: MAT1
LOSS TYPE: STENOSIS
BRANCH ANGLE: 0.000000
UPSTREAM SEGMENT: 938
BRANCH SEGMENT: 0
BOUNDARY CONDITIONS TYPE: NOBOUND
INLET DATA TABLE: NONE
--- 
SEGMENT N.: 940
NAME: branch0_seg940
ID: 940
LENGTH: 0.010135
NUM ELEMENTS: 5
IN NODE: 940
OUT NODE: 941
IN AREA: 0.095621
OUT AREA: 0.095604
IN FLOW: 0.000000
MAT DATATABLE NAME: MAT1
LOSS TYPE: STENOSIS
BRANCH ANGLE: 0.000000
UPSTREAM SEGMENT: 939
BRANCH SEGMENT: 0
BOUNDARY CONDITIONS TYPE: NOBOUND
INLET DATA TABLE: NONE
--- 
SEGMENT N.: 941
NAME: branch0_seg941
ID: 941
LENGTH: 0.010135
NUM ELEMENTS: 5
IN NODE: 941
OUT NODE: 942
IN AREA: 0.095599
OUT AREA: 0.095597
IN FLOW: 0.000000
MAT DATATABLE NAME: MAT1
LOSS TYPE: STENOSIS
BRANCH ANGLE: 0.000000
UPSTREAM SEGMENT: 940
BRANCH SEGMENT: 0
BOUNDARY CONDITIONS TYPE: NOBOUND
INLET DATA TABLE: NONE
--- 
SEGMENT N.: 942
NAME: branch0_seg942
ID: 942
LENGTH: 0.010135
NUM ELEMENTS: 5
IN NODE: 942
OUT NODE: 943
IN AREA: 0.095596
OUT AREA: 0.095581
IN FLOW: 0.000000
MAT DATATABLE NAME: MAT1
LOSS TYPE: STENOSIS
BRANCH ANGLE: 0.000000
UPSTREAM SEGMENT: 941
BRANCH SEGMENT: 0
BOUNDARY CONDITIONS TYPE: NOBOUND
INLET DATA TABLE: NONE
--- 
SEGMENT N.: 943
NAME: branch0_seg943
ID: 943
LENGTH: 0.010135
NUM ELEMENTS: 5
IN NODE: 943
OUT NODE: 944
IN AREA: 0.095575
OUT AREA: 0.095578
IN FLOW: 0.000000
MAT DATATABLE NAME: MAT1
LOSS TYPE: STENOSIS
BRANCH ANGLE: 0.000000
UPSTREAM SEGMENT: 942
BRANCH SEGMENT: 0
BOUNDARY CONDITIONS TYPE: NOBOUND
INLET DATA TABLE: NONE
--- 
SEGMENT N.: 944
NAME: branch0_seg944
ID: 944
LENGTH: 0.010135
NUM ELEMENTS: 5
IN NODE: 944
OUT NODE: 945
IN AREA: 0.095585
OUT AREA: 0.095584
IN FLOW: 0.000000
MAT DATATABLE NAME: MAT1
LOSS TYPE: STENOSIS
BRANCH ANGLE: 0.000000
UPSTREAM SEGMENT: 943
BRANCH SEGMENT: 0
BOUNDARY CONDITIONS TYPE: NOBOUND
INLET DATA TABLE: NONE
--- 
SEGMENT N.: 945
NAME: branch0_seg945
ID: 945
LENGTH: 0.010135
NUM ELEMENTS: 5
IN NODE: 945
OUT NODE: 946
IN AREA: 0.095587
OUT AREA: 0.093127
IN FLOW: 0.000000
MAT DATATABLE NAME: MAT1
LOSS TYPE: STENOSIS
BRANCH ANGLE: 0.000000
UPSTREAM SEGMENT: 944
BRANCH SEGMENT: 0
BOUNDARY CONDITIONS TYPE: NOBOUND
INLET DATA TABLE: NONE
--- 
SEGMENT N.: 946
NAME: branch0_seg946
ID: 946
LENGTH: 0.010135
NUM ELEMENTS: 5
IN NODE: 946
OUT NODE: 947
IN AREA: 0.095582
OUT AREA: 0.095578
IN FLOW: 0.000000
MAT DATATABLE NAME: MAT1
LOSS TYPE: STENOSIS
BRANCH ANGLE: 0.000000
UPSTREAM SEGMENT: 945
BRANCH SEGMENT: 0
BOUNDARY CONDITIONS TYPE: NOBOUND
INLET DATA TABLE: NONE
--- 
SEGMENT N.: 947
NAME: branch0_seg947
ID: 947
LENGTH: 0.010135
NUM ELEMENTS: 5
IN NODE: 947
OUT NODE: 948
IN AREA: 0.095575
OUT AREA: 0.095572
IN FLOW: 0.000000
MAT DATATABLE NAME: MAT1
LOSS TYPE: STENOSIS
BRANCH ANGLE: 0.000000
UPSTREAM SEGMENT: 946
BRANCH SEGMENT: 0
BOUNDARY CONDITIONS TYPE: NOBOUND
INLET DATA TABLE: NONE
--- 
SEGMENT N.: 948
NAME: branch0_seg948
ID: 948
LENGTH: 0.010135
NUM ELEMENTS: 5
IN NODE: 948
OUT NODE: 949
IN AREA: 0.095574
OUT AREA: 0.095568
IN FLOW: 0.000000
MAT DATATABLE NAME: MAT1
LOSS TYPE: STENOSIS
BRANCH ANGLE: 0.000000
UPSTREAM SEGMENT: 947
BRANCH SEGMENT: 0
BOUNDARY CONDITIONS TYPE: NOBOUND
INLET DATA TABLE: NONE
--- 
SEGMENT N.: 949
NAME: branch0_seg949
ID: 949
LENGTH: 0.010135
NUM ELEMENTS: 5
IN NODE: 949
OUT NODE: 950
IN AREA: 0.095567
OUT AREA: 0.095573
IN FLOW: 0.000000
MAT DATATABLE NAME: MAT1
LOSS TYPE: STENOSIS
BRANCH ANGLE: 0.000000
UPSTREAM SEGMENT: 948
BRANCH SEGMENT: 0
BOUNDARY CONDITIONS TYPE: NOBOUND
INLET DATA TABLE: NONE
--- 
SEGMENT N.: 950
NAME: branch0_seg950
ID: 950
LENGTH: 0.010135
NUM ELEMENTS: 5
IN NODE: 950
OUT NODE: 951
IN AREA: 0.095575
OUT AREA: 0.095582
IN FLOW: 0.000000
MAT DATATABLE NAME: MAT1
LOSS TYPE: STENOSIS
BRANCH ANGLE: 0.000000
UPSTREAM SEGMENT: 949
BRANCH SEGMENT: 0
BOUNDARY CONDITIONS TYPE: NOBOUND
INLET DATA TABLE: NONE
--- 
SEGMENT N.: 951
NAME: branch0_seg951
ID: 951
LENGTH: 0.010135
NUM ELEMENTS: 5
IN NODE: 951
OUT NODE: 952
IN AREA: 0.095588
OUT AREA: 0.095607
IN FLOW: 0.000000
MAT DATATABLE NAME: MAT1
LOSS TYPE: STENOSIS
BRANCH ANGLE: 0.000000
UPSTREAM SEGMENT: 950
BRANCH SEGMENT: 0
BOUNDARY CONDITIONS TYPE: NOBOUND
INLET DATA TABLE: NONE
--- 
SEGMENT N.: 952
NAME: branch0_seg952
ID: 952
LENGTH: 0.010135
NUM ELEMENTS: 5
IN NODE: 952
OUT NODE: 953
IN AREA: 0.095615
OUT AREA: 0.095624
IN FLOW: 0.000000
MAT DATATABLE NAME: MAT1
LOSS TYPE: STENOSIS
BRANCH ANGLE: 0.000000
UPSTREAM SEGMENT: 951
BRANCH SEGMENT: 0
BOUNDARY CONDITIONS TYPE: NOBOUND
INLET DATA TABLE: NONE
--- 
SEGMENT N.: 953
NAME: branch0_seg953
ID: 953
LENGTH: 0.010135
NUM ELEMENTS: 5
IN NODE: 953
OUT NODE: 954
IN AREA: 0.095630
OUT AREA: 0.095637
IN FLOW: 0.000000
MAT DATATABLE NAME: MAT1
LOSS TYPE: STENOSIS
BRANCH ANGLE: 0.000000
UPSTREAM SEGMENT: 952
BRANCH SEGMENT: 0
BOUNDARY CONDITIONS TYPE: NOBOUND
INLET DATA TABLE: NONE
--- 
SEGMENT N.: 954
NAME: branch0_seg954
ID: 954
LENGTH: 0.010135
NUM ELEMENTS: 5
IN NODE: 954
OUT NODE: 955
IN AREA: 0.095637
OUT AREA: 0.095626
IN FLOW: 0.000000
MAT DATATABLE NAME: MAT1
LOSS TYPE: STENOSIS
BRANCH ANGLE: 0.000000
UPSTREAM SEGMENT: 953
BRANCH SEGMENT: 0
BOUNDARY CONDITIONS TYPE: NOBOUND
INLET DATA TABLE: NONE
--- 
SEGMENT N.: 955
NAME: branch0_seg955
ID: 955
LENGTH: 0.010135
NUM ELEMENTS: 5
IN NODE: 955
OUT NODE: 956
IN AREA: 0.095625
OUT AREA: 0.095607
IN FLOW: 0.000000
MAT DATATABLE NAME: MAT1
LOSS TYPE: STENOSIS
BRANCH ANGLE: 0.000000
UPSTREAM SEGMENT: 954
BRANCH SEGMENT: 0
BOUNDARY CONDITIONS TYPE: NOBOUND
INLET DATA TABLE: NONE
--- 
SEGMENT N.: 956
NAME: branch0_seg956
ID: 956
LENGTH: 0.010135
NUM ELEMENTS: 5
IN NODE: 956
OUT NODE: 957
IN AREA: 0.095606
OUT AREA: 0.095604
IN FLOW: 0.000000
MAT DATATABLE NAME: MAT1
LOSS TYPE: STENOSIS
BRANCH ANGLE: 0.000000
UPSTREAM SEGMENT: 955
BRANCH SEGMENT: 0
BOUNDARY CONDITIONS TYPE: NOBOUND
INLET DATA TABLE: NONE
--- 
SEGMENT N.: 957
NAME: branch0_seg957
ID: 957
LENGTH: 0.010135
NUM ELEMENTS: 5
IN NODE: 957
OUT NODE: 958
IN AREA: 0.095599
OUT AREA: 0.095593
IN FLOW: 0.000000
MAT DATATABLE NAME: MAT1
LOSS TYPE: STENOSIS
BRANCH ANGLE: 0.000000
UPSTREAM SEGMENT: 956
BRANCH SEGMENT: 0
BOUNDARY CONDITIONS TYPE: NOBOUND
INLET DATA TABLE: NONE
--- 
SEGMENT N.: 958
NAME: branch0_seg958
ID: 958
LENGTH: 0.010135
NUM ELEMENTS: 5
IN NODE: 958
OUT NODE: 959
IN AREA: 0.095593
OUT AREA: 0.095594
IN FLOW: 0.000000
MAT DATATABLE NAME: MAT1
LOSS TYPE: STENOSIS
BRANCH ANGLE: 0.000000
UPSTREAM SEGMENT: 957
BRANCH SEGMENT: 0
BOUNDARY CONDITIONS TYPE: NOBOUND
INLET DATA TABLE: NONE
--- 
SEGMENT N.: 959
NAME: branch0_seg959
ID: 959
LENGTH: 0.010135
NUM ELEMENTS: 5
IN NODE: 959
OUT NODE: 960
IN AREA: 0.095592
OUT AREA: 0.095594
IN FLOW: 0.000000
MAT DATATABLE NAME: MAT1
LOSS TYPE: STENOSIS
BRANCH ANGLE: 0.000000
UPSTREAM SEGMENT: 958
BRANCH SEGMENT: 0
BOUNDARY CONDITIONS TYPE: NOBOUND
INLET DATA TABLE: NONE
--- 
SEGMENT N.: 960
NAME: branch0_seg960
ID: 960
LENGTH: 0.010135
NUM ELEMENTS: 5
IN NODE: 960
OUT NODE: 961
IN AREA: 0.095596
OUT AREA: 0.095592
IN FLOW: 0.000000
MAT DATATABLE NAME: MAT1
LOSS TYPE: STENOSIS
BRANCH ANGLE: 0.000000
UPSTREAM SEGMENT: 959
BRANCH SEGMENT: 0
BOUNDARY CONDITIONS TYPE: NOBOUND
INLET DATA TABLE: NONE
--- 
SEGMENT N.: 961
NAME: branch0_seg961
ID: 961
LENGTH: 0.010135
NUM ELEMENTS: 5
IN NODE: 961
OUT NODE: 962
IN AREA: 0.066286
OUT AREA: 0.095595
IN FLOW: 0.000000
MAT DATATABLE NAME: MAT1
LOSS TYPE: STENOSIS
BRANCH ANGLE: 0.000000
UPSTREAM SEGMENT: 960
BRANCH SEGMENT: 0
BOUNDARY CONDITIONS TYPE: NOBOUND
INLET DATA TABLE: NONE
--- 
SEGMENT N.: 962
NAME: branch0_seg962
ID: 962
LENGTH: 0.010135
NUM ELEMENTS: 5
IN NODE: 962
OUT NODE: 963
IN AREA: 0.095598
OUT AREA: 0.095601
IN FLOW: 0.000000
MAT DATATABLE NAME: MAT1
LOSS TYPE: STENOSIS
BRANCH ANGLE: 0.000000
UPSTREAM SEGMENT: 961
BRANCH SEGMENT: 0
BOUNDARY CONDITIONS TYPE: NOBOUND
INLET DATA TABLE: NONE
--- 
SEGMENT N.: 963
NAME: branch0_seg963
ID: 963
LENGTH: 0.010135
NUM ELEMENTS: 5
IN NODE: 963
OUT NODE: 964
IN AREA: 0.095607
OUT AREA: 0.095604
IN FLOW: 0.000000
MAT DATATABLE NAME: MAT1
LOSS TYPE: STENOSIS
BRANCH ANGLE: 0.000000
UPSTREAM SEGMENT: 962
BRANCH SEGMENT: 0
BOUNDARY CONDITIONS TYPE: NOBOUND
INLET DATA TABLE: NONE
--- 
SEGMENT N.: 964
NAME: branch0_seg964
ID: 964
LENGTH: 0.010135
NUM ELEMENTS: 5
IN NODE: 964
OUT NODE: 965
IN AREA: 0.095604
OUT AREA: 0.095596
IN FLOW: 0.000000
MAT DATATABLE NAME: MAT1
LOSS TYPE: STENOSIS
BRANCH ANGLE: 0.000000
UPSTREAM SEGMENT: 963
BRANCH SEGMENT: 0
BOUNDARY CONDITIONS TYPE: NOBOUND
INLET DATA TABLE: NONE
--- 
SEGMENT N.: 965
NAME: branch0_seg965
ID: 965
LENGTH: 0.010135
NUM ELEMENTS: 5
IN NODE: 965
OUT NODE: 966
IN AREA: 0.095594
OUT AREA: 0.074949
IN FLOW: 0.000000
MAT DATATABLE NAME: MAT1
LOSS TYPE: STENOSIS
BRANCH ANGLE: 0.000000
UPSTREAM SEGMENT: 964
BRANCH SEGMENT: 0
BOUNDARY CONDITIONS TYPE: NOBOUND
INLET DATA TABLE: NONE
--- 
SEGMENT N.: 966
NAME: branch0_seg966
ID: 966
LENGTH: 0.010135
NUM ELEMENTS: 5
IN NODE: 966
OUT NODE: 967
IN AREA: 0.095585
OUT AREA: 0.095580
IN FLOW: 0.000000
MAT DATATABLE NAME: MAT1
LOSS TYPE: STENOSIS
BRANCH ANGLE: 0.000000
UPSTREAM SEGMENT: 965
BRANCH SEGMENT: 0
BOUNDARY CONDITIONS TYPE: NOBOUND
INLET DATA TABLE: NONE
--- 
SEGMENT N.: 967
NAME: branch0_seg967
ID: 967
LENGTH: 0.010135
NUM ELEMENTS: 5
IN NODE: 967
OUT NODE: 968
IN AREA: 0.095577
OUT AREA: 0.095572
IN FLOW: 0.000000
MAT DATATABLE NAME: MAT1
LOSS TYPE: STENOSIS
BRANCH ANGLE: 0.000000
UPSTREAM SEGMENT: 966
BRANCH SEGMENT: 0
BOUNDARY CONDITIONS TYPE: NOBOUND
INLET DATA TABLE: NONE
--- 
SEGMENT N.: 968
NAME: branch0_seg968
ID: 968
LENGTH: 0.010135
NUM ELEMENTS: 5
IN NODE: 968
OUT NODE: 969
IN AREA: 0.095575
OUT AREA: 0.095588
IN FLOW: 0.000000
MAT DATATABLE NAME: MAT1
LOSS TYPE: STENOSIS
BRANCH ANGLE: 0.000000
UPSTREAM SEGMENT: 967
BRANCH SEGMENT: 0
BOUNDARY CONDITIONS TYPE: NOBOUND
INLET DATA TABLE: NONE
--- 
SEGMENT N.: 969
NAME: branch0_seg969
ID: 969
LENGTH: 0.010135
NUM ELEMENTS: 5
IN NODE: 969
OUT NODE: 970
IN AREA: 0.095594
OUT AREA: 0.039296
IN FLOW: 0.000000
MAT DATATABLE NAME: MAT1
LOSS TYPE: STENOSIS
BRANCH ANGLE: 0.000000
UPSTREAM SEGMENT: 968
BRANCH SEGMENT: 0
BOUNDARY CONDITIONS TYPE: NOBOUND
INLET DATA TABLE: NONE
--- 
SEGMENT N.: 970
NAME: branch0_seg970
ID: 970
LENGTH: 0.010135
NUM ELEMENTS: 5
IN NODE: 970
OUT NODE: 971
IN AREA: 0.095601
OUT AREA: 0.095595
IN FLOW: 0.000000
MAT DATATABLE NAME: MAT1
LOSS TYPE: STENOSIS
BRANCH ANGLE: 0.000000
UPSTREAM SEGMENT: 969
BRANCH SEGMENT: 0
BOUNDARY CONDITIONS TYPE: NOBOUND
INLET DATA TABLE: NONE
--- 
SEGMENT N.: 971
NAME: branch0_seg971
ID: 971
LENGTH: 0.010135
NUM ELEMENTS: 5
IN NODE: 971
OUT NODE: 972
IN AREA: 0.095593
OUT AREA: 0.092984
IN FLOW: 0.000000
MAT DATATABLE NAME: MAT1
LOSS TYPE: STENOSIS
BRANCH ANGLE: 0.000000
UPSTREAM SEGMENT: 970
BRANCH SEGMENT: 0
BOUNDARY CONDITIONS TYPE: NOBOUND
INLET DATA TABLE: NONE
--- 
SEGMENT N.: 972
NAME: branch0_seg972
ID: 972
LENGTH: 0.010135
NUM ELEMENTS: 5
IN NODE: 972
OUT NODE: 973
IN AREA: 0.095592
OUT AREA: 0.095596
IN FLOW: 0.000000
MAT DATATABLE NAME: MAT1
LOSS TYPE: STENOSIS
BRANCH ANGLE: 0.000000
UPSTREAM SEGMENT: 971
BRANCH SEGMENT: 0
BOUNDARY CONDITIONS TYPE: NOBOUND
INLET DATA TABLE: NONE
--- 
SEGMENT N.: 973
NAME: branch0_seg973
ID: 973
LENGTH: 0.010135
NUM ELEMENTS: 5
IN NODE: 973
OUT NODE: 974
IN AREA: 0.095598
OUT AREA: 0.085927
IN FLOW: 0.000000
MAT DATATABLE NAME: MAT1
LOSS TYPE: STENOSIS
BRANCH ANGLE: 0.000000
UPSTREAM SEGMENT: 972
BRANCH SEGMENT: 0
BOUNDARY CONDITIONS TYPE: NOBOUND
INLET DATA TABLE: NONE
--- 
SEGMENT N.: 974
NAME: branch0_seg974
ID: 974
LENGTH: 0.010135
NUM ELEMENTS: 5
IN NODE: 974
OUT NODE: 975
IN AREA: 0.095596
OUT AREA: 0.093020
IN FLOW: 0.000000
MAT DATATABLE NAME: MAT1
LOSS TYPE: STENOSIS
BRANCH ANGLE: 0.000000
UPSTREAM SEGMENT: 973
BRANCH SEGMENT: 0
BOUNDARY CONDITIONS TYPE: NOBOUND
INLET DATA TABLE: NONE
--- 
SEGMENT N.: 975
NAME: branch0_seg975
ID: 975
LENGTH: 0.010135
NUM ELEMENTS: 5
IN NODE: 975
OUT NODE: 976
IN AREA: 0.077411
OUT AREA: 0.095603
IN FLOW: 0.000000
MAT DATATABLE NAME: MAT1
LOSS TYPE: STENOSIS
BRANCH ANGLE: 0.000000
UPSTREAM SEGMENT: 974
BRANCH SEGMENT: 0
BOUNDARY CONDITIONS TYPE: NOBOUND
INLET DATA TABLE: NONE
--- 
SEGMENT N.: 976
NAME: branch0_seg976
ID: 976
LENGTH: 0.010135
NUM ELEMENTS: 5
IN NODE: 976
OUT NODE: 977
IN AREA: 0.095602
OUT AREA: 0.095605
IN FLOW: 0.000000
MAT DATATABLE NAME: MAT1
LOSS TYPE: STENOSIS
BRANCH ANGLE: 0.000000
UPSTREAM SEGMENT: 975
BRANCH SEGMENT: 0
BOUNDARY CONDITIONS TYPE: NOBOUND
INLET DATA TABLE: NONE
--- 
SEGMENT N.: 977
NAME: branch0_seg977
ID: 977
LENGTH: 0.010135
NUM ELEMENTS: 5
IN NODE: 977
OUT NODE: 978
IN AREA: 0.095611
OUT AREA: 0.084210
IN FLOW: 0.000000
MAT DATATABLE NAME: MAT1
LOSS TYPE: STENOSIS
BRANCH ANGLE: 0.000000
UPSTREAM SEGMENT: 976
BRANCH SEGMENT: 0
BOUNDARY CONDITIONS TYPE: NOBOUND
INLET DATA TABLE: NONE
--- 
SEGMENT N.: 978
NAME: branch0_seg978
ID: 978
LENGTH: 0.010135
NUM ELEMENTS: 5
IN NODE: 978
OUT NODE: 979
IN AREA: 0.095610
OUT AREA: 0.095615
IN FLOW: 0.000000
MAT DATATABLE NAME: MAT1
LOSS TYPE: STENOSIS
BRANCH ANGLE: 0.000000
UPSTREAM SEGMENT: 977
BRANCH SEGMENT: 0
BOUNDARY CONDITIONS TYPE: NOBOUND
INLET DATA TABLE: NONE
--- 
SEGMENT N.: 979
NAME: branch0_seg979
ID: 979
LENGTH: 0.010135
NUM ELEMENTS: 5
IN NODE: 979
OUT NODE: 980
IN AREA: 0.095615
OUT AREA: 0.095617
IN FLOW: 0.000000
MAT DATATABLE NAME: MAT1
LOSS TYPE: STENOSIS
BRANCH ANGLE: 0.000000
UPSTREAM SEGMENT: 978
BRANCH SEGMENT: 0
BOUNDARY CONDITIONS TYPE: NOBOUND
INLET DATA TABLE: NONE
--- 
SEGMENT N.: 980
NAME: branch0_seg980
ID: 980
LENGTH: 0.010135
NUM ELEMENTS: 5
IN NODE: 980
OUT NODE: 981
IN AREA: 0.095618
OUT AREA: 0.095618
IN FLOW: 0.000000
MAT DATATABLE NAME: MAT1
LOSS TYPE: STENOSIS
BRANCH ANGLE: 0.000000
UPSTREAM SEGMENT: 979
BRANCH SEGMENT: 0
BOUNDARY CONDITIONS TYPE: NOBOUND
INLET DATA TABLE: NONE
--- 
SEGMENT N.: 981
NAME: branch0_seg981
ID: 981
LENGTH: 0.010135
NUM ELEMENTS: 5
IN NODE: 981
OUT NODE: 982
IN AREA: 0.095615
OUT AREA: 0.095624
IN FLOW: 0.000000
MAT DATATABLE NAME: MAT1
LOSS TYPE: STENOSIS
BRANCH ANGLE: 0.000000
UPSTREAM SEGMENT: 980
BRANCH SEGMENT: 0
BOUNDARY CONDITIONS TYPE: NOBOUND
INLET DATA TABLE: NONE
--- 
SEGMENT N.: 982
NAME: branch0_seg982
ID: 982
LENGTH: 0.010135
NUM ELEMENTS: 5
IN NODE: 982
OUT NODE: 983
IN AREA: 0.095628
OUT AREA: 0.095630
IN FLOW: 0.000000
MAT DATATABLE NAME: MAT1
LOSS TYPE: STENOSIS
BRANCH ANGLE: 0.000000
UPSTREAM SEGMENT: 981
BRANCH SEGMENT: 0
BOUNDARY CONDITIONS TYPE: NOBOUND
INLET DATA TABLE: NONE
--- 
SEGMENT N.: 983
NAME: branch0_seg983
ID: 983
LENGTH: 0.010135
NUM ELEMENTS: 5
IN NODE: 983
OUT NODE: 984
IN AREA: 0.095634
OUT AREA: 0.095637
IN FLOW: 0.000000
MAT DATATABLE NAME: MAT1
LOSS TYPE: STENOSIS
BRANCH ANGLE: 0.000000
UPSTREAM SEGMENT: 982
BRANCH SEGMENT: 0
BOUNDARY CONDITIONS TYPE: NOBOUND
INLET DATA TABLE: NONE
--- 
SEGMENT N.: 984
NAME: branch0_seg984
ID: 984
LENGTH: 0.010135
NUM ELEMENTS: 5
IN NODE: 984
OUT NODE: 985
IN AREA: 0.095636
OUT AREA: 0.095630
IN FLOW: 0.000000
MAT DATATABLE NAME: MAT1
LOSS TYPE: STENOSIS
BRANCH ANGLE: 0.000000
UPSTREAM SEGMENT: 983
BRANCH SEGMENT: 0
BOUNDARY CONDITIONS TYPE: NOBOUND
INLET DATA TABLE: NONE
--- 
SEGMENT N.: 985
NAME: branch0_seg985
ID: 985
LENGTH: 0.010135
NUM ELEMENTS: 5
IN NODE: 985
OUT NODE: 986
IN AREA: 0.095625
OUT AREA: 0.037599
IN FLOW: 0.000000
MAT DATATABLE NAME: MAT1
LOSS TYPE: STENOSIS
BRANCH ANGLE: 0.000000
UPSTREAM SEGMENT: 984
BRANCH SEGMENT: 0
BOUNDARY CONDITIONS TYPE: NOBOUND
INLET DATA TABLE: NONE
--- 
SEGMENT N.: 986
NAME: branch0_seg986
ID: 986
LENGTH: 0.010135
NUM ELEMENTS: 5
IN NODE: 986
OUT NODE: 987
IN AREA: 0.095615
OUT AREA: 0.095603
IN FLOW: 0.000000
MAT DATATABLE NAME: MAT1
LOSS TYPE: STENOSIS
BRANCH ANGLE: 0.000000
UPSTREAM SEGMENT: 985
BRANCH SEGMENT: 0
BOUNDARY CONDITIONS TYPE: NOBOUND
INLET DATA TABLE: NONE
--- 
SEGMENT N.: 987
NAME: branch0_seg987
ID: 987
LENGTH: 0.010135
NUM ELEMENTS: 5
IN NODE: 987
OUT NODE: 988
IN AREA: 0.095604
OUT AREA: 0.095598
IN FLOW: 0.000000
MAT DATATABLE NAME: MAT1
LOSS TYPE: STENOSIS
BRANCH ANGLE: 0.000000
UPSTREAM SEGMENT: 986
BRANCH SEGMENT: 0
BOUNDARY CONDITIONS TYPE: NOBOUND
INLET DATA TABLE: NONE
--- 
SEGMENT N.: 988
NAME: branch0_seg988
ID: 988
LENGTH: 0.010135
NUM ELEMENTS: 5
IN NODE: 988
OUT NODE: 989
IN AREA: 0.095602
OUT AREA: 0.095607
IN FLOW: 0.000000
MAT DATATABLE NAME: MAT1
LOSS TYPE: STENOSIS
BRANCH ANGLE: 0.000000
UPSTREAM SEGMENT: 987
BRANCH SEGMENT: 0
BOUNDARY CONDITIONS TYPE: NOBOUND
INLET DATA TABLE: NONE
--- 
SEGMENT N.: 989
NAME: branch0_seg989
ID: 989
LENGTH: 0.010135
NUM ELEMENTS: 5
IN NODE: 989
OUT NODE: 990
IN AREA: 0.095609
OUT AREA: 0.095608
IN FLOW: 0.000000
MAT DATATABLE NAME: MAT1
LOSS TYPE: STENOSIS
BRANCH ANGLE: 0.000000
UPSTREAM SEGMENT: 988
BRANCH SEGMENT: 0
BOUNDARY CONDITIONS TYPE: NOBOUND
INLET DATA TABLE: NONE
--- 
SEGMENT N.: 990
NAME: branch0_seg990
ID: 990
LENGTH: 0.010135
NUM ELEMENTS: 5
IN NODE: 990
OUT NODE: 991
IN AREA: 0.080634
OUT AREA: 0.095602
IN FLOW: 0.000000
MAT DATATABLE NAME: MAT1
LOSS TYPE: STENOSIS
BRANCH ANGLE: 0.000000
UPSTREAM SEGMENT: 989
BRANCH SEGMENT: 0
BOUNDARY CONDITIONS TYPE: NOBOUND
INLET DATA TABLE: NONE
--- 
SEGMENT N.: 991
NAME: branch0_seg991
ID: 991
LENGTH: 0.010135
NUM ELEMENTS: 5
IN NODE: 991
OUT NODE: 992
IN AREA: 0.095602
OUT AREA: 0.095610
IN FLOW: 0.000000
MAT DATATABLE NAME: MAT1
LOSS TYPE: STENOSIS
BRANCH ANGLE: 0.000000
UPSTREAM SEGMENT: 990
BRANCH SEGMENT: 0
BOUNDARY CONDITIONS TYPE: NOBOUND
INLET DATA TABLE: NONE
--- 
SEGMENT N.: 992
NAME: branch0_seg992
ID: 992
LENGTH: 0.010135
NUM ELEMENTS: 5
IN NODE: 992
OUT NODE: 993
IN AREA: 0.095607
OUT AREA: 0.095610
IN FLOW: 0.000000
MAT DATATABLE NAME: MAT1
LOSS TYPE: STENOSIS
BRANCH ANGLE: 0.000000
UPSTREAM SEGMENT: 991
BRANCH SEGMENT: 0
BOUNDARY CONDITIONS TYPE: NOBOUND
INLET DATA TABLE: NONE
--- 
SEGMENT N.: 993
NAME: branch0_seg993
ID: 993
LENGTH: 0.010135
NUM ELEMENTS: 5
IN NODE: 993
OUT NODE: 994
IN AREA: 0.095608
OUT AREA: 0.095597
IN FLOW: 0.000000
MAT DATATABLE NAME: MAT1
LOSS TYPE: STENOSIS
BRANCH ANGLE: 0.000000
UPSTREAM SEGMENT: 992
BRANCH SEGMENT: 0
BOUNDARY CONDITIONS TYPE: NOBOUND
INLET DATA TABLE: NONE
--- 
SEGMENT N.: 994
NAME: branch0_seg994
ID: 994
LENGTH: 0.010135
NUM ELEMENTS: 5
IN NODE: 994
OUT NODE: 995
IN AREA: 0.081601
OUT AREA: 0.070892
IN FLOW: 0.000000
MAT DATATABLE NAME: MAT1
LOSS TYPE: STENOSIS
BRANCH ANGLE: 0.000000
UPSTREAM SEGMENT: 993
BRANCH SEGMENT: 0
BOUNDARY CONDITIONS TYPE: NOBOUND
INLET DATA TABLE: NONE
--- 
SEGMENT N.: 995
NAME: branch0_seg995
ID: 995
LENGTH: 0.010135
NUM ELEMENTS: 5
IN NODE: 995
OUT NODE: 996
IN AREA: 0.055538
OUT AREA: 0.095580
IN FLOW: 0.000000
MAT DATATABLE NAME: MAT1
LOSS TYPE: STENOSIS
BRANCH ANGLE: 0.000000
UPSTREAM SEGMENT: 994
BRANCH SEGMENT: 0
BOUNDARY CONDITIONS TYPE: NOBOUND
INLET DATA TABLE: NONE
--- 
SEGMENT N.: 996
NAME: branch0_seg996
ID: 996
LENGTH: 0.010135
NUM ELEMENTS: 5
IN NODE: 996
OUT NODE: 997
IN AREA: 0.095575
OUT AREA: 0.039643
IN FLOW: 0.000000
MAT DATATABLE NAME: MAT1
LOSS TYPE: STENOSIS
BRANCH ANGLE: 0.000000
UPSTREAM SEGMENT: 995
BRANCH SEGMENT: 0
BOUNDARY CONDITIONS TYPE: NOBOUND
INLET DATA TABLE: NONE
--- 
SEGMENT N.: 997
NAME: branch0_seg997
ID: 997
LENGTH: 0.010135
NUM ELEMENTS: 5
IN NODE: 997
OUT NODE: 998
IN AREA: 0.095552
OUT AREA: 0.083228
IN FLOW: 0.000000
MAT DATATABLE NAME: MAT1
LOSS TYPE: STENOSIS
BRANCH ANGLE: 0.000000
UPSTREAM SEGMENT: 996
BRANCH SEGMENT: 0
BOUNDARY CONDITIONS TYPE: NOBOUND
INLET DATA TABLE: NONE
--- 
SEGMENT N.: 998
NAME: branch0_seg998
ID: 998
LENGTH: 0.010135
NUM ELEMENTS: 5
IN NODE: 998
OUT NODE: 999
IN AREA: 0.095537
OUT AREA: 0.095531
IN FLOW: 0.000000
MAT DATATABLE NAME: MAT1
LOSS TYPE: STENOSIS
BRANCH ANGLE: 0.000000
UPSTREAM SEGMENT: 997
BRANCH SEGMENT: 0
BOUNDARY CONDITIONS TYPE: NOBOUND
INLET DATA TABLE: NONE
--- 
SEGMENT N.: 999
NAME: branch0_seg999
ID: 999
LENGTH: 0.010135
NUM ELEMENTS: 5
IN NODE: 999
OUT NODE: 1000
IN AREA: 0.041674
OUT AREA: 0.095510
IN FLOW: 0.000000
MAT DATATABLE NAME: MAT1
LOSS TYPE: STENOSIS
BRANCH ANGLE: 0.000000
UPSTREAM SEGMENT: 998
BRANCH SEGMENT: 0
BOUNDARY CONDITIONS TYPE: NOBOUND
INLET DATA TABLE: NONE
--- 
SEGMENT N.: 1000
NAME: branch0_seg1000
ID: 1000
LENGTH: 0.010135
NUM ELEMENTS: 5
IN NODE: 1000
OUT NODE: 1001
IN AREA: 0.095510
OUT AREA: 0.074471
IN FLOW: 0.000000
MAT DATATABLE NAME: MAT1
LOSS TYPE: STENOSIS
BRANCH ANGLE: 0.000000
UPSTREAM SEGMENT: 999
BRANCH SEGMENT: 0
BOUNDARY CONDITIONS TYPE: NOBOUND
INLET DATA TABLE: NONE
--- 
SEGMENT N.: 1001
NAME: branch0_seg1001
ID: 1001
LENGTH: 0.010135
NUM ELEMENTS: 5
IN NODE: 1001
OUT NODE: 1002
IN AREA: 0.095508
OUT AREA: 0.095505
IN FLOW: 0.000000
MAT DATATABLE NAME: MAT1
LOSS TYPE: STENOSIS
BRANCH ANGLE: 0.000000
UPSTREAM SEGMENT: 1000
BRANCH SEGMENT: 0
BOUNDARY CONDITIONS TYPE: NOBOUND
INLET DATA TABLE: NONE
--- 
SEGMENT N.: 1002
NAME: branch0_seg1002
ID: 1002
LENGTH: 0.010135
NUM ELEMENTS: 5
IN NODE: 1002
OUT NODE: 1003
IN AREA: 0.079962
OUT AREA: 0.042760
IN FLOW: 0.000000
MAT DATATABLE NAME: MAT1
LOSS TYPE: STENOSIS
BRANCH ANGLE: 0.000000
UPSTREAM SEGMENT: 1001
BRANCH SEGMENT: 0
BOUNDARY CONDITIONS TYPE: NOBOUND
INLET DATA TABLE: NONE
--- 
SEGMENT N.: 1003
NAME: branch0_seg1003
ID: 1003
LENGTH: 0.010135
NUM ELEMENTS: 5
IN NODE: 1003
OUT NODE: 1004
IN AREA: 0.053164
OUT AREA: 0.095554
IN FLOW: 0.000000
MAT DATATABLE NAME: MAT1
LOSS TYPE: STENOSIS
BRANCH ANGLE: 0.000000
UPSTREAM SEGMENT: 1002
BRANCH SEGMENT: 0
BOUNDARY CONDITIONS TYPE: NOBOUND
INLET DATA TABLE: NONE
--- 
SEGMENT N.: 1004
NAME: branch0_seg1004
ID: 1004
LENGTH: 0.010135
NUM ELEMENTS: 5
IN NODE: 1004
OUT NODE: 1005
IN AREA: 0.095560
OUT AREA: 0.095570
IN FLOW: 0.000000
MAT DATATABLE NAME: MAT1
LOSS TYPE: STENOSIS
BRANCH ANGLE: 0.000000
UPSTREAM SEGMENT: 1003
BRANCH SEGMENT: 0
BOUNDARY CONDITIONS TYPE: NOBOUND
INLET DATA TABLE: NONE
--- 
SEGMENT N.: 1005
NAME: branch0_seg1005
ID: 1005
LENGTH: 0.010135
NUM ELEMENTS: 5
IN NODE: 1005
OUT NODE: 1006
IN AREA: 0.095576
OUT AREA: 0.095588
IN FLOW: 0.000000
MAT DATATABLE NAME: MAT1
LOSS TYPE: STENOSIS
BRANCH ANGLE: 0.000000
UPSTREAM SEGMENT: 1004
BRANCH SEGMENT: 0
BOUNDARY CONDITIONS TYPE: NOBOUND
INLET DATA TABLE: NONE
--- 
SEGMENT N.: 1006
NAME: branch0_seg1006
ID: 1006
LENGTH: 0.010135
NUM ELEMENTS: 5
IN NODE: 1006
OUT NODE: 1007
IN AREA: 0.095588
OUT AREA: 0.095597
IN FLOW: 0.000000
MAT DATATABLE NAME: MAT1
LOSS TYPE: STENOSIS
BRANCH ANGLE: 0.000000
UPSTREAM SEGMENT: 1005
BRANCH SEGMENT: 0
BOUNDARY CONDITIONS TYPE: NOBOUND
INLET DATA TABLE: NONE
--- 
SEGMENT N.: 1007
NAME: branch0_seg1007
ID: 1007
LENGTH: 0.010135
NUM ELEMENTS: 5
IN NODE: 1007
OUT NODE: 1008
IN AREA: 0.095601
OUT AREA: 0.095600
IN FLOW: 0.000000
MAT DATATABLE NAME: MAT1
LOSS TYPE: STENOSIS
BRANCH ANGLE: 0.000000
UPSTREAM SEGMENT: 1006
BRANCH SEGMENT: 0
BOUNDARY CONDITIONS TYPE: NOBOUND
INLET DATA TABLE: NONE
--- 
SEGMENT N.: 1008
NAME: branch0_seg1008
ID: 1008
LENGTH: 0.010135
NUM ELEMENTS: 5
IN NODE: 1008
OUT NODE: 1009
IN AREA: 0.095602
OUT AREA: 0.095609
IN FLOW: 0.000000
MAT DATATABLE NAME: MAT1
LOSS TYPE: STENOSIS
BRANCH ANGLE: 0.000000
UPSTREAM SEGMENT: 1007
BRANCH SEGMENT: 0
BOUNDARY CONDITIONS TYPE: NOBOUND
INLET DATA TABLE: NONE
--- 
SEGMENT N.: 1009
NAME: branch0_seg1009
ID: 1009
LENGTH: 0.010135
NUM ELEMENTS: 5
IN NODE: 1009
OUT NODE: 1010
IN AREA: 0.095607
OUT AREA: 0.095598
IN FLOW: 0.000000
MAT DATATABLE NAME: MAT1
LOSS TYPE: STENOSIS
BRANCH ANGLE: 0.000000
UPSTREAM SEGMENT: 1008
BRANCH SEGMENT: 0
BOUNDARY CONDITIONS TYPE: NOBOUND
INLET DATA TABLE: NONE
--- 
SEGMENT N.: 1010
NAME: branch0_seg1010
ID: 1010
LENGTH: 0.010135
NUM ELEMENTS: 5
IN NODE: 1010
OUT NODE: 1011
IN AREA: 0.095597
OUT AREA: 0.095593
IN FLOW: 0.000000
MAT DATATABLE NAME: MAT1
LOSS TYPE: STENOSIS
BRANCH ANGLE: 0.000000
UPSTREAM SEGMENT: 1009
BRANCH SEGMENT: 0
BOUNDARY CONDITIONS TYPE: NOBOUND
INLET DATA TABLE: NONE
--- 
SEGMENT N.: 1011
NAME: branch0_seg1011
ID: 1011
LENGTH: 0.010135
NUM ELEMENTS: 5
IN NODE: 1011
OUT NODE: 1012
IN AREA: 0.095593
OUT AREA: 0.095600
IN FLOW: 0.000000
MAT DATATABLE NAME: MAT1
LOSS TYPE: STENOSIS
BRANCH ANGLE: 0.000000
UPSTREAM SEGMENT: 1010
BRANCH SEGMENT: 0
BOUNDARY CONDITIONS TYPE: NOBOUND
INLET DATA TABLE: NONE
--- 
SEGMENT N.: 1012
NAME: branch0_seg1012
ID: 1012
LENGTH: 0.010135
NUM ELEMENTS: 5
IN NODE: 1012
OUT NODE: 1013
IN AREA: 0.095600
OUT AREA: 0.095596
IN FLOW: 0.000000
MAT DATATABLE NAME: MAT1
LOSS TYPE: STENOSIS
BRANCH ANGLE: 0.000000
UPSTREAM SEGMENT: 1011
BRANCH SEGMENT: 0
BOUNDARY CONDITIONS TYPE: NOBOUND
INLET DATA TABLE: NONE
--- 
SEGMENT N.: 1013
NAME: branch0_seg1013
ID: 1013
LENGTH: 0.010135
NUM ELEMENTS: 5
IN NODE: 1013
OUT NODE: 1014
IN AREA: 0.095593
OUT AREA: 0.095588
IN FLOW: 0.000000
MAT DATATABLE NAME: MAT1
LOSS TYPE: STENOSIS
BRANCH ANGLE: 0.000000
UPSTREAM SEGMENT: 1012
BRANCH SEGMENT: 0
BOUNDARY CONDITIONS TYPE: NOBOUND
INLET DATA TABLE: NONE
--- 
SEGMENT N.: 1014
NAME: branch0_seg1014
ID: 1014
LENGTH: 0.010135
NUM ELEMENTS: 5
IN NODE: 1014
OUT NODE: 1015
IN AREA: 0.095587
OUT AREA: 0.095582
IN FLOW: 0.000000
MAT DATATABLE NAME: MAT1
LOSS TYPE: STENOSIS
BRANCH ANGLE: 0.000000
UPSTREAM SEGMENT: 1013
BRANCH SEGMENT: 0
BOUNDARY CONDITIONS TYPE: NOBOUND
INLET DATA TABLE: NONE
--- 
SEGMENT N.: 1015
NAME: branch0_seg1015
ID: 1015
LENGTH: 0.010135
NUM ELEMENTS: 5
IN NODE: 1015
OUT NODE: 1016
IN AREA: 0.095580
OUT AREA: 0.095566
IN FLOW: 0.000000
MAT DATATABLE NAME: MAT1
LOSS TYPE: STENOSIS
BRANCH ANGLE: 0.000000
UPSTREAM SEGMENT: 1014
BRANCH SEGMENT: 0
BOUNDARY CONDITIONS TYPE: NOBOUND
INLET DATA TABLE: NONE
--- 
SEGMENT N.: 1016
NAME: branch0_seg1016
ID: 1016
LENGTH: 0.010135
NUM ELEMENTS: 5
IN NODE: 1016
OUT NODE: 1017
IN AREA: 0.095564
OUT AREA: 0.095568
IN FLOW: 0.000000
MAT DATATABLE NAME: MAT1
LOSS TYPE: STENOSIS
BRANCH ANGLE: 0.000000
UPSTREAM SEGMENT: 1015
BRANCH SEGMENT: 0
BOUNDARY CONDITIONS TYPE: NOBOUND
INLET DATA TABLE: NONE
--- 
SEGMENT N.: 1017
NAME: branch0_seg1017
ID: 1017
LENGTH: 0.010135
NUM ELEMENTS: 5
IN NODE: 1017
OUT NODE: 1018
IN AREA: 0.095564
OUT AREA: 0.095554
IN FLOW: 0.000000
MAT DATATABLE NAME: MAT1
LOSS TYPE: STENOSIS
BRANCH ANGLE: 0.000000
UPSTREAM SEGMENT: 1016
BRANCH SEGMENT: 0
BOUNDARY CONDITIONS TYPE: NOBOUND
INLET DATA TABLE: NONE
--- 
SEGMENT N.: 1018
NAME: branch0_seg1018
ID: 1018
LENGTH: 0.010135
NUM ELEMENTS: 5
IN NODE: 1018
OUT NODE: 1019
IN AREA: 0.095554
OUT AREA: 0.095548
IN FLOW: 0.000000
MAT DATATABLE NAME: MAT1
LOSS TYPE: STENOSIS
BRANCH ANGLE: 0.000000
UPSTREAM SEGMENT: 1017
BRANCH SEGMENT: 0
BOUNDARY CONDITIONS TYPE: NOBOUND
INLET DATA TABLE: NONE
--- 
SEGMENT N.: 1019
NAME: branch0_seg1019
ID: 1019
LENGTH: 0.010135
NUM ELEMENTS: 5
IN NODE: 1019
OUT NODE: 1020
IN AREA: 0.095551
OUT AREA: 0.095552
IN FLOW: 0.000000
MAT DATATABLE NAME: MAT1
LOSS TYPE: STENOSIS
BRANCH ANGLE: 0.000000
UPSTREAM SEGMENT: 1018
BRANCH SEGMENT: 0
BOUNDARY CONDITIONS TYPE: NOBOUND
INLET DATA TABLE: NONE
--- 
SEGMENT N.: 1020
NAME: branch0_seg1020
ID: 1020
LENGTH: 0.010135
NUM ELEMENTS: 5
IN NODE: 1020
OUT NODE: 1021
IN AREA: 0.095550
OUT AREA: 0.095552
IN FLOW: 0.000000
MAT DATATABLE NAME: MAT1
LOSS TYPE: STENOSIS
BRANCH ANGLE: 0.000000
UPSTREAM SEGMENT: 1019
BRANCH SEGMENT: 0
BOUNDARY CONDITIONS TYPE: NOBOUND
INLET DATA TABLE: NONE
--- 
SEGMENT N.: 1021
NAME: branch0_seg1021
ID: 1021
LENGTH: 0.010135
NUM ELEMENTS: 5
IN NODE: 1021
OUT NODE: 1022
IN AREA: 0.095547
OUT AREA: 0.095545
IN FLOW: 0.000000
MAT DATATABLE NAME: MAT1
LOSS TYPE: STENOSIS
BRANCH ANGLE: 0.000000
UPSTREAM SEGMENT: 1020
BRANCH SEGMENT: 0
BOUNDARY CONDITIONS TYPE: NOBOUND
INLET DATA TABLE: NONE
--- 
SEGMENT N.: 1022
NAME: branch0_seg1022
ID: 1022
LENGTH: 0.010135
NUM ELEMENTS: 5
IN NODE: 1022
OUT NODE: 1023
IN AREA: 0.095552
OUT AREA: 0.095559
IN FLOW: 0.000000
MAT DATATABLE NAME: MAT1
LOSS TYPE: STENOSIS
BRANCH ANGLE: 0.000000
UPSTREAM SEGMENT: 1021
BRANCH SEGMENT: 0
BOUNDARY CONDITIONS TYPE: NOBOUND
INLET DATA TABLE: NONE
--- 
SEGMENT N.: 1023
NAME: branch0_seg1023
ID: 1023
LENGTH: 0.010135
NUM ELEMENTS: 5
IN NODE: 1023
OUT NODE: 1024
IN AREA: 0.095559
OUT AREA: 0.095562
IN FLOW: 0.000000
MAT DATATABLE NAME: MAT1
LOSS TYPE: STENOSIS
BRANCH ANGLE: 0.000000
UPSTREAM SEGMENT: 1022
BRANCH SEGMENT: 0
BOUNDARY CONDITIONS TYPE: NOBOUND
INLET DATA TABLE: NONE
--- 
SEGMENT N.: 1024
NAME: branch0_seg1024
ID: 1024
LENGTH: 0.010135
NUM ELEMENTS: 5
IN NODE: 1024
OUT NODE: 1025
IN AREA: 0.095564
OUT AREA: 0.095577
IN FLOW: 0.000000
MAT DATATABLE NAME: MAT1
LOSS TYPE: STENOSIS
BRANCH ANGLE: 0.000000
UPSTREAM SEGMENT: 1023
BRANCH SEGMENT: 0
BOUNDARY CONDITIONS TYPE: NOBOUND
INLET DATA TABLE: NONE
--- 
SEGMENT N.: 1025
NAME: branch0_seg1025
ID: 1025
LENGTH: 0.010135
NUM ELEMENTS: 5
IN NODE: 1025
OUT NODE: 1026
IN AREA: 0.095585
OUT AREA: 0.095593
IN FLOW: 0.000000
MAT DATATABLE NAME: MAT1
LOSS TYPE: STENOSIS
BRANCH ANGLE: 0.000000
UPSTREAM SEGMENT: 1024
BRANCH SEGMENT: 0
BOUNDARY CONDITIONS TYPE: NOBOUND
INLET DATA TABLE: NONE
--- 
SEGMENT N.: 1026
NAME: branch0_seg1026
ID: 1026
LENGTH: 0.010135
NUM ELEMENTS: 5
IN NODE: 1026
OUT NODE: 1027
IN AREA: 0.095591
OUT AREA: 0.095595
IN FLOW: 0.000000
MAT DATATABLE NAME: MAT1
LOSS TYPE: STENOSIS
BRANCH ANGLE: 0.000000
UPSTREAM SEGMENT: 1025
BRANCH SEGMENT: 0
BOUNDARY CONDITIONS TYPE: NOBOUND
INLET DATA TABLE: NONE
--- 
SEGMENT N.: 1027
NAME: branch0_seg1027
ID: 1027
LENGTH: 0.010135
NUM ELEMENTS: 5
IN NODE: 1027
OUT NODE: 1028
IN AREA: 0.095594
OUT AREA: 0.093124
IN FLOW: 0.000000
MAT DATATABLE NAME: MAT1
LOSS TYPE: STENOSIS
BRANCH ANGLE: 0.000000
UPSTREAM SEGMENT: 1026
BRANCH SEGMENT: 0
BOUNDARY CONDITIONS TYPE: NOBOUND
INLET DATA TABLE: NONE
--- 
SEGMENT N.: 1028
NAME: branch0_seg1028
ID: 1028
LENGTH: 0.010135
NUM ELEMENTS: 5
IN NODE: 1028
OUT NODE: 1029
IN AREA: 0.042202
OUT AREA: 0.095594
IN FLOW: 0.000000
MAT DATATABLE NAME: MAT1
LOSS TYPE: STENOSIS
BRANCH ANGLE: 0.000000
UPSTREAM SEGMENT: 1027
BRANCH SEGMENT: 0
BOUNDARY CONDITIONS TYPE: NOBOUND
INLET DATA TABLE: NONE
--- 
SEGMENT N.: 1029
NAME: branch0_seg1029
ID: 1029
LENGTH: 0.010135
NUM ELEMENTS: 5
IN NODE: 1029
OUT NODE: 1030
IN AREA: 0.095591
OUT AREA: 0.095594
IN FLOW: 0.000000
MAT DATATABLE NAME: MAT1
LOSS TYPE: STENOSIS
BRANCH ANGLE: 0.000000
UPSTREAM SEGMENT: 1028
BRANCH SEGMENT: 0
BOUNDARY CONDITIONS TYPE: NOBOUND
INLET DATA TABLE: NONE
--- 
SEGMENT N.: 1030
NAME: branch0_seg1030
ID: 1030
LENGTH: 0.010135
NUM ELEMENTS: 5
IN NODE: 1030
OUT NODE: 1031
IN AREA: 0.095598
OUT AREA: 0.095601
IN FLOW: 0.000000
MAT DATATABLE NAME: MAT1
LOSS TYPE: STENOSIS
BRANCH ANGLE: 0.000000
UPSTREAM SEGMENT: 1029
BRANCH SEGMENT: 0
BOUNDARY CONDITIONS TYPE: NOBOUND
INLET DATA TABLE: NONE
--- 
SEGMENT N.: 1031
NAME: branch0_seg1031
ID: 1031
LENGTH: 0.010135
NUM ELEMENTS: 5
IN NODE: 1031
OUT NODE: 1032
IN AREA: 0.095602
OUT AREA: 0.095591
IN FLOW: 0.000000
MAT DATATABLE NAME: MAT1
LOSS TYPE: STENOSIS
BRANCH ANGLE: 0.000000
UPSTREAM SEGMENT: 1030
BRANCH SEGMENT: 0
BOUNDARY CONDITIONS TYPE: NOBOUND
INLET DATA TABLE: NONE
--- 
SEGMENT N.: 1032
NAME: branch0_seg1032
ID: 1032
LENGTH: 0.010135
NUM ELEMENTS: 5
IN NODE: 1032
OUT NODE: 1033
IN AREA: 0.095588
OUT AREA: 0.095589
IN FLOW: 0.000000
MAT DATATABLE NAME: MAT1
LOSS TYPE: STENOSIS
BRANCH ANGLE: 0.000000
UPSTREAM SEGMENT: 1031
BRANCH SEGMENT: 0
BOUNDARY CONDITIONS TYPE: NOBOUND
INLET DATA TABLE: NONE
--- 
SEGMENT N.: 1033
NAME: branch0_seg1033
ID: 1033
LENGTH: 0.010135
NUM ELEMENTS: 5
IN NODE: 1033
OUT NODE: 1034
IN AREA: 0.095580
OUT AREA: 0.095575
IN FLOW: 0.000000
MAT DATATABLE NAME: MAT1
LOSS TYPE: STENOSIS
BRANCH ANGLE: 0.000000
UPSTREAM SEGMENT: 1032
BRANCH SEGMENT: 0
BOUNDARY CONDITIONS TYPE: NOBOUND
INLET DATA TABLE: NONE
--- 
SEGMENT N.: 1034
NAME: branch0_seg1034
ID: 1034
LENGTH: 0.010135
NUM ELEMENTS: 5
IN NODE: 1034
OUT NODE: 1035
IN AREA: 0.095572
OUT AREA: 0.095571
IN FLOW: 0.000000
MAT DATATABLE NAME: MAT1
LOSS TYPE: STENOSIS
BRANCH ANGLE: 0.000000
UPSTREAM SEGMENT: 1033
BRANCH SEGMENT: 0
BOUNDARY CONDITIONS TYPE: NOBOUND
INLET DATA TABLE: NONE
--- 
SEGMENT N.: 1035
NAME: branch0_seg1035
ID: 1035
LENGTH: 0.010135
NUM ELEMENTS: 5
IN NODE: 1035
OUT NODE: 1036
IN AREA: 0.095571
OUT AREA: 0.095565
IN FLOW: 0.000000
MAT DATATABLE NAME: MAT1
LOSS TYPE: STENOSIS
BRANCH ANGLE: 0.000000
UPSTREAM SEGMENT: 1034
BRANCH SEGMENT: 0
BOUNDARY CONDITIONS TYPE: NOBOUND
INLET DATA TABLE: NONE
--- 
SEGMENT N.: 1036
NAME: branch0_seg1036
ID: 1036
LENGTH: 0.010135
NUM ELEMENTS: 5
IN NODE: 1036
OUT NODE: 1037
IN AREA: 0.095569
OUT AREA: 0.095579
IN FLOW: 0.000000
MAT DATATABLE NAME: MAT1
LOSS TYPE: STENOSIS
BRANCH ANGLE: 0.000000
UPSTREAM SEGMENT: 1035
BRANCH SEGMENT: 0
BOUNDARY CONDITIONS TYPE: NOBOUND
INLET DATA TABLE: NONE
--- 
SEGMENT N.: 1037
NAME: branch0_seg1037
ID: 1037
LENGTH: 0.010135
NUM ELEMENTS: 5
IN NODE: 1037
OUT NODE: 1038
IN AREA: 0.095580
OUT AREA: 0.095586
IN FLOW: 0.000000
MAT DATATABLE NAME: MAT1
LOSS TYPE: STENOSIS
BRANCH ANGLE: 0.000000
UPSTREAM SEGMENT: 1036
BRANCH SEGMENT: 0
BOUNDARY CONDITIONS TYPE: NOBOUND
INLET DATA TABLE: NONE
--- 
SEGMENT N.: 1038
NAME: branch0_seg1038
ID: 1038
LENGTH: 0.010135
NUM ELEMENTS: 5
IN NODE: 1038
OUT NODE: 1039
IN AREA: 0.095586
OUT AREA: 0.035398
IN FLOW: 0.000000
MAT DATATABLE NAME: MAT1
LOSS TYPE: STENOSIS
BRANCH ANGLE: 0.000000
UPSTREAM SEGMENT: 1037
BRANCH SEGMENT: 0
BOUNDARY CONDITIONS TYPE: NOBOUND
INLET DATA TABLE: NONE
--- 
SEGMENT N.: 1039
NAME: branch0_seg1039
ID: 1039
LENGTH: 0.010135
NUM ELEMENTS: 5
IN NODE: 1039
OUT NODE: 1040
IN AREA: 0.095581
OUT AREA: 0.093191
IN FLOW: 0.000000
MAT DATATABLE NAME: MAT1
LOSS TYPE: STENOSIS
BRANCH ANGLE: 0.000000
UPSTREAM SEGMENT: 1038
BRANCH SEGMENT: 0
BOUNDARY CONDITIONS TYPE: NOBOUND
INLET DATA TABLE: NONE
--- 
SEGMENT N.: 1040
NAME: branch0_seg1040
ID: 1040
LENGTH: 0.010135
NUM ELEMENTS: 5
IN NODE: 1040
OUT NODE: 1041
IN AREA: 0.095578
OUT AREA: 0.095577
IN FLOW: 0.000000
MAT DATATABLE NAME: MAT1
LOSS TYPE: STENOSIS
BRANCH ANGLE: 0.000000
UPSTREAM SEGMENT: 1039
BRANCH SEGMENT: 0
BOUNDARY CONDITIONS TYPE: NOBOUND
INLET DATA TABLE: NONE
--- 
SEGMENT N.: 1041
NAME: branch0_seg1041
ID: 1041
LENGTH: 0.010135
NUM ELEMENTS: 5
IN NODE: 1041
OUT NODE: 1042
IN AREA: 0.095576
OUT AREA: 0.095577
IN FLOW: 0.000000
MAT DATATABLE NAME: MAT1
LOSS TYPE: STENOSIS
BRANCH ANGLE: 0.000000
UPSTREAM SEGMENT: 1040
BRANCH SEGMENT: 0
BOUNDARY CONDITIONS TYPE: NOBOUND
INLET DATA TABLE: NONE
--- 
SEGMENT N.: 1042
NAME: branch0_seg1042
ID: 1042
LENGTH: 0.010135
NUM ELEMENTS: 5
IN NODE: 1042
OUT NODE: 1043
IN AREA: 0.095574
OUT AREA: 0.095570
IN FLOW: 0.000000
MAT DATATABLE NAME: MAT1
LOSS TYPE: STENOSIS
BRANCH ANGLE: 0.000000
UPSTREAM SEGMENT: 1041
BRANCH SEGMENT: 0
BOUNDARY CONDITIONS TYPE: NOBOUND
INLET DATA TABLE: NONE
--- 
SEGMENT N.: 1043
NAME: branch0_seg1043
ID: 1043
LENGTH: 0.010135
NUM ELEMENTS: 5
IN NODE: 1043
OUT NODE: 1044
IN AREA: 0.095576
OUT AREA: 0.095580
IN FLOW: 0.000000
MAT DATATABLE NAME: MAT1
LOSS TYPE: STENOSIS
BRANCH ANGLE: 0.000000
UPSTREAM SEGMENT: 1042
BRANCH SEGMENT: 0
BOUNDARY CONDITIONS TYPE: NOBOUND
INLET DATA TABLE: NONE
--- 
SEGMENT N.: 1044
NAME: branch0_seg1044
ID: 1044
LENGTH: 0.010135
NUM ELEMENTS: 5
IN NODE: 1044
OUT NODE: 1045
IN AREA: 0.095581
OUT AREA: 0.095582
IN FLOW: 0.000000
MAT DATATABLE NAME: MAT1
LOSS TYPE: STENOSIS
BRANCH ANGLE: 0.000000
UPSTREAM SEGMENT: 1043
BRANCH SEGMENT: 0
BOUNDARY CONDITIONS TYPE: NOBOUND
INLET DATA TABLE: NONE
--- 
SEGMENT N.: 1045
NAME: branch0_seg1045
ID: 1045
LENGTH: 0.010135
NUM ELEMENTS: 5
IN NODE: 1045
OUT NODE: 1046
IN AREA: 0.095583
OUT AREA: 0.095581
IN FLOW: 0.000000
MAT DATATABLE NAME: MAT1
LOSS TYPE: STENOSIS
BRANCH ANGLE: 0.000000
UPSTREAM SEGMENT: 1044
BRANCH SEGMENT: 0
BOUNDARY CONDITIONS TYPE: NOBOUND
INLET DATA TABLE: NONE
--- 
SEGMENT N.: 1046
NAME: branch0_seg1046
ID: 1046
LENGTH: 0.010135
NUM ELEMENTS: 5
IN NODE: 1046
OUT NODE: 1047
IN AREA: 0.095576
OUT AREA: 0.095577
IN FLOW: 0.000000
MAT DATATABLE NAME: MAT1
LOSS TYPE: STENOSIS
BRANCH ANGLE: 0.000000
UPSTREAM SEGMENT: 1045
BRANCH SEGMENT: 0
BOUNDARY CONDITIONS TYPE: NOBOUND
INLET DATA TABLE: NONE
--- 
SEGMENT N.: 1047
NAME: branch0_seg1047
ID: 1047
LENGTH: 0.010135
NUM ELEMENTS: 5
IN NODE: 1047
OUT NODE: 1048
IN AREA: 0.095581
OUT AREA: 0.095576
IN FLOW: 0.000000
MAT DATATABLE NAME: MAT1
LOSS TYPE: STENOSIS
BRANCH ANGLE: 0.000000
UPSTREAM SEGMENT: 1046
BRANCH SEGMENT: 0
BOUNDARY CONDITIONS TYPE: NOBOUND
INLET DATA TABLE: NONE
--- 
SEGMENT N.: 1048
NAME: branch0_seg1048
ID: 1048
LENGTH: 0.010135
NUM ELEMENTS: 5
IN NODE: 1048
OUT NODE: 1049
IN AREA: 0.095575
OUT AREA: 0.095577
IN FLOW: 0.000000
MAT DATATABLE NAME: MAT1
LOSS TYPE: STENOSIS
BRANCH ANGLE: 0.000000
UPSTREAM SEGMENT: 1047
BRANCH SEGMENT: 0
BOUNDARY CONDITIONS TYPE: NOBOUND
INLET DATA TABLE: NONE
--- 
SEGMENT N.: 1049
NAME: branch0_seg1049
ID: 1049
LENGTH: 0.010135
NUM ELEMENTS: 5
IN NODE: 1049
OUT NODE: 1050
IN AREA: 0.062939
OUT AREA: 0.095578
IN FLOW: 0.000000
MAT DATATABLE NAME: MAT1
LOSS TYPE: STENOSIS
BRANCH ANGLE: 0.000000
UPSTREAM SEGMENT: 1048
BRANCH SEGMENT: 0
BOUNDARY CONDITIONS TYPE: NOBOUND
INLET DATA TABLE: NONE
--- 
SEGMENT N.: 1050
NAME: branch0_seg1050
ID: 1050
LENGTH: 0.010135
NUM ELEMENTS: 5
IN NODE: 1050
OUT NODE: 1051
IN AREA: 0.095578
OUT AREA: 0.095571
IN FLOW: 0.000000
MAT DATATABLE NAME: MAT1
LOSS TYPE: STENOSIS
BRANCH ANGLE: 0.000000
UPSTREAM SEGMENT: 1049
BRANCH SEGMENT: 0
BOUNDARY CONDITIONS TYPE: NOBOUND
INLET DATA TABLE: NONE
--- 
SEGMENT N.: 1051
NAME: branch0_seg1051
ID: 1051
LENGTH: 0.010135
NUM ELEMENTS: 5
IN NODE: 1051
OUT NODE: 1052
IN AREA: 0.095566
OUT AREA: 0.095567
IN FLOW: 0.000000
MAT DATATABLE NAME: MAT1
LOSS TYPE: STENOSIS
BRANCH ANGLE: 0.000000
UPSTREAM SEGMENT: 1050
BRANCH SEGMENT: 0
BOUNDARY CONDITIONS TYPE: NOBOUND
INLET DATA TABLE: NONE
--- 
SEGMENT N.: 1052
NAME: branch0_seg1052
ID: 1052
LENGTH: 0.010135
NUM ELEMENTS: 5
IN NODE: 1052
OUT NODE: 1053
IN AREA: 0.095568
OUT AREA: 0.095577
IN FLOW: 0.000000
MAT DATATABLE NAME: MAT1
LOSS TYPE: STENOSIS
BRANCH ANGLE: 0.000000
UPSTREAM SEGMENT: 1051
BRANCH SEGMENT: 0
BOUNDARY CONDITIONS TYPE: NOBOUND
INLET DATA TABLE: NONE
--- 
SEGMENT N.: 1053
NAME: branch0_seg1053
ID: 1053
LENGTH: 0.010135
NUM ELEMENTS: 5
IN NODE: 1053
OUT NODE: 1054
IN AREA: 0.095577
OUT AREA: 0.095582
IN FLOW: 0.000000
MAT DATATABLE NAME: MAT1
LOSS TYPE: STENOSIS
BRANCH ANGLE: 0.000000
UPSTREAM SEGMENT: 1052
BRANCH SEGMENT: 0
BOUNDARY CONDITIONS TYPE: NOBOUND
INLET DATA TABLE: NONE
--- 
SEGMENT N.: 1054
NAME: branch0_seg1054
ID: 1054
LENGTH: 0.010135
NUM ELEMENTS: 5
IN NODE: 1054
OUT NODE: 1055
IN AREA: 0.095584
OUT AREA: 0.095586
IN FLOW: 0.000000
MAT DATATABLE NAME: MAT1
LOSS TYPE: STENOSIS
BRANCH ANGLE: 0.000000
UPSTREAM SEGMENT: 1053
BRANCH SEGMENT: 0
BOUNDARY CONDITIONS TYPE: NOBOUND
INLET DATA TABLE: NONE
--- 
SEGMENT N.: 1055
NAME: branch0_seg1055
ID: 1055
LENGTH: 0.010135
NUM ELEMENTS: 5
IN NODE: 1055
OUT NODE: 1056
IN AREA: 0.095590
OUT AREA: 0.095589
IN FLOW: 0.000000
MAT DATATABLE NAME: MAT1
LOSS TYPE: STENOSIS
BRANCH ANGLE: 0.000000
UPSTREAM SEGMENT: 1054
BRANCH SEGMENT: 0
BOUNDARY CONDITIONS TYPE: NOBOUND
INLET DATA TABLE: NONE
--- 
SEGMENT N.: 1056
NAME: branch0_seg1056
ID: 1056
LENGTH: 0.010135
NUM ELEMENTS: 5
IN NODE: 1056
OUT NODE: 1057
IN AREA: 0.095588
OUT AREA: 0.095596
IN FLOW: 0.000000
MAT DATATABLE NAME: MAT1
LOSS TYPE: STENOSIS
BRANCH ANGLE: 0.000000
UPSTREAM SEGMENT: 1055
BRANCH SEGMENT: 0
BOUNDARY CONDITIONS TYPE: NOBOUND
INLET DATA TABLE: NONE
--- 
SEGMENT N.: 1057
NAME: branch0_seg1057
ID: 1057
LENGTH: 0.010135
NUM ELEMENTS: 5
IN NODE: 1057
OUT NODE: 1058
IN AREA: 0.095597
OUT AREA: 0.095604
IN FLOW: 0.000000
MAT DATATABLE NAME: MAT1
LOSS TYPE: STENOSIS
BRANCH ANGLE: 0.000000
UPSTREAM SEGMENT: 1056
BRANCH SEGMENT: 0
BOUNDARY CONDITIONS TYPE: NOBOUND
INLET DATA TABLE: NONE
--- 
SEGMENT N.: 1058
NAME: branch0_seg1058
ID: 1058
LENGTH: 0.010135
NUM ELEMENTS: 5
IN NODE: 1058
OUT NODE: 1059
IN AREA: 0.095606
OUT AREA: 0.095623
IN FLOW: 0.000000
MAT DATATABLE NAME: MAT1
LOSS TYPE: STENOSIS
BRANCH ANGLE: 0.000000
UPSTREAM SEGMENT: 1057
BRANCH SEGMENT: 0
BOUNDARY CONDITIONS TYPE: NOBOUND
INLET DATA TABLE: NONE
--- 
SEGMENT N.: 1059
NAME: branch0_seg1059
ID: 1059
LENGTH: 0.010135
NUM ELEMENTS: 5
IN NODE: 1059
OUT NODE: 1060
IN AREA: 0.095624
OUT AREA: 0.095626
IN FLOW: 0.000000
MAT DATATABLE NAME: MAT1
LOSS TYPE: STENOSIS
BRANCH ANGLE: 0.000000
UPSTREAM SEGMENT: 1058
BRANCH SEGMENT: 0
BOUNDARY CONDITIONS TYPE: NOBOUND
INLET DATA TABLE: NONE
--- 
SEGMENT N.: 1060
NAME: branch0_seg1060
ID: 1060
LENGTH: 0.010135
NUM ELEMENTS: 5
IN NODE: 1060
OUT NODE: 1061
IN AREA: 0.095627
OUT AREA: 0.095614
IN FLOW: 0.000000
MAT DATATABLE NAME: MAT1
LOSS TYPE: STENOSIS
BRANCH ANGLE: 0.000000
UPSTREAM SEGMENT: 1059
BRANCH SEGMENT: 0
BOUNDARY CONDITIONS TYPE: NOBOUND
INLET DATA TABLE: NONE
--- 
SEGMENT N.: 1061
NAME: branch0_seg1061
ID: 1061
LENGTH: 0.010135
NUM ELEMENTS: 5
IN NODE: 1061
OUT NODE: 1062
IN AREA: 0.095611
OUT AREA: 0.095602
IN FLOW: 0.000000
MAT DATATABLE NAME: MAT1
LOSS TYPE: STENOSIS
BRANCH ANGLE: 0.000000
UPSTREAM SEGMENT: 1060
BRANCH SEGMENT: 0
BOUNDARY CONDITIONS TYPE: NOBOUND
INLET DATA TABLE: NONE
--- 
SEGMENT N.: 1062
NAME: branch0_seg1062
ID: 1062
LENGTH: 0.010135
NUM ELEMENTS: 5
IN NODE: 1062
OUT NODE: 1063
IN AREA: 0.095598
OUT AREA: 0.095601
IN FLOW: 0.000000
MAT DATATABLE NAME: MAT1
LOSS TYPE: STENOSIS
BRANCH ANGLE: 0.000000
UPSTREAM SEGMENT: 1061
BRANCH SEGMENT: 0
BOUNDARY CONDITIONS TYPE: NOBOUND
INLET DATA TABLE: NONE
--- 
SEGMENT N.: 1063
NAME: branch0_seg1063
ID: 1063
LENGTH: 0.010135
NUM ELEMENTS: 5
IN NODE: 1063
OUT NODE: 1064
IN AREA: 0.095600
OUT AREA: 0.095607
IN FLOW: 0.000000
MAT DATATABLE NAME: MAT1
LOSS TYPE: STENOSIS
BRANCH ANGLE: 0.000000
UPSTREAM SEGMENT: 1062
BRANCH SEGMENT: 0
BOUNDARY CONDITIONS TYPE: NOBOUND
INLET DATA TABLE: NONE
--- 
SEGMENT N.: 1064
NAME: branch0_seg1064
ID: 1064
LENGTH: 0.010135
NUM ELEMENTS: 5
IN NODE: 1064
OUT NODE: 1065
IN AREA: 0.095611
OUT AREA: 0.095624
IN FLOW: 0.000000
MAT DATATABLE NAME: MAT1
LOSS TYPE: STENOSIS
BRANCH ANGLE: 0.000000
UPSTREAM SEGMENT: 1063
BRANCH SEGMENT: 0
BOUNDARY CONDITIONS TYPE: NOBOUND
INLET DATA TABLE: NONE
--- 
SEGMENT N.: 1065
NAME: branch0_seg1065
ID: 1065
LENGTH: 0.010135
NUM ELEMENTS: 5
IN NODE: 1065
OUT NODE: 1066
IN AREA: 0.095630
OUT AREA: 0.043877
IN FLOW: 0.000000
MAT DATATABLE NAME: MAT1
LOSS TYPE: STENOSIS
BRANCH ANGLE: 0.000000
UPSTREAM SEGMENT: 1064
BRANCH SEGMENT: 0
BOUNDARY CONDITIONS TYPE: NOBOUND
INLET DATA TABLE: NONE
--- 
SEGMENT N.: 1066
NAME: branch0_seg1066
ID: 1066
LENGTH: 0.010135
NUM ELEMENTS: 5
IN NODE: 1066
OUT NODE: 1067
IN AREA: 0.095644
OUT AREA: 0.095636
IN FLOW: 0.000000
MAT DATATABLE NAME: MAT1
LOSS TYPE: STENOSIS
BRANCH ANGLE: 0.000000
UPSTREAM SEGMENT: 1065
BRANCH SEGMENT: 0
BOUNDARY CONDITIONS TYPE: NOBOUND
INLET DATA TABLE: NONE
--- 
SEGMENT N.: 1067
NAME: branch0_seg1067
ID: 1067
LENGTH: 0.010135
NUM ELEMENTS: 5
IN NODE: 1067
OUT NODE: 1068
IN AREA: 0.095639
OUT AREA: 0.095635
IN FLOW: 0.000000
MAT DATATABLE NAME: MAT1
LOSS TYPE: STENOSIS
BRANCH ANGLE: 0.000000
UPSTREAM SEGMENT: 1066
BRANCH SEGMENT: 0
BOUNDARY CONDITIONS TYPE: NOBOUND
INLET DATA TABLE: NONE
--- 
SEGMENT N.: 1068
NAME: branch0_seg1068
ID: 1068
LENGTH: 0.010135
NUM ELEMENTS: 5
IN NODE: 1068
OUT NODE: 1069
IN AREA: 0.095629
OUT AREA: 0.095614
IN FLOW: 0.000000
MAT DATATABLE NAME: MAT1
LOSS TYPE: STENOSIS
BRANCH ANGLE: 0.000000
UPSTREAM SEGMENT: 1067
BRANCH SEGMENT: 0
BOUNDARY CONDITIONS TYPE: NOBOUND
INLET DATA TABLE: NONE
--- 
SEGMENT N.: 1069
NAME: branch0_seg1069
ID: 1069
LENGTH: 0.010135
NUM ELEMENTS: 5
IN NODE: 1069
OUT NODE: 1070
IN AREA: 0.095612
OUT AREA: 0.095610
IN FLOW: 0.000000
MAT DATATABLE NAME: MAT1
LOSS TYPE: STENOSIS
BRANCH ANGLE: 0.000000
UPSTREAM SEGMENT: 1068
BRANCH SEGMENT: 0
BOUNDARY CONDITIONS TYPE: NOBOUND
INLET DATA TABLE: NONE
--- 
SEGMENT N.: 1070
NAME: branch0_seg1070
ID: 1070
LENGTH: 0.010135
NUM ELEMENTS: 5
IN NODE: 1070
OUT NODE: 1071
IN AREA: 0.095612
OUT AREA: 0.095615
IN FLOW: 0.000000
MAT DATATABLE NAME: MAT1
LOSS TYPE: STENOSIS
BRANCH ANGLE: 0.000000
UPSTREAM SEGMENT: 1069
BRANCH SEGMENT: 0
BOUNDARY CONDITIONS TYPE: NOBOUND
INLET DATA TABLE: NONE
--- 
SEGMENT N.: 1071
NAME: branch0_seg1071
ID: 1071
LENGTH: 0.010135
NUM ELEMENTS: 5
IN NODE: 1071
OUT NODE: 1072
IN AREA: 0.095614
OUT AREA: 0.095609
IN FLOW: 0.000000
MAT DATATABLE NAME: MAT1
LOSS TYPE: STENOSIS
BRANCH ANGLE: 0.000000
UPSTREAM SEGMENT: 1070
BRANCH SEGMENT: 0
BOUNDARY CONDITIONS TYPE: NOBOUND
INLET DATA TABLE: NONE
--- 
SEGMENT N.: 1072
NAME: branch0_seg1072
ID: 1072
LENGTH: 0.010135
NUM ELEMENTS: 5
IN NODE: 1072
OUT NODE: 1073
IN AREA: 0.095609
OUT AREA: 0.095613
IN FLOW: 0.000000
MAT DATATABLE NAME: MAT1
LOSS TYPE: STENOSIS
BRANCH ANGLE: 0.000000
UPSTREAM SEGMENT: 1071
BRANCH SEGMENT: 0
BOUNDARY CONDITIONS TYPE: NOBOUND
INLET DATA TABLE: NONE
--- 
SEGMENT N.: 1073
NAME: branch0_seg1073
ID: 1073
LENGTH: 0.010135
NUM ELEMENTS: 5
IN NODE: 1073
OUT NODE: 1074
IN AREA: 0.095614
OUT AREA: 0.095612
IN FLOW: 0.000000
MAT DATATABLE NAME: MAT1
LOSS TYPE: STENOSIS
BRANCH ANGLE: 0.000000
UPSTREAM SEGMENT: 1072
BRANCH SEGMENT: 0
BOUNDARY CONDITIONS TYPE: NOBOUND
INLET DATA TABLE: NONE
--- 
SEGMENT N.: 1074
NAME: branch0_seg1074
ID: 1074
LENGTH: 0.010135
NUM ELEMENTS: 5
IN NODE: 1074
OUT NODE: 1075
IN AREA: 0.095613
OUT AREA: 0.095607
IN FLOW: 0.000000
MAT DATATABLE NAME: MAT1
LOSS TYPE: STENOSIS
BRANCH ANGLE: 0.000000
UPSTREAM SEGMENT: 1073
BRANCH SEGMENT: 0
BOUNDARY CONDITIONS TYPE: NOBOUND
INLET DATA TABLE: NONE
--- 
SEGMENT N.: 1075
NAME: branch0_seg1075
ID: 1075
LENGTH: 0.010135
NUM ELEMENTS: 5
IN NODE: 1075
OUT NODE: 1076
IN AREA: 0.095604
OUT AREA: 0.095594
IN FLOW: 0.000000
MAT DATATABLE NAME: MAT1
LOSS TYPE: STENOSIS
BRANCH ANGLE: 0.000000
UPSTREAM SEGMENT: 1074
BRANCH SEGMENT: 0
BOUNDARY CONDITIONS TYPE: NOBOUND
INLET DATA TABLE: NONE
--- 
SEGMENT N.: 1076
NAME: branch0_seg1076
ID: 1076
LENGTH: 0.010135
NUM ELEMENTS: 5
IN NODE: 1076
OUT NODE: 1077
IN AREA: 0.095593
OUT AREA: 0.095599
IN FLOW: 0.000000
MAT DATATABLE NAME: MAT1
LOSS TYPE: STENOSIS
BRANCH ANGLE: 0.000000
UPSTREAM SEGMENT: 1075
BRANCH SEGMENT: 0
BOUNDARY CONDITIONS TYPE: NOBOUND
INLET DATA TABLE: NONE
--- 
SEGMENT N.: 1077
NAME: branch0_seg1077
ID: 1077
LENGTH: 0.010135
NUM ELEMENTS: 5
IN NODE: 1077
OUT NODE: 1078
IN AREA: 0.095595
OUT AREA: 0.095588
IN FLOW: 0.000000
MAT DATATABLE NAME: MAT1
LOSS TYPE: STENOSIS
BRANCH ANGLE: 0.000000
UPSTREAM SEGMENT: 1076
BRANCH SEGMENT: 0
BOUNDARY CONDITIONS TYPE: NOBOUND
INLET DATA TABLE: NONE
--- 
SEGMENT N.: 1078
NAME: branch0_seg1078
ID: 1078
LENGTH: 0.010135
NUM ELEMENTS: 5
IN NODE: 1078
OUT NODE: 1079
IN AREA: 0.095587
OUT AREA: 0.095585
IN FLOW: 0.000000
MAT DATATABLE NAME: MAT1
LOSS TYPE: STENOSIS
BRANCH ANGLE: 0.000000
UPSTREAM SEGMENT: 1077
BRANCH SEGMENT: 0
BOUNDARY CONDITIONS TYPE: NOBOUND
INLET DATA TABLE: NONE
--- 
SEGMENT N.: 1079
NAME: branch0_seg1079
ID: 1079
LENGTH: 0.010135
NUM ELEMENTS: 5
IN NODE: 1079
OUT NODE: 1080
IN AREA: 0.095586
OUT AREA: 0.095592
IN FLOW: 0.000000
MAT DATATABLE NAME: MAT1
LOSS TYPE: STENOSIS
BRANCH ANGLE: 0.000000
UPSTREAM SEGMENT: 1078
BRANCH SEGMENT: 0
BOUNDARY CONDITIONS TYPE: NOBOUND
INLET DATA TABLE: NONE
--- 
SEGMENT N.: 1080
NAME: branch0_seg1080
ID: 1080
LENGTH: 0.010135
NUM ELEMENTS: 5
IN NODE: 1080
OUT NODE: 1081
IN AREA: 0.095592
OUT AREA: 0.095597
IN FLOW: 0.000000
MAT DATATABLE NAME: MAT1
LOSS TYPE: STENOSIS
BRANCH ANGLE: 0.000000
UPSTREAM SEGMENT: 1079
BRANCH SEGMENT: 0
BOUNDARY CONDITIONS TYPE: NOBOUND
INLET DATA TABLE: NONE
--- 
SEGMENT N.: 1081
NAME: branch0_seg1081
ID: 1081
LENGTH: 0.010135
NUM ELEMENTS: 5
IN NODE: 1081
OUT NODE: 1082
IN AREA: 0.092789
OUT AREA: 0.090395
IN FLOW: 0.000000
MAT DATATABLE NAME: MAT1
LOSS TYPE: STENOSIS
BRANCH ANGLE: 0.000000
UPSTREAM SEGMENT: 1080
BRANCH SEGMENT: 0
BOUNDARY CONDITIONS TYPE: NOBOUND
INLET DATA TABLE: NONE
--- 
SEGMENT N.: 1082
NAME: branch0_seg1082
ID: 1082
LENGTH: 0.010135
NUM ELEMENTS: 5
IN NODE: 1082
OUT NODE: 1083
IN AREA: 0.095599
OUT AREA: 0.095599
IN FLOW: 0.000000
MAT DATATABLE NAME: MAT1
LOSS TYPE: STENOSIS
BRANCH ANGLE: 0.000000
UPSTREAM SEGMENT: 1081
BRANCH SEGMENT: 0
BOUNDARY CONDITIONS TYPE: NOBOUND
INLET DATA TABLE: NONE
--- 
SEGMENT N.: 1083
NAME: branch0_seg1083
ID: 1083
LENGTH: 0.010135
NUM ELEMENTS: 5
IN NODE: 1083
OUT NODE: 1084
IN AREA: 0.095599
OUT AREA: 0.095593
IN FLOW: 0.000000
MAT DATATABLE NAME: MAT1
LOSS TYPE: STENOSIS
BRANCH ANGLE: 0.000000
UPSTREAM SEGMENT: 1082
BRANCH SEGMENT: 0
BOUNDARY CONDITIONS TYPE: NOBOUND
INLET DATA TABLE: NONE
--- 
SEGMENT N.: 1084
NAME: branch0_seg1084
ID: 1084
LENGTH: 0.010135
NUM ELEMENTS: 5
IN NODE: 1084
OUT NODE: 1085
IN AREA: 0.095590
OUT AREA: 0.095591
IN FLOW: 0.000000
MAT DATATABLE NAME: MAT1
LOSS TYPE: STENOSIS
BRANCH ANGLE: 0.000000
UPSTREAM SEGMENT: 1083
BRANCH SEGMENT: 0
BOUNDARY CONDITIONS TYPE: NOBOUND
INLET DATA TABLE: NONE
--- 
SEGMENT N.: 1085
NAME: branch0_seg1085
ID: 1085
LENGTH: 0.010135
NUM ELEMENTS: 5
IN NODE: 1085
OUT NODE: 1086
IN AREA: 0.095591
OUT AREA: 0.095591
IN FLOW: 0.000000
MAT DATATABLE NAME: MAT1
LOSS TYPE: STENOSIS
BRANCH ANGLE: 0.000000
UPSTREAM SEGMENT: 1084
BRANCH SEGMENT: 0
BOUNDARY CONDITIONS TYPE: NOBOUND
INLET DATA TABLE: NONE
--- 
SEGMENT N.: 1086
NAME: branch0_seg1086
ID: 1086
LENGTH: 0.010135
NUM ELEMENTS: 5
IN NODE: 1086
OUT NODE: 1087
IN AREA: 0.095594
OUT AREA: 0.095600
IN FLOW: 0.000000
MAT DATATABLE NAME: MAT1
LOSS TYPE: STENOSIS
BRANCH ANGLE: 0.000000
UPSTREAM SEGMENT: 1085
BRANCH SEGMENT: 0
BOUNDARY CONDITIONS TYPE: NOBOUND
INLET DATA TABLE: NONE
--- 
SEGMENT N.: 1087
NAME: branch0_seg1087
ID: 1087
LENGTH: 0.010135
NUM ELEMENTS: 5
IN NODE: 1087
OUT NODE: 1088
IN AREA: 0.095604
OUT AREA: 0.095608
IN FLOW: 0.000000
MAT DATATABLE NAME: MAT1
LOSS TYPE: STENOSIS
BRANCH ANGLE: 0.000000
UPSTREAM SEGMENT: 1086
BRANCH SEGMENT: 0
BOUNDARY CONDITIONS TYPE: NOBOUND
INLET DATA TABLE: NONE
--- 
SEGMENT N.: 1088
NAME: branch0_seg1088
ID: 1088
LENGTH: 0.010135
NUM ELEMENTS: 5
IN NODE: 1088
OUT NODE: 1089
IN AREA: 0.095609
OUT AREA: 0.046007
IN FLOW: 0.000000
MAT DATATABLE NAME: MAT1
LOSS TYPE: STENOSIS
BRANCH ANGLE: 0.000000
UPSTREAM SEGMENT: 1087
BRANCH SEGMENT: 0
BOUNDARY CONDITIONS TYPE: NOBOUND
INLET DATA TABLE: NONE
--- 
SEGMENT N.: 1089
NAME: branch0_seg1089
ID: 1089
LENGTH: 0.010135
NUM ELEMENTS: 5
IN NODE: 1089
OUT NODE: 1090
IN AREA: 0.095622
OUT AREA: 0.095626
IN FLOW: 0.000000
MAT DATATABLE NAME: MAT1
LOSS TYPE: STENOSIS
BRANCH ANGLE: 0.000000
UPSTREAM SEGMENT: 1088
BRANCH SEGMENT: 0
BOUNDARY CONDITIONS TYPE: NOBOUND
INLET DATA TABLE: NONE
--- 
SEGMENT N.: 1090
NAME: branch0_seg1090
ID: 1090
LENGTH: 0.010135
NUM ELEMENTS: 5
IN NODE: 1090
OUT NODE: 1091
IN AREA: 0.095625
OUT AREA: 0.081307
IN FLOW: 0.000000
MAT DATATABLE NAME: MAT1
LOSS TYPE: STENOSIS
BRANCH ANGLE: 0.000000
UPSTREAM SEGMENT: 1089
BRANCH SEGMENT: 0
BOUNDARY CONDITIONS TYPE: NOBOUND
INLET DATA TABLE: NONE
--- 
SEGMENT N.: 1091
NAME: branch0_seg1091
ID: 1091
LENGTH: 0.010135
NUM ELEMENTS: 5
IN NODE: 1091
OUT NODE: 1092
IN AREA: 0.048129
OUT AREA: 0.095608
IN FLOW: 0.000000
MAT DATATABLE NAME: MAT1
LOSS TYPE: STENOSIS
BRANCH ANGLE: 0.000000
UPSTREAM SEGMENT: 1090
BRANCH SEGMENT: 0
BOUNDARY CONDITIONS TYPE: NOBOUND
INLET DATA TABLE: NONE
--- 
SEGMENT N.: 1092
NAME: branch0_seg1092
ID: 1092
LENGTH: 0.010135
NUM ELEMENTS: 5
IN NODE: 1092
OUT NODE: 1093
IN AREA: 0.095602
OUT AREA: 0.091723
IN FLOW: 0.000000
MAT DATATABLE NAME: MAT1
LOSS TYPE: STENOSIS
BRANCH ANGLE: 0.000000
UPSTREAM SEGMENT: 1091
BRANCH SEGMENT: 0
BOUNDARY CONDITIONS TYPE: NOBOUND
INLET DATA TABLE: NONE
--- 
SEGMENT N.: 1093
NAME: branch0_seg1093
ID: 1093
LENGTH: 0.010135
NUM ELEMENTS: 5
IN NODE: 1093
OUT NODE: 1094
IN AREA: 0.095579
OUT AREA: 0.063453
IN FLOW: 0.000000
MAT DATATABLE NAME: MAT1
LOSS TYPE: STENOSIS
BRANCH ANGLE: 0.000000
UPSTREAM SEGMENT: 1092
BRANCH SEGMENT: 0
BOUNDARY CONDITIONS TYPE: NOBOUND
INLET DATA TABLE: NONE
--- 
SEGMENT N.: 1094
NAME: branch0_seg1094
ID: 1094
LENGTH: 0.010135
NUM ELEMENTS: 5
IN NODE: 1094
OUT NODE: 1095
IN AREA: 0.095577
OUT AREA: 0.095575
IN FLOW: 0.000000
MAT DATATABLE NAME: MAT1
LOSS TYPE: STENOSIS
BRANCH ANGLE: 0.000000
UPSTREAM SEGMENT: 1093
BRANCH SEGMENT: 0
BOUNDARY CONDITIONS TYPE: NOBOUND
INLET DATA TABLE: NONE
--- 
SEGMENT N.: 1095
NAME: branch0_seg1095
ID: 1095
LENGTH: 0.010135
NUM ELEMENTS: 5
IN NODE: 1095
OUT NODE: 1096
IN AREA: 0.095578
OUT AREA: 0.095588
IN FLOW: 0.000000
MAT DATATABLE NAME: MAT1
LOSS TYPE: STENOSIS
BRANCH ANGLE: 0.000000
UPSTREAM SEGMENT: 1094
BRANCH SEGMENT: 0
BOUNDARY CONDITIONS TYPE: NOBOUND
INLET DATA TABLE: NONE
--- 
SEGMENT N.: 1096
NAME: branch0_seg1096
ID: 1096
LENGTH: 0.010135
NUM ELEMENTS: 5
IN NODE: 1096
OUT NODE: 1097
IN AREA: 0.095589
OUT AREA: 0.095594
IN FLOW: 0.000000
MAT DATATABLE NAME: MAT1
LOSS TYPE: STENOSIS
BRANCH ANGLE: 0.000000
UPSTREAM SEGMENT: 1095
BRANCH SEGMENT: 0
BOUNDARY CONDITIONS TYPE: NOBOUND
INLET DATA TABLE: NONE
--- 
SEGMENT N.: 1097
NAME: branch0_seg1097
ID: 1097
LENGTH: 0.010135
NUM ELEMENTS: 5
IN NODE: 1097
OUT NODE: 1098
IN AREA: 0.095595
OUT AREA: 0.095598
IN FLOW: 0.000000
MAT DATATABLE NAME: MAT1
LOSS TYPE: STENOSIS
BRANCH ANGLE: 0.000000
UPSTREAM SEGMENT: 1096
BRANCH SEGMENT: 0
BOUNDARY CONDITIONS TYPE: NOBOUND
INLET DATA TABLE: NONE
--- 
SEGMENT N.: 1098
NAME: branch0_seg1098
ID: 1098
LENGTH: 0.010135
NUM ELEMENTS: 5
IN NODE: 1098
OUT NODE: 1099
IN AREA: 0.095593
OUT AREA: 0.095587
IN FLOW: 0.000000
MAT DATATABLE NAME: MAT1
LOSS TYPE: STENOSIS
BRANCH ANGLE: 0.000000
UPSTREAM SEGMENT: 1097
BRANCH SEGMENT: 0
BOUNDARY CONDITIONS TYPE: NOBOUND
INLET DATA TABLE: NONE
--- 
SEGMENT N.: 1099
NAME: branch0_seg1099
ID: 1099
LENGTH: 0.010135
NUM ELEMENTS: 5
IN NODE: 1099
OUT NODE: 1100
IN AREA: 0.095586
OUT AREA: 0.095580
IN FLOW: 0.000000
MAT DATATABLE NAME: MAT1
LOSS TYPE: STENOSIS
BRANCH ANGLE: 0.000000
UPSTREAM SEGMENT: 1098
BRANCH SEGMENT: 0
BOUNDARY CONDITIONS TYPE: NOBOUND
INLET DATA TABLE: NONE
--- 
SEGMENT N.: 1100
NAME: branch0_seg1100
ID: 1100
LENGTH: 0.010135
NUM ELEMENTS: 5
IN NODE: 1100
OUT NODE: 1101
IN AREA: 0.095584
OUT AREA: 0.095576
IN FLOW: 0.000000
MAT DATATABLE NAME: MAT1
LOSS TYPE: STENOSIS
BRANCH ANGLE: 0.000000
UPSTREAM SEGMENT: 1099
BRANCH SEGMENT: 0
BOUNDARY CONDITIONS TYPE: NOBOUND
INLET DATA TABLE: NONE
--- 
SEGMENT N.: 1101
NAME: branch0_seg1101
ID: 1101
LENGTH: 0.010135
NUM ELEMENTS: 5
IN NODE: 1101
OUT NODE: 1102
IN AREA: 0.095574
OUT AREA: 0.095582
IN FLOW: 0.000000
MAT DATATABLE NAME: MAT1
LOSS TYPE: STENOSIS
BRANCH ANGLE: 0.000000
UPSTREAM SEGMENT: 1100
BRANCH SEGMENT: 0
BOUNDARY CONDITIONS TYPE: NOBOUND
INLET DATA TABLE: NONE
--- 
SEGMENT N.: 1102
NAME: branch0_seg1102
ID: 1102
LENGTH: 0.010135
NUM ELEMENTS: 5
IN NODE: 1102
OUT NODE: 1103
IN AREA: 0.095584
OUT AREA: 0.095610
IN FLOW: 0.000000
MAT DATATABLE NAME: MAT1
LOSS TYPE: STENOSIS
BRANCH ANGLE: 0.000000
UPSTREAM SEGMENT: 1101
BRANCH SEGMENT: 0
BOUNDARY CONDITIONS TYPE: NOBOUND
INLET DATA TABLE: NONE
--- 
SEGMENT N.: 1103
NAME: branch0_seg1103
ID: 1103
LENGTH: 0.010135
NUM ELEMENTS: 5
IN NODE: 1103
OUT NODE: 1104
IN AREA: 0.095614
OUT AREA: 0.095627
IN FLOW: 0.000000
MAT DATATABLE NAME: MAT1
LOSS TYPE: STENOSIS
BRANCH ANGLE: 0.000000
UPSTREAM SEGMENT: 1102
BRANCH SEGMENT: 0
BOUNDARY CONDITIONS TYPE: NOBOUND
INLET DATA TABLE: NONE
--- 
SEGMENT N.: 1104
NAME: branch0_seg1104
ID: 1104
LENGTH: 0.010135
NUM ELEMENTS: 5
IN NODE: 1104
OUT NODE: 1105
IN AREA: 0.095635
OUT AREA: 0.095640
IN FLOW: 0.000000
MAT DATATABLE NAME: MAT1
LOSS TYPE: STENOSIS
BRANCH ANGLE: 0.000000
UPSTREAM SEGMENT: 1103
BRANCH SEGMENT: 0
BOUNDARY CONDITIONS TYPE: NOBOUND
INLET DATA TABLE: NONE
--- 
SEGMENT N.: 1105
NAME: branch0_seg1105
ID: 1105
LENGTH: 0.010135
NUM ELEMENTS: 5
IN NODE: 1105
OUT NODE: 1106
IN AREA: 0.092847
OUT AREA: 0.095638
IN FLOW: 0.000000
MAT DATATABLE NAME: MAT1
LOSS TYPE: STENOSIS
BRANCH ANGLE: 0.000000
UPSTREAM SEGMENT: 1104
BRANCH SEGMENT: 0
BOUNDARY CONDITIONS TYPE: NOBOUND
INLET DATA TABLE: NONE
--- 
SEGMENT N.: 1106
NAME: branch0_seg1106
ID: 1106
LENGTH: 0.010135
NUM ELEMENTS: 5
IN NODE: 1106
OUT NODE: 1107
IN AREA: 0.095634
OUT AREA: 0.095614
IN FLOW: 0.000000
MAT DATATABLE NAME: MAT1
LOSS TYPE: STENOSIS
BRANCH ANGLE: 0.000000
UPSTREAM SEGMENT: 1105
BRANCH SEGMENT: 0
BOUNDARY CONDITIONS TYPE: NOBOUND
INLET DATA TABLE: NONE
--- 
SEGMENT N.: 1107
NAME: branch0_seg1107
ID: 1107
LENGTH: 0.010135
NUM ELEMENTS: 5
IN NODE: 1107
OUT NODE: 1108
IN AREA: 0.095610
OUT AREA: 0.095602
IN FLOW: 0.000000
MAT DATATABLE NAME: MAT1
LOSS TYPE: STENOSIS
BRANCH ANGLE: 0.000000
UPSTREAM SEGMENT: 1106
BRANCH SEGMENT: 0
BOUNDARY CONDITIONS TYPE: NOBOUND
INLET DATA TABLE: NONE
--- 
SEGMENT N.: 1108
NAME: branch0_seg1108
ID: 1108
LENGTH: 0.010135
NUM ELEMENTS: 5
IN NODE: 1108
OUT NODE: 1109
IN AREA: 0.095602
OUT AREA: 0.095602
IN FLOW: 0.000000
MAT DATATABLE NAME: MAT1
LOSS TYPE: STENOSIS
BRANCH ANGLE: 0.000000
UPSTREAM SEGMENT: 1107
BRANCH SEGMENT: 0
BOUNDARY CONDITIONS TYPE: NOBOUND
INLET DATA TABLE: NONE
--- 
SEGMENT N.: 1109
NAME: branch0_seg1109
ID: 1109
LENGTH: 0.010135
NUM ELEMENTS: 5
IN NODE: 1109
OUT NODE: 1110
IN AREA: 0.095599
OUT AREA: 0.095598
IN FLOW: 0.000000
MAT DATATABLE NAME: MAT1
LOSS TYPE: STENOSIS
BRANCH ANGLE: 0.000000
UPSTREAM SEGMENT: 1108
BRANCH SEGMENT: 0
BOUNDARY CONDITIONS TYPE: NOBOUND
INLET DATA TABLE: NONE
--- 
SEGMENT N.: 1110
NAME: branch0_seg1110
ID: 1110
LENGTH: 0.010135
NUM ELEMENTS: 5
IN NODE: 1110
OUT NODE: 1111
IN AREA: 0.095596
OUT AREA: 0.095592
IN FLOW: 0.000000
MAT DATATABLE NAME: MAT1
LOSS TYPE: STENOSIS
BRANCH ANGLE: 0.000000
UPSTREAM SEGMENT: 1109
BRANCH SEGMENT: 0
BOUNDARY CONDITIONS TYPE: NOBOUND
INLET DATA TABLE: NONE
--- 
SEGMENT N.: 1111
NAME: branch0_seg1111
ID: 1111
LENGTH: 0.010135
NUM ELEMENTS: 5
IN NODE: 1111
OUT NODE: 1112
IN AREA: 0.095590
OUT AREA: 0.095585
IN FLOW: 0.000000
MAT DATATABLE NAME: MAT1
LOSS TYPE: STENOSIS
BRANCH ANGLE: 0.000000
UPSTREAM SEGMENT: 1110
BRANCH SEGMENT: 0
BOUNDARY CONDITIONS TYPE: NOBOUND
INLET DATA TABLE: NONE
--- 
SEGMENT N.: 1112
NAME: branch0_seg1112
ID: 1112
LENGTH: 0.010135
NUM ELEMENTS: 5
IN NODE: 1112
OUT NODE: 1113
IN AREA: 0.095582
OUT AREA: 0.095576
IN FLOW: 0.000000
MAT DATATABLE NAME: MAT1
LOSS TYPE: STENOSIS
BRANCH ANGLE: 0.000000
UPSTREAM SEGMENT: 1111
BRANCH SEGMENT: 0
BOUNDARY CONDITIONS TYPE: NOBOUND
INLET DATA TABLE: NONE
--- 
SEGMENT N.: 1113
NAME: branch0_seg1113
ID: 1113
LENGTH: 0.010135
NUM ELEMENTS: 5
IN NODE: 1113
OUT NODE: 1114
IN AREA: 0.095572
OUT AREA: 0.095565
IN FLOW: 0.000000
MAT DATATABLE NAME: MAT1
LOSS TYPE: STENOSIS
BRANCH ANGLE: 0.000000
UPSTREAM SEGMENT: 1112
BRANCH SEGMENT: 0
BOUNDARY CONDITIONS TYPE: NOBOUND
INLET DATA TABLE: NONE
--- 
SEGMENT N.: 1114
NAME: branch0_seg1114
ID: 1114
LENGTH: 0.010135
NUM ELEMENTS: 5
IN NODE: 1114
OUT NODE: 1115
IN AREA: 0.095565
OUT AREA: 0.095566
IN FLOW: 0.000000
MAT DATATABLE NAME: MAT1
LOSS TYPE: STENOSIS
BRANCH ANGLE: 0.000000
UPSTREAM SEGMENT: 1113
BRANCH SEGMENT: 0
BOUNDARY CONDITIONS TYPE: NOBOUND
INLET DATA TABLE: NONE
--- 
SEGMENT N.: 1115
NAME: branch0_seg1115
ID: 1115
LENGTH: 0.010135
NUM ELEMENTS: 5
IN NODE: 1115
OUT NODE: 1116
IN AREA: 0.095567
OUT AREA: 0.095572
IN FLOW: 0.000000
MAT DATATABLE NAME: MAT1
LOSS TYPE: STENOSIS
BRANCH ANGLE: 0.000000
UPSTREAM SEGMENT: 1114
BRANCH SEGMENT: 0
BOUNDARY CONDITIONS TYPE: NOBOUND
INLET DATA TABLE: NONE
--- 
SEGMENT N.: 1116
NAME: branch0_seg1116
ID: 1116
LENGTH: 0.010135
NUM ELEMENTS: 5
IN NODE: 1116
OUT NODE: 1117
IN AREA: 0.095574
OUT AREA: 0.095593
IN FLOW: 0.000000
MAT DATATABLE NAME: MAT1
LOSS TYPE: STENOSIS
BRANCH ANGLE: 0.000000
UPSTREAM SEGMENT: 1115
BRANCH SEGMENT: 0
BOUNDARY CONDITIONS TYPE: NOBOUND
INLET DATA TABLE: NONE
--- 
SEGMENT N.: 1117
NAME: branch0_seg1117
ID: 1117
LENGTH: 0.010135
NUM ELEMENTS: 5
IN NODE: 1117
OUT NODE: 1118
IN AREA: 0.095596
OUT AREA: 0.095606
IN FLOW: 0.000000
MAT DATATABLE NAME: MAT1
LOSS TYPE: STENOSIS
BRANCH ANGLE: 0.000000
UPSTREAM SEGMENT: 1116
BRANCH SEGMENT: 0
BOUNDARY CONDITIONS TYPE: NOBOUND
INLET DATA TABLE: NONE
--- 
SEGMENT N.: 1118
NAME: branch0_seg1118
ID: 1118
LENGTH: 0.010135
NUM ELEMENTS: 5
IN NODE: 1118
OUT NODE: 1119
IN AREA: 0.095612
OUT AREA: 0.095622
IN FLOW: 0.000000
MAT DATATABLE NAME: MAT1
LOSS TYPE: STENOSIS
BRANCH ANGLE: 0.000000
UPSTREAM SEGMENT: 1117
BRANCH SEGMENT: 0
BOUNDARY CONDITIONS TYPE: NOBOUND
INLET DATA TABLE: NONE
--- 
SEGMENT N.: 1119
NAME: branch0_seg1119
ID: 1119
LENGTH: 0.010135
NUM ELEMENTS: 5
IN NODE: 1119
OUT NODE: 1120
IN AREA: 0.095626
OUT AREA: 0.095629
IN FLOW: 0.000000
MAT DATATABLE NAME: MAT1
LOSS TYPE: STENOSIS
BRANCH ANGLE: 0.000000
UPSTREAM SEGMENT: 1118
BRANCH SEGMENT: 0
BOUNDARY CONDITIONS TYPE: NOBOUND
INLET DATA TABLE: NONE
--- 
SEGMENT N.: 1120
NAME: branch0_seg1120
ID: 1120
LENGTH: 0.010135
NUM ELEMENTS: 5
IN NODE: 1120
OUT NODE: 1121
IN AREA: 0.054028
OUT AREA: 0.095638
IN FLOW: 0.000000
MAT DATATABLE NAME: MAT1
LOSS TYPE: STENOSIS
BRANCH ANGLE: 0.000000
UPSTREAM SEGMENT: 1119
BRANCH SEGMENT: 0
BOUNDARY CONDITIONS TYPE: NOBOUND
INLET DATA TABLE: NONE
--- 
SEGMENT N.: 1121
NAME: branch0_seg1121
ID: 1121
LENGTH: 0.010135
NUM ELEMENTS: 5
IN NODE: 1121
OUT NODE: 1122
IN AREA: 0.095637
OUT AREA: 0.095641
IN FLOW: 0.000000
MAT DATATABLE NAME: MAT1
LOSS TYPE: STENOSIS
BRANCH ANGLE: 0.000000
UPSTREAM SEGMENT: 1120
BRANCH SEGMENT: 0
BOUNDARY CONDITIONS TYPE: NOBOUND
INLET DATA TABLE: NONE
--- 
SEGMENT N.: 1122
NAME: branch0_seg1122
ID: 1122
LENGTH: 0.010135
NUM ELEMENTS: 5
IN NODE: 1122
OUT NODE: 1123
IN AREA: 0.095640
OUT AREA: 0.095641
IN FLOW: 0.000000
MAT DATATABLE NAME: MAT1
LOSS TYPE: STENOSIS
BRANCH ANGLE: 0.000000
UPSTREAM SEGMENT: 1121
BRANCH SEGMENT: 0
BOUNDARY CONDITIONS TYPE: NOBOUND
INLET DATA TABLE: NONE
--- 
SEGMENT N.: 1123
NAME: branch0_seg1123
ID: 1123
LENGTH: 0.010135
NUM ELEMENTS: 5
IN NODE: 1123
OUT NODE: 1124
IN AREA: 0.095642
OUT AREA: 0.095633
IN FLOW: 0.000000
MAT DATATABLE NAME: MAT1
LOSS TYPE: STENOSIS
BRANCH ANGLE: 0.000000
UPSTREAM SEGMENT: 1122
BRANCH SEGMENT: 0
BOUNDARY CONDITIONS TYPE: NOBOUND
INLET DATA TABLE: NONE
--- 
SEGMENT N.: 1124
NAME: branch0_seg1124
ID: 1124
LENGTH: 0.010135
NUM ELEMENTS: 5
IN NODE: 1124
OUT NODE: 1125
IN AREA: 0.095630
OUT AREA: 0.095627
IN FLOW: 0.000000
MAT DATATABLE NAME: MAT1
LOSS TYPE: STENOSIS
BRANCH ANGLE: 0.000000
UPSTREAM SEGMENT: 1123
BRANCH SEGMENT: 0
BOUNDARY CONDITIONS TYPE: NOBOUND
INLET DATA TABLE: NONE
--- 
SEGMENT N.: 1125
NAME: branch0_seg1125
ID: 1125
LENGTH: 0.010135
NUM ELEMENTS: 5
IN NODE: 1125
OUT NODE: 1126
IN AREA: 0.095625
OUT AREA: 0.095608
IN FLOW: 0.000000
MAT DATATABLE NAME: MAT1
LOSS TYPE: STENOSIS
BRANCH ANGLE: 0.000000
UPSTREAM SEGMENT: 1124
BRANCH SEGMENT: 0
BOUNDARY CONDITIONS TYPE: NOBOUND
INLET DATA TABLE: NONE
--- 
SEGMENT N.: 1126
NAME: branch0_seg1126
ID: 1126
LENGTH: 0.010135
NUM ELEMENTS: 5
IN NODE: 1126
OUT NODE: 1127
IN AREA: 0.095604
OUT AREA: 0.095595
IN FLOW: 0.000000
MAT DATATABLE NAME: MAT1
LOSS TYPE: STENOSIS
BRANCH ANGLE: 0.000000
UPSTREAM SEGMENT: 1125
BRANCH SEGMENT: 0
BOUNDARY CONDITIONS TYPE: NOBOUND
INLET DATA TABLE: NONE
--- 
SEGMENT N.: 1127
NAME: branch0_seg1127
ID: 1127
LENGTH: 0.010135
NUM ELEMENTS: 5
IN NODE: 1127
OUT NODE: 1128
IN AREA: 0.095589
OUT AREA: 0.095590
IN FLOW: 0.000000
MAT DATATABLE NAME: MAT1
LOSS TYPE: STENOSIS
BRANCH ANGLE: 0.000000
UPSTREAM SEGMENT: 1126
BRANCH SEGMENT: 0
BOUNDARY CONDITIONS TYPE: NOBOUND
INLET DATA TABLE: NONE
--- 
SEGMENT N.: 1128
NAME: branch0_seg1128
ID: 1128
LENGTH: 0.010135
NUM ELEMENTS: 5
IN NODE: 1128
OUT NODE: 1129
IN AREA: 0.095591
OUT AREA: 0.095590
IN FLOW: 0.000000
MAT DATATABLE NAME: MAT1
LOSS TYPE: STENOSIS
BRANCH ANGLE: 0.000000
UPSTREAM SEGMENT: 1127
BRANCH SEGMENT: 0
BOUNDARY CONDITIONS TYPE: NOBOUND
INLET DATA TABLE: NONE
--- 
SEGMENT N.: 1129
NAME: branch0_seg1129
ID: 1129
LENGTH: 0.010135
NUM ELEMENTS: 5
IN NODE: 1129
OUT NODE: 1130
IN AREA: 0.095590
OUT AREA: 0.095590
IN FLOW: 0.000000
MAT DATATABLE NAME: MAT1
LOSS TYPE: STENOSIS
BRANCH ANGLE: 0.000000
UPSTREAM SEGMENT: 1128
BRANCH SEGMENT: 0
BOUNDARY CONDITIONS TYPE: NOBOUND
INLET DATA TABLE: NONE
--- 
SEGMENT N.: 1130
NAME: branch0_seg1130
ID: 1130
LENGTH: 0.010135
NUM ELEMENTS: 5
IN NODE: 1130
OUT NODE: 1131
IN AREA: 0.095585
OUT AREA: 0.095581
IN FLOW: 0.000000
MAT DATATABLE NAME: MAT1
LOSS TYPE: STENOSIS
BRANCH ANGLE: 0.000000
UPSTREAM SEGMENT: 1129
BRANCH SEGMENT: 0
BOUNDARY CONDITIONS TYPE: NOBOUND
INLET DATA TABLE: NONE
--- 
SEGMENT N.: 1131
NAME: branch0_seg1131
ID: 1131
LENGTH: 0.010135
NUM ELEMENTS: 5
IN NODE: 1131
OUT NODE: 1132
IN AREA: 0.095578
OUT AREA: 0.095572
IN FLOW: 0.000000
MAT DATATABLE NAME: MAT1
LOSS TYPE: STENOSIS
BRANCH ANGLE: 0.000000
UPSTREAM SEGMENT: 1130
BRANCH SEGMENT: 0
BOUNDARY CONDITIONS TYPE: NOBOUND
INLET DATA TABLE: NONE
--- 
SEGMENT N.: 1132
NAME: branch0_seg1132
ID: 1132
LENGTH: 0.010135
NUM ELEMENTS: 5
IN NODE: 1132
OUT NODE: 1133
IN AREA: 0.095568
OUT AREA: 0.095565
IN FLOW: 0.000000
MAT DATATABLE NAME: MAT1
LOSS TYPE: STENOSIS
BRANCH ANGLE: 0.000000
UPSTREAM SEGMENT: 1131
BRANCH SEGMENT: 0
BOUNDARY CONDITIONS TYPE: NOBOUND
INLET DATA TABLE: NONE
--- 
SEGMENT N.: 1133
NAME: branch0_seg1133
ID: 1133
LENGTH: 0.010135
NUM ELEMENTS: 5
IN NODE: 1133
OUT NODE: 1134
IN AREA: 0.095567
OUT AREA: 0.095557
IN FLOW: 0.000000
MAT DATATABLE NAME: MAT1
LOSS TYPE: STENOSIS
BRANCH ANGLE: 0.000000
UPSTREAM SEGMENT: 1132
BRANCH SEGMENT: 0
BOUNDARY CONDITIONS TYPE: NOBOUND
INLET DATA TABLE: NONE
--- 
SEGMENT N.: 1134
NAME: branch0_seg1134
ID: 1134
LENGTH: 0.010135
NUM ELEMENTS: 5
IN NODE: 1134
OUT NODE: 1135
IN AREA: 0.095556
OUT AREA: 0.095556
IN FLOW: 0.000000
MAT DATATABLE NAME: MAT1
LOSS TYPE: STENOSIS
BRANCH ANGLE: 0.000000
UPSTREAM SEGMENT: 1133
BRANCH SEGMENT: 0
BOUNDARY CONDITIONS TYPE: NOBOUND
INLET DATA TABLE: NONE
--- 
SEGMENT N.: 1135
NAME: branch0_seg1135
ID: 1135
LENGTH: 0.010135
NUM ELEMENTS: 5
IN NODE: 1135
OUT NODE: 1136
IN AREA: 0.095558
OUT AREA: 0.095565
IN FLOW: 0.000000
MAT DATATABLE NAME: MAT1
LOSS TYPE: STENOSIS
BRANCH ANGLE: 0.000000
UPSTREAM SEGMENT: 1134
BRANCH SEGMENT: 0
BOUNDARY CONDITIONS TYPE: NOBOUND
INLET DATA TABLE: NONE
--- 
SEGMENT N.: 1136
NAME: branch0_seg1136
ID: 1136
LENGTH: 0.010135
NUM ELEMENTS: 5
IN NODE: 1136
OUT NODE: 1137
IN AREA: 0.095566
OUT AREA: 0.095567
IN FLOW: 0.000000
MAT DATATABLE NAME: MAT1
LOSS TYPE: STENOSIS
BRANCH ANGLE: 0.000000
UPSTREAM SEGMENT: 1135
BRANCH SEGMENT: 0
BOUNDARY CONDITIONS TYPE: NOBOUND
INLET DATA TABLE: NONE
--- 
SEGMENT N.: 1137
NAME: branch0_seg1137
ID: 1137
LENGTH: 0.010135
NUM ELEMENTS: 5
IN NODE: 1137
OUT NODE: 1138
IN AREA: 0.095567
OUT AREA: 0.095561
IN FLOW: 0.000000
MAT DATATABLE NAME: MAT1
LOSS TYPE: STENOSIS
BRANCH ANGLE: 0.000000
UPSTREAM SEGMENT: 1136
BRANCH SEGMENT: 0
BOUNDARY CONDITIONS TYPE: NOBOUND
INLET DATA TABLE: NONE
--- 
SEGMENT N.: 1138
NAME: branch0_seg1138
ID: 1138
LENGTH: 0.010135
NUM ELEMENTS: 5
IN NODE: 1138
OUT NODE: 1139
IN AREA: 0.095560
OUT AREA: 0.095549
IN FLOW: 0.000000
MAT DATATABLE NAME: MAT1
LOSS TYPE: STENOSIS
BRANCH ANGLE: 0.000000
UPSTREAM SEGMENT: 1137
BRANCH SEGMENT: 0
BOUNDARY CONDITIONS TYPE: NOBOUND
INLET DATA TABLE: NONE
--- 
SEGMENT N.: 1139
NAME: branch0_seg1139
ID: 1139
LENGTH: 0.010135
NUM ELEMENTS: 5
IN NODE: 1139
OUT NODE: 1140
IN AREA: 0.095551
OUT AREA: 0.095560
IN FLOW: 0.000000
MAT DATATABLE NAME: MAT1
LOSS TYPE: STENOSIS
BRANCH ANGLE: 0.000000
UPSTREAM SEGMENT: 1138
BRANCH SEGMENT: 0
BOUNDARY CONDITIONS TYPE: NOBOUND
INLET DATA TABLE: NONE
--- 
SEGMENT N.: 1140
NAME: branch0_seg1140
ID: 1140
LENGTH: 0.010135
NUM ELEMENTS: 5
IN NODE: 1140
OUT NODE: 1141
IN AREA: 0.095561
OUT AREA: 0.095569
IN FLOW: 0.000000
MAT DATATABLE NAME: MAT1
LOSS TYPE: STENOSIS
BRANCH ANGLE: 0.000000
UPSTREAM SEGMENT: 1139
BRANCH SEGMENT: 0
BOUNDARY CONDITIONS TYPE: NOBOUND
INLET DATA TABLE: NONE
--- 
SEGMENT N.: 1141
NAME: branch0_seg1141
ID: 1141
LENGTH: 0.010135
NUM ELEMENTS: 5
IN NODE: 1141
OUT NODE: 1142
IN AREA: 0.095568
OUT AREA: 0.095571
IN FLOW: 0.000000
MAT DATATABLE NAME: MAT1
LOSS TYPE: STENOSIS
BRANCH ANGLE: 0.000000
UPSTREAM SEGMENT: 1140
BRANCH SEGMENT: 0
BOUNDARY CONDITIONS TYPE: NOBOUND
INLET DATA TABLE: NONE
--- 
SEGMENT N.: 1142
NAME: branch0_seg1142
ID: 1142
LENGTH: 0.010135
NUM ELEMENTS: 5
IN NODE: 1142
OUT NODE: 1143
IN AREA: 0.095574
OUT AREA: 0.095578
IN FLOW: 0.000000
MAT DATATABLE NAME: MAT1
LOSS TYPE: STENOSIS
BRANCH ANGLE: 0.000000
UPSTREAM SEGMENT: 1141
BRANCH SEGMENT: 0
BOUNDARY CONDITIONS TYPE: NOBOUND
INLET DATA TABLE: NONE
--- 
SEGMENT N.: 1143
NAME: branch0_seg1143
ID: 1143
LENGTH: 0.010135
NUM ELEMENTS: 5
IN NODE: 1143
OUT NODE: 1144
IN AREA: 0.095584
OUT AREA: 0.095578
IN FLOW: 0.000000
MAT DATATABLE NAME: MAT1
LOSS TYPE: STENOSIS
BRANCH ANGLE: 0.000000
UPSTREAM SEGMENT: 1142
BRANCH SEGMENT: 0
BOUNDARY CONDITIONS TYPE: NOBOUND
INLET DATA TABLE: NONE
--- 
SEGMENT N.: 1144
NAME: branch0_seg1144
ID: 1144
LENGTH: 0.010135
NUM ELEMENTS: 5
IN NODE: 1144
OUT NODE: 1145
IN AREA: 0.095574
OUT AREA: 0.095583
IN FLOW: 0.000000
MAT DATATABLE NAME: MAT1
LOSS TYPE: STENOSIS
BRANCH ANGLE: 0.000000
UPSTREAM SEGMENT: 1143
BRANCH SEGMENT: 0
BOUNDARY CONDITIONS TYPE: NOBOUND
INLET DATA TABLE: NONE
--- 
SEGMENT N.: 1145
NAME: branch0_seg1145
ID: 1145
LENGTH: 0.010135
NUM ELEMENTS: 5
IN NODE: 1145
OUT NODE: 1146
IN AREA: 0.095582
OUT AREA: 0.093070
IN FLOW: 0.000000
MAT DATATABLE NAME: MAT1
LOSS TYPE: STENOSIS
BRANCH ANGLE: 0.000000
UPSTREAM SEGMENT: 1144
BRANCH SEGMENT: 0
BOUNDARY CONDITIONS TYPE: NOBOUND
INLET DATA TABLE: NONE
--- 
SEGMENT N.: 1146
NAME: branch0_seg1146
ID: 1146
LENGTH: 0.010135
NUM ELEMENTS: 5
IN NODE: 1146
OUT NODE: 1147
IN AREA: 0.095571
OUT AREA: 0.095576
IN FLOW: 0.000000
MAT DATATABLE NAME: MAT1
LOSS TYPE: STENOSIS
BRANCH ANGLE: 0.000000
UPSTREAM SEGMENT: 1145
BRANCH SEGMENT: 0
BOUNDARY CONDITIONS TYPE: NOBOUND
INLET DATA TABLE: NONE
--- 
SEGMENT N.: 1147
NAME: branch0_seg1147
ID: 1147
LENGTH: 0.010135
NUM ELEMENTS: 5
IN NODE: 1147
OUT NODE: 1148
IN AREA: 0.095575
OUT AREA: 0.095575
IN FLOW: 0.000000
MAT DATATABLE NAME: MAT1
LOSS TYPE: STENOSIS
BRANCH ANGLE: 0.000000
UPSTREAM SEGMENT: 1146
BRANCH SEGMENT: 0
BOUNDARY CONDITIONS TYPE: NOBOUND
INLET DATA TABLE: NONE
--- 
SEGMENT N.: 1148
NAME: branch0_seg1148
ID: 1148
LENGTH: 0.010135
NUM ELEMENTS: 5
IN NODE: 1148
OUT NODE: 1149
IN AREA: 0.095578
OUT AREA: 0.080235
IN FLOW: 0.000000
MAT DATATABLE NAME: MAT1
LOSS TYPE: STENOSIS
BRANCH ANGLE: 0.000000
UPSTREAM SEGMENT: 1147
BRANCH SEGMENT: 0
BOUNDARY CONDITIONS TYPE: NOBOUND
INLET DATA TABLE: NONE
--- 
SEGMENT N.: 1149
NAME: branch0_seg1149
ID: 1149
LENGTH: 0.010135
NUM ELEMENTS: 5
IN NODE: 1149
OUT NODE: 1150
IN AREA: 0.095606
OUT AREA: 0.095628
IN FLOW: 0.000000
MAT DATATABLE NAME: MAT1
LOSS TYPE: STENOSIS
BRANCH ANGLE: 0.000000
UPSTREAM SEGMENT: 1148
BRANCH SEGMENT: 0
BOUNDARY CONDITIONS TYPE: NOBOUND
INLET DATA TABLE: NONE
--- 
SEGMENT N.: 1150
NAME: branch0_seg1150
ID: 1150
LENGTH: 0.010135
NUM ELEMENTS: 5
IN NODE: 1150
OUT NODE: 1151
IN AREA: 0.051765
OUT AREA: 0.095634
IN FLOW: 0.000000
MAT DATATABLE NAME: MAT1
LOSS TYPE: STENOSIS
BRANCH ANGLE: 0.000000
UPSTREAM SEGMENT: 1149
BRANCH SEGMENT: 0
BOUNDARY CONDITIONS TYPE: NOBOUND
INLET DATA TABLE: NONE
--- 
SEGMENT N.: 1151
NAME: branch0_seg1151
ID: 1151
LENGTH: 0.010135
NUM ELEMENTS: 5
IN NODE: 1151
OUT NODE: 1152
IN AREA: 0.095635
OUT AREA: 0.095620
IN FLOW: 0.000000
MAT DATATABLE NAME: MAT1
LOSS TYPE: STENOSIS
BRANCH ANGLE: 0.000000
UPSTREAM SEGMENT: 1150
BRANCH SEGMENT: 0
BOUNDARY CONDITIONS TYPE: NOBOUND
INLET DATA TABLE: NONE
--- 
SEGMENT N.: 1152
NAME: branch0_seg1152
ID: 1152
LENGTH: 0.010135
NUM ELEMENTS: 5
IN NODE: 1152
OUT NODE: 1153
IN AREA: 0.038170
OUT AREA: 0.095583
IN FLOW: 0.000000
MAT DATATABLE NAME: MAT1
LOSS TYPE: STENOSIS
BRANCH ANGLE: 0.000000
UPSTREAM SEGMENT: 1151
BRANCH SEGMENT: 0
BOUNDARY CONDITIONS TYPE: NOBOUND
INLET DATA TABLE: NONE
--- 
SEGMENT N.: 1153
NAME: branch0_seg1153
ID: 1153
LENGTH: 0.010135
NUM ELEMENTS: 5
IN NODE: 1153
OUT NODE: 1154
IN AREA: 0.095573
OUT AREA: 0.095552
IN FLOW: 0.000000
MAT DATATABLE NAME: MAT1
LOSS TYPE: STENOSIS
BRANCH ANGLE: 0.000000
UPSTREAM SEGMENT: 1152
BRANCH SEGMENT: 0
BOUNDARY CONDITIONS TYPE: NOBOUND
INLET DATA TABLE: NONE
--- 
SEGMENT N.: 1154
NAME: branch0_seg1154
ID: 1154
LENGTH: 0.010135
NUM ELEMENTS: 5
IN NODE: 1154
OUT NODE: 1155
IN AREA: 0.095545
OUT AREA: 0.095537
IN FLOW: 0.000000
MAT DATATABLE NAME: MAT1
LOSS TYPE: STENOSIS
BRANCH ANGLE: 0.000000
UPSTREAM SEGMENT: 1153
BRANCH SEGMENT: 0
BOUNDARY CONDITIONS TYPE: NOBOUND
INLET DATA TABLE: NONE
--- 
SEGMENT N.: 1155
NAME: branch0_seg1155
ID: 1155
LENGTH: 0.010135
NUM ELEMENTS: 5
IN NODE: 1155
OUT NODE: 1156
IN AREA: 0.091588
OUT AREA: 0.095540
IN FLOW: 0.000000
MAT DATATABLE NAME: MAT1
LOSS TYPE: STENOSIS
BRANCH ANGLE: 0.000000
UPSTREAM SEGMENT: 1154
BRANCH SEGMENT: 0
BOUNDARY CONDITIONS TYPE: NOBOUND
INLET DATA TABLE: NONE
--- 
SEGMENT N.: 1156
NAME: branch0_seg1156
ID: 1156
LENGTH: 0.010135
NUM ELEMENTS: 5
IN NODE: 1156
OUT NODE: 1157
IN AREA: 0.095546
OUT AREA: 0.095553
IN FLOW: 0.000000
MAT DATATABLE NAME: MAT1
LOSS TYPE: STENOSIS
BRANCH ANGLE: 0.000000
UPSTREAM SEGMENT: 1155
BRANCH SEGMENT: 0
BOUNDARY CONDITIONS TYPE: NOBOUND
INLET DATA TABLE: NONE
--- 
SEGMENT N.: 1157
NAME: branch0_seg1157
ID: 1157
LENGTH: 0.010135
NUM ELEMENTS: 5
IN NODE: 1157
OUT NODE: 1158
IN AREA: 0.095557
OUT AREA: 0.095571
IN FLOW: 0.000000
MAT DATATABLE NAME: MAT1
LOSS TYPE: STENOSIS
BRANCH ANGLE: 0.000000
UPSTREAM SEGMENT: 1156
BRANCH SEGMENT: 0
BOUNDARY CONDITIONS TYPE: NOBOUND
INLET DATA TABLE: NONE
--- 
SEGMENT N.: 1158
NAME: branch0_seg1158
ID: 1158
LENGTH: 0.010135
NUM ELEMENTS: 5
IN NODE: 1158
OUT NODE: 1159
IN AREA: 0.095580
OUT AREA: 0.076185
IN FLOW: 0.000000
MAT DATATABLE NAME: MAT1
LOSS TYPE: STENOSIS
BRANCH ANGLE: 0.000000
UPSTREAM SEGMENT: 1157
BRANCH SEGMENT: 0
BOUNDARY CONDITIONS TYPE: NOBOUND
INLET DATA TABLE: NONE
--- 
SEGMENT N.: 1159
NAME: branch0_seg1159
ID: 1159
LENGTH: 0.010135
NUM ELEMENTS: 5
IN NODE: 1159
OUT NODE: 1160
IN AREA: 0.095589
OUT AREA: 0.095589
IN FLOW: 0.000000
MAT DATATABLE NAME: MAT1
LOSS TYPE: STENOSIS
BRANCH ANGLE: 0.000000
UPSTREAM SEGMENT: 1158
BRANCH SEGMENT: 0
BOUNDARY CONDITIONS TYPE: NOBOUND
INLET DATA TABLE: NONE
--- 
SEGMENT N.: 1160
NAME: branch0_seg1160
ID: 1160
LENGTH: 0.010135
NUM ELEMENTS: 5
IN NODE: 1160
OUT NODE: 1161
IN AREA: 0.095585
OUT AREA: 0.095586
IN FLOW: 0.000000
MAT DATATABLE NAME: MAT1
LOSS TYPE: STENOSIS
BRANCH ANGLE: 0.000000
UPSTREAM SEGMENT: 1159
BRANCH SEGMENT: 0
BOUNDARY CONDITIONS TYPE: NOBOUND
INLET DATA TABLE: NONE
--- 
SEGMENT N.: 1161
NAME: branch0_seg1161
ID: 1161
LENGTH: 0.010135
NUM ELEMENTS: 5
IN NODE: 1161
OUT NODE: 1162
IN AREA: 0.095582
OUT AREA: 0.095586
IN FLOW: 0.000000
MAT DATATABLE NAME: MAT1
LOSS TYPE: STENOSIS
BRANCH ANGLE: 0.000000
UPSTREAM SEGMENT: 1160
BRANCH SEGMENT: 0
BOUNDARY CONDITIONS TYPE: NOBOUND
INLET DATA TABLE: NONE
--- 
SEGMENT N.: 1162
NAME: branch0_seg1162
ID: 1162
LENGTH: 0.010135
NUM ELEMENTS: 5
IN NODE: 1162
OUT NODE: 1163
IN AREA: 0.095586
OUT AREA: 0.095585
IN FLOW: 0.000000
MAT DATATABLE NAME: MAT1
LOSS TYPE: STENOSIS
BRANCH ANGLE: 0.000000
UPSTREAM SEGMENT: 1161
BRANCH SEGMENT: 0
BOUNDARY CONDITIONS TYPE: NOBOUND
INLET DATA TABLE: NONE
--- 
SEGMENT N.: 1163
NAME: branch0_seg1163
ID: 1163
LENGTH: 0.010135
NUM ELEMENTS: 5
IN NODE: 1163
OUT NODE: 1164
IN AREA: 0.095588
OUT AREA: 0.095584
IN FLOW: 0.000000
MAT DATATABLE NAME: MAT1
LOSS TYPE: STENOSIS
BRANCH ANGLE: 0.000000
UPSTREAM SEGMENT: 1162
BRANCH SEGMENT: 0
BOUNDARY CONDITIONS TYPE: NOBOUND
INLET DATA TABLE: NONE
--- 
SEGMENT N.: 1164
NAME: branch0_seg1164
ID: 1164
LENGTH: 0.010135
NUM ELEMENTS: 5
IN NODE: 1164
OUT NODE: 1165
IN AREA: 0.095583
OUT AREA: 0.095578
IN FLOW: 0.000000
MAT DATATABLE NAME: MAT1
LOSS TYPE: STENOSIS
BRANCH ANGLE: 0.000000
UPSTREAM SEGMENT: 1163
BRANCH SEGMENT: 0
BOUNDARY CONDITIONS TYPE: NOBOUND
INLET DATA TABLE: NONE
--- 
SEGMENT N.: 1165
NAME: branch0_seg1165
ID: 1165
LENGTH: 0.010135
NUM ELEMENTS: 5
IN NODE: 1165
OUT NODE: 1166
IN AREA: 0.095574
OUT AREA: 0.095575
IN FLOW: 0.000000
MAT DATATABLE NAME: MAT1
LOSS TYPE: STENOSIS
BRANCH ANGLE: 0.000000
UPSTREAM SEGMENT: 1164
BRANCH SEGMENT: 0
BOUNDARY CONDITIONS TYPE: NOBOUND
INLET DATA TABLE: NONE
--- 
SEGMENT N.: 1166
NAME: branch0_seg1166
ID: 1166
LENGTH: 0.010135
NUM ELEMENTS: 5
IN NODE: 1166
OUT NODE: 1167
IN AREA: 0.095574
OUT AREA: 0.095568
IN FLOW: 0.000000
MAT DATATABLE NAME: MAT1
LOSS TYPE: STENOSIS
BRANCH ANGLE: 0.000000
UPSTREAM SEGMENT: 1165
BRANCH SEGMENT: 0
BOUNDARY CONDITIONS TYPE: NOBOUND
INLET DATA TABLE: NONE
--- 
SEGMENT N.: 1167
NAME: branch0_seg1167
ID: 1167
LENGTH: 0.010135
NUM ELEMENTS: 5
IN NODE: 1167
OUT NODE: 1168
IN AREA: 0.095569
OUT AREA: 0.095565
IN FLOW: 0.000000
MAT DATATABLE NAME: MAT1
LOSS TYPE: STENOSIS
BRANCH ANGLE: 0.000000
UPSTREAM SEGMENT: 1166
BRANCH SEGMENT: 0
BOUNDARY CONDITIONS TYPE: NOBOUND
INLET DATA TABLE: NONE
--- 
SEGMENT N.: 1168
NAME: branch0_seg1168
ID: 1168
LENGTH: 0.010135
NUM ELEMENTS: 5
IN NODE: 1168
OUT NODE: 1169
IN AREA: 0.095565
OUT AREA: 0.095573
IN FLOW: 0.000000
MAT DATATABLE NAME: MAT1
LOSS TYPE: STENOSIS
BRANCH ANGLE: 0.000000
UPSTREAM SEGMENT: 1167
BRANCH SEGMENT: 0
BOUNDARY CONDITIONS TYPE: NOBOUND
INLET DATA TABLE: NONE
--- 
SEGMENT N.: 1169
NAME: branch0_seg1169
ID: 1169
LENGTH: 0.010135
NUM ELEMENTS: 5
IN NODE: 1169
OUT NODE: 1170
IN AREA: 0.095574
OUT AREA: 0.095570
IN FLOW: 0.000000
MAT DATATABLE NAME: MAT1
LOSS TYPE: STENOSIS
BRANCH ANGLE: 0.000000
UPSTREAM SEGMENT: 1168
BRANCH SEGMENT: 0
BOUNDARY CONDITIONS TYPE: NOBOUND
INLET DATA TABLE: NONE
--- 
SEGMENT N.: 1170
NAME: branch0_seg1170
ID: 1170
LENGTH: 0.010135
NUM ELEMENTS: 5
IN NODE: 1170
OUT NODE: 1171
IN AREA: 0.095570
OUT AREA: 0.095566
IN FLOW: 0.000000
MAT DATATABLE NAME: MAT1
LOSS TYPE: STENOSIS
BRANCH ANGLE: 0.000000
UPSTREAM SEGMENT: 1169
BRANCH SEGMENT: 0
BOUNDARY CONDITIONS TYPE: NOBOUND
INLET DATA TABLE: NONE
--- 
SEGMENT N.: 1171
NAME: branch0_seg1171
ID: 1171
LENGTH: 0.010135
NUM ELEMENTS: 5
IN NODE: 1171
OUT NODE: 1172
IN AREA: 0.095568
OUT AREA: 0.095582
IN FLOW: 0.000000
MAT DATATABLE NAME: MAT1
LOSS TYPE: STENOSIS
BRANCH ANGLE: 0.000000
UPSTREAM SEGMENT: 1170
BRANCH SEGMENT: 0
BOUNDARY CONDITIONS TYPE: NOBOUND
INLET DATA TABLE: NONE
--- 
SEGMENT N.: 1172
NAME: branch0_seg1172
ID: 1172
LENGTH: 0.010135
NUM ELEMENTS: 5
IN NODE: 1172
OUT NODE: 1173
IN AREA: 0.095586
OUT AREA: 0.056428
IN FLOW: 0.000000
MAT DATATABLE NAME: MAT1
LOSS TYPE: STENOSIS
BRANCH ANGLE: 0.000000
UPSTREAM SEGMENT: 1171
BRANCH SEGMENT: 0
BOUNDARY CONDITIONS TYPE: NOBOUND
INLET DATA TABLE: NONE
--- 
SEGMENT N.: 1173
NAME: branch0_seg1173
ID: 1173
LENGTH: 0.010135
NUM ELEMENTS: 5
IN NODE: 1173
OUT NODE: 1174
IN AREA: 0.095592
OUT AREA: 0.095595
IN FLOW: 0.000000
MAT DATATABLE NAME: MAT1
LOSS TYPE: STENOSIS
BRANCH ANGLE: 0.000000
UPSTREAM SEGMENT: 1172
BRANCH SEGMENT: 0
BOUNDARY CONDITIONS TYPE: NOBOUND
INLET DATA TABLE: NONE
--- 
SEGMENT N.: 1174
NAME: branch0_seg1174
ID: 1174
LENGTH: 0.010135
NUM ELEMENTS: 5
IN NODE: 1174
OUT NODE: 1175
IN AREA: 0.095592
OUT AREA: 0.095586
IN FLOW: 0.000000
MAT DATATABLE NAME: MAT1
LOSS TYPE: STENOSIS
BRANCH ANGLE: 0.000000
UPSTREAM SEGMENT: 1173
BRANCH SEGMENT: 0
BOUNDARY CONDITIONS TYPE: NOBOUND
INLET DATA TABLE: NONE
--- 
SEGMENT N.: 1175
NAME: branch0_seg1175
ID: 1175
LENGTH: 0.010135
NUM ELEMENTS: 5
IN NODE: 1175
OUT NODE: 1176
IN AREA: 0.093130
OUT AREA: 0.095564
IN FLOW: 0.000000
MAT DATATABLE NAME: MAT1
LOSS TYPE: STENOSIS
BRANCH ANGLE: 0.000000
UPSTREAM SEGMENT: 1174
BRANCH SEGMENT: 0
BOUNDARY CONDITIONS TYPE: NOBOUND
INLET DATA TABLE: NONE
--- 
SEGMENT N.: 1176
NAME: branch0_seg1176
ID: 1176
LENGTH: 0.010135
NUM ELEMENTS: 5
IN NODE: 1176
OUT NODE: 1177
IN AREA: 0.095561
OUT AREA: 0.095567
IN FLOW: 0.000000
MAT DATATABLE NAME: MAT1
LOSS TYPE: STENOSIS
BRANCH ANGLE: 0.000000
UPSTREAM SEGMENT: 1175
BRANCH SEGMENT: 0
BOUNDARY CONDITIONS TYPE: NOBOUND
INLET DATA TABLE: NONE
--- 
SEGMENT N.: 1177
NAME: branch0_seg1177
ID: 1177
LENGTH: 0.010135
NUM ELEMENTS: 5
IN NODE: 1177
OUT NODE: 1178
IN AREA: 0.095564
OUT AREA: 0.093077
IN FLOW: 0.000000
MAT DATATABLE NAME: MAT1
LOSS TYPE: STENOSIS
BRANCH ANGLE: 0.000000
UPSTREAM SEGMENT: 1176
BRANCH SEGMENT: 0
BOUNDARY CONDITIONS TYPE: NOBOUND
INLET DATA TABLE: NONE
--- 
SEGMENT N.: 1178
NAME: branch0_seg1178
ID: 1178
LENGTH: 0.010135
NUM ELEMENTS: 5
IN NODE: 1178
OUT NODE: 1179
IN AREA: 0.095560
OUT AREA: 0.095556
IN FLOW: 0.000000
MAT DATATABLE NAME: MAT1
LOSS TYPE: STENOSIS
BRANCH ANGLE: 0.000000
UPSTREAM SEGMENT: 1177
BRANCH SEGMENT: 0
BOUNDARY CONDITIONS TYPE: NOBOUND
INLET DATA TABLE: NONE
--- 
SEGMENT N.: 1179
NAME: branch0_seg1179
ID: 1179
LENGTH: 0.010135
NUM ELEMENTS: 5
IN NODE: 1179
OUT NODE: 1180
IN AREA: 0.095560
OUT AREA: 0.095559
IN FLOW: 0.000000
MAT DATATABLE NAME: MAT1
LOSS TYPE: STENOSIS
BRANCH ANGLE: 0.000000
UPSTREAM SEGMENT: 1178
BRANCH SEGMENT: 0
BOUNDARY CONDITIONS TYPE: NOBOUND
INLET DATA TABLE: NONE
--- 
SEGMENT N.: 1180
NAME: branch0_seg1180
ID: 1180
LENGTH: 0.010135
NUM ELEMENTS: 5
IN NODE: 1180
OUT NODE: 1181
IN AREA: 0.095560
OUT AREA: 0.095566
IN FLOW: 0.000000
MAT DATATABLE NAME: MAT1
LOSS TYPE: STENOSIS
BRANCH ANGLE: 0.000000
UPSTREAM SEGMENT: 1179
BRANCH SEGMENT: 0
BOUNDARY CONDITIONS TYPE: NOBOUND
INLET DATA TABLE: NONE
--- 
SEGMENT N.: 1181
NAME: branch0_seg1181
ID: 1181
LENGTH: 0.010135
NUM ELEMENTS: 5
IN NODE: 1181
OUT NODE: 1182
IN AREA: 0.095568
OUT AREA: 0.095572
IN FLOW: 0.000000
MAT DATATABLE NAME: MAT1
LOSS TYPE: STENOSIS
BRANCH ANGLE: 0.000000
UPSTREAM SEGMENT: 1180
BRANCH SEGMENT: 0
BOUNDARY CONDITIONS TYPE: NOBOUND
INLET DATA TABLE: NONE
--- 
SEGMENT N.: 1182
NAME: branch0_seg1182
ID: 1182
LENGTH: 0.010135
NUM ELEMENTS: 5
IN NODE: 1182
OUT NODE: 1183
IN AREA: 0.095571
OUT AREA: 0.095574
IN FLOW: 0.000000
MAT DATATABLE NAME: MAT1
LOSS TYPE: STENOSIS
BRANCH ANGLE: 0.000000
UPSTREAM SEGMENT: 1181
BRANCH SEGMENT: 0
BOUNDARY CONDITIONS TYPE: NOBOUND
INLET DATA TABLE: NONE
--- 
SEGMENT N.: 1183
NAME: branch0_seg1183
ID: 1183
LENGTH: 0.010135
NUM ELEMENTS: 5
IN NODE: 1183
OUT NODE: 1184
IN AREA: 0.095579
OUT AREA: 0.095586
IN FLOW: 0.000000
MAT DATATABLE NAME: MAT1
LOSS TYPE: STENOSIS
BRANCH ANGLE: 0.000000
UPSTREAM SEGMENT: 1182
BRANCH SEGMENT: 0
BOUNDARY CONDITIONS TYPE: NOBOUND
INLET DATA TABLE: NONE
--- 
SEGMENT N.: 1184
NAME: branch0_seg1184
ID: 1184
LENGTH: 0.010135
NUM ELEMENTS: 5
IN NODE: 1184
OUT NODE: 1185
IN AREA: 0.095588
OUT AREA: 0.095604
IN FLOW: 0.000000
MAT DATATABLE NAME: MAT1
LOSS TYPE: STENOSIS
BRANCH ANGLE: 0.000000
UPSTREAM SEGMENT: 1183
BRANCH SEGMENT: 0
BOUNDARY CONDITIONS TYPE: NOBOUND
INLET DATA TABLE: NONE
--- 
SEGMENT N.: 1185
NAME: branch0_seg1185
ID: 1185
LENGTH: 0.010135
NUM ELEMENTS: 5
IN NODE: 1185
OUT NODE: 1186
IN AREA: 0.095609
OUT AREA: 0.095626
IN FLOW: 0.000000
MAT DATATABLE NAME: MAT1
LOSS TYPE: STENOSIS
BRANCH ANGLE: 0.000000
UPSTREAM SEGMENT: 1184
BRANCH SEGMENT: 0
BOUNDARY CONDITIONS TYPE: NOBOUND
INLET DATA TABLE: NONE
--- 
SEGMENT N.: 1186
NAME: branch0_seg1186
ID: 1186
LENGTH: 0.010135
NUM ELEMENTS: 5
IN NODE: 1186
OUT NODE: 1187
IN AREA: 0.095627
OUT AREA: 0.095643
IN FLOW: 0.000000
MAT DATATABLE NAME: MAT1
LOSS TYPE: STENOSIS
BRANCH ANGLE: 0.000000
UPSTREAM SEGMENT: 1185
BRANCH SEGMENT: 0
BOUNDARY CONDITIONS TYPE: NOBOUND
INLET DATA TABLE: NONE
--- 
SEGMENT N.: 1187
NAME: branch0_seg1187
ID: 1187
LENGTH: 0.010135
NUM ELEMENTS: 5
IN NODE: 1187
OUT NODE: 1188
IN AREA: 0.095647
OUT AREA: 0.095667
IN FLOW: 0.000000
MAT DATATABLE NAME: MAT1
LOSS TYPE: STENOSIS
BRANCH ANGLE: 0.000000
UPSTREAM SEGMENT: 1186
BRANCH SEGMENT: 0
BOUNDARY CONDITIONS TYPE: NOBOUND
INLET DATA TABLE: NONE
--- 
SEGMENT N.: 1188
NAME: branch0_seg1188
ID: 1188
LENGTH: 0.010135
NUM ELEMENTS: 5
IN NODE: 1188
OUT NODE: 1189
IN AREA: 0.043273
OUT AREA: 0.095672
IN FLOW: 0.000000
MAT DATATABLE NAME: MAT1
LOSS TYPE: STENOSIS
BRANCH ANGLE: 0.000000
UPSTREAM SEGMENT: 1187
BRANCH SEGMENT: 0
BOUNDARY CONDITIONS TYPE: NOBOUND
INLET DATA TABLE: NONE
--- 
SEGMENT N.: 1189
NAME: branch0_seg1189
ID: 1189
LENGTH: 0.010135
NUM ELEMENTS: 5
IN NODE: 1189
OUT NODE: 1190
IN AREA: 0.095672
OUT AREA: 0.095664
IN FLOW: 0.000000
MAT DATATABLE NAME: MAT1
LOSS TYPE: STENOSIS
BRANCH ANGLE: 0.000000
UPSTREAM SEGMENT: 1188
BRANCH SEGMENT: 0
BOUNDARY CONDITIONS TYPE: NOBOUND
INLET DATA TABLE: NONE
--- 
SEGMENT N.: 1190
NAME: branch0_seg1190
ID: 1190
LENGTH: 0.010135
NUM ELEMENTS: 5
IN NODE: 1190
OUT NODE: 1191
IN AREA: 0.095663
OUT AREA: 0.095657
IN FLOW: 0.000000
MAT DATATABLE NAME: MAT1
LOSS TYPE: STENOSIS
BRANCH ANGLE: 0.000000
UPSTREAM SEGMENT: 1189
BRANCH SEGMENT: 0
BOUNDARY CONDITIONS TYPE: NOBOUND
INLET DATA TABLE: NONE
--- 
SEGMENT N.: 1191
NAME: branch0_seg1191
ID: 1191
LENGTH: 0.010135
NUM ELEMENTS: 5
IN NODE: 1191
OUT NODE: 1192
IN AREA: 0.095650
OUT AREA: 0.095637
IN FLOW: 0.000000
MAT DATATABLE NAME: MAT1
LOSS TYPE: STENOSIS
BRANCH ANGLE: 0.000000
UPSTREAM SEGMENT: 1190
BRANCH SEGMENT: 0
BOUNDARY CONDITIONS TYPE: NOBOUND
INLET DATA TABLE: NONE
--- 
SEGMENT N.: 1192
NAME: branch0_seg1192
ID: 1192
LENGTH: 0.010135
NUM ELEMENTS: 5
IN NODE: 1192
OUT NODE: 1193
IN AREA: 0.095635
OUT AREA: 0.086518
IN FLOW: 0.000000
MAT DATATABLE NAME: MAT1
LOSS TYPE: STENOSIS
BRANCH ANGLE: 0.000000
UPSTREAM SEGMENT: 1191
BRANCH SEGMENT: 0
BOUNDARY CONDITIONS TYPE: NOBOUND
INLET DATA TABLE: NONE
--- 
SEGMENT N.: 1193
NAME: branch0_seg1193
ID: 1193
LENGTH: 0.010135
NUM ELEMENTS: 5
IN NODE: 1193
OUT NODE: 1194
IN AREA: 0.095627
OUT AREA: 0.095619
IN FLOW: 0.000000
MAT DATATABLE NAME: MAT1
LOSS TYPE: STENOSIS
BRANCH ANGLE: 0.000000
UPSTREAM SEGMENT: 1192
BRANCH SEGMENT: 0
BOUNDARY CONDITIONS TYPE: NOBOUND
INLET DATA TABLE: NONE
--- 
SEGMENT N.: 1194
NAME: branch0_seg1194
ID: 1194
LENGTH: 0.010135
NUM ELEMENTS: 5
IN NODE: 1194
OUT NODE: 1195
IN AREA: 0.095620
OUT AREA: 0.095610
IN FLOW: 0.000000
MAT DATATABLE NAME: MAT1
LOSS TYPE: STENOSIS
BRANCH ANGLE: 0.000000
UPSTREAM SEGMENT: 1193
BRANCH SEGMENT: 0
BOUNDARY CONDITIONS TYPE: NOBOUND
INLET DATA TABLE: NONE
--- 
SEGMENT N.: 1195
NAME: branch0_seg1195
ID: 1195
LENGTH: 0.010135
NUM ELEMENTS: 5
IN NODE: 1195
OUT NODE: 1196
IN AREA: 0.095606
OUT AREA: 0.095599
IN FLOW: 0.000000
MAT DATATABLE NAME: MAT1
LOSS TYPE: STENOSIS
BRANCH ANGLE: 0.000000
UPSTREAM SEGMENT: 1194
BRANCH SEGMENT: 0
BOUNDARY CONDITIONS TYPE: NOBOUND
INLET DATA TABLE: NONE
--- 
SEGMENT N.: 1196
NAME: branch0_seg1196
ID: 1196
LENGTH: 0.010135
NUM ELEMENTS: 5
IN NODE: 1196
OUT NODE: 1197
IN AREA: 0.095589
OUT AREA: 0.095578
IN FLOW: 0.000000
MAT DATATABLE NAME: MAT1
LOSS TYPE: STENOSIS
BRANCH ANGLE: 0.000000
UPSTREAM SEGMENT: 1195
BRANCH SEGMENT: 0
BOUNDARY CONDITIONS TYPE: NOBOUND
INLET DATA TABLE: NONE
--- 
SEGMENT N.: 1197
NAME: branch0_seg1197
ID: 1197
LENGTH: 0.010135
NUM ELEMENTS: 5
IN NODE: 1197
OUT NODE: 1198
IN AREA: 0.095579
OUT AREA: 0.095573
IN FLOW: 0.000000
MAT DATATABLE NAME: MAT1
LOSS TYPE: STENOSIS
BRANCH ANGLE: 0.000000
UPSTREAM SEGMENT: 1196
BRANCH SEGMENT: 0
BOUNDARY CONDITIONS TYPE: NOBOUND
INLET DATA TABLE: NONE
--- 
SEGMENT N.: 1198
NAME: branch0_seg1198
ID: 1198
LENGTH: 0.010135
NUM ELEMENTS: 5
IN NODE: 1198
OUT NODE: 1199
IN AREA: 0.095577
OUT AREA: 0.095577
IN FLOW: 0.000000
MAT DATATABLE NAME: MAT1
LOSS TYPE: STENOSIS
BRANCH ANGLE: 0.000000
UPSTREAM SEGMENT: 1197
BRANCH SEGMENT: 0
BOUNDARY CONDITIONS TYPE: NOBOUND
INLET DATA TABLE: NONE
--- 
SEGMENT N.: 1199
NAME: branch0_seg1199
ID: 1199
LENGTH: 0.010135
NUM ELEMENTS: 5
IN NODE: 1199
OUT NODE: 1200
IN AREA: 0.095572
OUT AREA: 0.095573
IN FLOW: 0.000000
MAT DATATABLE NAME: MAT1
LOSS TYPE: STENOSIS
BRANCH ANGLE: 0.000000
UPSTREAM SEGMENT: 1198
BRANCH SEGMENT: 0
BOUNDARY CONDITIONS TYPE: NOBOUND
INLET DATA TABLE: NONE
--- 
SEGMENT N.: 1200
NAME: branch0_seg1200
ID: 1200
LENGTH: 0.010135
NUM ELEMENTS: 5
IN NODE: 1200
OUT NODE: 1201
IN AREA: 0.095570
OUT AREA: 0.095566
IN FLOW: 0.000000
MAT DATATABLE NAME: MAT1
LOSS TYPE: STENOSIS
BRANCH ANGLE: 0.000000
UPSTREAM SEGMENT: 1199
BRANCH SEGMENT: 0
BOUNDARY CONDITIONS TYPE: NOBOUND
INLET DATA TABLE: NONE
--- 
SEGMENT N.: 1201
NAME: branch0_seg1201
ID: 1201
LENGTH: 0.010135
NUM ELEMENTS: 5
IN NODE: 1201
OUT NODE: 1202
IN AREA: 0.095566
OUT AREA: 0.039329
IN FLOW: 0.000000
MAT DATATABLE NAME: MAT1
LOSS TYPE: STENOSIS
BRANCH ANGLE: 0.000000
UPSTREAM SEGMENT: 1200
BRANCH SEGMENT: 0
BOUNDARY CONDITIONS TYPE: NOBOUND
INLET DATA TABLE: NONE
--- 
SEGMENT N.: 1202
NAME: branch0_seg1202
ID: 1202
LENGTH: 0.010135
NUM ELEMENTS: 5
IN NODE: 1202
OUT NODE: 1203
IN AREA: 0.095577
OUT AREA: 0.095574
IN FLOW: 0.000000
MAT DATATABLE NAME: MAT1
LOSS TYPE: STENOSIS
BRANCH ANGLE: 0.000000
UPSTREAM SEGMENT: 1201
BRANCH SEGMENT: 0
BOUNDARY CONDITIONS TYPE: NOBOUND
INLET DATA TABLE: NONE
--- 
SEGMENT N.: 1203
NAME: branch0_seg1203
ID: 1203
LENGTH: 0.010135
NUM ELEMENTS: 5
IN NODE: 1203
OUT NODE: 1204
IN AREA: 0.095576
OUT AREA: 0.095582
IN FLOW: 0.000000
MAT DATATABLE NAME: MAT1
LOSS TYPE: STENOSIS
BRANCH ANGLE: 0.000000
UPSTREAM SEGMENT: 1202
BRANCH SEGMENT: 0
BOUNDARY CONDITIONS TYPE: NOBOUND
INLET DATA TABLE: NONE
--- 
SEGMENT N.: 1204
NAME: branch0_seg1204
ID: 1204
LENGTH: 0.010135
NUM ELEMENTS: 5
IN NODE: 1204
OUT NODE: 1205
IN AREA: 0.095584
OUT AREA: 0.095589
IN FLOW: 0.000000
MAT DATATABLE NAME: MAT1
LOSS TYPE: STENOSIS
BRANCH ANGLE: 0.000000
UPSTREAM SEGMENT: 1203
BRANCH SEGMENT: 0
BOUNDARY CONDITIONS TYPE: NOBOUND
INLET DATA TABLE: NONE
--- 
SEGMENT N.: 1205
NAME: branch0_seg1205
ID: 1205
LENGTH: 0.010135
NUM ELEMENTS: 5
IN NODE: 1205
OUT NODE: 1206
IN AREA: 0.095588
OUT AREA: 0.095582
IN FLOW: 0.000000
MAT DATATABLE NAME: MAT1
LOSS TYPE: STENOSIS
BRANCH ANGLE: 0.000000
UPSTREAM SEGMENT: 1204
BRANCH SEGMENT: 0
BOUNDARY CONDITIONS TYPE: NOBOUND
INLET DATA TABLE: NONE
--- 
SEGMENT N.: 1206
NAME: branch0_seg1206
ID: 1206
LENGTH: 0.010135
NUM ELEMENTS: 5
IN NODE: 1206
OUT NODE: 1207
IN AREA: 0.095580
OUT AREA: 0.095583
IN FLOW: 0.000000
MAT DATATABLE NAME: MAT1
LOSS TYPE: STENOSIS
BRANCH ANGLE: 0.000000
UPSTREAM SEGMENT: 1205
BRANCH SEGMENT: 0
BOUNDARY CONDITIONS TYPE: NOBOUND
INLET DATA TABLE: NONE
--- 
SEGMENT N.: 1207
NAME: branch0_seg1207
ID: 1207
LENGTH: 0.010135
NUM ELEMENTS: 5
IN NODE: 1207
OUT NODE: 1208
IN AREA: 0.032402
OUT AREA: 0.095585
IN FLOW: 0.000000
MAT DATATABLE NAME: MAT1
LOSS TYPE: STENOSIS
BRANCH ANGLE: 0.000000
UPSTREAM SEGMENT: 1206
BRANCH SEGMENT: 0
BOUNDARY CONDITIONS TYPE: NOBOUND
INLET DATA TABLE: NONE
--- 
SEGMENT N.: 1208
NAME: branch0_seg1208
ID: 1208
LENGTH: 0.010135
NUM ELEMENTS: 5
IN NODE: 1208
OUT NODE: 1209
IN AREA: 0.095588
OUT AREA: 0.095599
IN FLOW: 0.000000
MAT DATATABLE NAME: MAT1
LOSS TYPE: STENOSIS
BRANCH ANGLE: 0.000000
UPSTREAM SEGMENT: 1207
BRANCH SEGMENT: 0
BOUNDARY CONDITIONS TYPE: NOBOUND
INLET DATA TABLE: NONE
--- 
SEGMENT N.: 1209
NAME: branch0_seg1209
ID: 1209
LENGTH: 0.010135
NUM ELEMENTS: 5
IN NODE: 1209
OUT NODE: 1210
IN AREA: 0.095601
OUT AREA: 0.043293
IN FLOW: 0.000000
MAT DATATABLE NAME: MAT1
LOSS TYPE: STENOSIS
BRANCH ANGLE: 0.000000
UPSTREAM SEGMENT: 1208
BRANCH SEGMENT: 0
BOUNDARY CONDITIONS TYPE: NOBOUND
INLET DATA TABLE: NONE
--- 
SEGMENT N.: 1210
NAME: branch0_seg1210
ID: 1210
LENGTH: 0.010135
NUM ELEMENTS: 5
IN NODE: 1210
OUT NODE: 1211
IN AREA: 0.095600
OUT AREA: 0.095599
IN FLOW: 0.000000
MAT DATATABLE NAME: MAT1
LOSS TYPE: STENOSIS
BRANCH ANGLE: 0.000000
UPSTREAM SEGMENT: 1209
BRANCH SEGMENT: 0
BOUNDARY CONDITIONS TYPE: NOBOUND
INLET DATA TABLE: NONE
--- 
SEGMENT N.: 1211
NAME: branch0_seg1211
ID: 1211
LENGTH: 0.010135
NUM ELEMENTS: 5
IN NODE: 1211
OUT NODE: 1212
IN AREA: 0.095596
OUT AREA: 0.095603
IN FLOW: 0.000000
MAT DATATABLE NAME: MAT1
LOSS TYPE: STENOSIS
BRANCH ANGLE: 0.000000
UPSTREAM SEGMENT: 1210
BRANCH SEGMENT: 0
BOUNDARY CONDITIONS TYPE: NOBOUND
INLET DATA TABLE: NONE
--- 
SEGMENT N.: 1212
NAME: branch0_seg1212
ID: 1212
LENGTH: 0.010135
NUM ELEMENTS: 5
IN NODE: 1212
OUT NODE: 1213
IN AREA: 0.095604
OUT AREA: 0.095610
IN FLOW: 0.000000
MAT DATATABLE NAME: MAT1
LOSS TYPE: STENOSIS
BRANCH ANGLE: 0.000000
UPSTREAM SEGMENT: 1211
BRANCH SEGMENT: 0
BOUNDARY CONDITIONS TYPE: NOBOUND
INLET DATA TABLE: NONE
--- 
SEGMENT N.: 1213
NAME: branch0_seg1213
ID: 1213
LENGTH: 0.010135
NUM ELEMENTS: 5
IN NODE: 1213
OUT NODE: 1214
IN AREA: 0.095610
OUT AREA: 0.095617
IN FLOW: 0.000000
MAT DATATABLE NAME: MAT1
LOSS TYPE: STENOSIS
BRANCH ANGLE: 0.000000
UPSTREAM SEGMENT: 1212
BRANCH SEGMENT: 0
BOUNDARY CONDITIONS TYPE: NOBOUND
INLET DATA TABLE: NONE
--- 
SEGMENT N.: 1214
NAME: branch0_seg1214
ID: 1214
LENGTH: 0.010135
NUM ELEMENTS: 5
IN NODE: 1214
OUT NODE: 1215
IN AREA: 0.095620
OUT AREA: 0.095625
IN FLOW: 0.000000
MAT DATATABLE NAME: MAT1
LOSS TYPE: STENOSIS
BRANCH ANGLE: 0.000000
UPSTREAM SEGMENT: 1213
BRANCH SEGMENT: 0
BOUNDARY CONDITIONS TYPE: NOBOUND
INLET DATA TABLE: NONE
--- 
SEGMENT N.: 1215
NAME: branch0_seg1215
ID: 1215
LENGTH: 0.010135
NUM ELEMENTS: 5
IN NODE: 1215
OUT NODE: 1216
IN AREA: 0.095627
OUT AREA: 0.095633
IN FLOW: 0.000000
MAT DATATABLE NAME: MAT1
LOSS TYPE: STENOSIS
BRANCH ANGLE: 0.000000
UPSTREAM SEGMENT: 1214
BRANCH SEGMENT: 0
BOUNDARY CONDITIONS TYPE: NOBOUND
INLET DATA TABLE: NONE
--- 
SEGMENT N.: 1216
NAME: branch0_seg1216
ID: 1216
LENGTH: 0.010135
NUM ELEMENTS: 5
IN NODE: 1216
OUT NODE: 1217
IN AREA: 0.095634
OUT AREA: 0.095630
IN FLOW: 0.000000
MAT DATATABLE NAME: MAT1
LOSS TYPE: STENOSIS
BRANCH ANGLE: 0.000000
UPSTREAM SEGMENT: 1215
BRANCH SEGMENT: 0
BOUNDARY CONDITIONS TYPE: NOBOUND
INLET DATA TABLE: NONE
--- 
SEGMENT N.: 1217
NAME: branch0_seg1217
ID: 1217
LENGTH: 0.010135
NUM ELEMENTS: 5
IN NODE: 1217
OUT NODE: 1218
IN AREA: 0.095629
OUT AREA: 0.095617
IN FLOW: 0.000000
MAT DATATABLE NAME: MAT1
LOSS TYPE: STENOSIS
BRANCH ANGLE: 0.000000
UPSTREAM SEGMENT: 1216
BRANCH SEGMENT: 0
BOUNDARY CONDITIONS TYPE: NOBOUND
INLET DATA TABLE: NONE
--- 
SEGMENT N.: 1218
NAME: branch0_seg1218
ID: 1218
LENGTH: 0.010135
NUM ELEMENTS: 5
IN NODE: 1218
OUT NODE: 1219
IN AREA: 0.095611
OUT AREA: 0.095578
IN FLOW: 0.000000
MAT DATATABLE NAME: MAT1
LOSS TYPE: STENOSIS
BRANCH ANGLE: 0.000000
UPSTREAM SEGMENT: 1217
BRANCH SEGMENT: 0
BOUNDARY CONDITIONS TYPE: NOBOUND
INLET DATA TABLE: NONE
--- 
SEGMENT N.: 1219
NAME: branch0_seg1219
ID: 1219
LENGTH: 0.010135
NUM ELEMENTS: 5
IN NODE: 1219
OUT NODE: 1220
IN AREA: 0.095573
OUT AREA: 0.095558
IN FLOW: 0.000000
MAT DATATABLE NAME: MAT1
LOSS TYPE: STENOSIS
BRANCH ANGLE: 0.000000
UPSTREAM SEGMENT: 1218
BRANCH SEGMENT: 0
BOUNDARY CONDITIONS TYPE: NOBOUND
INLET DATA TABLE: NONE
--- 
SEGMENT N.: 1220
NAME: branch0_seg1220
ID: 1220
LENGTH: 0.010135
NUM ELEMENTS: 5
IN NODE: 1220
OUT NODE: 1221
IN AREA: 0.095556
OUT AREA: 0.095552
IN FLOW: 0.000000
MAT DATATABLE NAME: MAT1
LOSS TYPE: STENOSIS
BRANCH ANGLE: 0.000000
UPSTREAM SEGMENT: 1219
BRANCH SEGMENT: 0
BOUNDARY CONDITIONS TYPE: NOBOUND
INLET DATA TABLE: NONE
--- 
SEGMENT N.: 1221
NAME: branch0_seg1221
ID: 1221
LENGTH: 0.010135
NUM ELEMENTS: 5
IN NODE: 1221
OUT NODE: 1222
IN AREA: 0.095552
OUT AREA: 0.095559
IN FLOW: 0.000000
MAT DATATABLE NAME: MAT1
LOSS TYPE: STENOSIS
BRANCH ANGLE: 0.000000
UPSTREAM SEGMENT: 1220
BRANCH SEGMENT: 0
BOUNDARY CONDITIONS TYPE: NOBOUND
INLET DATA TABLE: NONE
--- 
SEGMENT N.: 1222
NAME: branch0_seg1222
ID: 1222
LENGTH: 0.010135
NUM ELEMENTS: 5
IN NODE: 1222
OUT NODE: 1223
IN AREA: 0.095560
OUT AREA: 0.095570
IN FLOW: 0.000000
MAT DATATABLE NAME: MAT1
LOSS TYPE: STENOSIS
BRANCH ANGLE: 0.000000
UPSTREAM SEGMENT: 1221
BRANCH SEGMENT: 0
BOUNDARY CONDITIONS TYPE: NOBOUND
INLET DATA TABLE: NONE
--- 
SEGMENT N.: 1223
NAME: branch0_seg1223
ID: 1223
LENGTH: 0.010135
NUM ELEMENTS: 5
IN NODE: 1223
OUT NODE: 1224
IN AREA: 0.095579
OUT AREA: 0.095590
IN FLOW: 0.000000
MAT DATATABLE NAME: MAT1
LOSS TYPE: STENOSIS
BRANCH ANGLE: 0.000000
UPSTREAM SEGMENT: 1222
BRANCH SEGMENT: 0
BOUNDARY CONDITIONS TYPE: NOBOUND
INLET DATA TABLE: NONE
--- 
SEGMENT N.: 1224
NAME: branch0_seg1224
ID: 1224
LENGTH: 0.010135
NUM ELEMENTS: 5
IN NODE: 1224
OUT NODE: 1225
IN AREA: 0.095594
OUT AREA: 0.095593
IN FLOW: 0.000000
MAT DATATABLE NAME: MAT1
LOSS TYPE: STENOSIS
BRANCH ANGLE: 0.000000
UPSTREAM SEGMENT: 1223
BRANCH SEGMENT: 0
BOUNDARY CONDITIONS TYPE: NOBOUND
INLET DATA TABLE: NONE
--- 
SEGMENT N.: 1225
NAME: branch0_seg1225
ID: 1225
LENGTH: 0.010135
NUM ELEMENTS: 5
IN NODE: 1225
OUT NODE: 1226
IN AREA: 0.095595
OUT AREA: 0.095599
IN FLOW: 0.000000
MAT DATATABLE NAME: MAT1
LOSS TYPE: STENOSIS
BRANCH ANGLE: 0.000000
UPSTREAM SEGMENT: 1224
BRANCH SEGMENT: 0
BOUNDARY CONDITIONS TYPE: NOBOUND
INLET DATA TABLE: NONE
--- 
SEGMENT N.: 1226
NAME: branch0_seg1226
ID: 1226
LENGTH: 0.010135
NUM ELEMENTS: 5
IN NODE: 1226
OUT NODE: 1227
IN AREA: 0.095596
OUT AREA: 0.095594
IN FLOW: 0.000000
MAT DATATABLE NAME: MAT1
LOSS TYPE: STENOSIS
BRANCH ANGLE: 0.000000
UPSTREAM SEGMENT: 1225
BRANCH SEGMENT: 0
BOUNDARY CONDITIONS TYPE: NOBOUND
INLET DATA TABLE: NONE
--- 
SEGMENT N.: 1227
NAME: branch0_seg1227
ID: 1227
LENGTH: 0.010135
NUM ELEMENTS: 5
IN NODE: 1227
OUT NODE: 1228
IN AREA: 0.095592
OUT AREA: 0.095607
IN FLOW: 0.000000
MAT DATATABLE NAME: MAT1
LOSS TYPE: STENOSIS
BRANCH ANGLE: 0.000000
UPSTREAM SEGMENT: 1226
BRANCH SEGMENT: 0
BOUNDARY CONDITIONS TYPE: NOBOUND
INLET DATA TABLE: NONE
--- 
SEGMENT N.: 1228
NAME: branch0_seg1228
ID: 1228
LENGTH: 0.010135
NUM ELEMENTS: 5
IN NODE: 1228
OUT NODE: 1229
IN AREA: 0.095610
OUT AREA: 0.095608
IN FLOW: 0.000000
MAT DATATABLE NAME: MAT1
LOSS TYPE: STENOSIS
BRANCH ANGLE: 0.000000
UPSTREAM SEGMENT: 1227
BRANCH SEGMENT: 0
BOUNDARY CONDITIONS TYPE: NOBOUND
INLET DATA TABLE: NONE
--- 
SEGMENT N.: 1229
NAME: branch0_seg1229
ID: 1229
LENGTH: 0.010135
NUM ELEMENTS: 5
IN NODE: 1229
OUT NODE: 1230
IN AREA: 0.095609
OUT AREA: 0.037786
IN FLOW: 0.000000
MAT DATATABLE NAME: MAT1
LOSS TYPE: STENOSIS
BRANCH ANGLE: 0.000000
UPSTREAM SEGMENT: 1228
BRANCH SEGMENT: 0
BOUNDARY CONDITIONS TYPE: NOBOUND
INLET DATA TABLE: NONE
--- 
SEGMENT N.: 1230
NAME: branch0_seg1230
ID: 1230
LENGTH: 0.010135
NUM ELEMENTS: 5
IN NODE: 1230
OUT NODE: 1231
IN AREA: 0.095613
OUT AREA: 0.095624
IN FLOW: 0.000000
MAT DATATABLE NAME: MAT1
LOSS TYPE: STENOSIS
BRANCH ANGLE: 0.000000
UPSTREAM SEGMENT: 1229
BRANCH SEGMENT: 0
BOUNDARY CONDITIONS TYPE: NOBOUND
INLET DATA TABLE: NONE
--- 
SEGMENT N.: 1231
NAME: branch0_seg1231
ID: 1231
LENGTH: 0.010135
NUM ELEMENTS: 5
IN NODE: 1231
OUT NODE: 1232
IN AREA: 0.095622
OUT AREA: 0.095612
IN FLOW: 0.000000
MAT DATATABLE NAME: MAT1
LOSS TYPE: STENOSIS
BRANCH ANGLE: 0.000000
UPSTREAM SEGMENT: 1230
BRANCH SEGMENT: 0
BOUNDARY CONDITIONS TYPE: NOBOUND
INLET DATA TABLE: NONE
--- 
SEGMENT N.: 1232
NAME: branch0_seg1232
ID: 1232
LENGTH: 0.010135
NUM ELEMENTS: 5
IN NODE: 1232
OUT NODE: 1233
IN AREA: 0.095606
OUT AREA: 0.095595
IN FLOW: 0.000000
MAT DATATABLE NAME: MAT1
LOSS TYPE: STENOSIS
BRANCH ANGLE: 0.000000
UPSTREAM SEGMENT: 1231
BRANCH SEGMENT: 0
BOUNDARY CONDITIONS TYPE: NOBOUND
INLET DATA TABLE: NONE
--- 
SEGMENT N.: 1233
NAME: branch0_seg1233
ID: 1233
LENGTH: 0.010135
NUM ELEMENTS: 5
IN NODE: 1233
OUT NODE: 1234
IN AREA: 0.095594
OUT AREA: 0.095588
IN FLOW: 0.000000
MAT DATATABLE NAME: MAT1
LOSS TYPE: STENOSIS
BRANCH ANGLE: 0.000000
UPSTREAM SEGMENT: 1232
BRANCH SEGMENT: 0
BOUNDARY CONDITIONS TYPE: NOBOUND
INLET DATA TABLE: NONE
--- 
SEGMENT N.: 1234
NAME: branch0_seg1234
ID: 1234
LENGTH: 0.010135
NUM ELEMENTS: 5
IN NODE: 1234
OUT NODE: 1235
IN AREA: 0.095588
OUT AREA: 0.095586
IN FLOW: 0.000000
MAT DATATABLE NAME: MAT1
LOSS TYPE: STENOSIS
BRANCH ANGLE: 0.000000
UPSTREAM SEGMENT: 1233
BRANCH SEGMENT: 0
BOUNDARY CONDITIONS TYPE: NOBOUND
INLET DATA TABLE: NONE
--- 
SEGMENT N.: 1235
NAME: branch0_seg1235
ID: 1235
LENGTH: 0.010135
NUM ELEMENTS: 5
IN NODE: 1235
OUT NODE: 1236
IN AREA: 0.090705
OUT AREA: 0.095595
IN FLOW: 0.000000
MAT DATATABLE NAME: MAT1
LOSS TYPE: STENOSIS
BRANCH ANGLE: 0.000000
UPSTREAM SEGMENT: 1234
BRANCH SEGMENT: 0
BOUNDARY CONDITIONS TYPE: NOBOUND
INLET DATA TABLE: NONE
--- 
SEGMENT N.: 1236
NAME: branch0_seg1236
ID: 1236
LENGTH: 0.010135
NUM ELEMENTS: 5
IN NODE: 1236
OUT NODE: 1237
IN AREA: 0.095600
OUT AREA: 0.095600
IN FLOW: 0.000000
MAT DATATABLE NAME: MAT1
LOSS TYPE: STENOSIS
BRANCH ANGLE: 0.000000
UPSTREAM SEGMENT: 1235
BRANCH SEGMENT: 0
BOUNDARY CONDITIONS TYPE: NOBOUND
INLET DATA TABLE: NONE
--- 
SEGMENT N.: 1237
NAME: branch0_seg1237
ID: 1237
LENGTH: 0.010135
NUM ELEMENTS: 5
IN NODE: 1237
OUT NODE: 1238
IN AREA: 0.095607
OUT AREA: 0.095626
IN FLOW: 0.000000
MAT DATATABLE NAME: MAT1
LOSS TYPE: STENOSIS
BRANCH ANGLE: 0.000000
UPSTREAM SEGMENT: 1236
BRANCH SEGMENT: 0
BOUNDARY CONDITIONS TYPE: NOBOUND
INLET DATA TABLE: NONE
--- 
SEGMENT N.: 1238
NAME: branch0_seg1238
ID: 1238
LENGTH: 0.010135
NUM ELEMENTS: 5
IN NODE: 1238
OUT NODE: 1239
IN AREA: 0.095628
OUT AREA: 0.095636
IN FLOW: 0.000000
MAT DATATABLE NAME: MAT1
LOSS TYPE: STENOSIS
BRANCH ANGLE: 0.000000
UPSTREAM SEGMENT: 1237
BRANCH SEGMENT: 0
BOUNDARY CONDITIONS TYPE: NOBOUND
INLET DATA TABLE: NONE
--- 
SEGMENT N.: 1239
NAME: branch0_seg1239
ID: 1239
LENGTH: 0.010135
NUM ELEMENTS: 5
IN NODE: 1239
OUT NODE: 1240
IN AREA: 0.036699
OUT AREA: 0.095650
IN FLOW: 0.000000
MAT DATATABLE NAME: MAT1
LOSS TYPE: STENOSIS
BRANCH ANGLE: 0.000000
UPSTREAM SEGMENT: 1238
BRANCH SEGMENT: 0
BOUNDARY CONDITIONS TYPE: NOBOUND
INLET DATA TABLE: NONE
--- 
SEGMENT N.: 1240
NAME: branch0_seg1240
ID: 1240
LENGTH: 0.010135
NUM ELEMENTS: 5
IN NODE: 1240
OUT NODE: 1241
IN AREA: 0.095651
OUT AREA: 0.095643
IN FLOW: 0.000000
MAT DATATABLE NAME: MAT1
LOSS TYPE: STENOSIS
BRANCH ANGLE: 0.000000
UPSTREAM SEGMENT: 1239
BRANCH SEGMENT: 0
BOUNDARY CONDITIONS TYPE: NOBOUND
INLET DATA TABLE: NONE
--- 
SEGMENT N.: 1241
NAME: branch0_seg1241
ID: 1241
LENGTH: 0.010135
NUM ELEMENTS: 5
IN NODE: 1241
OUT NODE: 1242
IN AREA: 0.095641
OUT AREA: 0.095638
IN FLOW: 0.000000
MAT DATATABLE NAME: MAT1
LOSS TYPE: STENOSIS
BRANCH ANGLE: 0.000000
UPSTREAM SEGMENT: 1240
BRANCH SEGMENT: 0
BOUNDARY CONDITIONS TYPE: NOBOUND
INLET DATA TABLE: NONE
--- 
SEGMENT N.: 1242
NAME: branch0_seg1242
ID: 1242
LENGTH: 0.010135
NUM ELEMENTS: 5
IN NODE: 1242
OUT NODE: 1243
IN AREA: 0.095627
OUT AREA: 0.095610
IN FLOW: 0.000000
MAT DATATABLE NAME: MAT1
LOSS TYPE: STENOSIS
BRANCH ANGLE: 0.000000
UPSTREAM SEGMENT: 1241
BRANCH SEGMENT: 0
BOUNDARY CONDITIONS TYPE: NOBOUND
INLET DATA TABLE: NONE
--- 
SEGMENT N.: 1243
NAME: branch0_seg1243
ID: 1243
LENGTH: 0.010135
NUM ELEMENTS: 5
IN NODE: 1243
OUT NODE: 1244
IN AREA: 0.095598
OUT AREA: 0.095584
IN FLOW: 0.000000
MAT DATATABLE NAME: MAT1
LOSS TYPE: STENOSIS
BRANCH ANGLE: 0.000000
UPSTREAM SEGMENT: 1242
BRANCH SEGMENT: 0
BOUNDARY CONDITIONS TYPE: NOBOUND
INLET DATA TABLE: NONE
--- 
SEGMENT N.: 1244
NAME: branch0_seg1244
ID: 1244
LENGTH: 0.010135
NUM ELEMENTS: 5
IN NODE: 1244
OUT NODE: 1245
IN AREA: 0.095576
OUT AREA: 0.095571
IN FLOW: 0.000000
MAT DATATABLE NAME: MAT1
LOSS TYPE: STENOSIS
BRANCH ANGLE: 0.000000
UPSTREAM SEGMENT: 1243
BRANCH SEGMENT: 0
BOUNDARY CONDITIONS TYPE: NOBOUND
INLET DATA TABLE: NONE
--- 
SEGMENT N.: 1245
NAME: branch0_seg1245
ID: 1245
LENGTH: 0.010135
NUM ELEMENTS: 5
IN NODE: 1245
OUT NODE: 1246
IN AREA: 0.095576
OUT AREA: 0.095592
IN FLOW: 0.000000
MAT DATATABLE NAME: MAT1
LOSS TYPE: STENOSIS
BRANCH ANGLE: 0.000000
UPSTREAM SEGMENT: 1244
BRANCH SEGMENT: 0
BOUNDARY CONDITIONS TYPE: NOBOUND
INLET DATA TABLE: NONE
--- 
SEGMENT N.: 1246
NAME: branch0_seg1246
ID: 1246
LENGTH: 0.010135
NUM ELEMENTS: 5
IN NODE: 1246
OUT NODE: 1247
IN AREA: 0.095598
OUT AREA: 0.095597
IN FLOW: 0.000000
MAT DATATABLE NAME: MAT1
LOSS TYPE: STENOSIS
BRANCH ANGLE: 0.000000
UPSTREAM SEGMENT: 1245
BRANCH SEGMENT: 0
BOUNDARY CONDITIONS TYPE: NOBOUND
INLET DATA TABLE: NONE
--- 
SEGMENT N.: 1247
NAME: branch0_seg1247
ID: 1247
LENGTH: 0.010135
NUM ELEMENTS: 5
IN NODE: 1247
OUT NODE: 1248
IN AREA: 0.095596
OUT AREA: 0.095603
IN FLOW: 0.000000
MAT DATATABLE NAME: MAT1
LOSS TYPE: STENOSIS
BRANCH ANGLE: 0.000000
UPSTREAM SEGMENT: 1246
BRANCH SEGMENT: 0
BOUNDARY CONDITIONS TYPE: NOBOUND
INLET DATA TABLE: NONE
--- 
SEGMENT N.: 1248
NAME: branch0_seg1248
ID: 1248
LENGTH: 0.010135
NUM ELEMENTS: 5
IN NODE: 1248
OUT NODE: 1249
IN AREA: 0.095603
OUT AREA: 0.095597
IN FLOW: 0.000000
MAT DATATABLE NAME: MAT1
LOSS TYPE: STENOSIS
BRANCH ANGLE: 0.000000
UPSTREAM SEGMENT: 1247
BRANCH SEGMENT: 0
BOUNDARY CONDITIONS TYPE: NOBOUND
INLET DATA TABLE: NONE
--- 
SEGMENT N.: 1249
NAME: branch0_seg1249
ID: 1249
LENGTH: 0.010135
NUM ELEMENTS: 5
IN NODE: 1249
OUT NODE: 1250
IN AREA: 0.095592
OUT AREA: 0.095583
IN FLOW: 0.000000
MAT DATATABLE NAME: MAT1
LOSS TYPE: STENOSIS
BRANCH ANGLE: 0.000000
UPSTREAM SEGMENT: 1248
BRANCH SEGMENT: 0
BOUNDARY CONDITIONS TYPE: NOBOUND
INLET DATA TABLE: NONE
--- 
SEGMENT N.: 1250
NAME: branch0_seg1250
ID: 1250
LENGTH: 0.010135
NUM ELEMENTS: 5
IN NODE: 1250
OUT NODE: 1251
IN AREA: 0.055731
OUT AREA: 0.095578
IN FLOW: 0.000000
MAT DATATABLE NAME: MAT1
LOSS TYPE: STENOSIS
BRANCH ANGLE: 0.000000
UPSTREAM SEGMENT: 1249
BRANCH SEGMENT: 0
BOUNDARY CONDITIONS TYPE: NOBOUND
INLET DATA TABLE: NONE
--- 
SEGMENT N.: 1251
NAME: branch0_seg1251
ID: 1251
LENGTH: 0.010135
NUM ELEMENTS: 5
IN NODE: 1251
OUT NODE: 1252
IN AREA: 0.095577
OUT AREA: 0.058582
IN FLOW: 0.000000
MAT DATATABLE NAME: MAT1
LOSS TYPE: STENOSIS
BRANCH ANGLE: 0.000000
UPSTREAM SEGMENT: 1250
BRANCH SEGMENT: 0
BOUNDARY CONDITIONS TYPE: NOBOUND
INLET DATA TABLE: NONE
--- 
SEGMENT N.: 1252
NAME: branch0_seg1252
ID: 1252
LENGTH: 0.010135
NUM ELEMENTS: 5
IN NODE: 1252
OUT NODE: 1253
IN AREA: 0.095578
OUT AREA: 0.095582
IN FLOW: 0.000000
MAT DATATABLE NAME: MAT1
LOSS TYPE: STENOSIS
BRANCH ANGLE: 0.000000
UPSTREAM SEGMENT: 1251
BRANCH SEGMENT: 0
BOUNDARY CONDITIONS TYPE: NOBOUND
INLET DATA TABLE: NONE
--- 
SEGMENT N.: 1253
NAME: branch0_seg1253
ID: 1253
LENGTH: 0.010135
NUM ELEMENTS: 5
IN NODE: 1253
OUT NODE: 1254
IN AREA: 0.095584
OUT AREA: 0.095594
IN FLOW: 0.000000
MAT DATATABLE NAME: MAT1
LOSS TYPE: STENOSIS
BRANCH ANGLE: 0.000000
UPSTREAM SEGMENT: 1252
BRANCH SEGMENT: 0
BOUNDARY CONDITIONS TYPE: NOBOUND
INLET DATA TABLE: NONE
--- 
SEGMENT N.: 1254
NAME: branch0_seg1254
ID: 1254
LENGTH: 0.010135
NUM ELEMENTS: 5
IN NODE: 1254
OUT NODE: 1255
IN AREA: 0.095594
OUT AREA: 0.095605
IN FLOW: 0.000000
MAT DATATABLE NAME: MAT1
LOSS TYPE: STENOSIS
BRANCH ANGLE: 0.000000
UPSTREAM SEGMENT: 1253
BRANCH SEGMENT: 0
BOUNDARY CONDITIONS TYPE: NOBOUND
INLET DATA TABLE: NONE
--- 
SEGMENT N.: 1255
NAME: branch0_seg1255
ID: 1255
LENGTH: 0.010135
NUM ELEMENTS: 5
IN NODE: 1255
OUT NODE: 1256
IN AREA: 0.095608
OUT AREA: 0.093324
IN FLOW: 0.000000
MAT DATATABLE NAME: MAT1
LOSS TYPE: STENOSIS
BRANCH ANGLE: 0.000000
UPSTREAM SEGMENT: 1254
BRANCH SEGMENT: 0
BOUNDARY CONDITIONS TYPE: NOBOUND
INLET DATA TABLE: NONE
--- 
SEGMENT N.: 1256
NAME: branch0_seg1256
ID: 1256
LENGTH: 0.010135
NUM ELEMENTS: 5
IN NODE: 1256
OUT NODE: 1257
IN AREA: 0.095612
OUT AREA: 0.095608
IN FLOW: 0.000000
MAT DATATABLE NAME: MAT1
LOSS TYPE: STENOSIS
BRANCH ANGLE: 0.000000
UPSTREAM SEGMENT: 1255
BRANCH SEGMENT: 0
BOUNDARY CONDITIONS TYPE: NOBOUND
INLET DATA TABLE: NONE
--- 
SEGMENT N.: 1257
NAME: branch0_seg1257
ID: 1257
LENGTH: 0.010135
NUM ELEMENTS: 5
IN NODE: 1257
OUT NODE: 1258
IN AREA: 0.095605
OUT AREA: 0.095598
IN FLOW: 0.000000
MAT DATATABLE NAME: MAT1
LOSS TYPE: STENOSIS
BRANCH ANGLE: 0.000000
UPSTREAM SEGMENT: 1256
BRANCH SEGMENT: 0
BOUNDARY CONDITIONS TYPE: NOBOUND
INLET DATA TABLE: NONE
--- 
SEGMENT N.: 1258
NAME: branch0_seg1258
ID: 1258
LENGTH: 0.010135
NUM ELEMENTS: 5
IN NODE: 1258
OUT NODE: 1259
IN AREA: 0.095595
OUT AREA: 0.095597
IN FLOW: 0.000000
MAT DATATABLE NAME: MAT1
LOSS TYPE: STENOSIS
BRANCH ANGLE: 0.000000
UPSTREAM SEGMENT: 1257
BRANCH SEGMENT: 0
BOUNDARY CONDITIONS TYPE: NOBOUND
INLET DATA TABLE: NONE
--- 
SEGMENT N.: 1259
NAME: branch0_seg1259
ID: 1259
LENGTH: 0.010135
NUM ELEMENTS: 5
IN NODE: 1259
OUT NODE: 1260
IN AREA: 0.095596
OUT AREA: 0.071352
IN FLOW: 0.000000
MAT DATATABLE NAME: MAT1
LOSS TYPE: STENOSIS
BRANCH ANGLE: 0.000000
UPSTREAM SEGMENT: 1258
BRANCH SEGMENT: 0
BOUNDARY CONDITIONS TYPE: NOBOUND
INLET DATA TABLE: NONE
--- 
SEGMENT N.: 1260
NAME: branch0_seg1260
ID: 1260
LENGTH: 0.010135
NUM ELEMENTS: 5
IN NODE: 1260
OUT NODE: 1261
IN AREA: 0.095583
OUT AREA: 0.095583
IN FLOW: 0.000000
MAT DATATABLE NAME: MAT1
LOSS TYPE: STENOSIS
BRANCH ANGLE: 0.000000
UPSTREAM SEGMENT: 1259
BRANCH SEGMENT: 0
BOUNDARY CONDITIONS TYPE: NOBOUND
INLET DATA TABLE: NONE
--- 
SEGMENT N.: 1261
NAME: branch0_seg1261
ID: 1261
LENGTH: 0.010135
NUM ELEMENTS: 5
IN NODE: 1261
OUT NODE: 1262
IN AREA: 0.095584
OUT AREA: 0.095582
IN FLOW: 0.000000
MAT DATATABLE NAME: MAT1
LOSS TYPE: STENOSIS
BRANCH ANGLE: 0.000000
UPSTREAM SEGMENT: 1260
BRANCH SEGMENT: 0
BOUNDARY CONDITIONS TYPE: NOBOUND
INLET DATA TABLE: NONE
--- 
SEGMENT N.: 1262
NAME: branch0_seg1262
ID: 1262
LENGTH: 0.010135
NUM ELEMENTS: 5
IN NODE: 1262
OUT NODE: 1263
IN AREA: 0.095581
OUT AREA: 0.095577
IN FLOW: 0.000000
MAT DATATABLE NAME: MAT1
LOSS TYPE: STENOSIS
BRANCH ANGLE: 0.000000
UPSTREAM SEGMENT: 1261
BRANCH SEGMENT: 0
BOUNDARY CONDITIONS TYPE: NOBOUND
INLET DATA TABLE: NONE
--- 
SEGMENT N.: 1263
NAME: branch0_seg1263
ID: 1263
LENGTH: 0.010135
NUM ELEMENTS: 5
IN NODE: 1263
OUT NODE: 1264
IN AREA: 0.095577
OUT AREA: 0.095579
IN FLOW: 0.000000
MAT DATATABLE NAME: MAT1
LOSS TYPE: STENOSIS
BRANCH ANGLE: 0.000000
UPSTREAM SEGMENT: 1262
BRANCH SEGMENT: 0
BOUNDARY CONDITIONS TYPE: NOBOUND
INLET DATA TABLE: NONE
--- 
SEGMENT N.: 1264
NAME: branch0_seg1264
ID: 1264
LENGTH: 0.010135
NUM ELEMENTS: 5
IN NODE: 1264
OUT NODE: 1265
IN AREA: 0.095577
OUT AREA: 0.095572
IN FLOW: 0.000000
MAT DATATABLE NAME: MAT1
LOSS TYPE: STENOSIS
BRANCH ANGLE: 0.000000
UPSTREAM SEGMENT: 1263
BRANCH SEGMENT: 0
BOUNDARY CONDITIONS TYPE: NOBOUND
INLET DATA TABLE: NONE
--- 
SEGMENT N.: 1265
NAME: branch0_seg1265
ID: 1265
LENGTH: 0.010135
NUM ELEMENTS: 5
IN NODE: 1265
OUT NODE: 1266
IN AREA: 0.041087
OUT AREA: 0.095573
IN FLOW: 0.000000
MAT DATATABLE NAME: MAT1
LOSS TYPE: STENOSIS
BRANCH ANGLE: 0.000000
UPSTREAM SEGMENT: 1264
BRANCH SEGMENT: 0
BOUNDARY CONDITIONS TYPE: NOBOUND
INLET DATA TABLE: NONE
--- 
SEGMENT N.: 1266
NAME: branch0_seg1266
ID: 1266
LENGTH: 0.010135
NUM ELEMENTS: 5
IN NODE: 1266
OUT NODE: 1267
IN AREA: 0.095571
OUT AREA: 0.095561
IN FLOW: 0.000000
MAT DATATABLE NAME: MAT1
LOSS TYPE: STENOSIS
BRANCH ANGLE: 0.000000
UPSTREAM SEGMENT: 1265
BRANCH SEGMENT: 0
BOUNDARY CONDITIONS TYPE: NOBOUND
INLET DATA TABLE: NONE
--- 
SEGMENT N.: 1267
NAME: branch0_seg1267
ID: 1267
LENGTH: 0.010135
NUM ELEMENTS: 5
IN NODE: 1267
OUT NODE: 1268
IN AREA: 0.095563
OUT AREA: 0.086079
IN FLOW: 0.000000
MAT DATATABLE NAME: MAT1
LOSS TYPE: STENOSIS
BRANCH ANGLE: 0.000000
UPSTREAM SEGMENT: 1266
BRANCH SEGMENT: 0
BOUNDARY CONDITIONS TYPE: NOBOUND
INLET DATA TABLE: NONE
--- 
SEGMENT N.: 1268
NAME: branch0_seg1268
ID: 1268
LENGTH: 0.010135
NUM ELEMENTS: 5
IN NODE: 1268
OUT NODE: 1269
IN AREA: 0.095582
OUT AREA: 0.095590
IN FLOW: 0.000000
MAT DATATABLE NAME: MAT1
LOSS TYPE: STENOSIS
BRANCH ANGLE: 0.000000
UPSTREAM SEGMENT: 1267
BRANCH SEGMENT: 0
BOUNDARY CONDITIONS TYPE: NOBOUND
INLET DATA TABLE: NONE
--- 
SEGMENT N.: 1269
NAME: branch0_seg1269
ID: 1269
LENGTH: 0.010135
NUM ELEMENTS: 5
IN NODE: 1269
OUT NODE: 1270
IN AREA: 0.075992
OUT AREA: 0.095586
IN FLOW: 0.000000
MAT DATATABLE NAME: MAT1
LOSS TYPE: STENOSIS
BRANCH ANGLE: 0.000000
UPSTREAM SEGMENT: 1268
BRANCH SEGMENT: 0
BOUNDARY CONDITIONS TYPE: NOBOUND
INLET DATA TABLE: NONE
--- 
SEGMENT N.: 1270
NAME: branch0_seg1270
ID: 1270
LENGTH: 0.010135
NUM ELEMENTS: 5
IN NODE: 1270
OUT NODE: 1271
IN AREA: 0.095585
OUT AREA: 0.095585
IN FLOW: 0.000000
MAT DATATABLE NAME: MAT1
LOSS TYPE: STENOSIS
BRANCH ANGLE: 0.000000
UPSTREAM SEGMENT: 1269
BRANCH SEGMENT: 0
BOUNDARY CONDITIONS TYPE: NOBOUND
INLET DATA TABLE: NONE
--- 
SEGMENT N.: 1271
NAME: branch0_seg1271
ID: 1271
LENGTH: 0.010135
NUM ELEMENTS: 5
IN NODE: 1271
OUT NODE: 1272
IN AREA: 0.095581
OUT AREA: 0.095568
IN FLOW: 0.000000
MAT DATATABLE NAME: MAT1
LOSS TYPE: STENOSIS
BRANCH ANGLE: 0.000000
UPSTREAM SEGMENT: 1270
BRANCH SEGMENT: 0
BOUNDARY CONDITIONS TYPE: NOBOUND
INLET DATA TABLE: NONE
--- 
SEGMENT N.: 1272
NAME: branch0_seg1272
ID: 1272
LENGTH: 0.010135
NUM ELEMENTS: 5
IN NODE: 1272
OUT NODE: 1273
IN AREA: 0.095565
OUT AREA: 0.095574
IN FLOW: 0.000000
MAT DATATABLE NAME: MAT1
LOSS TYPE: STENOSIS
BRANCH ANGLE: 0.000000
UPSTREAM SEGMENT: 1271
BRANCH SEGMENT: 0
BOUNDARY CONDITIONS TYPE: NOBOUND
INLET DATA TABLE: NONE
--- 
SEGMENT N.: 1273
NAME: branch0_seg1273
ID: 1273
LENGTH: 0.010135
NUM ELEMENTS: 5
IN NODE: 1273
OUT NODE: 1274
IN AREA: 0.095574
OUT AREA: 0.095574
IN FLOW: 0.000000
MAT DATATABLE NAME: MAT1
LOSS TYPE: STENOSIS
BRANCH ANGLE: 0.000000
UPSTREAM SEGMENT: 1272
BRANCH SEGMENT: 0
BOUNDARY CONDITIONS TYPE: NOBOUND
INLET DATA TABLE: NONE
--- 
SEGMENT N.: 1274
NAME: branch0_seg1274
ID: 1274
LENGTH: 0.010135
NUM ELEMENTS: 5
IN NODE: 1274
OUT NODE: 1275
IN AREA: 0.095574
OUT AREA: 0.095579
IN FLOW: 0.000000
MAT DATATABLE NAME: MAT1
LOSS TYPE: STENOSIS
BRANCH ANGLE: 0.000000
UPSTREAM SEGMENT: 1273
BRANCH SEGMENT: 0
BOUNDARY CONDITIONS TYPE: NOBOUND
INLET DATA TABLE: NONE
--- 
SEGMENT N.: 1275
NAME: branch0_seg1275
ID: 1275
LENGTH: 0.010135
NUM ELEMENTS: 5
IN NODE: 1275
OUT NODE: 1276
IN AREA: 0.095578
OUT AREA: 0.056455
IN FLOW: 0.000000
MAT DATATABLE NAME: MAT1
LOSS TYPE: STENOSIS
BRANCH ANGLE: 0.000000
UPSTREAM SEGMENT: 1274
BRANCH SEGMENT: 0
BOUNDARY CONDITIONS TYPE: NOBOUND
INLET DATA TABLE: NONE
--- 
SEGMENT N.: 1276
NAME: branch0_seg1276
ID: 1276
LENGTH: 0.010135
NUM ELEMENTS: 5
IN NODE: 1276
OUT NODE: 1277
IN AREA: 0.095570
OUT AREA: 0.042717
IN FLOW: 0.000000
MAT DATATABLE NAME: MAT1
LOSS TYPE: STENOSIS
BRANCH ANGLE: 0.000000
UPSTREAM SEGMENT: 1275
BRANCH SEGMENT: 0
BOUNDARY CONDITIONS TYPE: NOBOUND
INLET DATA TABLE: NONE
--- 
SEGMENT N.: 1277
NAME: branch0_seg1277
ID: 1277
LENGTH: 0.010135
NUM ELEMENTS: 5
IN NODE: 1277
OUT NODE: 1278
IN AREA: 0.095576
OUT AREA: 0.095584
IN FLOW: 0.000000
MAT DATATABLE NAME: MAT1
LOSS TYPE: STENOSIS
BRANCH ANGLE: 0.000000
UPSTREAM SEGMENT: 1276
BRANCH SEGMENT: 0
BOUNDARY CONDITIONS TYPE: NOBOUND
INLET DATA TABLE: NONE
--- 
SEGMENT N.: 1278
NAME: branch0_seg1278
ID: 1278
LENGTH: 0.010135
NUM ELEMENTS: 5
IN NODE: 1278
OUT NODE: 1279
IN AREA: 0.095587
OUT AREA: 0.095594
IN FLOW: 0.000000
MAT DATATABLE NAME: MAT1
LOSS TYPE: STENOSIS
BRANCH ANGLE: 0.000000
UPSTREAM SEGMENT: 1277
BRANCH SEGMENT: 0
BOUNDARY CONDITIONS TYPE: NOBOUND
INLET DATA TABLE: NONE
--- 
SEGMENT N.: 1279
NAME: branch0_seg1279
ID: 1279
LENGTH: 0.010135
NUM ELEMENTS: 5
IN NODE: 1279
OUT NODE: 1280
IN AREA: 0.095611
OUT AREA: 0.095625
IN FLOW: 0.000000
MAT DATATABLE NAME: MAT1
LOSS TYPE: STENOSIS
BRANCH ANGLE: 0.000000
UPSTREAM SEGMENT: 1278
BRANCH SEGMENT: 0
BOUNDARY CONDITIONS TYPE: NOBOUND
INLET DATA TABLE: NONE
--- 
SEGMENT N.: 1280
NAME: branch0_seg1280
ID: 1280
LENGTH: 0.010135
NUM ELEMENTS: 5
IN NODE: 1280
OUT NODE: 1281
IN AREA: 0.081477
OUT AREA: 0.049088
IN FLOW: 0.000000
MAT DATATABLE NAME: MAT1
LOSS TYPE: STENOSIS
BRANCH ANGLE: 0.000000
UPSTREAM SEGMENT: 1279
BRANCH SEGMENT: 0
BOUNDARY CONDITIONS TYPE: NOBOUND
INLET DATA TABLE: NONE
--- 
SEGMENT N.: 1281
NAME: branch0_seg1281
ID: 1281
LENGTH: 0.010135
NUM ELEMENTS: 5
IN NODE: 1281
OUT NODE: 1282
IN AREA: 0.031849
OUT AREA: 0.090226
IN FLOW: 0.000000
MAT DATATABLE NAME: MAT1
LOSS TYPE: STENOSIS
BRANCH ANGLE: 0.000000
UPSTREAM SEGMENT: 1280
BRANCH SEGMENT: 0
BOUNDARY CONDITIONS TYPE: NOBOUND
INLET DATA TABLE: NONE
--- 
SEGMENT N.: 1282
NAME: branch0_seg1282
ID: 1282
LENGTH: 0.010135
NUM ELEMENTS: 5
IN NODE: 1282
OUT NODE: 1283
IN AREA: 0.084451
OUT AREA: 0.092890
IN FLOW: 0.000000
MAT DATATABLE NAME: MAT1
LOSS TYPE: STENOSIS
BRANCH ANGLE: 0.000000
UPSTREAM SEGMENT: 1281
BRANCH SEGMENT: 0
BOUNDARY CONDITIONS TYPE: NOBOUND
INLET DATA TABLE: NONE
--- 
SEGMENT N.: 1283
NAME: branch0_seg1283
ID: 1283
LENGTH: 0.010135
NUM ELEMENTS: 5
IN NODE: 1283
OUT NODE: 1284
IN AREA: 0.095602
OUT AREA: 0.095593
IN FLOW: 0.000000
MAT DATATABLE NAME: MAT1
LOSS TYPE: STENOSIS
BRANCH ANGLE: 0.000000
UPSTREAM SEGMENT: 1282
BRANCH SEGMENT: 0
BOUNDARY CONDITIONS TYPE: NOBOUND
INLET DATA TABLE: NONE
--- 
SEGMENT N.: 1284
NAME: branch0_seg1284
ID: 1284
LENGTH: 0.010135
NUM ELEMENTS: 5
IN NODE: 1284
OUT NODE: 1285
IN AREA: 0.095583
OUT AREA: 0.095594
IN FLOW: 0.000000
MAT DATATABLE NAME: MAT1
LOSS TYPE: STENOSIS
BRANCH ANGLE: 0.000000
UPSTREAM SEGMENT: 1283
BRANCH SEGMENT: 0
BOUNDARY CONDITIONS TYPE: NOBOUND
INLET DATA TABLE: NONE
--- 
SEGMENT N.: 1285
NAME: branch0_seg1285
ID: 1285
LENGTH: 0.010135
NUM ELEMENTS: 5
IN NODE: 1285
OUT NODE: 1286
IN AREA: 0.095597
OUT AREA: 0.095616
IN FLOW: 0.000000
MAT DATATABLE NAME: MAT1
LOSS TYPE: STENOSIS
BRANCH ANGLE: 0.000000
UPSTREAM SEGMENT: 1284
BRANCH SEGMENT: 0
BOUNDARY CONDITIONS TYPE: NOBOUND
INLET DATA TABLE: NONE
--- 
SEGMENT N.: 1286
NAME: branch0_seg1286
ID: 1286
LENGTH: 0.010135
NUM ELEMENTS: 5
IN NODE: 1286
OUT NODE: 1287
IN AREA: 0.095619
OUT AREA: 0.095628
IN FLOW: 0.000000
MAT DATATABLE NAME: MAT1
LOSS TYPE: STENOSIS
BRANCH ANGLE: 0.000000
UPSTREAM SEGMENT: 1285
BRANCH SEGMENT: 0
BOUNDARY CONDITIONS TYPE: NOBOUND
INLET DATA TABLE: NONE
--- 
SEGMENT N.: 1287
NAME: branch0_seg1287
ID: 1287
LENGTH: 0.010135
NUM ELEMENTS: 5
IN NODE: 1287
OUT NODE: 1288
IN AREA: 0.095637
OUT AREA: 0.095637
IN FLOW: 0.000000
MAT DATATABLE NAME: MAT1
LOSS TYPE: STENOSIS
BRANCH ANGLE: 0.000000
UPSTREAM SEGMENT: 1286
BRANCH SEGMENT: 0
BOUNDARY CONDITIONS TYPE: NOBOUND
INLET DATA TABLE: NONE
--- 
SEGMENT N.: 1288
NAME: branch0_seg1288
ID: 1288
LENGTH: 0.010135
NUM ELEMENTS: 5
IN NODE: 1288
OUT NODE: 1289
IN AREA: 0.095639
OUT AREA: 0.095638
IN FLOW: 0.000000
MAT DATATABLE NAME: MAT1
LOSS TYPE: STENOSIS
BRANCH ANGLE: 0.000000
UPSTREAM SEGMENT: 1287
BRANCH SEGMENT: 0
BOUNDARY CONDITIONS TYPE: NOBOUND
INLET DATA TABLE: NONE
--- 
SEGMENT N.: 1289
NAME: branch0_seg1289
ID: 1289
LENGTH: 0.010135
NUM ELEMENTS: 5
IN NODE: 1289
OUT NODE: 1290
IN AREA: 0.095636
OUT AREA: 0.095636
IN FLOW: 0.000000
MAT DATATABLE NAME: MAT1
LOSS TYPE: STENOSIS
BRANCH ANGLE: 0.000000
UPSTREAM SEGMENT: 1288
BRANCH SEGMENT: 0
BOUNDARY CONDITIONS TYPE: NOBOUND
INLET DATA TABLE: NONE
--- 
SEGMENT N.: 1290
NAME: branch0_seg1290
ID: 1290
LENGTH: 0.010135
NUM ELEMENTS: 5
IN NODE: 1290
OUT NODE: 1291
IN AREA: 0.095635
OUT AREA: 0.095625
IN FLOW: 0.000000
MAT DATATABLE NAME: MAT1
LOSS TYPE: STENOSIS
BRANCH ANGLE: 0.000000
UPSTREAM SEGMENT: 1289
BRANCH SEGMENT: 0
BOUNDARY CONDITIONS TYPE: NOBOUND
INLET DATA TABLE: NONE
--- 
SEGMENT N.: 1291
NAME: branch0_seg1291
ID: 1291
LENGTH: 0.010135
NUM ELEMENTS: 5
IN NODE: 1291
OUT NODE: 1292
IN AREA: 0.095618
OUT AREA: 0.095595
IN FLOW: 0.000000
MAT DATATABLE NAME: MAT1
LOSS TYPE: STENOSIS
BRANCH ANGLE: 0.000000
UPSTREAM SEGMENT: 1290
BRANCH SEGMENT: 0
BOUNDARY CONDITIONS TYPE: NOBOUND
INLET DATA TABLE: NONE
--- 
SEGMENT N.: 1292
NAME: branch0_seg1292
ID: 1292
LENGTH: 0.010135
NUM ELEMENTS: 5
IN NODE: 1292
OUT NODE: 1293
IN AREA: 0.095587
OUT AREA: 0.095573
IN FLOW: 0.000000
MAT DATATABLE NAME: MAT1
LOSS TYPE: STENOSIS
BRANCH ANGLE: 0.000000
UPSTREAM SEGMENT: 1291
BRANCH SEGMENT: 0
BOUNDARY CONDITIONS TYPE: NOBOUND
INLET DATA TABLE: NONE
--- 
SEGMENT N.: 1293
NAME: branch0_seg1293
ID: 1293
LENGTH: 0.010135
NUM ELEMENTS: 5
IN NODE: 1293
OUT NODE: 1294
IN AREA: 0.095569
OUT AREA: 0.042225
IN FLOW: 0.000000
MAT DATATABLE NAME: MAT1
LOSS TYPE: STENOSIS
BRANCH ANGLE: 0.000000
UPSTREAM SEGMENT: 1292
BRANCH SEGMENT: 0
BOUNDARY CONDITIONS TYPE: NOBOUND
INLET DATA TABLE: NONE
--- 
SEGMENT N.: 1294
NAME: branch0_seg1294
ID: 1294
LENGTH: 0.010135
NUM ELEMENTS: 5
IN NODE: 1294
OUT NODE: 1295
IN AREA: 0.060935
OUT AREA: 0.091228
IN FLOW: 0.000000
MAT DATATABLE NAME: MAT1
LOSS TYPE: STENOSIS
BRANCH ANGLE: 0.000000
UPSTREAM SEGMENT: 1293
BRANCH SEGMENT: 0
BOUNDARY CONDITIONS TYPE: NOBOUND
INLET DATA TABLE: NONE
--- 
SEGMENT N.: 1295
NAME: branch0_seg1295
ID: 1295
LENGTH: 0.010135
NUM ELEMENTS: 5
IN NODE: 1295
OUT NODE: 1296
IN AREA: 0.095564
OUT AREA: 0.095581
IN FLOW: 0.000000
MAT DATATABLE NAME: MAT1
LOSS TYPE: STENOSIS
BRANCH ANGLE: 0.000000
UPSTREAM SEGMENT: 1294
BRANCH SEGMENT: 0
BOUNDARY CONDITIONS TYPE: NOBOUND
INLET DATA TABLE: NONE
--- 
SEGMENT N.: 1296
NAME: branch0_seg1296
ID: 1296
LENGTH: 0.010135
NUM ELEMENTS: 5
IN NODE: 1296
OUT NODE: 1297
IN AREA: 0.095587
OUT AREA: 0.095591
IN FLOW: 0.000000
MAT DATATABLE NAME: MAT1
LOSS TYPE: STENOSIS
BRANCH ANGLE: 0.000000
UPSTREAM SEGMENT: 1295
BRANCH SEGMENT: 0
BOUNDARY CONDITIONS TYPE: NOBOUND
INLET DATA TABLE: NONE
--- 
SEGMENT N.: 1297
NAME: branch0_seg1297
ID: 1297
LENGTH: 0.010135
NUM ELEMENTS: 5
IN NODE: 1297
OUT NODE: 1298
IN AREA: 0.095581
OUT AREA: 0.095581
IN FLOW: 0.000000
MAT DATATABLE NAME: MAT1
LOSS TYPE: STENOSIS
BRANCH ANGLE: 0.000000
UPSTREAM SEGMENT: 1296
BRANCH SEGMENT: 0
BOUNDARY CONDITIONS TYPE: NOBOUND
INLET DATA TABLE: NONE
--- 
SEGMENT N.: 1298
NAME: branch0_seg1298
ID: 1298
LENGTH: 0.010135
NUM ELEMENTS: 5
IN NODE: 1298
OUT NODE: 1299
IN AREA: 0.095581
OUT AREA: 0.095581
IN FLOW: 0.000000
MAT DATATABLE NAME: MAT1
LOSS TYPE: STENOSIS
BRANCH ANGLE: 0.000000
UPSTREAM SEGMENT: 1297
BRANCH SEGMENT: 0
BOUNDARY CONDITIONS TYPE: NOBOUND
INLET DATA TABLE: NONE
--- 
SEGMENT N.: 1299
NAME: branch0_seg1299
ID: 1299
LENGTH: 0.010135
NUM ELEMENTS: 5
IN NODE: 1299
OUT NODE: 1300
IN AREA: 0.046608
OUT AREA: 0.046608
IN FLOW: 0.000000
MAT DATATABLE NAME: MAT1
LOSS TYPE: STENOSIS
BRANCH ANGLE: 0.000000
UPSTREAM SEGMENT: 1298
BRANCH SEGMENT: 0
BOUNDARY CONDITIONS TYPE: PRESSURE
INLET DATA TABLE: RCR_0
--- 
PRINT SOLVER OPTION DATA
TIME STEP: 0.010000
STEP SIZE: 1
MAX STEP: 100
QUADRATURE POINTS: 2
INLET DATA TABLE: INFLOW
BOUNDARY TYPE: FLOW
CONVERGENCE TOLERANCE: 0.000010
USE IV: 1
USE STABILIZATION: 1
--- 
--- 
MATERIAL NUM: 0
NAME: MAT1
TYPE: LINEAR
DENSITY: 1.060000
VISCOSITY: 0.040000
REF PRESSURE: 0.000000
EXPONENT: 1.000000
PARAM 1: 10000000.000000
PARAM 2: 0.000000
PARAM 3: 0.000000
--- 
JOINTINLET DATA
--- 
JOINTINLET NUM: 0
NAME: IN0
TOTAL : 1
LIST ITEMS
0 

--- 
JOINTINLET NUM: 1
NAME: IN1
TOTAL : 1
LIST ITEMS
1 

--- 
JOINTINLET NUM: 2
NAME: IN2
TOTAL : 1
LIST ITEMS
2 

--- 
JOINTINLET NUM: 3
NAME: IN3
TOTAL : 1
LIST ITEMS
3 

--- 
JOINTINLET NUM: 4
NAME: IN4
TOTAL : 1
LIST ITEMS
4 

--- 
JOINTINLET NUM: 5
NAME: IN5
TOTAL : 1
LIST ITEMS
5 

--- 
JOINTINLET NUM: 6
NAME: IN6
TOTAL : 1
LIST ITEMS
6 

--- 
JOINTINLET NUM: 7
NAME: IN7
TOTAL : 1
LIST ITEMS
7 

--- 
JOINTINLET NUM: 8
NAME: IN8
TOTAL : 1
LIST ITEMS
8 

--- 
JOINTINLET NUM: 9
NAME: IN9
TOTAL : 1
LIST ITEMS
9 

--- 
JOINTINLET NUM: 10
NAME: IN10
TOTAL : 1
LIST ITEMS
10 

--- 
JOINTINLET NUM: 11
NAME: IN11
TOTAL : 1
LIST ITEMS
11 

--- 
JOINTINLET NUM: 12
NAME: IN12
TOTAL : 1
LIST ITEMS
12 

--- 
JOINTINLET NUM: 13
NAME: IN13
TOTAL : 1
LIST ITEMS
13 

--- 
JOINTINLET NUM: 14
NAME: IN14
TOTAL : 1
LIST ITEMS
14 

--- 
JOINTINLET NUM: 15
NAME: IN15
TOTAL : 1
LIST ITEMS
15 

--- 
JOINTINLET NUM: 16
NAME: IN16
TOTAL : 1
LIST ITEMS
16 

--- 
JOINTINLET NUM: 17
NAME: IN17
TOTAL : 1
LIST ITEMS
17 

--- 
JOINTINLET NUM: 18
NAME: IN18
TOTAL : 1
LIST ITEMS
18 

--- 
JOINTINLET NUM: 19
NAME: IN19
TOTAL : 1
LIST ITEMS
19 

--- 
JOINTINLET NUM: 20
NAME: IN20
TOTAL : 1
LIST ITEMS
20 

--- 
JOINTINLET NUM: 21
NAME: IN21
TOTAL : 1
LIST ITEMS
21 

--- 
JOINTINLET NUM: 22
NAME: IN22
TOTAL : 1
LIST ITEMS
22 

--- 
JOINTINLET NUM: 23
NAME: IN23
TOTAL : 1
LIST ITEMS
23 

--- 
JOINTINLET NUM: 24
NAME: IN24
TOTAL : 1
LIST ITEMS
24 

--- 
JOINTINLET NUM: 25
NAME: IN25
TOTAL : 1
LIST ITEMS
25 

--- 
JOINTINLET NUM: 26
NAME: IN26
TOTAL : 1
LIST ITEMS
26 

--- 
JOINTINLET NUM: 27
NAME: IN27
TOTAL : 1
LIST ITEMS
27 

--- 
JOINTINLET NUM: 28
NAME: IN28
TOTAL : 1
LIST ITEMS
28 

--- 
JOINTINLET NUM: 29
NAME: IN29
TOTAL : 1
LIST ITEMS
29 

--- 
JOINTINLET NUM: 30
NAME: IN30
TOTAL : 1
LIST ITEMS
30 

--- 
JOINTINLET NUM: 31
NAME: IN31
TOTAL : 1
LIST ITEMS
31 

--- 
JOINTINLET NUM: 32
NAME: IN32
TOTAL : 1
LIST ITEMS
32 

--- 
JOINTINLET NUM: 33
NAME: IN33
TOTAL : 1
LIST ITEMS
33 

--- 
JOINTINLET NUM: 34
NAME: IN34
TOTAL : 1
LIST ITEMS
34 

--- 
JOINTINLET NUM: 35
NAME: IN35
TOTAL : 1
LIST ITEMS
35 

--- 
JOINTINLET NUM: 36
NAME: IN36
TOTAL : 1
LIST ITEMS
36 

--- 
JOINTINLET NUM: 37
NAME: IN37
TOTAL : 1
LIST ITEMS
37 

--- 
JOINTINLET NUM: 38
NAME: IN38
TOTAL : 1
LIST ITEMS
38 

--- 
JOINTINLET NUM: 39
NAME: IN39
TOTAL : 1
LIST ITEMS
39 

--- 
JOINTINLET NUM: 40
NAME: IN40
TOTAL : 1
LIST ITEMS
40 

--- 
JOINTINLET NUM: 41
NAME: IN41
TOTAL : 1
LIST ITEMS
41 

--- 
JOINTINLET NUM: 42
NAME: IN42
TOTAL : 1
LIST ITEMS
42 

--- 
JOINTINLET NUM: 43
NAME: IN43
TOTAL : 1
LIST ITEMS
43 

--- 
JOINTINLET NUM: 44
NAME: IN44
TOTAL : 1
LIST ITEMS
44 

--- 
JOINTINLET NUM: 45
NAME: IN45
TOTAL : 1
LIST ITEMS
45 

--- 
JOINTINLET NUM: 46
NAME: IN46
TOTAL : 1
LIST ITEMS
46 

--- 
JOINTINLET NUM: 47
NAME: IN47
TOTAL : 1
LIST ITEMS
47 

--- 
JOINTINLET NUM: 48
NAME: IN48
TOTAL : 1
LIST ITEMS
48 

--- 
JOINTINLET NUM: 49
NAME: IN49
TOTAL : 1
LIST ITEMS
49 

--- 
JOINTINLET NUM: 50
NAME: IN50
TOTAL : 1
LIST ITEMS
50 

--- 
JOINTINLET NUM: 51
NAME: IN51
TOTAL : 1
LIST ITEMS
51 

--- 
JOINTINLET NUM: 52
NAME: IN52
TOTAL : 1
LIST ITEMS
52 

--- 
JOINTINLET NUM: 53
NAME: IN53
TOTAL : 1
LIST ITEMS
53 

--- 
JOINTINLET NUM: 54
NAME: IN54
TOTAL : 1
LIST ITEMS
54 

--- 
JOINTINLET NUM: 55
NAME: IN55
TOTAL : 1
LIST ITEMS
55 

--- 
JOINTINLET NUM: 56
NAME: IN56
TOTAL : 1
LIST ITEMS
56 

--- 
JOINTINLET NUM: 57
NAME: IN57
TOTAL : 1
LIST ITEMS
57 

--- 
JOINTINLET NUM: 58
NAME: IN58
TOTAL : 1
LIST ITEMS
58 

--- 
JOINTINLET NUM: 59
NAME: IN59
TOTAL : 1
LIST ITEMS
59 

--- 
JOINTINLET NUM: 60
NAME: IN60
TOTAL : 1
LIST ITEMS
60 

--- 
JOINTINLET NUM: 61
NAME: IN61
TOTAL : 1
LIST ITEMS
61 

--- 
JOINTINLET NUM: 62
NAME: IN62
TOTAL : 1
LIST ITEMS
62 

--- 
JOINTINLET NUM: 63
NAME: IN63
TOTAL : 1
LIST ITEMS
63 

--- 
JOINTINLET NUM: 64
NAME: IN64
TOTAL : 1
LIST ITEMS
64 

--- 
JOINTINLET NUM: 65
NAME: IN65
TOTAL : 1
LIST ITEMS
65 

--- 
JOINTINLET NUM: 66
NAME: IN66
TOTAL : 1
LIST ITEMS
66 

--- 
JOINTINLET NUM: 67
NAME: IN67
TOTAL : 1
LIST ITEMS
67 

--- 
JOINTINLET NUM: 68
NAME: IN68
TOTAL : 1
LIST ITEMS
68 

--- 
JOINTINLET NUM: 69
NAME: IN69
TOTAL : 1
LIST ITEMS
69 

--- 
JOINTINLET NUM: 70
NAME: IN70
TOTAL : 1
LIST ITEMS
70 

--- 
JOINTINLET NUM: 71
NAME: IN71
TOTAL : 1
LIST ITEMS
71 

--- 
JOINTINLET NUM: 72
NAME: IN72
TOTAL : 1
LIST ITEMS
72 

--- 
JOINTINLET NUM: 73
NAME: IN73
TOTAL : 1
LIST ITEMS
73 

--- 
JOINTINLET NUM: 74
NAME: IN74
TOTAL : 1
LIST ITEMS
74 

--- 
JOINTINLET NUM: 75
NAME: IN75
TOTAL : 1
LIST ITEMS
75 

--- 
JOINTINLET NUM: 76
NAME: IN76
TOTAL : 1
LIST ITEMS
76 

--- 
JOINTINLET NUM: 77
NAME: IN77
TOTAL : 1
LIST ITEMS
77 

--- 
JOINTINLET NUM: 78
NAME: IN78
TOTAL : 1
LIST ITEMS
78 

--- 
JOINTINLET NUM: 79
NAME: IN79
TOTAL : 1
LIST ITEMS
79 

--- 
JOINTINLET NUM: 80
NAME: IN80
TOTAL : 1
LIST ITEMS
80 

--- 
JOINTINLET NUM: 81
NAME: IN81
TOTAL : 1
LIST ITEMS
81 

--- 
JOINTINLET NUM: 82
NAME: IN82
TOTAL : 1
LIST ITEMS
82 

--- 
JOINTINLET NUM: 83
NAME: IN83
TOTAL : 1
LIST ITEMS
83 

--- 
JOINTINLET NUM: 84
NAME: IN84
TOTAL : 1
LIST ITEMS
84 

--- 
JOINTINLET NUM: 85
NAME: IN85
TOTAL : 1
LIST ITEMS
85 

--- 
JOINTINLET NUM: 86
NAME: IN86
TOTAL : 1
LIST ITEMS
86 

--- 
JOINTINLET NUM: 87
NAME: IN87
TOTAL : 1
LIST ITEMS
87 

--- 
JOINTINLET NUM: 88
NAME: IN88
TOTAL : 1
LIST ITEMS
88 

--- 
JOINTINLET NUM: 89
NAME: IN89
TOTAL : 1
LIST ITEMS
89 

--- 
JOINTINLET NUM: 90
NAME: IN90
TOTAL : 1
LIST ITEMS
90 

--- 
JOINTINLET NUM: 91
NAME: IN91
TOTAL : 1
LIST ITEMS
91 

--- 
JOINTINLET NUM: 92
NAME: IN92
TOTAL : 1
LIST ITEMS
92 

--- 
JOINTINLET NUM: 93
NAME: IN93
TOTAL : 1
LIST ITEMS
93 

--- 
JOINTINLET NUM: 94
NAME: IN94
TOTAL : 1
LIST ITEMS
94 

--- 
JOINTINLET NUM: 95
NAME: IN95
TOTAL : 1
LIST ITEMS
95 

--- 
JOINTINLET NUM: 96
NAME: IN96
TOTAL : 1
LIST ITEMS
96 

--- 
JOINTINLET NUM: 97
NAME: IN97
TOTAL : 1
LIST ITEMS
97 

--- 
JOINTINLET NUM: 98
NAME: IN98
TOTAL : 1
LIST ITEMS
98 

--- 
JOINTINLET NUM: 99
NAME: IN99
TOTAL : 1
LIST ITEMS
99 

--- 
JOINTINLET NUM: 100
NAME: IN100
TOTAL : 1
LIST ITEMS
100 

--- 
JOINTINLET NUM: 101
NAME: IN101
TOTAL : 1
LIST ITEMS
101 

--- 
JOINTINLET NUM: 102
NAME: IN102
TOTAL : 1
LIST ITEMS
102 

--- 
JOINTINLET NUM: 103
NAME: IN103
TOTAL : 1
LIST ITEMS
103 

--- 
JOINTINLET NUM: 104
NAME: IN104
TOTAL : 1
LIST ITEMS
104 

--- 
JOINTINLET NUM: 105
NAME: IN105
TOTAL : 1
LIST ITEMS
105 

--- 
JOINTINLET NUM: 106
NAME: IN106
TOTAL : 1
LIST ITEMS
106 

--- 
JOINTINLET NUM: 107
NAME: IN107
TOTAL : 1
LIST ITEMS
107 

--- 
JOINTINLET NUM: 108
NAME: IN108
TOTAL : 1
LIST ITEMS
108 

--- 
JOINTINLET NUM: 109
NAME: IN109
TOTAL : 1
LIST ITEMS
109 

--- 
JOINTINLET NUM: 110
NAME: IN110
TOTAL : 1
LIST ITEMS
110 

--- 
JOINTINLET NUM: 111
NAME: IN111
TOTAL : 1
LIST ITEMS
111 

--- 
JOINTINLET NUM: 112
NAME: IN112
TOTAL : 1
LIST ITEMS
112 

--- 
JOINTINLET NUM: 113
NAME: IN113
TOTAL : 1
LIST ITEMS
113 

--- 
JOINTINLET NUM: 114
NAME: IN114
TOTAL : 1
LIST ITEMS
114 

--- 
JOINTINLET NUM: 115
NAME: IN115
TOTAL : 1
LIST ITEMS
115 

--- 
JOINTINLET NUM: 116
NAME: IN116
TOTAL : 1
LIST ITEMS
116 

--- 
JOINTINLET NUM: 117
NAME: IN117
TOTAL : 1
LIST ITEMS
117 

--- 
JOINTINLET NUM: 118
NAME: IN118
TOTAL : 1
LIST ITEMS
118 

--- 
JOINTINLET NUM: 119
NAME: IN119
TOTAL : 1
LIST ITEMS
119 

--- 
JOINTINLET NUM: 120
NAME: IN120
TOTAL : 1
LIST ITEMS
120 

--- 
JOINTINLET NUM: 121
NAME: IN121
TOTAL : 1
LIST ITEMS
121 

--- 
JOINTINLET NUM: 122
NAME: IN122
TOTAL : 1
LIST ITEMS
122 

--- 
JOINTINLET NUM: 123
NAME: IN123
TOTAL : 1
LIST ITEMS
123 

--- 
JOINTINLET NUM: 124
NAME: IN124
TOTAL : 1
LIST ITEMS
124 

--- 
JOINTINLET NUM: 125
NAME: IN125
TOTAL : 1
LIST ITEMS
125 

--- 
JOINTINLET NUM: 126
NAME: IN126
TOTAL : 1
LIST ITEMS
126 

--- 
JOINTINLET NUM: 127
NAME: IN127
TOTAL : 1
LIST ITEMS
127 

--- 
JOINTINLET NUM: 128
NAME: IN128
TOTAL : 1
LIST ITEMS
128 

--- 
JOINTINLET NUM: 129
NAME: IN129
TOTAL : 1
LIST ITEMS
129 

--- 
JOINTINLET NUM: 130
NAME: IN130
TOTAL : 1
LIST ITEMS
130 

--- 
JOINTINLET NUM: 131
NAME: IN131
TOTAL : 1
LIST ITEMS
131 

--- 
JOINTINLET NUM: 132
NAME: IN132
TOTAL : 1
LIST ITEMS
132 

--- 
JOINTINLET NUM: 133
NAME: IN133
TOTAL : 1
LIST ITEMS
133 

--- 
JOINTINLET NUM: 134
NAME: IN134
TOTAL : 1
LIST ITEMS
134 

--- 
JOINTINLET NUM: 135
NAME: IN135
TOTAL : 1
LIST ITEMS
135 

--- 
JOINTINLET NUM: 136
NAME: IN136
TOTAL : 1
LIST ITEMS
136 

--- 
JOINTINLET NUM: 137
NAME: IN137
TOTAL : 1
LIST ITEMS
137 

--- 
JOINTINLET NUM: 138
NAME: IN138
TOTAL : 1
LIST ITEMS
138 

--- 
JOINTINLET NUM: 139
NAME: IN139
TOTAL : 1
LIST ITEMS
139 

--- 
JOINTINLET NUM: 140
NAME: IN140
TOTAL : 1
LIST ITEMS
140 

--- 
JOINTINLET NUM: 141
NAME: IN141
TOTAL : 1
LIST ITEMS
141 

--- 
JOINTINLET NUM: 142
NAME: IN142
TOTAL : 1
LIST ITEMS
142 

--- 
JOINTINLET NUM: 143
NAME: IN143
TOTAL : 1
LIST ITEMS
143 

--- 
JOINTINLET NUM: 144
NAME: IN144
TOTAL : 1
LIST ITEMS
144 

--- 
JOINTINLET NUM: 145
NAME: IN145
TOTAL : 1
LIST ITEMS
145 

--- 
JOINTINLET NUM: 146
NAME: IN146
TOTAL : 1
LIST ITEMS
146 

--- 
JOINTINLET NUM: 147
NAME: IN147
TOTAL : 1
LIST ITEMS
147 

--- 
JOINTINLET NUM: 148
NAME: IN148
TOTAL : 1
LIST ITEMS
148 

--- 
JOINTINLET NUM: 149
NAME: IN149
TOTAL : 1
LIST ITEMS
149 

--- 
JOINTINLET NUM: 150
NAME: IN150
TOTAL : 1
LIST ITEMS
150 

--- 
JOINTINLET NUM: 151
NAME: IN151
TOTAL : 1
LIST ITEMS
151 

--- 
JOINTINLET NUM: 152
NAME: IN152
TOTAL : 1
LIST ITEMS
152 

--- 
JOINTINLET NUM: 153
NAME: IN153
TOTAL : 1
LIST ITEMS
153 

--- 
JOINTINLET NUM: 154
NAME: IN154
TOTAL : 1
LIST ITEMS
154 

--- 
JOINTINLET NUM: 155
NAME: IN155
TOTAL : 1
LIST ITEMS
155 

--- 
JOINTINLET NUM: 156
NAME: IN156
TOTAL : 1
LIST ITEMS
156 

--- 
JOINTINLET NUM: 157
NAME: IN157
TOTAL : 1
LIST ITEMS
157 

--- 
JOINTINLET NUM: 158
NAME: IN158
TOTAL : 1
LIST ITEMS
158 

--- 
JOINTINLET NUM: 159
NAME: IN159
TOTAL : 1
LIST ITEMS
159 

--- 
JOINTINLET NUM: 160
NAME: IN160
TOTAL : 1
LIST ITEMS
160 

--- 
JOINTINLET NUM: 161
NAME: IN161
TOTAL : 1
LIST ITEMS
161 

--- 
JOINTINLET NUM: 162
NAME: IN162
TOTAL : 1
LIST ITEMS
162 

--- 
JOINTINLET NUM: 163
NAME: IN163
TOTAL : 1
LIST ITEMS
163 

--- 
JOINTINLET NUM: 164
NAME: IN164
TOTAL : 1
LIST ITEMS
164 

--- 
JOINTINLET NUM: 165
NAME: IN165
TOTAL : 1
LIST ITEMS
165 

--- 
JOINTINLET NUM: 166
NAME: IN166
TOTAL : 1
LIST ITEMS
166 

--- 
JOINTINLET NUM: 167
NAME: IN167
TOTAL : 1
LIST ITEMS
167 

--- 
JOINTINLET NUM: 168
NAME: IN168
TOTAL : 1
LIST ITEMS
168 

--- 
JOINTINLET NUM: 169
NAME: IN169
TOTAL : 1
LIST ITEMS
169 

--- 
JOINTINLET NUM: 170
NAME: IN170
TOTAL : 1
LIST ITEMS
170 

--- 
JOINTINLET NUM: 171
NAME: IN171
TOTAL : 1
LIST ITEMS
171 

--- 
JOINTINLET NUM: 172
NAME: IN172
TOTAL : 1
LIST ITEMS
172 

--- 
JOINTINLET NUM: 173
NAME: IN173
TOTAL : 1
LIST ITEMS
173 

--- 
JOINTINLET NUM: 174
NAME: IN174
TOTAL : 1
LIST ITEMS
174 

--- 
JOINTINLET NUM: 175
NAME: IN175
TOTAL : 1
LIST ITEMS
175 

--- 
JOINTINLET NUM: 176
NAME: IN176
TOTAL : 1
LIST ITEMS
176 

--- 
JOINTINLET NUM: 177
NAME: IN177
TOTAL : 1
LIST ITEMS
177 

--- 
JOINTINLET NUM: 178
NAME: IN178
TOTAL : 1
LIST ITEMS
178 

--- 
JOINTINLET NUM: 179
NAME: IN179
TOTAL : 1
LIST ITEMS
179 

--- 
JOINTINLET NUM: 180
NAME: IN180
TOTAL : 1
LIST ITEMS
180 

--- 
JOINTINLET NUM: 181
NAME: IN181
TOTAL : 1
LIST ITEMS
181 

--- 
JOINTINLET NUM: 182
NAME: IN182
TOTAL : 1
LIST ITEMS
182 

--- 
JOINTINLET NUM: 183
NAME: IN183
TOTAL : 1
LIST ITEMS
183 

--- 
JOINTINLET NUM: 184
NAME: IN184
TOTAL : 1
LIST ITEMS
184 

--- 
JOINTINLET NUM: 185
NAME: IN185
TOTAL : 1
LIST ITEMS
185 

--- 
JOINTINLET NUM: 186
NAME: IN186
TOTAL : 1
LIST ITEMS
186 

--- 
JOINTINLET NUM: 187
NAME: IN187
TOTAL : 1
LIST ITEMS
187 

--- 
JOINTINLET NUM: 188
NAME: IN188
TOTAL : 1
LIST ITEMS
188 

--- 
JOINTINLET NUM: 189
NAME: IN189
TOTAL : 1
LIST ITEMS
189 

--- 
JOINTINLET NUM: 190
NAME: IN190
TOTAL : 1
LIST ITEMS
190 

--- 
JOINTINLET NUM: 191
NAME: IN191
TOTAL : 1
LIST ITEMS
191 

--- 
JOINTINLET NUM: 192
NAME: IN192
TOTAL : 1
LIST ITEMS
192 

--- 
JOINTINLET NUM: 193
NAME: IN193
TOTAL : 1
LIST ITEMS
193 

--- 
JOINTINLET NUM: 194
NAME: IN194
TOTAL : 1
LIST ITEMS
194 

--- 
JOINTINLET NUM: 195
NAME: IN195
TOTAL : 1
LIST ITEMS
195 

--- 
JOINTINLET NUM: 196
NAME: IN196
TOTAL : 1
LIST ITEMS
196 

--- 
JOINTINLET NUM: 197
NAME: IN197
TOTAL : 1
LIST ITEMS
197 

--- 
JOINTINLET NUM: 198
NAME: IN198
TOTAL : 1
LIST ITEMS
198 

--- 
JOINTINLET NUM: 199
NAME: IN199
TOTAL : 1
LIST ITEMS
199 

--- 
JOINTINLET NUM: 200
NAME: IN200
TOTAL : 1
LIST ITEMS
200 

--- 
JOINTINLET NUM: 201
NAME: IN201
TOTAL : 1
LIST ITEMS
201 

--- 
JOINTINLET NUM: 202
NAME: IN202
TOTAL : 1
LIST ITEMS
202 

--- 
JOINTINLET NUM: 203
NAME: IN203
TOTAL : 1
LIST ITEMS
203 

--- 
JOINTINLET NUM: 204
NAME: IN204
TOTAL : 1
LIST ITEMS
204 

--- 
JOINTINLET NUM: 205
NAME: IN205
TOTAL : 1
LIST ITEMS
205 

--- 
JOINTINLET NUM: 206
NAME: IN206
TOTAL : 1
LIST ITEMS
206 

--- 
JOINTINLET NUM: 207
NAME: IN207
TOTAL : 1
LIST ITEMS
207 

--- 
JOINTINLET NUM: 208
NAME: IN208
TOTAL : 1
LIST ITEMS
208 

--- 
JOINTINLET NUM: 209
NAME: IN209
TOTAL : 1
LIST ITEMS
209 

--- 
JOINTINLET NUM: 210
NAME: IN210
TOTAL : 1
LIST ITEMS
210 

--- 
JOINTINLET NUM: 211
NAME: IN211
TOTAL : 1
LIST ITEMS
211 

--- 
JOINTINLET NUM: 212
NAME: IN212
TOTAL : 1
LIST ITEMS
212 

--- 
JOINTINLET NUM: 213
NAME: IN213
TOTAL : 1
LIST ITEMS
213 

--- 
JOINTINLET NUM: 214
NAME: IN214
TOTAL : 1
LIST ITEMS
214 

--- 
JOINTINLET NUM: 215
NAME: IN215
TOTAL : 1
LIST ITEMS
215 

--- 
JOINTINLET NUM: 216
NAME: IN216
TOTAL : 1
LIST ITEMS
216 

--- 
JOINTINLET NUM: 217
NAME: IN217
TOTAL : 1
LIST ITEMS
217 

--- 
JOINTINLET NUM: 218
NAME: IN218
TOTAL : 1
LIST ITEMS
218 

--- 
JOINTINLET NUM: 219
NAME: IN219
TOTAL : 1
LIST ITEMS
219 

--- 
JOINTINLET NUM: 220
NAME: IN220
TOTAL : 1
LIST ITEMS
220 

--- 
JOINTINLET NUM: 221
NAME: IN221
TOTAL : 1
LIST ITEMS
221 

--- 
JOINTINLET NUM: 222
NAME: IN222
TOTAL : 1
LIST ITEMS
222 

--- 
JOINTINLET NUM: 223
NAME: IN223
TOTAL : 1
LIST ITEMS
223 

--- 
JOINTINLET NUM: 224
NAME: IN224
TOTAL : 1
LIST ITEMS
224 

--- 
JOINTINLET NUM: 225
NAME: IN225
TOTAL : 1
LIST ITEMS
225 

--- 
JOINTINLET NUM: 226
NAME: IN226
TOTAL : 1
LIST ITEMS
226 

--- 
JOINTINLET NUM: 227
NAME: IN227
TOTAL : 1
LIST ITEMS
227 

--- 
JOINTINLET NUM: 228
NAME: IN228
TOTAL : 1
LIST ITEMS
228 

--- 
JOINTINLET NUM: 229
NAME: IN229
TOTAL : 1
LIST ITEMS
229 

--- 
JOINTINLET NUM: 230
NAME: IN230
TOTAL : 1
LIST ITEMS
230 

--- 
JOINTINLET NUM: 231
NAME: IN231
TOTAL : 1
LIST ITEMS
231 

--- 
JOINTINLET NUM: 232
NAME: IN232
TOTAL : 1
LIST ITEMS
232 

--- 
JOINTINLET NUM: 233
NAME: IN233
TOTAL : 1
LIST ITEMS
233 

--- 
JOINTINLET NUM: 234
NAME: IN234
TOTAL : 1
LIST ITEMS
234 

--- 
JOINTINLET NUM: 235
NAME: IN235
TOTAL : 1
LIST ITEMS
235 

--- 
JOINTINLET NUM: 236
NAME: IN236
TOTAL : 1
LIST ITEMS
236 

--- 
JOINTINLET NUM: 237
NAME: IN237
TOTAL : 1
LIST ITEMS
237 

--- 
JOINTINLET NUM: 238
NAME: IN238
TOTAL : 1
LIST ITEMS
238 

--- 
JOINTINLET NUM: 239
NAME: IN239
TOTAL : 1
LIST ITEMS
239 

--- 
JOINTINLET NUM: 240
NAME: IN240
TOTAL : 1
LIST ITEMS
240 

--- 
JOINTINLET NUM: 241
NAME: IN241
TOTAL : 1
LIST ITEMS
241 

--- 
JOINTINLET NUM: 242
NAME: IN242
TOTAL : 1
LIST ITEMS
242 

--- 
JOINTINLET NUM: 243
NAME: IN243
TOTAL : 1
LIST ITEMS
243 

--- 
JOINTINLET NUM: 244
NAME: IN244
TOTAL : 1
LIST ITEMS
244 

--- 
JOINTINLET NUM: 245
NAME: IN245
TOTAL : 1
LIST ITEMS
245 

--- 
JOINTINLET NUM: 246
NAME: IN246
TOTAL : 1
LIST ITEMS
246 

--- 
JOINTINLET NUM: 247
NAME: IN247
TOTAL : 1
LIST ITEMS
247 

--- 
JOINTINLET NUM: 248
NAME: IN248
TOTAL : 1
LIST ITEMS
248 

--- 
JOINTINLET NUM: 249
NAME: IN249
TOTAL : 1
LIST ITEMS
249 

--- 
JOINTINLET NUM: 250
NAME: IN250
TOTAL : 1
LIST ITEMS
250 

--- 
JOINTINLET NUM: 251
NAME: IN251
TOTAL : 1
LIST ITEMS
251 

--- 
JOINTINLET NUM: 252
NAME: IN252
TOTAL : 1
LIST ITEMS
252 

--- 
JOINTINLET NUM: 253
NAME: IN253
TOTAL : 1
LIST ITEMS
253 

--- 
JOINTINLET NUM: 254
NAME: IN254
TOTAL : 1
LIST ITEMS
254 

--- 
JOINTINLET NUM: 255
NAME: IN255
TOTAL : 1
LIST ITEMS
255 

--- 
JOINTINLET NUM: 256
NAME: IN256
TOTAL : 1
LIST ITEMS
256 

--- 
JOINTINLET NUM: 257
NAME: IN257
TOTAL : 1
LIST ITEMS
257 

--- 
JOINTINLET NUM: 258
NAME: IN258
TOTAL : 1
LIST ITEMS
258 

--- 
JOINTINLET NUM: 259
NAME: IN259
TOTAL : 1
LIST ITEMS
259 

--- 
JOINTINLET NUM: 260
NAME: IN260
TOTAL : 1
LIST ITEMS
260 

--- 
JOINTINLET NUM: 261
NAME: IN261
TOTAL : 1
LIST ITEMS
261 

--- 
JOINTINLET NUM: 262
NAME: IN262
TOTAL : 1
LIST ITEMS
262 

--- 
JOINTINLET NUM: 263
NAME: IN263
TOTAL : 1
LIST ITEMS
263 

--- 
JOINTINLET NUM: 264
NAME: IN264
TOTAL : 1
LIST ITEMS
264 

--- 
JOINTINLET NUM: 265
NAME: IN265
TOTAL : 1
LIST ITEMS
265 

--- 
JOINTINLET NUM: 266
NAME: IN266
TOTAL : 1
LIST ITEMS
266 

--- 
JOINTINLET NUM: 267
NAME: IN267
TOTAL : 1
LIST ITEMS
267 

--- 
JOINTINLET NUM: 268
NAME: IN268
TOTAL : 1
LIST ITEMS
268 

--- 
JOINTINLET NUM: 269
NAME: IN269
TOTAL : 1
LIST ITEMS
269 

--- 
JOINTINLET NUM: 270
NAME: IN270
TOTAL : 1
LIST ITEMS
270 

--- 
JOINTINLET NUM: 271
NAME: IN271
TOTAL : 1
LIST ITEMS
271 

--- 
JOINTINLET NUM: 272
NAME: IN272
TOTAL : 1
LIST ITEMS
272 

--- 
JOINTINLET NUM: 273
NAME: IN273
TOTAL : 1
LIST ITEMS
273 

--- 
JOINTINLET NUM: 274
NAME: IN274
TOTAL : 1
LIST ITEMS
274 

--- 
JOINTINLET NUM: 275
NAME: IN275
TOTAL : 1
LIST ITEMS
275 

--- 
JOINTINLET NUM: 276
NAME: IN276
TOTAL : 1
LIST ITEMS
276 

--- 
JOINTINLET NUM: 277
NAME: IN277
TOTAL : 1
LIST ITEMS
277 

--- 
JOINTINLET NUM: 278
NAME: IN278
TOTAL : 1
LIST ITEMS
278 

--- 
JOINTINLET NUM: 279
NAME: IN279
TOTAL : 1
LIST ITEMS
279 

--- 
JOINTINLET NUM: 280
NAME: IN280
TOTAL : 1
LIST ITEMS
280 

--- 
JOINTINLET NUM: 281
NAME: IN281
TOTAL : 1
LIST ITEMS
281 

--- 
JOINTINLET NUM: 282
NAME: IN282
TOTAL : 1
LIST ITEMS
282 

--- 
JOINTINLET NUM: 283
NAME: IN283
TOTAL : 1
LIST ITEMS
283 

--- 
JOINTINLET NUM: 284
NAME: IN284
TOTAL : 1
LIST ITEMS
284 

--- 
JOINTINLET NUM: 285
NAME: IN285
TOTAL : 1
LIST ITEMS
285 

--- 
JOINTINLET NUM: 286
NAME: IN286
TOTAL : 1
LIST ITEMS
286 

--- 
JOINTINLET NUM: 287
NAME: IN287
TOTAL : 1
LIST ITEMS
287 

--- 
JOINTINLET NUM: 288
NAME: IN288
TOTAL : 1
LIST ITEMS
288 

--- 
JOINTINLET NUM: 289
NAME: IN289
TOTAL : 1
LIST ITEMS
289 

--- 
JOINTINLET NUM: 290
NAME: IN290
TOTAL : 1
LIST ITEMS
290 

--- 
JOINTINLET NUM: 291
NAME: IN291
TOTAL : 1
LIST ITEMS
291 

--- 
JOINTINLET NUM: 292
NAME: IN292
TOTAL : 1
LIST ITEMS
292 

--- 
JOINTINLET NUM: 293
NAME: IN293
TOTAL : 1
LIST ITEMS
293 

--- 
JOINTINLET NUM: 294
NAME: IN294
TOTAL : 1
LIST ITEMS
294 

--- 
JOINTINLET NUM: 295
NAME: IN295
TOTAL : 1
LIST ITEMS
295 

--- 
JOINTINLET NUM: 296
NAME: IN296
TOTAL : 1
LIST ITEMS
296 

--- 
JOINTINLET NUM: 297
NAME: IN297
TOTAL : 1
LIST ITEMS
297 

--- 
JOINTINLET NUM: 298
NAME: IN298
TOTAL : 1
LIST ITEMS
298 

--- 
JOINTINLET NUM: 299
NAME: IN299
TOTAL : 1
LIST ITEMS
299 

--- 
JOINTINLET NUM: 300
NAME: IN300
TOTAL : 1
LIST ITEMS
300 

--- 
JOINTINLET NUM: 301
NAME: IN301
TOTAL : 1
LIST ITEMS
301 

--- 
JOINTINLET NUM: 302
NAME: IN302
TOTAL : 1
LIST ITEMS
302 

--- 
JOINTINLET NUM: 303
NAME: IN303
TOTAL : 1
LIST ITEMS
303 

--- 
JOINTINLET NUM: 304
NAME: IN304
TOTAL : 1
LIST ITEMS
304 

--- 
JOINTINLET NUM: 305
NAME: IN305
TOTAL : 1
LIST ITEMS
305 

--- 
JOINTINLET NUM: 306
NAME: IN306
TOTAL : 1
LIST ITEMS
306 

--- 
JOINTINLET NUM: 307
NAME: IN307
TOTAL : 1
LIST ITEMS
307 

--- 
JOINTINLET NUM: 308
NAME: IN308
TOTAL : 1
LIST ITEMS
308 

--- 
JOINTINLET NUM: 309
NAME: IN309
TOTAL : 1
LIST ITEMS
309 

--- 
JOINTINLET NUM: 310
NAME: IN310
TOTAL : 1
LIST ITEMS
310 

--- 
JOINTINLET NUM: 311
NAME: IN311
TOTAL : 1
LIST ITEMS
311 

--- 
JOINTINLET NUM: 312
NAME: IN312
TOTAL : 1
LIST ITEMS
312 

--- 
JOINTINLET NUM: 313
NAME: IN313
TOTAL : 1
LIST ITEMS
313 

--- 
JOINTINLET NUM: 314
NAME: IN314
TOTAL : 1
LIST ITEMS
314 

--- 
JOINTINLET NUM: 315
NAME: IN315
TOTAL : 1
LIST ITEMS
315 

--- 
JOINTINLET NUM: 316
NAME: IN316
TOTAL : 1
LIST ITEMS
316 

--- 
JOINTINLET NUM: 317
NAME: IN317
TOTAL : 1
LIST ITEMS
317 

--- 
JOINTINLET NUM: 318
NAME: IN318
TOTAL : 1
LIST ITEMS
318 

--- 
JOINTINLET NUM: 319
NAME: IN319
TOTAL : 1
LIST ITEMS
319 

--- 
JOINTINLET NUM: 320
NAME: IN320
TOTAL : 1
LIST ITEMS
320 

--- 
JOINTINLET NUM: 321
NAME: IN321
TOTAL : 1
LIST ITEMS
321 

--- 
JOINTINLET NUM: 322
NAME: IN322
TOTAL : 1
LIST ITEMS
322 

--- 
JOINTINLET NUM: 323
NAME: IN323
TOTAL : 1
LIST ITEMS
323 

--- 
JOINTINLET NUM: 324
NAME: IN324
TOTAL : 1
LIST ITEMS
324 

--- 
JOINTINLET NUM: 325
NAME: IN325
TOTAL : 1
LIST ITEMS
325 

--- 
JOINTINLET NUM: 326
NAME: IN326
TOTAL : 1
LIST ITEMS
326 

--- 
JOINTINLET NUM: 327
NAME: IN327
TOTAL : 1
LIST ITEMS
327 

--- 
JOINTINLET NUM: 328
NAME: IN328
TOTAL : 1
LIST ITEMS
328 

--- 
JOINTINLET NUM: 329
NAME: IN329
TOTAL : 1
LIST ITEMS
329 

--- 
JOINTINLET NUM: 330
NAME: IN330
TOTAL : 1
LIST ITEMS
330 

--- 
JOINTINLET NUM: 331
NAME: IN331
TOTAL : 1
LIST ITEMS
331 

--- 
JOINTINLET NUM: 332
NAME: IN332
TOTAL : 1
LIST ITEMS
332 

--- 
JOINTINLET NUM: 333
NAME: IN333
TOTAL : 1
LIST ITEMS
333 

--- 
JOINTINLET NUM: 334
NAME: IN334
TOTAL : 1
LIST ITEMS
334 

--- 
JOINTINLET NUM: 335
NAME: IN335
TOTAL : 1
LIST ITEMS
335 

--- 
JOINTINLET NUM: 336
NAME: IN336
TOTAL : 1
LIST ITEMS
336 

--- 
JOINTINLET NUM: 337
NAME: IN337
TOTAL : 1
LIST ITEMS
337 

--- 
JOINTINLET NUM: 338
NAME: IN338
TOTAL : 1
LIST ITEMS
338 

--- 
JOINTINLET NUM: 339
NAME: IN339
TOTAL : 1
LIST ITEMS
339 

--- 
JOINTINLET NUM: 340
NAME: IN340
TOTAL : 1
LIST ITEMS
340 

--- 
JOINTINLET NUM: 341
NAME: IN341
TOTAL : 1
LIST ITEMS
341 

--- 
JOINTINLET NUM: 342
NAME: IN342
TOTAL : 1
LIST ITEMS
342 

--- 
JOINTINLET NUM: 343
NAME: IN343
TOTAL : 1
LIST ITEMS
343 

--- 
JOINTINLET NUM: 344
NAME: IN344
TOTAL : 1
LIST ITEMS
344 

--- 
JOINTINLET NUM: 345
NAME: IN345
TOTAL : 1
LIST ITEMS
345 

--- 
JOINTINLET NUM: 346
NAME: IN346
TOTAL : 1
LIST ITEMS
346 

--- 
JOINTINLET NUM: 347
NAME: IN347
TOTAL : 1
LIST ITEMS
347 

--- 
JOINTINLET NUM: 348
NAME: IN348
TOTAL : 1
LIST ITEMS
348 

--- 
JOINTINLET NUM: 349
NAME: IN349
TOTAL : 1
LIST ITEMS
349 

--- 
JOINTINLET NUM: 350
NAME: IN350
TOTAL : 1
LIST ITEMS
350 

--- 
JOINTINLET NUM: 351
NAME: IN351
TOTAL : 1
LIST ITEMS
351 

--- 
JOINTINLET NUM: 352
NAME: IN352
TOTAL : 1
LIST ITEMS
352 

--- 
JOINTINLET NUM: 353
NAME: IN353
TOTAL : 1
LIST ITEMS
353 

--- 
JOINTINLET NUM: 354
NAME: IN354
TOTAL : 1
LIST ITEMS
354 

--- 
JOINTINLET NUM: 355
NAME: IN355
TOTAL : 1
LIST ITEMS
355 

--- 
JOINTINLET NUM: 356
NAME: IN356
TOTAL : 1
LIST ITEMS
356 

--- 
JOINTINLET NUM: 357
NAME: IN357
TOTAL : 1
LIST ITEMS
357 

--- 
JOINTINLET NUM: 358
NAME: IN358
TOTAL : 1
LIST ITEMS
358 

--- 
JOINTINLET NUM: 359
NAME: IN359
TOTAL : 1
LIST ITEMS
359 

--- 
JOINTINLET NUM: 360
NAME: IN360
TOTAL : 1
LIST ITEMS
360 

--- 
JOINTINLET NUM: 361
NAME: IN361
TOTAL : 1
LIST ITEMS
361 

--- 
JOINTINLET NUM: 362
NAME: IN362
TOTAL : 1
LIST ITEMS
362 

--- 
JOINTINLET NUM: 363
NAME: IN363
TOTAL : 1
LIST ITEMS
363 

--- 
JOINTINLET NUM: 364
NAME: IN364
TOTAL : 1
LIST ITEMS
364 

--- 
JOINTINLET NUM: 365
NAME: IN365
TOTAL : 1
LIST ITEMS
365 

--- 
JOINTINLET NUM: 366
NAME: IN366
TOTAL : 1
LIST ITEMS
366 

--- 
JOINTINLET NUM: 367
NAME: IN367
TOTAL : 1
LIST ITEMS
367 

--- 
JOINTINLET NUM: 368
NAME: IN368
TOTAL : 1
LIST ITEMS
368 

--- 
JOINTINLET NUM: 369
NAME: IN369
TOTAL : 1
LIST ITEMS
369 

--- 
JOINTINLET NUM: 370
NAME: IN370
TOTAL : 1
LIST ITEMS
370 

--- 
JOINTINLET NUM: 371
NAME: IN371
TOTAL : 1
LIST ITEMS
371 

--- 
JOINTINLET NUM: 372
NAME: IN372
TOTAL : 1
LIST ITEMS
372 

--- 
JOINTINLET NUM: 373
NAME: IN373
TOTAL : 1
LIST ITEMS
373 

--- 
JOINTINLET NUM: 374
NAME: IN374
TOTAL : 1
LIST ITEMS
374 

--- 
JOINTINLET NUM: 375
NAME: IN375
TOTAL : 1
LIST ITEMS
375 

--- 
JOINTINLET NUM: 376
NAME: IN376
TOTAL : 1
LIST ITEMS
376 

--- 
JOINTINLET NUM: 377
NAME: IN377
TOTAL : 1
LIST ITEMS
377 

--- 
JOINTINLET NUM: 378
NAME: IN378
TOTAL : 1
LIST ITEMS
378 

--- 
JOINTINLET NUM: 379
NAME: IN379
TOTAL : 1
LIST ITEMS
379 

--- 
JOINTINLET NUM: 380
NAME: IN380
TOTAL : 1
LIST ITEMS
380 

--- 
JOINTINLET NUM: 381
NAME: IN381
TOTAL : 1
LIST ITEMS
381 

--- 
JOINTINLET NUM: 382
NAME: IN382
TOTAL : 1
LIST ITEMS
382 

--- 
JOINTINLET NUM: 383
NAME: IN383
TOTAL : 1
LIST ITEMS
383 

--- 
JOINTINLET NUM: 384
NAME: IN384
TOTAL : 1
LIST ITEMS
384 

--- 
JOINTINLET NUM: 385
NAME: IN385
TOTAL : 1
LIST ITEMS
385 

--- 
JOINTINLET NUM: 386
NAME: IN386
TOTAL : 1
LIST ITEMS
386 

--- 
JOINTINLET NUM: 387
NAME: IN387
TOTAL : 1
LIST ITEMS
387 

--- 
JOINTINLET NUM: 388
NAME: IN388
TOTAL : 1
LIST ITEMS
388 

--- 
JOINTINLET NUM: 389
NAME: IN389
TOTAL : 1
LIST ITEMS
389 

--- 
JOINTINLET NUM: 390
NAME: IN390
TOTAL : 1
LIST ITEMS
390 

--- 
JOINTINLET NUM: 391
NAME: IN391
TOTAL : 1
LIST ITEMS
391 

--- 
JOINTINLET NUM: 392
NAME: IN392
TOTAL : 1
LIST ITEMS
392 

--- 
JOINTINLET NUM: 393
NAME: IN393
TOTAL : 1
LIST ITEMS
393 

--- 
JOINTINLET NUM: 394
NAME: IN394
TOTAL : 1
LIST ITEMS
394 

--- 
JOINTINLET NUM: 395
NAME: IN395
TOTAL : 1
LIST ITEMS
395 

--- 
JOINTINLET NUM: 396
NAME: IN396
TOTAL : 1
LIST ITEMS
396 

--- 
JOINTINLET NUM: 397
NAME: IN397
TOTAL : 1
LIST ITEMS
397 

--- 
JOINTINLET NUM: 398
NAME: IN398
TOTAL : 1
LIST ITEMS
398 

--- 
JOINTINLET NUM: 399
NAME: IN399
TOTAL : 1
LIST ITEMS
399 

--- 
JOINTINLET NUM: 400
NAME: IN400
TOTAL : 1
LIST ITEMS
400 

--- 
JOINTINLET NUM: 401
NAME: IN401
TOTAL : 1
LIST ITEMS
401 

--- 
JOINTINLET NUM: 402
NAME: IN402
TOTAL : 1
LIST ITEMS
402 

--- 
JOINTINLET NUM: 403
NAME: IN403
TOTAL : 1
LIST ITEMS
403 

--- 
JOINTINLET NUM: 404
NAME: IN404
TOTAL : 1
LIST ITEMS
404 

--- 
JOINTINLET NUM: 405
NAME: IN405
TOTAL : 1
LIST ITEMS
405 

--- 
JOINTINLET NUM: 406
NAME: IN406
TOTAL : 1
LIST ITEMS
406 

--- 
JOINTINLET NUM: 407
NAME: IN407
TOTAL : 1
LIST ITEMS
407 

--- 
JOINTINLET NUM: 408
NAME: IN408
TOTAL : 1
LIST ITEMS
408 

--- 
JOINTINLET NUM: 409
NAME: IN409
TOTAL : 1
LIST ITEMS
409 

--- 
JOINTINLET NUM: 410
NAME: IN410
TOTAL : 1
LIST ITEMS
410 

--- 
JOINTINLET NUM: 411
NAME: IN411
TOTAL : 1
LIST ITEMS
411 

--- 
JOINTINLET NUM: 412
NAME: IN412
TOTAL : 1
LIST ITEMS
412 

--- 
JOINTINLET NUM: 413
NAME: IN413
TOTAL : 1
LIST ITEMS
413 

--- 
JOINTINLET NUM: 414
NAME: IN414
TOTAL : 1
LIST ITEMS
414 

--- 
JOINTINLET NUM: 415
NAME: IN415
TOTAL : 1
LIST ITEMS
415 

--- 
JOINTINLET NUM: 416
NAME: IN416
TOTAL : 1
LIST ITEMS
416 

--- 
JOINTINLET NUM: 417
NAME: IN417
TOTAL : 1
LIST ITEMS
417 

--- 
JOINTINLET NUM: 418
NAME: IN418
TOTAL : 1
LIST ITEMS
418 

--- 
JOINTINLET NUM: 419
NAME: IN419
TOTAL : 1
LIST ITEMS
419 

--- 
JOINTINLET NUM: 420
NAME: IN420
TOTAL : 1
LIST ITEMS
420 

--- 
JOINTINLET NUM: 421
NAME: IN421
TOTAL : 1
LIST ITEMS
421 

--- 
JOINTINLET NUM: 422
NAME: IN422
TOTAL : 1
LIST ITEMS
422 

--- 
JOINTINLET NUM: 423
NAME: IN423
TOTAL : 1
LIST ITEMS
423 

--- 
JOINTINLET NUM: 424
NAME: IN424
TOTAL : 1
LIST ITEMS
424 

--- 
JOINTINLET NUM: 425
NAME: IN425
TOTAL : 1
LIST ITEMS
425 

--- 
JOINTINLET NUM: 426
NAME: IN426
TOTAL : 1
LIST ITEMS
426 

--- 
JOINTINLET NUM: 427
NAME: IN427
TOTAL : 1
LIST ITEMS
427 

--- 
JOINTINLET NUM: 428
NAME: IN428
TOTAL : 1
LIST ITEMS
428 

--- 
JOINTINLET NUM: 429
NAME: IN429
TOTAL : 1
LIST ITEMS
429 

--- 
JOINTINLET NUM: 430
NAME: IN430
TOTAL : 1
LIST ITEMS
430 

--- 
JOINTINLET NUM: 431
NAME: IN431
TOTAL : 1
LIST ITEMS
431 

--- 
JOINTINLET NUM: 432
NAME: IN432
TOTAL : 1
LIST ITEMS
432 

--- 
JOINTINLET NUM: 433
NAME: IN433
TOTAL : 1
LIST ITEMS
433 

--- 
JOINTINLET NUM: 434
NAME: IN434
TOTAL : 1
LIST ITEMS
434 

--- 
JOINTINLET NUM: 435
NAME: IN435
TOTAL : 1
LIST ITEMS
435 

--- 
JOINTINLET NUM: 436
NAME: IN436
TOTAL : 1
LIST ITEMS
436 

--- 
JOINTINLET NUM: 437
NAME: IN437
TOTAL : 1
LIST ITEMS
437 

--- 
JOINTINLET NUM: 438
NAME: IN438
TOTAL : 1
LIST ITEMS
438 

--- 
JOINTINLET NUM: 439
NAME: IN439
TOTAL : 1
LIST ITEMS
439 

--- 
JOINTINLET NUM: 440
NAME: IN440
TOTAL : 1
LIST ITEMS
440 

--- 
JOINTINLET NUM: 441
NAME: IN441
TOTAL : 1
LIST ITEMS
441 

--- 
JOINTINLET NUM: 442
NAME: IN442
TOTAL : 1
LIST ITEMS
442 

--- 
JOINTINLET NUM: 443
NAME: IN443
TOTAL : 1
LIST ITEMS
443 

--- 
JOINTINLET NUM: 444
NAME: IN444
TOTAL : 1
LIST ITEMS
444 

--- 
JOINTINLET NUM: 445
NAME: IN445
TOTAL : 1
LIST ITEMS
445 

--- 
JOINTINLET NUM: 446
NAME: IN446
TOTAL : 1
LIST ITEMS
446 

--- 
JOINTINLET NUM: 447
NAME: IN447
TOTAL : 1
LIST ITEMS
447 

--- 
JOINTINLET NUM: 448
NAME: IN448
TOTAL : 1
LIST ITEMS
448 

--- 
JOINTINLET NUM: 449
NAME: IN449
TOTAL : 1
LIST ITEMS
449 

--- 
JOINTINLET NUM: 450
NAME: IN450
TOTAL : 1
LIST ITEMS
450 

--- 
JOINTINLET NUM: 451
NAME: IN451
TOTAL : 1
LIST ITEMS
451 

--- 
JOINTINLET NUM: 452
NAME: IN452
TOTAL : 1
LIST ITEMS
452 

--- 
JOINTINLET NUM: 453
NAME: IN453
TOTAL : 1
LIST ITEMS
453 

--- 
JOINTINLET NUM: 454
NAME: IN454
TOTAL : 1
LIST ITEMS
454 

--- 
JOINTINLET NUM: 455
NAME: IN455
TOTAL : 1
LIST ITEMS
455 

--- 
JOINTINLET NUM: 456
NAME: IN456
TOTAL : 1
LIST ITEMS
456 

--- 
JOINTINLET NUM: 457
NAME: IN457
TOTAL : 1
LIST ITEMS
457 

--- 
JOINTINLET NUM: 458
NAME: IN458
TOTAL : 1
LIST ITEMS
458 

--- 
JOINTINLET NUM: 459
NAME: IN459
TOTAL : 1
LIST ITEMS
459 

--- 
JOINTINLET NUM: 460
NAME: IN460
TOTAL : 1
LIST ITEMS
460 

--- 
JOINTINLET NUM: 461
NAME: IN461
TOTAL : 1
LIST ITEMS
461 

--- 
JOINTINLET NUM: 462
NAME: IN462
TOTAL : 1
LIST ITEMS
462 

--- 
JOINTINLET NUM: 463
NAME: IN463
TOTAL : 1
LIST ITEMS
463 

--- 
JOINTINLET NUM: 464
NAME: IN464
TOTAL : 1
LIST ITEMS
464 

--- 
JOINTINLET NUM: 465
NAME: IN465
TOTAL : 1
LIST ITEMS
465 

--- 
JOINTINLET NUM: 466
NAME: IN466
TOTAL : 1
LIST ITEMS
466 

--- 
JOINTINLET NUM: 467
NAME: IN467
TOTAL : 1
LIST ITEMS
467 

--- 
JOINTINLET NUM: 468
NAME: IN468
TOTAL : 1
LIST ITEMS
468 

--- 
JOINTINLET NUM: 469
NAME: IN469
TOTAL : 1
LIST ITEMS
469 

--- 
JOINTINLET NUM: 470
NAME: IN470
TOTAL : 1
LIST ITEMS
470 

--- 
JOINTINLET NUM: 471
NAME: IN471
TOTAL : 1
LIST ITEMS
471 

--- 
JOINTINLET NUM: 472
NAME: IN472
TOTAL : 1
LIST ITEMS
472 

--- 
JOINTINLET NUM: 473
NAME: IN473
TOTAL : 1
LIST ITEMS
473 

--- 
JOINTINLET NUM: 474
NAME: IN474
TOTAL : 1
LIST ITEMS
474 

--- 
JOINTINLET NUM: 475
NAME: IN475
TOTAL : 1
LIST ITEMS
475 

--- 
JOINTINLET NUM: 476
NAME: IN476
TOTAL : 1
LIST ITEMS
476 

--- 
JOINTINLET NUM: 477
NAME: IN477
TOTAL : 1
LIST ITEMS
477 

--- 
JOINTINLET NUM: 478
NAME: IN478
TOTAL : 1
LIST ITEMS
478 

--- 
JOINTINLET NUM: 479
NAME: IN479
TOTAL : 1
LIST ITEMS
479 

--- 
JOINTINLET NUM: 480
NAME: IN480
TOTAL : 1
LIST ITEMS
480 

--- 
JOINTINLET NUM: 481
NAME: IN481
TOTAL : 1
LIST ITEMS
481 

--- 
JOINTINLET NUM: 482
NAME: IN482
TOTAL : 1
LIST ITEMS
482 

--- 
JOINTINLET NUM: 483
NAME: IN483
TOTAL : 1
LIST ITEMS
483 

--- 
JOINTINLET NUM: 484
NAME: IN484
TOTAL : 1
LIST ITEMS
484 

--- 
JOINTINLET NUM: 485
NAME: IN485
TOTAL : 1
LIST ITEMS
485 

--- 
JOINTINLET NUM: 486
NAME: IN486
TOTAL : 1
LIST ITEMS
486 

--- 
JOINTINLET NUM: 487
NAME: IN487
TOTAL : 1
LIST ITEMS
487 

--- 
JOINTINLET NUM: 488
NAME: IN488
TOTAL : 1
LIST ITEMS
488 

--- 
JOINTINLET NUM: 489
NAME: IN489
TOTAL : 1
LIST ITEMS
489 

--- 
JOINTINLET NUM: 490
NAME: IN490
TOTAL : 1
LIST ITEMS
490 

--- 
JOINTINLET NUM: 491
NAME: IN491
TOTAL : 1
LIST ITEMS
491 

--- 
JOINTINLET NUM: 492
NAME: IN492
TOTAL : 1
LIST ITEMS
492 

--- 
JOINTINLET NUM: 493
NAME: IN493
TOTAL : 1
LIST ITEMS
493 

--- 
JOINTINLET NUM: 494
NAME: IN494
TOTAL : 1
LIST ITEMS
494 

--- 
JOINTINLET NUM: 495
NAME: IN495
TOTAL : 1
LIST ITEMS
495 

--- 
JOINTINLET NUM: 496
NAME: IN496
TOTAL : 1
LIST ITEMS
496 

--- 
JOINTINLET NUM: 497
NAME: IN497
TOTAL : 1
LIST ITEMS
497 

--- 
JOINTINLET NUM: 498
NAME: IN498
TOTAL : 1
LIST ITEMS
498 

--- 
JOINTINLET NUM: 499
NAME: IN499
TOTAL : 1
LIST ITEMS
499 

--- 
JOINTINLET NUM: 500
NAME: IN500
TOTAL : 1
LIST ITEMS
500 

--- 
JOINTINLET NUM: 501
NAME: IN501
TOTAL : 1
LIST ITEMS
501 

--- 
JOINTINLET NUM: 502
NAME: IN502
TOTAL : 1
LIST ITEMS
502 

--- 
JOINTINLET NUM: 503
NAME: IN503
TOTAL : 1
LIST ITEMS
503 

--- 
JOINTINLET NUM: 504
NAME: IN504
TOTAL : 1
LIST ITEMS
504 

--- 
JOINTINLET NUM: 505
NAME: IN505
TOTAL : 1
LIST ITEMS
505 

--- 
JOINTINLET NUM: 506
NAME: IN506
TOTAL : 1
LIST ITEMS
506 

--- 
JOINTINLET NUM: 507
NAME: IN507
TOTAL : 1
LIST ITEMS
507 

--- 
JOINTINLET NUM: 508
NAME: IN508
TOTAL : 1
LIST ITEMS
508 

--- 
JOINTINLET NUM: 509
NAME: IN509
TOTAL : 1
LIST ITEMS
509 

--- 
JOINTINLET NUM: 510
NAME: IN510
TOTAL : 1
LIST ITEMS
510 

--- 
JOINTINLET NUM: 511
NAME: IN511
TOTAL : 1
LIST ITEMS
511 

--- 
JOINTINLET NUM: 512
NAME: IN512
TOTAL : 1
LIST ITEMS
512 

--- 
JOINTINLET NUM: 513
NAME: IN513
TOTAL : 1
LIST ITEMS
513 

--- 
JOINTINLET NUM: 514
NAME: IN514
TOTAL : 1
LIST ITEMS
514 

--- 
JOINTINLET NUM: 515
NAME: IN515
TOTAL : 1
LIST ITEMS
515 

--- 
JOINTINLET NUM: 516
NAME: IN516
TOTAL : 1
LIST ITEMS
516 

--- 
JOINTINLET NUM: 517
NAME: IN517
TOTAL : 1
LIST ITEMS
517 

--- 
JOINTINLET NUM: 518
NAME: IN518
TOTAL : 1
LIST ITEMS
518 

--- 
JOINTINLET NUM: 519
NAME: IN519
TOTAL : 1
LIST ITEMS
519 

--- 
JOINTINLET NUM: 520
NAME: IN520
TOTAL : 1
LIST ITEMS
520 

--- 
JOINTINLET NUM: 521
NAME: IN521
TOTAL : 1
LIST ITEMS
521 

--- 
JOINTINLET NUM: 522
NAME: IN522
TOTAL : 1
LIST ITEMS
522 

--- 
JOINTINLET NUM: 523
NAME: IN523
TOTAL : 1
LIST ITEMS
523 

--- 
JOINTINLET NUM: 524
NAME: IN524
TOTAL : 1
LIST ITEMS
524 

--- 
JOINTINLET NUM: 525
NAME: IN525
TOTAL : 1
LIST ITEMS
525 

--- 
JOINTINLET NUM: 526
NAME: IN526
TOTAL : 1
LIST ITEMS
526 

--- 
JOINTINLET NUM: 527
NAME: IN527
TOTAL : 1
LIST ITEMS
527 

--- 
JOINTINLET NUM: 528
NAME: IN528
TOTAL : 1
LIST ITEMS
528 

--- 
JOINTINLET NUM: 529
NAME: IN529
TOTAL : 1
LIST ITEMS
529 

--- 
JOINTINLET NUM: 530
NAME: IN530
TOTAL : 1
LIST ITEMS
530 

--- 
JOINTINLET NUM: 531
NAME: IN531
TOTAL : 1
LIST ITEMS
531 

--- 
JOINTINLET NUM: 532
NAME: IN532
TOTAL : 1
LIST ITEMS
532 

--- 
JOINTINLET NUM: 533
NAME: IN533
TOTAL : 1
LIST ITEMS
533 

--- 
JOINTINLET NUM: 534
NAME: IN534
TOTAL : 1
LIST ITEMS
534 

--- 
JOINTINLET NUM: 535
NAME: IN535
TOTAL : 1
LIST ITEMS
535 

--- 
JOINTINLET NUM: 536
NAME: IN536
TOTAL : 1
LIST ITEMS
536 

--- 
JOINTINLET NUM: 537
NAME: IN537
TOTAL : 1
LIST ITEMS
537 

--- 
JOINTINLET NUM: 538
NAME: IN538
TOTAL : 1
LIST ITEMS
538 

--- 
JOINTINLET NUM: 539
NAME: IN539
TOTAL : 1
LIST ITEMS
539 

--- 
JOINTINLET NUM: 540
NAME: IN540
TOTAL : 1
LIST ITEMS
540 

--- 
JOINTINLET NUM: 541
NAME: IN541
TOTAL : 1
LIST ITEMS
541 

--- 
JOINTINLET NUM: 542
NAME: IN542
TOTAL : 1
LIST ITEMS
542 

--- 
JOINTINLET NUM: 543
NAME: IN543
TOTAL : 1
LIST ITEMS
543 

--- 
JOINTINLET NUM: 544
NAME: IN544
TOTAL : 1
LIST ITEMS
544 

--- 
JOINTINLET NUM: 545
NAME: IN545
TOTAL : 1
LIST ITEMS
545 

--- 
JOINTINLET NUM: 546
NAME: IN546
TOTAL : 1
LIST ITEMS
546 

--- 
JOINTINLET NUM: 547
NAME: IN547
TOTAL : 1
LIST ITEMS
547 

--- 
JOINTINLET NUM: 548
NAME: IN548
TOTAL : 1
LIST ITEMS
548 

--- 
JOINTINLET NUM: 549
NAME: IN549
TOTAL : 1
LIST ITEMS
549 

--- 
JOINTINLET NUM: 550
NAME: IN550
TOTAL : 1
LIST ITEMS
550 

--- 
JOINTINLET NUM: 551
NAME: IN551
TOTAL : 1
LIST ITEMS
551 

--- 
JOINTINLET NUM: 552
NAME: IN552
TOTAL : 1
LIST ITEMS
552 

--- 
JOINTINLET NUM: 553
NAME: IN553
TOTAL : 1
LIST ITEMS
553 

--- 
JOINTINLET NUM: 554
NAME: IN554
TOTAL : 1
LIST ITEMS
554 

--- 
JOINTINLET NUM: 555
NAME: IN555
TOTAL : 1
LIST ITEMS
555 

--- 
JOINTINLET NUM: 556
NAME: IN556
TOTAL : 1
LIST ITEMS
556 

--- 
JOINTINLET NUM: 557
NAME: IN557
TOTAL : 1
LIST ITEMS
557 

--- 
JOINTINLET NUM: 558
NAME: IN558
TOTAL : 1
LIST ITEMS
558 

--- 
JOINTINLET NUM: 559
NAME: IN559
TOTAL : 1
LIST ITEMS
559 

--- 
JOINTINLET NUM: 560
NAME: IN560
TOTAL : 1
LIST ITEMS
560 

--- 
JOINTINLET NUM: 561
NAME: IN561
TOTAL : 1
LIST ITEMS
561 

--- 
JOINTINLET NUM: 562
NAME: IN562
TOTAL : 1
LIST ITEMS
562 

--- 
JOINTINLET NUM: 563
NAME: IN563
TOTAL : 1
LIST ITEMS
563 

--- 
JOINTINLET NUM: 564
NAME: IN564
TOTAL : 1
LIST ITEMS
564 

--- 
JOINTINLET NUM: 565
NAME: IN565
TOTAL : 1
LIST ITEMS
565 

--- 
JOINTINLET NUM: 566
NAME: IN566
TOTAL : 1
LIST ITEMS
566 

--- 
JOINTINLET NUM: 567
NAME: IN567
TOTAL : 1
LIST ITEMS
567 

--- 
JOINTINLET NUM: 568
NAME: IN568
TOTAL : 1
LIST ITEMS
568 

--- 
JOINTINLET NUM: 569
NAME: IN569
TOTAL : 1
LIST ITEMS
569 

--- 
JOINTINLET NUM: 570
NAME: IN570
TOTAL : 1
LIST ITEMS
570 

--- 
JOINTINLET NUM: 571
NAME: IN571
TOTAL : 1
LIST ITEMS
571 

--- 
JOINTINLET NUM: 572
NAME: IN572
TOTAL : 1
LIST ITEMS
572 

--- 
JOINTINLET NUM: 573
NAME: IN573
TOTAL : 1
LIST ITEMS
573 

--- 
JOINTINLET NUM: 574
NAME: IN574
TOTAL : 1
LIST ITEMS
574 

--- 
JOINTINLET NUM: 575
NAME: IN575
TOTAL : 1
LIST ITEMS
575 

--- 
JOINTINLET NUM: 576
NAME: IN576
TOTAL : 1
LIST ITEMS
576 

--- 
JOINTINLET NUM: 577
NAME: IN577
TOTAL : 1
LIST ITEMS
577 

--- 
JOINTINLET NUM: 578
NAME: IN578
TOTAL : 1
LIST ITEMS
578 

--- 
JOINTINLET NUM: 579
NAME: IN579
TOTAL : 1
LIST ITEMS
579 

--- 
JOINTINLET NUM: 580
NAME: IN580
TOTAL : 1
LIST ITEMS
580 

--- 
JOINTINLET NUM: 581
NAME: IN581
TOTAL : 1
LIST ITEMS
581 

--- 
JOINTINLET NUM: 582
NAME: IN582
TOTAL : 1
LIST ITEMS
582 

--- 
JOINTINLET NUM: 583
NAME: IN583
TOTAL : 1
LIST ITEMS
583 

--- 
JOINTINLET NUM: 584
NAME: IN584
TOTAL : 1
LIST ITEMS
584 

--- 
JOINTINLET NUM: 585
NAME: IN585
TOTAL : 1
LIST ITEMS
585 

--- 
JOINTINLET NUM: 586
NAME: IN586
TOTAL : 1
LIST ITEMS
586 

--- 
JOINTINLET NUM: 587
NAME: IN587
TOTAL : 1
LIST ITEMS
587 

--- 
JOINTINLET NUM: 588
NAME: IN588
TOTAL : 1
LIST ITEMS
588 

--- 
JOINTINLET NUM: 589
NAME: IN589
TOTAL : 1
LIST ITEMS
589 

--- 
JOINTINLET NUM: 590
NAME: IN590
TOTAL : 1
LIST ITEMS
590 

--- 
JOINTINLET NUM: 591
NAME: IN591
TOTAL : 1
LIST ITEMS
591 

--- 
JOINTINLET NUM: 592
NAME: IN592
TOTAL : 1
LIST ITEMS
592 

--- 
JOINTINLET NUM: 593
NAME: IN593
TOTAL : 1
LIST ITEMS
593 

--- 
JOINTINLET NUM: 594
NAME: IN594
TOTAL : 1
LIST ITEMS
594 

--- 
JOINTINLET NUM: 595
NAME: IN595
TOTAL : 1
LIST ITEMS
595 

--- 
JOINTINLET NUM: 596
NAME: IN596
TOTAL : 1
LIST ITEMS
596 

--- 
JOINTINLET NUM: 597
NAME: IN597
TOTAL : 1
LIST ITEMS
597 

--- 
JOINTINLET NUM: 598
NAME: IN598
TOTAL : 1
LIST ITEMS
598 

--- 
JOINTINLET NUM: 599
NAME: IN599
TOTAL : 1
LIST ITEMS
599 

--- 
JOINTINLET NUM: 600
NAME: IN600
TOTAL : 1
LIST ITEMS
600 

--- 
JOINTINLET NUM: 601
NAME: IN601
TOTAL : 1
LIST ITEMS
601 

--- 
JOINTINLET NUM: 602
NAME: IN602
TOTAL : 1
LIST ITEMS
602 

--- 
JOINTINLET NUM: 603
NAME: IN603
TOTAL : 1
LIST ITEMS
603 

--- 
JOINTINLET NUM: 604
NAME: IN604
TOTAL : 1
LIST ITEMS
604 

--- 
JOINTINLET NUM: 605
NAME: IN605
TOTAL : 1
LIST ITEMS
605 

--- 
JOINTINLET NUM: 606
NAME: IN606
TOTAL : 1
LIST ITEMS
606 

--- 
JOINTINLET NUM: 607
NAME: IN607
TOTAL : 1
LIST ITEMS
607 

--- 
JOINTINLET NUM: 608
NAME: IN608
TOTAL : 1
LIST ITEMS
608 

--- 
JOINTINLET NUM: 609
NAME: IN609
TOTAL : 1
LIST ITEMS
609 

--- 
JOINTINLET NUM: 610
NAME: IN610
TOTAL : 1
LIST ITEMS
610 

--- 
JOINTINLET NUM: 611
NAME: IN611
TOTAL : 1
LIST ITEMS
611 

--- 
JOINTINLET NUM: 612
NAME: IN612
TOTAL : 1
LIST ITEMS
612 

--- 
JOINTINLET NUM: 613
NAME: IN613
TOTAL : 1
LIST ITEMS
613 

--- 
JOINTINLET NUM: 614
NAME: IN614
TOTAL : 1
LIST ITEMS
614 

--- 
JOINTINLET NUM: 615
NAME: IN615
TOTAL : 1
LIST ITEMS
615 

--- 
JOINTINLET NUM: 616
NAME: IN616
TOTAL : 1
LIST ITEMS
616 

--- 
JOINTINLET NUM: 617
NAME: IN617
TOTAL : 1
LIST ITEMS
617 

--- 
JOINTINLET NUM: 618
NAME: IN618
TOTAL : 1
LIST ITEMS
618 

--- 
JOINTINLET NUM: 619
NAME: IN619
TOTAL : 1
LIST ITEMS
619 

--- 
JOINTINLET NUM: 620
NAME: IN620
TOTAL : 1
LIST ITEMS
620 

--- 
JOINTINLET NUM: 621
NAME: IN621
TOTAL : 1
LIST ITEMS
621 

--- 
JOINTINLET NUM: 622
NAME: IN622
TOTAL : 1
LIST ITEMS
622 

--- 
JOINTINLET NUM: 623
NAME: IN623
TOTAL : 1
LIST ITEMS
623 

--- 
JOINTINLET NUM: 624
NAME: IN624
TOTAL : 1
LIST ITEMS
624 

--- 
JOINTINLET NUM: 625
NAME: IN625
TOTAL : 1
LIST ITEMS
625 

--- 
JOINTINLET NUM: 626
NAME: IN626
TOTAL : 1
LIST ITEMS
626 

--- 
JOINTINLET NUM: 627
NAME: IN627
TOTAL : 1
LIST ITEMS
627 

--- 
JOINTINLET NUM: 628
NAME: IN628
TOTAL : 1
LIST ITEMS
628 

--- 
JOINTINLET NUM: 629
NAME: IN629
TOTAL : 1
LIST ITEMS
629 

--- 
JOINTINLET NUM: 630
NAME: IN630
TOTAL : 1
LIST ITEMS
630 

--- 
JOINTINLET NUM: 631
NAME: IN631
TOTAL : 1
LIST ITEMS
631 

--- 
JOINTINLET NUM: 632
NAME: IN632
TOTAL : 1
LIST ITEMS
632 

--- 
JOINTINLET NUM: 633
NAME: IN633
TOTAL : 1
LIST ITEMS
633 

--- 
JOINTINLET NUM: 634
NAME: IN634
TOTAL : 1
LIST ITEMS
634 

--- 
JOINTINLET NUM: 635
NAME: IN635
TOTAL : 1
LIST ITEMS
635 

--- 
JOINTINLET NUM: 636
NAME: IN636
TOTAL : 1
LIST ITEMS
636 

--- 
JOINTINLET NUM: 637
NAME: IN637
TOTAL : 1
LIST ITEMS
637 

--- 
JOINTINLET NUM: 638
NAME: IN638
TOTAL : 1
LIST ITEMS
638 

--- 
JOINTINLET NUM: 639
NAME: IN639
TOTAL : 1
LIST ITEMS
639 

--- 
JOINTINLET NUM: 640
NAME: IN640
TOTAL : 1
LIST ITEMS
640 

--- 
JOINTINLET NUM: 641
NAME: IN641
TOTAL : 1
LIST ITEMS
641 

--- 
JOINTINLET NUM: 642
NAME: IN642
TOTAL : 1
LIST ITEMS
642 

--- 
JOINTINLET NUM: 643
NAME: IN643
TOTAL : 1
LIST ITEMS
643 

--- 
JOINTINLET NUM: 644
NAME: IN644
TOTAL : 1
LIST ITEMS
644 

--- 
JOINTINLET NUM: 645
NAME: IN645
TOTAL : 1
LIST ITEMS
645 

--- 
JOINTINLET NUM: 646
NAME: IN646
TOTAL : 1
LIST ITEMS
646 

--- 
JOINTINLET NUM: 647
NAME: IN647
TOTAL : 1
LIST ITEMS
647 

--- 
JOINTINLET NUM: 648
NAME: IN648
TOTAL : 1
LIST ITEMS
648 

--- 
JOINTINLET NUM: 649
NAME: IN649
TOTAL : 1
LIST ITEMS
649 

--- 
JOINTINLET NUM: 650
NAME: IN650
TOTAL : 1
LIST ITEMS
650 

--- 
JOINTINLET NUM: 651
NAME: IN651
TOTAL : 1
LIST ITEMS
651 

--- 
JOINTINLET NUM: 652
NAME: IN652
TOTAL : 1
LIST ITEMS
652 

--- 
JOINTINLET NUM: 653
NAME: IN653
TOTAL : 1
LIST ITEMS
653 

--- 
JOINTINLET NUM: 654
NAME: IN654
TOTAL : 1
LIST ITEMS
654 

--- 
JOINTINLET NUM: 655
NAME: IN655
TOTAL : 1
LIST ITEMS
655 

--- 
JOINTINLET NUM: 656
NAME: IN656
TOTAL : 1
LIST ITEMS
656 

--- 
JOINTINLET NUM: 657
NAME: IN657
TOTAL : 1
LIST ITEMS
657 

--- 
JOINTINLET NUM: 658
NAME: IN658
TOTAL : 1
LIST ITEMS
658 

--- 
JOINTINLET NUM: 659
NAME: IN659
TOTAL : 1
LIST ITEMS
659 

--- 
JOINTINLET NUM: 660
NAME: IN660
TOTAL : 1
LIST ITEMS
660 

--- 
JOINTINLET NUM: 661
NAME: IN661
TOTAL : 1
LIST ITEMS
661 

--- 
JOINTINLET NUM: 662
NAME: IN662
TOTAL : 1
LIST ITEMS
662 

--- 
JOINTINLET NUM: 663
NAME: IN663
TOTAL : 1
LIST ITEMS
663 

--- 
JOINTINLET NUM: 664
NAME: IN664
TOTAL : 1
LIST ITEMS
664 

--- 
JOINTINLET NUM: 665
NAME: IN665
TOTAL : 1
LIST ITEMS
665 

--- 
JOINTINLET NUM: 666
NAME: IN666
TOTAL : 1
LIST ITEMS
666 

--- 
JOINTINLET NUM: 667
NAME: IN667
TOTAL : 1
LIST ITEMS
667 

--- 
JOINTINLET NUM: 668
NAME: IN668
TOTAL : 1
LIST ITEMS
668 

--- 
JOINTINLET NUM: 669
NAME: IN669
TOTAL : 1
LIST ITEMS
669 

--- 
JOINTINLET NUM: 670
NAME: IN670
TOTAL : 1
LIST ITEMS
670 

--- 
JOINTINLET NUM: 671
NAME: IN671
TOTAL : 1
LIST ITEMS
671 

--- 
JOINTINLET NUM: 672
NAME: IN672
TOTAL : 1
LIST ITEMS
672 

--- 
JOINTINLET NUM: 673
NAME: IN673
TOTAL : 1
LIST ITEMS
673 

--- 
JOINTINLET NUM: 674
NAME: IN674
TOTAL : 1
LIST ITEMS
674 

--- 
JOINTINLET NUM: 675
NAME: IN675
TOTAL : 1
LIST ITEMS
675 

--- 
JOINTINLET NUM: 676
NAME: IN676
TOTAL : 1
LIST ITEMS
676 

--- 
JOINTINLET NUM: 677
NAME: IN677
TOTAL : 1
LIST ITEMS
677 

--- 
JOINTINLET NUM: 678
NAME: IN678
TOTAL : 1
LIST ITEMS
678 

--- 
JOINTINLET NUM: 679
NAME: IN679
TOTAL : 1
LIST ITEMS
679 

--- 
JOINTINLET NUM: 680
NAME: IN680
TOTAL : 1
LIST ITEMS
680 

--- 
JOINTINLET NUM: 681
NAME: IN681
TOTAL : 1
LIST ITEMS
681 

--- 
JOINTINLET NUM: 682
NAME: IN682
TOTAL : 1
LIST ITEMS
682 

--- 
JOINTINLET NUM: 683
NAME: IN683
TOTAL : 1
LIST ITEMS
683 

--- 
JOINTINLET NUM: 684
NAME: IN684
TOTAL : 1
LIST ITEMS
684 

--- 
JOINTINLET NUM: 685
NAME: IN685
TOTAL : 1
LIST ITEMS
685 

--- 
JOINTINLET NUM: 686
NAME: IN686
TOTAL : 1
LIST ITEMS
686 

--- 
JOINTINLET NUM: 687
NAME: IN687
TOTAL : 1
LIST ITEMS
687 

--- 
JOINTINLET NUM: 688
NAME: IN688
TOTAL : 1
LIST ITEMS
688 

--- 
JOINTINLET NUM: 689
NAME: IN689
TOTAL : 1
LIST ITEMS
689 

--- 
JOINTINLET NUM: 690
NAME: IN690
TOTAL : 1
LIST ITEMS
690 

--- 
JOINTINLET NUM: 691
NAME: IN691
TOTAL : 1
LIST ITEMS
691 

--- 
JOINTINLET NUM: 692
NAME: IN692
TOTAL : 1
LIST ITEMS
692 

--- 
JOINTINLET NUM: 693
NAME: IN693
TOTAL : 1
LIST ITEMS
693 

--- 
JOINTINLET NUM: 694
NAME: IN694
TOTAL : 1
LIST ITEMS
694 

--- 
JOINTINLET NUM: 695
NAME: IN695
TOTAL : 1
LIST ITEMS
695 

--- 
JOINTINLET NUM: 696
NAME: IN696
TOTAL : 1
LIST ITEMS
696 

--- 
JOINTINLET NUM: 697
NAME: IN697
TOTAL : 1
LIST ITEMS
697 

--- 
JOINTINLET NUM: 698
NAME: IN698
TOTAL : 1
LIST ITEMS
698 

--- 
JOINTINLET NUM: 699
NAME: IN699
TOTAL : 1
LIST ITEMS
699 

--- 
JOINTINLET NUM: 700
NAME: IN700
TOTAL : 1
LIST ITEMS
700 

--- 
JOINTINLET NUM: 701
NAME: IN701
TOTAL : 1
LIST ITEMS
701 

--- 
JOINTINLET NUM: 702
NAME: IN702
TOTAL : 1
LIST ITEMS
702 

--- 
JOINTINLET NUM: 703
NAME: IN703
TOTAL : 1
LIST ITEMS
703 

--- 
JOINTINLET NUM: 704
NAME: IN704
TOTAL : 1
LIST ITEMS
704 

--- 
JOINTINLET NUM: 705
NAME: IN705
TOTAL : 1
LIST ITEMS
705 

--- 
JOINTINLET NUM: 706
NAME: IN706
TOTAL : 1
LIST ITEMS
706 

--- 
JOINTINLET NUM: 707
NAME: IN707
TOTAL : 1
LIST ITEMS
707 

--- 
JOINTINLET NUM: 708
NAME: IN708
TOTAL : 1
LIST ITEMS
708 

--- 
JOINTINLET NUM: 709
NAME: IN709
TOTAL : 1
LIST ITEMS
709 

--- 
JOINTINLET NUM: 710
NAME: IN710
TOTAL : 1
LIST ITEMS
710 

--- 
JOINTINLET NUM: 711
NAME: IN711
TOTAL : 1
LIST ITEMS
711 

--- 
JOINTINLET NUM: 712
NAME: IN712
TOTAL : 1
LIST ITEMS
712 

--- 
JOINTINLET NUM: 713
NAME: IN713
TOTAL : 1
LIST ITEMS
713 

--- 
JOINTINLET NUM: 714
NAME: IN714
TOTAL : 1
LIST ITEMS
714 

--- 
JOINTINLET NUM: 715
NAME: IN715
TOTAL : 1
LIST ITEMS
715 

--- 
JOINTINLET NUM: 716
NAME: IN716
TOTAL : 1
LIST ITEMS
716 

--- 
JOINTINLET NUM: 717
NAME: IN717
TOTAL : 1
LIST ITEMS
717 

--- 
JOINTINLET NUM: 718
NAME: IN718
TOTAL : 1
LIST ITEMS
718 

--- 
JOINTINLET NUM: 719
NAME: IN719
TOTAL : 1
LIST ITEMS
719 

--- 
JOINTINLET NUM: 720
NAME: IN720
TOTAL : 1
LIST ITEMS
720 

--- 
JOINTINLET NUM: 721
NAME: IN721
TOTAL : 1
LIST ITEMS
721 

--- 
JOINTINLET NUM: 722
NAME: IN722
TOTAL : 1
LIST ITEMS
722 

--- 
JOINTINLET NUM: 723
NAME: IN723
TOTAL : 1
LIST ITEMS
723 

--- 
JOINTINLET NUM: 724
NAME: IN724
TOTAL : 1
LIST ITEMS
724 

--- 
JOINTINLET NUM: 725
NAME: IN725
TOTAL : 1
LIST ITEMS
725 

--- 
JOINTINLET NUM: 726
NAME: IN726
TOTAL : 1
LIST ITEMS
726 

--- 
JOINTINLET NUM: 727
NAME: IN727
TOTAL : 1
LIST ITEMS
727 

--- 
JOINTINLET NUM: 728
NAME: IN728
TOTAL : 1
LIST ITEMS
728 

--- 
JOINTINLET NUM: 729
NAME: IN729
TOTAL : 1
LIST ITEMS
729 

--- 
JOINTINLET NUM: 730
NAME: IN730
TOTAL : 1
LIST ITEMS
730 

--- 
JOINTINLET NUM: 731
NAME: IN731
TOTAL : 1
LIST ITEMS
731 

--- 
JOINTINLET NUM: 732
NAME: IN732
TOTAL : 1
LIST ITEMS
732 

--- 
JOINTINLET NUM: 733
NAME: IN733
TOTAL : 1
LIST ITEMS
733 

--- 
JOINTINLET NUM: 734
NAME: IN734
TOTAL : 1
LIST ITEMS
734 

--- 
JOINTINLET NUM: 735
NAME: IN735
TOTAL : 1
LIST ITEMS
735 

--- 
JOINTINLET NUM: 736
NAME: IN736
TOTAL : 1
LIST ITEMS
736 

--- 
JOINTINLET NUM: 737
NAME: IN737
TOTAL : 1
LIST ITEMS
737 

--- 
JOINTINLET NUM: 738
NAME: IN738
TOTAL : 1
LIST ITEMS
738 

--- 
JOINTINLET NUM: 739
NAME: IN739
TOTAL : 1
LIST ITEMS
739 

--- 
JOINTINLET NUM: 740
NAME: IN740
TOTAL : 1
LIST ITEMS
740 

--- 
JOINTINLET NUM: 741
NAME: IN741
TOTAL : 1
LIST ITEMS
741 

--- 
JOINTINLET NUM: 742
NAME: IN742
TOTAL : 1
LIST ITEMS
742 

--- 
JOINTINLET NUM: 743
NAME: IN743
TOTAL : 1
LIST ITEMS
743 

--- 
JOINTINLET NUM: 744
NAME: IN744
TOTAL : 1
LIST ITEMS
744 

--- 
JOINTINLET NUM: 745
NAME: IN745
TOTAL : 1
LIST ITEMS
745 

--- 
JOINTINLET NUM: 746
NAME: IN746
TOTAL : 1
LIST ITEMS
746 

--- 
JOINTINLET NUM: 747
NAME: IN747
TOTAL : 1
LIST ITEMS
747 

--- 
JOINTINLET NUM: 748
NAME: IN748
TOTAL : 1
LIST ITEMS
748 

--- 
JOINTINLET NUM: 749
NAME: IN749
TOTAL : 1
LIST ITEMS
749 

--- 
JOINTINLET NUM: 750
NAME: IN750
TOTAL : 1
LIST ITEMS
750 

--- 
JOINTINLET NUM: 751
NAME: IN751
TOTAL : 1
LIST ITEMS
751 

--- 
JOINTINLET NUM: 752
NAME: IN752
TOTAL : 1
LIST ITEMS
752 

--- 
JOINTINLET NUM: 753
NAME: IN753
TOTAL : 1
LIST ITEMS
753 

--- 
JOINTINLET NUM: 754
NAME: IN754
TOTAL : 1
LIST ITEMS
754 

--- 
JOINTINLET NUM: 755
NAME: IN755
TOTAL : 1
LIST ITEMS
755 

--- 
JOINTINLET NUM: 756
NAME: IN756
TOTAL : 1
LIST ITEMS
756 

--- 
JOINTINLET NUM: 757
NAME: IN757
TOTAL : 1
LIST ITEMS
757 

--- 
JOINTINLET NUM: 758
NAME: IN758
TOTAL : 1
LIST ITEMS
758 

--- 
JOINTINLET NUM: 759
NAME: IN759
TOTAL : 1
LIST ITEMS
759 

--- 
JOINTINLET NUM: 760
NAME: IN760
TOTAL : 1
LIST ITEMS
760 

--- 
JOINTINLET NUM: 761
NAME: IN761
TOTAL : 1
LIST ITEMS
761 

--- 
JOINTINLET NUM: 762
NAME: IN762
TOTAL : 1
LIST ITEMS
762 

--- 
JOINTINLET NUM: 763
NAME: IN763
TOTAL : 1
LIST ITEMS
763 

--- 
JOINTINLET NUM: 764
NAME: IN764
TOTAL : 1
LIST ITEMS
764 

--- 
JOINTINLET NUM: 765
NAME: IN765
TOTAL : 1
LIST ITEMS
765 

--- 
JOINTINLET NUM: 766
NAME: IN766
TOTAL : 1
LIST ITEMS
766 

--- 
JOINTINLET NUM: 767
NAME: IN767
TOTAL : 1
LIST ITEMS
767 

--- 
JOINTINLET NUM: 768
NAME: IN768
TOTAL : 1
LIST ITEMS
768 

--- 
JOINTINLET NUM: 769
NAME: IN769
TOTAL : 1
LIST ITEMS
769 

--- 
JOINTINLET NUM: 770
NAME: IN770
TOTAL : 1
LIST ITEMS
770 

--- 
JOINTINLET NUM: 771
NAME: IN771
TOTAL : 1
LIST ITEMS
771 

--- 
JOINTINLET NUM: 772
NAME: IN772
TOTAL : 1
LIST ITEMS
772 

--- 
JOINTINLET NUM: 773
NAME: IN773
TOTAL : 1
LIST ITEMS
773 

--- 
JOINTINLET NUM: 774
NAME: IN774
TOTAL : 1
LIST ITEMS
774 

--- 
JOINTINLET NUM: 775
NAME: IN775
TOTAL : 1
LIST ITEMS
775 

--- 
JOINTINLET NUM: 776
NAME: IN776
TOTAL : 1
LIST ITEMS
776 

--- 
JOINTINLET NUM: 777
NAME: IN777
TOTAL : 1
LIST ITEMS
777 

--- 
JOINTINLET NUM: 778
NAME: IN778
TOTAL : 1
LIST ITEMS
778 

--- 
JOINTINLET NUM: 779
NAME: IN779
TOTAL : 1
LIST ITEMS
779 

--- 
JOINTINLET NUM: 780
NAME: IN780
TOTAL : 1
LIST ITEMS
780 

--- 
JOINTINLET NUM: 781
NAME: IN781
TOTAL : 1
LIST ITEMS
781 

--- 
JOINTINLET NUM: 782
NAME: IN782
TOTAL : 1
LIST ITEMS
782 

--- 
JOINTINLET NUM: 783
NAME: IN783
TOTAL : 1
LIST ITEMS
783 

--- 
JOINTINLET NUM: 784
NAME: IN784
TOTAL : 1
LIST ITEMS
784 

--- 
JOINTINLET NUM: 785
NAME: IN785
TOTAL : 1
LIST ITEMS
785 

--- 
JOINTINLET NUM: 786
NAME: IN786
TOTAL : 1
LIST ITEMS
786 

--- 
JOINTINLET NUM: 787
NAME: IN787
TOTAL : 1
LIST ITEMS
787 

--- 
JOINTINLET NUM: 788
NAME: IN788
TOTAL : 1
LIST ITEMS
788 

--- 
JOINTINLET NUM: 789
NAME: IN789
TOTAL : 1
LIST ITEMS
789 

--- 
JOINTINLET NUM: 790
NAME: IN790
TOTAL : 1
LIST ITEMS
790 

--- 
JOINTINLET NUM: 791
NAME: IN791
TOTAL : 1
LIST ITEMS
791 

--- 
JOINTINLET NUM: 792
NAME: IN792
TOTAL : 1
LIST ITEMS
792 

--- 
JOINTINLET NUM: 793
NAME: IN793
TOTAL : 1
LIST ITEMS
793 

--- 
JOINTINLET NUM: 794
NAME: IN794
TOTAL : 1
LIST ITEMS
794 

--- 
JOINTINLET NUM: 795
NAME: IN795
TOTAL : 1
LIST ITEMS
795 

--- 
JOINTINLET NUM: 796
NAME: IN796
TOTAL : 1
LIST ITEMS
796 

--- 
JOINTINLET NUM: 797
NAME: IN797
TOTAL : 1
LIST ITEMS
797 

--- 
JOINTINLET NUM: 798
NAME: IN798
TOTAL : 1
LIST ITEMS
798 

--- 
JOINTINLET NUM: 799
NAME: IN799
TOTAL : 1
LIST ITEMS
799 

--- 
JOINTINLET NUM: 800
NAME: IN800
TOTAL : 1
LIST ITEMS
800 

--- 
JOINTINLET NUM: 801
NAME: IN801
TOTAL : 1
LIST ITEMS
801 

--- 
JOINTINLET NUM: 802
NAME: IN802
TOTAL : 1
LIST ITEMS
802 

--- 
JOINTINLET NUM: 803
NAME: IN803
TOTAL : 1
LIST ITEMS
803 

--- 
JOINTINLET NUM: 804
NAME: IN804
TOTAL : 1
LIST ITEMS
804 

--- 
JOINTINLET NUM: 805
NAME: IN805
TOTAL : 1
LIST ITEMS
805 

--- 
JOINTINLET NUM: 806
NAME: IN806
TOTAL : 1
LIST ITEMS
806 

--- 
JOINTINLET NUM: 807
NAME: IN807
TOTAL : 1
LIST ITEMS
807 

--- 
JOINTINLET NUM: 808
NAME: IN808
TOTAL : 1
LIST ITEMS
808 

--- 
JOINTINLET NUM: 809
NAME: IN809
TOTAL : 1
LIST ITEMS
809 

--- 
JOINTINLET NUM: 810
NAME: IN810
TOTAL : 1
LIST ITEMS
810 

--- 
JOINTINLET NUM: 811
NAME: IN811
TOTAL : 1
LIST ITEMS
811 

--- 
JOINTINLET NUM: 812
NAME: IN812
TOTAL : 1
LIST ITEMS
812 

--- 
JOINTINLET NUM: 813
NAME: IN813
TOTAL : 1
LIST ITEMS
813 

--- 
JOINTINLET NUM: 814
NAME: IN814
TOTAL : 1
LIST ITEMS
814 

--- 
JOINTINLET NUM: 815
NAME: IN815
TOTAL : 1
LIST ITEMS
815 

--- 
JOINTINLET NUM: 816
NAME: IN816
TOTAL : 1
LIST ITEMS
816 

--- 
JOINTINLET NUM: 817
NAME: IN817
TOTAL : 1
LIST ITEMS
817 

--- 
JOINTINLET NUM: 818
NAME: IN818
TOTAL : 1
LIST ITEMS
818 

--- 
JOINTINLET NUM: 819
NAME: IN819
TOTAL : 1
LIST ITEMS
819 

--- 
JOINTINLET NUM: 820
NAME: IN820
TOTAL : 1
LIST ITEMS
820 

--- 
JOINTINLET NUM: 821
NAME: IN821
TOTAL : 1
LIST ITEMS
821 

--- 
JOINTINLET NUM: 822
NAME: IN822
TOTAL : 1
LIST ITEMS
822 

--- 
JOINTINLET NUM: 823
NAME: IN823
TOTAL : 1
LIST ITEMS
823 

--- 
JOINTINLET NUM: 824
NAME: IN824
TOTAL : 1
LIST ITEMS
824 

--- 
JOINTINLET NUM: 825
NAME: IN825
TOTAL : 1
LIST ITEMS
825 

--- 
JOINTINLET NUM: 826
NAME: IN826
TOTAL : 1
LIST ITEMS
826 

--- 
JOINTINLET NUM: 827
NAME: IN827
TOTAL : 1
LIST ITEMS
827 

--- 
JOINTINLET NUM: 828
NAME: IN828
TOTAL : 1
LIST ITEMS
828 

--- 
JOINTINLET NUM: 829
NAME: IN829
TOTAL : 1
LIST ITEMS
829 

--- 
JOINTINLET NUM: 830
NAME: IN830
TOTAL : 1
LIST ITEMS
830 

--- 
JOINTINLET NUM: 831
NAME: IN831
TOTAL : 1
LIST ITEMS
831 

--- 
JOINTINLET NUM: 832
NAME: IN832
TOTAL : 1
LIST ITEMS
832 

--- 
JOINTINLET NUM: 833
NAME: IN833
TOTAL : 1
LIST ITEMS
833 

--- 
JOINTINLET NUM: 834
NAME: IN834
TOTAL : 1
LIST ITEMS
834 

--- 
JOINTINLET NUM: 835
NAME: IN835
TOTAL : 1
LIST ITEMS
835 

--- 
JOINTINLET NUM: 836
NAME: IN836
TOTAL : 1
LIST ITEMS
836 

--- 
JOINTINLET NUM: 837
NAME: IN837
TOTAL : 1
LIST ITEMS
837 

--- 
JOINTINLET NUM: 838
NAME: IN838
TOTAL : 1
LIST ITEMS
838 

--- 
JOINTINLET NUM: 839
NAME: IN839
TOTAL : 1
LIST ITEMS
839 

--- 
JOINTINLET NUM: 840
NAME: IN840
TOTAL : 1
LIST ITEMS
840 

--- 
JOINTINLET NUM: 841
NAME: IN841
TOTAL : 1
LIST ITEMS
841 

--- 
JOINTINLET NUM: 842
NAME: IN842
TOTAL : 1
LIST ITEMS
842 

--- 
JOINTINLET NUM: 843
NAME: IN843
TOTAL : 1
LIST ITEMS
843 

--- 
JOINTINLET NUM: 844
NAME: IN844
TOTAL : 1
LIST ITEMS
844 

--- 
JOINTINLET NUM: 845
NAME: IN845
TOTAL : 1
LIST ITEMS
845 

--- 
JOINTINLET NUM: 846
NAME: IN846
TOTAL : 1
LIST ITEMS
846 

--- 
JOINTINLET NUM: 847
NAME: IN847
TOTAL : 1
LIST ITEMS
847 

--- 
JOINTINLET NUM: 848
NAME: IN848
TOTAL : 1
LIST ITEMS
848 

--- 
JOINTINLET NUM: 849
NAME: IN849
TOTAL : 1
LIST ITEMS
849 

--- 
JOINTINLET NUM: 850
NAME: IN850
TOTAL : 1
LIST ITEMS
850 

--- 
JOINTINLET NUM: 851
NAME: IN851
TOTAL : 1
LIST ITEMS
851 

--- 
JOINTINLET NUM: 852
NAME: IN852
TOTAL : 1
LIST ITEMS
852 

--- 
JOINTINLET NUM: 853
NAME: IN853
TOTAL : 1
LIST ITEMS
853 

--- 
JOINTINLET NUM: 854
NAME: IN854
TOTAL : 1
LIST ITEMS
854 

--- 
JOINTINLET NUM: 855
NAME: IN855
TOTAL : 1
LIST ITEMS
855 

--- 
JOINTINLET NUM: 856
NAME: IN856
TOTAL : 1
LIST ITEMS
856 

--- 
JOINTINLET NUM: 857
NAME: IN857
TOTAL : 1
LIST ITEMS
857 

--- 
JOINTINLET NUM: 858
NAME: IN858
TOTAL : 1
LIST ITEMS
858 

--- 
JOINTINLET NUM: 859
NAME: IN859
TOTAL : 1
LIST ITEMS
859 

--- 
JOINTINLET NUM: 860
NAME: IN860
TOTAL : 1
LIST ITEMS
860 

--- 
JOINTINLET NUM: 861
NAME: IN861
TOTAL : 1
LIST ITEMS
861 

--- 
JOINTINLET NUM: 862
NAME: IN862
TOTAL : 1
LIST ITEMS
862 

--- 
JOINTINLET NUM: 863
NAME: IN863
TOTAL : 1
LIST ITEMS
863 

--- 
JOINTINLET NUM: 864
NAME: IN864
TOTAL : 1
LIST ITEMS
864 

--- 
JOINTINLET NUM: 865
NAME: IN865
TOTAL : 1
LIST ITEMS
865 

--- 
JOINTINLET NUM: 866
NAME: IN866
TOTAL : 1
LIST ITEMS
866 

--- 
JOINTINLET NUM: 867
NAME: IN867
TOTAL : 1
LIST ITEMS
867 

--- 
JOINTINLET NUM: 868
NAME: IN868
TOTAL : 1
LIST ITEMS
868 

--- 
JOINTINLET NUM: 869
NAME: IN869
TOTAL : 1
LIST ITEMS
869 

--- 
JOINTINLET NUM: 870
NAME: IN870
TOTAL : 1
LIST ITEMS
870 

--- 
JOINTINLET NUM: 871
NAME: IN871
TOTAL : 1
LIST ITEMS
871 

--- 
JOINTINLET NUM: 872
NAME: IN872
TOTAL : 1
LIST ITEMS
872 

--- 
JOINTINLET NUM: 873
NAME: IN873
TOTAL : 1
LIST ITEMS
873 

--- 
JOINTINLET NUM: 874
NAME: IN874
TOTAL : 1
LIST ITEMS
874 

--- 
JOINTINLET NUM: 875
NAME: IN875
TOTAL : 1
LIST ITEMS
875 

--- 
JOINTINLET NUM: 876
NAME: IN876
TOTAL : 1
LIST ITEMS
876 

--- 
JOINTINLET NUM: 877
NAME: IN877
TOTAL : 1
LIST ITEMS
877 

--- 
JOINTINLET NUM: 878
NAME: IN878
TOTAL : 1
LIST ITEMS
878 

--- 
JOINTINLET NUM: 879
NAME: IN879
TOTAL : 1
LIST ITEMS
879 

--- 
JOINTINLET NUM: 880
NAME: IN880
TOTAL : 1
LIST ITEMS
880 

--- 
JOINTINLET NUM: 881
NAME: IN881
TOTAL : 1
LIST ITEMS
881 

--- 
JOINTINLET NUM: 882
NAME: IN882
TOTAL : 1
LIST ITEMS
882 

--- 
JOINTINLET NUM: 883
NAME: IN883
TOTAL : 1
LIST ITEMS
883 

--- 
JOINTINLET NUM: 884
NAME: IN884
TOTAL : 1
LIST ITEMS
884 

--- 
JOINTINLET NUM: 885
NAME: IN885
TOTAL : 1
LIST ITEMS
885 

--- 
JOINTINLET NUM: 886
NAME: IN886
TOTAL : 1
LIST ITEMS
886 

--- 
JOINTINLET NUM: 887
NAME: IN887
TOTAL : 1
LIST ITEMS
887 

--- 
JOINTINLET NUM: 888
NAME: IN888
TOTAL : 1
LIST ITEMS
888 

--- 
JOINTINLET NUM: 889
NAME: IN889
TOTAL : 1
LIST ITEMS
889 

--- 
JOINTINLET NUM: 890
NAME: IN890
TOTAL : 1
LIST ITEMS
890 

--- 
JOINTINLET NUM: 891
NAME: IN891
TOTAL : 1
LIST ITEMS
891 

--- 
JOINTINLET NUM: 892
NAME: IN892
TOTAL : 1
LIST ITEMS
892 

--- 
JOINTINLET NUM: 893
NAME: IN893
TOTAL : 1
LIST ITEMS
893 

--- 
JOINTINLET NUM: 894
NAME: IN894
TOTAL : 1
LIST ITEMS
894 

--- 
JOINTINLET NUM: 895
NAME: IN895
TOTAL : 1
LIST ITEMS
895 

--- 
JOINTINLET NUM: 896
NAME: IN896
TOTAL : 1
LIST ITEMS
896 

--- 
JOINTINLET NUM: 897
NAME: IN897
TOTAL : 1
LIST ITEMS
897 

--- 
JOINTINLET NUM: 898
NAME: IN898
TOTAL : 1
LIST ITEMS
898 

--- 
JOINTINLET NUM: 899
NAME: IN899
TOTAL : 1
LIST ITEMS
899 

--- 
JOINTINLET NUM: 900
NAME: IN900
TOTAL : 1
LIST ITEMS
900 

--- 
JOINTINLET NUM: 901
NAME: IN901
TOTAL : 1
LIST ITEMS
901 

--- 
JOINTINLET NUM: 902
NAME: IN902
TOTAL : 1
LIST ITEMS
902 

--- 
JOINTINLET NUM: 903
NAME: IN903
TOTAL : 1
LIST ITEMS
903 

--- 
JOINTINLET NUM: 904
NAME: IN904
TOTAL : 1
LIST ITEMS
904 

--- 
JOINTINLET NUM: 905
NAME: IN905
TOTAL : 1
LIST ITEMS
905 

--- 
JOINTINLET NUM: 906
NAME: IN906
TOTAL : 1
LIST ITEMS
906 

--- 
JOINTINLET NUM: 907
NAME: IN907
TOTAL : 1
LIST ITEMS
907 

--- 
JOINTINLET NUM: 908
NAME: IN908
TOTAL : 1
LIST ITEMS
908 

--- 
JOINTINLET NUM: 909
NAME: IN909
TOTAL : 1
LIST ITEMS
909 

--- 
JOINTINLET NUM: 910
NAME: IN910
TOTAL : 1
LIST ITEMS
910 

--- 
JOINTINLET NUM: 911
NAME: IN911
TOTAL : 1
LIST ITEMS
911 

--- 
JOINTINLET NUM: 912
NAME: IN912
TOTAL : 1
LIST ITEMS
912 

--- 
JOINTINLET NUM: 913
NAME: IN913
TOTAL : 1
LIST ITEMS
913 

--- 
JOINTINLET NUM: 914
NAME: IN914
TOTAL : 1
LIST ITEMS
914 

--- 
JOINTINLET NUM: 915
NAME: IN915
TOTAL : 1
LIST ITEMS
915 

--- 
JOINTINLET NUM: 916
NAME: IN916
TOTAL : 1
LIST ITEMS
916 

--- 
JOINTINLET NUM: 917
NAME: IN917
TOTAL : 1
LIST ITEMS
917 

--- 
JOINTINLET NUM: 918
NAME: IN918
TOTAL : 1
LIST ITEMS
918 

--- 
JOINTINLET NUM: 919
NAME: IN919
TOTAL : 1
LIST ITEMS
919 

--- 
JOINTINLET NUM: 920
NAME: IN920
TOTAL : 1
LIST ITEMS
920 

--- 
JOINTINLET NUM: 921
NAME: IN921
TOTAL : 1
LIST ITEMS
921 

--- 
JOINTINLET NUM: 922
NAME: IN922
TOTAL : 1
LIST ITEMS
922 

--- 
JOINTINLET NUM: 923
NAME: IN923
TOTAL : 1
LIST ITEMS
923 

--- 
JOINTINLET NUM: 924
NAME: IN924
TOTAL : 1
LIST ITEMS
924 

--- 
JOINTINLET NUM: 925
NAME: IN925
TOTAL : 1
LIST ITEMS
925 

--- 
JOINTINLET NUM: 926
NAME: IN926
TOTAL : 1
LIST ITEMS
926 

--- 
JOINTINLET NUM: 927
NAME: IN927
TOTAL : 1
LIST ITEMS
927 

--- 
JOINTINLET NUM: 928
NAME: IN928
TOTAL : 1
LIST ITEMS
928 

--- 
JOINTINLET NUM: 929
NAME: IN929
TOTAL : 1
LIST ITEMS
929 

--- 
JOINTINLET NUM: 930
NAME: IN930
TOTAL : 1
LIST ITEMS
930 

--- 
JOINTINLET NUM: 931
NAME: IN931
TOTAL : 1
LIST ITEMS
931 

--- 
JOINTINLET NUM: 932
NAME: IN932
TOTAL : 1
LIST ITEMS
932 

--- 
JOINTINLET NUM: 933
NAME: IN933
TOTAL : 1
LIST ITEMS
933 

--- 
JOINTINLET NUM: 934
NAME: IN934
TOTAL : 1
LIST ITEMS
934 

--- 
JOINTINLET NUM: 935
NAME: IN935
TOTAL : 1
LIST ITEMS
935 

--- 
JOINTINLET NUM: 936
NAME: IN936
TOTAL : 1
LIST ITEMS
936 

--- 
JOINTINLET NUM: 937
NAME: IN937
TOTAL : 1
LIST ITEMS
937 

--- 
JOINTINLET NUM: 938
NAME: IN938
TOTAL : 1
LIST ITEMS
938 

--- 
JOINTINLET NUM: 939
NAME: IN939
TOTAL : 1
LIST ITEMS
939 

--- 
JOINTINLET NUM: 940
NAME: IN940
TOTAL : 1
LIST ITEMS
940 

--- 
JOINTINLET NUM: 941
NAME: IN941
TOTAL : 1
LIST ITEMS
941 

--- 
JOINTINLET NUM: 942
NAME: IN942
TOTAL : 1
LIST ITEMS
942 

--- 
JOINTINLET NUM: 943
NAME: IN943
TOTAL : 1
LIST ITEMS
943 

--- 
JOINTINLET NUM: 944
NAME: IN944
TOTAL : 1
LIST ITEMS
944 

--- 
JOINTINLET NUM: 945
NAME: IN945
TOTAL : 1
LIST ITEMS
945 

--- 
JOINTINLET NUM: 946
NAME: IN946
TOTAL : 1
LIST ITEMS
946 

--- 
JOINTINLET NUM: 947
NAME: IN947
TOTAL : 1
LIST ITEMS
947 

--- 
JOINTINLET NUM: 948
NAME: IN948
TOTAL : 1
LIST ITEMS
948 

--- 
JOINTINLET NUM: 949
NAME: IN949
TOTAL : 1
LIST ITEMS
949 

--- 
JOINTINLET NUM: 950
NAME: IN950
TOTAL : 1
LIST ITEMS
950 

--- 
JOINTINLET NUM: 951
NAME: IN951
TOTAL : 1
LIST ITEMS
951 

--- 
JOINTINLET NUM: 952
NAME: IN952
TOTAL : 1
LIST ITEMS
952 

--- 
JOINTINLET NUM: 953
NAME: IN953
TOTAL : 1
LIST ITEMS
953 

--- 
JOINTINLET NUM: 954
NAME: IN954
TOTAL : 1
LIST ITEMS
954 

--- 
JOINTINLET NUM: 955
NAME: IN955
TOTAL : 1
LIST ITEMS
955 

--- 
JOINTINLET NUM: 956
NAME: IN956
TOTAL : 1
LIST ITEMS
956 

--- 
JOINTINLET NUM: 957
NAME: IN957
TOTAL : 1
LIST ITEMS
957 

--- 
JOINTINLET NUM: 958
NAME: IN958
TOTAL : 1
LIST ITEMS
958 

--- 
JOINTINLET NUM: 959
NAME: IN959
TOTAL : 1
LIST ITEMS
959 

--- 
JOINTINLET NUM: 960
NAME: IN960
TOTAL : 1
LIST ITEMS
960 

--- 
JOINTINLET NUM: 961
NAME: IN961
TOTAL : 1
LIST ITEMS
961 

--- 
JOINTINLET NUM: 962
NAME: IN962
TOTAL : 1
LIST ITEMS
962 

--- 
JOINTINLET NUM: 963
NAME: IN963
TOTAL : 1
LIST ITEMS
963 

--- 
JOINTINLET NUM: 964
NAME: IN964
TOTAL : 1
LIST ITEMS
964 

--- 
JOINTINLET NUM: 965
NAME: IN965
TOTAL : 1
LIST ITEMS
965 

--- 
JOINTINLET NUM: 966
NAME: IN966
TOTAL : 1
LIST ITEMS
966 

--- 
JOINTINLET NUM: 967
NAME: IN967
TOTAL : 1
LIST ITEMS
967 

--- 
JOINTINLET NUM: 968
NAME: IN968
TOTAL : 1
LIST ITEMS
968 

--- 
JOINTINLET NUM: 969
NAME: IN969
TOTAL : 1
LIST ITEMS
969 

--- 
JOINTINLET NUM: 970
NAME: IN970
TOTAL : 1
LIST ITEMS
970 

--- 
JOINTINLET NUM: 971
NAME: IN971
TOTAL : 1
LIST ITEMS
971 

--- 
JOINTINLET NUM: 972
NAME: IN972
TOTAL : 1
LIST ITEMS
972 

--- 
JOINTINLET NUM: 973
NAME: IN973
TOTAL : 1
LIST ITEMS
973 

--- 
JOINTINLET NUM: 974
NAME: IN974
TOTAL : 1
LIST ITEMS
974 

--- 
JOINTINLET NUM: 975
NAME: IN975
TOTAL : 1
LIST ITEMS
975 

--- 
JOINTINLET NUM: 976
NAME: IN976
TOTAL : 1
LIST ITEMS
976 

--- 
JOINTINLET NUM: 977
NAME: IN977
TOTAL : 1
LIST ITEMS
977 

--- 
JOINTINLET NUM: 978
NAME: IN978
TOTAL : 1
LIST ITEMS
978 

--- 
JOINTINLET NUM: 979
NAME: IN979
TOTAL : 1
LIST ITEMS
979 

--- 
JOINTINLET NUM: 980
NAME: IN980
TOTAL : 1
LIST ITEMS
980 

--- 
JOINTINLET NUM: 981
NAME: IN981
TOTAL : 1
LIST ITEMS
981 

--- 
JOINTINLET NUM: 982
NAME: IN982
TOTAL : 1
LIST ITEMS
982 

--- 
JOINTINLET NUM: 983
NAME: IN983
TOTAL : 1
LIST ITEMS
983 

--- 
JOINTINLET NUM: 984
NAME: IN984
TOTAL : 1
LIST ITEMS
984 

--- 
JOINTINLET NUM: 985
NAME: IN985
TOTAL : 1
LIST ITEMS
985 

--- 
JOINTINLET NUM: 986
NAME: IN986
TOTAL : 1
LIST ITEMS
986 

--- 
JOINTINLET NUM: 987
NAME: IN987
TOTAL : 1
LIST ITEMS
987 

--- 
JOINTINLET NUM: 988
NAME: IN988
TOTAL : 1
LIST ITEMS
988 

--- 
JOINTINLET NUM: 989
NAME: IN989
TOTAL : 1
LIST ITEMS
989 

--- 
JOINTINLET NUM: 990
NAME: IN990
TOTAL : 1
LIST ITEMS
990 

--- 
JOINTINLET NUM: 991
NAME: IN991
TOTAL : 1
LIST ITEMS
991 

--- 
JOINTINLET NUM: 992
NAME: IN992
TOTAL : 1
LIST ITEMS
992 

--- 
JOINTINLET NUM: 993
NAME: IN993
TOTAL : 1
LIST ITEMS
993 

--- 
JOINTINLET NUM: 994
NAME: IN994
TOTAL : 1
LIST ITEMS
994 

--- 
JOINTINLET NUM: 995
NAME: IN995
TOTAL : 1
LIST ITEMS
995 

--- 
JOINTINLET NUM: 996
NAME: IN996
TOTAL : 1
LIST ITEMS
996 

--- 
JOINTINLET NUM: 997
NAME: IN997
TOTAL : 1
LIST ITEMS
997 

--- 
JOINTINLET NUM: 998
NAME: IN998
TOTAL : 1
LIST ITEMS
998 

--- 
JOINTINLET NUM: 999
NAME: IN999
TOTAL : 1
LIST ITEMS
999 

--- 
JOINTINLET NUM: 1000
NAME: IN1000
TOTAL : 1
LIST ITEMS
1000 

--- 
JOINTINLET NUM: 1001
NAME: IN1001
TOTAL : 1
LIST ITEMS
1001 

--- 
JOINTINLET NUM: 1002
NAME: IN1002
TOTAL : 1
LIST ITEMS
1002 

--- 
JOINTINLET NUM: 1003
NAME: IN1003
TOTAL : 1
LIST ITEMS
1003 

--- 
JOINTINLET NUM: 1004
NAME: IN1004
TOTAL : 1
LIST ITEMS
1004 

--- 
JOINTINLET NUM: 1005
NAME: IN1005
TOTAL : 1
LIST ITEMS
1005 

--- 
JOINTINLET NUM: 1006
NAME: IN1006
TOTAL : 1
LIST ITEMS
1006 

--- 
JOINTINLET NUM: 1007
NAME: IN1007
TOTAL : 1
LIST ITEMS
1007 

--- 
JOINTINLET NUM: 1008
NAME: IN1008
TOTAL : 1
LIST ITEMS
1008 

--- 
JOINTINLET NUM: 1009
NAME: IN1009
TOTAL : 1
LIST ITEMS
1009 

--- 
JOINTINLET NUM: 1010
NAME: IN1010
TOTAL : 1
LIST ITEMS
1010 

--- 
JOINTINLET NUM: 1011
NAME: IN1011
TOTAL : 1
LIST ITEMS
1011 

--- 
JOINTINLET NUM: 1012
NAME: IN1012
TOTAL : 1
LIST ITEMS
1012 

--- 
JOINTINLET NUM: 1013
NAME: IN1013
TOTAL : 1
LIST ITEMS
1013 

--- 
JOINTINLET NUM: 1014
NAME: IN1014
TOTAL : 1
LIST ITEMS
1014 

--- 
JOINTINLET NUM: 1015
NAME: IN1015
TOTAL : 1
LIST ITEMS
1015 

--- 
JOINTINLET NUM: 1016
NAME: IN1016
TOTAL : 1
LIST ITEMS
1016 

--- 
JOINTINLET NUM: 1017
NAME: IN1017
TOTAL : 1
LIST ITEMS
1017 

--- 
JOINTINLET NUM: 1018
NAME: IN1018
TOTAL : 1
LIST ITEMS
1018 

--- 
JOINTINLET NUM: 1019
NAME: IN1019
TOTAL : 1
LIST ITEMS
1019 

--- 
JOINTINLET NUM: 1020
NAME: IN1020
TOTAL : 1
LIST ITEMS
1020 

--- 
JOINTINLET NUM: 1021
NAME: IN1021
TOTAL : 1
LIST ITEMS
1021 

--- 
JOINTINLET NUM: 1022
NAME: IN1022
TOTAL : 1
LIST ITEMS
1022 

--- 
JOINTINLET NUM: 1023
NAME: IN1023
TOTAL : 1
LIST ITEMS
1023 

--- 
JOINTINLET NUM: 1024
NAME: IN1024
TOTAL : 1
LIST ITEMS
1024 

--- 
JOINTINLET NUM: 1025
NAME: IN1025
TOTAL : 1
LIST ITEMS
1025 

--- 
JOINTINLET NUM: 1026
NAME: IN1026
TOTAL : 1
LIST ITEMS
1026 

--- 
JOINTINLET NUM: 1027
NAME: IN1027
TOTAL : 1
LIST ITEMS
1027 

--- 
JOINTINLET NUM: 1028
NAME: IN1028
TOTAL : 1
LIST ITEMS
1028 

--- 
JOINTINLET NUM: 1029
NAME: IN1029
TOTAL : 1
LIST ITEMS
1029 

--- 
JOINTINLET NUM: 1030
NAME: IN1030
TOTAL : 1
LIST ITEMS
1030 

--- 
JOINTINLET NUM: 1031
NAME: IN1031
TOTAL : 1
LIST ITEMS
1031 

--- 
JOINTINLET NUM: 1032
NAME: IN1032
TOTAL : 1
LIST ITEMS
1032 

--- 
JOINTINLET NUM: 1033
NAME: IN1033
TOTAL : 1
LIST ITEMS
1033 

--- 
JOINTINLET NUM: 1034
NAME: IN1034
TOTAL : 1
LIST ITEMS
1034 

--- 
JOINTINLET NUM: 1035
NAME: IN1035
TOTAL : 1
LIST ITEMS
1035 

--- 
JOINTINLET NUM: 1036
NAME: IN1036
TOTAL : 1
LIST ITEMS
1036 

--- 
JOINTINLET NUM: 1037
NAME: IN1037
TOTAL : 1
LIST ITEMS
1037 

--- 
JOINTINLET NUM: 1038
NAME: IN1038
TOTAL : 1
LIST ITEMS
1038 

--- 
JOINTINLET NUM: 1039
NAME: IN1039
TOTAL : 1
LIST ITEMS
1039 

--- 
JOINTINLET NUM: 1040
NAME: IN1040
TOTAL : 1
LIST ITEMS
1040 

--- 
JOINTINLET NUM: 1041
NAME: IN1041
TOTAL : 1
LIST ITEMS
1041 

--- 
JOINTINLET NUM: 1042
NAME: IN1042
TOTAL : 1
LIST ITEMS
1042 

--- 
JOINTINLET NUM: 1043
NAME: IN1043
TOTAL : 1
LIST ITEMS
1043 

--- 
JOINTINLET NUM: 1044
NAME: IN1044
TOTAL : 1
LIST ITEMS
1044 

--- 
JOINTINLET NUM: 1045
NAME: IN1045
TOTAL : 1
LIST ITEMS
1045 

--- 
JOINTINLET NUM: 1046
NAME: IN1046
TOTAL : 1
LIST ITEMS
1046 

--- 
JOINTINLET NUM: 1047
NAME: IN1047
TOTAL : 1
LIST ITEMS
1047 

--- 
JOINTINLET NUM: 1048
NAME: IN1048
TOTAL : 1
LIST ITEMS
1048 

--- 
JOINTINLET NUM: 1049
NAME: IN1049
TOTAL : 1
LIST ITEMS
1049 

--- 
JOINTINLET NUM: 1050
NAME: IN1050
TOTAL : 1
LIST ITEMS
1050 

--- 
JOINTINLET NUM: 1051
NAME: IN1051
TOTAL : 1
LIST ITEMS
1051 

--- 
JOINTINLET NUM: 1052
NAME: IN1052
TOTAL : 1
LIST ITEMS
1052 

--- 
JOINTINLET NUM: 1053
NAME: IN1053
TOTAL : 1
LIST ITEMS
1053 

--- 
JOINTINLET NUM: 1054
NAME: IN1054
TOTAL : 1
LIST ITEMS
1054 

--- 
JOINTINLET NUM: 1055
NAME: IN1055
TOTAL : 1
LIST ITEMS
1055 

--- 
JOINTINLET NUM: 1056
NAME: IN1056
TOTAL : 1
LIST ITEMS
1056 

--- 
JOINTINLET NUM: 1057
NAME: IN1057
TOTAL : 1
LIST ITEMS
1057 

--- 
JOINTINLET NUM: 1058
NAME: IN1058
TOTAL : 1
LIST ITEMS
1058 

--- 
JOINTINLET NUM: 1059
NAME: IN1059
TOTAL : 1
LIST ITEMS
1059 

--- 
JOINTINLET NUM: 1060
NAME: IN1060
TOTAL : 1
LIST ITEMS
1060 

--- 
JOINTINLET NUM: 1061
NAME: IN1061
TOTAL : 1
LIST ITEMS
1061 

--- 
JOINTINLET NUM: 1062
NAME: IN1062
TOTAL : 1
LIST ITEMS
1062 

--- 
JOINTINLET NUM: 1063
NAME: IN1063
TOTAL : 1
LIST ITEMS
1063 

--- 
JOINTINLET NUM: 1064
NAME: IN1064
TOTAL : 1
LIST ITEMS
1064 

--- 
JOINTINLET NUM: 1065
NAME: IN1065
TOTAL : 1
LIST ITEMS
1065 

--- 
JOINTINLET NUM: 1066
NAME: IN1066
TOTAL : 1
LIST ITEMS
1066 

--- 
JOINTINLET NUM: 1067
NAME: IN1067
TOTAL : 1
LIST ITEMS
1067 

--- 
JOINTINLET NUM: 1068
NAME: IN1068
TOTAL : 1
LIST ITEMS
1068 

--- 
JOINTINLET NUM: 1069
NAME: IN1069
TOTAL : 1
LIST ITEMS
1069 

--- 
JOINTINLET NUM: 1070
NAME: IN1070
TOTAL : 1
LIST ITEMS
1070 

--- 
JOINTINLET NUM: 1071
NAME: IN1071
TOTAL : 1
LIST ITEMS
1071 

--- 
JOINTINLET NUM: 1072
NAME: IN1072
TOTAL : 1
LIST ITEMS
1072 

--- 
JOINTINLET NUM: 1073
NAME: IN1073
TOTAL : 1
LIST ITEMS
1073 

--- 
JOINTINLET NUM: 1074
NAME: IN1074
TOTAL : 1
LIST ITEMS
1074 

--- 
JOINTINLET NUM: 1075
NAME: IN1075
TOTAL : 1
LIST ITEMS
1075 

--- 
JOINTINLET NUM: 1076
NAME: IN1076
TOTAL : 1
LIST ITEMS
1076 

--- 
JOINTINLET NUM: 1077
NAME: IN1077
TOTAL : 1
LIST ITEMS
1077 

--- 
JOINTINLET NUM: 1078
NAME: IN1078
TOTAL : 1
LIST ITEMS
1078 

--- 
JOINTINLET NUM: 1079
NAME: IN1079
TOTAL : 1
LIST ITEMS
1079 

--- 
JOINTINLET NUM: 1080
NAME: IN1080
TOTAL : 1
LIST ITEMS
1080 

--- 
JOINTINLET NUM: 1081
NAME: IN1081
TOTAL : 1
LIST ITEMS
1081 

--- 
JOINTINLET NUM: 1082
NAME: IN1082
TOTAL : 1
LIST ITEMS
1082 

--- 
JOINTINLET NUM: 1083
NAME: IN1083
TOTAL : 1
LIST ITEMS
1083 

--- 
JOINTINLET NUM: 1084
NAME: IN1084
TOTAL : 1
LIST ITEMS
1084 

--- 
JOINTINLET NUM: 1085
NAME: IN1085
TOTAL : 1
LIST ITEMS
1085 

--- 
JOINTINLET NUM: 1086
NAME: IN1086
TOTAL : 1
LIST ITEMS
1086 

--- 
JOINTINLET NUM: 1087
NAME: IN1087
TOTAL : 1
LIST ITEMS
1087 

--- 
JOINTINLET NUM: 1088
NAME: IN1088
TOTAL : 1
LIST ITEMS
1088 

--- 
JOINTINLET NUM: 1089
NAME: IN1089
TOTAL : 1
LIST ITEMS
1089 

--- 
JOINTINLET NUM: 1090
NAME: IN1090
TOTAL : 1
LIST ITEMS
1090 

--- 
JOINTINLET NUM: 1091
NAME: IN1091
TOTAL : 1
LIST ITEMS
1091 

--- 
JOINTINLET NUM: 1092
NAME: IN1092
TOTAL : 1
LIST ITEMS
1092 

--- 
JOINTINLET NUM: 1093
NAME: IN1093
TOTAL : 1
LIST ITEMS
1093 

--- 
JOINTINLET NUM: 1094
NAME: IN1094
TOTAL : 1
LIST ITEMS
1094 

--- 
JOINTINLET NUM: 1095
NAME: IN1095
TOTAL : 1
LIST ITEMS
1095 

--- 
JOINTINLET NUM: 1096
NAME: IN1096
TOTAL : 1
LIST ITEMS
1096 

--- 
JOINTINLET NUM: 1097
NAME: IN1097
TOTAL : 1
LIST ITEMS
1097 

--- 
JOINTINLET NUM: 1098
NAME: IN1098
TOTAL : 1
LIST ITEMS
1098 

--- 
JOINTINLET NUM: 1099
NAME: IN1099
TOTAL : 1
LIST ITEMS
1099 

--- 
JOINTINLET NUM: 1100
NAME: IN1100
TOTAL : 1
LIST ITEMS
1100 

--- 
JOINTINLET NUM: 1101
NAME: IN1101
TOTAL : 1
LIST ITEMS
1101 

--- 
JOINTINLET NUM: 1102
NAME: IN1102
TOTAL : 1
LIST ITEMS
1102 

--- 
JOINTINLET NUM: 1103
NAME: IN1103
TOTAL : 1
LIST ITEMS
1103 

--- 
JOINTINLET NUM: 1104
NAME: IN1104
TOTAL : 1
LIST ITEMS
1104 

--- 
JOINTINLET NUM: 1105
NAME: IN1105
TOTAL : 1
LIST ITEMS
1105 

--- 
JOINTINLET NUM: 1106
NAME: IN1106
TOTAL : 1
LIST ITEMS
1106 

--- 
JOINTINLET NUM: 1107
NAME: IN1107
TOTAL : 1
LIST ITEMS
1107 

--- 
JOINTINLET NUM: 1108
NAME: IN1108
TOTAL : 1
LIST ITEMS
1108 

--- 
JOINTINLET NUM: 1109
NAME: IN1109
TOTAL : 1
LIST ITEMS
1109 

--- 
JOINTINLET NUM: 1110
NAME: IN1110
TOTAL : 1
LIST ITEMS
1110 

--- 
JOINTINLET NUM: 1111
NAME: IN1111
TOTAL : 1
LIST ITEMS
1111 

--- 
JOINTINLET NUM: 1112
NAME: IN1112
TOTAL : 1
LIST ITEMS
1112 

--- 
JOINTINLET NUM: 1113
NAME: IN1113
TOTAL : 1
LIST ITEMS
1113 

--- 
JOINTINLET NUM: 1114
NAME: IN1114
TOTAL : 1
LIST ITEMS
1114 

--- 
JOINTINLET NUM: 1115
NAME: IN1115
TOTAL : 1
LIST ITEMS
1115 

--- 
JOINTINLET NUM: 1116
NAME: IN1116
TOTAL : 1
LIST ITEMS
1116 

--- 
JOINTINLET NUM: 1117
NAME: IN1117
TOTAL : 1
LIST ITEMS
1117 

--- 
JOINTINLET NUM: 1118
NAME: IN1118
TOTAL : 1
LIST ITEMS
1118 

--- 
JOINTINLET NUM: 1119
NAME: IN1119
TOTAL : 1
LIST ITEMS
1119 

--- 
JOINTINLET NUM: 1120
NAME: IN1120
TOTAL : 1
LIST ITEMS
1120 

--- 
JOINTINLET NUM: 1121
NAME: IN1121
TOTAL : 1
LIST ITEMS
1121 

--- 
JOINTINLET NUM: 1122
NAME: IN1122
TOTAL : 1
LIST ITEMS
1122 

--- 
JOINTINLET NUM: 1123
NAME: IN1123
TOTAL : 1
LIST ITEMS
1123 

--- 
JOINTINLET NUM: 1124
NAME: IN1124
TOTAL : 1
LIST ITEMS
1124 

--- 
JOINTINLET NUM: 1125
NAME: IN1125
TOTAL : 1
LIST ITEMS
1125 

--- 
JOINTINLET NUM: 1126
NAME: IN1126
TOTAL : 1
LIST ITEMS
1126 

--- 
JOINTINLET NUM: 1127
NAME: IN1127
TOTAL : 1
LIST ITEMS
1127 

--- 
JOINTINLET NUM: 1128
NAME: IN1128
TOTAL : 1
LIST ITEMS
1128 

--- 
JOINTINLET NUM: 1129
NAME: IN1129
TOTAL : 1
LIST ITEMS
1129 

--- 
JOINTINLET NUM: 1130
NAME: IN1130
TOTAL : 1
LIST ITEMS
1130 

--- 
JOINTINLET NUM: 1131
NAME: IN1131
TOTAL : 1
LIST ITEMS
1131 

--- 
JOINTINLET NUM: 1132
NAME: IN1132
TOTAL : 1
LIST ITEMS
1132 

--- 
JOINTINLET NUM: 1133
NAME: IN1133
TOTAL : 1
LIST ITEMS
1133 

--- 
JOINTINLET NUM: 1134
NAME: IN1134
TOTAL : 1
LIST ITEMS
1134 

--- 
JOINTINLET NUM: 1135
NAME: IN1135
TOTAL : 1
LIST ITEMS
1135 

--- 
JOINTINLET NUM: 1136
NAME: IN1136
TOTAL : 1
LIST ITEMS
1136 

--- 
JOINTINLET NUM: 1137
NAME: IN1137
TOTAL : 1
LIST ITEMS
1137 

--- 
JOINTINLET NUM: 1138
NAME: IN1138
TOTAL : 1
LIST ITEMS
1138 

--- 
JOINTINLET NUM: 1139
NAME: IN1139
TOTAL : 1
LIST ITEMS
1139 

--- 
JOINTINLET NUM: 1140
NAME: IN1140
TOTAL : 1
LIST ITEMS
1140 

--- 
JOINTINLET NUM: 1141
NAME: IN1141
TOTAL : 1
LIST ITEMS
1141 

--- 
JOINTINLET NUM: 1142
NAME: IN1142
TOTAL : 1
LIST ITEMS
1142 

--- 
JOINTINLET NUM: 1143
NAME: IN1143
TOTAL : 1
LIST ITEMS
1143 

--- 
JOINTINLET NUM: 1144
NAME: IN1144
TOTAL : 1
LIST ITEMS
1144 

--- 
JOINTINLET NUM: 1145
NAME: IN1145
TOTAL : 1
LIST ITEMS
1145 

--- 
JOINTINLET NUM: 1146
NAME: IN1146
TOTAL : 1
LIST ITEMS
1146 

--- 
JOINTINLET NUM: 1147
NAME: IN1147
TOTAL : 1
LIST ITEMS
1147 

--- 
JOINTINLET NUM: 1148
NAME: IN1148
TOTAL : 1
LIST ITEMS
1148 

--- 
JOINTINLET NUM: 1149
NAME: IN1149
TOTAL : 1
LIST ITEMS
1149 

--- 
JOINTINLET NUM: 1150
NAME: IN1150
TOTAL : 1
LIST ITEMS
1150 

--- 
JOINTINLET NUM: 1151
NAME: IN1151
TOTAL : 1
LIST ITEMS
1151 

--- 
JOINTINLET NUM: 1152
NAME: IN1152
TOTAL : 1
LIST ITEMS
1152 

--- 
JOINTINLET NUM: 1153
NAME: IN1153
TOTAL : 1
LIST ITEMS
1153 

--- 
JOINTINLET NUM: 1154
NAME: IN1154
TOTAL : 1
LIST ITEMS
1154 

--- 
JOINTINLET NUM: 1155
NAME: IN1155
TOTAL : 1
LIST ITEMS
1155 

--- 
JOINTINLET NUM: 1156
NAME: IN1156
TOTAL : 1
LIST ITEMS
1156 

--- 
JOINTINLET NUM: 1157
NAME: IN1157
TOTAL : 1
LIST ITEMS
1157 

--- 
JOINTINLET NUM: 1158
NAME: IN1158
TOTAL : 1
LIST ITEMS
1158 

--- 
JOINTINLET NUM: 1159
NAME: IN1159
TOTAL : 1
LIST ITEMS
1159 

--- 
JOINTINLET NUM: 1160
NAME: IN1160
TOTAL : 1
LIST ITEMS
1160 

--- 
JOINTINLET NUM: 1161
NAME: IN1161
TOTAL : 1
LIST ITEMS
1161 

--- 
JOINTINLET NUM: 1162
NAME: IN1162
TOTAL : 1
LIST ITEMS
1162 

--- 
JOINTINLET NUM: 1163
NAME: IN1163
TOTAL : 1
LIST ITEMS
1163 

--- 
JOINTINLET NUM: 1164
NAME: IN1164
TOTAL : 1
LIST ITEMS
1164 

--- 
JOINTINLET NUM: 1165
NAME: IN1165
TOTAL : 1
LIST ITEMS
1165 

--- 
JOINTINLET NUM: 1166
NAME: IN1166
TOTAL : 1
LIST ITEMS
1166 

--- 
JOINTINLET NUM: 1167
NAME: IN1167
TOTAL : 1
LIST ITEMS
1167 

--- 
JOINTINLET NUM: 1168
NAME: IN1168
TOTAL : 1
LIST ITEMS
1168 

--- 
JOINTINLET NUM: 1169
NAME: IN1169
TOTAL : 1
LIST ITEMS
1169 

--- 
JOINTINLET NUM: 1170
NAME: IN1170
TOTAL : 1
LIST ITEMS
1170 

--- 
JOINTINLET NUM: 1171
NAME: IN1171
TOTAL : 1
LIST ITEMS
1171 

--- 
JOINTINLET NUM: 1172
NAME: IN1172
TOTAL : 1
LIST ITEMS
1172 

--- 
JOINTINLET NUM: 1173
NAME: IN1173
TOTAL : 1
LIST ITEMS
1173 

--- 
JOINTINLET NUM: 1174
NAME: IN1174
TOTAL : 1
LIST ITEMS
1174 

--- 
JOINTINLET NUM: 1175
NAME: IN1175
TOTAL : 1
LIST ITEMS
1175 

--- 
JOINTINLET NUM: 1176
NAME: IN1176
TOTAL : 1
LIST ITEMS
1176 

--- 
JOINTINLET NUM: 1177
NAME: IN1177
TOTAL : 1
LIST ITEMS
1177 

--- 
JOINTINLET NUM: 1178
NAME: IN1178
TOTAL : 1
LIST ITEMS
1178 

--- 
JOINTINLET NUM: 1179
NAME: IN1179
TOTAL : 1
LIST ITEMS
1179 

--- 
JOINTINLET NUM: 1180
NAME: IN1180
TOTAL : 1
LIST ITEMS
1180 

--- 
JOINTINLET NUM: 1181
NAME: IN1181
TOTAL : 1
LIST ITEMS
1181 

--- 
JOINTINLET NUM: 1182
NAME: IN1182
TOTAL : 1
LIST ITEMS
1182 

--- 
JOINTINLET NUM: 1183
NAME: IN1183
TOTAL : 1
LIST ITEMS
1183 

--- 
JOINTINLET NUM: 1184
NAME: IN1184
TOTAL : 1
LIST ITEMS
1184 

--- 
JOINTINLET NUM: 1185
NAME: IN1185
TOTAL : 1
LIST ITEMS
1185 

--- 
JOINTINLET NUM: 1186
NAME: IN1186
TOTAL : 1
LIST ITEMS
1186 

--- 
JOINTINLET NUM: 1187
NAME: IN1187
TOTAL : 1
LIST ITEMS
1187 

--- 
JOINTINLET NUM: 1188
NAME: IN1188
TOTAL : 1
LIST ITEMS
1188 

--- 
JOINTINLET NUM: 1189
NAME: IN1189
TOTAL : 1
LIST ITEMS
1189 

--- 
JOINTINLET NUM: 1190
NAME: IN1190
TOTAL : 1
LIST ITEMS
1190 

--- 
JOINTINLET NUM: 1191
NAME: IN1191
TOTAL : 1
LIST ITEMS
1191 

--- 
JOINTINLET NUM: 1192
NAME: IN1192
TOTAL : 1
LIST ITEMS
1192 

--- 
JOINTINLET NUM: 1193
NAME: IN1193
TOTAL : 1
LIST ITEMS
1193 

--- 
JOINTINLET NUM: 1194
NAME: IN1194
TOTAL : 1
LIST ITEMS
1194 

--- 
JOINTINLET NUM: 1195
NAME: IN1195
TOTAL : 1
LIST ITEMS
1195 

--- 
JOINTINLET NUM: 1196
NAME: IN1196
TOTAL : 1
LIST ITEMS
1196 

--- 
JOINTINLET NUM: 1197
NAME: IN1197
TOTAL : 1
LIST ITEMS
1197 

--- 
JOINTINLET NUM: 1198
NAME: IN1198
TOTAL : 1
LIST ITEMS
1198 

--- 
JOINTINLET NUM: 1199
NAME: IN1199
TOTAL : 1
LIST ITEMS
1199 

--- 
JOINTINLET NUM: 1200
NAME: IN1200
TOTAL : 1
LIST ITEMS
1200 

--- 
JOINTINLET NUM: 1201
NAME: IN1201
TOTAL : 1
LIST ITEMS
1201 

--- 
JOINTINLET NUM: 1202
NAME: IN1202
TOTAL : 1
LIST ITEMS
1202 

--- 
JOINTINLET NUM: 1203
NAME: IN1203
TOTAL : 1
LIST ITEMS
1203 

--- 
JOINTINLET NUM: 1204
NAME: IN1204
TOTAL : 1
LIST ITEMS
1204 

--- 
JOINTINLET NUM: 1205
NAME: IN1205
TOTAL : 1
LIST ITEMS
1205 

--- 
JOINTINLET NUM: 1206
NAME: IN1206
TOTAL : 1
LIST ITEMS
1206 

--- 
JOINTINLET NUM: 1207
NAME: IN1207
TOTAL : 1
LIST ITEMS
1207 

--- 
JOINTINLET NUM: 1208
NAME: IN1208
TOTAL : 1
LIST ITEMS
1208 

--- 
JOINTINLET NUM: 1209
NAME: IN1209
TOTAL : 1
LIST ITEMS
1209 

--- 
JOINTINLET NUM: 1210
NAME: IN1210
TOTAL : 1
LIST ITEMS
1210 

--- 
JOINTINLET NUM: 1211
NAME: IN1211
TOTAL : 1
LIST ITEMS
1211 

--- 
JOINTINLET NUM: 1212
NAME: IN1212
TOTAL : 1
LIST ITEMS
1212 

--- 
JOINTINLET NUM: 1213
NAME: IN1213
TOTAL : 1
LIST ITEMS
1213 

--- 
JOINTINLET NUM: 1214
NAME: IN1214
TOTAL : 1
LIST ITEMS
1214 

--- 
JOINTINLET NUM: 1215
NAME: IN1215
TOTAL : 1
LIST ITEMS
1215 

--- 
JOINTINLET NUM: 1216
NAME: IN1216
TOTAL : 1
LIST ITEMS
1216 

--- 
JOINTINLET NUM: 1217
NAME: IN1217
TOTAL : 1
LIST ITEMS
1217 

--- 
JOINTINLET NUM: 1218
NAME: IN1218
TOTAL : 1
LIST ITEMS
1218 

--- 
JOINTINLET NUM: 1219
NAME: IN1219
TOTAL : 1
LIST ITEMS
1219 

--- 
JOINTINLET NUM: 1220
NAME: IN1220
TOTAL : 1
LIST ITEMS
1220 

--- 
JOINTINLET NUM: 1221
NAME: IN1221
TOTAL : 1
LIST ITEMS
1221 

--- 
JOINTINLET NUM: 1222
NAME: IN1222
TOTAL : 1
LIST ITEMS
1222 

--- 
JOINTINLET NUM: 1223
NAME: IN1223
TOTAL : 1
LIST ITEMS
1223 

--- 
JOINTINLET NUM: 1224
NAME: IN1224
TOTAL : 1
LIST ITEMS
1224 

--- 
JOINTINLET NUM: 1225
NAME: IN1225
TOTAL : 1
LIST ITEMS
1225 

--- 
JOINTINLET NUM: 1226
NAME: IN1226
TOTAL : 1
LIST ITEMS
1226 

--- 
JOINTINLET NUM: 1227
NAME: IN1227
TOTAL : 1
LIST ITEMS
1227 

--- 
JOINTINLET NUM: 1228
NAME: IN1228
TOTAL : 1
LIST ITEMS
1228 

--- 
JOINTINLET NUM: 1229
NAME: IN1229
TOTAL : 1
LIST ITEMS
1229 

--- 
JOINTINLET NUM: 1230
NAME: IN1230
TOTAL : 1
LIST ITEMS
1230 

--- 
JOINTINLET NUM: 1231
NAME: IN1231
TOTAL : 1
LIST ITEMS
1231 

--- 
JOINTINLET NUM: 1232
NAME: IN1232
TOTAL : 1
LIST ITEMS
1232 

--- 
JOINTINLET NUM: 1233
NAME: IN1233
TOTAL : 1
LIST ITEMS
1233 

--- 
JOINTINLET NUM: 1234
NAME: IN1234
TOTAL : 1
LIST ITEMS
1234 

--- 
JOINTINLET NUM: 1235
NAME: IN1235
TOTAL : 1
LIST ITEMS
1235 

--- 
JOINTINLET NUM: 1236
NAME: IN1236
TOTAL : 1
LIST ITEMS
1236 

--- 
JOINTINLET NUM: 1237
NAME: IN1237
TOTAL : 1
LIST ITEMS
1237 

--- 
JOINTINLET NUM: 1238
NAME: IN1238
TOTAL : 1
LIST ITEMS
1238 

--- 
JOINTINLET NUM: 1239
NAME: IN1239
TOTAL : 1
LIST ITEMS
1239 

--- 
JOINTINLET NUM: 1240
NAME: IN1240
TOTAL : 1
LIST ITEMS
1240 

--- 
JOINTINLET NUM: 1241
NAME: IN1241
TOTAL : 1
LIST ITEMS
1241 

--- 
JOINTINLET NUM: 1242
NAME: IN1242
TOTAL : 1
LIST ITEMS
1242 

--- 
JOINTINLET NUM: 1243
NAME: IN1243
TOTAL : 1
LIST ITEMS
1243 

--- 
JOINTINLET NUM: 1244
NAME: IN1244
TOTAL : 1
LIST ITEMS
1244 

--- 
JOINTINLET NUM: 1245
NAME: IN1245
TOTAL : 1
LIST ITEMS
1245 

--- 
JOINTINLET NUM: 1246
NAME: IN1246
TOTAL : 1
LIST ITEMS
1246 

--- 
JOINTINLET NUM: 1247
NAME: IN1247
TOTAL : 1
LIST ITEMS
1247 

--- 
JOINTINLET NUM: 1248
NAME: IN1248
TOTAL : 1
LIST ITEMS
1248 

--- 
JOINTINLET NUM: 1249
NAME: IN1249
TOTAL : 1
LIST ITEMS
1249 

--- 
JOINTINLET NUM: 1250
NAME: IN1250
TOTAL : 1
LIST ITEMS
1250 

--- 
JOINTINLET NUM: 1251
NAME: IN1251
TOTAL : 1
LIST ITEMS
1251 

--- 
JOINTINLET NUM: 1252
NAME: IN1252
TOTAL : 1
LIST ITEMS
1252 

--- 
JOINTINLET NUM: 1253
NAME: IN1253
TOTAL : 1
LIST ITEMS
1253 

--- 
JOINTINLET NUM: 1254
NAME: IN1254
TOTAL : 1
LIST ITEMS
1254 

--- 
JOINTINLET NUM: 1255
NAME: IN1255
TOTAL : 1
LIST ITEMS
1255 

--- 
JOINTINLET NUM: 1256
NAME: IN1256
TOTAL : 1
LIST ITEMS
1256 

--- 
JOINTINLET NUM: 1257
NAME: IN1257
TOTAL : 1
LIST ITEMS
1257 

--- 
JOINTINLET NUM: 1258
NAME: IN1258
TOTAL : 1
LIST ITEMS
1258 

--- 
JOINTINLET NUM: 1259
NAME: IN1259
TOTAL : 1
LIST ITEMS
1259 

--- 
JOINTINLET NUM: 1260
NAME: IN1260
TOTAL : 1
LIST ITEMS
1260 

--- 
JOINTINLET NUM: 1261
NAME: IN1261
TOTAL : 1
LIST ITEMS
1261 

--- 
JOINTINLET NUM: 1262
NAME: IN1262
TOTAL : 1
LIST ITEMS
1262 

--- 
JOINTINLET NUM: 1263
NAME: IN1263
TOTAL : 1
LIST ITEMS
1263 

--- 
JOINTINLET NUM: 1264
NAME: IN1264
TOTAL : 1
LIST ITEMS
1264 

--- 
JOINTINLET NUM: 1265
NAME: IN1265
TOTAL : 1
LIST ITEMS
1265 

--- 
JOINTINLET NUM: 1266
NAME: IN1266
TOTAL : 1
LIST ITEMS
1266 

--- 
JOINTINLET NUM: 1267
NAME: IN1267
TOTAL : 1
LIST ITEMS
1267 

--- 
JOINTINLET NUM: 1268
NAME: IN1268
TOTAL : 1
LIST ITEMS
1268 

--- 
JOINTINLET NUM: 1269
NAME: IN1269
TOTAL : 1
LIST ITEMS
1269 

--- 
JOINTINLET NUM: 1270
NAME: IN1270
TOTAL : 1
LIST ITEMS
1270 

--- 
JOINTINLET NUM: 1271
NAME: IN1271
TOTAL : 1
LIST ITEMS
1271 

--- 
JOINTINLET NUM: 1272
NAME: IN1272
TOTAL : 1
LIST ITEMS
1272 

--- 
JOINTINLET NUM: 1273
NAME: IN1273
TOTAL : 1
LIST ITEMS
1273 

--- 
JOINTINLET NUM: 1274
NAME: IN1274
TOTAL : 1
LIST ITEMS
1274 

--- 
JOINTINLET NUM: 1275
NAME: IN1275
TOTAL : 1
LIST ITEMS
1275 

--- 
JOINTINLET NUM: 1276
NAME: IN1276
TOTAL : 1
LIST ITEMS
1276 

--- 
JOINTINLET NUM: 1277
NAME: IN1277
TOTAL : 1
LIST ITEMS
1277 

--- 
JOINTINLET NUM: 1278
NAME: IN1278
TOTAL : 1
LIST ITEMS
1278 

--- 
JOINTINLET NUM: 1279
NAME: IN1279
TOTAL : 1
LIST ITEMS
1279 

--- 
JOINTINLET NUM: 1280
NAME: IN1280
TOTAL : 1
LIST ITEMS
1280 

--- 
JOINTINLET NUM: 1281
NAME: IN1281
TOTAL : 1
LIST ITEMS
1281 

--- 
JOINTINLET NUM: 1282
NAME: IN1282
TOTAL : 1
LIST ITEMS
1282 

--- 
JOINTINLET NUM: 1283
NAME: IN1283
TOTAL : 1
LIST ITEMS
1283 

--- 
JOINTINLET NUM: 1284
NAME: IN1284
TOTAL : 1
LIST ITEMS
1284 

--- 
JOINTINLET NUM: 1285
NAME: IN1285
TOTAL : 1
LIST ITEMS
1285 

--- 
JOINTINLET NUM: 1286
NAME: IN1286
TOTAL : 1
LIST ITEMS
1286 

--- 
JOINTINLET NUM: 1287
NAME: IN1287
TOTAL : 1
LIST ITEMS
1287 

--- 
JOINTINLET NUM: 1288
NAME: IN1288
TOTAL : 1
LIST ITEMS
1288 

--- 
JOINTINLET NUM: 1289
NAME: IN1289
TOTAL : 1
LIST ITEMS
1289 

--- 
JOINTINLET NUM: 1290
NAME: IN1290
TOTAL : 1
LIST ITEMS
1290 

--- 
JOINTINLET NUM: 1291
NAME: IN1291
TOTAL : 1
LIST ITEMS
1291 

--- 
JOINTINLET NUM: 1292
NAME: IN1292
TOTAL : 1
LIST ITEMS
1292 

--- 
JOINTINLET NUM: 1293
NAME: IN1293
TOTAL : 1
LIST ITEMS
1293 

--- 
JOINTINLET NUM: 1294
NAME: IN1294
TOTAL : 1
LIST ITEMS
1294 

--- 
JOINTINLET NUM: 1295
NAME: IN1295
TOTAL : 1
LIST ITEMS
1295 

--- 
JOINTINLET NUM: 1296
NAME: IN1296
TOTAL : 1
LIST ITEMS
1296 

--- 
JOINTINLET NUM: 1297
NAME: IN1297
TOTAL : 1
LIST ITEMS
1297 

--- 
JOINTINLET NUM: 1298
NAME: IN1298
TOTAL : 1
LIST ITEMS
1298 

--- 
JOINTOUTLET DATA
--- 
JOINTOUTLET NUM: 0
NAME: OUT0
TOTAL : 1
LIST ITEMS
1 

--- 
JOINTOUTLET NUM: 1
NAME: OUT1
TOTAL : 1
LIST ITEMS
2 

--- 
JOINTOUTLET NUM: 2
NAME: OUT2
TOTAL : 1
LIST ITEMS
3 

--- 
JOINTOUTLET NUM: 3
NAME: OUT3
TOTAL : 1
LIST ITEMS
4 

--- 
JOINTOUTLET NUM: 4
NAME: OUT4
TOTAL : 1
LIST ITEMS
5 

--- 
JOINTOUTLET NUM: 5
NAME: OUT5
TOTAL : 1
LIST ITEMS
6 

--- 
JOINTOUTLET NUM: 6
NAME: OUT6
TOTAL : 1
LIST ITEMS
7 

--- 
JOINTOUTLET NUM: 7
NAME: OUT7
TOTAL : 1
LIST ITEMS
8 

--- 
JOINTOUTLET NUM: 8
NAME: OUT8
TOTAL : 1
LIST ITEMS
9 

--- 
JOINTOUTLET NUM: 9
NAME: OUT9
TOTAL : 1
LIST ITEMS
10 

--- 
JOINTOUTLET NUM: 10
NAME: OUT10
TOTAL : 1
LIST ITEMS
11 

--- 
JOINTOUTLET NUM: 11
NAME: OUT11
TOTAL : 1
LIST ITEMS
12 

--- 
JOINTOUTLET NUM: 12
NAME: OUT12
TOTAL : 1
LIST ITEMS
13 

--- 
JOINTOUTLET NUM: 13
NAME: OUT13
TOTAL : 1
LIST ITEMS
14 

--- 
JOINTOUTLET NUM: 14
NAME: OUT14
TOTAL : 1
LIST ITEMS
15 

--- 
JOINTOUTLET NUM: 15
NAME: OUT15
TOTAL : 1
LIST ITEMS
16 

--- 
JOINTOUTLET NUM: 16
NAME: OUT16
TOTAL : 1
LIST ITEMS
17 

--- 
JOINTOUTLET NUM: 17
NAME: OUT17
TOTAL : 1
LIST ITEMS
18 

--- 
JOINTOUTLET NUM: 18
NAME: OUT18
TOTAL : 1
LIST ITEMS
19 

--- 
JOINTOUTLET NUM: 19
NAME: OUT19
TOTAL : 1
LIST ITEMS
20 

--- 
JOINTOUTLET NUM: 20
NAME: OUT20
TOTAL : 1
LIST ITEMS
21 

--- 
JOINTOUTLET NUM: 21
NAME: OUT21
TOTAL : 1
LIST ITEMS
22 

--- 
JOINTOUTLET NUM: 22
NAME: OUT22
TOTAL : 1
LIST ITEMS
23 

--- 
JOINTOUTLET NUM: 23
NAME: OUT23
TOTAL : 1
LIST ITEMS
24 

--- 
JOINTOUTLET NUM: 24
NAME: OUT24
TOTAL : 1
LIST ITEMS
25 

--- 
JOINTOUTLET NUM: 25
NAME: OUT25
TOTAL : 1
LIST ITEMS
26 

--- 
JOINTOUTLET NUM: 26
NAME: OUT26
TOTAL : 1
LIST ITEMS
27 

--- 
JOINTOUTLET NUM: 27
NAME: OUT27
TOTAL : 1
LIST ITEMS
28 

--- 
JOINTOUTLET NUM: 28
NAME: OUT28
TOTAL : 1
LIST ITEMS
29 

--- 
JOINTOUTLET NUM: 29
NAME: OUT29
TOTAL : 1
LIST ITEMS
30 

--- 
JOINTOUTLET NUM: 30
NAME: OUT30
TOTAL : 1
LIST ITEMS
31 

--- 
JOINTOUTLET NUM: 31
NAME: OUT31
TOTAL : 1
LIST ITEMS
32 

--- 
JOINTOUTLET NUM: 32
NAME: OUT32
TOTAL : 1
LIST ITEMS
33 

--- 
JOINTOUTLET NUM: 33
NAME: OUT33
TOTAL : 1
LIST ITEMS
34 

--- 
JOINTOUTLET NUM: 34
NAME: OUT34
TOTAL : 1
LIST ITEMS
35 

--- 
JOINTOUTLET NUM: 35
NAME: OUT35
TOTAL : 1
LIST ITEMS
36 

--- 
JOINTOUTLET NUM: 36
NAME: OUT36
TOTAL : 1
LIST ITEMS
37 

--- 
JOINTOUTLET NUM: 37
NAME: OUT37
TOTAL : 1
LIST ITEMS
38 

--- 
JOINTOUTLET NUM: 38
NAME: OUT38
TOTAL : 1
LIST ITEMS
39 

--- 
JOINTOUTLET NUM: 39
NAME: OUT39
TOTAL : 1
LIST ITEMS
40 

--- 
JOINTOUTLET NUM: 40
NAME: OUT40
TOTAL : 1
LIST ITEMS
41 

--- 
JOINTOUTLET NUM: 41
NAME: OUT41
TOTAL : 1
LIST ITEMS
42 

--- 
JOINTOUTLET NUM: 42
NAME: OUT42
TOTAL : 1
LIST ITEMS
43 

--- 
JOINTOUTLET NUM: 43
NAME: OUT43
TOTAL : 1
LIST ITEMS
44 

--- 
JOINTOUTLET NUM: 44
NAME: OUT44
TOTAL : 1
LIST ITEMS
45 

--- 
JOINTOUTLET NUM: 45
NAME: OUT45
TOTAL : 1
LIST ITEMS
46 

--- 
JOINTOUTLET NUM: 46
NAME: OUT46
TOTAL : 1
LIST ITEMS
47 

--- 
JOINTOUTLET NUM: 47
NAME: OUT47
TOTAL : 1
LIST ITEMS
48 

--- 
JOINTOUTLET NUM: 48
NAME: OUT48
TOTAL : 1
LIST ITEMS
49 

--- 
JOINTOUTLET NUM: 49
NAME: OUT49
TOTAL : 1
LIST ITEMS
50 

--- 
JOINTOUTLET NUM: 50
NAME: OUT50
TOTAL : 1
LIST ITEMS
51 

--- 
JOINTOUTLET NUM: 51
NAME: OUT51
TOTAL : 1
LIST ITEMS
52 

--- 
JOINTOUTLET NUM: 52
NAME: OUT52
TOTAL : 1
LIST ITEMS
53 

--- 
JOINTOUTLET NUM: 53
NAME: OUT53
TOTAL : 1
LIST ITEMS
54 

--- 
JOINTOUTLET NUM: 54
NAME: OUT54
TOTAL : 1
LIST ITEMS
55 

--- 
JOINTOUTLET NUM: 55
NAME: OUT55
TOTAL : 1
LIST ITEMS
56 

--- 
JOINTOUTLET NUM: 56
NAME: OUT56
TOTAL : 1
LIST ITEMS
57 

--- 
JOINTOUTLET NUM: 57
NAME: OUT57
TOTAL : 1
LIST ITEMS
58 

--- 
JOINTOUTLET NUM: 58
NAME: OUT58
TOTAL : 1
LIST ITEMS
59 

--- 
JOINTOUTLET NUM: 59
NAME: OUT59
TOTAL : 1
LIST ITEMS
60 

--- 
JOINTOUTLET NUM: 60
NAME: OUT60
TOTAL : 1
LIST ITEMS
61 

--- 
JOINTOUTLET NUM: 61
NAME: OUT61
TOTAL : 1
LIST ITEMS
62 

--- 
JOINTOUTLET NUM: 62
NAME: OUT62
TOTAL : 1
LIST ITEMS
63 

--- 
JOINTOUTLET NUM: 63
NAME: OUT63
TOTAL : 1
LIST ITEMS
64 

--- 
JOINTOUTLET NUM: 64
NAME: OUT64
TOTAL : 1
LIST ITEMS
65 

--- 
JOINTOUTLET NUM: 65
NAME: OUT65
TOTAL : 1
LIST ITEMS
66 

--- 
JOINTOUTLET NUM: 66
NAME: OUT66
TOTAL : 1
LIST ITEMS
67 

--- 
JOINTOUTLET NUM: 67
NAME: OUT67
TOTAL : 1
LIST ITEMS
68 

--- 
JOINTOUTLET NUM: 68
NAME: OUT68
TOTAL : 1
LIST ITEMS
69 

--- 
JOINTOUTLET NUM: 69
NAME: OUT69
TOTAL : 1
LIST ITEMS
70 

--- 
JOINTOUTLET NUM: 70
NAME: OUT70
TOTAL : 1
LIST ITEMS
71 

--- 
JOINTOUTLET NUM: 71
NAME: OUT71
TOTAL : 1
LIST ITEMS
72 

--- 
JOINTOUTLET NUM: 72
NAME: OUT72
TOTAL : 1
LIST ITEMS
73 

--- 
JOINTOUTLET NUM: 73
NAME: OUT73
TOTAL : 1
LIST ITEMS
74 

--- 
JOINTOUTLET NUM: 74
NAME: OUT74
TOTAL : 1
LIST ITEMS
75 

--- 
JOINTOUTLET NUM: 75
NAME: OUT75
TOTAL : 1
LIST ITEMS
76 

--- 
JOINTOUTLET NUM: 76
NAME: OUT76
TOTAL : 1
LIST ITEMS
77 

--- 
JOINTOUTLET NUM: 77
NAME: OUT77
TOTAL : 1
LIST ITEMS
78 

--- 
JOINTOUTLET NUM: 78
NAME: OUT78
TOTAL : 1
LIST ITEMS
79 

--- 
JOINTOUTLET NUM: 79
NAME: OUT79
TOTAL : 1
LIST ITEMS
80 

--- 
JOINTOUTLET NUM: 80
NAME: OUT80
TOTAL : 1
LIST ITEMS
81 

--- 
JOINTOUTLET NUM: 81
NAME: OUT81
TOTAL : 1
LIST ITEMS
82 

--- 
JOINTOUTLET NUM: 82
NAME: OUT82
TOTAL : 1
LIST ITEMS
83 

--- 
JOINTOUTLET NUM: 83
NAME: OUT83
TOTAL : 1
LIST ITEMS
84 

--- 
JOINTOUTLET NUM: 84
NAME: OUT84
TOTAL : 1
LIST ITEMS
85 

--- 
JOINTOUTLET NUM: 85
NAME: OUT85
TOTAL : 1
LIST ITEMS
86 

--- 
JOINTOUTLET NUM: 86
NAME: OUT86
TOTAL : 1
LIST ITEMS
87 

--- 
JOINTOUTLET NUM: 87
NAME: OUT87
TOTAL : 1
LIST ITEMS
88 

--- 
JOINTOUTLET NUM: 88
NAME: OUT88
TOTAL : 1
LIST ITEMS
89 

--- 
JOINTOUTLET NUM: 89
NAME: OUT89
TOTAL : 1
LIST ITEMS
90 

--- 
JOINTOUTLET NUM: 90
NAME: OUT90
TOTAL : 1
LIST ITEMS
91 

--- 
JOINTOUTLET NUM: 91
NAME: OUT91
TOTAL : 1
LIST ITEMS
92 

--- 
JOINTOUTLET NUM: 92
NAME: OUT92
TOTAL : 1
LIST ITEMS
93 

--- 
JOINTOUTLET NUM: 93
NAME: OUT93
TOTAL : 1
LIST ITEMS
94 

--- 
JOINTOUTLET NUM: 94
NAME: OUT94
TOTAL : 1
LIST ITEMS
95 

--- 
JOINTOUTLET NUM: 95
NAME: OUT95
TOTAL : 1
LIST ITEMS
96 

--- 
JOINTOUTLET NUM: 96
NAME: OUT96
TOTAL : 1
LIST ITEMS
97 

--- 
JOINTOUTLET NUM: 97
NAME: OUT97
TOTAL : 1
LIST ITEMS
98 

--- 
JOINTOUTLET NUM: 98
NAME: OUT98
TOTAL : 1
LIST ITEMS
99 

--- 
JOINTOUTLET NUM: 99
NAME: OUT99
TOTAL : 1
LIST ITEMS
100 

--- 
JOINTOUTLET NUM: 100
NAME: OUT100
TOTAL : 1
LIST ITEMS
101 

--- 
JOINTOUTLET NUM: 101
NAME: OUT101
TOTAL : 1
LIST ITEMS
102 

--- 
JOINTOUTLET NUM: 102
NAME: OUT102
TOTAL : 1
LIST ITEMS
103 

--- 
JOINTOUTLET NUM: 103
NAME: OUT103
TOTAL : 1
LIST ITEMS
104 

--- 
JOINTOUTLET NUM: 104
NAME: OUT104
TOTAL : 1
LIST ITEMS
105 

--- 
JOINTOUTLET NUM: 105
NAME: OUT105
TOTAL : 1
LIST ITEMS
106 

--- 
JOINTOUTLET NUM: 106
NAME: OUT106
TOTAL : 1
LIST ITEMS
107 

--- 
JOINTOUTLET NUM: 107
NAME: OUT107
TOTAL : 1
LIST ITEMS
108 

--- 
JOINTOUTLET NUM: 108
NAME: OUT108
TOTAL : 1
LIST ITEMS
109 

--- 
JOINTOUTLET NUM: 109
NAME: OUT109
TOTAL : 1
LIST ITEMS
110 

--- 
JOINTOUTLET NUM: 110
NAME: OUT110
TOTAL : 1
LIST ITEMS
111 

--- 
JOINTOUTLET NUM: 111
NAME: OUT111
TOTAL : 1
LIST ITEMS
112 

--- 
JOINTOUTLET NUM: 112
NAME: OUT112
TOTAL : 1
LIST ITEMS
113 

--- 
JOINTOUTLET NUM: 113
NAME: OUT113
TOTAL : 1
LIST ITEMS
114 

--- 
JOINTOUTLET NUM: 114
NAME: OUT114
TOTAL : 1
LIST ITEMS
115 

--- 
JOINTOUTLET NUM: 115
NAME: OUT115
TOTAL : 1
LIST ITEMS
116 

--- 
JOINTOUTLET NUM: 116
NAME: OUT116
TOTAL : 1
LIST ITEMS
117 

--- 
JOINTOUTLET NUM: 117
NAME: OUT117
TOTAL : 1
LIST ITEMS
118 

--- 
JOINTOUTLET NUM: 118
NAME: OUT118
TOTAL : 1
LIST ITEMS
119 

--- 
JOINTOUTLET NUM: 119
NAME: OUT119
TOTAL : 1
LIST ITEMS
120 

--- 
JOINTOUTLET NUM: 120
NAME: OUT120
TOTAL : 1
LIST ITEMS
121 

--- 
JOINTOUTLET NUM: 121
NAME: OUT121
TOTAL : 1
LIST ITEMS
122 

--- 
JOINTOUTLET NUM: 122
NAME: OUT122
TOTAL : 1
LIST ITEMS
123 

--- 
JOINTOUTLET NUM: 123
NAME: OUT123
TOTAL : 1
LIST ITEMS
124 

--- 
JOINTOUTLET NUM: 124
NAME: OUT124
TOTAL : 1
LIST ITEMS
125 

--- 
JOINTOUTLET NUM: 125
NAME: OUT125
TOTAL : 1
LIST ITEMS
126 

--- 
JOINTOUTLET NUM: 126
NAME: OUT126
TOTAL : 1
LIST ITEMS
127 

--- 
JOINTOUTLET NUM: 127
NAME: OUT127
TOTAL : 1
LIST ITEMS
128 

--- 
JOINTOUTLET NUM: 128
NAME: OUT128
TOTAL : 1
LIST ITEMS
129 

--- 
JOINTOUTLET NUM: 129
NAME: OUT129
TOTAL : 1
LIST ITEMS
130 

--- 
JOINTOUTLET NUM: 130
NAME: OUT130
TOTAL : 1
LIST ITEMS
131 

--- 
JOINTOUTLET NUM: 131
NAME: OUT131
TOTAL : 1
LIST ITEMS
132 

--- 
JOINTOUTLET NUM: 132
NAME: OUT132
TOTAL : 1
LIST ITEMS
133 

--- 
JOINTOUTLET NUM: 133
NAME: OUT133
TOTAL : 1
LIST ITEMS
134 

--- 
JOINTOUTLET NUM: 134
NAME: OUT134
TOTAL : 1
LIST ITEMS
135 

--- 
JOINTOUTLET NUM: 135
NAME: OUT135
TOTAL : 1
LIST ITEMS
136 

--- 
JOINTOUTLET NUM: 136
NAME: OUT136
TOTAL : 1
LIST ITEMS
137 

--- 
JOINTOUTLET NUM: 137
NAME: OUT137
TOTAL : 1
LIST ITEMS
138 

--- 
JOINTOUTLET NUM: 138
NAME: OUT138
TOTAL : 1
LIST ITEMS
139 

--- 
JOINTOUTLET NUM: 139
NAME: OUT139
TOTAL : 1
LIST ITEMS
140 

--- 
JOINTOUTLET NUM: 140
NAME: OUT140
TOTAL : 1
LIST ITEMS
141 

--- 
JOINTOUTLET NUM: 141
NAME: OUT141
TOTAL : 1
LIST ITEMS
142 

--- 
JOINTOUTLET NUM: 142
NAME: OUT142
TOTAL : 1
LIST ITEMS
143 

--- 
JOINTOUTLET NUM: 143
NAME: OUT143
TOTAL : 1
LIST ITEMS
144 

--- 
JOINTOUTLET NUM: 144
NAME: OUT144
TOTAL : 1
LIST ITEMS
145 

--- 
JOINTOUTLET NUM: 145
NAME: OUT145
TOTAL : 1
LIST ITEMS
146 

--- 
JOINTOUTLET NUM: 146
NAME: OUT146
TOTAL : 1
LIST ITEMS
147 

--- 
JOINTOUTLET NUM: 147
NAME: OUT147
TOTAL : 1
LIST ITEMS
148 

--- 
JOINTOUTLET NUM: 148
NAME: OUT148
TOTAL : 1
LIST ITEMS
149 

--- 
JOINTOUTLET NUM: 149
NAME: OUT149
TOTAL : 1
LIST ITEMS
150 

--- 
JOINTOUTLET NUM: 150
NAME: OUT150
TOTAL : 1
LIST ITEMS
151 

--- 
JOINTOUTLET NUM: 151
NAME: OUT151
TOTAL : 1
LIST ITEMS
152 

--- 
JOINTOUTLET NUM: 152
NAME: OUT152
TOTAL : 1
LIST ITEMS
153 

--- 
JOINTOUTLET NUM: 153
NAME: OUT153
TOTAL : 1
LIST ITEMS
154 

--- 
JOINTOUTLET NUM: 154
NAME: OUT154
TOTAL : 1
LIST ITEMS
155 

--- 
JOINTOUTLET NUM: 155
NAME: OUT155
TOTAL : 1
LIST ITEMS
156 

--- 
JOINTOUTLET NUM: 156
NAME: OUT156
TOTAL : 1
LIST ITEMS
157 

--- 
JOINTOUTLET NUM: 157
NAME: OUT157
TOTAL : 1
LIST ITEMS
158 

--- 
JOINTOUTLET NUM: 158
NAME: OUT158
TOTAL : 1
LIST ITEMS
159 

--- 
JOINTOUTLET NUM: 159
NAME: OUT159
TOTAL : 1
LIST ITEMS
160 

--- 
JOINTOUTLET NUM: 160
NAME: OUT160
TOTAL : 1
LIST ITEMS
161 

--- 
JOINTOUTLET NUM: 161
NAME: OUT161
TOTAL : 1
LIST ITEMS
162 

--- 
JOINTOUTLET NUM: 162
NAME: OUT162
TOTAL : 1
LIST ITEMS
163 

--- 
JOINTOUTLET NUM: 163
NAME: OUT163
TOTAL : 1
LIST ITEMS
164 

--- 
JOINTOUTLET NUM: 164
NAME: OUT164
TOTAL : 1
LIST ITEMS
165 

--- 
JOINTOUTLET NUM: 165
NAME: OUT165
TOTAL : 1
LIST ITEMS
166 

--- 
JOINTOUTLET NUM: 166
NAME: OUT166
TOTAL : 1
LIST ITEMS
167 

--- 
JOINTOUTLET NUM: 167
NAME: OUT167
TOTAL : 1
LIST ITEMS
168 

--- 
JOINTOUTLET NUM: 168
NAME: OUT168
TOTAL : 1
LIST ITEMS
169 

--- 
JOINTOUTLET NUM: 169
NAME: OUT169
TOTAL : 1
LIST ITEMS
170 

--- 
JOINTOUTLET NUM: 170
NAME: OUT170
TOTAL : 1
LIST ITEMS
171 

--- 
JOINTOUTLET NUM: 171
NAME: OUT171
TOTAL : 1
LIST ITEMS
172 

--- 
JOINTOUTLET NUM: 172
NAME: OUT172
TOTAL : 1
LIST ITEMS
173 

--- 
JOINTOUTLET NUM: 173
NAME: OUT173
TOTAL : 1
LIST ITEMS
174 

--- 
JOINTOUTLET NUM: 174
NAME: OUT174
TOTAL : 1
LIST ITEMS
175 

--- 
JOINTOUTLET NUM: 175
NAME: OUT175
TOTAL : 1
LIST ITEMS
176 

--- 
JOINTOUTLET NUM: 176
NAME: OUT176
TOTAL : 1
LIST ITEMS
177 

--- 
JOINTOUTLET NUM: 177
NAME: OUT177
TOTAL : 1
LIST ITEMS
178 

--- 
JOINTOUTLET NUM: 178
NAME: OUT178
TOTAL : 1
LIST ITEMS
179 

--- 
JOINTOUTLET NUM: 179
NAME: OUT179
TOTAL : 1
LIST ITEMS
180 

--- 
JOINTOUTLET NUM: 180
NAME: OUT180
TOTAL : 1
LIST ITEMS
181 

--- 
JOINTOUTLET NUM: 181
NAME: OUT181
TOTAL : 1
LIST ITEMS
182 

--- 
JOINTOUTLET NUM: 182
NAME: OUT182
TOTAL : 1
LIST ITEMS
183 

--- 
JOINTOUTLET NUM: 183
NAME: OUT183
TOTAL : 1
LIST ITEMS
184 

--- 
JOINTOUTLET NUM: 184
NAME: OUT184
TOTAL : 1
LIST ITEMS
185 

--- 
JOINTOUTLET NUM: 185
NAME: OUT185
TOTAL : 1
LIST ITEMS
186 

--- 
JOINTOUTLET NUM: 186
NAME: OUT186
TOTAL : 1
LIST ITEMS
187 

--- 
JOINTOUTLET NUM: 187
NAME: OUT187
TOTAL : 1
LIST ITEMS
188 

--- 
JOINTOUTLET NUM: 188
NAME: OUT188
TOTAL : 1
LIST ITEMS
189 

--- 
JOINTOUTLET NUM: 189
NAME: OUT189
TOTAL : 1
LIST ITEMS
190 

--- 
JOINTOUTLET NUM: 190
NAME: OUT190
TOTAL : 1
LIST ITEMS
191 

--- 
JOINTOUTLET NUM: 191
NAME: OUT191
TOTAL : 1
LIST ITEMS
192 

--- 
JOINTOUTLET NUM: 192
NAME: OUT192
TOTAL : 1
LIST ITEMS
193 

--- 
JOINTOUTLET NUM: 193
NAME: OUT193
TOTAL : 1
LIST ITEMS
194 

--- 
JOINTOUTLET NUM: 194
NAME: OUT194
TOTAL : 1
LIST ITEMS
195 

--- 
JOINTOUTLET NUM: 195
NAME: OUT195
TOTAL : 1
LIST ITEMS
196 

--- 
JOINTOUTLET NUM: 196
NAME: OUT196
TOTAL : 1
LIST ITEMS
197 

--- 
JOINTOUTLET NUM: 197
NAME: OUT197
TOTAL : 1
LIST ITEMS
198 

--- 
JOINTOUTLET NUM: 198
NAME: OUT198
TOTAL : 1
LIST ITEMS
199 

--- 
JOINTOUTLET NUM: 199
NAME: OUT199
TOTAL : 1
LIST ITEMS
200 

--- 
JOINTOUTLET NUM: 200
NAME: OUT200
TOTAL : 1
LIST ITEMS
201 

--- 
JOINTOUTLET NUM: 201
NAME: OUT201
TOTAL : 1
LIST ITEMS
202 

--- 
JOINTOUTLET NUM: 202
NAME: OUT202
TOTAL : 1
LIST ITEMS
203 

--- 
JOINTOUTLET NUM: 203
NAME: OUT203
TOTAL : 1
LIST ITEMS
204 

--- 
JOINTOUTLET NUM: 204
NAME: OUT204
TOTAL : 1
LIST ITEMS
205 

--- 
JOINTOUTLET NUM: 205
NAME: OUT205
TOTAL : 1
LIST ITEMS
206 

--- 
JOINTOUTLET NUM: 206
NAME: OUT206
TOTAL : 1
LIST ITEMS
207 

--- 
JOINTOUTLET NUM: 207
NAME: OUT207
TOTAL : 1
LIST ITEMS
208 

--- 
JOINTOUTLET NUM: 208
NAME: OUT208
TOTAL : 1
LIST ITEMS
209 

--- 
JOINTOUTLET NUM: 209
NAME: OUT209
TOTAL : 1
LIST ITEMS
210 

--- 
JOINTOUTLET NUM: 210
NAME: OUT210
TOTAL : 1
LIST ITEMS
211 

--- 
JOINTOUTLET NUM: 211
NAME: OUT211
TOTAL : 1
LIST ITEMS
212 

--- 
JOINTOUTLET NUM: 212
NAME: OUT212
TOTAL : 1
LIST ITEMS
213 

--- 
JOINTOUTLET NUM: 213
NAME: OUT213
TOTAL : 1
LIST ITEMS
214 

--- 
JOINTOUTLET NUM: 214
NAME: OUT214
TOTAL : 1
LIST ITEMS
215 

--- 
JOINTOUTLET NUM: 215
NAME: OUT215
TOTAL : 1
LIST ITEMS
216 

--- 
JOINTOUTLET NUM: 216
NAME: OUT216
TOTAL : 1
LIST ITEMS
217 

--- 
JOINTOUTLET NUM: 217
NAME: OUT217
TOTAL : 1
LIST ITEMS
218 

--- 
JOINTOUTLET NUM: 218
NAME: OUT218
TOTAL : 1
LIST ITEMS
219 

--- 
JOINTOUTLET NUM: 219
NAME: OUT219
TOTAL : 1
LIST ITEMS
220 

--- 
JOINTOUTLET NUM: 220
NAME: OUT220
TOTAL : 1
LIST ITEMS
221 

--- 
JOINTOUTLET NUM: 221
NAME: OUT221
TOTAL : 1
LIST ITEMS
222 

--- 
JOINTOUTLET NUM: 222
NAME: OUT222
TOTAL : 1
LIST ITEMS
223 

--- 
JOINTOUTLET NUM: 223
NAME: OUT223
TOTAL : 1
LIST ITEMS
224 

--- 
JOINTOUTLET NUM: 224
NAME: OUT224
TOTAL : 1
LIST ITEMS
225 

--- 
JOINTOUTLET NUM: 225
NAME: OUT225
TOTAL : 1
LIST ITEMS
226 

--- 
JOINTOUTLET NUM: 226
NAME: OUT226
TOTAL : 1
LIST ITEMS
227 

--- 
JOINTOUTLET NUM: 227
NAME: OUT227
TOTAL : 1
LIST ITEMS
228 

--- 
JOINTOUTLET NUM: 228
NAME: OUT228
TOTAL : 1
LIST ITEMS
229 

--- 
JOINTOUTLET NUM: 229
NAME: OUT229
TOTAL : 1
LIST ITEMS
230 

--- 
JOINTOUTLET NUM: 230
NAME: OUT230
TOTAL : 1
LIST ITEMS
231 

--- 
JOINTOUTLET NUM: 231
NAME: OUT231
TOTAL : 1
LIST ITEMS
232 

--- 
JOINTOUTLET NUM: 232
NAME: OUT232
TOTAL : 1
LIST ITEMS
233 

--- 
JOINTOUTLET NUM: 233
NAME: OUT233
TOTAL : 1
LIST ITEMS
234 

--- 
JOINTOUTLET NUM: 234
NAME: OUT234
TOTAL : 1
LIST ITEMS
235 

--- 
JOINTOUTLET NUM: 235
NAME: OUT235
TOTAL : 1
LIST ITEMS
236 

--- 
JOINTOUTLET NUM: 236
NAME: OUT236
TOTAL : 1
LIST ITEMS
237 

--- 
JOINTOUTLET NUM: 237
NAME: OUT237
TOTAL : 1
LIST ITEMS
238 

--- 
JOINTOUTLET NUM: 238
NAME: OUT238
TOTAL : 1
LIST ITEMS
239 

--- 
JOINTOUTLET NUM: 239
NAME: OUT239
TOTAL : 1
LIST ITEMS
240 

--- 
JOINTOUTLET NUM: 240
NAME: OUT240
TOTAL : 1
LIST ITEMS
241 

--- 
JOINTOUTLET NUM: 241
NAME: OUT241
TOTAL : 1
LIST ITEMS
242 

--- 
JOINTOUTLET NUM: 242
NAME: OUT242
TOTAL : 1
LIST ITEMS
243 

--- 
JOINTOUTLET NUM: 243
NAME: OUT243
TOTAL : 1
LIST ITEMS
244 

--- 
JOINTOUTLET NUM: 244
NAME: OUT244
TOTAL : 1
LIST ITEMS
245 

--- 
JOINTOUTLET NUM: 245
NAME: OUT245
TOTAL : 1
LIST ITEMS
246 

--- 
JOINTOUTLET NUM: 246
NAME: OUT246
TOTAL : 1
LIST ITEMS
247 

--- 
JOINTOUTLET NUM: 247
NAME: OUT247
TOTAL : 1
LIST ITEMS
248 

--- 
JOINTOUTLET NUM: 248
NAME: OUT248
TOTAL : 1
LIST ITEMS
249 

--- 
JOINTOUTLET NUM: 249
NAME: OUT249
TOTAL : 1
LIST ITEMS
250 

--- 
JOINTOUTLET NUM: 250
NAME: OUT250
TOTAL : 1
LIST ITEMS
251 

--- 
JOINTOUTLET NUM: 251
NAME: OUT251
TOTAL : 1
LIST ITEMS
252 

--- 
JOINTOUTLET NUM: 252
NAME: OUT252
TOTAL : 1
LIST ITEMS
253 

--- 
JOINTOUTLET NUM: 253
NAME: OUT253
TOTAL : 1
LIST ITEMS
254 

--- 
JOINTOUTLET NUM: 254
NAME: OUT254
TOTAL : 1
LIST ITEMS
255 

--- 
JOINTOUTLET NUM: 255
NAME: OUT255
TOTAL : 1
LIST ITEMS
256 

--- 
JOINTOUTLET NUM: 256
NAME: OUT256
TOTAL : 1
LIST ITEMS
257 

--- 
JOINTOUTLET NUM: 257
NAME: OUT257
TOTAL : 1
LIST ITEMS
258 

--- 
JOINTOUTLET NUM: 258
NAME: OUT258
TOTAL : 1
LIST ITEMS
259 

--- 
JOINTOUTLET NUM: 259
NAME: OUT259
TOTAL : 1
LIST ITEMS
260 

--- 
JOINTOUTLET NUM: 260
NAME: OUT260
TOTAL : 1
LIST ITEMS
261 

--- 
JOINTOUTLET NUM: 261
NAME: OUT261
TOTAL : 1
LIST ITEMS
262 

--- 
JOINTOUTLET NUM: 262
NAME: OUT262
TOTAL : 1
LIST ITEMS
263 

--- 
JOINTOUTLET NUM: 263
NAME: OUT263
TOTAL : 1
LIST ITEMS
264 

--- 
JOINTOUTLET NUM: 264
NAME: OUT264
TOTAL : 1
LIST ITEMS
265 

--- 
JOINTOUTLET NUM: 265
NAME: OUT265
TOTAL : 1
LIST ITEMS
266 

--- 
JOINTOUTLET NUM: 266
NAME: OUT266
TOTAL : 1
LIST ITEMS
267 

--- 
JOINTOUTLET NUM: 267
NAME: OUT267
TOTAL : 1
LIST ITEMS
268 

--- 
JOINTOUTLET NUM: 268
NAME: OUT268
TOTAL : 1
LIST ITEMS
269 

--- 
JOINTOUTLET NUM: 269
NAME: OUT269
TOTAL : 1
LIST ITEMS
270 

--- 
JOINTOUTLET NUM: 270
NAME: OUT270
TOTAL : 1
LIST ITEMS
271 

--- 
JOINTOUTLET NUM: 271
NAME: OUT271
TOTAL : 1
LIST ITEMS
272 

--- 
JOINTOUTLET NUM: 272
NAME: OUT272
TOTAL : 1
LIST ITEMS
273 

--- 
JOINTOUTLET NUM: 273
NAME: OUT273
TOTAL : 1
LIST ITEMS
274 

--- 
JOINTOUTLET NUM: 274
NAME: OUT274
TOTAL : 1
LIST ITEMS
275 

--- 
JOINTOUTLET NUM: 275
NAME: OUT275
TOTAL : 1
LIST ITEMS
276 

--- 
JOINTOUTLET NUM: 276
NAME: OUT276
TOTAL : 1
LIST ITEMS
277 

--- 
JOINTOUTLET NUM: 277
NAME: OUT277
TOTAL : 1
LIST ITEMS
278 

--- 
JOINTOUTLET NUM: 278
NAME: OUT278
TOTAL : 1
LIST ITEMS
279 

--- 
JOINTOUTLET NUM: 279
NAME: OUT279
TOTAL : 1
LIST ITEMS
280 

--- 
JOINTOUTLET NUM: 280
NAME: OUT280
TOTAL : 1
LIST ITEMS
281 

--- 
JOINTOUTLET NUM: 281
NAME: OUT281
TOTAL : 1
LIST ITEMS
282 

--- 
JOINTOUTLET NUM: 282
NAME: OUT282
TOTAL : 1
LIST ITEMS
283 

--- 
JOINTOUTLET NUM: 283
NAME: OUT283
TOTAL : 1
LIST ITEMS
284 

--- 
JOINTOUTLET NUM: 284
NAME: OUT284
TOTAL : 1
LIST ITEMS
285 

--- 
JOINTOUTLET NUM: 285
NAME: OUT285
TOTAL : 1
LIST ITEMS
286 

--- 
JOINTOUTLET NUM: 286
NAME: OUT286
TOTAL : 1
LIST ITEMS
287 

--- 
JOINTOUTLET NUM: 287
NAME: OUT287
TOTAL : 1
LIST ITEMS
288 

--- 
JOINTOUTLET NUM: 288
NAME: OUT288
TOTAL : 1
LIST ITEMS
289 

--- 
JOINTOUTLET NUM: 289
NAME: OUT289
TOTAL : 1
LIST ITEMS
290 

--- 
JOINTOUTLET NUM: 290
NAME: OUT290
TOTAL : 1
LIST ITEMS
291 

--- 
JOINTOUTLET NUM: 291
NAME: OUT291
TOTAL : 1
LIST ITEMS
292 

--- 
JOINTOUTLET NUM: 292
NAME: OUT292
TOTAL : 1
LIST ITEMS
293 

--- 
JOINTOUTLET NUM: 293
NAME: OUT293
TOTAL : 1
LIST ITEMS
294 

--- 
JOINTOUTLET NUM: 294
NAME: OUT294
TOTAL : 1
LIST ITEMS
295 

--- 
JOINTOUTLET NUM: 295
NAME: OUT295
TOTAL : 1
LIST ITEMS
296 

--- 
JOINTOUTLET NUM: 296
NAME: OUT296
TOTAL : 1
LIST ITEMS
297 

--- 
JOINTOUTLET NUM: 297
NAME: OUT297
TOTAL : 1
LIST ITEMS
298 

--- 
JOINTOUTLET NUM: 298
NAME: OUT298
TOTAL : 1
LIST ITEMS
299 

--- 
JOINTOUTLET NUM: 299
NAME: OUT299
TOTAL : 1
LIST ITEMS
300 

--- 
JOINTOUTLET NUM: 300
NAME: OUT300
TOTAL : 1
LIST ITEMS
301 

--- 
JOINTOUTLET NUM: 301
NAME: OUT301
TOTAL : 1
LIST ITEMS
302 

--- 
JOINTOUTLET NUM: 302
NAME: OUT302
TOTAL : 1
LIST ITEMS
303 

--- 
JOINTOUTLET NUM: 303
NAME: OUT303
TOTAL : 1
LIST ITEMS
304 

--- 
JOINTOUTLET NUM: 304
NAME: OUT304
TOTAL : 1
LIST ITEMS
305 

--- 
JOINTOUTLET NUM: 305
NAME: OUT305
TOTAL : 1
LIST ITEMS
306 

--- 
JOINTOUTLET NUM: 306
NAME: OUT306
TOTAL : 1
LIST ITEMS
307 

--- 
JOINTOUTLET NUM: 307
NAME: OUT307
TOTAL : 1
LIST ITEMS
308 

--- 
JOINTOUTLET NUM: 308
NAME: OUT308
TOTAL : 1
LIST ITEMS
309 

--- 
JOINTOUTLET NUM: 309
NAME: OUT309
TOTAL : 1
LIST ITEMS
310 

--- 
JOINTOUTLET NUM: 310
NAME: OUT310
TOTAL : 1
LIST ITEMS
311 

--- 
JOINTOUTLET NUM: 311
NAME: OUT311
TOTAL : 1
LIST ITEMS
312 

--- 
JOINTOUTLET NUM: 312
NAME: OUT312
TOTAL : 1
LIST ITEMS
313 

--- 
JOINTOUTLET NUM: 313
NAME: OUT313
TOTAL : 1
LIST ITEMS
314 

--- 
JOINTOUTLET NUM: 314
NAME: OUT314
TOTAL : 1
LIST ITEMS
315 

--- 
JOINTOUTLET NUM: 315
NAME: OUT315
TOTAL : 1
LIST ITEMS
316 

--- 
JOINTOUTLET NUM: 316
NAME: OUT316
TOTAL : 1
LIST ITEMS
317 

--- 
JOINTOUTLET NUM: 317
NAME: OUT317
TOTAL : 1
LIST ITEMS
318 

--- 
JOINTOUTLET NUM: 318
NAME: OUT318
TOTAL : 1
LIST ITEMS
319 

--- 
JOINTOUTLET NUM: 319
NAME: OUT319
TOTAL : 1
LIST ITEMS
320 

--- 
JOINTOUTLET NUM: 320
NAME: OUT320
TOTAL : 1
LIST ITEMS
321 

--- 
JOINTOUTLET NUM: 321
NAME: OUT321
TOTAL : 1
LIST ITEMS
322 

--- 
JOINTOUTLET NUM: 322
NAME: OUT322
TOTAL : 1
LIST ITEMS
323 

--- 
JOINTOUTLET NUM: 323
NAME: OUT323
TOTAL : 1
LIST ITEMS
324 

--- 
JOINTOUTLET NUM: 324
NAME: OUT324
TOTAL : 1
LIST ITEMS
325 

--- 
JOINTOUTLET NUM: 325
NAME: OUT325
TOTAL : 1
LIST ITEMS
326 

--- 
JOINTOUTLET NUM: 326
NAME: OUT326
TOTAL : 1
LIST ITEMS
327 

--- 
JOINTOUTLET NUM: 327
NAME: OUT327
TOTAL : 1
LIST ITEMS
328 

--- 
JOINTOUTLET NUM: 328
NAME: OUT328
TOTAL : 1
LIST ITEMS
329 

--- 
JOINTOUTLET NUM: 329
NAME: OUT329
TOTAL : 1
LIST ITEMS
330 

--- 
JOINTOUTLET NUM: 330
NAME: OUT330
TOTAL : 1
LIST ITEMS
331 

--- 
JOINTOUTLET NUM: 331
NAME: OUT331
TOTAL : 1
LIST ITEMS
332 

--- 
JOINTOUTLET NUM: 332
NAME: OUT332
TOTAL : 1
LIST ITEMS
333 

--- 
JOINTOUTLET NUM: 333
NAME: OUT333
TOTAL : 1
LIST ITEMS
334 

--- 
JOINTOUTLET NUM: 334
NAME: OUT334
TOTAL : 1
LIST ITEMS
335 

--- 
JOINTOUTLET NUM: 335
NAME: OUT335
TOTAL : 1
LIST ITEMS
336 

--- 
JOINTOUTLET NUM: 336
NAME: OUT336
TOTAL : 1
LIST ITEMS
337 

--- 
JOINTOUTLET NUM: 337
NAME: OUT337
TOTAL : 1
LIST ITEMS
338 

--- 
JOINTOUTLET NUM: 338
NAME: OUT338
TOTAL : 1
LIST ITEMS
339 

--- 
JOINTOUTLET NUM: 339
NAME: OUT339
TOTAL : 1
LIST ITEMS
340 

--- 
JOINTOUTLET NUM: 340
NAME: OUT340
TOTAL : 1
LIST ITEMS
341 

--- 
JOINTOUTLET NUM: 341
NAME: OUT341
TOTAL : 1
LIST ITEMS
342 

--- 
JOINTOUTLET NUM: 342
NAME: OUT342
TOTAL : 1
LIST ITEMS
343 

--- 
JOINTOUTLET NUM: 343
NAME: OUT343
TOTAL : 1
LIST ITEMS
344 

--- 
JOINTOUTLET NUM: 344
NAME: OUT344
TOTAL : 1
LIST ITEMS
345 

--- 
JOINTOUTLET NUM: 345
NAME: OUT345
TOTAL : 1
LIST ITEMS
346 

--- 
JOINTOUTLET NUM: 346
NAME: OUT346
TOTAL : 1
LIST ITEMS
347 

--- 
JOINTOUTLET NUM: 347
NAME: OUT347
TOTAL : 1
LIST ITEMS
348 

--- 
JOINTOUTLET NUM: 348
NAME: OUT348
TOTAL : 1
LIST ITEMS
349 

--- 
JOINTOUTLET NUM: 349
NAME: OUT349
TOTAL : 1
LIST ITEMS
350 

--- 
JOINTOUTLET NUM: 350
NAME: OUT350
TOTAL : 1
LIST ITEMS
351 

--- 
JOINTOUTLET NUM: 351
NAME: OUT351
TOTAL : 1
LIST ITEMS
352 

--- 
JOINTOUTLET NUM: 352
NAME: OUT352
TOTAL : 1
LIST ITEMS
353 

--- 
JOINTOUTLET NUM: 353
NAME: OUT353
TOTAL : 1
LIST ITEMS
354 

--- 
JOINTOUTLET NUM: 354
NAME: OUT354
TOTAL : 1
LIST ITEMS
355 

--- 
JOINTOUTLET NUM: 355
NAME: OUT355
TOTAL : 1
LIST ITEMS
356 

--- 
JOINTOUTLET NUM: 356
NAME: OUT356
TOTAL : 1
LIST ITEMS
357 

--- 
JOINTOUTLET NUM: 357
NAME: OUT357
TOTAL : 1
LIST ITEMS
358 

--- 
JOINTOUTLET NUM: 358
NAME: OUT358
TOTAL : 1
LIST ITEMS
359 

--- 
JOINTOUTLET NUM: 359
NAME: OUT359
TOTAL : 1
LIST ITEMS
360 

--- 
JOINTOUTLET NUM: 360
NAME: OUT360
TOTAL : 1
LIST ITEMS
361 

--- 
JOINTOUTLET NUM: 361
NAME: OUT361
TOTAL : 1
LIST ITEMS
362 

--- 
JOINTOUTLET NUM: 362
NAME: OUT362
TOTAL : 1
LIST ITEMS
363 

--- 
JOINTOUTLET NUM: 363
NAME: OUT363
TOTAL : 1
LIST ITEMS
364 

--- 
JOINTOUTLET NUM: 364
NAME: OUT364
TOTAL : 1
LIST ITEMS
365 

--- 
JOINTOUTLET NUM: 365
NAME: OUT365
TOTAL : 1
LIST ITEMS
366 

--- 
JOINTOUTLET NUM: 366
NAME: OUT366
TOTAL : 1
LIST ITEMS
367 

--- 
JOINTOUTLET NUM: 367
NAME: OUT367
TOTAL : 1
LIST ITEMS
368 

--- 
JOINTOUTLET NUM: 368
NAME: OUT368
TOTAL : 1
LIST ITEMS
369 

--- 
JOINTOUTLET NUM: 369
NAME: OUT369
TOTAL : 1
LIST ITEMS
370 

--- 
JOINTOUTLET NUM: 370
NAME: OUT370
TOTAL : 1
LIST ITEMS
371 

--- 
JOINTOUTLET NUM: 371
NAME: OUT371
TOTAL : 1
LIST ITEMS
372 

--- 
JOINTOUTLET NUM: 372
NAME: OUT372
TOTAL : 1
LIST ITEMS
373 

--- 
JOINTOUTLET NUM: 373
NAME: OUT373
TOTAL : 1
LIST ITEMS
374 

--- 
JOINTOUTLET NUM: 374
NAME: OUT374
TOTAL : 1
LIST ITEMS
375 

--- 
JOINTOUTLET NUM: 375
NAME: OUT375
TOTAL : 1
LIST ITEMS
376 

--- 
JOINTOUTLET NUM: 376
NAME: OUT376
TOTAL : 1
LIST ITEMS
377 

--- 
JOINTOUTLET NUM: 377
NAME: OUT377
TOTAL : 1
LIST ITEMS
378 

--- 
JOINTOUTLET NUM: 378
NAME: OUT378
TOTAL : 1
LIST ITEMS
379 

--- 
JOINTOUTLET NUM: 379
NAME: OUT379
TOTAL : 1
LIST ITEMS
380 

--- 
JOINTOUTLET NUM: 380
NAME: OUT380
TOTAL : 1
LIST ITEMS
381 

--- 
JOINTOUTLET NUM: 381
NAME: OUT381
TOTAL : 1
LIST ITEMS
382 

--- 
JOINTOUTLET NUM: 382
NAME: OUT382
TOTAL : 1
LIST ITEMS
383 

--- 
JOINTOUTLET NUM: 383
NAME: OUT383
TOTAL : 1
LIST ITEMS
384 

--- 
JOINTOUTLET NUM: 384
NAME: OUT384
TOTAL : 1
LIST ITEMS
385 

--- 
JOINTOUTLET NUM: 385
NAME: OUT385
TOTAL : 1
LIST ITEMS
386 

--- 
JOINTOUTLET NUM: 386
NAME: OUT386
TOTAL : 1
LIST ITEMS
387 

--- 
JOINTOUTLET NUM: 387
NAME: OUT387
TOTAL : 1
LIST ITEMS
388 

--- 
JOINTOUTLET NUM: 388
NAME: OUT388
TOTAL : 1
LIST ITEMS
389 

--- 
JOINTOUTLET NUM: 389
NAME: OUT389
TOTAL : 1
LIST ITEMS
390 

--- 
JOINTOUTLET NUM: 390
NAME: OUT390
TOTAL : 1
LIST ITEMS
391 

--- 
JOINTOUTLET NUM: 391
NAME: OUT391
TOTAL : 1
LIST ITEMS
392 

--- 
JOINTOUTLET NUM: 392
NAME: OUT392
TOTAL : 1
LIST ITEMS
393 

--- 
JOINTOUTLET NUM: 393
NAME: OUT393
TOTAL : 1
LIST ITEMS
394 

--- 
JOINTOUTLET NUM: 394
NAME: OUT394
TOTAL : 1
LIST ITEMS
395 

--- 
JOINTOUTLET NUM: 395
NAME: OUT395
TOTAL : 1
LIST ITEMS
396 

--- 
JOINTOUTLET NUM: 396
NAME: OUT396
TOTAL : 1
LIST ITEMS
397 

--- 
JOINTOUTLET NUM: 397
NAME: OUT397
TOTAL : 1
LIST ITEMS
398 

--- 
JOINTOUTLET NUM: 398
NAME: OUT398
TOTAL : 1
LIST ITEMS
399 

--- 
JOINTOUTLET NUM: 399
NAME: OUT399
TOTAL : 1
LIST ITEMS
400 

--- 
JOINTOUTLET NUM: 400
NAME: OUT400
TOTAL : 1
LIST ITEMS
401 

--- 
JOINTOUTLET NUM: 401
NAME: OUT401
TOTAL : 1
LIST ITEMS
402 

--- 
JOINTOUTLET NUM: 402
NAME: OUT402
TOTAL : 1
LIST ITEMS
403 

--- 
JOINTOUTLET NUM: 403
NAME: OUT403
TOTAL : 1
LIST ITEMS
404 

--- 
JOINTOUTLET NUM: 404
NAME: OUT404
TOTAL : 1
LIST ITEMS
405 

--- 
JOINTOUTLET NUM: 405
NAME: OUT405
TOTAL : 1
LIST ITEMS
406 

--- 
JOINTOUTLET NUM: 406
NAME: OUT406
TOTAL : 1
LIST ITEMS
407 

--- 
JOINTOUTLET NUM: 407
NAME: OUT407
TOTAL : 1
LIST ITEMS
408 

--- 
JOINTOUTLET NUM: 408
NAME: OUT408
TOTAL : 1
LIST ITEMS
409 

--- 
JOINTOUTLET NUM: 409
NAME: OUT409
TOTAL : 1
LIST ITEMS
410 

--- 
JOINTOUTLET NUM: 410
NAME: OUT410
TOTAL : 1
LIST ITEMS
411 

--- 
JOINTOUTLET NUM: 411
NAME: OUT411
TOTAL : 1
LIST ITEMS
412 

--- 
JOINTOUTLET NUM: 412
NAME: OUT412
TOTAL : 1
LIST ITEMS
413 

--- 
JOINTOUTLET NUM: 413
NAME: OUT413
TOTAL : 1
LIST ITEMS
414 

--- 
JOINTOUTLET NUM: 414
NAME: OUT414
TOTAL : 1
LIST ITEMS
415 

--- 
JOINTOUTLET NUM: 415
NAME: OUT415
TOTAL : 1
LIST ITEMS
416 

--- 
JOINTOUTLET NUM: 416
NAME: OUT416
TOTAL : 1
LIST ITEMS
417 

--- 
JOINTOUTLET NUM: 417
NAME: OUT417
TOTAL : 1
LIST ITEMS
418 

--- 
JOINTOUTLET NUM: 418
NAME: OUT418
TOTAL : 1
LIST ITEMS
419 

--- 
JOINTOUTLET NUM: 419
NAME: OUT419
TOTAL : 1
LIST ITEMS
420 

--- 
JOINTOUTLET NUM: 420
NAME: OUT420
TOTAL : 1
LIST ITEMS
421 

--- 
JOINTOUTLET NUM: 421
NAME: OUT421
TOTAL : 1
LIST ITEMS
422 

--- 
JOINTOUTLET NUM: 422
NAME: OUT422
TOTAL : 1
LIST ITEMS
423 

--- 
JOINTOUTLET NUM: 423
NAME: OUT423
TOTAL : 1
LIST ITEMS
424 

--- 
JOINTOUTLET NUM: 424
NAME: OUT424
TOTAL : 1
LIST ITEMS
425 

--- 
JOINTOUTLET NUM: 425
NAME: OUT425
TOTAL : 1
LIST ITEMS
426 

--- 
JOINTOUTLET NUM: 426
NAME: OUT426
TOTAL : 1
LIST ITEMS
427 

--- 
JOINTOUTLET NUM: 427
NAME: OUT427
TOTAL : 1
LIST ITEMS
428 

--- 
JOINTOUTLET NUM: 428
NAME: OUT428
TOTAL : 1
LIST ITEMS
429 

--- 
JOINTOUTLET NUM: 429
NAME: OUT429
TOTAL : 1
LIST ITEMS
430 

--- 
JOINTOUTLET NUM: 430
NAME: OUT430
TOTAL : 1
LIST ITEMS
431 

--- 
JOINTOUTLET NUM: 431
NAME: OUT431
TOTAL : 1
LIST ITEMS
432 

--- 
JOINTOUTLET NUM: 432
NAME: OUT432
TOTAL : 1
LIST ITEMS
433 

--- 
JOINTOUTLET NUM: 433
NAME: OUT433
TOTAL : 1
LIST ITEMS
434 

--- 
JOINTOUTLET NUM: 434
NAME: OUT434
TOTAL : 1
LIST ITEMS
435 

--- 
JOINTOUTLET NUM: 435
NAME: OUT435
TOTAL : 1
LIST ITEMS
436 

--- 
JOINTOUTLET NUM: 436
NAME: OUT436
TOTAL : 1
LIST ITEMS
437 

--- 
JOINTOUTLET NUM: 437
NAME: OUT437
TOTAL : 1
LIST ITEMS
438 

--- 
JOINTOUTLET NUM: 438
NAME: OUT438
TOTAL : 1
LIST ITEMS
439 

--- 
JOINTOUTLET NUM: 439
NAME: OUT439
TOTAL : 1
LIST ITEMS
440 

--- 
JOINTOUTLET NUM: 440
NAME: OUT440
TOTAL : 1
LIST ITEMS
441 

--- 
JOINTOUTLET NUM: 441
NAME: OUT441
TOTAL : 1
LIST ITEMS
442 

--- 
JOINTOUTLET NUM: 442
NAME: OUT442
TOTAL : 1
LIST ITEMS
443 

--- 
JOINTOUTLET NUM: 443
NAME: OUT443
TOTAL : 1
LIST ITEMS
444 

--- 
JOINTOUTLET NUM: 444
NAME: OUT444
TOTAL : 1
LIST ITEMS
445 

--- 
JOINTOUTLET NUM: 445
NAME: OUT445
TOTAL : 1
LIST ITEMS
446 

--- 
JOINTOUTLET NUM: 446
NAME: OUT446
TOTAL : 1
LIST ITEMS
447 

--- 
JOINTOUTLET NUM: 447
NAME: OUT447
TOTAL : 1
LIST ITEMS
448 

--- 
JOINTOUTLET NUM: 448
NAME: OUT448
TOTAL : 1
LIST ITEMS
449 

--- 
JOINTOUTLET NUM: 449
NAME: OUT449
TOTAL : 1
LIST ITEMS
450 

--- 
JOINTOUTLET NUM: 450
NAME: OUT450
TOTAL : 1
LIST ITEMS
451 

--- 
JOINTOUTLET NUM: 451
NAME: OUT451
TOTAL : 1
LIST ITEMS
452 

--- 
JOINTOUTLET NUM: 452
NAME: OUT452
TOTAL : 1
LIST ITEMS
453 

--- 
JOINTOUTLET NUM: 453
NAME: OUT453
TOTAL : 1
LIST ITEMS
454 

--- 
JOINTOUTLET NUM: 454
NAME: OUT454
TOTAL : 1
LIST ITEMS
455 

--- 
JOINTOUTLET NUM: 455
NAME: OUT455
TOTAL : 1
LIST ITEMS
456 

--- 
JOINTOUTLET NUM: 456
NAME: OUT456
TOTAL : 1
LIST ITEMS
457 

--- 
JOINTOUTLET NUM: 457
NAME: OUT457
TOTAL : 1
LIST ITEMS
458 

--- 
JOINTOUTLET NUM: 458
NAME: OUT458
TOTAL : 1
LIST ITEMS
459 

--- 
JOINTOUTLET NUM: 459
NAME: OUT459
TOTAL : 1
LIST ITEMS
460 

--- 
JOINTOUTLET NUM: 460
NAME: OUT460
TOTAL : 1
LIST ITEMS
461 

--- 
JOINTOUTLET NUM: 461
NAME: OUT461
TOTAL : 1
LIST ITEMS
462 

--- 
JOINTOUTLET NUM: 462
NAME: OUT462
TOTAL : 1
LIST ITEMS
463 

--- 
JOINTOUTLET NUM: 463
NAME: OUT463
TOTAL : 1
LIST ITEMS
464 

--- 
JOINTOUTLET NUM: 464
NAME: OUT464
TOTAL : 1
LIST ITEMS
465 

--- 
JOINTOUTLET NUM: 465
NAME: OUT465
TOTAL : 1
LIST ITEMS
466 

--- 
JOINTOUTLET NUM: 466
NAME: OUT466
TOTAL : 1
LIST ITEMS
467 

--- 
JOINTOUTLET NUM: 467
NAME: OUT467
TOTAL : 1
LIST ITEMS
468 

--- 
JOINTOUTLET NUM: 468
NAME: OUT468
TOTAL : 1
LIST ITEMS
469 

--- 
JOINTOUTLET NUM: 469
NAME: OUT469
TOTAL : 1
LIST ITEMS
470 

--- 
JOINTOUTLET NUM: 470
NAME: OUT470
TOTAL : 1
LIST ITEMS
471 

--- 
JOINTOUTLET NUM: 471
NAME: OUT471
TOTAL : 1
LIST ITEMS
472 

--- 
JOINTOUTLET NUM: 472
NAME: OUT472
TOTAL : 1
LIST ITEMS
473 

--- 
JOINTOUTLET NUM: 473
NAME: OUT473
TOTAL : 1
LIST ITEMS
474 

--- 
JOINTOUTLET NUM: 474
NAME: OUT474
TOTAL : 1
LIST ITEMS
475 

--- 
JOINTOUTLET NUM: 475
NAME: OUT475
TOTAL : 1
LIST ITEMS
476 

--- 
JOINTOUTLET NUM: 476
NAME: OUT476
TOTAL : 1
LIST ITEMS
477 

--- 
JOINTOUTLET NUM: 477
NAME: OUT477
TOTAL : 1
LIST ITEMS
478 

--- 
JOINTOUTLET NUM: 478
NAME: OUT478
TOTAL : 1
LIST ITEMS
479 

--- 
JOINTOUTLET NUM: 479
NAME: OUT479
TOTAL : 1
LIST ITEMS
480 

--- 
JOINTOUTLET NUM: 480
NAME: OUT480
TOTAL : 1
LIST ITEMS
481 

--- 
JOINTOUTLET NUM: 481
NAME: OUT481
TOTAL : 1
LIST ITEMS
482 

--- 
JOINTOUTLET NUM: 482
NAME: OUT482
TOTAL : 1
LIST ITEMS
483 

--- 
JOINTOUTLET NUM: 483
NAME: OUT483
TOTAL : 1
LIST ITEMS
484 

--- 
JOINTOUTLET NUM: 484
NAME: OUT484
TOTAL : 1
LIST ITEMS
485 

--- 
JOINTOUTLET NUM: 485
NAME: OUT485
TOTAL : 1
LIST ITEMS
486 

--- 
JOINTOUTLET NUM: 486
NAME: OUT486
TOTAL : 1
LIST ITEMS
487 

--- 
JOINTOUTLET NUM: 487
NAME: OUT487
TOTAL : 1
LIST ITEMS
488 

--- 
JOINTOUTLET NUM: 488
NAME: OUT488
TOTAL : 1
LIST ITEMS
489 

--- 
JOINTOUTLET NUM: 489
NAME: OUT489
TOTAL : 1
LIST ITEMS
490 

--- 
JOINTOUTLET NUM: 490
NAME: OUT490
TOTAL : 1
LIST ITEMS
491 

--- 
JOINTOUTLET NUM: 491
NAME: OUT491
TOTAL : 1
LIST ITEMS
492 

--- 
JOINTOUTLET NUM: 492
NAME: OUT492
TOTAL : 1
LIST ITEMS
493 

--- 
JOINTOUTLET NUM: 493
NAME: OUT493
TOTAL : 1
LIST ITEMS
494 

--- 
JOINTOUTLET NUM: 494
NAME: OUT494
TOTAL : 1
LIST ITEMS
495 

--- 
JOINTOUTLET NUM: 495
NAME: OUT495
TOTAL : 1
LIST ITEMS
496 

--- 
JOINTOUTLET NUM: 496
NAME: OUT496
TOTAL : 1
LIST ITEMS
497 

--- 
JOINTOUTLET NUM: 497
NAME: OUT497
TOTAL : 1
LIST ITEMS
498 

--- 
JOINTOUTLET NUM: 498
NAME: OUT498
TOTAL : 1
LIST ITEMS
499 

--- 
JOINTOUTLET NUM: 499
NAME: OUT499
TOTAL : 1
LIST ITEMS
500 

--- 
JOINTOUTLET NUM: 500
NAME: OUT500
TOTAL : 1
LIST ITEMS
501 

--- 
JOINTOUTLET NUM: 501
NAME: OUT501
TOTAL : 1
LIST ITEMS
502 

--- 
JOINTOUTLET NUM: 502
NAME: OUT502
TOTAL : 1
LIST ITEMS
503 

--- 
JOINTOUTLET NUM: 503
NAME: OUT503
TOTAL : 1
LIST ITEMS
504 

--- 
JOINTOUTLET NUM: 504
NAME: OUT504
TOTAL : 1
LIST ITEMS
505 

--- 
JOINTOUTLET NUM: 505
NAME: OUT505
TOTAL : 1
LIST ITEMS
506 

--- 
JOINTOUTLET NUM: 506
NAME: OUT506
TOTAL : 1
LIST ITEMS
507 

--- 
JOINTOUTLET NUM: 507
NAME: OUT507
TOTAL : 1
LIST ITEMS
508 

--- 
JOINTOUTLET NUM: 508
NAME: OUT508
TOTAL : 1
LIST ITEMS
509 

--- 
JOINTOUTLET NUM: 509
NAME: OUT509
TOTAL : 1
LIST ITEMS
510 

--- 
JOINTOUTLET NUM: 510
NAME: OUT510
TOTAL : 1
LIST ITEMS
511 

--- 
JOINTOUTLET NUM: 511
NAME: OUT511
TOTAL : 1
LIST ITEMS
512 

--- 
JOINTOUTLET NUM: 512
NAME: OUT512
TOTAL : 1
LIST ITEMS
513 

--- 
JOINTOUTLET NUM: 513
NAME: OUT513
TOTAL : 1
LIST ITEMS
514 

--- 
JOINTOUTLET NUM: 514
NAME: OUT514
TOTAL : 1
LIST ITEMS
515 

--- 
JOINTOUTLET NUM: 515
NAME: OUT515
TOTAL : 1
LIST ITEMS
516 

--- 
JOINTOUTLET NUM: 516
NAME: OUT516
TOTAL : 1
LIST ITEMS
517 

--- 
JOINTOUTLET NUM: 517
NAME: OUT517
TOTAL : 1
LIST ITEMS
518 

--- 
JOINTOUTLET NUM: 518
NAME: OUT518
TOTAL : 1
LIST ITEMS
519 

--- 
JOINTOUTLET NUM: 519
NAME: OUT519
TOTAL : 1
LIST ITEMS
520 

--- 
JOINTOUTLET NUM: 520
NAME: OUT520
TOTAL : 1
LIST ITEMS
521 

--- 
JOINTOUTLET NUM: 521
NAME: OUT521
TOTAL : 1
LIST ITEMS
522 

--- 
JOINTOUTLET NUM: 522
NAME: OUT522
TOTAL : 1
LIST ITEMS
523 

--- 
JOINTOUTLET NUM: 523
NAME: OUT523
TOTAL : 1
LIST ITEMS
524 

--- 
JOINTOUTLET NUM: 524
NAME: OUT524
TOTAL : 1
LIST ITEMS
525 

--- 
JOINTOUTLET NUM: 525
NAME: OUT525
TOTAL : 1
LIST ITEMS
526 

--- 
JOINTOUTLET NUM: 526
NAME: OUT526
TOTAL : 1
LIST ITEMS
527 

--- 
JOINTOUTLET NUM: 527
NAME: OUT527
TOTAL : 1
LIST ITEMS
528 

--- 
JOINTOUTLET NUM: 528
NAME: OUT528
TOTAL : 1
LIST ITEMS
529 

--- 
JOINTOUTLET NUM: 529
NAME: OUT529
TOTAL : 1
LIST ITEMS
530 

--- 
JOINTOUTLET NUM: 530
NAME: OUT530
TOTAL : 1
LIST ITEMS
531 

--- 
JOINTOUTLET NUM: 531
NAME: OUT531
TOTAL : 1
LIST ITEMS
532 

--- 
JOINTOUTLET NUM: 532
NAME: OUT532
TOTAL : 1
LIST ITEMS
533 

--- 
JOINTOUTLET NUM: 533
NAME: OUT533
TOTAL : 1
LIST ITEMS
534 

--- 
JOINTOUTLET NUM: 534
NAME: OUT534
TOTAL : 1
LIST ITEMS
535 

--- 
JOINTOUTLET NUM: 535
NAME: OUT535
TOTAL : 1
LIST ITEMS
536 

--- 
JOINTOUTLET NUM: 536
NAME: OUT536
TOTAL : 1
LIST ITEMS
537 

--- 
JOINTOUTLET NUM: 537
NAME: OUT537
TOTAL : 1
LIST ITEMS
538 

--- 
JOINTOUTLET NUM: 538
NAME: OUT538
TOTAL : 1
LIST ITEMS
539 

--- 
JOINTOUTLET NUM: 539
NAME: OUT539
TOTAL : 1
LIST ITEMS
540 

--- 
JOINTOUTLET NUM: 540
NAME: OUT540
TOTAL : 1
LIST ITEMS
541 

--- 
JOINTOUTLET NUM: 541
NAME: OUT541
TOTAL : 1
LIST ITEMS
542 

--- 
JOINTOUTLET NUM: 542
NAME: OUT542
TOTAL : 1
LIST ITEMS
543 

--- 
JOINTOUTLET NUM: 543
NAME: OUT543
TOTAL : 1
LIST ITEMS
544 

--- 
JOINTOUTLET NUM: 544
NAME: OUT544
TOTAL : 1
LIST ITEMS
545 

--- 
JOINTOUTLET NUM: 545
NAME: OUT545
TOTAL : 1
LIST ITEMS
546 

--- 
JOINTOUTLET NUM: 546
NAME: OUT546
TOTAL : 1
LIST ITEMS
547 

--- 
JOINTOUTLET NUM: 547
NAME: OUT547
TOTAL : 1
LIST ITEMS
548 

--- 
JOINTOUTLET NUM: 548
NAME: OUT548
TOTAL : 1
LIST ITEMS
549 

--- 
JOINTOUTLET NUM: 549
NAME: OUT549
TOTAL : 1
LIST ITEMS
550 

--- 
JOINTOUTLET NUM: 550
NAME: OUT550
TOTAL : 1
LIST ITEMS
551 

--- 
JOINTOUTLET NUM: 551
NAME: OUT551
TOTAL : 1
LIST ITEMS
552 

--- 
JOINTOUTLET NUM: 552
NAME: OUT552
TOTAL : 1
LIST ITEMS
553 

--- 
JOINTOUTLET NUM: 553
NAME: OUT553
TOTAL : 1
LIST ITEMS
554 

--- 
JOINTOUTLET NUM: 554
NAME: OUT554
TOTAL : 1
LIST ITEMS
555 

--- 
JOINTOUTLET NUM: 555
NAME: OUT555
TOTAL : 1
LIST ITEMS
556 

--- 
JOINTOUTLET NUM: 556
NAME: OUT556
TOTAL : 1
LIST ITEMS
557 

--- 
JOINTOUTLET NUM: 557
NAME: OUT557
TOTAL : 1
LIST ITEMS
558 

--- 
JOINTOUTLET NUM: 558
NAME: OUT558
TOTAL : 1
LIST ITEMS
559 

--- 
JOINTOUTLET NUM: 559
NAME: OUT559
TOTAL : 1
LIST ITEMS
560 

--- 
JOINTOUTLET NUM: 560
NAME: OUT560
TOTAL : 1
LIST ITEMS
561 

--- 
JOINTOUTLET NUM: 561
NAME: OUT561
TOTAL : 1
LIST ITEMS
562 

--- 
JOINTOUTLET NUM: 562
NAME: OUT562
TOTAL : 1
LIST ITEMS
563 

--- 
JOINTOUTLET NUM: 563
NAME: OUT563
TOTAL : 1
LIST ITEMS
564 

--- 
JOINTOUTLET NUM: 564
NAME: OUT564
TOTAL : 1
LIST ITEMS
565 

--- 
JOINTOUTLET NUM: 565
NAME: OUT565
TOTAL : 1
LIST ITEMS
566 

--- 
JOINTOUTLET NUM: 566
NAME: OUT566
TOTAL : 1
LIST ITEMS
567 

--- 
JOINTOUTLET NUM: 567
NAME: OUT567
TOTAL : 1
LIST ITEMS
568 

--- 
JOINTOUTLET NUM: 568
NAME: OUT568
TOTAL : 1
LIST ITEMS
569 

--- 
JOINTOUTLET NUM: 569
NAME: OUT569
TOTAL : 1
LIST ITEMS
570 

--- 
JOINTOUTLET NUM: 570
NAME: OUT570
TOTAL : 1
LIST ITEMS
571 

--- 
JOINTOUTLET NUM: 571
NAME: OUT571
TOTAL : 1
LIST ITEMS
572 

--- 
JOINTOUTLET NUM: 572
NAME: OUT572
TOTAL : 1
LIST ITEMS
573 

--- 
JOINTOUTLET NUM: 573
NAME: OUT573
TOTAL : 1
LIST ITEMS
574 

--- 
JOINTOUTLET NUM: 574
NAME: OUT574
TOTAL : 1
LIST ITEMS
575 

--- 
JOINTOUTLET NUM: 575
NAME: OUT575
TOTAL : 1
LIST ITEMS
576 

--- 
JOINTOUTLET NUM: 576
NAME: OUT576
TOTAL : 1
LIST ITEMS
577 

--- 
JOINTOUTLET NUM: 577
NAME: OUT577
TOTAL : 1
LIST ITEMS
578 

--- 
JOINTOUTLET NUM: 578
NAME: OUT578
TOTAL : 1
LIST ITEMS
579 

--- 
JOINTOUTLET NUM: 579
NAME: OUT579
TOTAL : 1
LIST ITEMS
580 

--- 
JOINTOUTLET NUM: 580
NAME: OUT580
TOTAL : 1
LIST ITEMS
581 

--- 
JOINTOUTLET NUM: 581
NAME: OUT581
TOTAL : 1
LIST ITEMS
582 

--- 
JOINTOUTLET NUM: 582
NAME: OUT582
TOTAL : 1
LIST ITEMS
583 

--- 
JOINTOUTLET NUM: 583
NAME: OUT583
TOTAL : 1
LIST ITEMS
584 

--- 
JOINTOUTLET NUM: 584
NAME: OUT584
TOTAL : 1
LIST ITEMS
585 

--- 
JOINTOUTLET NUM: 585
NAME: OUT585
TOTAL : 1
LIST ITEMS
586 

--- 
JOINTOUTLET NUM: 586
NAME: OUT586
TOTAL : 1
LIST ITEMS
587 

--- 
JOINTOUTLET NUM: 587
NAME: OUT587
TOTAL : 1
LIST ITEMS
588 

--- 
JOINTOUTLET NUM: 588
NAME: OUT588
TOTAL : 1
LIST ITEMS
589 

--- 
JOINTOUTLET NUM: 589
NAME: OUT589
TOTAL : 1
LIST ITEMS
590 

--- 
JOINTOUTLET NUM: 590
NAME: OUT590
TOTAL : 1
LIST ITEMS
591 

--- 
JOINTOUTLET NUM: 591
NAME: OUT591
TOTAL : 1
LIST ITEMS
592 

--- 
JOINTOUTLET NUM: 592
NAME: OUT592
TOTAL : 1
LIST ITEMS
593 

--- 
JOINTOUTLET NUM: 593
NAME: OUT593
TOTAL : 1
LIST ITEMS
594 

--- 
JOINTOUTLET NUM: 594
NAME: OUT594
TOTAL : 1
LIST ITEMS
595 

--- 
JOINTOUTLET NUM: 595
NAME: OUT595
TOTAL : 1
LIST ITEMS
596 

--- 
JOINTOUTLET NUM: 596
NAME: OUT596
TOTAL : 1
LIST ITEMS
597 

--- 
JOINTOUTLET NUM: 597
NAME: OUT597
TOTAL : 1
LIST ITEMS
598 

--- 
JOINTOUTLET NUM: 598
NAME: OUT598
TOTAL : 1
LIST ITEMS
599 

--- 
JOINTOUTLET NUM: 599
NAME: OUT599
TOTAL : 1
LIST ITEMS
600 

--- 
JOINTOUTLET NUM: 600
NAME: OUT600
TOTAL : 1
LIST ITEMS
601 

--- 
JOINTOUTLET NUM: 601
NAME: OUT601
TOTAL : 1
LIST ITEMS
602 

--- 
JOINTOUTLET NUM: 602
NAME: OUT602
TOTAL : 1
LIST ITEMS
603 

--- 
JOINTOUTLET NUM: 603
NAME: OUT603
TOTAL : 1
LIST ITEMS
604 

--- 
JOINTOUTLET NUM: 604
NAME: OUT604
TOTAL : 1
LIST ITEMS
605 

--- 
JOINTOUTLET NUM: 605
NAME: OUT605
TOTAL : 1
LIST ITEMS
606 

--- 
JOINTOUTLET NUM: 606
NAME: OUT606
TOTAL : 1
LIST ITEMS
607 

--- 
JOINTOUTLET NUM: 607
NAME: OUT607
TOTAL : 1
LIST ITEMS
608 

--- 
JOINTOUTLET NUM: 608
NAME: OUT608
TOTAL : 1
LIST ITEMS
609 

--- 
JOINTOUTLET NUM: 609
NAME: OUT609
TOTAL : 1
LIST ITEMS
610 

--- 
JOINTOUTLET NUM: 610
NAME: OUT610
TOTAL : 1
LIST ITEMS
611 

--- 
JOINTOUTLET NUM: 611
NAME: OUT611
TOTAL : 1
LIST ITEMS
612 

--- 
JOINTOUTLET NUM: 612
NAME: OUT612
TOTAL : 1
LIST ITEMS
613 

--- 
JOINTOUTLET NUM: 613
NAME: OUT613
TOTAL : 1
LIST ITEMS
614 

--- 
JOINTOUTLET NUM: 614
NAME: OUT614
TOTAL : 1
LIST ITEMS
615 

--- 
JOINTOUTLET NUM: 615
NAME: OUT615
TOTAL : 1
LIST ITEMS
616 

--- 
JOINTOUTLET NUM: 616
NAME: OUT616
TOTAL : 1
LIST ITEMS
617 

--- 
JOINTOUTLET NUM: 617
NAME: OUT617
TOTAL : 1
LIST ITEMS
618 

--- 
JOINTOUTLET NUM: 618
NAME: OUT618
TOTAL : 1
LIST ITEMS
619 

--- 
JOINTOUTLET NUM: 619
NAME: OUT619
TOTAL : 1
LIST ITEMS
620 

--- 
JOINTOUTLET NUM: 620
NAME: OUT620
TOTAL : 1
LIST ITEMS
621 

--- 
JOINTOUTLET NUM: 621
NAME: OUT621
TOTAL : 1
LIST ITEMS
622 

--- 
JOINTOUTLET NUM: 622
NAME: OUT622
TOTAL : 1
LIST ITEMS
623 

--- 
JOINTOUTLET NUM: 623
NAME: OUT623
TOTAL : 1
LIST ITEMS
624 

--- 
JOINTOUTLET NUM: 624
NAME: OUT624
TOTAL : 1
LIST ITEMS
625 

--- 
JOINTOUTLET NUM: 625
NAME: OUT625
TOTAL : 1
LIST ITEMS
626 

--- 
JOINTOUTLET NUM: 626
NAME: OUT626
TOTAL : 1
LIST ITEMS
627 

--- 
JOINTOUTLET NUM: 627
NAME: OUT627
TOTAL : 1
LIST ITEMS
628 

--- 
JOINTOUTLET NUM: 628
NAME: OUT628
TOTAL : 1
LIST ITEMS
629 

--- 
JOINTOUTLET NUM: 629
NAME: OUT629
TOTAL : 1
LIST ITEMS
630 

--- 
JOINTOUTLET NUM: 630
NAME: OUT630
TOTAL : 1
LIST ITEMS
631 

--- 
JOINTOUTLET NUM: 631
NAME: OUT631
TOTAL : 1
LIST ITEMS
632 

--- 
JOINTOUTLET NUM: 632
NAME: OUT632
TOTAL : 1
LIST ITEMS
633 

--- 
JOINTOUTLET NUM: 633
NAME: OUT633
TOTAL : 1
LIST ITEMS
634 

--- 
JOINTOUTLET NUM: 634
NAME: OUT634
TOTAL : 1
LIST ITEMS
635 

--- 
JOINTOUTLET NUM: 635
NAME: OUT635
TOTAL : 1
LIST ITEMS
636 

--- 
JOINTOUTLET NUM: 636
NAME: OUT636
TOTAL : 1
LIST ITEMS
637 

--- 
JOINTOUTLET NUM: 637
NAME: OUT637
TOTAL : 1
LIST ITEMS
638 

--- 
JOINTOUTLET NUM: 638
NAME: OUT638
TOTAL : 1
LIST ITEMS
639 

--- 
JOINTOUTLET NUM: 639
NAME: OUT639
TOTAL : 1
LIST ITEMS
640 

--- 
JOINTOUTLET NUM: 640
NAME: OUT640
TOTAL : 1
LIST ITEMS
641 

--- 
JOINTOUTLET NUM: 641
NAME: OUT641
TOTAL : 1
LIST ITEMS
642 

--- 
JOINTOUTLET NUM: 642
NAME: OUT642
TOTAL : 1
LIST ITEMS
643 

--- 
JOINTOUTLET NUM: 643
NAME: OUT643
TOTAL : 1
LIST ITEMS
644 

--- 
JOINTOUTLET NUM: 644
NAME: OUT644
TOTAL : 1
LIST ITEMS
645 

--- 
JOINTOUTLET NUM: 645
NAME: OUT645
TOTAL : 1
LIST ITEMS
646 

--- 
JOINTOUTLET NUM: 646
NAME: OUT646
TOTAL : 1
LIST ITEMS
647 

--- 
JOINTOUTLET NUM: 647
NAME: OUT647
TOTAL : 1
LIST ITEMS
648 

--- 
JOINTOUTLET NUM: 648
NAME: OUT648
TOTAL : 1
LIST ITEMS
649 

--- 
JOINTOUTLET NUM: 649
NAME: OUT649
TOTAL : 1
LIST ITEMS
650 

--- 
JOINTOUTLET NUM: 650
NAME: OUT650
TOTAL : 1
LIST ITEMS
651 

--- 
JOINTOUTLET NUM: 651
NAME: OUT651
TOTAL : 1
LIST ITEMS
652 

--- 
JOINTOUTLET NUM: 652
NAME: OUT652
TOTAL : 1
LIST ITEMS
653 

--- 
JOINTOUTLET NUM: 653
NAME: OUT653
TOTAL : 1
LIST ITEMS
654 

--- 
JOINTOUTLET NUM: 654
NAME: OUT654
TOTAL : 1
LIST ITEMS
655 

--- 
JOINTOUTLET NUM: 655
NAME: OUT655
TOTAL : 1
LIST ITEMS
656 

--- 
JOINTOUTLET NUM: 656
NAME: OUT656
TOTAL : 1
LIST ITEMS
657 

--- 
JOINTOUTLET NUM: 657
NAME: OUT657
TOTAL : 1
LIST ITEMS
658 

--- 
JOINTOUTLET NUM: 658
NAME: OUT658
TOTAL : 1
LIST ITEMS
659 

--- 
JOINTOUTLET NUM: 659
NAME: OUT659
TOTAL : 1
LIST ITEMS
660 

--- 
JOINTOUTLET NUM: 660
NAME: OUT660
TOTAL : 1
LIST ITEMS
661 

--- 
JOINTOUTLET NUM: 661
NAME: OUT661
TOTAL : 1
LIST ITEMS
662 

--- 
JOINTOUTLET NUM: 662
NAME: OUT662
TOTAL : 1
LIST ITEMS
663 

--- 
JOINTOUTLET NUM: 663
NAME: OUT663
TOTAL : 1
LIST ITEMS
664 

--- 
JOINTOUTLET NUM: 664
NAME: OUT664
TOTAL : 1
LIST ITEMS
665 

--- 
JOINTOUTLET NUM: 665
NAME: OUT665
TOTAL : 1
LIST ITEMS
666 

--- 
JOINTOUTLET NUM: 666
NAME: OUT666
TOTAL : 1
LIST ITEMS
667 

--- 
JOINTOUTLET NUM: 667
NAME: OUT667
TOTAL : 1
LIST ITEMS
668 

--- 
JOINTOUTLET NUM: 668
NAME: OUT668
TOTAL : 1
LIST ITEMS
669 

--- 
JOINTOUTLET NUM: 669
NAME: OUT669
TOTAL : 1
LIST ITEMS
670 

--- 
JOINTOUTLET NUM: 670
NAME: OUT670
TOTAL : 1
LIST ITEMS
671 

--- 
JOINTOUTLET NUM: 671
NAME: OUT671
TOTAL : 1
LIST ITEMS
672 

--- 
JOINTOUTLET NUM: 672
NAME: OUT672
TOTAL : 1
LIST ITEMS
673 

--- 
JOINTOUTLET NUM: 673
NAME: OUT673
TOTAL : 1
LIST ITEMS
674 

--- 
JOINTOUTLET NUM: 674
NAME: OUT674
TOTAL : 1
LIST ITEMS
675 

--- 
JOINTOUTLET NUM: 675
NAME: OUT675
TOTAL : 1
LIST ITEMS
676 

--- 
JOINTOUTLET NUM: 676
NAME: OUT676
TOTAL : 1
LIST ITEMS
677 

--- 
JOINTOUTLET NUM: 677
NAME: OUT677
TOTAL : 1
LIST ITEMS
678 

--- 
JOINTOUTLET NUM: 678
NAME: OUT678
TOTAL : 1
LIST ITEMS
679 

--- 
JOINTOUTLET NUM: 679
NAME: OUT679
TOTAL : 1
LIST ITEMS
680 

--- 
JOINTOUTLET NUM: 680
NAME: OUT680
TOTAL : 1
LIST ITEMS
681 

--- 
JOINTOUTLET NUM: 681
NAME: OUT681
TOTAL : 1
LIST ITEMS
682 

--- 
JOINTOUTLET NUM: 682
NAME: OUT682
TOTAL : 1
LIST ITEMS
683 

--- 
JOINTOUTLET NUM: 683
NAME: OUT683
TOTAL : 1
LIST ITEMS
684 

--- 
JOINTOUTLET NUM: 684
NAME: OUT684
TOTAL : 1
LIST ITEMS
685 

--- 
JOINTOUTLET NUM: 685
NAME: OUT685
TOTAL : 1
LIST ITEMS
686 

--- 
JOINTOUTLET NUM: 686
NAME: OUT686
TOTAL : 1
LIST ITEMS
687 

--- 
JOINTOUTLET NUM: 687
NAME: OUT687
TOTAL : 1
LIST ITEMS
688 

--- 
JOINTOUTLET NUM: 688
NAME: OUT688
TOTAL : 1
LIST ITEMS
689 

--- 
JOINTOUTLET NUM: 689
NAME: OUT689
TOTAL : 1
LIST ITEMS
690 

--- 
JOINTOUTLET NUM: 690
NAME: OUT690
TOTAL : 1
LIST ITEMS
691 

--- 
JOINTOUTLET NUM: 691
NAME: OUT691
TOTAL : 1
LIST ITEMS
692 

--- 
JOINTOUTLET NUM: 692
NAME: OUT692
TOTAL : 1
LIST ITEMS
693 

--- 
JOINTOUTLET NUM: 693
NAME: OUT693
TOTAL : 1
LIST ITEMS
694 

--- 
JOINTOUTLET NUM: 694
NAME: OUT694
TOTAL : 1
LIST ITEMS
695 

--- 
JOINTOUTLET NUM: 695
NAME: OUT695
TOTAL : 1
LIST ITEMS
696 

--- 
JOINTOUTLET NUM: 696
NAME: OUT696
TOTAL : 1
LIST ITEMS
697 

--- 
JOINTOUTLET NUM: 697
NAME: OUT697
TOTAL : 1
LIST ITEMS
698 

--- 
JOINTOUTLET NUM: 698
NAME: OUT698
TOTAL : 1
LIST ITEMS
699 

--- 
JOINTOUTLET NUM: 699
NAME: OUT699
TOTAL : 1
LIST ITEMS
700 

--- 
JOINTOUTLET NUM: 700
NAME: OUT700
TOTAL : 1
LIST ITEMS
701 

--- 
JOINTOUTLET NUM: 701
NAME: OUT701
TOTAL : 1
LIST ITEMS
702 

--- 
JOINTOUTLET NUM: 702
NAME: OUT702
TOTAL : 1
LIST ITEMS
703 

--- 
JOINTOUTLET NUM: 703
NAME: OUT703
TOTAL : 1
LIST ITEMS
704 

--- 
JOINTOUTLET NUM: 704
NAME: OUT704
TOTAL : 1
LIST ITEMS
705 

--- 
JOINTOUTLET NUM: 705
NAME: OUT705
TOTAL : 1
LIST ITEMS
706 

--- 
JOINTOUTLET NUM: 706
NAME: OUT706
TOTAL : 1
LIST ITEMS
707 

--- 
JOINTOUTLET NUM: 707
NAME: OUT707
TOTAL : 1
LIST ITEMS
708 

--- 
JOINTOUTLET NUM: 708
NAME: OUT708
TOTAL : 1
LIST ITEMS
709 

--- 
JOINTOUTLET NUM: 709
NAME: OUT709
TOTAL : 1
LIST ITEMS
710 

--- 
JOINTOUTLET NUM: 710
NAME: OUT710
TOTAL : 1
LIST ITEMS
711 

--- 
JOINTOUTLET NUM: 711
NAME: OUT711
TOTAL : 1
LIST ITEMS
712 

--- 
JOINTOUTLET NUM: 712
NAME: OUT712
TOTAL : 1
LIST ITEMS
713 

--- 
JOINTOUTLET NUM: 713
NAME: OUT713
TOTAL : 1
LIST ITEMS
714 

--- 
JOINTOUTLET NUM: 714
NAME: OUT714
TOTAL : 1
LIST ITEMS
715 

--- 
JOINTOUTLET NUM: 715
NAME: OUT715
TOTAL : 1
LIST ITEMS
716 

--- 
JOINTOUTLET NUM: 716
NAME: OUT716
TOTAL : 1
LIST ITEMS
717 

--- 
JOINTOUTLET NUM: 717
NAME: OUT717
TOTAL : 1
LIST ITEMS
718 

--- 
JOINTOUTLET NUM: 718
NAME: OUT718
TOTAL : 1
LIST ITEMS
719 

--- 
JOINTOUTLET NUM: 719
NAME: OUT719
TOTAL : 1
LIST ITEMS
720 

--- 
JOINTOUTLET NUM: 720
NAME: OUT720
TOTAL : 1
LIST ITEMS
721 

--- 
JOINTOUTLET NUM: 721
NAME: OUT721
TOTAL : 1
LIST ITEMS
722 

--- 
JOINTOUTLET NUM: 722
NAME: OUT722
TOTAL : 1
LIST ITEMS
723 

--- 
JOINTOUTLET NUM: 723
NAME: OUT723
TOTAL : 1
LIST ITEMS
724 

--- 
JOINTOUTLET NUM: 724
NAME: OUT724
TOTAL : 1
LIST ITEMS
725 

--- 
JOINTOUTLET NUM: 725
NAME: OUT725
TOTAL : 1
LIST ITEMS
726 

--- 
JOINTOUTLET NUM: 726
NAME: OUT726
TOTAL : 1
LIST ITEMS
727 

--- 
JOINTOUTLET NUM: 727
NAME: OUT727
TOTAL : 1
LIST ITEMS
728 

--- 
JOINTOUTLET NUM: 728
NAME: OUT728
TOTAL : 1
LIST ITEMS
729 

--- 
JOINTOUTLET NUM: 729
NAME: OUT729
TOTAL : 1
LIST ITEMS
730 

--- 
JOINTOUTLET NUM: 730
NAME: OUT730
TOTAL : 1
LIST ITEMS
731 

--- 
JOINTOUTLET NUM: 731
NAME: OUT731
TOTAL : 1
LIST ITEMS
732 

--- 
JOINTOUTLET NUM: 732
NAME: OUT732
TOTAL : 1
LIST ITEMS
733 

--- 
JOINTOUTLET NUM: 733
NAME: OUT733
TOTAL : 1
LIST ITEMS
734 

--- 
JOINTOUTLET NUM: 734
NAME: OUT734
TOTAL : 1
LIST ITEMS
735 

--- 
JOINTOUTLET NUM: 735
NAME: OUT735
TOTAL : 1
LIST ITEMS
736 

--- 
JOINTOUTLET NUM: 736
NAME: OUT736
TOTAL : 1
LIST ITEMS
737 

--- 
JOINTOUTLET NUM: 737
NAME: OUT737
TOTAL : 1
LIST ITEMS
738 

--- 
JOINTOUTLET NUM: 738
NAME: OUT738
TOTAL : 1
LIST ITEMS
739 

--- 
JOINTOUTLET NUM: 739
NAME: OUT739
TOTAL : 1
LIST ITEMS
740 

--- 
JOINTOUTLET NUM: 740
NAME: OUT740
TOTAL : 1
LIST ITEMS
741 

--- 
JOINTOUTLET NUM: 741
NAME: OUT741
TOTAL : 1
LIST ITEMS
742 

--- 
JOINTOUTLET NUM: 742
NAME: OUT742
TOTAL : 1
LIST ITEMS
743 

--- 
JOINTOUTLET NUM: 743
NAME: OUT743
TOTAL : 1
LIST ITEMS
744 

--- 
JOINTOUTLET NUM: 744
NAME: OUT744
TOTAL : 1
LIST ITEMS
745 

--- 
JOINTOUTLET NUM: 745
NAME: OUT745
TOTAL : 1
LIST ITEMS
746 

--- 
JOINTOUTLET NUM: 746
NAME: OUT746
TOTAL : 1
LIST ITEMS
747 

--- 
JOINTOUTLET NUM: 747
NAME: OUT747
TOTAL : 1
LIST ITEMS
748 

--- 
JOINTOUTLET NUM: 748
NAME: OUT748
TOTAL : 1
LIST ITEMS
749 

--- 
JOINTOUTLET NUM: 749
NAME: OUT749
TOTAL : 1
LIST ITEMS
750 

--- 
JOINTOUTLET NUM: 750
NAME: OUT750
TOTAL : 1
LIST ITEMS
751 

--- 
JOINTOUTLET NUM: 751
NAME: OUT751
TOTAL : 1
LIST ITEMS
752 

--- 
JOINTOUTLET NUM: 752
NAME: OUT752
TOTAL : 1
LIST ITEMS
753 

--- 
JOINTOUTLET NUM: 753
NAME: OUT753
TOTAL : 1
LIST ITEMS
754 

--- 
JOINTOUTLET NUM: 754
NAME: OUT754
TOTAL : 1
LIST ITEMS
755 

--- 
JOINTOUTLET NUM: 755
NAME: OUT755
TOTAL : 1
LIST ITEMS
756 

--- 
JOINTOUTLET NUM: 756
NAME: OUT756
TOTAL : 1
LIST ITEMS
757 

--- 
JOINTOUTLET NUM: 757
NAME: OUT757
TOTAL : 1
LIST ITEMS
758 

--- 
JOINTOUTLET NUM: 758
NAME: OUT758
TOTAL : 1
LIST ITEMS
759 

--- 
JOINTOUTLET NUM: 759
NAME: OUT759
TOTAL : 1
LIST ITEMS
760 

--- 
JOINTOUTLET NUM: 760
NAME: OUT760
TOTAL : 1
LIST ITEMS
761 

--- 
JOINTOUTLET NUM: 761
NAME: OUT761
TOTAL : 1
LIST ITEMS
762 

--- 
JOINTOUTLET NUM: 762
NAME: OUT762
TOTAL : 1
LIST ITEMS
763 

--- 
JOINTOUTLET NUM: 763
NAME: OUT763
TOTAL : 1
LIST ITEMS
764 

--- 
JOINTOUTLET NUM: 764
NAME: OUT764
TOTAL : 1
LIST ITEMS
765 

--- 
JOINTOUTLET NUM: 765
NAME: OUT765
TOTAL : 1
LIST ITEMS
766 

--- 
JOINTOUTLET NUM: 766
NAME: OUT766
TOTAL : 1
LIST ITEMS
767 

--- 
JOINTOUTLET NUM: 767
NAME: OUT767
TOTAL : 1
LIST ITEMS
768 

--- 
JOINTOUTLET NUM: 768
NAME: OUT768
TOTAL : 1
LIST ITEMS
769 

--- 
JOINTOUTLET NUM: 769
NAME: OUT769
TOTAL : 1
LIST ITEMS
770 

--- 
JOINTOUTLET NUM: 770
NAME: OUT770
TOTAL : 1
LIST ITEMS
771 

--- 
JOINTOUTLET NUM: 771
NAME: OUT771
TOTAL : 1
LIST ITEMS
772 

--- 
JOINTOUTLET NUM: 772
NAME: OUT772
TOTAL : 1
LIST ITEMS
773 

--- 
JOINTOUTLET NUM: 773
NAME: OUT773
TOTAL : 1
LIST ITEMS
774 

--- 
JOINTOUTLET NUM: 774
NAME: OUT774
TOTAL : 1
LIST ITEMS
775 

--- 
JOINTOUTLET NUM: 775
NAME: OUT775
TOTAL : 1
LIST ITEMS
776 

--- 
JOINTOUTLET NUM: 776
NAME: OUT776
TOTAL : 1
LIST ITEMS
777 

--- 
JOINTOUTLET NUM: 777
NAME: OUT777
TOTAL : 1
LIST ITEMS
778 

--- 
JOINTOUTLET NUM: 778
NAME: OUT778
TOTAL : 1
LIST ITEMS
779 

--- 
JOINTOUTLET NUM: 779
NAME: OUT779
TOTAL : 1
LIST ITEMS
780 

--- 
JOINTOUTLET NUM: 780
NAME: OUT780
TOTAL : 1
LIST ITEMS
781 

--- 
JOINTOUTLET NUM: 781
NAME: OUT781
TOTAL : 1
LIST ITEMS
782 

--- 
JOINTOUTLET NUM: 782
NAME: OUT782
TOTAL : 1
LIST ITEMS
783 

--- 
JOINTOUTLET NUM: 783
NAME: OUT783
TOTAL : 1
LIST ITEMS
784 

--- 
JOINTOUTLET NUM: 784
NAME: OUT784
TOTAL : 1
LIST ITEMS
785 

--- 
JOINTOUTLET NUM: 785
NAME: OUT785
TOTAL : 1
LIST ITEMS
786 

--- 
JOINTOUTLET NUM: 786
NAME: OUT786
TOTAL : 1
LIST ITEMS
787 

--- 
JOINTOUTLET NUM: 787
NAME: OUT787
TOTAL : 1
LIST ITEMS
788 

--- 
JOINTOUTLET NUM: 788
NAME: OUT788
TOTAL : 1
LIST ITEMS
789 

--- 
JOINTOUTLET NUM: 789
NAME: OUT789
TOTAL : 1
LIST ITEMS
790 

--- 
JOINTOUTLET NUM: 790
NAME: OUT790
TOTAL : 1
LIST ITEMS
791 

--- 
JOINTOUTLET NUM: 791
NAME: OUT791
TOTAL : 1
LIST ITEMS
792 

--- 
JOINTOUTLET NUM: 792
NAME: OUT792
TOTAL : 1
LIST ITEMS
793 

--- 
JOINTOUTLET NUM: 793
NAME: OUT793
TOTAL : 1
LIST ITEMS
794 

--- 
JOINTOUTLET NUM: 794
NAME: OUT794
TOTAL : 1
LIST ITEMS
795 

--- 
JOINTOUTLET NUM: 795
NAME: OUT795
TOTAL : 1
LIST ITEMS
796 

--- 
JOINTOUTLET NUM: 796
NAME: OUT796
TOTAL : 1
LIST ITEMS
797 

--- 
JOINTOUTLET NUM: 797
NAME: OUT797
TOTAL : 1
LIST ITEMS
798 

--- 
JOINTOUTLET NUM: 798
NAME: OUT798
TOTAL : 1
LIST ITEMS
799 

--- 
JOINTOUTLET NUM: 799
NAME: OUT799
TOTAL : 1
LIST ITEMS
800 

--- 
JOINTOUTLET NUM: 800
NAME: OUT800
TOTAL : 1
LIST ITEMS
801 

--- 
JOINTOUTLET NUM: 801
NAME: OUT801
TOTAL : 1
LIST ITEMS
802 

--- 
JOINTOUTLET NUM: 802
NAME: OUT802
TOTAL : 1
LIST ITEMS
803 

--- 
JOINTOUTLET NUM: 803
NAME: OUT803
TOTAL : 1
LIST ITEMS
804 

--- 
JOINTOUTLET NUM: 804
NAME: OUT804
TOTAL : 1
LIST ITEMS
805 

--- 
JOINTOUTLET NUM: 805
NAME: OUT805
TOTAL : 1
LIST ITEMS
806 

--- 
JOINTOUTLET NUM: 806
NAME: OUT806
TOTAL : 1
LIST ITEMS
807 

--- 
JOINTOUTLET NUM: 807
NAME: OUT807
TOTAL : 1
LIST ITEMS
808 

--- 
JOINTOUTLET NUM: 808
NAME: OUT808
TOTAL : 1
LIST ITEMS
809 

--- 
JOINTOUTLET NUM: 809
NAME: OUT809
TOTAL : 1
LIST ITEMS
810 

--- 
JOINTOUTLET NUM: 810
NAME: OUT810
TOTAL : 1
LIST ITEMS
811 

--- 
JOINTOUTLET NUM: 811
NAME: OUT811
TOTAL : 1
LIST ITEMS
812 

--- 
JOINTOUTLET NUM: 812
NAME: OUT812
TOTAL : 1
LIST ITEMS
813 

--- 
JOINTOUTLET NUM: 813
NAME: OUT813
TOTAL : 1
LIST ITEMS
814 

--- 
JOINTOUTLET NUM: 814
NAME: OUT814
TOTAL : 1
LIST ITEMS
815 

--- 
JOINTOUTLET NUM: 815
NAME: OUT815
TOTAL : 1
LIST ITEMS
816 

--- 
JOINTOUTLET NUM: 816
NAME: OUT816
TOTAL : 1
LIST ITEMS
817 

--- 
JOINTOUTLET NUM: 817
NAME: OUT817
TOTAL : 1
LIST ITEMS
818 

--- 
JOINTOUTLET NUM: 818
NAME: OUT818
TOTAL : 1
LIST ITEMS
819 

--- 
JOINTOUTLET NUM: 819
NAME: OUT819
TOTAL : 1
LIST ITEMS
820 

--- 
JOINTOUTLET NUM: 820
NAME: OUT820
TOTAL : 1
LIST ITEMS
821 

--- 
JOINTOUTLET NUM: 821
NAME: OUT821
TOTAL : 1
LIST ITEMS
822 

--- 
JOINTOUTLET NUM: 822
NAME: OUT822
TOTAL : 1
LIST ITEMS
823 

--- 
JOINTOUTLET NUM: 823
NAME: OUT823
TOTAL : 1
LIST ITEMS
824 

--- 
JOINTOUTLET NUM: 824
NAME: OUT824
TOTAL : 1
LIST ITEMS
825 

--- 
JOINTOUTLET NUM: 825
NAME: OUT825
TOTAL : 1
LIST ITEMS
826 

--- 
JOINTOUTLET NUM: 826
NAME: OUT826
TOTAL : 1
LIST ITEMS
827 

--- 
JOINTOUTLET NUM: 827
NAME: OUT827
TOTAL : 1
LIST ITEMS
828 

--- 
JOINTOUTLET NUM: 828
NAME: OUT828
TOTAL : 1
LIST ITEMS
829 

--- 
JOINTOUTLET NUM: 829
NAME: OUT829
TOTAL : 1
LIST ITEMS
830 

--- 
JOINTOUTLET NUM: 830
NAME: OUT830
TOTAL : 1
LIST ITEMS
831 

--- 
JOINTOUTLET NUM: 831
NAME: OUT831
TOTAL : 1
LIST ITEMS
832 

--- 
JOINTOUTLET NUM: 832
NAME: OUT832
TOTAL : 1
LIST ITEMS
833 

--- 
JOINTOUTLET NUM: 833
NAME: OUT833
TOTAL : 1
LIST ITEMS
834 

--- 
JOINTOUTLET NUM: 834
NAME: OUT834
TOTAL : 1
LIST ITEMS
835 

--- 
JOINTOUTLET NUM: 835
NAME: OUT835
TOTAL : 1
LIST ITEMS
836 

--- 
JOINTOUTLET NUM: 836
NAME: OUT836
TOTAL : 1
LIST ITEMS
837 

--- 
JOINTOUTLET NUM: 837
NAME: OUT837
TOTAL : 1
LIST ITEMS
838 

--- 
JOINTOUTLET NUM: 838
NAME: OUT838
TOTAL : 1
LIST ITEMS
839 

--- 
JOINTOUTLET NUM: 839
NAME: OUT839
TOTAL : 1
LIST ITEMS
840 

--- 
JOINTOUTLET NUM: 840
NAME: OUT840
TOTAL : 1
LIST ITEMS
841 

--- 
JOINTOUTLET NUM: 841
NAME: OUT841
TOTAL : 1
LIST ITEMS
842 

--- 
JOINTOUTLET NUM: 842
NAME: OUT842
TOTAL : 1
LIST ITEMS
843 

--- 
JOINTOUTLET NUM: 843
NAME: OUT843
TOTAL : 1
LIST ITEMS
844 

--- 
JOINTOUTLET NUM: 844
NAME: OUT844
TOTAL : 1
LIST ITEMS
845 

--- 
JOINTOUTLET NUM: 845
NAME: OUT845
TOTAL : 1
LIST ITEMS
846 

--- 
JOINTOUTLET NUM: 846
NAME: OUT846
TOTAL : 1
LIST ITEMS
847 

--- 
JOINTOUTLET NUM: 847
NAME: OUT847
TOTAL : 1
LIST ITEMS
848 

--- 
JOINTOUTLET NUM: 848
NAME: OUT848
TOTAL : 1
LIST ITEMS
849 

--- 
JOINTOUTLET NUM: 849
NAME: OUT849
TOTAL : 1
LIST ITEMS
850 

--- 
JOINTOUTLET NUM: 850
NAME: OUT850
TOTAL : 1
LIST ITEMS
851 

--- 
JOINTOUTLET NUM: 851
NAME: OUT851
TOTAL : 1
LIST ITEMS
852 

--- 
JOINTOUTLET NUM: 852
NAME: OUT852
TOTAL : 1
LIST ITEMS
853 

--- 
JOINTOUTLET NUM: 853
NAME: OUT853
TOTAL : 1
LIST ITEMS
854 

--- 
JOINTOUTLET NUM: 854
NAME: OUT854
TOTAL : 1
LIST ITEMS
855 

--- 
JOINTOUTLET NUM: 855
NAME: OUT855
TOTAL : 1
LIST ITEMS
856 

--- 
JOINTOUTLET NUM: 856
NAME: OUT856
TOTAL : 1
LIST ITEMS
857 

--- 
JOINTOUTLET NUM: 857
NAME: OUT857
TOTAL : 1
LIST ITEMS
858 

--- 
JOINTOUTLET NUM: 858
NAME: OUT858
TOTAL : 1
LIST ITEMS
859 

--- 
JOINTOUTLET NUM: 859
NAME: OUT859
TOTAL : 1
LIST ITEMS
860 

--- 
JOINTOUTLET NUM: 860
NAME: OUT860
TOTAL : 1
LIST ITEMS
861 

--- 
JOINTOUTLET NUM: 861
NAME: OUT861
TOTAL : 1
LIST ITEMS
862 

--- 
JOINTOUTLET NUM: 862
NAME: OUT862
TOTAL : 1
LIST ITEMS
863 

--- 
JOINTOUTLET NUM: 863
NAME: OUT863
TOTAL : 1
LIST ITEMS
864 

--- 
JOINTOUTLET NUM: 864
NAME: OUT864
TOTAL : 1
LIST ITEMS
865 

--- 
JOINTOUTLET NUM: 865
NAME: OUT865
TOTAL : 1
LIST ITEMS
866 

--- 
JOINTOUTLET NUM: 866
NAME: OUT866
TOTAL : 1
LIST ITEMS
867 

--- 
JOINTOUTLET NUM: 867
NAME: OUT867
TOTAL : 1
LIST ITEMS
868 

--- 
JOINTOUTLET NUM: 868
NAME: OUT868
TOTAL : 1
LIST ITEMS
869 

--- 
JOINTOUTLET NUM: 869
NAME: OUT869
TOTAL : 1
LIST ITEMS
870 

--- 
JOINTOUTLET NUM: 870
NAME: OUT870
TOTAL : 1
LIST ITEMS
871 

--- 
JOINTOUTLET NUM: 871
NAME: OUT871
TOTAL : 1
LIST ITEMS
872 

--- 
JOINTOUTLET NUM: 872
NAME: OUT872
TOTAL : 1
LIST ITEMS
873 

--- 
JOINTOUTLET NUM: 873
NAME: OUT873
TOTAL : 1
LIST ITEMS
874 

--- 
JOINTOUTLET NUM: 874
NAME: OUT874
TOTAL : 1
LIST ITEMS
875 

--- 
JOINTOUTLET NUM: 875
NAME: OUT875
TOTAL : 1
LIST ITEMS
876 

--- 
JOINTOUTLET NUM: 876
NAME: OUT876
TOTAL : 1
LIST ITEMS
877 

--- 
JOINTOUTLET NUM: 877
NAME: OUT877
TOTAL : 1
LIST ITEMS
878 

--- 
JOINTOUTLET NUM: 878
NAME: OUT878
TOTAL : 1
LIST ITEMS
879 

--- 
JOINTOUTLET NUM: 879
NAME: OUT879
TOTAL : 1
LIST ITEMS
880 

--- 
JOINTOUTLET NUM: 880
NAME: OUT880
TOTAL : 1
LIST ITEMS
881 

--- 
JOINTOUTLET NUM: 881
NAME: OUT881
TOTAL : 1
LIST ITEMS
882 

--- 
JOINTOUTLET NUM: 882
NAME: OUT882
TOTAL : 1
LIST ITEMS
883 

--- 
JOINTOUTLET NUM: 883
NAME: OUT883
TOTAL : 1
LIST ITEMS
884 

--- 
JOINTOUTLET NUM: 884
NAME: OUT884
TOTAL : 1
LIST ITEMS
885 

--- 
JOINTOUTLET NUM: 885
NAME: OUT885
TOTAL : 1
LIST ITEMS
886 

--- 
JOINTOUTLET NUM: 886
NAME: OUT886
TOTAL : 1
LIST ITEMS
887 

--- 
JOINTOUTLET NUM: 887
NAME: OUT887
TOTAL : 1
LIST ITEMS
888 

--- 
JOINTOUTLET NUM: 888
NAME: OUT888
TOTAL : 1
LIST ITEMS
889 

--- 
JOINTOUTLET NUM: 889
NAME: OUT889
TOTAL : 1
LIST ITEMS
890 

--- 
JOINTOUTLET NUM: 890
NAME: OUT890
TOTAL : 1
LIST ITEMS
891 

--- 
JOINTOUTLET NUM: 891
NAME: OUT891
TOTAL : 1
LIST ITEMS
892 

--- 
JOINTOUTLET NUM: 892
NAME: OUT892
TOTAL : 1
LIST ITEMS
893 

--- 
JOINTOUTLET NUM: 893
NAME: OUT893
TOTAL : 1
LIST ITEMS
894 

--- 
JOINTOUTLET NUM: 894
NAME: OUT894
TOTAL : 1
LIST ITEMS
895 

--- 
JOINTOUTLET NUM: 895
NAME: OUT895
TOTAL : 1
LIST ITEMS
896 

--- 
JOINTOUTLET NUM: 896
NAME: OUT896
TOTAL : 1
LIST ITEMS
897 

--- 
JOINTOUTLET NUM: 897
NAME: OUT897
TOTAL : 1
LIST ITEMS
898 

--- 
JOINTOUTLET NUM: 898
NAME: OUT898
TOTAL : 1
LIST ITEMS
899 

--- 
JOINTOUTLET NUM: 899
NAME: OUT899
TOTAL : 1
LIST ITEMS
900 

--- 
JOINTOUTLET NUM: 900
NAME: OUT900
TOTAL : 1
LIST ITEMS
901 

--- 
JOINTOUTLET NUM: 901
NAME: OUT901
TOTAL : 1
LIST ITEMS
902 

--- 
JOINTOUTLET NUM: 902
NAME: OUT902
TOTAL : 1
LIST ITEMS
903 

--- 
JOINTOUTLET NUM: 903
NAME: OUT903
TOTAL : 1
LIST ITEMS
904 

--- 
JOINTOUTLET NUM: 904
NAME: OUT904
TOTAL : 1
LIST ITEMS
905 

--- 
JOINTOUTLET NUM: 905
NAME: OUT905
TOTAL : 1
LIST ITEMS
906 

--- 
JOINTOUTLET NUM: 906
NAME: OUT906
TOTAL : 1
LIST ITEMS
907 

--- 
JOINTOUTLET NUM: 907
NAME: OUT907
TOTAL : 1
LIST ITEMS
908 

--- 
JOINTOUTLET NUM: 908
NAME: OUT908
TOTAL : 1
LIST ITEMS
909 

--- 
JOINTOUTLET NUM: 909
NAME: OUT909
TOTAL : 1
LIST ITEMS
910 

--- 
JOINTOUTLET NUM: 910
NAME: OUT910
TOTAL : 1
LIST ITEMS
911 

--- 
JOINTOUTLET NUM: 911
NAME: OUT911
TOTAL : 1
LIST ITEMS
912 

--- 
JOINTOUTLET NUM: 912
NAME: OUT912
TOTAL : 1
LIST ITEMS
913 

--- 
JOINTOUTLET NUM: 913
NAME: OUT913
TOTAL : 1
LIST ITEMS
914 

--- 
JOINTOUTLET NUM: 914
NAME: OUT914
TOTAL : 1
LIST ITEMS
915 

--- 
JOINTOUTLET NUM: 915
NAME: OUT915
TOTAL : 1
LIST ITEMS
916 

--- 
JOINTOUTLET NUM: 916
NAME: OUT916
TOTAL : 1
LIST ITEMS
917 

--- 
JOINTOUTLET NUM: 917
NAME: OUT917
TOTAL : 1
LIST ITEMS
918 

--- 
JOINTOUTLET NUM: 918
NAME: OUT918
TOTAL : 1
LIST ITEMS
919 

--- 
JOINTOUTLET NUM: 919
NAME: OUT919
TOTAL : 1
LIST ITEMS
920 

--- 
JOINTOUTLET NUM: 920
NAME: OUT920
TOTAL : 1
LIST ITEMS
921 

--- 
JOINTOUTLET NUM: 921
NAME: OUT921
TOTAL : 1
LIST ITEMS
922 

--- 
JOINTOUTLET NUM: 922
NAME: OUT922
TOTAL : 1
LIST ITEMS
923 

--- 
JOINTOUTLET NUM: 923
NAME: OUT923
TOTAL : 1
LIST ITEMS
924 

--- 
JOINTOUTLET NUM: 924
NAME: OUT924
TOTAL : 1
LIST ITEMS
925 

--- 
JOINTOUTLET NUM: 925
NAME: OUT925
TOTAL : 1
LIST ITEMS
926 

--- 
JOINTOUTLET NUM: 926
NAME: OUT926
TOTAL : 1
LIST ITEMS
927 

--- 
JOINTOUTLET NUM: 927
NAME: OUT927
TOTAL : 1
LIST ITEMS
928 

--- 
JOINTOUTLET NUM: 928
NAME: OUT928
TOTAL : 1
LIST ITEMS
929 

--- 
JOINTOUTLET NUM: 929
NAME: OUT929
TOTAL : 1
LIST ITEMS
930 

--- 
JOINTOUTLET NUM: 930
NAME: OUT930
TOTAL : 1
LIST ITEMS
931 

--- 
JOINTOUTLET NUM: 931
NAME: OUT931
TOTAL : 1
LIST ITEMS
932 

--- 
JOINTOUTLET NUM: 932
NAME: OUT932
TOTAL : 1
LIST ITEMS
933 

--- 
JOINTOUTLET NUM: 933
NAME: OUT933
TOTAL : 1
LIST ITEMS
934 

--- 
JOINTOUTLET NUM: 934
NAME: OUT934
TOTAL : 1
LIST ITEMS
935 

--- 
JOINTOUTLET NUM: 935
NAME: OUT935
TOTAL : 1
LIST ITEMS
936 

--- 
JOINTOUTLET NUM: 936
NAME: OUT936
TOTAL : 1
LIST ITEMS
937 

--- 
JOINTOUTLET NUM: 937
NAME: OUT937
TOTAL : 1
LIST ITEMS
938 

--- 
JOINTOUTLET NUM: 938
NAME: OUT938
TOTAL : 1
LIST ITEMS
939 

--- 
JOINTOUTLET NUM: 939
NAME: OUT939
TOTAL : 1
LIST ITEMS
940 

--- 
JOINTOUTLET NUM: 940
NAME: OUT940
TOTAL : 1
LIST ITEMS
941 

--- 
JOINTOUTLET NUM: 941
NAME: OUT941
TOTAL : 1
LIST ITEMS
942 

--- 
JOINTOUTLET NUM: 942
NAME: OUT942
TOTAL : 1
LIST ITEMS
943 

--- 
JOINTOUTLET NUM: 943
NAME: OUT943
TOTAL : 1
LIST ITEMS
944 

--- 
JOINTOUTLET NUM: 944
NAME: OUT944
TOTAL : 1
LIST ITEMS
945 

--- 
JOINTOUTLET NUM: 945
NAME: OUT945
TOTAL : 1
LIST ITEMS
946 

--- 
JOINTOUTLET NUM: 946
NAME: OUT946
TOTAL : 1
LIST ITEMS
947 

--- 
JOINTOUTLET NUM: 947
NAME: OUT947
TOTAL : 1
LIST ITEMS
948 

--- 
JOINTOUTLET NUM: 948
NAME: OUT948
TOTAL : 1
LIST ITEMS
949 

--- 
JOINTOUTLET NUM: 949
NAME: OUT949
TOTAL : 1
LIST ITEMS
950 

--- 
JOINTOUTLET NUM: 950
NAME: OUT950
TOTAL : 1
LIST ITEMS
951 

--- 
JOINTOUTLET NUM: 951
NAME: OUT951
TOTAL : 1
LIST ITEMS
952 

--- 
JOINTOUTLET NUM: 952
NAME: OUT952
TOTAL : 1
LIST ITEMS
953 

--- 
JOINTOUTLET NUM: 953
NAME: OUT953
TOTAL : 1
LIST ITEMS
954 

--- 
JOINTOUTLET NUM: 954
NAME: OUT954
TOTAL : 1
LIST ITEMS
955 

--- 
JOINTOUTLET NUM: 955
NAME: OUT955
TOTAL : 1
LIST ITEMS
956 

--- 
JOINTOUTLET NUM: 956
NAME: OUT956
TOTAL : 1
LIST ITEMS
957 

--- 
JOINTOUTLET NUM: 957
NAME: OUT957
TOTAL : 1
LIST ITEMS
958 

--- 
JOINTOUTLET NUM: 958
NAME: OUT958
TOTAL : 1
LIST ITEMS
959 

--- 
JOINTOUTLET NUM: 959
NAME: OUT959
TOTAL : 1
LIST ITEMS
960 

--- 
JOINTOUTLET NUM: 960
NAME: OUT960
TOTAL : 1
LIST ITEMS
961 

--- 
JOINTOUTLET NUM: 961
NAME: OUT961
TOTAL : 1
LIST ITEMS
962 

--- 
JOINTOUTLET NUM: 962
NAME: OUT962
TOTAL : 1
LIST ITEMS
963 

--- 
JOINTOUTLET NUM: 963
NAME: OUT963
TOTAL : 1
LIST ITEMS
964 

--- 
JOINTOUTLET NUM: 964
NAME: OUT964
TOTAL : 1
LIST ITEMS
965 

--- 
JOINTOUTLET NUM: 965
NAME: OUT965
TOTAL : 1
LIST ITEMS
966 

--- 
JOINTOUTLET NUM: 966
NAME: OUT966
TOTAL : 1
LIST ITEMS
967 

--- 
JOINTOUTLET NUM: 967
NAME: OUT967
TOTAL : 1
LIST ITEMS
968 

--- 
JOINTOUTLET NUM: 968
NAME: OUT968
TOTAL : 1
LIST ITEMS
969 

--- 
JOINTOUTLET NUM: 969
NAME: OUT969
TOTAL : 1
LIST ITEMS
970 

--- 
JOINTOUTLET NUM: 970
NAME: OUT970
TOTAL : 1
LIST ITEMS
971 

--- 
JOINTOUTLET NUM: 971
NAME: OUT971
TOTAL : 1
LIST ITEMS
972 

--- 
JOINTOUTLET NUM: 972
NAME: OUT972
TOTAL : 1
LIST ITEMS
973 

--- 
JOINTOUTLET NUM: 973
NAME: OUT973
TOTAL : 1
LIST ITEMS
974 

--- 
JOINTOUTLET NUM: 974
NAME: OUT974
TOTAL : 1
LIST ITEMS
975 

--- 
JOINTOUTLET NUM: 975
NAME: OUT975
TOTAL : 1
LIST ITEMS
976 

--- 
JOINTOUTLET NUM: 976
NAME: OUT976
TOTAL : 1
LIST ITEMS
977 

--- 
JOINTOUTLET NUM: 977
NAME: OUT977
TOTAL : 1
LIST ITEMS
978 

--- 
JOINTOUTLET NUM: 978
NAME: OUT978
TOTAL : 1
LIST ITEMS
979 

--- 
JOINTOUTLET NUM: 979
NAME: OUT979
TOTAL : 1
LIST ITEMS
980 

--- 
JOINTOUTLET NUM: 980
NAME: OUT980
TOTAL : 1
LIST ITEMS
981 

--- 
JOINTOUTLET NUM: 981
NAME: OUT981
TOTAL : 1
LIST ITEMS
982 

--- 
JOINTOUTLET NUM: 982
NAME: OUT982
TOTAL : 1
LIST ITEMS
983 

--- 
JOINTOUTLET NUM: 983
NAME: OUT983
TOTAL : 1
LIST ITEMS
984 

--- 
JOINTOUTLET NUM: 984
NAME: OUT984
TOTAL : 1
LIST ITEMS
985 

--- 
JOINTOUTLET NUM: 985
NAME: OUT985
TOTAL : 1
LIST ITEMS
986 

--- 
JOINTOUTLET NUM: 986
NAME: OUT986
TOTAL : 1
LIST ITEMS
987 

--- 
JOINTOUTLET NUM: 987
NAME: OUT987
TOTAL : 1
LIST ITEMS
988 

--- 
JOINTOUTLET NUM: 988
NAME: OUT988
TOTAL : 1
LIST ITEMS
989 

--- 
JOINTOUTLET NUM: 989
NAME: OUT989
TOTAL : 1
LIST ITEMS
990 

--- 
JOINTOUTLET NUM: 990
NAME: OUT990
TOTAL : 1
LIST ITEMS
991 

--- 
JOINTOUTLET NUM: 991
NAME: OUT991
TOTAL : 1
LIST ITEMS
992 

--- 
JOINTOUTLET NUM: 992
NAME: OUT992
TOTAL : 1
LIST ITEMS
993 

--- 
JOINTOUTLET NUM: 993
NAME: OUT993
TOTAL : 1
LIST ITEMS
994 

--- 
JOINTOUTLET NUM: 994
NAME: OUT994
TOTAL : 1
LIST ITEMS
995 

--- 
JOINTOUTLET NUM: 995
NAME: OUT995
TOTAL : 1
LIST ITEMS
996 

--- 
JOINTOUTLET NUM: 996
NAME: OUT996
TOTAL : 1
LIST ITEMS
997 

--- 
JOINTOUTLET NUM: 997
NAME: OUT997
TOTAL : 1
LIST ITEMS
998 

--- 
JOINTOUTLET NUM: 998
NAME: OUT998
TOTAL : 1
LIST ITEMS
999 

--- 
JOINTOUTLET NUM: 999
NAME: OUT999
TOTAL : 1
LIST ITEMS
1000 

--- 
JOINTOUTLET NUM: 1000
NAME: OUT1000
TOTAL : 1
LIST ITEMS
1001 

--- 
JOINTOUTLET NUM: 1001
NAME: OUT1001
TOTAL : 1
LIST ITEMS
1002 

--- 
JOINTOUTLET NUM: 1002
NAME: OUT1002
TOTAL : 1
LIST ITEMS
1003 

--- 
JOINTOUTLET NUM: 1003
NAME: OUT1003
TOTAL : 1
LIST ITEMS
1004 

--- 
JOINTOUTLET NUM: 1004
NAME: OUT1004
TOTAL : 1
LIST ITEMS
1005 

--- 
JOINTOUTLET NUM: 1005
NAME: OUT1005
TOTAL : 1
LIST ITEMS
1006 

--- 
JOINTOUTLET NUM: 1006
NAME: OUT1006
TOTAL : 1
LIST ITEMS
1007 

--- 
JOINTOUTLET NUM: 1007
NAME: OUT1007
TOTAL : 1
LIST ITEMS
1008 

--- 
JOINTOUTLET NUM: 1008
NAME: OUT1008
TOTAL : 1
LIST ITEMS
1009 

--- 
JOINTOUTLET NUM: 1009
NAME: OUT1009
TOTAL : 1
LIST ITEMS
1010 

--- 
JOINTOUTLET NUM: 1010
NAME: OUT1010
TOTAL : 1
LIST ITEMS
1011 

--- 
JOINTOUTLET NUM: 1011
NAME: OUT1011
TOTAL : 1
LIST ITEMS
1012 

--- 
JOINTOUTLET NUM: 1012
NAME: OUT1012
TOTAL : 1
LIST ITEMS
1013 

--- 
JOINTOUTLET NUM: 1013
NAME: OUT1013
TOTAL : 1
LIST ITEMS
1014 

--- 
JOINTOUTLET NUM: 1014
NAME: OUT1014
TOTAL : 1
LIST ITEMS
1015 

--- 
JOINTOUTLET NUM: 1015
NAME: OUT1015
TOTAL : 1
LIST ITEMS
1016 

--- 
JOINTOUTLET NUM: 1016
NAME: OUT1016
TOTAL : 1
LIST ITEMS
1017 

--- 
JOINTOUTLET NUM: 1017
NAME: OUT1017
TOTAL : 1
LIST ITEMS
1018 

--- 
JOINTOUTLET NUM: 1018
NAME: OUT1018
TOTAL : 1
LIST ITEMS
1019 

--- 
JOINTOUTLET NUM: 1019
NAME: OUT1019
TOTAL : 1
LIST ITEMS
1020 

--- 
JOINTOUTLET NUM: 1020
NAME: OUT1020
TOTAL : 1
LIST ITEMS
1021 

--- 
JOINTOUTLET NUM: 1021
NAME: OUT1021
TOTAL : 1
LIST ITEMS
1022 

--- 
JOINTOUTLET NUM: 1022
NAME: OUT1022
TOTAL : 1
LIST ITEMS
1023 

--- 
JOINTOUTLET NUM: 1023
NAME: OUT1023
TOTAL : 1
LIST ITEMS
1024 

--- 
JOINTOUTLET NUM: 1024
NAME: OUT1024
TOTAL : 1
LIST ITEMS
1025 

--- 
JOINTOUTLET NUM: 1025
NAME: OUT1025
TOTAL : 1
LIST ITEMS
1026 

--- 
JOINTOUTLET NUM: 1026
NAME: OUT1026
TOTAL : 1
LIST ITEMS
1027 

--- 
JOINTOUTLET NUM: 1027
NAME: OUT1027
TOTAL : 1
LIST ITEMS
1028 

--- 
JOINTOUTLET NUM: 1028
NAME: OUT1028
TOTAL : 1
LIST ITEMS
1029 

--- 
JOINTOUTLET NUM: 1029
NAME: OUT1029
TOTAL : 1
LIST ITEMS
1030 

--- 
JOINTOUTLET NUM: 1030
NAME: OUT1030
TOTAL : 1
LIST ITEMS
1031 

--- 
JOINTOUTLET NUM: 1031
NAME: OUT1031
TOTAL : 1
LIST ITEMS
1032 

--- 
JOINTOUTLET NUM: 1032
NAME: OUT1032
TOTAL : 1
LIST ITEMS
1033 

--- 
JOINTOUTLET NUM: 1033
NAME: OUT1033
TOTAL : 1
LIST ITEMS
1034 

--- 
JOINTOUTLET NUM: 1034
NAME: OUT1034
TOTAL : 1
LIST ITEMS
1035 

--- 
JOINTOUTLET NUM: 1035
NAME: OUT1035
TOTAL : 1
LIST ITEMS
1036 

--- 
JOINTOUTLET NUM: 1036
NAME: OUT1036
TOTAL : 1
LIST ITEMS
1037 

--- 
JOINTOUTLET NUM: 1037
NAME: OUT1037
TOTAL : 1
LIST ITEMS
1038 

--- 
JOINTOUTLET NUM: 1038
NAME: OUT1038
TOTAL : 1
LIST ITEMS
1039 

--- 
JOINTOUTLET NUM: 1039
NAME: OUT1039
TOTAL : 1
LIST ITEMS
1040 

--- 
JOINTOUTLET NUM: 1040
NAME: OUT1040
TOTAL : 1
LIST ITEMS
1041 

--- 
JOINTOUTLET NUM: 1041
NAME: OUT1041
TOTAL : 1
LIST ITEMS
1042 

--- 
JOINTOUTLET NUM: 1042
NAME: OUT1042
TOTAL : 1
LIST ITEMS
1043 

--- 
JOINTOUTLET NUM: 1043
NAME: OUT1043
TOTAL : 1
LIST ITEMS
1044 

--- 
JOINTOUTLET NUM: 1044
NAME: OUT1044
TOTAL : 1
LIST ITEMS
1045 

--- 
JOINTOUTLET NUM: 1045
NAME: OUT1045
TOTAL : 1
LIST ITEMS
1046 

--- 
JOINTOUTLET NUM: 1046
NAME: OUT1046
TOTAL : 1
LIST ITEMS
1047 

--- 
JOINTOUTLET NUM: 1047
NAME: OUT1047
TOTAL : 1
LIST ITEMS
1048 

--- 
JOINTOUTLET NUM: 1048
NAME: OUT1048
TOTAL : 1
LIST ITEMS
1049 

--- 
JOINTOUTLET NUM: 1049
NAME: OUT1049
TOTAL : 1
LIST ITEMS
1050 

--- 
JOINTOUTLET NUM: 1050
NAME: OUT1050
TOTAL : 1
LIST ITEMS
1051 

--- 
JOINTOUTLET NUM: 1051
NAME: OUT1051
TOTAL : 1
LIST ITEMS
1052 

--- 
JOINTOUTLET NUM: 1052
NAME: OUT1052
TOTAL : 1
LIST ITEMS
1053 

--- 
JOINTOUTLET NUM: 1053
NAME: OUT1053
TOTAL : 1
LIST ITEMS
1054 

--- 
JOINTOUTLET NUM: 1054
NAME: OUT1054
TOTAL : 1
LIST ITEMS
1055 

--- 
JOINTOUTLET NUM: 1055
NAME: OUT1055
TOTAL : 1
LIST ITEMS
1056 

--- 
JOINTOUTLET NUM: 1056
NAME: OUT1056
TOTAL : 1
LIST ITEMS
1057 

--- 
JOINTOUTLET NUM: 1057
NAME: OUT1057
TOTAL : 1
LIST ITEMS
1058 

--- 
JOINTOUTLET NUM: 1058
NAME: OUT1058
TOTAL : 1
LIST ITEMS
1059 

--- 
JOINTOUTLET NUM: 1059
NAME: OUT1059
TOTAL : 1
LIST ITEMS
1060 

--- 
JOINTOUTLET NUM: 1060
NAME: OUT1060
TOTAL : 1
LIST ITEMS
1061 

--- 
JOINTOUTLET NUM: 1061
NAME: OUT1061
TOTAL : 1
LIST ITEMS
1062 

--- 
JOINTOUTLET NUM: 1062
NAME: OUT1062
TOTAL : 1
LIST ITEMS
1063 

--- 
JOINTOUTLET NUM: 1063
NAME: OUT1063
TOTAL : 1
LIST ITEMS
1064 

--- 
JOINTOUTLET NUM: 1064
NAME: OUT1064
TOTAL : 1
LIST ITEMS
1065 

--- 
JOINTOUTLET NUM: 1065
NAME: OUT1065
TOTAL : 1
LIST ITEMS
1066 

--- 
JOINTOUTLET NUM: 1066
NAME: OUT1066
TOTAL : 1
LIST ITEMS
1067 

--- 
JOINTOUTLET NUM: 1067
NAME: OUT1067
TOTAL : 1
LIST ITEMS
1068 

--- 
JOINTOUTLET NUM: 1068
NAME: OUT1068
TOTAL : 1
LIST ITEMS
1069 

--- 
JOINTOUTLET NUM: 1069
NAME: OUT1069
TOTAL : 1
LIST ITEMS
1070 

--- 
JOINTOUTLET NUM: 1070
NAME: OUT1070
TOTAL : 1
LIST ITEMS
1071 

--- 
JOINTOUTLET NUM: 1071
NAME: OUT1071
TOTAL : 1
LIST ITEMS
1072 

--- 
JOINTOUTLET NUM: 1072
NAME: OUT1072
TOTAL : 1
LIST ITEMS
1073 

--- 
JOINTOUTLET NUM: 1073
NAME: OUT1073
TOTAL : 1
LIST ITEMS
1074 

--- 
JOINTOUTLET NUM: 1074
NAME: OUT1074
TOTAL : 1
LIST ITEMS
1075 

--- 
JOINTOUTLET NUM: 1075
NAME: OUT1075
TOTAL : 1
LIST ITEMS
1076 

--- 
JOINTOUTLET NUM: 1076
NAME: OUT1076
TOTAL : 1
LIST ITEMS
1077 

--- 
JOINTOUTLET NUM: 1077
NAME: OUT1077
TOTAL : 1
LIST ITEMS
1078 

--- 
JOINTOUTLET NUM: 1078
NAME: OUT1078
TOTAL : 1
LIST ITEMS
1079 

--- 
JOINTOUTLET NUM: 1079
NAME: OUT1079
TOTAL : 1
LIST ITEMS
1080 

--- 
JOINTOUTLET NUM: 1080
NAME: OUT1080
TOTAL : 1
LIST ITEMS
1081 

--- 
JOINTOUTLET NUM: 1081
NAME: OUT1081
TOTAL : 1
LIST ITEMS
1082 

--- 
JOINTOUTLET NUM: 1082
NAME: OUT1082
TOTAL : 1
LIST ITEMS
1083 

--- 
JOINTOUTLET NUM: 1083
NAME: OUT1083
TOTAL : 1
LIST ITEMS
1084 

--- 
JOINTOUTLET NUM: 1084
NAME: OUT1084
TOTAL : 1
LIST ITEMS
1085 

--- 
JOINTOUTLET NUM: 1085
NAME: OUT1085
TOTAL : 1
LIST ITEMS
1086 

--- 
JOINTOUTLET NUM: 1086
NAME: OUT1086
TOTAL : 1
LIST ITEMS
1087 

--- 
JOINTOUTLET NUM: 1087
NAME: OUT1087
TOTAL : 1
LIST ITEMS
1088 

--- 
JOINTOUTLET NUM: 1088
NAME: OUT1088
TOTAL : 1
LIST ITEMS
1089 

--- 
JOINTOUTLET NUM: 1089
NAME: OUT1089
TOTAL : 1
LIST ITEMS
1090 

--- 
JOINTOUTLET NUM: 1090
NAME: OUT1090
TOTAL : 1
LIST ITEMS
1091 

--- 
JOINTOUTLET NUM: 1091
NAME: OUT1091
TOTAL : 1
LIST ITEMS
1092 

--- 
JOINTOUTLET NUM: 1092
NAME: OUT1092
TOTAL : 1
LIST ITEMS
1093 

--- 
JOINTOUTLET NUM: 1093
NAME: OUT1093
TOTAL : 1
LIST ITEMS
1094 

--- 
JOINTOUTLET NUM: 1094
NAME: OUT1094
TOTAL : 1
LIST ITEMS
1095 

--- 
JOINTOUTLET NUM: 1095
NAME: OUT1095
TOTAL : 1
LIST ITEMS
1096 

--- 
JOINTOUTLET NUM: 1096
NAME: OUT1096
TOTAL : 1
LIST ITEMS
1097 

--- 
JOINTOUTLET NUM: 1097
NAME: OUT1097
TOTAL : 1
LIST ITEMS
1098 

--- 
JOINTOUTLET NUM: 1098
NAME: OUT1098
TOTAL : 1
LIST ITEMS
1099 

--- 
JOINTOUTLET NUM: 1099
NAME: OUT1099
TOTAL : 1
LIST ITEMS
1100 

--- 
JOINTOUTLET NUM: 1100
NAME: OUT1100
TOTAL : 1
LIST ITEMS
1101 

--- 
JOINTOUTLET NUM: 1101
NAME: OUT1101
TOTAL : 1
LIST ITEMS
1102 

--- 
JOINTOUTLET NUM: 1102
NAME: OUT1102
TOTAL : 1
LIST ITEMS
1103 

--- 
JOINTOUTLET NUM: 1103
NAME: OUT1103
TOTAL : 1
LIST ITEMS
1104 

--- 
JOINTOUTLET NUM: 1104
NAME: OUT1104
TOTAL : 1
LIST ITEMS
1105 

--- 
JOINTOUTLET NUM: 1105
NAME: OUT1105
TOTAL : 1
LIST ITEMS
1106 

--- 
JOINTOUTLET NUM: 1106
NAME: OUT1106
TOTAL : 1
LIST ITEMS
1107 

--- 
JOINTOUTLET NUM: 1107
NAME: OUT1107
TOTAL : 1
LIST ITEMS
1108 

--- 
JOINTOUTLET NUM: 1108
NAME: OUT1108
TOTAL : 1
LIST ITEMS
1109 

--- 
JOINTOUTLET NUM: 1109
NAME: OUT1109
TOTAL : 1
LIST ITEMS
1110 

--- 
JOINTOUTLET NUM: 1110
NAME: OUT1110
TOTAL : 1
LIST ITEMS
1111 

--- 
JOINTOUTLET NUM: 1111
NAME: OUT1111
TOTAL : 1
LIST ITEMS
1112 

--- 
JOINTOUTLET NUM: 1112
NAME: OUT1112
TOTAL : 1
LIST ITEMS
1113 

--- 
JOINTOUTLET NUM: 1113
NAME: OUT1113
TOTAL : 1
LIST ITEMS
1114 

--- 
JOINTOUTLET NUM: 1114
NAME: OUT1114
TOTAL : 1
LIST ITEMS
1115 

--- 
JOINTOUTLET NUM: 1115
NAME: OUT1115
TOTAL : 1
LIST ITEMS
1116 

--- 
JOINTOUTLET NUM: 1116
NAME: OUT1116
TOTAL : 1
LIST ITEMS
1117 

--- 
JOINTOUTLET NUM: 1117
NAME: OUT1117
TOTAL : 1
LIST ITEMS
1118 

--- 
JOINTOUTLET NUM: 1118
NAME: OUT1118
TOTAL : 1
LIST ITEMS
1119 

--- 
JOINTOUTLET NUM: 1119
NAME: OUT1119
TOTAL : 1
LIST ITEMS
1120 

--- 
JOINTOUTLET NUM: 1120
NAME: OUT1120
TOTAL : 1
LIST ITEMS
1121 

--- 
JOINTOUTLET NUM: 1121
NAME: OUT1121
TOTAL : 1
LIST ITEMS
1122 

--- 
JOINTOUTLET NUM: 1122
NAME: OUT1122
TOTAL : 1
LIST ITEMS
1123 

--- 
JOINTOUTLET NUM: 1123
NAME: OUT1123
TOTAL : 1
LIST ITEMS
1124 

--- 
JOINTOUTLET NUM: 1124
NAME: OUT1124
TOTAL : 1
LIST ITEMS
1125 

--- 
JOINTOUTLET NUM: 1125
NAME: OUT1125
TOTAL : 1
LIST ITEMS
1126 

--- 
JOINTOUTLET NUM: 1126
NAME: OUT1126
TOTAL : 1
LIST ITEMS
1127 

--- 
JOINTOUTLET NUM: 1127
NAME: OUT1127
TOTAL : 1
LIST ITEMS
1128 

--- 
JOINTOUTLET NUM: 1128
NAME: OUT1128
TOTAL : 1
LIST ITEMS
1129 

--- 
JOINTOUTLET NUM: 1129
NAME: OUT1129
TOTAL : 1
LIST ITEMS
1130 

--- 
JOINTOUTLET NUM: 1130
NAME: OUT1130
TOTAL : 1
LIST ITEMS
1131 

--- 
JOINTOUTLET NUM: 1131
NAME: OUT1131
TOTAL : 1
LIST ITEMS
1132 

--- 
JOINTOUTLET NUM: 1132
NAME: OUT1132
TOTAL : 1
LIST ITEMS
1133 

--- 
JOINTOUTLET NUM: 1133
NAME: OUT1133
TOTAL : 1
LIST ITEMS
1134 

--- 
JOINTOUTLET NUM: 1134
NAME: OUT1134
TOTAL : 1
LIST ITEMS
1135 

--- 
JOINTOUTLET NUM: 1135
NAME: OUT1135
TOTAL : 1
LIST ITEMS
1136 

--- 
JOINTOUTLET NUM: 1136
NAME: OUT1136
TOTAL : 1
LIST ITEMS
1137 

--- 
JOINTOUTLET NUM: 1137
NAME: OUT1137
TOTAL : 1
LIST ITEMS
1138 

--- 
JOINTOUTLET NUM: 1138
NAME: OUT1138
TOTAL : 1
LIST ITEMS
1139 

--- 
JOINTOUTLET NUM: 1139
NAME: OUT1139
TOTAL : 1
LIST ITEMS
1140 

--- 
JOINTOUTLET NUM: 1140
NAME: OUT1140
TOTAL : 1
LIST ITEMS
1141 

--- 
JOINTOUTLET NUM: 1141
NAME: OUT1141
TOTAL : 1
LIST ITEMS
1142 

--- 
JOINTOUTLET NUM: 1142
NAME: OUT1142
TOTAL : 1
LIST ITEMS
1143 

--- 
JOINTOUTLET NUM: 1143
NAME: OUT1143
TOTAL : 1
LIST ITEMS
1144 

--- 
JOINTOUTLET NUM: 1144
NAME: OUT1144
TOTAL : 1
LIST ITEMS
1145 

--- 
JOINTOUTLET NUM: 1145
NAME: OUT1145
TOTAL : 1
LIST ITEMS
1146 

--- 
JOINTOUTLET NUM: 1146
NAME: OUT1146
TOTAL : 1
LIST ITEMS
1147 

--- 
JOINTOUTLET NUM: 1147
NAME: OUT1147
TOTAL : 1
LIST ITEMS
1148 

--- 
JOINTOUTLET NUM: 1148
NAME: OUT1148
TOTAL : 1
LIST ITEMS
1149 

--- 
JOINTOUTLET NUM: 1149
NAME: OUT1149
TOTAL : 1
LIST ITEMS
1150 

--- 
JOINTOUTLET NUM: 1150
NAME: OUT1150
TOTAL : 1
LIST ITEMS
1151 

--- 
JOINTOUTLET NUM: 1151
NAME: OUT1151
TOTAL : 1
LIST ITEMS
1152 

--- 
JOINTOUTLET NUM: 1152
NAME: OUT1152
TOTAL : 1
LIST ITEMS
1153 

--- 
JOINTOUTLET NUM: 1153
NAME: OUT1153
TOTAL : 1
LIST ITEMS
1154 

--- 
JOINTOUTLET NUM: 1154
NAME: OUT1154
TOTAL : 1
LIST ITEMS
1155 

--- 
JOINTOUTLET NUM: 1155
NAME: OUT1155
TOTAL : 1
LIST ITEMS
1156 

--- 
JOINTOUTLET NUM: 1156
NAME: OUT1156
TOTAL : 1
LIST ITEMS
1157 

--- 
JOINTOUTLET NUM: 1157
NAME: OUT1157
TOTAL : 1
LIST ITEMS
1158 

--- 
JOINTOUTLET NUM: 1158
NAME: OUT1158
TOTAL : 1
LIST ITEMS
1159 

--- 
JOINTOUTLET NUM: 1159
NAME: OUT1159
TOTAL : 1
LIST ITEMS
1160 

--- 
JOINTOUTLET NUM: 1160
NAME: OUT1160
TOTAL : 1
LIST ITEMS
1161 

--- 
JOINTOUTLET NUM: 1161
NAME: OUT1161
TOTAL : 1
LIST ITEMS
1162 

--- 
JOINTOUTLET NUM: 1162
NAME: OUT1162
TOTAL : 1
LIST ITEMS
1163 

--- 
JOINTOUTLET NUM: 1163
NAME: OUT1163
TOTAL : 1
LIST ITEMS
1164 

--- 
JOINTOUTLET NUM: 1164
NAME: OUT1164
TOTAL : 1
LIST ITEMS
1165 

--- 
JOINTOUTLET NUM: 1165
NAME: OUT1165
TOTAL : 1
LIST ITEMS
1166 

--- 
JOINTOUTLET NUM: 1166
NAME: OUT1166
TOTAL : 1
LIST ITEMS
1167 

--- 
JOINTOUTLET NUM: 1167
NAME: OUT1167
TOTAL : 1
LIST ITEMS
1168 

--- 
JOINTOUTLET NUM: 1168
NAME: OUT1168
TOTAL : 1
LIST ITEMS
1169 

--- 
JOINTOUTLET NUM: 1169
NAME: OUT1169
TOTAL : 1
LIST ITEMS
1170 

--- 
JOINTOUTLET NUM: 1170
NAME: OUT1170
TOTAL : 1
LIST ITEMS
1171 

--- 
JOINTOUTLET NUM: 1171
NAME: OUT1171
TOTAL : 1
LIST ITEMS
1172 

--- 
JOINTOUTLET NUM: 1172
NAME: OUT1172
TOTAL : 1
LIST ITEMS
1173 

--- 
JOINTOUTLET NUM: 1173
NAME: OUT1173
TOTAL : 1
LIST ITEMS
1174 

--- 
JOINTOUTLET NUM: 1174
NAME: OUT1174
TOTAL : 1
LIST ITEMS
1175 

--- 
JOINTOUTLET NUM: 1175
NAME: OUT1175
TOTAL : 1
LIST ITEMS
1176 

--- 
JOINTOUTLET NUM: 1176
NAME: OUT1176
TOTAL : 1
LIST ITEMS
1177 

--- 
JOINTOUTLET NUM: 1177
NAME: OUT1177
TOTAL : 1
LIST ITEMS
1178 

--- 
JOINTOUTLET NUM: 1178
NAME: OUT1178
TOTAL : 1
LIST ITEMS
1179 

--- 
JOINTOUTLET NUM: 1179
NAME: OUT1179
TOTAL : 1
LIST ITEMS
1180 

--- 
JOINTOUTLET NUM: 1180
NAME: OUT1180
TOTAL : 1
LIST ITEMS
1181 

--- 
JOINTOUTLET NUM: 1181
NAME: OUT1181
TOTAL : 1
LIST ITEMS
1182 

--- 
JOINTOUTLET NUM: 1182
NAME: OUT1182
TOTAL : 1
LIST ITEMS
1183 

--- 
JOINTOUTLET NUM: 1183
NAME: OUT1183
TOTAL : 1
LIST ITEMS
1184 

--- 
JOINTOUTLET NUM: 1184
NAME: OUT1184
TOTAL : 1
LIST ITEMS
1185 

--- 
JOINTOUTLET NUM: 1185
NAME: OUT1185
TOTAL : 1
LIST ITEMS
1186 

--- 
JOINTOUTLET NUM: 1186
NAME: OUT1186
TOTAL : 1
LIST ITEMS
1187 

--- 
JOINTOUTLET NUM: 1187
NAME: OUT1187
TOTAL : 1
LIST ITEMS
1188 

--- 
JOINTOUTLET NUM: 1188
NAME: OUT1188
TOTAL : 1
LIST ITEMS
1189 

--- 
JOINTOUTLET NUM: 1189
NAME: OUT1189
TOTAL : 1
LIST ITEMS
1190 

--- 
JOINTOUTLET NUM: 1190
NAME: OUT1190
TOTAL : 1
LIST ITEMS
1191 

--- 
JOINTOUTLET NUM: 1191
NAME: OUT1191
TOTAL : 1
LIST ITEMS
1192 

--- 
JOINTOUTLET NUM: 1192
NAME: OUT1192
TOTAL : 1
LIST ITEMS
1193 

--- 
JOINTOUTLET NUM: 1193
NAME: OUT1193
TOTAL : 1
LIST ITEMS
1194 

--- 
JOINTOUTLET NUM: 1194
NAME: OUT1194
TOTAL : 1
LIST ITEMS
1195 

--- 
JOINTOUTLET NUM: 1195
NAME: OUT1195
TOTAL : 1
LIST ITEMS
1196 

--- 
JOINTOUTLET NUM: 1196
NAME: OUT1196
TOTAL : 1
LIST ITEMS
1197 

--- 
JOINTOUTLET NUM: 1197
NAME: OUT1197
TOTAL : 1
LIST ITEMS
1198 

--- 
JOINTOUTLET NUM: 1198
NAME: OUT1198
TOTAL : 1
LIST ITEMS
1199 

--- 
JOINTOUTLET NUM: 1199
NAME: OUT1199
TOTAL : 1
LIST ITEMS
1200 

--- 
JOINTOUTLET NUM: 1200
NAME: OUT1200
TOTAL : 1
LIST ITEMS
1201 

--- 
JOINTOUTLET NUM: 1201
NAME: OUT1201
TOTAL : 1
LIST ITEMS
1202 

--- 
JOINTOUTLET NUM: 1202
NAME: OUT1202
TOTAL : 1
LIST ITEMS
1203 

--- 
JOINTOUTLET NUM: 1203
NAME: OUT1203
TOTAL : 1
LIST ITEMS
1204 

--- 
JOINTOUTLET NUM: 1204
NAME: OUT1204
TOTAL : 1
LIST ITEMS
1205 

--- 
JOINTOUTLET NUM: 1205
NAME: OUT1205
TOTAL : 1
LIST ITEMS
1206 

--- 
JOINTOUTLET NUM: 1206
NAME: OUT1206
TOTAL : 1
LIST ITEMS
1207 

--- 
JOINTOUTLET NUM: 1207
NAME: OUT1207
TOTAL : 1
LIST ITEMS
1208 

--- 
JOINTOUTLET NUM: 1208
NAME: OUT1208
TOTAL : 1
LIST ITEMS
1209 

--- 
JOINTOUTLET NUM: 1209
NAME: OUT1209
TOTAL : 1
LIST ITEMS
1210 

--- 
JOINTOUTLET NUM: 1210
NAME: OUT1210
TOTAL : 1
LIST ITEMS
1211 

--- 
JOINTOUTLET NUM: 1211
NAME: OUT1211
TOTAL : 1
LIST ITEMS
1212 

--- 
JOINTOUTLET NUM: 1212
NAME: OUT1212
TOTAL : 1
LIST ITEMS
1213 

--- 
JOINTOUTLET NUM: 1213
NAME: OUT1213
TOTAL : 1
LIST ITEMS
1214 

--- 
JOINTOUTLET NUM: 1214
NAME: OUT1214
TOTAL : 1
LIST ITEMS
1215 

--- 
JOINTOUTLET NUM: 1215
NAME: OUT1215
TOTAL : 1
LIST ITEMS
1216 

--- 
JOINTOUTLET NUM: 1216
NAME: OUT1216
TOTAL : 1
LIST ITEMS
1217 

--- 
JOINTOUTLET NUM: 1217
NAME: OUT1217
TOTAL : 1
LIST ITEMS
1218 

--- 
JOINTOUTLET NUM: 1218
NAME: OUT1218
TOTAL : 1
LIST ITEMS
1219 

--- 
JOINTOUTLET NUM: 1219
NAME: OUT1219
TOTAL : 1
LIST ITEMS
1220 

--- 
JOINTOUTLET NUM: 1220
NAME: OUT1220
TOTAL : 1
LIST ITEMS
1221 

--- 
JOINTOUTLET NUM: 1221
NAME: OUT1221
TOTAL : 1
LIST ITEMS
1222 

--- 
JOINTOUTLET NUM: 1222
NAME: OUT1222
TOTAL : 1
LIST ITEMS
1223 

--- 
JOINTOUTLET NUM: 1223
NAME: OUT1223
TOTAL : 1
LIST ITEMS
1224 

--- 
JOINTOUTLET NUM: 1224
NAME: OUT1224
TOTAL : 1
LIST ITEMS
1225 

--- 
JOINTOUTLET NUM: 1225
NAME: OUT1225
TOTAL : 1
LIST ITEMS
1226 

--- 
JOINTOUTLET NUM: 1226
NAME: OUT1226
TOTAL : 1
LIST ITEMS
1227 

--- 
JOINTOUTLET NUM: 1227
NAME: OUT1227
TOTAL : 1
LIST ITEMS
1228 

--- 
JOINTOUTLET NUM: 1228
NAME: OUT1228
TOTAL : 1
LIST ITEMS
1229 

--- 
JOINTOUTLET NUM: 1229
NAME: OUT1229
TOTAL : 1
LIST ITEMS
1230 

--- 
JOINTOUTLET NUM: 1230
NAME: OUT1230
TOTAL : 1
LIST ITEMS
1231 

--- 
JOINTOUTLET NUM: 1231
NAME: OUT1231
TOTAL : 1
LIST ITEMS
1232 

--- 
JOINTOUTLET NUM: 1232
NAME: OUT1232
TOTAL : 1
LIST ITEMS
1233 

--- 
JOINTOUTLET NUM: 1233
NAME: OUT1233
TOTAL : 1
LIST ITEMS
1234 

--- 
JOINTOUTLET NUM: 1234
NAME: OUT1234
TOTAL : 1
LIST ITEMS
1235 

--- 
JOINTOUTLET NUM: 1235
NAME: OUT1235
TOTAL : 1
LIST ITEMS
1236 

--- 
JOINTOUTLET NUM: 1236
NAME: OUT1236
TOTAL : 1
LIST ITEMS
1237 

--- 
JOINTOUTLET NUM: 1237
NAME: OUT1237
TOTAL : 1
LIST ITEMS
1238 

--- 
JOINTOUTLET NUM: 1238
NAME: OUT1238
TOTAL : 1
LIST ITEMS
1239 

--- 
JOINTOUTLET NUM: 1239
NAME: OUT1239
TOTAL : 1
LIST ITEMS
1240 

--- 
JOINTOUTLET NUM: 1240
NAME: OUT1240
TOTAL : 1
LIST ITEMS
1241 

--- 
JOINTOUTLET NUM: 1241
NAME: OUT1241
TOTAL : 1
LIST ITEMS
1242 

--- 
JOINTOUTLET NUM: 1242
NAME: OUT1242
TOTAL : 1
LIST ITEMS
1243 

--- 
JOINTOUTLET NUM: 1243
NAME: OUT1243
TOTAL : 1
LIST ITEMS
1244 

--- 
JOINTOUTLET NUM: 1244
NAME: OUT1244
TOTAL : 1
LIST ITEMS
1245 

--- 
JOINTOUTLET NUM: 1245
NAME: OUT1245
TOTAL : 1
LIST ITEMS
1246 

--- 
JOINTOUTLET NUM: 1246
NAME: OUT1246
TOTAL : 1
LIST ITEMS
1247 

--- 
JOINTOUTLET NUM: 1247
NAME: OUT1247
TOTAL : 1
LIST ITEMS
1248 

--- 
JOINTOUTLET NUM: 1248
NAME: OUT1248
TOTAL : 1
LIST ITEMS
1249 

--- 
JOINTOUTLET NUM: 1249
NAME: OUT1249
TOTAL : 1
LIST ITEMS
1250 

--- 
JOINTOUTLET NUM: 1250
NAME: OUT1250
TOTAL : 1
LIST ITEMS
1251 

--- 
JOINTOUTLET NUM: 1251
NAME: OUT1251
TOTAL : 1
LIST ITEMS
1252 

--- 
JOINTOUTLET NUM: 1252
NAME: OUT1252
TOTAL : 1
LIST ITEMS
1253 

--- 
JOINTOUTLET NUM: 1253
NAME: OUT1253
TOTAL : 1
LIST ITEMS
1254 

--- 
JOINTOUTLET NUM: 1254
NAME: OUT1254
TOTAL : 1
LIST ITEMS
1255 

--- 
JOINTOUTLET NUM: 1255
NAME: OUT1255
TOTAL : 1
LIST ITEMS
1256 

--- 
JOINTOUTLET NUM: 1256
NAME: OUT1256
TOTAL : 1
LIST ITEMS
1257 

--- 
JOINTOUTLET NUM: 1257
NAME: OUT1257
TOTAL : 1
LIST ITEMS
1258 

--- 
JOINTOUTLET NUM: 1258
NAME: OUT1258
TOTAL : 1
LIST ITEMS
1259 

--- 
JOINTOUTLET NUM: 1259
NAME: OUT1259
TOTAL : 1
LIST ITEMS
1260 

--- 
JOINTOUTLET NUM: 1260
NAME: OUT1260
TOTAL : 1
LIST ITEMS
1261 

--- 
JOINTOUTLET NUM: 1261
NAME: OUT1261
TOTAL : 1
LIST ITEMS
1262 

--- 
JOINTOUTLET NUM: 1262
NAME: OUT1262
TOTAL : 1
LIST ITEMS
1263 

--- 
JOINTOUTLET NUM: 1263
NAME: OUT1263
TOTAL : 1
LIST ITEMS
1264 

--- 
JOINTOUTLET NUM: 1264
NAME: OUT1264
TOTAL : 1
LIST ITEMS
1265 

--- 
JOINTOUTLET NUM: 1265
NAME: OUT1265
TOTAL : 1
LIST ITEMS
1266 

--- 
JOINTOUTLET NUM: 1266
NAME: OUT1266
TOTAL : 1
LIST ITEMS
1267 

--- 
JOINTOUTLET NUM: 1267
NAME: OUT1267
TOTAL : 1
LIST ITEMS
1268 

--- 
JOINTOUTLET NUM: 1268
NAME: OUT1268
TOTAL : 1
LIST ITEMS
1269 

--- 
JOINTOUTLET NUM: 1269
NAME: OUT1269
TOTAL : 1
LIST ITEMS
1270 

--- 
JOINTOUTLET NUM: 1270
NAME: OUT1270
TOTAL : 1
LIST ITEMS
1271 

--- 
JOINTOUTLET NUM: 1271
NAME: OUT1271
TOTAL : 1
LIST ITEMS
1272 

--- 
JOINTOUTLET NUM: 1272
NAME: OUT1272
TOTAL : 1
LIST ITEMS
1273 

--- 
JOINTOUTLET NUM: 1273
NAME: OUT1273
TOTAL : 1
LIST ITEMS
1274 

--- 
JOINTOUTLET NUM: 1274
NAME: OUT1274
TOTAL : 1
LIST ITEMS
1275 

--- 
JOINTOUTLET NUM: 1275
NAME: OUT1275
TOTAL : 1
LIST ITEMS
1276 

--- 
JOINTOUTLET NUM: 1276
NAME: OUT1276
TOTAL : 1
LIST ITEMS
1277 

--- 
JOINTOUTLET NUM: 1277
NAME: OUT1277
TOTAL : 1
LIST ITEMS
1278 

--- 
JOINTOUTLET NUM: 1278
NAME: OUT1278
TOTAL : 1
LIST ITEMS
1279 

--- 
JOINTOUTLET NUM: 1279
NAME: OUT1279
TOTAL : 1
LIST ITEMS
1280 

--- 
JOINTOUTLET NUM: 1280
NAME: OUT1280
TOTAL : 1
LIST ITEMS
1281 

--- 
JOINTOUTLET NUM: 1281
NAME: OUT1281
TOTAL : 1
LIST ITEMS
1282 

--- 
JOINTOUTLET NUM: 1282
NAME: OUT1282
TOTAL : 1
LIST ITEMS
1283 

--- 
JOINTOUTLET NUM: 1283
NAME: OUT1283
TOTAL : 1
LIST ITEMS
1284 

--- 
JOINTOUTLET NUM: 1284
NAME: OUT1284
TOTAL : 1
LIST ITEMS
1285 

--- 
JOINTOUTLET NUM: 1285
NAME: OUT1285
TOTAL : 1
LIST ITEMS
1286 

--- 
JOINTOUTLET NUM: 1286
NAME: OUT1286
TOTAL : 1
LIST ITEMS
1287 

--- 
JOINTOUTLET NUM: 1287
NAME: OUT1287
TOTAL : 1
LIST ITEMS
1288 

--- 
JOINTOUTLET NUM: 1288
NAME: OUT1288
TOTAL : 1
LIST ITEMS
1289 

--- 
JOINTOUTLET NUM: 1289
NAME: OUT1289
TOTAL : 1
LIST ITEMS
1290 

--- 
JOINTOUTLET NUM: 1290
NAME: OUT1290
TOTAL : 1
LIST ITEMS
1291 

--- 
JOINTOUTLET NUM: 1291
NAME: OUT1291
TOTAL : 1
LIST ITEMS
1292 

--- 
JOINTOUTLET NUM: 1292
NAME: OUT1292
TOTAL : 1
LIST ITEMS
1293 

--- 
JOINTOUTLET NUM: 1293
NAME: OUT1293
TOTAL : 1
LIST ITEMS
1294 

--- 
JOINTOUTLET NUM: 1294
NAME: OUT1294
TOTAL : 1
LIST ITEMS
1295 

--- 
JOINTOUTLET NUM: 1295
NAME: OUT1295
TOTAL : 1
LIST ITEMS
1296 

--- 
JOINTOUTLET NUM: 1296
NAME: OUT1296
TOTAL : 1
LIST ITEMS
1297 

--- 
JOINTOUTLET NUM: 1297
NAME: OUT1297
TOTAL : 1
LIST ITEMS
1298 

--- 
JOINTOUTLET NUM: 1298
NAME: OUT1298
TOTAL : 1
LIST ITEMS
1299 

--- 
DATA TABLES
--- 
DATA TABLE ID: 0
DATA TABLE NAME: RCR_0
DATA TABLE TYPE: LIST
VALUE n. 1: 0.000000
VALUE n. 2: 0.000000
VALUE n. 3: 1.000000
VALUE n. 4: 0.000000
--- 
DATA TABLE ID: 1
DATA TABLE NAME: INFLOW
DATA TABLE TYPE: LIST
VALUE n. 1: 0.000000
VALUE n. 2: 0.025000
VALUE n. 3: 1.000000
VALUE n. 4: 0.025000
