# ================================
# u-bend MODEL - UNITS IN CGS
# ================================

# ==========
# MODEL CARD
# ==========
# - Name of the model (string)

MODEL u-bend



### DO NOT CHANGE THIS SECTION - generated automatically
#
# ==========
# NODE CARD
# ==========
# - Node Name (double)
# - Node X Coordinate (double)
# - Node Y Coordinate (double)
# - Node Z Coordinate (double)

NODE 0 -0.30000147223472595 2.8499999046325684 0.5499753952026367
NODE 1 -0.299987978445763 2.836679584590049 0.5499623295362378
NODE 2 -0.2999744846568001 2.8233592645475296 0.549949263869839
NODE 3 -0.29996099086783723 2.8100389445050102 0.5499361982034401
NODE 4 -0.29994749707887053 2.796718624458745 0.5499231363579579
NODE 5 -0.29993400328989184 2.783398304400682 0.5499100865479349
NODE 6 -0.2999205095009132 2.7700779843426186 0.5498970367379121
NODE 7 -0.2999070157119345 2.7567576642845553 0.5498839869278893
NODE 8 -0.29989351577318174 2.743437344130764 0.5498710420679335
NODE 9 -0.2998800092237663 2.7301170238740706 0.5498582100234218
NODE 10 -0.29986625717615184 2.7167967027728204 0.5498473946034468
NODE 11 -0.2998484409494425 2.7034764120183215 0.5498755185162226
NODE 12 -0.2998329484188742 2.690156134105951 0.5499106424582875
NODE 13 -0.29982340846480215 2.6768358486383703 0.549944971302088
NODE 14 -0.2998287588197306 2.663515538691746 0.5499686027746
NODE 15 -0.2998515341738658 2.650195227262121 0.5499763180357732
NODE 16 -0.29988010278064975 2.636874925031642 0.5499778872099867
NODE 17 -0.299916952575596 2.623554646998689 0.5499698421275113
NODE 18 -0.29996049439055783 2.6102343956396266 0.5499530788761651
NODE 19 -0.30000259755754544 2.5969142395558866 0.5499131310607628
NODE 20 -0.30000987655053885 2.583594244114984 0.5498401346200584
NODE 21 -0.2999886983433774 2.570273998247149 0.5498604868438486
NODE 22 -0.29997482221265553 2.5569543127389056 0.5499830273977904
NODE 23 -0.29997702949144883 2.543634108804849 0.5500133334529853
NODE 24 -0.3000326520219049 2.530313941218198 0.5500251583487187
NODE 25 -0.3000868511610439 2.5169940677727825 0.5500316514865605
NODE 26 -0.3000975875170051 2.503674430695151 0.5499899762000988
NODE 27 -0.30003012966332554 2.490354733213998 0.5500784038786255
NODE 28 -0.2999781483525839 2.477034592849776 0.5500337691382371
NODE 29 -0.2999717206372022 2.4637143355650175 0.5500076210936166
NODE 30 -0.29995665043987635 2.4503942899029294 0.5499384668085081
NODE 31 -0.2999877149833683 2.43707407367557 0.5499080226318216
NODE 32 -0.3000456652438403 2.4237540390691192 0.5499546578822317
NODE 33 -0.3000315739637334 2.4104337492346297 0.5499475540939142
NODE 34 -0.3000344262666983 2.3971135309583085 0.5499196777481538
NODE 35 -0.30009034462042083 2.3837934728201753 0.5498773792589062
NODE 36 -0.3001774121305381 2.370473464676933 0.5499024346680769
NODE 37 -0.3001673691813338 2.3571533898501036 0.549976607533499
NODE 38 -0.30010623145063925 2.3438334155213845 0.5500410540694745
NODE 39 -0.3000856609872032 2.3305134094382702 0.5501052354921723
NODE 40 -0.30007976937103165 2.3171933361534522 0.5501455735567861
NODE 41 -0.3000424763360504 2.303873175155079 0.5501148629943889
NODE 42 -0.3000346100873423 2.2905529425902826 0.5501364219102814
NODE 43 -0.30003918995249945 2.277233003073638 0.5500568699897616
NODE 44 -0.30002191860805844 2.2639127769581138 0.5500278256279644
NODE 45 -0.2999816687932804 2.250592615244386 0.5499971345176192
NODE 46 -0.29997762919426363 2.237272527330247 0.5499961168466047
NODE 47 -0.3000129570450411 2.2239523779740864 0.5500246235173092
NODE 48 -0.30001060904313404 2.210632174638532 0.5500328045901246
NODE 49 -0.2999486856294237 2.1973120984586165 0.5500812142298452
NODE 50 -0.2999561186396911 2.1839921059478558 0.5500292291492634
NODE 51 -0.2999515368414485 2.170671876367348 0.5499959539851251
NODE 52 -0.3000124840530283 2.1573517840217544 0.549971655421469
NODE 53 -0.30018675376657245 2.144032896719828 0.549941073351424
NODE 54 -0.30012193597850667 2.1307135204122325 0.5500530792144406
NODE 55 -0.30000063891128764 2.1173941196780897 0.5500823910159077
NODE 56 -0.2999797954239874 2.1040741492213137 0.5500340991317624
NODE 57 -0.2999503140201826 2.090753960776243 0.550000991328059
NODE 58 -0.29990579160771386 2.0774337804511624 0.5500159917479697
NODE 59 -0.2999331663223363 2.0641135621593993 0.5500408994235625
NODE 60 -0.2999686111256368 2.0507933677120196 0.5500152060587729
NODE 61 -0.29993221298437206 2.037473288378102 0.5500495556736831
NODE 62 -0.29990336913619764 2.024153012006066 0.5500586841664389
NODE 63 -0.299896291527831 2.0108328122344252 0.5500299530167927
NODE 64 -0.29993007404667854 1.9975126984477634 0.5499695663051224
NODE 65 -0.29996731863339116 1.9841924730504532 0.5499346764513239
NODE 66 -0.30002139172685954 1.9708724641438042 0.5498884427110684
NODE 67 -0.3000249114364378 1.957552173889002 0.5499101653612319
NODE 68 -0.3000432552084517 1.9442319491549163 0.5499094207500822
NODE 69 -0.30001956035864 1.930911741610348 0.5498934969403892
NODE 70 -0.2999892383792833 1.9175916270467184 0.5499420706335189
NODE 71 -0.29999191040236306 1.9042715803798542 0.5500191544741861
NODE 72 -0.2999635106463624 1.8909514843409907 0.5499865567890776
NODE 73 -0.2999803159925088 1.8776312722935438 0.5499753953929076
NODE 74 -0.2999256113684657 1.8643110898671835 0.5499456683314327
NODE 75 -0.29991350870660993 1.850990798016886 0.5499393834406121
NODE 76 -0.29994660613569907 1.8376706832693677 0.5499329859029499
NODE 77 -0.29994601443232294 1.8243504732569844 0.5499684268780899
NODE 78 -0.2999394209121198 1.8110302284539224 0.5500092965315013
NODE 79 -0.2999794224374526 1.7977099726504044 0.5500146011657545
NODE 80 -0.29994773321634377 1.7843898011589427 0.5499671949665552
NODE 81 -0.30001809875886126 1.7710696935424342 0.5499913664454802
NODE 82 -0.30008626704289937 1.7577496412732365 0.5499929797347389
NODE 83 -0.30008667784449944 1.744429354621442 0.5500014813826318
NODE 84 -0.30004780042660495 1.7311091533983947 0.5500313515674438
NODE 85 -0.30002696363354375 1.717788893652538 0.5500403624727379
NODE 86 -0.3000148283947562 1.704468628196591 0.5500289949436803
NODE 87 -0.2999861266526026 1.6911484403264208 0.5499908853876863
NODE 88 -0.2999728306299007 1.6778281938896473 0.5499725439289256
NODE 89 -0.29993112669843863 1.6645079649892016 0.5499904253623363
NODE 90 -0.29995284571282016 1.651187725400792 0.5499501967520625
NODE 91 -0.2999340508467408 1.637867548447131 0.5499201764003012
NODE 92 -0.29991525832847316 1.6245473773741081 0.5498943194455885
NODE 93 -0.29991200134970913 1.6112271668779683 0.5499352299358257
NODE 94 -0.2999662310631416 1.5979069917548516 0.5499442262821395
NODE 95 -0.30000619402255563 1.5845869756853077 0.5500230401159641
NODE 96 -0.30005723560205994 1.5712670165645468 0.5500575397463898
NODE 97 -0.3000154154889906 1.5579469055241035 0.5500961687504722
NODE 98 -0.3000019960456148 1.5446267149728163 0.5500897185623828
NODE 99 -0.29996982605937045 1.531306824301457 0.5500735017728055
NODE 100 -0.30001332689787186 1.5179868368779563 0.5500015326088418
NODE 101 -0.3000137826860561 1.5046665654594493 0.549983931805514
NODE 102 -0.3000651113289946 1.491346487180079 0.5499340890292234
NODE 103 -0.30003984387453814 1.4780265817805875 0.5499779942817826
NODE 104 -0.29997923043220515 1.4647067767404691 0.550027716816651
NODE 105 -0.29993869619559493 1.451386579007076 0.550056332712882
NODE 106 -0.29996145926698964 1.4380665611153902 0.5500016670971567
NODE 107 -0.2999759465864987 1.4247467193284005 0.5499289140058041
NODE 108 -0.2999543986144209 1.411426717618769 0.5499591384964518
NODE 109 -0.2999651657108629 1.398106417626837 0.5499428927244643
NODE 110 -0.3000739568744574 1.3847871887060066 0.5500385534400599
NODE 111 -0.30009174436961117 1.3714669731426026 0.5500191376370311
NODE 112 -0.3000916248813992 1.3581469062138278 0.5499499219051436
NODE 113 -0.3000025640914618 1.3448269626943485 0.5499185910304182
NODE 114 -0.29997489283063755 1.3315067741458404 0.5499293635609446
NODE 115 -0.29997704780358336 1.3181865397121117 0.5499744628448678
NODE 116 -0.29995435033515266 1.3048663812451202 0.5499939248841984
NODE 117 -0.2998932928786673 1.2915463202949113 0.5499403927938914
NODE 118 -0.2999156807021387 1.2782262665716018 0.5498904528939037
NODE 119 -0.29990772813413225 1.2649060614968033 0.5498708772040443
NODE 120 -0.299931767620392 1.2515859553695945 0.5499417060756866
NODE 121 -0.2999865599386784 1.238266154646618 0.550031063780079
NODE 122 -0.3000392072347673 1.224946229576999 0.5500572057157461
NODE 123 -0.30012842535289175 1.2116263516259034 0.5500245440074598
NODE 124 -0.300172744541875 1.19830615538773 0.5499892180693091
NODE 125 -0.30011454929006326 1.184986170459324 0.5499914719897057
NODE 126 -0.3000147047242241 1.1716663154229783 0.5499721046857957
NODE 127 -0.3000030210163679 1.158346198173941 0.549922231142911
NODE 128 -0.2999836820596021 1.145026018047762 0.5499188039640949
NODE 129 -0.30000340793862407 1.1317057415267273 0.5499229943132209
NODE 130 -0.30001382967999735 1.1183855669967173 0.5499575934417256
NODE 131 -0.3000215990969584 1.105065315816153 0.549968134482429
NODE 132 -0.30000351400536757 1.091745119732424 0.5500012864389433
NODE 133 -0.3000103890791486 1.0784248942996004 0.5500197750646753
NODE 134 -0.30000283693079177 1.0651050319632067 0.5501106431190111
NODE 135 -0.30003643429335547 1.0517849215994455 0.5500946927018023
NODE 136 -0.3000593514006579 1.038464718086369 0.5500469703954579
NODE 137 -0.3000013744944877 1.0251445810774629 0.5500096626205697
NODE 138 -0.29997891755304107 1.0118243823045159 0.5499785843666434
NODE 139 -0.29998026187993104 0.9985041544288284 0.5499422362875712
NODE 140 -0.29998733697507113 0.9851839767319666 0.5499489102949066
NODE 141 -0.2999391092992551 0.9718638392403578 0.5499707302481623
NODE 142 -0.2998805238222953 0.9585437920659816 0.5500274187939201
NODE 143 -0.29984916600369277 0.9452237546162661 0.5500961089895104
NODE 144 -0.2998816349130593 0.9319035658969612 0.5500669997290017
NODE 145 -0.2999410247101653 0.918583397834112 0.5500789505581818
NODE 146 -0.30001857258008013 0.9052633307285123 0.5500622430483088
NODE 147 -0.300023606140292 0.8919431627232811 0.550024276712414
NODE 148 -0.3000584750838002 0.8786229135094066 0.5500277594233475
NODE 149 -0.30006309076093424 0.8653026292997006 0.5500381247177882
NODE 150 -0.3000103587318134 0.851982477819992 0.5500632171669625
NODE 151 -0.30002549786473565 0.8386622730653427 0.5500268520407086
NODE 152 -0.3000370144006703 0.8253420380396179 0.5500487685203552
NODE 153 -0.30004754665272587 0.8120218846677869 0.5500088194864915
NODE 154 -0.3000035732823367 0.798701704868543 0.550015052116647
NODE 155 -0.3000042835600949 0.7853816017887535 0.5499887306256332
NODE 156 -0.300013556265512 0.7720615033047523 0.5499236465711648
NODE 157 -0.30001657526955755 0.7587412283935383 0.5499163001979097
NODE 158 -0.2999697389448669 0.7454211255203509 0.5498749318375098
NODE 159 -0.2999114779333378 0.7321010179286536 0.5498595415332773
NODE 160 -0.2999540300917997 0.7187808365168008 0.5498855177665566
NODE 161 -0.2999338965929299 0.7054612263309041 0.549996023378612
NODE 162 -0.2999370770680011 0.6921419533470442 0.5501532602078769
NODE 163 -0.2998867186347249 0.6788217916976255 0.5501795442376354
NODE 164 -0.2998600420185014 0.6655015943768247 0.5501404310727993
NODE 165 -0.2999102126787066 0.6521815246260371 0.5501105298986916
NODE 166 -0.30003858951598517 0.6388620212606977 0.5500485004512975
NODE 167 -0.3001125862113565 0.6255420089747342 0.5500773726972342
NODE 168 -0.30012352455157554 0.6122217800495346 0.550048962756688
NODE 169 -0.30006345107017546 0.5989016476881981 0.550075167638473
NODE 170 -0.3000813251635352 0.5855814938617785 0.5500467761821428
NODE 171 -0.3001291679821992 0.5722613449105315 0.5500318578196615
NODE 172 -0.3000916981162139 0.5589411774771477 0.5499954488663653
NODE 173 -0.30000986865935325 0.5456213085004114 0.5500342010373994
NODE 174 -0.2999087912631688 0.5323014072942995 0.5500478859517022
NODE 175 -0.2998916104533226 0.518981288826726 0.5499984243614942
NODE 176 -0.2999359138742686 0.5056613767062941 0.5499324933630456
NODE 177 -0.29990213110004504 0.49234159291383484 0.5499714093867053
NODE 178 -0.2999908647556946 0.47902197238302635 0.5499586400546241
NODE 179 -0.2999714099984441 0.46570187934999635 0.5499959583983723
NODE 180 -0.29996310954013594 0.4523817831905617 0.5500115585681918
NODE 181 -0.29997518381282606 0.43906158526527456 0.5500256118410021
NODE 182 -0.30001366714162947 0.4257420344588106 0.549933108968789
NODE 183 -0.30006611918491866 0.41242218189473956 0.5499107387021617
NODE 184 -0.30005332256240086 0.39910231319960643 0.5500085127877401
NODE 185 -0.30006911159975924 0.38578208281737053 0.5500348865122325
NODE 186 -0.30010061327506066 0.37246196174726004 0.550039887330729
NODE 187 -0.3001515652682022 0.35914187309073553 0.5500342372082357
NODE 188 -0.30004637458937966 0.34582207515592367 0.5499928866983194
NODE 189 -0.2999811012086571 0.33250218030255957 0.549921305599717
NODE 190 -0.3000044239054921 0.3191820517470218 0.5499011044667189
NODE 191 -0.3000344007267842 0.3058618776201932 0.5499228393901757
NODE 192 -0.30001946352978937 0.29254159826460685 0.5499335834258445
NODE 193 -0.2999940563321185 0.2792213824240551 0.5499784160941606
NODE 194 -0.3000014281238878 0.26590130463293554 0.5500472668896823
NODE 195 -0.30000616151457693 0.2525811093458776 0.5500367818634497
NODE 196 -0.2999715668466917 0.23926105609882872 0.5500106827831877
NODE 197 -0.2999239902991409 0.22594086531929664 0.550017707239685
NODE 198 -0.299920141128423 0.2126206098325254 0.5500119401085627
NODE 199 -0.30000334043877724 0.19930064930398525 0.550029234813477
NODE 200 -0.30006643094683305 0.18598066626203572 0.550061881586079
NODE 201 -0.30010664851386515 0.17266042108697266 0.550059918477627
NODE 202 -0.3000937897354593 0.15934013323583604 0.5500486295023544
NODE 203 -0.30006418007904434 0.14601993241126524 0.5500384439033028
NODE 204 -0.29996763663699333 0.13270008579659956 0.5500408001647736
NODE 205 -0.2999620563757179 0.11938000420689965 0.5500442312663092
NODE 206 -0.29999102621480983 0.10605980242605824 0.550034342269351
NODE 207 -0.3000023843350925 0.09273961228486333 0.550048518538337
NODE 208 -0.2999863683222393 0.07941957724064565 0.5500350495112531
NODE 209 -0.29997447506312236 0.06609956905563691 0.5499527559684296
NODE 210 -0.29999715510159225 0.05277932000469831 0.5499799112148928
NODE 211 -0.2999620394773862 0.03945920389102005 0.5499630241783774
NODE 212 -0.2999454913163431 0.02613917281703514 0.5500310080803328
NODE 213 -0.3000099984194968 0.012819208362411778 0.5500897413077558
NODE 214 -0.3000474035722348 -0.0005009961888900068 0.5501200477017884
NODE 215 -0.30006443537540833 -0.01382106938129835 0.5501229465901775
NODE 216 -0.300057060167098 -0.027141210996797754 0.550070126844418
NODE 217 -0.30005532509554117 -0.0404609561807893 0.5499697867652158
NODE 218 -0.30001386097457033 -0.053781117223463744 0.549940185099296
NODE 219 -0.3000330729148581 -0.0671013803552464 0.5499236657819094
NODE 220 -0.30002331527882214 -0.08042162764221861 0.5498902699453764
NODE 221 -0.29997094433679033 -0.09374182027213473 0.5498733589888949
NODE 222 -0.2999722229473838 -0.1070617452454645 0.5499613638741353
NODE 223 -0.2999901739143348 -0.12038180749073418 0.5500195828904523
NODE 224 -0.2999696598645489 -0.13370208402964737 0.5500222545119549
NODE 225 -0.299977356450062 -0.1470222543908964 0.5499608641135868
NODE 226 -0.2999940211995016 -0.16034251466811236 0.5499366336046919
NODE 227 -0.3000102037498354 -0.17366276377253928 0.5499451900071028
NODE 228 -0.2999987539113609 -0.18698301318960955 0.5499380865062928
NODE 229 -0.2999485469247797 -0.20030310914953034 0.5499553559751597
NODE 230 -0.2999518300368816 -0.21362340788717155 0.5499732753678143
NODE 231 -0.2999635967288442 -0.2269430007879271 0.5500782916902786
NODE 232 -0.30000979259231825 -0.24026297586442735 0.5501390391126743
NODE 233 -0.29995912405500375 -0.2535831658629271 0.55017133511598
NODE 234 -0.2999550913333158 -0.26690337075729076 0.5501285683559131
NODE 235 -0.2999633427128697 -0.28022339165209736 0.5500582610311171
NODE 236 -0.2999437389166666 -0.2935435687777643 0.5500353015850168
NODE 237 -0.29991413670151074 -0.3068637930472337 0.5500343800300014
NODE 238 -0.29993512844795467 -0.3201837933187541 0.5500429866418307
NODE 239 -0.30004873038006724 -0.33350359126357476 0.5500450424713753
NODE 240 -0.30007527517925386 -0.34682381375209115 0.55005733450905
NODE 241 -0.3000661040631318 -0.36014404481820705 0.5500190426408977
NODE 242 -0.3000349582462194 -0.3734640514162107 0.5499346156065987
NODE 243 -0.300026811070272 -0.38678420959234816 0.5499320992335077
NODE 244 -0.30002284098395027 -0.4001045015937183 0.5499330857865146
NODE 245 -0.3000449285745085 -0.41342473935142515 0.5499063382425549
NODE 246 -0.30004182622478887 -0.426744560786528 0.5500196697487072
NODE 247 -0.3000074699921834 -0.44006461637190586 0.5500644376711339
NODE 248 -0.2999675810890048 -0.4533846004157165 0.5500091440139814
NODE 249 -0.2999502858721906 -0.46670488547834155 0.5500147138525298
NODE 250 -0.2999060459491196 -0.4800251113244291 0.5500043550326391
NODE 251 -0.2999005670966608 -0.49334524007732755 0.5500155134379692
NODE 252 -0.29989784439929307 -0.5066654132421498 0.5499807115577705
NODE 253 -0.2999145996445057 -0.5199856498003389 0.5500105687907888
NODE 254 -0.29995307689094636 -0.5333057962513398 0.5499658749668589
NODE 255 -0.2999624354610703 -0.5466258396528625 0.5499077103252712
NODE 256 -0.2999784594598269 -0.5599460184445082 0.5499077379660054
NODE 257 -0.2999546256137145 -0.5732660547348741 0.5499402230188042
NODE 258 -0.3000188931515819 -0.5865859033072168 0.5500216730013027
NODE 259 -0.30006394202119013 -0.5999060723796779 0.5500438862173195
NODE 260 -0.3000058919636194 -0.6132262222412025 0.5500223962924932
NODE 261 -0.30002594071097516 -0.6265462800179732 0.5499643278011876
NODE 262 -0.3000252856710001 -0.6398663682883171 0.5499749885091594
NODE 263 -0.29999740988357937 -0.6531863848155254 0.5499994782984811
NODE 264 -0.29999527594306696 -0.6665065218753514 0.5500366577181576
NODE 265 -0.2999832446471861 -0.6798267234889988 0.5500515751167762
NODE 266 -0.30001726490505765 -0.6931468268142712 0.550033405833872
NODE 267 -0.30001192203596544 -0.7064668775009337 0.5499905668347643
NODE 268 -0.30003076023985953 -0.7197869411372441 0.5499498084438094
NODE 269 -0.300036250064849 -0.7331071348134344 0.549985375511428
NODE 270 -0.29996721806224236 -0.7464268926924098 0.5500667264205373
NODE 271 -0.29996327660407135 -0.7597471629202399 0.5500996500286198
NODE 272 -0.29994569936795157 -0.7730670580168473 0.5501145081733746
NODE 273 -0.2999796544756966 -0.786386973876457 0.550039900907277
NODE 274 -0.3000279417463869 -0.7997068346392989 0.5499505852942675
NODE 275 -0.30003281351693306 -0.8130271261837748 0.549961507803928
NODE 276 -0.2999958112264634 -0.8263470745774675 0.5499914092461131
NODE 277 -0.29995365760677084 -0.8396672052749939 0.5500274599798204
NODE 278 -0.2999346873245882 -0.8529875099290828 0.5500375892408547
NODE 279 -0.2998850013031261 -0.8663077315233896 0.5500241863591503
NODE 280 -0.2999256835909287 -0.8796279544115112 0.5500533490986643
NODE 281 -0.29999354329298783 -0.8929480653918562 0.5500655726092601
NODE 282 -0.3000449426632489 -0.9062681039349784 0.550058568212958
NODE 283 -0.3000337291500979 -0.9195880173700274 0.5501580683944324
NODE 284 -0.30001028710036065 -0.9329081570624386 0.5501318613218046
NODE 285 -0.3000290832227393 -0.9462280284799186 0.5500232011907613
NODE 286 -0.30000066324102515 -0.959548209169717 0.5500064011319786
NODE 287 -0.30005973642535744 -0.9728679898784466 0.5500055224013659
NODE 288 -0.30004201088120996 -0.9861882886641732 0.549998595088299
NODE 289 -0.3000312547134083 -0.9995085945156436 0.5499939520028375
NODE 290 -0.2999950175540601 -1.012828843656201 0.5499881878103461
NODE 291 -0.29999908418456833 -1.0261491475891376 0.549972911825725
NODE 292 -0.3000010735249458 -1.0394694033345142 0.5500015278010851
NODE 293 -0.29999104234537294 -1.052789436329089 0.5499931010872519
NODE 294 -0.2999383111946386 -1.0661095462107313 0.5499682798244612
NODE 295 -0.2999092419334129 -1.0794297249463307 0.5499732325314831
NODE 296 -0.29991581702307857 -1.092749803270415 0.5500023525491838
NODE 297 -0.2999405125214677 -1.1060700890778785 0.5499950650492491
NODE 298 -0.3000244491677005 -1.1193900162190837 0.5500476711778517
NODE 299 -0.30002648339629623 -1.1327100024613166 0.5500294509412611
NODE 300 -0.3000414521335071 -1.1460299625458619 0.5500482281493349
NODE 301 -0.3000362020626571 -1.1593501914277733 0.5500065539203284
NODE 302 -0.30003763861806165 -1.1726703075679734 0.5499980898442564
NODE 303 -0.30006381345595906 -1.18599057342665 0.5499951449360542
NODE 304 -0.3000547382334355 -1.199310764358153 0.5500193249548289
NODE 305 -0.30003212694728465 -1.2126310271629537 0.5499958603570676
NODE 306 -0.29999488994859647 -1.2259512596808415 0.5499707462911488
NODE 307 -0.2999781765614681 -1.23927150479759 0.5499715496190056
NODE 308 -0.29997258978186553 -1.2525914904687703 0.5500192345843558
NODE 309 -0.2999755309979618 -1.2659115450364131 0.550087247495519
NODE 310 -0.30000744598502943 -1.279231549837966 0.5501411959254907
NODE 311 -0.30002390243346505 -1.2925517913904851 0.55015939341709
NODE 312 -0.2999978639620791 -1.3058719048933687 0.550114269848408
NODE 313 -0.3000127991869574 -1.3191921346636815 0.5501042855210875
NODE 314 -0.2999983368253157 -1.3325124085438487 0.5500728641968943
NODE 315 -0.2999675766213601 -1.3458326588771663 0.5500531099151399
NODE 316 -0.3000144458306504 -1.3591528530436143 0.5500282221979674
NODE 317 -0.29997480608216726 -1.3724729915468754 0.5499851997290222
NODE 318 -0.29996520055477727 -1.3857932110526234 0.5499917396051626
NODE 319 -0.29995499321655605 -1.3991133126604423 0.5500047896085453
NODE 320 -0.30000129575134393 -1.412433465531852 0.5499652313625506
NODE 321 -0.30003114994504165 -1.4257537228535027 0.5499642060694904
NODE 322 -0.3000413516467157 -1.4390738905500904 0.5500131167371554
NODE 323 -0.30008950469143597 -1.4523935900012943 0.5501299947386326
NODE 324 -0.29999960441313933 -1.4657133318205913 0.5501224970541112
NODE 325 -0.29996390359100666 -1.4790334434477743 0.5501108992237963
NODE 326 -0.29999300356300906 -1.492353629512774 0.5500894940883463
NODE 327 -0.30002543093614154 -1.505673775261972 0.5500412876446065
NODE 328 -0.29999555751511336 -1.5189939567016495 0.5500184352555088
NODE 329 -0.2999432585857428 -1.5323138604876982 0.5499517652721952
NODE 330 -0.29996520698305096 -1.545634152620484 0.5499439141204111
NODE 331 -0.2999929737122539 -1.5589542523971132 0.5499499081045617
NODE 332 -0.30003974247414716 -1.5722743820356087 0.549956862727861
NODE 333 -0.2999886804348134 -1.5855944954351326 0.5499299872966003
NODE 334 -0.300011686765212 -1.5989146693380465 0.5499538668237266
NODE 335 -0.30002115513363203 -1.6122349264382625 0.5499806282665675
NODE 336 -0.2999631714542957 -1.6255550570149182 0.5499691534501056
NODE 337 -0.2999400207327148 -1.6388751592498512 0.5500047233214852
NODE 338 -0.2999736719344018 -1.6521952750979418 0.550014294378156
NODE 339 -0.2999578081466732 -1.6655154491648094 0.5500058934577847
NODE 340 -0.29998429676482247 -1.678835656095002 0.5499824938004327
NODE 341 -0.3000288282416092 -1.6921557228702715 0.5499611154456463
NODE 342 -0.3000215470226954 -1.7054758344006578 0.5499007771445379
NODE 343 -0.3000345615242246 -1.718796100165334 0.5498776898620082
NODE 344 -0.30002523715078466 -1.732116304098786 0.5499201418204573
NODE 345 -0.30000689378962747 -1.7454363439937923 0.5499512170531335
NODE 346 -0.3000169872266794 -1.7587565220959698 0.5499875841319966
NODE 347 -0.3001070759905658 -1.772076428298095 0.5499944343972694
NODE 348 -0.3001843287353725 -1.7853964451932356 0.5499887212754577
NODE 349 -0.30015437607178796 -1.7987165639133984 0.5499991713972681
NODE 350 -0.3000899514295573 -1.8120364903044033 0.5499709930890279
NODE 351 -0.30001925255094325 -1.8253565299344443 0.5499985159254761
NODE 352 -0.29998170276142805 -1.8386763054110709 0.550057077942617
NODE 353 -0.2999279007401275 -1.8519963583481964 0.5500908115438033
NODE 354 -0.29986760294482767 -1.8653164152201254 0.5500740471548166
NODE 355 -0.2999012702841923 -1.878636375913242 0.5500819369132276
NODE 356 -0.2999524177428031 -1.8919562674968247 0.5500429431907264
NODE 357 -0.3000387716907114 -1.9052762797462446 0.5500658191569207
NODE 358 -0.30002135720370543 -1.918596425398534 0.5500130763195213
NODE 359 -0.3000322064566212 -1.9319164066673158 0.5500154607728337
NODE 360 -0.29996557256079426 -1.9452360354084193 0.5499308820651744
NODE 361 -0.299954580063846 -1.95855629396062 0.5499130432672135
NODE 362 -0.30001836048959063 -1.9718763945041287 0.5499344487217416
NODE 363 -0.3000289921833902 -1.9851966150495308 0.5499804735684455
NODE 364 -0.3000410831893139 -1.998516816723377 0.5500222573468627
NODE 365 -0.3000292390452258 -2.0118370197998905 0.5500326626652342
NODE 366 -0.30003264452218126 -2.025157228646501 0.5500466340533207
NODE 367 -0.3000420768682951 -2.038477481667891 0.550036032725657
NODE 368 -0.30000218187120525 -2.051797543592803 0.5499731740143019
NODE 369 -0.2999854912550882 -2.0651175562315895 0.5499167432055078
NODE 370 -0.2999626913227599 -2.078437839216089 0.5499276802662578
NODE 371 -0.29993253298192396 -2.091757337212875 0.5500717722970897
NODE 372 -0.2999804743922552 -2.105077078072632 0.5501678732698249
NODE 373 -0.2999789350701083 -2.118397399201501 0.5501708720019299
NODE 374 -0.29996999786765577 -2.1317176432210925 0.5501300075537493
NODE 375 -0.29997107556227404 -2.145037569331279 0.550039983098804
NODE 376 -0.29995218610356905 -2.158357756219011 0.5500000538295557
NODE 377 -0.29993890925844524 -2.17167793590698 0.5499620421072102
NODE 378 -0.29994392595687747 -2.184998103507516 0.5499051420727924
NODE 379 -0.29991747333140384 -2.1983183277090297 0.5499078763206103
NODE 380 -0.2998905543294022 -2.2116381825398115 0.5499965375321915
NODE 381 -0.29986859609567684 -2.224958090189362 0.5500613038124916
NODE 382 -0.2998767656185002 -2.2382780611821764 0.550007088849583
NODE 383 -0.2998855991614148 -2.2515982709989 0.5499639741388559
NODE 384 -0.29990783180103797 -2.26491847051148 0.550004942727238
NODE 385 -0.3000107004049641 -2.2782382653427535 0.5500627383399531
NODE 386 -0.3000168507202872 -2.2915585227122675 0.5500802553376036
NODE 387 -0.299951916032826 -2.3048786119293165 0.5500473067491736
NODE 388 -0.29999684818043965 -2.3181986473338325 0.5499848873709997
NODE 389 -0.30003464625792403 -2.331518840172791 0.5500046203498078
NODE 390 -0.3000309639680856 -2.344839110909328 0.5499769875929187
NODE 391 -0.30005223792164104 -2.358159223826586 0.549988521081895
NODE 392 -0.3000864436183112 -2.371479180762082 0.5499222037634568
NODE 393 -0.30008911580048014 -2.3847993259993996 0.5499157410552978
NODE 394 -0.30002548590227146 -2.398119389962062 0.5499462214966908
NODE 395 -0.29997446991853877 -2.4114395762303777 0.5499313020242294
NODE 396 -0.29995599911209714 -2.424759703350151 0.5499518381453206
NODE 397 -0.2999915408250801 -2.438079466367275 0.5499856234173788
NODE 398 -0.30005574470467195 -2.451399524548274 0.5500268618083514
NODE 399 -0.3000420253640349 -2.4647197495087227 0.5500088329373797
NODE 400 -0.3000184802110095 -2.4780399739857457 0.5499691019602999
NODE 401 -0.2999786341689108 -2.4913601555914204 0.5499278460118004
NODE 402 -0.3000049102046502 -2.504680370741789 0.5499373824101726
NODE 403 -0.30006908864959364 -2.5179996647432725 0.5499806733093076
NODE 404 -0.30006577605539275 -2.531319735654951 0.5500547504892618
NODE 405 -0.30008416333370347 -2.5446400003001166 0.5500647830222757
NODE 406 -0.300092433212556 -2.557960274480286 0.5500600859269686
NODE 407 -0.300056449591542 -2.5712804190827203 0.5500215800937307
NODE 408 -0.3000535168882258 -2.5846007120759813 0.5500325028867328
NODE 409 -0.30009980805802017 -2.597920891393975 0.550043166240996
NODE 410 -0.30005275315492336 -2.6112410581719505 0.5500261146112148
NODE 411 -0.30000124514894627 -2.6245611298020632 0.5499982525309636
NODE 412 -0.2999970817781656 -2.637881350161131 0.5499686719742833
NODE 413 -0.30002700880132327 -2.6512014746005668 0.5499412717082848
NODE 414 -0.30006069158534715 -2.6645214751497988 0.5499574261917733
NODE 415 -0.3000387048380866 -2.677841604669752 0.5499294540444077
NODE 416 -0.30003095280341235 -2.691161789723222 0.5499743035490626
NODE 417 -0.29994208450570936 -2.7044816457659637 0.5499611924773616
NODE 418 -0.3000572756761199 -2.7177998564339134 0.5500606371412967
NODE 419 -0.300134663415375 -2.7311174628862296 0.5502854103657575
NODE 420 -0.30027124820055456 -2.744436817456355 0.5502291733168352
NODE 421 -0.3002098341600674 -2.7577544756536017 0.5499762474283092
NODE 422 -0.3000510589259578 -2.771067352836752 0.5495675629279635
NODE 423 -0.29983771041353136 -2.7843784124154665 0.5491213063582344
NODE 424 -0.2996513664357466 -2.797693882928614 0.5488137919231176
NODE 425 -0.2994847282579294 -2.811010489226249 0.5485463835077163
NODE 426 -0.2993447764083219 -2.8243275916534873 0.5482894684387862
NODE 427 -0.2992200702952707 -2.8376449775165433 0.5480385481546999
NODE 428 -0.29916720092600346 -2.850963153532561 0.547806078850265
NODE 429 -0.29913919012817025 -2.8642816520173904 0.547607345859155
NODE 430 -0.2992232041596406 -2.8776017128277327 0.5476215049711177
NODE 431 -0.29957044072285727 -2.89089280303835 0.5483360653008339
NODE 432 -0.30001719229541407 -2.9041457097276933 0.5495292749578521
NODE 433 -0.30007338154170676 -2.917465710762622 0.5495523662803767
NODE 434 -0.30013060062266045 -2.930785887937807 0.549546286602661
NODE 435 -0.30008534878692644 -2.944106082879422 0.5495444715791471
NODE 436 -0.300032659919332 -2.957426245410892 0.549541167294877
NODE 437 -0.3000224785099841 -2.970746476689294 0.5495026153088121
NODE 438 -0.3000105514910759 -2.9840667329714363 0.5495182921724252
NODE 439 -0.29999389621264555 -2.997386903452628 0.5495691554774306
NODE 440 -0.2999937706387751 -3.010707216361544 0.5495853944077658
NODE 441 -0.3000065442023448 -3.0240274909597167 0.5495537817316873
NODE 442 -0.30005423169827083 -3.0373476959332066 0.5495644814866272
NODE 443 -0.30008152581838576 -3.0506679654984867 0.5495771849897576
NODE 444 -0.3000654690649884 -3.0639882262436453 0.5495419756255667
NODE 445 -0.30003326233603095 -3.0773084918130973 0.5495533612839042
NODE 446 -0.30001817704682265 -3.0906286039840953 0.5495582076121279
NODE 447 -0.3000326732721683 -3.1039488206353463 0.5495389838798244
NODE 448 -0.3000343911670232 -3.117269103149561 0.549552515606586
NODE 449 -0.3000567237382638 -3.1305892290881356 0.5495029727654012
NODE 450 -0.30003523809646926 -3.1439094863573076 0.5495338185227154
NODE 451 -0.3000457780282912 -3.1572297603619393 0.5495316946737474
NODE 452 -0.3000412762095414 -3.1705500224702687 0.5495650849505398
NODE 453 -0.30004005511688675 -3.183870323690816 0.54956068823314
NODE 454 -0.3000696490564149 -3.197190611336156 0.549571231796579
NODE 455 -0.30007304973249493 -3.2105109074104274 0.549561045740451
NODE 456 -0.3000810075211257 -3.2238311622366127 0.5495874401854893
NODE 457 -0.30008004133002886 -3.2371514161993122 0.5495702454542161
NODE 458 -0.30014581012176494 -3.250471504322095 0.5495470034858061
NODE 459 -0.30021079619128965 -3.2637916562696128 0.5495395587754686
NODE 460 -0.30021708388231433 -3.2771116756124647 0.5494660769367059
NODE 461 -0.30012985485499527 -3.2904315036219933 0.5493982279422359
NODE 462 -0.29985987031563655 -3.303748423951664 0.5494107629442192
NODE 463 -0.2992652407228755 -3.3170538666844904 0.549526065093058
NODE 464 -0.2981696452773365 -3.3303281708245036 0.5494871391049997
NODE 465 -0.2966160657840405 -3.3435568548045227 0.5494800816357235
NODE 466 -0.2945809268109107 -3.356719942176846 0.5495224399798956
NODE 467 -0.29200214078512743 -3.3697868714157413 0.54953713043287
NODE 468 -0.2889374105947093 -3.3827489314390835 0.5495527161891378
NODE 469 -0.2853120546414809 -3.3955650946335503 0.5495761847746385
NODE 470 -0.28113377980295734 -3.40821210625202 0.5495755395350403
NODE 471 -0.27642373782381524 -3.420670355442377 0.5495189728330911
NODE 472 -0.2711712080605701 -3.4329100247442437 0.5494629643281316
NODE 473 -0.2654125377253141 -3.44492068818668 0.5494713981074851
NODE 474 -0.25927249962760135 -3.456740281430041 0.5494930235156561
NODE 475 -0.25263934369598884 -3.4682904870195683 0.5495594824849245
NODE 476 -0.24557825836618868 -3.479583743552183 0.5495522124290922
NODE 477 -0.23787817286604895 -3.4904524128266132 0.5495652658360026
NODE 478 -0.22983968369182434 -3.5010724187666344 0.5495707552505975
NODE 479 -0.22140049744333337 -3.5113772491030444 0.5496348474753996
NODE 480 -0.21256190197672062 -3.521341498886699 0.5496306546688
NODE 481 -0.20332827853919147 -3.53093988358802 0.5496971110927303
NODE 482 -0.19363991609713757 -3.540078945902261 0.5497024149510416
NODE 483 -0.18354751278023723 -3.54877116940312 0.5497615076763256
NODE 484 -0.17320288081071253 -3.5571603046404143 0.5497534604209866
NODE 485 -0.16246128641182084 -3.5650360854784777 0.5497256445043104
NODE 486 -0.15146255764171843 -3.5725482472155865 0.5497002300869465
NODE 487 -0.14009004455359553 -3.5794809601320488 0.54969649466659
NODE 488 -0.12849384118563764 -3.586033427526245 0.5496191310120322
NODE 489 -0.1166405177125495 -3.5921065674514536 0.5495507741323357
NODE 490 -0.1045572236082075 -3.597711019040139 0.5495547576533221
NODE 491 -0.09223720536307956 -3.6027688477470248 0.5495999667258564
NODE 492 -0.07969380530656621 -3.607248185716458 0.5496882376474572
NODE 493 -0.06699765183614434 -3.6112739987797355 0.5497686696931577
NODE 494 -0.05415097455006881 -3.614791329033471 0.5497970230838508
NODE 495 -0.041184311092091655 -3.617836063976932 0.5497897389822992
NODE 496 -0.02809904003366509 -3.620320269764836 0.5497864745483986
NODE 497 -0.014914407923135203 -3.622209251841412 0.5497591069488327
NODE 498 -0.0016658683585996888 -3.623583929561252 0.5497619872745161
NODE 499 0.011628496851020171 -3.624379403104771 0.5497910862051999
NODE 500 0.024945583102684403 -3.624648643079488 0.5498123584312482
NODE 501 0.038260264752587446 -3.6243173159400293 0.5498242846732327
NODE 502 0.051555743178551376 -3.6235197158369137 0.5498903483421473
NODE 503 0.0648099590178655 -3.6222137527758513 0.5499171969373765
NODE 504 0.07799592813687563 -3.620332422211949 0.5499194570909833
NODE 505 0.09108376922095338 -3.617861591336558 0.5498756635111289
NODE 506 0.10406321880171486 -3.61486999064356 0.5499096965761512
NODE 507 0.11690911717704194 -3.6113557078961716 0.5498713069422801
NODE 508 0.1295729972816878 -3.607227410784419 0.5498833185944846
NODE 509 0.14209972792047196 -3.602702084704465 0.549872372278339
NODE 510 0.15443501449272407 -3.597676403435774 0.5498993594706865
NODE 511 0.16653999958776292 -3.5921207829534842 0.5499707576697199
NODE 512 0.17841750637330964 -3.5860936784800597 0.5499339529160173
NODE 513 0.19001364537148654 -3.5795414590675287 0.5499430294494095
NODE 514 0.20137465076968786 -3.5725895704433106 0.5500035281210701
NODE 515 0.21244066945040938 -3.565176291679191 0.5500077184909994
NODE 516 0.22310543022941234 -3.5571969462735904 0.5500604684176272
NODE 517 0.23349650278488154 -3.548864622099748 0.5500734341100328
NODE 518 0.24354122278271087 -3.5401176565558146 0.5500151272616687
NODE 519 0.2531744004821841 -3.530920411755808 0.5499524320087011
NODE 520 0.2624334998442962 -3.5213451094611155 0.5499455563447742
NODE 521 0.271347951870127 -3.511448806108999 0.5499245536260426
NODE 522 0.27980287011253707 -3.501156610919026 0.5499102888753696
NODE 523 0.2878360618944245 -3.4905323084891764 0.5498841021942115
NODE 524 0.2954255658633971 -3.479587973392694 0.5499502388509009
NODE 525 0.3025523088131333 -3.4683359885186955 0.5500132857834666
NODE 526 0.3092333322549324 -3.4568136433719343 0.5500371645920383
NODE 527 0.31551655615111346 -3.4450694622406233 0.550007660088493
NODE 528 0.3212188133524051 -3.4330328431936814 0.5499947145258522
NODE 529 0.32641650168956465 -3.420769887065486 0.5499948680221871
NODE 530 0.3311194099803953 -3.4083081258673418 0.5500032579374842
NODE 531 0.33533602823008946 -3.3956749811421316 0.5500747077040983
NODE 532 0.3388683909349981 -3.3828326737709458 0.550119889158648
NODE 533 0.34186789401428663 -3.3698556626469505 0.5500810970877583
NODE 534 0.34447557826259606 -3.356793677199413 0.5500230023939944
NODE 535 0.34653100732254977 -3.3436335927171346 0.55002127397424
NODE 536 0.34802514762206566 -3.330399477676364 0.5500147695245261
NODE 537 0.3490543132158631 -3.317119477498823 0.54994708645774
NODE 538 0.3496410580516712 -3.3038128597345495 0.5498885299770097
NODE 539 0.34986372490929446 -3.2904951348659672 0.5499302833679869
NODE 540 0.3498775927014399 -3.2771753010650646 0.5499634716481189
NODE 541 0.349812250621557 -3.2638552082179504 0.5499250062295402
NODE 542 0.3497098745680871 -3.2505353631681264 0.5498768763565102
NODE 543 0.3495269786103761 -3.237216398831639 0.5498768624168787
NODE 544 0.3494066854377063 -3.2238968749796086 0.5499076748055632
NODE 545 0.3493269258690329 -3.2105768106695955 0.5499068933367979
NODE 546 0.3492187963354661 -3.1972569555438852 0.5499156177700226
NODE 547 0.34909372077895073 -3.1839374261118563 0.5498539275315399
NODE 548 0.3490070291852869 -3.170617663040076 0.5497720721715101
NODE 549 0.3489558315636607 -3.1572974943524095 0.5497516952767957
NODE 550 0.3488729169696607 -3.1439774947095223 0.5497495777899298
NODE 551 0.3487599821623951 -3.1306577015312835 0.5497202292190039
NODE 552 0.3486633118334489 -3.117337846202307 0.5496754113519141
NODE 553 0.3486009215692032 -3.1040177557757396 0.5496405982526181
NODE 554 0.34852588585010796 -3.0906979740067286 0.5495586646286221
NODE 555 0.34843926908751466 -3.077377975902678 0.5495446444509632
NODE 556 0.34836530667357396 -3.0640579957450442 0.5495872681916568
NODE 557 0.3482267659977486 -3.050738490481627 0.5495794418089415
NODE 558 0.348097473927001 -3.037418900708299 0.5495446304095819
NODE 559 0.3479935333574529 -3.0240990465200066 0.5495253265225735
NODE 560 0.34787877000078704 -3.0107792759100973 0.5495173148875251
NODE 561 0.3477915014882323 -2.9974593431725394 0.5495029048345077
NODE 562 0.34774149519092534 -2.9841394723040913 0.5494247846898728
NODE 563 0.3476248770927968 -2.9708197055495624 0.5494404969580585
NODE 564 0.3475023936273818 -2.9575000267597553 0.54948100764668
NODE 565 0.3474211319254232 -2.9441799805869135 0.5494841984930998
NODE 566 0.347368088953622 -2.9308599624818963 0.5494284157333141
NODE 567 0.34724797221771386 -2.9175403766382897 0.5494104848257403
NODE 568 0.3471332183803409 -2.904220961375281 0.5494574779383844
NODE 569 0.3469333761083765 -2.890902481659378 0.5495043397586941
NODE 570 0.34678378381863056 -2.87758329749564 0.549424637554941
NODE 571 0.3467781259645164 -2.8642632459262214 0.5493595694267815
NODE 572 0.3468923472813102 -2.8509435257376605 0.5493754077423527
NODE 573 0.3471062576464681 -2.8376253496627477 0.549465424797452
NODE 574 0.3474111418387901 -2.824309768942088 0.5496428793943571
NODE 575 0.3477062146588271 -2.810993981766748 0.54982547096111
NODE 576 0.3481494861568534 -2.797682152071972 0.5499036485099075
NODE 577 0.34929189162695407 -2.7844147106496266 0.5497931367563267
NODE 578 0.3500256092280128 -2.771131923357896 0.5499144960342734
NODE 579 0.34992111026955974 -2.757812225493701 0.5499743410097433
NODE 580 0.3499435551239029 -2.7444924931602346 0.5500256160507192
NODE 581 0.3499725303530897 -2.7311722489633317 0.5500230398486268
NODE 582 0.3500402697176154 -2.7178522161355305 0.5499898133999656
NODE 583 0.3500674110918616 -2.7045319386897697 0.5500012337402023
NODE 584 0.3500193444713914 -2.691211832633918 0.5500067132994032
NODE 585 0.35006406323384864 -2.677891722480938 0.5499546234761085
NODE 586 0.3500738256735238 -2.664571414036492 0.5499383703172614
NODE 587 0.350043819516532 -2.6512511650375807 0.5499610788524901
NODE 588 0.3500199761709768 -2.6379308786698563 0.5499733466427588
NODE 589 0.35000221181835306 -2.6246106665340574 0.5500037693546459
NODE 590 0.34999794136979184 -2.6112905071242225 0.5500039755370353
NODE 591 0.3500344491497723 -2.59797025750969 0.5499954702124943
NODE 592 0.3500233476899575 -2.584649980882759 0.5499729237781102
NODE 593 0.34998393747698814 -2.5713297542438034 0.5499928176741059
NODE 594 0.34998752361981955 -2.5580095326166674 0.5500347366292159
NODE 595 0.3499892090402062 -2.544689251350634 0.5500392315741812
NODE 596 0.3500024938188429 -2.5313689740797374 0.5500248066842057
NODE 597 0.3500506516466385 -2.5180488484581676 0.5499964962855375
NODE 598 0.3500160256892395 -2.504728670224476 0.5499815736787538
NODE 599 0.34997368916968485 -2.4914084318040595 0.5499695562945546
NODE 600 0.34998507593629674 -2.478088126390953 0.5499834576979128
NODE 601 0.34997057637836254 -2.4647679696854006 0.5500306369046725
NODE 602 0.34995653005118527 -2.4514479915425156 0.5499666475175659
NODE 603 0.34999504998807646 -2.4381277462091 0.5499665676392248
NODE 604 0.34994508203935515 -2.4248077265347976 0.5500069925821299
NODE 605 0.34990518585315944 -2.411487607397231 0.5500409521481252
NODE 606 0.34994640463707527 -2.3981673732265665 0.5500192726418778
NODE 607 0.34993985745732115 -2.3848471245231826 0.5499990289860196
NODE 608 0.3499421853864939 -2.3715270169761467 0.5500494598533592
NODE 609 0.34997735081491593 -2.3582069001914405 0.5500961474163779
NODE 610 0.34997925431419397 -2.3448866177426906 0.5500720148919475
NODE 611 0.34995561838150024 -2.331566363726827 0.5500442044649969
NODE 612 0.3499644337152071 -2.318246080222306 0.5500300732376178
NODE 613 0.34999009716210827 -2.3049258731046622 0.5500477411353825
NODE 614 0.3500079124087664 -2.291605620190315 0.5500140050461402
NODE 615 0.3499981097393128 -2.2782853490785437 0.5500002259471838
NODE 616 0.34998260934894826 -2.264965079318126 0.550024386285341
NODE 617 0.3499645272466641 -2.251644807196498 0.5499947914380994
NODE 618 0.34996175382328165 -2.2383245080989775 0.5500076743348955
NODE 619 0.3500328282542914 -2.2250044235156174 0.5500335795370969
NODE 620 0.35008694103798094 -2.211684280412745 0.5500415815621734
NODE 621 0.3499928233588734 -2.1983644704534635 0.5500096220624696
NODE 622 0.34999852686503113 -2.1850442092473257 0.549999861057081
NODE 623 0.35003758999666296 -2.1717240631636963 0.5499955629901916
NODE 624 0.3500037439696557 -2.1584038860207784 0.5499893319846466
NODE 625 0.3500033761091598 -2.1450836745351234 0.5499789994916272
NODE 626 0.3500299556395718 -2.131763549446921 0.5499481898159285
NODE 627 0.3500568694676432 -2.1184433671735743 0.5499156281612083
NODE 628 0.3500712698801023 -2.105123068893578 0.5499204894259642
NODE 629 0.3500401876101993 -2.091802813222546 0.5499426820148923
NODE 630 0.3500045162637665 -2.078482559021889 0.5499472396129665
NODE 631 0.35001185708077037 -2.065162404397382 0.550012575163928
NODE 632 0.3499940242997484 -2.051842148230577 0.5500358137854262
NODE 633 0.3500131911837901 -2.0385219842034643 0.5499874447306166
NODE 634 0.3500635833122794 -2.025201784541269 0.5499864724867798
NODE 635 0.3500482385925127 -2.011881534466021 0.5499780052040014
NODE 636 0.3499859147708071 -1.9985613739533687 0.5499895237170817
NODE 637 0.34997465685192003 -1.985241100257517 0.5500001273933771
NODE 638 0.3499963250435922 -1.9719208380473678 0.5499941520027789
NODE 639 0.35002247389351127 -1.9586007064952764 0.5499955102282323
NODE 640 0.35002450019889547 -1.9452804252368474 0.5499741079773597
NODE 641 0.3499693493679142 -1.9319602407505063 0.5499559812087338
NODE 642 0.3499233737559979 -1.9186400122510843 0.5499402991019325
NODE 643 0.34992551053471843 -1.9053197221531606 0.5499363058621467
NODE 644 0.34995481750066726 -1.8919994378479397 0.5499365617745335
NODE 645 0.34997896005414464 -1.8786791787407247 0.5499415215390719
NODE 646 0.35000661203475 -1.8653592175903742 0.5500293640557011
NODE 647 0.3500129827559303 -1.8520389516731275 0.5500248874424654
NODE 648 0.35000541008500424 -1.8387186825412924 0.5500304432219485
NODE 649 0.3500086784878153 -1.8253985577279352 0.5499884176472198
NODE 650 0.3500621151400713 -1.8120784555543687 0.55000687151495
NODE 651 0.3500217572012571 -1.7987582580899586 0.5499860944259495
NODE 652 0.34997108118881254 -1.7854380923824191 0.5499585015869993
NODE 653 0.3499413799402361 -1.7721178415075334 0.5499490035744052
NODE 654 0.3499522017747607 -1.7587976017861335 0.5499712678073085
NODE 655 0.3500096747498991 -1.745477434133838 0.5499828779273123
NODE 656 0.3500342841077211 -1.7321571683733774 0.5499883927669493
NODE 657 0.35001599023680596 -1.7188368864628834 0.5500046415442701
NODE 658 0.35000303601723365 -1.7055165672172086 0.5499984822086583
NODE 659 0.34999149883603764 -1.6921962787976874 0.5500267835758756
NODE 660 0.3500159757820114 -1.6788759851347956 0.5500340329154543
NODE 661 0.35002022710687986 -1.6655557380938104 0.5499950055621305
NODE 662 0.3499614482422917 -1.6522356234401077 0.5499965588534498
NODE 663 0.34988072436783707 -1.638915572301765 0.54999580277871
NODE 664 0.34988763600382 -1.625595263414481 0.5499915071602931
NODE 665 0.3499641244605846 -1.6122752780835685 0.5500204180718187
NODE 666 0.35002971387094683 -1.5989551550556793 0.5500156314162139
NODE 667 0.3500190596779356 -1.5856348753646121 0.5499973750990109
NODE 668 0.349992651973933 -1.5723146946219533 0.5500009697995359
NODE 669 0.35000039574696457 -1.5589944486999487 0.5499974779359291
NODE 670 0.3500021352267662 -1.5456741475745326 0.5500033941017733
NODE 671 0.3500193263743648 -1.532353847299878 0.5500015505370345
NODE 672 0.3500493866832083 -1.5190335673416824 0.5500050383961378
NODE 673 0.35005843991576546 -1.5057132863297378 0.5499766420234784
NODE 674 0.35004390324993656 -1.4923929807048564 0.5499775663178669
NODE 675 0.34999394242122983 -1.4790727853364274 0.5499732731683383
NODE 676 0.34996418878301677 -1.465752620526272 0.5499987376968076
NODE 677 0.3499875759908509 -1.4524323575463134 0.5499749100210317
NODE 678 0.34999854145162307 -1.4391120829622503 0.5499805155001682
NODE 679 0.35001430209625756 -1.4257917852540964 0.5499932309722521
NODE 680 0.3500175839634992 -1.4124715359902298 0.5500082568335106
NODE 681 0.35002615656391717 -1.399151248992727 0.5500327510143194
NODE 682 0.34997869517839375 -1.385831050956584 0.5500197236987057
NODE 683 0.35000817301422754 -1.37251077734492 0.5500316697183422
NODE 684 0.35004797668366905 -1.3591905396430162 0.5500375628471375
NODE 685 0.35003645141464146 -1.34587035963958 0.5499908151012761
NODE 686 0.3500509231963952 -1.3325501018834687 0.5499545292371361
NODE 687 0.35008579295705067 -1.3192301217769131 0.5499836288425735
NODE 688 0.35008785072587667 -1.3059098584249043 0.5500151102522425
NODE 689 0.35004181985327487 -1.2925896285839318 0.5500154835454811
NODE 690 0.34997224325164633 -1.2792695988153207 0.5499665760696182
NODE 691 0.3499686538314517 -1.2659492835747999 0.5499526517116949
NODE 692 0.34994043268551656 -1.2526291017381856 0.5499576560729041
NODE 693 0.34998017356980854 -1.2393088411223816 0.549952093424586
NODE 694 0.34998964454424 -1.2259886005754432 0.5499626512731381
NODE 695 0.35000381761441574 -1.2126683203766533 0.5499505481275014
NODE 696 0.35004726239745904 -1.1993481507868144 0.5499862168455282
NODE 697 0.350048184522249 -1.1860278980735093 0.5500221378116885
NODE 698 0.3500516018726401 -1.1727075921041734 0.550033294655162
NODE 699 0.35003360827515007 -1.1593873017801444 0.5500118027473653
NODE 700 0.3500261253938455 -1.1460670020357522 0.5499976564211402
NODE 701 0.35002008386028455 -1.132746728593866 0.550009682340837
NODE 702 0.3500339480370395 -1.1194265157227645 0.5499779678716982
NODE 703 0.35003019329232166 -1.1061062323944153 0.5499797231562759
NODE 704 0.35002342311041584 -1.092785944515543 0.5500015435770684
NODE 705 0.35006833771015794 -1.079465737275687 0.5500262077775002
NODE 706 0.3500889419980506 -1.0661454569379485 0.5500311521947913
NODE 707 0.3500728051274329 -1.0528252126890414 0.5500376738378578
NODE 708 0.3500213290820754 -1.039505172977563 0.550057777132723
NODE 709 0.34999447416418533 -1.0261849159572927 0.5500567427274785
NODE 710 0.34996447392677155 -1.0128646556557679 0.5500602858719001
NODE 711 0.3499498634090221 -0.9995443935199719 0.5500510227789848
NODE 712 0.34999159762281157 -0.9862241755118916 0.5500205654661894
NODE 713 0.3499963164515645 -0.9729039347495207 0.5500004577414663
NODE 714 0.3499853532835302 -0.9595836557950336 0.5500002992003685
NODE 715 0.3500058019073895 -0.946263345888239 0.5499967821504189
NODE 716 0.34999989808926335 -0.9329430831210178 0.5499589425506156
NODE 717 0.34998244413378354 -0.9196227902779661 0.5499344921558394
NODE 718 0.35000378884679084 -0.9063025465701686 0.5499634475186063
NODE 719 0.35004885988036 -0.8929823285595524 0.5499891587679615
NODE 720 0.35003075934454214 -0.8796620839114709 0.5500104407200337
NODE 721 0.3500031860584903 -0.866341825293929 0.5499933247619448
NODE 722 0.34999690479283607 -0.8530216475946563 0.5500330364565703
NODE 723 0.35000098118028095 -0.8397013987684919 0.5500287629975125
NODE 724 0.34996119713805013 -0.8263811774891842 0.5500187471435113
NODE 725 0.349949156509493 -0.8130609411727084 0.5500381370180026
NODE 726 0.3499233473288266 -0.7997406572273266 0.5500226739435519
NODE 727 0.3499202978835067 -0.7864204220066282 0.550018613681013
NODE 728 0.3499402762571212 -0.7731003618692612 0.5499442106813587
NODE 729 0.34995662519155446 -0.7597800979751689 0.5499570056491909
NODE 730 0.3499538653775955 -0.7464599641595848 0.5500246740155817
NODE 731 0.34994944164276615 -0.733139814610308 0.5500764389566176
NODE 732 0.3499644288363668 -0.7198197205895253 0.5500395456586219
NODE 733 0.3499451640553266 -0.706499495824701 0.5499997070771586
NODE 734 0.34995962216786325 -0.693179197051641 0.549987072514687
NODE 735 0.3499945667897608 -0.6798589651417025 0.5500020619837768
NODE 736 0.3499984595439277 -0.6665386724773951 0.549994311657818
NODE 737 0.3499918879278523 -0.6532184525062726 0.5500178686315749
NODE 738 0.34998562771122926 -0.6398982509251423 0.5500029534848162
NODE 739 0.35000241973764984 -0.6265779593023975 0.5500172379786981
NODE 740 0.3500083836625508 -0.6132577140068939 0.5500256876893554
NODE 741 0.34999076853107686 -0.5999374524047164 0.5500228636417751
NODE 742 0.35000078398921414 -0.5866171265833067 0.5500198308415875
NODE 743 0.34998087243538323 -0.5732968430431445 0.5500000739253665
NODE 744 0.34995886913937274 -0.5599765415063775 0.5499903307391625
NODE 745 0.3499452369292238 -0.5466562683546013 0.5499962280312239
NODE 746 0.350001674546316 -0.533336100643701 0.549984954147438
NODE 747 0.35000427528865174 -0.5200158942056835 0.5499505334498445
NODE 748 0.3500232496123737 -0.5066955915851389 0.5499469578703465
NODE 749 0.35001603072481396 -0.4933752917685015 0.5499753078980084
NODE 750 0.35000614418952836 -0.4800549796528665 0.5499945664629357
NODE 751 0.34999496679665404 -0.4667346647737333 0.5499818301667025
NODE 752 0.3499963142071259 -0.4534144308264812 0.5499817931197846
NODE 753 0.3499727155978752 -0.440094223414207 0.5500314028705203
NODE 754 0.3499567199917302 -0.4267739073292421 0.5500355729022091
NODE 755 0.34995917214054645 -0.4134536459676124 0.5499972970886344
NODE 756 0.35004377680158 -0.40013363409496383 0.5500154713905141
NODE 757 0.3500103404868279 -0.38681343837734905 0.5500078609140094
NODE 758 0.3499121273026596 -0.37349362856705454 0.5499820466183319
NODE 759 0.3499424390157062 -0.36017342215831855 0.5499769522908511
NODE 760 0.34996561351826794 -0.3468531542015406 0.5499635866879774
NODE 761 0.34997928690417385 -0.3335328695446617 0.5499622620155059
NODE 762 0.3499862138173977 -0.32021260736131013 0.5499724530403528
NODE 763 0.3499963134145652 -0.3068923585984618 0.5499784248934383
NODE 764 0.34997671667866986 -0.29357205484298227 0.5499679708465872
NODE 765 0.34994251705698115 -0.28025182259665576 0.5499539431628796
NODE 766 0.34994947324754816 -0.2669317906450516 0.5499004604444478
NODE 767 0.3499688807888653 -0.2536115671632927 0.5499418344829782
NODE 768 0.34999040609404763 -0.24029135467397122 0.5499906944496519
NODE 769 0.3499776811728934 -0.22697110559075684 0.5499756626820497
NODE 770 0.3499881416399957 -0.21365093453516865 0.5499680667776116
NODE 771 0.35000438113859944 -0.20033086427917615 0.5499595188152712
NODE 772 0.3499968569765066 -0.18701060442592304 0.5499664931722541
NODE 773 0.349958972577497 -0.17369042871434304 0.5499920418262116
NODE 774 0.34995768272963496 -0.1603701344157144 0.5499701562224535
NODE 775 0.34998288762356006 -0.1470500007450441 0.550012704564334
NODE 776 0.34999216109825954 -0.13372981402931447 0.5500334638097143
NODE 777 0.35000829044931714 -0.1204095572990113 0.5500176437032231
NODE 778 0.34995192897027627 -0.10708938546638631 0.5500105599495286
NODE 779 0.3499460044540536 -0.093769091545726 0.5500043034553528
NODE 780 0.3499512039437693 -0.08044879506610063 0.550012188698154
NODE 781 0.3499755889305279 -0.06712871980183842 0.5500090213432738
NODE 782 0.34997806051260105 -0.053808446402373596 0.5499759433696859
NODE 783 0.34999432652220336 -0.04048814528806838 0.549972368375822
NODE 784 0.35000730921293755 -0.02716782723812492 0.5499710703212046
NODE 785 0.3500229878434929 -0.01384754184604733 0.5499652337440324
NODE 786 0.35000003063748153 -0.0005273383515884482 0.5499641175361054
NODE 787 0.34996386188634243 0.012792761825071672 0.5500266432629229
NODE 788 0.3499744924177751 0.026112991598752217 0.550003122617245
NODE 789 0.34997192868878607 0.03943318578243655 0.549950381494338
NODE 790 0.3500156086421199 0.05275334083544158 0.5499471426010132
NODE 791 0.35000983826670345 0.06607338155917093 0.550009573336627
NODE 792 0.34996921643464673 0.07939360562035125 0.5499919439906813
NODE 793 0.3499617784598372 0.0927138931207982 0.5499703603404383
NODE 794 0.3499655487955853 0.10603418506771248 0.5499511339886781
NODE 795 0.3500036604136375 0.11935426047938534 0.5500167009401223
NODE 796 0.35000370729258345 0.13267447452065284 0.5500349123928008
NODE 797 0.3499791426878688 0.1459945784465339 0.5499643700574174
NODE 798 0.34996634175179286 0.1593148088689976 0.5499195576837187
NODE 799 0.34999009594955827 0.1726350494769252 0.5499406901915267
NODE 800 0.3500101214702504 0.1859552848512721 0.5499742334877341
NODE 801 0.3500143883412641 0.19927542621209066 0.5499596569992704
NODE 802 0.3500077211568115 0.2125956352590892 0.5499552314402727
NODE 803 0.3500275840805345 0.2259159018021765 0.5499809390711001
NODE 804 0.3500368478686892 0.23923617226675328 0.5499537348908894
NODE 805 0.35002109318535357 0.2525564486402856 0.5499666620350789
NODE 806 0.34998284843428407 0.2658765609547163 0.5500237345695496
NODE 807 0.3499893033020307 0.27919681998158363 0.5500061554755938
NODE 808 0.3499939927242894 0.2925168578702296 0.5499454859680559
NODE 809 0.3499683720589567 0.30583705919814164 0.5499355426374961
NODE 810 0.3500022750784033 0.3191573055087212 0.5499528025926386
NODE 811 0.3500415711149859 0.33247749414003397 0.5499897838615306
NODE 812 0.3499978896540712 0.3457976645246632 0.5499740128899159
NODE 813 0.3499547721815966 0.35911773255821416 0.5499186953284362
NODE 814 0.34997685402807277 0.3724379541129624 0.5499433773753702
NODE 815 0.3500199091440044 0.385757879155646 0.5500167656795126
NODE 816 0.3500053811862531 0.39907799381056974 0.5500670739507888
NODE 817 0.3500126381795344 0.4123982630190561 0.5500989753390608
NODE 818 0.35001227143992913 0.4257185432098506 0.5500682150084478
NODE 819 0.3499978499312903 0.43903881097342745 0.5500386832850229
NODE 820 0.35000918483891885 0.452359070317525 0.5500482310466317
NODE 821 0.3499674119600527 0.46567923101175784 0.5500446025542611
NODE 822 0.3499528032640544 0.47899943256898136 0.5500668585950186
NODE 823 0.34996780125839755 0.49231968092624884 0.5500363602241597
NODE 824 0.35002767015048203 0.5056398109289082 0.5500160350149647
NODE 825 0.35002038207565456 0.518960014527911 0.5499673254906937
NODE 826 0.3500132904345199 0.5322802907384153 0.549985257665548
NODE 827 0.35000122207157514 0.5456004851249483 0.5499504947789886
NODE 828 0.34994848031537606 0.5589206339214763 0.5499871628888854
NODE 829 0.3499443855174822 0.5722409025595464 0.5500031192171057
NODE 830 0.3499658766698249 0.5855611100615618 0.5499942218742394
NODE 831 0.34997219613567304 0.5988814195896669 0.5500001506472753
NODE 832 0.3500116271208141 0.6122016582793989 0.5499822870633078
NODE 833 0.3500095954717238 0.6255219123789733 0.549966131202993
NODE 834 0.3500221167458805 0.6388420992038242 0.5499649714649829
NODE 835 0.3500045135432666 0.6521623741486496 0.5499845779658461
NODE 836 0.34997175203939296 0.6654824337990037 0.5500498588946632
NODE 837 0.34996591622748385 0.6788027398466786 0.5500503373776262
NODE 838 0.3499678615418962 0.6921230161464685 0.5500133754957663
NODE 839 0.350005822489637 0.7054432118137812 0.5499765814008815
NODE 840 0.35002963931305064 0.7187634760396364 0.5499773972686772
NODE 841 0.35001500360262916 0.7320837482824251 0.5499528965442779
NODE 842 0.35000204012652136 0.745404000803843 0.5499726547784881
NODE 843 0.3500046285003523 0.7587243246707425 0.5499697160738025
NODE 844 0.34999478836914705 0.7720446009582186 0.5499976820481283
NODE 845 0.35002932274176685 0.7853647822911209 0.550038682467381
NODE 846 0.3500391685920464 0.7986850715207217 0.5500141493128481
NODE 847 0.3500432039904765 0.8120053793165813 0.5500279661299438
NODE 848 0.35001354827471626 0.8253256232645533 0.5500289812310347
NODE 849 0.350007128060653 0.8386458974300294 0.5500456731777861
NODE 850 0.34998408610473003 0.8519661747990338 0.5500305166663834
NODE 851 0.3500005671658369 0.8652864408826675 0.5499954244115292
NODE 852 0.35001565427377845 0.878606682264768 0.5499509276853024
NODE 853 0.3499779144354677 0.8919269311610407 0.5499457283838449
NODE 854 0.3499806052327064 0.905247094924954 0.5499472409099825
NODE 855 0.3499826177300843 0.9185671702153247 0.5500200832485691
NODE 856 0.3499471419402373 0.9318872912939414 0.550081410765037
NODE 857 0.34987505701582766 0.9452072692353809 0.5500440005581099
NODE 858 0.34991715761106107 0.958527431389483 0.5500052212865213
NODE 859 0.34998860823302336 0.9718475114235859 0.5499796339440266
NODE 860 0.3499938188429845 0.9851676679196705 0.5500153382264046
NODE 861 0.3499813488820246 0.9984878758298673 0.5500329814495226
NODE 862 0.3499716894370401 1.0118081299659036 0.5500473785083853
NODE 863 0.34998841860675967 1.0251281429419326 0.5500477724859544
NODE 864 0.3500012863046576 1.0384483748707063 0.5500138539947049
NODE 865 0.3500096139404964 1.0517686243845525 0.5499806936126227
NODE 866 0.35000281752632223 1.0650888859946974 0.5499821280475661
NODE 867 0.35000012227588845 1.0784090694893345 0.5499970796564966
NODE 868 0.3500317889285281 1.0917292793822602 0.5500368371878436
NODE 869 0.35005354500352776 1.1050494866887333 0.550053784077244
NODE 870 0.35001325492834645 1.1183696884355587 0.5500238755762801
NODE 871 0.3500023939525576 1.1316898669384445 0.5499704253101215
NODE 872 0.3499727082685275 1.145010118378073 0.5499965106665328
NODE 873 0.34995717762052336 1.1583302001184834 0.5500421166948103
NODE 874 0.3499666115486589 1.1716504701316046 0.5500286606621198
NODE 875 0.35000173713381677 1.1849707013061483 0.5500515329426358
NODE 876 0.35000025352122455 1.1982910021038116 0.5500356342848595
NODE 877 0.3500148885665571 1.2116112645951536 0.5500082328208122
NODE 878 0.3500623977748021 1.2249312538548247 0.5499372798938521
NODE 879 0.35004209103244754 1.2382515033621195 0.5499354264129427
NODE 880 0.3499853385997189 1.2515716664842806 0.5499330696618252
NODE 881 0.34997690624214134 1.264891769247934 0.5500038357735905
NODE 882 0.3499803218480954 1.2782118541485743 0.5500673931416752
NODE 883 0.35001195115800704 1.2915320836680275 0.5500490333944801
NODE 884 0.35004275798737944 1.3048522400679838 0.5500058628802393
NODE 885 0.3499726281725419 1.3181723147582323 0.550014950528068
NODE 886 0.34996035991929825 1.3314924242012238 0.5500042018133012
NODE 887 0.349995731362127 1.3448126276382073 0.5499684506128149
NODE 888 0.3500228627185109 1.3581328079950334 0.5499462924623867
NODE 889 0.35000033171601286 1.3714530136438432 0.5499842328515216
NODE 890 0.3499715084260231 1.3847732129893995 0.5499880558351338
NODE 891 0.3499565435898991 1.3980935043295746 0.5499838044371609
NODE 892 0.34995538158031814 1.4114137828605282 0.5500192043283403
NODE 893 0.3499681965657942 1.4247340752921605 0.5500179664772599
NODE 894 0.34998822246691935 1.4380543373427819 0.5499894242971373
NODE 895 0.3500001220107135 1.45137462762135 0.5500101245754208
NODE 896 0.350013842299396 1.464694931588207 0.5500031360847637
NODE 897 0.35003868815075456 1.4780152006928877 0.5499795878793318
NODE 898 0.3500298914242645 1.4913355119377583 0.549963594991071
NODE 899 0.3500155354491599 1.5046557387932638 0.5499855489081865
NODE 900 0.34997653281782554 1.517975881798211 0.5500339994531166
NODE 901 0.3499720870821514 1.531296174568022 0.5500061593085205
NODE 902 0.34997093887785174 1.544616362709954 0.5499915870168838
NODE 903 0.3500204890962003 1.5579363542952473 0.5499271443037851
NODE 904 0.3500129861187214 1.571256615304952 0.5499119653486966
NODE 905 0.3500025725422105 1.5845768593956782 0.5499457555793783
NODE 906 0.35000782728551216 1.597897036890192 0.5499940911154046
NODE 907 0.3499823445951045 1.61121723651647 0.5500196248106205
NODE 908 0.3499616464929157 1.6245375182969195 0.5500116686302883
NODE 909 0.3499320856092433 1.6378577838381627 0.5500319988298682
NODE 910 0.3499538152091302 1.651178019237678 0.550045731016114
NODE 911 0.34999268773504816 1.6644981875885798 0.5500193384218585
NODE 912 0.35002234792352876 1.6778184389587403 0.5500028264992279
NODE 913 0.3500267960991193 1.6911387395916258 0.5500264428365838
NODE 914 0.3500096323227994 1.7044590549122869 0.5500324065730626
NODE 915 0.34999398362862916 1.717779360140511 0.550022145108329
NODE 916 0.3500169071728693 1.7310995582483113 0.5500068851662566
NODE 917 0.3500426724794102 1.7444197886968833 0.549981061429429
NODE 918 0.3499994128856777 1.7577400104647578 0.5499624139480259
NODE 919 0.3499841456017032 1.7710602790150454 0.5499471426887081
NODE 920 0.3499899175262177 1.7843805781595063 0.5499404653217146
NODE 921 0.3500420155216739 1.7977007428843133 0.5499581597360718
NODE 922 0.350081851055526 1.811020925731049 0.5499956483856712
NODE 923 0.35007087115778407 1.8243411315734368 0.5499851989672637
NODE 924 0.35004475480925656 1.8376613529983246 0.5499919512825163
NODE 925 0.3500642004850948 1.850981603216282 0.5500196366077207
NODE 926 0.35003683819959114 1.864301822527462 0.5499795257767763
NODE 927 0.3499955931105719 1.877621968473905 0.5499292299643318
NODE 928 0.34996590053497995 1.8909422136004097 0.5499134177822281
NODE 929 0.35002072392275424 1.9042620942979067 0.5499907148561367
NODE 930 0.3500779635957982 1.9175821591739823 0.5500449180326015
NODE 931 0.350047805976622 1.9309023855028553 0.5500311720222358
NODE 932 0.3500049859347882 1.9442226167674137 0.5500335073249717
NODE 933 0.34996005897973775 1.9575428258909593 0.5500433990743697
NODE 934 0.3499665144931002 1.970863105341154 0.5500479031449014
NODE 935 0.35004003943645573 1.9841828884707353 0.5499722622560322
NODE 936 0.3500662715111705 1.9975031488960382 0.5499537022036606
NODE 937 0.34999297291751924 2.010823119391754 0.5499978443361213
NODE 938 0.35003206489461497 2.024143354076032 0.5499898789889172
NODE 939 0.3500446340990873 2.0374634656631962 0.5499275826253235
NODE 940 0.3500923297159761 2.050783687241909 0.5499272123350921
NODE 941 0.3501105761744179 2.0641038140596124 0.5499921734269663
NODE 942 0.3500791077267854 2.0774240272743625 0.5499585465888565
NODE 943 0.3500554378190677 2.0907443010286535 0.5499497482904222
NODE 944 0.350062873180645 2.104064548921397 0.549964784382459
NODE 945 0.3500712190462774 2.117384795695384 0.5499791934793806
NODE 946 0.350038004474813 2.130705000939174 0.5500218553655865
NODE 947 0.34999721582674037 2.144025267776058 0.5500282372552985
NODE 948 0.3499341806061183 2.1573453835236562 0.5500012871963209
NODE 949 0.3499441738348534 2.1706655929426746 0.5499580688900848
NODE 950 0.3499564140519046 2.1839858810692485 0.5499838049283945
NODE 951 0.34995740464747704 2.1973061064762716 0.5500118261159846
NODE 952 0.34997956627796917 2.2106262499378473 0.5500094188554345
NODE 953 0.3499876903019628 2.223946546208715 0.5499986231258126
NODE 954 0.3499912977041307 2.2372667876110857 0.5499533195793505
NODE 955 0.35000061001805394 2.2505870244421047 0.5499135305576439
NODE 956 0.3500118220469827 2.263907313222738 0.5499072704181366
NODE 957 0.3499787624255421 2.277227500465345 0.5499182351040225
NODE 958 0.3499715589860589 2.2905477807969015 0.5499416299619798
NODE 959 0.3500015351663754 2.30386805013015 0.5499574683115298
NODE 960 0.34999765947244943 2.317188152915653 0.550002078941591
NODE 961 0.35000641786569553 2.3305084333802037 0.5500122259525787
NODE 962 0.34999602302614913 2.3438286517050457 0.5500193020805374
NODE 963 0.34997755714134365 2.357148951111503 0.5500085864886445
NODE 964 0.35000191924060803 2.3704692298528016 0.5499920828648982
NODE 965 0.34998926108741507 2.383789550790214 0.549993342195473
NODE 966 0.3499922129801273 2.39710982264448 0.5500004354989608
NODE 967 0.3499703370309302 2.4104300639809164 0.5499869159404334
NODE 968 0.3499661881177174 2.4237502772159987 0.5500117559236392
NODE 969 0.3499554294449989 2.4370705503301164 0.549999359935223
NODE 970 0.3499189342278972 2.450390749901533 0.5500371165367649
NODE 971 0.3499365081095438 2.463711006790455 0.5500347059315285
NODE 972 0.34995102565377084 2.477031318371305 0.5500398575801129
NODE 973 0.34998763222974594 2.4903515732203467 0.5500576099448089
NODE 974 0.34998756936614633 2.503671803211843 0.5500159597499952
NODE 975 0.3499788418465129 2.516992133462657 0.5500144958496094
NODE 976 0.3499747001572421 2.530312465906811 0.5500163651065061
NODE 977 0.3499757311841634 2.543632798000891 0.5500214217658885
NODE 978 0.3499850940471096 2.5569531217771937 0.5500299069970956
NODE 979 0.3500193204699075 2.570273398517802 0.550047275570476
NODE 980 0.35006150340385817 2.5835936499708927 0.5500672901945448
NODE 981 0.3501044527185515 2.59691389973012 0.5500867905055105
NODE 982 0.35014510943174565 2.6102341597019354 0.5501040775460082
NODE 983 0.35018091948922575 2.6235544368296844 0.5501182719982365
NODE 984 0.3502069773791352 2.636874740616003 0.5501277707864861
NODE 985 0.35021706430328325 2.6501950693100915 0.5501292433665501
NODE 986 0.3502129312378475 2.663515400162987 0.5501248990096308
NODE 987 0.350197571438094 2.6768357217833176 0.5501162595882638
NODE 988 0.3501822099144435 2.6901560434323346 0.5501076561606998
NODE 989 0.3501668433758632 2.7034763650781275 0.5500990566705647
NODE 990 0.3501515800527059 2.71679668684051 0.5500904540661896
NODE 991 0.3501363349973627 2.730117008623526 0.5500818509106338
NODE 992 0.35012108994201946 2.7434373304065427 0.5500732477550779
NODE 993 0.35010584488667623 2.7567576521895596 0.5500646445995221
NODE 994 0.35009059983133295 2.770077973972577 0.5500560414439662
NODE 995 0.35007535479736174 2.783398295752608 0.5500474336327814
NODE 996 0.35006010979232666 2.7967186175286005 0.5500388195182246
NODE 997 0.3500448647872916 2.810038939304593 0.5500302054036679
NODE 998 0.3500296197822565 2.823359261080585 0.5500215912891111
NODE 999 0.35001437477722136 2.836679582856576 0.5500129771745543
NODE 1000 0.3499991297721863 2.8499999046325684 0.5500043630599976


### DO NOT CHANGE THIS SECTION - generated automatically
#
# ==========
# JOINT CARD
# ==========
# - Joint Name (string)
# - Joint Node (double)
# - Joint Inlet Name (string)
# - Joint Outlet Name (string)



### DO NOT CHANGE THIS SECTION - generated automatically
#
# ================================
# JOINTINLET AND JOINTOUTLET CARDS
# ================================
# - Inlet/Outlet Name (string)
# - Total Number of segments (int)
# - List of segments (list of int)

JOINT J0 1 IN0 OUT0
JOINTINLET IN0 1 0
JOINTOUTLET OUT0 1 1

JOINT J1 2 IN1 OUT1
JOINTINLET IN1 1 1
JOINTOUTLET OUT1 1 2

JOINT J2 3 IN2 OUT2
JOINTINLET IN2 1 2
JOINTOUTLET OUT2 1 3

JOINT J3 4 IN3 OUT3
JOINTINLET IN3 1 3
JOINTOUTLET OUT3 1 4

JOINT J4 5 IN4 OUT4
JOINTINLET IN4 1 4
JOINTOUTLET OUT4 1 5

JOINT J5 6 IN5 OUT5
JOINTINLET IN5 1 5
JOINTOUTLET OUT5 1 6

JOINT J6 7 IN6 OUT6
JOINTINLET IN6 1 6
JOINTOUTLET OUT6 1 7

JOINT J7 8 IN7 OUT7
JOINTINLET IN7 1 7
JOINTOUTLET OUT7 1 8

JOINT J8 9 IN8 OUT8
JOINTINLET IN8 1 8
JOINTOUTLET OUT8 1 9

JOINT J9 10 IN9 OUT9
JOINTINLET IN9 1 9
JOINTOUTLET OUT9 1 10

JOINT J10 11 IN10 OUT10
JOINTINLET IN10 1 10
JOINTOUTLET OUT10 1 11

JOINT J11 12 IN11 OUT11
JOINTINLET IN11 1 11
JOINTOUTLET OUT11 1 12

JOINT J12 13 IN12 OUT12
JOINTINLET IN12 1 12
JOINTOUTLET OUT12 1 13

JOINT J13 14 IN13 OUT13
JOINTINLET IN13 1 13
JOINTOUTLET OUT13 1 14

JOINT J14 15 IN14 OUT14
JOINTINLET IN14 1 14
JOINTOUTLET OUT14 1 15

JOINT J15 16 IN15 OUT15
JOINTINLET IN15 1 15
JOINTOUTLET OUT15 1 16

JOINT J16 17 IN16 OUT16
JOINTINLET IN16 1 16
JOINTOUTLET OUT16 1 17

JOINT J17 18 IN17 OUT17
JOINTINLET IN17 1 17
JOINTOUTLET OUT17 1 18

JOINT J18 19 IN18 OUT18
JOINTINLET IN18 1 18
JOINTOUTLET OUT18 1 19

JOINT J19 20 IN19 OUT19
JOINTINLET IN19 1 19
JOINTOUTLET OUT19 1 20

JOINT J20 21 IN20 OUT20
JOINTINLET IN20 1 20
JOINTOUTLET OUT20 1 21

JOINT J21 22 IN21 OUT21
JOINTINLET IN21 1 21
JOINTOUTLET OUT21 1 22

JOINT J22 23 IN22 OUT22
JOINTINLET IN22 1 22
JOINTOUTLET OUT22 1 23

JOINT J23 24 IN23 OUT23
JOINTINLET IN23 1 23
JOINTOUTLET OUT23 1 24

JOINT J24 25 IN24 OUT24
JOINTINLET IN24 1 24
JOINTOUTLET OUT24 1 25

JOINT J25 26 IN25 OUT25
JOINTINLET IN25 1 25
JOINTOUTLET OUT25 1 26

JOINT J26 27 IN26 OUT26
JOINTINLET IN26 1 26
JOINTOUTLET OUT26 1 27

JOINT J27 28 IN27 OUT27
JOINTINLET IN27 1 27
JOINTOUTLET OUT27 1 28

JOINT J28 29 IN28 OUT28
JOINTINLET IN28 1 28
JOINTOUTLET OUT28 1 29

JOINT J29 30 IN29 OUT29
JOINTINLET IN29 1 29
JOINTOUTLET OUT29 1 30

JOINT J30 31 IN30 OUT30
JOINTINLET IN30 1 30
JOINTOUTLET OUT30 1 31

JOINT J31 32 IN31 OUT31
JOINTINLET IN31 1 31
JOINTOUTLET OUT31 1 32

JOINT J32 33 IN32 OUT32
JOINTINLET IN32 1 32
JOINTOUTLET OUT32 1 33

JOINT J33 34 IN33 OUT33
JOINTINLET IN33 1 33
JOINTOUTLET OUT33 1 34

JOINT J34 35 IN34 OUT34
JOINTINLET IN34 1 34
JOINTOUTLET OUT34 1 35

JOINT J35 36 IN35 OUT35
JOINTINLET IN35 1 35
JOINTOUTLET OUT35 1 36

JOINT J36 37 IN36 OUT36
JOINTINLET IN36 1 36
JOINTOUTLET OUT36 1 37

JOINT J37 38 IN37 OUT37
JOINTINLET IN37 1 37
JOINTOUTLET OUT37 1 38

JOINT J38 39 IN38 OUT38
JOINTINLET IN38 1 38
JOINTOUTLET OUT38 1 39

JOINT J39 40 IN39 OUT39
JOINTINLET IN39 1 39
JOINTOUTLET OUT39 1 40

JOINT J40 41 IN40 OUT40
JOINTINLET IN40 1 40
JOINTOUTLET OUT40 1 41

JOINT J41 42 IN41 OUT41
JOINTINLET IN41 1 41
JOINTOUTLET OUT41 1 42

JOINT J42 43 IN42 OUT42
JOINTINLET IN42 1 42
JOINTOUTLET OUT42 1 43

JOINT J43 44 IN43 OUT43
JOINTINLET IN43 1 43
JOINTOUTLET OUT43 1 44

JOINT J44 45 IN44 OUT44
JOINTINLET IN44 1 44
JOINTOUTLET OUT44 1 45

JOINT J45 46 IN45 OUT45
JOINTINLET IN45 1 45
JOINTOUTLET OUT45 1 46

JOINT J46 47 IN46 OUT46
JOINTINLET IN46 1 46
JOINTOUTLET OUT46 1 47

JOINT J47 48 IN47 OUT47
JOINTINLET IN47 1 47
JOINTOUTLET OUT47 1 48

JOINT J48 49 IN48 OUT48
JOINTINLET IN48 1 48
JOINTOUTLET OUT48 1 49

JOINT J49 50 IN49 OUT49
JOINTINLET IN49 1 49
JOINTOUTLET OUT49 1 50

JOINT J50 51 IN50 OUT50
JOINTINLET IN50 1 50
JOINTOUTLET OUT50 1 51

JOINT J51 52 IN51 OUT51
JOINTINLET IN51 1 51
JOINTOUTLET OUT51 1 52

JOINT J52 53 IN52 OUT52
JOINTINLET IN52 1 52
JOINTOUTLET OUT52 1 53

JOINT J53 54 IN53 OUT53
JOINTINLET IN53 1 53
JOINTOUTLET OUT53 1 54

JOINT J54 55 IN54 OUT54
JOINTINLET IN54 1 54
JOINTOUTLET OUT54 1 55

JOINT J55 56 IN55 OUT55
JOINTINLET IN55 1 55
JOINTOUTLET OUT55 1 56

JOINT J56 57 IN56 OUT56
JOINTINLET IN56 1 56
JOINTOUTLET OUT56 1 57

JOINT J57 58 IN57 OUT57
JOINTINLET IN57 1 57
JOINTOUTLET OUT57 1 58

JOINT J58 59 IN58 OUT58
JOINTINLET IN58 1 58
JOINTOUTLET OUT58 1 59

JOINT J59 60 IN59 OUT59
JOINTINLET IN59 1 59
JOINTOUTLET OUT59 1 60

JOINT J60 61 IN60 OUT60
JOINTINLET IN60 1 60
JOINTOUTLET OUT60 1 61

JOINT J61 62 IN61 OUT61
JOINTINLET IN61 1 61
JOINTOUTLET OUT61 1 62

JOINT J62 63 IN62 OUT62
JOINTINLET IN62 1 62
JOINTOUTLET OUT62 1 63

JOINT J63 64 IN63 OUT63
JOINTINLET IN63 1 63
JOINTOUTLET OUT63 1 64

JOINT J64 65 IN64 OUT64
JOINTINLET IN64 1 64
JOINTOUTLET OUT64 1 65

JOINT J65 66 IN65 OUT65
JOINTINLET IN65 1 65
JOINTOUTLET OUT65 1 66

JOINT J66 67 IN66 OUT66
JOINTINLET IN66 1 66
JOINTOUTLET OUT66 1 67

JOINT J67 68 IN67 OUT67
JOINTINLET IN67 1 67
JOINTOUTLET OUT67 1 68

JOINT J68 69 IN68 OUT68
JOINTINLET IN68 1 68
JOINTOUTLET OUT68 1 69

JOINT J69 70 IN69 OUT69
JOINTINLET IN69 1 69
JOINTOUTLET OUT69 1 70

JOINT J70 71 IN70 OUT70
JOINTINLET IN70 1 70
JOINTOUTLET OUT70 1 71

JOINT J71 72 IN71 OUT71
JOINTINLET IN71 1 71
JOINTOUTLET OUT71 1 72

JOINT J72 73 IN72 OUT72
JOINTINLET IN72 1 72
JOINTOUTLET OUT72 1 73

JOINT J73 74 IN73 OUT73
JOINTINLET IN73 1 73
JOINTOUTLET OUT73 1 74

JOINT J74 75 IN74 OUT74
JOINTINLET IN74 1 74
JOINTOUTLET OUT74 1 75

JOINT J75 76 IN75 OUT75
JOINTINLET IN75 1 75
JOINTOUTLET OUT75 1 76

JOINT J76 77 IN76 OUT76
JOINTINLET IN76 1 76
JOINTOUTLET OUT76 1 77

JOINT J77 78 IN77 OUT77
JOINTINLET IN77 1 77
JOINTOUTLET OUT77 1 78

JOINT J78 79 IN78 OUT78
JOINTINLET IN78 1 78
JOINTOUTLET OUT78 1 79

JOINT J79 80 IN79 OUT79
JOINTINLET IN79 1 79
JOINTOUTLET OUT79 1 80

JOINT J80 81 IN80 OUT80
JOINTINLET IN80 1 80
JOINTOUTLET OUT80 1 81

JOINT J81 82 IN81 OUT81
JOINTINLET IN81 1 81
JOINTOUTLET OUT81 1 82

JOINT J82 83 IN82 OUT82
JOINTINLET IN82 1 82
JOINTOUTLET OUT82 1 83

JOINT J83 84 IN83 OUT83
JOINTINLET IN83 1 83
JOINTOUTLET OUT83 1 84

JOINT J84 85 IN84 OUT84
JOINTINLET IN84 1 84
JOINTOUTLET OUT84 1 85

JOINT J85 86 IN85 OUT85
JOINTINLET IN85 1 85
JOINTOUTLET OUT85 1 86

JOINT J86 87 IN86 OUT86
JOINTINLET IN86 1 86
JOINTOUTLET OUT86 1 87

JOINT J87 88 IN87 OUT87
JOINTINLET IN87 1 87
JOINTOUTLET OUT87 1 88

JOINT J88 89 IN88 OUT88
JOINTINLET IN88 1 88
JOINTOUTLET OUT88 1 89

JOINT J89 90 IN89 OUT89
JOINTINLET IN89 1 89
JOINTOUTLET OUT89 1 90

JOINT J90 91 IN90 OUT90
JOINTINLET IN90 1 90
JOINTOUTLET OUT90 1 91

JOINT J91 92 IN91 OUT91
JOINTINLET IN91 1 91
JOINTOUTLET OUT91 1 92

JOINT J92 93 IN92 OUT92
JOINTINLET IN92 1 92
JOINTOUTLET OUT92 1 93

JOINT J93 94 IN93 OUT93
JOINTINLET IN93 1 93
JOINTOUTLET OUT93 1 94

JOINT J94 95 IN94 OUT94
JOINTINLET IN94 1 94
JOINTOUTLET OUT94 1 95

JOINT J95 96 IN95 OUT95
JOINTINLET IN95 1 95
JOINTOUTLET OUT95 1 96

JOINT J96 97 IN96 OUT96
JOINTINLET IN96 1 96
JOINTOUTLET OUT96 1 97

JOINT J97 98 IN97 OUT97
JOINTINLET IN97 1 97
JOINTOUTLET OUT97 1 98

JOINT J98 99 IN98 OUT98
JOINTINLET IN98 1 98
JOINTOUTLET OUT98 1 99

JOINT J99 100 IN99 OUT99
JOINTINLET IN99 1 99
JOINTOUTLET OUT99 1 100

JOINT J100 101 IN100 OUT100
JOINTINLET IN100 1 100
JOINTOUTLET OUT100 1 101

JOINT J101 102 IN101 OUT101
JOINTINLET IN101 1 101
JOINTOUTLET OUT101 1 102

JOINT J102 103 IN102 OUT102
JOINTINLET IN102 1 102
JOINTOUTLET OUT102 1 103

JOINT J103 104 IN103 OUT103
JOINTINLET IN103 1 103
JOINTOUTLET OUT103 1 104

JOINT J104 105 IN104 OUT104
JOINTINLET IN104 1 104
JOINTOUTLET OUT104 1 105

JOINT J105 106 IN105 OUT105
JOINTINLET IN105 1 105
JOINTOUTLET OUT105 1 106

JOINT J106 107 IN106 OUT106
JOINTINLET IN106 1 106
JOINTOUTLET OUT106 1 107

JOINT J107 108 IN107 OUT107
JOINTINLET IN107 1 107
JOINTOUTLET OUT107 1 108

JOINT J108 109 IN108 OUT108
JOINTINLET IN108 1 108
JOINTOUTLET OUT108 1 109

JOINT J109 110 IN109 OUT109
JOINTINLET IN109 1 109
JOINTOUTLET OUT109 1 110

JOINT J110 111 IN110 OUT110
JOINTINLET IN110 1 110
JOINTOUTLET OUT110 1 111

JOINT J111 112 IN111 OUT111
JOINTINLET IN111 1 111
JOINTOUTLET OUT111 1 112

JOINT J112 113 IN112 OUT112
JOINTINLET IN112 1 112
JOINTOUTLET OUT112 1 113

JOINT J113 114 IN113 OUT113
JOINTINLET IN113 1 113
JOINTOUTLET OUT113 1 114

JOINT J114 115 IN114 OUT114
JOINTINLET IN114 1 114
JOINTOUTLET OUT114 1 115

JOINT J115 116 IN115 OUT115
JOINTINLET IN115 1 115
JOINTOUTLET OUT115 1 116

JOINT J116 117 IN116 OUT116
JOINTINLET IN116 1 116
JOINTOUTLET OUT116 1 117

JOINT J117 118 IN117 OUT117
JOINTINLET IN117 1 117
JOINTOUTLET OUT117 1 118

JOINT J118 119 IN118 OUT118
JOINTINLET IN118 1 118
JOINTOUTLET OUT118 1 119

JOINT J119 120 IN119 OUT119
JOINTINLET IN119 1 119
JOINTOUTLET OUT119 1 120

JOINT J120 121 IN120 OUT120
JOINTINLET IN120 1 120
JOINTOUTLET OUT120 1 121

JOINT J121 122 IN121 OUT121
JOINTINLET IN121 1 121
JOINTOUTLET OUT121 1 122

JOINT J122 123 IN122 OUT122
JOINTINLET IN122 1 122
JOINTOUTLET OUT122 1 123

JOINT J123 124 IN123 OUT123
JOINTINLET IN123 1 123
JOINTOUTLET OUT123 1 124

JOINT J124 125 IN124 OUT124
JOINTINLET IN124 1 124
JOINTOUTLET OUT124 1 125

JOINT J125 126 IN125 OUT125
JOINTINLET IN125 1 125
JOINTOUTLET OUT125 1 126

JOINT J126 127 IN126 OUT126
JOINTINLET IN126 1 126
JOINTOUTLET OUT126 1 127

JOINT J127 128 IN127 OUT127
JOINTINLET IN127 1 127
JOINTOUTLET OUT127 1 128

JOINT J128 129 IN128 OUT128
JOINTINLET IN128 1 128
JOINTOUTLET OUT128 1 129

JOINT J129 130 IN129 OUT129
JOINTINLET IN129 1 129
JOINTOUTLET OUT129 1 130

JOINT J130 131 IN130 OUT130
JOINTINLET IN130 1 130
JOINTOUTLET OUT130 1 131

JOINT J131 132 IN131 OUT131
JOINTINLET IN131 1 131
JOINTOUTLET OUT131 1 132

JOINT J132 133 IN132 OUT132
JOINTINLET IN132 1 132
JOINTOUTLET OUT132 1 133

JOINT J133 134 IN133 OUT133
JOINTINLET IN133 1 133
JOINTOUTLET OUT133 1 134

JOINT J134 135 IN134 OUT134
JOINTINLET IN134 1 134
JOINTOUTLET OUT134 1 135

JOINT J135 136 IN135 OUT135
JOINTINLET IN135 1 135
JOINTOUTLET OUT135 1 136

JOINT J136 137 IN136 OUT136
JOINTINLET IN136 1 136
JOINTOUTLET OUT136 1 137

JOINT J137 138 IN137 OUT137
JOINTINLET IN137 1 137
JOINTOUTLET OUT137 1 138

JOINT J138 139 IN138 OUT138
JOINTINLET IN138 1 138
JOINTOUTLET OUT138 1 139

JOINT J139 140 IN139 OUT139
JOINTINLET IN139 1 139
JOINTOUTLET OUT139 1 140

JOINT J140 141 IN140 OUT140
JOINTINLET IN140 1 140
JOINTOUTLET OUT140 1 141

JOINT J141 142 IN141 OUT141
JOINTINLET IN141 1 141
JOINTOUTLET OUT141 1 142

JOINT J142 143 IN142 OUT142
JOINTINLET IN142 1 142
JOINTOUTLET OUT142 1 143

JOINT J143 144 IN143 OUT143
JOINTINLET IN143 1 143
JOINTOUTLET OUT143 1 144

JOINT J144 145 IN144 OUT144
JOINTINLET IN144 1 144
JOINTOUTLET OUT144 1 145

JOINT J145 146 IN145 OUT145
JOINTINLET IN145 1 145
JOINTOUTLET OUT145 1 146

JOINT J146 147 IN146 OUT146
JOINTINLET IN146 1 146
JOINTOUTLET OUT146 1 147

JOINT J147 148 IN147 OUT147
JOINTINLET IN147 1 147
JOINTOUTLET OUT147 1 148

JOINT J148 149 IN148 OUT148
JOINTINLET IN148 1 148
JOINTOUTLET OUT148 1 149

JOINT J149 150 IN149 OUT149
JOINTINLET IN149 1 149
JOINTOUTLET OUT149 1 150

JOINT J150 151 IN150 OUT150
JOINTINLET IN150 1 150
JOINTOUTLET OUT150 1 151

JOINT J151 152 IN151 OUT151
JOINTINLET IN151 1 151
JOINTOUTLET OUT151 1 152

JOINT J152 153 IN152 OUT152
JOINTINLET IN152 1 152
JOINTOUTLET OUT152 1 153

JOINT J153 154 IN153 OUT153
JOINTINLET IN153 1 153
JOINTOUTLET OUT153 1 154

JOINT J154 155 IN154 OUT154
JOINTINLET IN154 1 154
JOINTOUTLET OUT154 1 155

JOINT J155 156 IN155 OUT155
JOINTINLET IN155 1 155
JOINTOUTLET OUT155 1 156

JOINT J156 157 IN156 OUT156
JOINTINLET IN156 1 156
JOINTOUTLET OUT156 1 157

JOINT J157 158 IN157 OUT157
JOINTINLET IN157 1 157
JOINTOUTLET OUT157 1 158

JOINT J158 159 IN158 OUT158
JOINTINLET IN158 1 158
JOINTOUTLET OUT158 1 159

JOINT J159 160 IN159 OUT159
JOINTINLET IN159 1 159
JOINTOUTLET OUT159 1 160

JOINT J160 161 IN160 OUT160
JOINTINLET IN160 1 160
JOINTOUTLET OUT160 1 161

JOINT J161 162 IN161 OUT161
JOINTINLET IN161 1 161
JOINTOUTLET OUT161 1 162

JOINT J162 163 IN162 OUT162
JOINTINLET IN162 1 162
JOINTOUTLET OUT162 1 163

JOINT J163 164 IN163 OUT163
JOINTINLET IN163 1 163
JOINTOUTLET OUT163 1 164

JOINT J164 165 IN164 OUT164
JOINTINLET IN164 1 164
JOINTOUTLET OUT164 1 165

JOINT J165 166 IN165 OUT165
JOINTINLET IN165 1 165
JOINTOUTLET OUT165 1 166

JOINT J166 167 IN166 OUT166
JOINTINLET IN166 1 166
JOINTOUTLET OUT166 1 167

JOINT J167 168 IN167 OUT167
JOINTINLET IN167 1 167
JOINTOUTLET OUT167 1 168

JOINT J168 169 IN168 OUT168
JOINTINLET IN168 1 168
JOINTOUTLET OUT168 1 169

JOINT J169 170 IN169 OUT169
JOINTINLET IN169 1 169
JOINTOUTLET OUT169 1 170

JOINT J170 171 IN170 OUT170
JOINTINLET IN170 1 170
JOINTOUTLET OUT170 1 171

JOINT J171 172 IN171 OUT171
JOINTINLET IN171 1 171
JOINTOUTLET OUT171 1 172

JOINT J172 173 IN172 OUT172
JOINTINLET IN172 1 172
JOINTOUTLET OUT172 1 173

JOINT J173 174 IN173 OUT173
JOINTINLET IN173 1 173
JOINTOUTLET OUT173 1 174

JOINT J174 175 IN174 OUT174
JOINTINLET IN174 1 174
JOINTOUTLET OUT174 1 175

JOINT J175 176 IN175 OUT175
JOINTINLET IN175 1 175
JOINTOUTLET OUT175 1 176

JOINT J176 177 IN176 OUT176
JOINTINLET IN176 1 176
JOINTOUTLET OUT176 1 177

JOINT J177 178 IN177 OUT177
JOINTINLET IN177 1 177
JOINTOUTLET OUT177 1 178

JOINT J178 179 IN178 OUT178
JOINTINLET IN178 1 178
JOINTOUTLET OUT178 1 179

JOINT J179 180 IN179 OUT179
JOINTINLET IN179 1 179
JOINTOUTLET OUT179 1 180

JOINT J180 181 IN180 OUT180
JOINTINLET IN180 1 180
JOINTOUTLET OUT180 1 181

JOINT J181 182 IN181 OUT181
JOINTINLET IN181 1 181
JOINTOUTLET OUT181 1 182

JOINT J182 183 IN182 OUT182
JOINTINLET IN182 1 182
JOINTOUTLET OUT182 1 183

JOINT J183 184 IN183 OUT183
JOINTINLET IN183 1 183
JOINTOUTLET OUT183 1 184

JOINT J184 185 IN184 OUT184
JOINTINLET IN184 1 184
JOINTOUTLET OUT184 1 185

JOINT J185 186 IN185 OUT185
JOINTINLET IN185 1 185
JOINTOUTLET OUT185 1 186

JOINT J186 187 IN186 OUT186
JOINTINLET IN186 1 186
JOINTOUTLET OUT186 1 187

JOINT J187 188 IN187 OUT187
JOINTINLET IN187 1 187
JOINTOUTLET OUT187 1 188

JOINT J188 189 IN188 OUT188
JOINTINLET IN188 1 188
JOINTOUTLET OUT188 1 189

JOINT J189 190 IN189 OUT189
JOINTINLET IN189 1 189
JOINTOUTLET OUT189 1 190

JOINT J190 191 IN190 OUT190
JOINTINLET IN190 1 190
JOINTOUTLET OUT190 1 191

JOINT J191 192 IN191 OUT191
JOINTINLET IN191 1 191
JOINTOUTLET OUT191 1 192

JOINT J192 193 IN192 OUT192
JOINTINLET IN192 1 192
JOINTOUTLET OUT192 1 193

JOINT J193 194 IN193 OUT193
JOINTINLET IN193 1 193
JOINTOUTLET OUT193 1 194

JOINT J194 195 IN194 OUT194
JOINTINLET IN194 1 194
JOINTOUTLET OUT194 1 195

JOINT J195 196 IN195 OUT195
JOINTINLET IN195 1 195
JOINTOUTLET OUT195 1 196

JOINT J196 197 IN196 OUT196
JOINTINLET IN196 1 196
JOINTOUTLET OUT196 1 197

JOINT J197 198 IN197 OUT197
JOINTINLET IN197 1 197
JOINTOUTLET OUT197 1 198

JOINT J198 199 IN198 OUT198
JOINTINLET IN198 1 198
JOINTOUTLET OUT198 1 199

JOINT J199 200 IN199 OUT199
JOINTINLET IN199 1 199
JOINTOUTLET OUT199 1 200

JOINT J200 201 IN200 OUT200
JOINTINLET IN200 1 200
JOINTOUTLET OUT200 1 201

JOINT J201 202 IN201 OUT201
JOINTINLET IN201 1 201
JOINTOUTLET OUT201 1 202

JOINT J202 203 IN202 OUT202
JOINTINLET IN202 1 202
JOINTOUTLET OUT202 1 203

JOINT J203 204 IN203 OUT203
JOINTINLET IN203 1 203
JOINTOUTLET OUT203 1 204

JOINT J204 205 IN204 OUT204
JOINTINLET IN204 1 204
JOINTOUTLET OUT204 1 205

JOINT J205 206 IN205 OUT205
JOINTINLET IN205 1 205
JOINTOUTLET OUT205 1 206

JOINT J206 207 IN206 OUT206
JOINTINLET IN206 1 206
JOINTOUTLET OUT206 1 207

JOINT J207 208 IN207 OUT207
JOINTINLET IN207 1 207
JOINTOUTLET OUT207 1 208

JOINT J208 209 IN208 OUT208
JOINTINLET IN208 1 208
JOINTOUTLET OUT208 1 209

JOINT J209 210 IN209 OUT209
JOINTINLET IN209 1 209
JOINTOUTLET OUT209 1 210

JOINT J210 211 IN210 OUT210
JOINTINLET IN210 1 210
JOINTOUTLET OUT210 1 211

JOINT J211 212 IN211 OUT211
JOINTINLET IN211 1 211
JOINTOUTLET OUT211 1 212

JOINT J212 213 IN212 OUT212
JOINTINLET IN212 1 212
JOINTOUTLET OUT212 1 213

JOINT J213 214 IN213 OUT213
JOINTINLET IN213 1 213
JOINTOUTLET OUT213 1 214

JOINT J214 215 IN214 OUT214
JOINTINLET IN214 1 214
JOINTOUTLET OUT214 1 215

JOINT J215 216 IN215 OUT215
JOINTINLET IN215 1 215
JOINTOUTLET OUT215 1 216

JOINT J216 217 IN216 OUT216
JOINTINLET IN216 1 216
JOINTOUTLET OUT216 1 217

JOINT J217 218 IN217 OUT217
JOINTINLET IN217 1 217
JOINTOUTLET OUT217 1 218

JOINT J218 219 IN218 OUT218
JOINTINLET IN218 1 218
JOINTOUTLET OUT218 1 219

JOINT J219 220 IN219 OUT219
JOINTINLET IN219 1 219
JOINTOUTLET OUT219 1 220

JOINT J220 221 IN220 OUT220
JOINTINLET IN220 1 220
JOINTOUTLET OUT220 1 221

JOINT J221 222 IN221 OUT221
JOINTINLET IN221 1 221
JOINTOUTLET OUT221 1 222

JOINT J222 223 IN222 OUT222
JOINTINLET IN222 1 222
JOINTOUTLET OUT222 1 223

JOINT J223 224 IN223 OUT223
JOINTINLET IN223 1 223
JOINTOUTLET OUT223 1 224

JOINT J224 225 IN224 OUT224
JOINTINLET IN224 1 224
JOINTOUTLET OUT224 1 225

JOINT J225 226 IN225 OUT225
JOINTINLET IN225 1 225
JOINTOUTLET OUT225 1 226

JOINT J226 227 IN226 OUT226
JOINTINLET IN226 1 226
JOINTOUTLET OUT226 1 227

JOINT J227 228 IN227 OUT227
JOINTINLET IN227 1 227
JOINTOUTLET OUT227 1 228

JOINT J228 229 IN228 OUT228
JOINTINLET IN228 1 228
JOINTOUTLET OUT228 1 229

JOINT J229 230 IN229 OUT229
JOINTINLET IN229 1 229
JOINTOUTLET OUT229 1 230

JOINT J230 231 IN230 OUT230
JOINTINLET IN230 1 230
JOINTOUTLET OUT230 1 231

JOINT J231 232 IN231 OUT231
JOINTINLET IN231 1 231
JOINTOUTLET OUT231 1 232

JOINT J232 233 IN232 OUT232
JOINTINLET IN232 1 232
JOINTOUTLET OUT232 1 233

JOINT J233 234 IN233 OUT233
JOINTINLET IN233 1 233
JOINTOUTLET OUT233 1 234

JOINT J234 235 IN234 OUT234
JOINTINLET IN234 1 234
JOINTOUTLET OUT234 1 235

JOINT J235 236 IN235 OUT235
JOINTINLET IN235 1 235
JOINTOUTLET OUT235 1 236

JOINT J236 237 IN236 OUT236
JOINTINLET IN236 1 236
JOINTOUTLET OUT236 1 237

JOINT J237 238 IN237 OUT237
JOINTINLET IN237 1 237
JOINTOUTLET OUT237 1 238

JOINT J238 239 IN238 OUT238
JOINTINLET IN238 1 238
JOINTOUTLET OUT238 1 239

JOINT J239 240 IN239 OUT239
JOINTINLET IN239 1 239
JOINTOUTLET OUT239 1 240

JOINT J240 241 IN240 OUT240
JOINTINLET IN240 1 240
JOINTOUTLET OUT240 1 241

JOINT J241 242 IN241 OUT241
JOINTINLET IN241 1 241
JOINTOUTLET OUT241 1 242

JOINT J242 243 IN242 OUT242
JOINTINLET IN242 1 242
JOINTOUTLET OUT242 1 243

JOINT J243 244 IN243 OUT243
JOINTINLET IN243 1 243
JOINTOUTLET OUT243 1 244

JOINT J244 245 IN244 OUT244
JOINTINLET IN244 1 244
JOINTOUTLET OUT244 1 245

JOINT J245 246 IN245 OUT245
JOINTINLET IN245 1 245
JOINTOUTLET OUT245 1 246

JOINT J246 247 IN246 OUT246
JOINTINLET IN246 1 246
JOINTOUTLET OUT246 1 247

JOINT J247 248 IN247 OUT247
JOINTINLET IN247 1 247
JOINTOUTLET OUT247 1 248

JOINT J248 249 IN248 OUT248
JOINTINLET IN248 1 248
JOINTOUTLET OUT248 1 249

JOINT J249 250 IN249 OUT249
JOINTINLET IN249 1 249
JOINTOUTLET OUT249 1 250

JOINT J250 251 IN250 OUT250
JOINTINLET IN250 1 250
JOINTOUTLET OUT250 1 251

JOINT J251 252 IN251 OUT251
JOINTINLET IN251 1 251
JOINTOUTLET OUT251 1 252

JOINT J252 253 IN252 OUT252
JOINTINLET IN252 1 252
JOINTOUTLET OUT252 1 253

JOINT J253 254 IN253 OUT253
JOINTINLET IN253 1 253
JOINTOUTLET OUT253 1 254

JOINT J254 255 IN254 OUT254
JOINTINLET IN254 1 254
JOINTOUTLET OUT254 1 255

JOINT J255 256 IN255 OUT255
JOINTINLET IN255 1 255
JOINTOUTLET OUT255 1 256

JOINT J256 257 IN256 OUT256
JOINTINLET IN256 1 256
JOINTOUTLET OUT256 1 257

JOINT J257 258 IN257 OUT257
JOINTINLET IN257 1 257
JOINTOUTLET OUT257 1 258

JOINT J258 259 IN258 OUT258
JOINTINLET IN258 1 258
JOINTOUTLET OUT258 1 259

JOINT J259 260 IN259 OUT259
JOINTINLET IN259 1 259
JOINTOUTLET OUT259 1 260

JOINT J260 261 IN260 OUT260
JOINTINLET IN260 1 260
JOINTOUTLET OUT260 1 261

JOINT J261 262 IN261 OUT261
JOINTINLET IN261 1 261
JOINTOUTLET OUT261 1 262

JOINT J262 263 IN262 OUT262
JOINTINLET IN262 1 262
JOINTOUTLET OUT262 1 263

JOINT J263 264 IN263 OUT263
JOINTINLET IN263 1 263
JOINTOUTLET OUT263 1 264

JOINT J264 265 IN264 OUT264
JOINTINLET IN264 1 264
JOINTOUTLET OUT264 1 265

JOINT J265 266 IN265 OUT265
JOINTINLET IN265 1 265
JOINTOUTLET OUT265 1 266

JOINT J266 267 IN266 OUT266
JOINTINLET IN266 1 266
JOINTOUTLET OUT266 1 267

JOINT J267 268 IN267 OUT267
JOINTINLET IN267 1 267
JOINTOUTLET OUT267 1 268

JOINT J268 269 IN268 OUT268
JOINTINLET IN268 1 268
JOINTOUTLET OUT268 1 269

JOINT J269 270 IN269 OUT269
JOINTINLET IN269 1 269
JOINTOUTLET OUT269 1 270

JOINT J270 271 IN270 OUT270
JOINTINLET IN270 1 270
JOINTOUTLET OUT270 1 271

JOINT J271 272 IN271 OUT271
JOINTINLET IN271 1 271
JOINTOUTLET OUT271 1 272

JOINT J272 273 IN272 OUT272
JOINTINLET IN272 1 272
JOINTOUTLET OUT272 1 273

JOINT J273 274 IN273 OUT273
JOINTINLET IN273 1 273
JOINTOUTLET OUT273 1 274

JOINT J274 275 IN274 OUT274
JOINTINLET IN274 1 274
JOINTOUTLET OUT274 1 275

JOINT J275 276 IN275 OUT275
JOINTINLET IN275 1 275
JOINTOUTLET OUT275 1 276

JOINT J276 277 IN276 OUT276
JOINTINLET IN276 1 276
JOINTOUTLET OUT276 1 277

JOINT J277 278 IN277 OUT277
JOINTINLET IN277 1 277
JOINTOUTLET OUT277 1 278

JOINT J278 279 IN278 OUT278
JOINTINLET IN278 1 278
JOINTOUTLET OUT278 1 279

JOINT J279 280 IN279 OUT279
JOINTINLET IN279 1 279
JOINTOUTLET OUT279 1 280

JOINT J280 281 IN280 OUT280
JOINTINLET IN280 1 280
JOINTOUTLET OUT280 1 281

JOINT J281 282 IN281 OUT281
JOINTINLET IN281 1 281
JOINTOUTLET OUT281 1 282

JOINT J282 283 IN282 OUT282
JOINTINLET IN282 1 282
JOINTOUTLET OUT282 1 283

JOINT J283 284 IN283 OUT283
JOINTINLET IN283 1 283
JOINTOUTLET OUT283 1 284

JOINT J284 285 IN284 OUT284
JOINTINLET IN284 1 284
JOINTOUTLET OUT284 1 285

JOINT J285 286 IN285 OUT285
JOINTINLET IN285 1 285
JOINTOUTLET OUT285 1 286

JOINT J286 287 IN286 OUT286
JOINTINLET IN286 1 286
JOINTOUTLET OUT286 1 287

JOINT J287 288 IN287 OUT287
JOINTINLET IN287 1 287
JOINTOUTLET OUT287 1 288

JOINT J288 289 IN288 OUT288
JOINTINLET IN288 1 288
JOINTOUTLET OUT288 1 289

JOINT J289 290 IN289 OUT289
JOINTINLET IN289 1 289
JOINTOUTLET OUT289 1 290

JOINT J290 291 IN290 OUT290
JOINTINLET IN290 1 290
JOINTOUTLET OUT290 1 291

JOINT J291 292 IN291 OUT291
JOINTINLET IN291 1 291
JOINTOUTLET OUT291 1 292

JOINT J292 293 IN292 OUT292
JOINTINLET IN292 1 292
JOINTOUTLET OUT292 1 293

JOINT J293 294 IN293 OUT293
JOINTINLET IN293 1 293
JOINTOUTLET OUT293 1 294

JOINT J294 295 IN294 OUT294
JOINTINLET IN294 1 294
JOINTOUTLET OUT294 1 295

JOINT J295 296 IN295 OUT295
JOINTINLET IN295 1 295
JOINTOUTLET OUT295 1 296

JOINT J296 297 IN296 OUT296
JOINTINLET IN296 1 296
JOINTOUTLET OUT296 1 297

JOINT J297 298 IN297 OUT297
JOINTINLET IN297 1 297
JOINTOUTLET OUT297 1 298

JOINT J298 299 IN298 OUT298
JOINTINLET IN298 1 298
JOINTOUTLET OUT298 1 299

JOINT J299 300 IN299 OUT299
JOINTINLET IN299 1 299
JOINTOUTLET OUT299 1 300

JOINT J300 301 IN300 OUT300
JOINTINLET IN300 1 300
JOINTOUTLET OUT300 1 301

JOINT J301 302 IN301 OUT301
JOINTINLET IN301 1 301
JOINTOUTLET OUT301 1 302

JOINT J302 303 IN302 OUT302
JOINTINLET IN302 1 302
JOINTOUTLET OUT302 1 303

JOINT J303 304 IN303 OUT303
JOINTINLET IN303 1 303
JOINTOUTLET OUT303 1 304

JOINT J304 305 IN304 OUT304
JOINTINLET IN304 1 304
JOINTOUTLET OUT304 1 305

JOINT J305 306 IN305 OUT305
JOINTINLET IN305 1 305
JOINTOUTLET OUT305 1 306

JOINT J306 307 IN306 OUT306
JOINTINLET IN306 1 306
JOINTOUTLET OUT306 1 307

JOINT J307 308 IN307 OUT307
JOINTINLET IN307 1 307
JOINTOUTLET OUT307 1 308

JOINT J308 309 IN308 OUT308
JOINTINLET IN308 1 308
JOINTOUTLET OUT308 1 309

JOINT J309 310 IN309 OUT309
JOINTINLET IN309 1 309
JOINTOUTLET OUT309 1 310

JOINT J310 311 IN310 OUT310
JOINTINLET IN310 1 310
JOINTOUTLET OUT310 1 311

JOINT J311 312 IN311 OUT311
JOINTINLET IN311 1 311
JOINTOUTLET OUT311 1 312

JOINT J312 313 IN312 OUT312
JOINTINLET IN312 1 312
JOINTOUTLET OUT312 1 313

JOINT J313 314 IN313 OUT313
JOINTINLET IN313 1 313
JOINTOUTLET OUT313 1 314

JOINT J314 315 IN314 OUT314
JOINTINLET IN314 1 314
JOINTOUTLET OUT314 1 315

JOINT J315 316 IN315 OUT315
JOINTINLET IN315 1 315
JOINTOUTLET OUT315 1 316

JOINT J316 317 IN316 OUT316
JOINTINLET IN316 1 316
JOINTOUTLET OUT316 1 317

JOINT J317 318 IN317 OUT317
JOINTINLET IN317 1 317
JOINTOUTLET OUT317 1 318

JOINT J318 319 IN318 OUT318
JOINTINLET IN318 1 318
JOINTOUTLET OUT318 1 319

JOINT J319 320 IN319 OUT319
JOINTINLET IN319 1 319
JOINTOUTLET OUT319 1 320

JOINT J320 321 IN320 OUT320
JOINTINLET IN320 1 320
JOINTOUTLET OUT320 1 321

JOINT J321 322 IN321 OUT321
JOINTINLET IN321 1 321
JOINTOUTLET OUT321 1 322

JOINT J322 323 IN322 OUT322
JOINTINLET IN322 1 322
JOINTOUTLET OUT322 1 323

JOINT J323 324 IN323 OUT323
JOINTINLET IN323 1 323
JOINTOUTLET OUT323 1 324

JOINT J324 325 IN324 OUT324
JOINTINLET IN324 1 324
JOINTOUTLET OUT324 1 325

JOINT J325 326 IN325 OUT325
JOINTINLET IN325 1 325
JOINTOUTLET OUT325 1 326

JOINT J326 327 IN326 OUT326
JOINTINLET IN326 1 326
JOINTOUTLET OUT326 1 327

JOINT J327 328 IN327 OUT327
JOINTINLET IN327 1 327
JOINTOUTLET OUT327 1 328

JOINT J328 329 IN328 OUT328
JOINTINLET IN328 1 328
JOINTOUTLET OUT328 1 329

JOINT J329 330 IN329 OUT329
JOINTINLET IN329 1 329
JOINTOUTLET OUT329 1 330

JOINT J330 331 IN330 OUT330
JOINTINLET IN330 1 330
JOINTOUTLET OUT330 1 331

JOINT J331 332 IN331 OUT331
JOINTINLET IN331 1 331
JOINTOUTLET OUT331 1 332

JOINT J332 333 IN332 OUT332
JOINTINLET IN332 1 332
JOINTOUTLET OUT332 1 333

JOINT J333 334 IN333 OUT333
JOINTINLET IN333 1 333
JOINTOUTLET OUT333 1 334

JOINT J334 335 IN334 OUT334
JOINTINLET IN334 1 334
JOINTOUTLET OUT334 1 335

JOINT J335 336 IN335 OUT335
JOINTINLET IN335 1 335
JOINTOUTLET OUT335 1 336

JOINT J336 337 IN336 OUT336
JOINTINLET IN336 1 336
JOINTOUTLET OUT336 1 337

JOINT J337 338 IN337 OUT337
JOINTINLET IN337 1 337
JOINTOUTLET OUT337 1 338

JOINT J338 339 IN338 OUT338
JOINTINLET IN338 1 338
JOINTOUTLET OUT338 1 339

JOINT J339 340 IN339 OUT339
JOINTINLET IN339 1 339
JOINTOUTLET OUT339 1 340

JOINT J340 341 IN340 OUT340
JOINTINLET IN340 1 340
JOINTOUTLET OUT340 1 341

JOINT J341 342 IN341 OUT341
JOINTINLET IN341 1 341
JOINTOUTLET OUT341 1 342

JOINT J342 343 IN342 OUT342
JOINTINLET IN342 1 342
JOINTOUTLET OUT342 1 343

JOINT J343 344 IN343 OUT343
JOINTINLET IN343 1 343
JOINTOUTLET OUT343 1 344

JOINT J344 345 IN344 OUT344
JOINTINLET IN344 1 344
JOINTOUTLET OUT344 1 345

JOINT J345 346 IN345 OUT345
JOINTINLET IN345 1 345
JOINTOUTLET OUT345 1 346

JOINT J346 347 IN346 OUT346
JOINTINLET IN346 1 346
JOINTOUTLET OUT346 1 347

JOINT J347 348 IN347 OUT347
JOINTINLET IN347 1 347
JOINTOUTLET OUT347 1 348

JOINT J348 349 IN348 OUT348
JOINTINLET IN348 1 348
JOINTOUTLET OUT348 1 349

JOINT J349 350 IN349 OUT349
JOINTINLET IN349 1 349
JOINTOUTLET OUT349 1 350

JOINT J350 351 IN350 OUT350
JOINTINLET IN350 1 350
JOINTOUTLET OUT350 1 351

JOINT J351 352 IN351 OUT351
JOINTINLET IN351 1 351
JOINTOUTLET OUT351 1 352

JOINT J352 353 IN352 OUT352
JOINTINLET IN352 1 352
JOINTOUTLET OUT352 1 353

JOINT J353 354 IN353 OUT353
JOINTINLET IN353 1 353
JOINTOUTLET OUT353 1 354

JOINT J354 355 IN354 OUT354
JOINTINLET IN354 1 354
JOINTOUTLET OUT354 1 355

JOINT J355 356 IN355 OUT355
JOINTINLET IN355 1 355
JOINTOUTLET OUT355 1 356

JOINT J356 357 IN356 OUT356
JOINTINLET IN356 1 356
JOINTOUTLET OUT356 1 357

JOINT J357 358 IN357 OUT357
JOINTINLET IN357 1 357
JOINTOUTLET OUT357 1 358

JOINT J358 359 IN358 OUT358
JOINTINLET IN358 1 358
JOINTOUTLET OUT358 1 359

JOINT J359 360 IN359 OUT359
JOINTINLET IN359 1 359
JOINTOUTLET OUT359 1 360

JOINT J360 361 IN360 OUT360
JOINTINLET IN360 1 360
JOINTOUTLET OUT360 1 361

JOINT J361 362 IN361 OUT361
JOINTINLET IN361 1 361
JOINTOUTLET OUT361 1 362

JOINT J362 363 IN362 OUT362
JOINTINLET IN362 1 362
JOINTOUTLET OUT362 1 363

JOINT J363 364 IN363 OUT363
JOINTINLET IN363 1 363
JOINTOUTLET OUT363 1 364

JOINT J364 365 IN364 OUT364
JOINTINLET IN364 1 364
JOINTOUTLET OUT364 1 365

JOINT J365 366 IN365 OUT365
JOINTINLET IN365 1 365
JOINTOUTLET OUT365 1 366

JOINT J366 367 IN366 OUT366
JOINTINLET IN366 1 366
JOINTOUTLET OUT366 1 367

JOINT J367 368 IN367 OUT367
JOINTINLET IN367 1 367
JOINTOUTLET OUT367 1 368

JOINT J368 369 IN368 OUT368
JOINTINLET IN368 1 368
JOINTOUTLET OUT368 1 369

JOINT J369 370 IN369 OUT369
JOINTINLET IN369 1 369
JOINTOUTLET OUT369 1 370

JOINT J370 371 IN370 OUT370
JOINTINLET IN370 1 370
JOINTOUTLET OUT370 1 371

JOINT J371 372 IN371 OUT371
JOINTINLET IN371 1 371
JOINTOUTLET OUT371 1 372

JOINT J372 373 IN372 OUT372
JOINTINLET IN372 1 372
JOINTOUTLET OUT372 1 373

JOINT J373 374 IN373 OUT373
JOINTINLET IN373 1 373
JOINTOUTLET OUT373 1 374

JOINT J374 375 IN374 OUT374
JOINTINLET IN374 1 374
JOINTOUTLET OUT374 1 375

JOINT J375 376 IN375 OUT375
JOINTINLET IN375 1 375
JOINTOUTLET OUT375 1 376

JOINT J376 377 IN376 OUT376
JOINTINLET IN376 1 376
JOINTOUTLET OUT376 1 377

JOINT J377 378 IN377 OUT377
JOINTINLET IN377 1 377
JOINTOUTLET OUT377 1 378

JOINT J378 379 IN378 OUT378
JOINTINLET IN378 1 378
JOINTOUTLET OUT378 1 379

JOINT J379 380 IN379 OUT379
JOINTINLET IN379 1 379
JOINTOUTLET OUT379 1 380

JOINT J380 381 IN380 OUT380
JOINTINLET IN380 1 380
JOINTOUTLET OUT380 1 381

JOINT J381 382 IN381 OUT381
JOINTINLET IN381 1 381
JOINTOUTLET OUT381 1 382

JOINT J382 383 IN382 OUT382
JOINTINLET IN382 1 382
JOINTOUTLET OUT382 1 383

JOINT J383 384 IN383 OUT383
JOINTINLET IN383 1 383
JOINTOUTLET OUT383 1 384

JOINT J384 385 IN384 OUT384
JOINTINLET IN384 1 384
JOINTOUTLET OUT384 1 385

JOINT J385 386 IN385 OUT385
JOINTINLET IN385 1 385
JOINTOUTLET OUT385 1 386

JOINT J386 387 IN386 OUT386
JOINTINLET IN386 1 386
JOINTOUTLET OUT386 1 387

JOINT J387 388 IN387 OUT387
JOINTINLET IN387 1 387
JOINTOUTLET OUT387 1 388

JOINT J388 389 IN388 OUT388
JOINTINLET IN388 1 388
JOINTOUTLET OUT388 1 389

JOINT J389 390 IN389 OUT389
JOINTINLET IN389 1 389
JOINTOUTLET OUT389 1 390

JOINT J390 391 IN390 OUT390
JOINTINLET IN390 1 390
JOINTOUTLET OUT390 1 391

JOINT J391 392 IN391 OUT391
JOINTINLET IN391 1 391
JOINTOUTLET OUT391 1 392

JOINT J392 393 IN392 OUT392
JOINTINLET IN392 1 392
JOINTOUTLET OUT392 1 393

JOINT J393 394 IN393 OUT393
JOINTINLET IN393 1 393
JOINTOUTLET OUT393 1 394

JOINT J394 395 IN394 OUT394
JOINTINLET IN394 1 394
JOINTOUTLET OUT394 1 395

JOINT J395 396 IN395 OUT395
JOINTINLET IN395 1 395
JOINTOUTLET OUT395 1 396

JOINT J396 397 IN396 OUT396
JOINTINLET IN396 1 396
JOINTOUTLET OUT396 1 397

JOINT J397 398 IN397 OUT397
JOINTINLET IN397 1 397
JOINTOUTLET OUT397 1 398

JOINT J398 399 IN398 OUT398
JOINTINLET IN398 1 398
JOINTOUTLET OUT398 1 399

JOINT J399 400 IN399 OUT399
JOINTINLET IN399 1 399
JOINTOUTLET OUT399 1 400

JOINT J400 401 IN400 OUT400
JOINTINLET IN400 1 400
JOINTOUTLET OUT400 1 401

JOINT J401 402 IN401 OUT401
JOINTINLET IN401 1 401
JOINTOUTLET OUT401 1 402

JOINT J402 403 IN402 OUT402
JOINTINLET IN402 1 402
JOINTOUTLET OUT402 1 403

JOINT J403 404 IN403 OUT403
JOINTINLET IN403 1 403
JOINTOUTLET OUT403 1 404

JOINT J404 405 IN404 OUT404
JOINTINLET IN404 1 404
JOINTOUTLET OUT404 1 405

JOINT J405 406 IN405 OUT405
JOINTINLET IN405 1 405
JOINTOUTLET OUT405 1 406

JOINT J406 407 IN406 OUT406
JOINTINLET IN406 1 406
JOINTOUTLET OUT406 1 407

JOINT J407 408 IN407 OUT407
JOINTINLET IN407 1 407
JOINTOUTLET OUT407 1 408

JOINT J408 409 IN408 OUT408
JOINTINLET IN408 1 408
JOINTOUTLET OUT408 1 409

JOINT J409 410 IN409 OUT409
JOINTINLET IN409 1 409
JOINTOUTLET OUT409 1 410

JOINT J410 411 IN410 OUT410
JOINTINLET IN410 1 410
JOINTOUTLET OUT410 1 411

JOINT J411 412 IN411 OUT411
JOINTINLET IN411 1 411
JOINTOUTLET OUT411 1 412

JOINT J412 413 IN412 OUT412
JOINTINLET IN412 1 412
JOINTOUTLET OUT412 1 413

JOINT J413 414 IN413 OUT413
JOINTINLET IN413 1 413
JOINTOUTLET OUT413 1 414

JOINT J414 415 IN414 OUT414
JOINTINLET IN414 1 414
JOINTOUTLET OUT414 1 415

JOINT J415 416 IN415 OUT415
JOINTINLET IN415 1 415
JOINTOUTLET OUT415 1 416

JOINT J416 417 IN416 OUT416
JOINTINLET IN416 1 416
JOINTOUTLET OUT416 1 417

JOINT J417 418 IN417 OUT417
JOINTINLET IN417 1 417
JOINTOUTLET OUT417 1 418

JOINT J418 419 IN418 OUT418
JOINTINLET IN418 1 418
JOINTOUTLET OUT418 1 419

JOINT J419 420 IN419 OUT419
JOINTINLET IN419 1 419
JOINTOUTLET OUT419 1 420

JOINT J420 421 IN420 OUT420
JOINTINLET IN420 1 420
JOINTOUTLET OUT420 1 421

JOINT J421 422 IN421 OUT421
JOINTINLET IN421 1 421
JOINTOUTLET OUT421 1 422

JOINT J422 423 IN422 OUT422
JOINTINLET IN422 1 422
JOINTOUTLET OUT422 1 423

JOINT J423 424 IN423 OUT423
JOINTINLET IN423 1 423
JOINTOUTLET OUT423 1 424

JOINT J424 425 IN424 OUT424
JOINTINLET IN424 1 424
JOINTOUTLET OUT424 1 425

JOINT J425 426 IN425 OUT425
JOINTINLET IN425 1 425
JOINTOUTLET OUT425 1 426

JOINT J426 427 IN426 OUT426
JOINTINLET IN426 1 426
JOINTOUTLET OUT426 1 427

JOINT J427 428 IN427 OUT427
JOINTINLET IN427 1 427
JOINTOUTLET OUT427 1 428

JOINT J428 429 IN428 OUT428
JOINTINLET IN428 1 428
JOINTOUTLET OUT428 1 429

JOINT J429 430 IN429 OUT429
JOINTINLET IN429 1 429
JOINTOUTLET OUT429 1 430

JOINT J430 431 IN430 OUT430
JOINTINLET IN430 1 430
JOINTOUTLET OUT430 1 431

JOINT J431 432 IN431 OUT431
JOINTINLET IN431 1 431
JOINTOUTLET OUT431 1 432

JOINT J432 433 IN432 OUT432
JOINTINLET IN432 1 432
JOINTOUTLET OUT432 1 433

JOINT J433 434 IN433 OUT433
JOINTINLET IN433 1 433
JOINTOUTLET OUT433 1 434

JOINT J434 435 IN434 OUT434
JOINTINLET IN434 1 434
JOINTOUTLET OUT434 1 435

JOINT J435 436 IN435 OUT435
JOINTINLET IN435 1 435
JOINTOUTLET OUT435 1 436

JOINT J436 437 IN436 OUT436
JOINTINLET IN436 1 436
JOINTOUTLET OUT436 1 437

JOINT J437 438 IN437 OUT437
JOINTINLET IN437 1 437
JOINTOUTLET OUT437 1 438

JOINT J438 439 IN438 OUT438
JOINTINLET IN438 1 438
JOINTOUTLET OUT438 1 439

JOINT J439 440 IN439 OUT439
JOINTINLET IN439 1 439
JOINTOUTLET OUT439 1 440

JOINT J440 441 IN440 OUT440
JOINTINLET IN440 1 440
JOINTOUTLET OUT440 1 441

JOINT J441 442 IN441 OUT441
JOINTINLET IN441 1 441
JOINTOUTLET OUT441 1 442

JOINT J442 443 IN442 OUT442
JOINTINLET IN442 1 442
JOINTOUTLET OUT442 1 443

JOINT J443 444 IN443 OUT443
JOINTINLET IN443 1 443
JOINTOUTLET OUT443 1 444

JOINT J444 445 IN444 OUT444
JOINTINLET IN444 1 444
JOINTOUTLET OUT444 1 445

JOINT J445 446 IN445 OUT445
JOINTINLET IN445 1 445
JOINTOUTLET OUT445 1 446

JOINT J446 447 IN446 OUT446
JOINTINLET IN446 1 446
JOINTOUTLET OUT446 1 447

JOINT J447 448 IN447 OUT447
JOINTINLET IN447 1 447
JOINTOUTLET OUT447 1 448

JOINT J448 449 IN448 OUT448
JOINTINLET IN448 1 448
JOINTOUTLET OUT448 1 449

JOINT J449 450 IN449 OUT449
JOINTINLET IN449 1 449
JOINTOUTLET OUT449 1 450

JOINT J450 451 IN450 OUT450
JOINTINLET IN450 1 450
JOINTOUTLET OUT450 1 451

JOINT J451 452 IN451 OUT451
JOINTINLET IN451 1 451
JOINTOUTLET OUT451 1 452

JOINT J452 453 IN452 OUT452
JOINTINLET IN452 1 452
JOINTOUTLET OUT452 1 453

JOINT J453 454 IN453 OUT453
JOINTINLET IN453 1 453
JOINTOUTLET OUT453 1 454

JOINT J454 455 IN454 OUT454
JOINTINLET IN454 1 454
JOINTOUTLET OUT454 1 455

JOINT J455 456 IN455 OUT455
JOINTINLET IN455 1 455
JOINTOUTLET OUT455 1 456

JOINT J456 457 IN456 OUT456
JOINTINLET IN456 1 456
JOINTOUTLET OUT456 1 457

JOINT J457 458 IN457 OUT457
JOINTINLET IN457 1 457
JOINTOUTLET OUT457 1 458

JOINT J458 459 IN458 OUT458
JOINTINLET IN458 1 458
JOINTOUTLET OUT458 1 459

JOINT J459 460 IN459 OUT459
JOINTINLET IN459 1 459
JOINTOUTLET OUT459 1 460

JOINT J460 461 IN460 OUT460
JOINTINLET IN460 1 460
JOINTOUTLET OUT460 1 461

JOINT J461 462 IN461 OUT461
JOINTINLET IN461 1 461
JOINTOUTLET OUT461 1 462

JOINT J462 463 IN462 OUT462
JOINTINLET IN462 1 462
JOINTOUTLET OUT462 1 463

JOINT J463 464 IN463 OUT463
JOINTINLET IN463 1 463
JOINTOUTLET OUT463 1 464

JOINT J464 465 IN464 OUT464
JOINTINLET IN464 1 464
JOINTOUTLET OUT464 1 465

JOINT J465 466 IN465 OUT465
JOINTINLET IN465 1 465
JOINTOUTLET OUT465 1 466

JOINT J466 467 IN466 OUT466
JOINTINLET IN466 1 466
JOINTOUTLET OUT466 1 467

JOINT J467 468 IN467 OUT467
JOINTINLET IN467 1 467
JOINTOUTLET OUT467 1 468

JOINT J468 469 IN468 OUT468
JOINTINLET IN468 1 468
JOINTOUTLET OUT468 1 469

JOINT J469 470 IN469 OUT469
JOINTINLET IN469 1 469
JOINTOUTLET OUT469 1 470

JOINT J470 471 IN470 OUT470
JOINTINLET IN470 1 470
JOINTOUTLET OUT470 1 471

JOINT J471 472 IN471 OUT471
JOINTINLET IN471 1 471
JOINTOUTLET OUT471 1 472

JOINT J472 473 IN472 OUT472
JOINTINLET IN472 1 472
JOINTOUTLET OUT472 1 473

JOINT J473 474 IN473 OUT473
JOINTINLET IN473 1 473
JOINTOUTLET OUT473 1 474

JOINT J474 475 IN474 OUT474
JOINTINLET IN474 1 474
JOINTOUTLET OUT474 1 475

JOINT J475 476 IN475 OUT475
JOINTINLET IN475 1 475
JOINTOUTLET OUT475 1 476

JOINT J476 477 IN476 OUT476
JOINTINLET IN476 1 476
JOINTOUTLET OUT476 1 477

JOINT J477 478 IN477 OUT477
JOINTINLET IN477 1 477
JOINTOUTLET OUT477 1 478

JOINT J478 479 IN478 OUT478
JOINTINLET IN478 1 478
JOINTOUTLET OUT478 1 479

JOINT J479 480 IN479 OUT479
JOINTINLET IN479 1 479
JOINTOUTLET OUT479 1 480

JOINT J480 481 IN480 OUT480
JOINTINLET IN480 1 480
JOINTOUTLET OUT480 1 481

JOINT J481 482 IN481 OUT481
JOINTINLET IN481 1 481
JOINTOUTLET OUT481 1 482

JOINT J482 483 IN482 OUT482
JOINTINLET IN482 1 482
JOINTOUTLET OUT482 1 483

JOINT J483 484 IN483 OUT483
JOINTINLET IN483 1 483
JOINTOUTLET OUT483 1 484

JOINT J484 485 IN484 OUT484
JOINTINLET IN484 1 484
JOINTOUTLET OUT484 1 485

JOINT J485 486 IN485 OUT485
JOINTINLET IN485 1 485
JOINTOUTLET OUT485 1 486

JOINT J486 487 IN486 OUT486
JOINTINLET IN486 1 486
JOINTOUTLET OUT486 1 487

JOINT J487 488 IN487 OUT487
JOINTINLET IN487 1 487
JOINTOUTLET OUT487 1 488

JOINT J488 489 IN488 OUT488
JOINTINLET IN488 1 488
JOINTOUTLET OUT488 1 489

JOINT J489 490 IN489 OUT489
JOINTINLET IN489 1 489
JOINTOUTLET OUT489 1 490

JOINT J490 491 IN490 OUT490
JOINTINLET IN490 1 490
JOINTOUTLET OUT490 1 491

JOINT J491 492 IN491 OUT491
JOINTINLET IN491 1 491
JOINTOUTLET OUT491 1 492

JOINT J492 493 IN492 OUT492
JOINTINLET IN492 1 492
JOINTOUTLET OUT492 1 493

JOINT J493 494 IN493 OUT493
JOINTINLET IN493 1 493
JOINTOUTLET OUT493 1 494

JOINT J494 495 IN494 OUT494
JOINTINLET IN494 1 494
JOINTOUTLET OUT494 1 495

JOINT J495 496 IN495 OUT495
JOINTINLET IN495 1 495
JOINTOUTLET OUT495 1 496

JOINT J496 497 IN496 OUT496
JOINTINLET IN496 1 496
JOINTOUTLET OUT496 1 497

JOINT J497 498 IN497 OUT497
JOINTINLET IN497 1 497
JOINTOUTLET OUT497 1 498

JOINT J498 499 IN498 OUT498
JOINTINLET IN498 1 498
JOINTOUTLET OUT498 1 499

JOINT J499 500 IN499 OUT499
JOINTINLET IN499 1 499
JOINTOUTLET OUT499 1 500

JOINT J500 501 IN500 OUT500
JOINTINLET IN500 1 500
JOINTOUTLET OUT500 1 501

JOINT J501 502 IN501 OUT501
JOINTINLET IN501 1 501
JOINTOUTLET OUT501 1 502

JOINT J502 503 IN502 OUT502
JOINTINLET IN502 1 502
JOINTOUTLET OUT502 1 503

JOINT J503 504 IN503 OUT503
JOINTINLET IN503 1 503
JOINTOUTLET OUT503 1 504

JOINT J504 505 IN504 OUT504
JOINTINLET IN504 1 504
JOINTOUTLET OUT504 1 505

JOINT J505 506 IN505 OUT505
JOINTINLET IN505 1 505
JOINTOUTLET OUT505 1 506

JOINT J506 507 IN506 OUT506
JOINTINLET IN506 1 506
JOINTOUTLET OUT506 1 507

JOINT J507 508 IN507 OUT507
JOINTINLET IN507 1 507
JOINTOUTLET OUT507 1 508

JOINT J508 509 IN508 OUT508
JOINTINLET IN508 1 508
JOINTOUTLET OUT508 1 509

JOINT J509 510 IN509 OUT509
JOINTINLET IN509 1 509
JOINTOUTLET OUT509 1 510

JOINT J510 511 IN510 OUT510
JOINTINLET IN510 1 510
JOINTOUTLET OUT510 1 511

JOINT J511 512 IN511 OUT511
JOINTINLET IN511 1 511
JOINTOUTLET OUT511 1 512

JOINT J512 513 IN512 OUT512
JOINTINLET IN512 1 512
JOINTOUTLET OUT512 1 513

JOINT J513 514 IN513 OUT513
JOINTINLET IN513 1 513
JOINTOUTLET OUT513 1 514

JOINT J514 515 IN514 OUT514
JOINTINLET IN514 1 514
JOINTOUTLET OUT514 1 515

JOINT J515 516 IN515 OUT515
JOINTINLET IN515 1 515
JOINTOUTLET OUT515 1 516

JOINT J516 517 IN516 OUT516
JOINTINLET IN516 1 516
JOINTOUTLET OUT516 1 517

JOINT J517 518 IN517 OUT517
JOINTINLET IN517 1 517
JOINTOUTLET OUT517 1 518

JOINT J518 519 IN518 OUT518
JOINTINLET IN518 1 518
JOINTOUTLET OUT518 1 519

JOINT J519 520 IN519 OUT519
JOINTINLET IN519 1 519
JOINTOUTLET OUT519 1 520

JOINT J520 521 IN520 OUT520
JOINTINLET IN520 1 520
JOINTOUTLET OUT520 1 521

JOINT J521 522 IN521 OUT521
JOINTINLET IN521 1 521
JOINTOUTLET OUT521 1 522

JOINT J522 523 IN522 OUT522
JOINTINLET IN522 1 522
JOINTOUTLET OUT522 1 523

JOINT J523 524 IN523 OUT523
JOINTINLET IN523 1 523
JOINTOUTLET OUT523 1 524

JOINT J524 525 IN524 OUT524
JOINTINLET IN524 1 524
JOINTOUTLET OUT524 1 525

JOINT J525 526 IN525 OUT525
JOINTINLET IN525 1 525
JOINTOUTLET OUT525 1 526

JOINT J526 527 IN526 OUT526
JOINTINLET IN526 1 526
JOINTOUTLET OUT526 1 527

JOINT J527 528 IN527 OUT527
JOINTINLET IN527 1 527
JOINTOUTLET OUT527 1 528

JOINT J528 529 IN528 OUT528
JOINTINLET IN528 1 528
JOINTOUTLET OUT528 1 529

JOINT J529 530 IN529 OUT529
JOINTINLET IN529 1 529
JOINTOUTLET OUT529 1 530

JOINT J530 531 IN530 OUT530
JOINTINLET IN530 1 530
JOINTOUTLET OUT530 1 531

JOINT J531 532 IN531 OUT531
JOINTINLET IN531 1 531
JOINTOUTLET OUT531 1 532

JOINT J532 533 IN532 OUT532
JOINTINLET IN532 1 532
JOINTOUTLET OUT532 1 533

JOINT J533 534 IN533 OUT533
JOINTINLET IN533 1 533
JOINTOUTLET OUT533 1 534

JOINT J534 535 IN534 OUT534
JOINTINLET IN534 1 534
JOINTOUTLET OUT534 1 535

JOINT J535 536 IN535 OUT535
JOINTINLET IN535 1 535
JOINTOUTLET OUT535 1 536

JOINT J536 537 IN536 OUT536
JOINTINLET IN536 1 536
JOINTOUTLET OUT536 1 537

JOINT J537 538 IN537 OUT537
JOINTINLET IN537 1 537
JOINTOUTLET OUT537 1 538

JOINT J538 539 IN538 OUT538
JOINTINLET IN538 1 538
JOINTOUTLET OUT538 1 539

JOINT J539 540 IN539 OUT539
JOINTINLET IN539 1 539
JOINTOUTLET OUT539 1 540

JOINT J540 541 IN540 OUT540
JOINTINLET IN540 1 540
JOINTOUTLET OUT540 1 541

JOINT J541 542 IN541 OUT541
JOINTINLET IN541 1 541
JOINTOUTLET OUT541 1 542

JOINT J542 543 IN542 OUT542
JOINTINLET IN542 1 542
JOINTOUTLET OUT542 1 543

JOINT J543 544 IN543 OUT543
JOINTINLET IN543 1 543
JOINTOUTLET OUT543 1 544

JOINT J544 545 IN544 OUT544
JOINTINLET IN544 1 544
JOINTOUTLET OUT544 1 545

JOINT J545 546 IN545 OUT545
JOINTINLET IN545 1 545
JOINTOUTLET OUT545 1 546

JOINT J546 547 IN546 OUT546
JOINTINLET IN546 1 546
JOINTOUTLET OUT546 1 547

JOINT J547 548 IN547 OUT547
JOINTINLET IN547 1 547
JOINTOUTLET OUT547 1 548

JOINT J548 549 IN548 OUT548
JOINTINLET IN548 1 548
JOINTOUTLET OUT548 1 549

JOINT J549 550 IN549 OUT549
JOINTINLET IN549 1 549
JOINTOUTLET OUT549 1 550

JOINT J550 551 IN550 OUT550
JOINTINLET IN550 1 550
JOINTOUTLET OUT550 1 551

JOINT J551 552 IN551 OUT551
JOINTINLET IN551 1 551
JOINTOUTLET OUT551 1 552

JOINT J552 553 IN552 OUT552
JOINTINLET IN552 1 552
JOINTOUTLET OUT552 1 553

JOINT J553 554 IN553 OUT553
JOINTINLET IN553 1 553
JOINTOUTLET OUT553 1 554

JOINT J554 555 IN554 OUT554
JOINTINLET IN554 1 554
JOINTOUTLET OUT554 1 555

JOINT J555 556 IN555 OUT555
JOINTINLET IN555 1 555
JOINTOUTLET OUT555 1 556

JOINT J556 557 IN556 OUT556
JOINTINLET IN556 1 556
JOINTOUTLET OUT556 1 557

JOINT J557 558 IN557 OUT557
JOINTINLET IN557 1 557
JOINTOUTLET OUT557 1 558

JOINT J558 559 IN558 OUT558
JOINTINLET IN558 1 558
JOINTOUTLET OUT558 1 559

JOINT J559 560 IN559 OUT559
JOINTINLET IN559 1 559
JOINTOUTLET OUT559 1 560

JOINT J560 561 IN560 OUT560
JOINTINLET IN560 1 560
JOINTOUTLET OUT560 1 561

JOINT J561 562 IN561 OUT561
JOINTINLET IN561 1 561
JOINTOUTLET OUT561 1 562

JOINT J562 563 IN562 OUT562
JOINTINLET IN562 1 562
JOINTOUTLET OUT562 1 563

JOINT J563 564 IN563 OUT563
JOINTINLET IN563 1 563
JOINTOUTLET OUT563 1 564

JOINT J564 565 IN564 OUT564
JOINTINLET IN564 1 564
JOINTOUTLET OUT564 1 565

JOINT J565 566 IN565 OUT565
JOINTINLET IN565 1 565
JOINTOUTLET OUT565 1 566

JOINT J566 567 IN566 OUT566
JOINTINLET IN566 1 566
JOINTOUTLET OUT566 1 567

JOINT J567 568 IN567 OUT567
JOINTINLET IN567 1 567
JOINTOUTLET OUT567 1 568

JOINT J568 569 IN568 OUT568
JOINTINLET IN568 1 568
JOINTOUTLET OUT568 1 569

JOINT J569 570 IN569 OUT569
JOINTINLET IN569 1 569
JOINTOUTLET OUT569 1 570

JOINT J570 571 IN570 OUT570
JOINTINLET IN570 1 570
JOINTOUTLET OUT570 1 571

JOINT J571 572 IN571 OUT571
JOINTINLET IN571 1 571
JOINTOUTLET OUT571 1 572

JOINT J572 573 IN572 OUT572
JOINTINLET IN572 1 572
JOINTOUTLET OUT572 1 573

JOINT J573 574 IN573 OUT573
JOINTINLET IN573 1 573
JOINTOUTLET OUT573 1 574

JOINT J574 575 IN574 OUT574
JOINTINLET IN574 1 574
JOINTOUTLET OUT574 1 575

JOINT J575 576 IN575 OUT575
JOINTINLET IN575 1 575
JOINTOUTLET OUT575 1 576

JOINT J576 577 IN576 OUT576
JOINTINLET IN576 1 576
JOINTOUTLET OUT576 1 577

JOINT J577 578 IN577 OUT577
JOINTINLET IN577 1 577
JOINTOUTLET OUT577 1 578

JOINT J578 579 IN578 OUT578
JOINTINLET IN578 1 578
JOINTOUTLET OUT578 1 579

JOINT J579 580 IN579 OUT579
JOINTINLET IN579 1 579
JOINTOUTLET OUT579 1 580

JOINT J580 581 IN580 OUT580
JOINTINLET IN580 1 580
JOINTOUTLET OUT580 1 581

JOINT J581 582 IN581 OUT581
JOINTINLET IN581 1 581
JOINTOUTLET OUT581 1 582

JOINT J582 583 IN582 OUT582
JOINTINLET IN582 1 582
JOINTOUTLET OUT582 1 583

JOINT J583 584 IN583 OUT583
JOINTINLET IN583 1 583
JOINTOUTLET OUT583 1 584

JOINT J584 585 IN584 OUT584
JOINTINLET IN584 1 584
JOINTOUTLET OUT584 1 585

JOINT J585 586 IN585 OUT585
JOINTINLET IN585 1 585
JOINTOUTLET OUT585 1 586

JOINT J586 587 IN586 OUT586
JOINTINLET IN586 1 586
JOINTOUTLET OUT586 1 587

JOINT J587 588 IN587 OUT587
JOINTINLET IN587 1 587
JOINTOUTLET OUT587 1 588

JOINT J588 589 IN588 OUT588
JOINTINLET IN588 1 588
JOINTOUTLET OUT588 1 589

JOINT J589 590 IN589 OUT589
JOINTINLET IN589 1 589
JOINTOUTLET OUT589 1 590

JOINT J590 591 IN590 OUT590
JOINTINLET IN590 1 590
JOINTOUTLET OUT590 1 591

JOINT J591 592 IN591 OUT591
JOINTINLET IN591 1 591
JOINTOUTLET OUT591 1 592

JOINT J592 593 IN592 OUT592
JOINTINLET IN592 1 592
JOINTOUTLET OUT592 1 593

JOINT J593 594 IN593 OUT593
JOINTINLET IN593 1 593
JOINTOUTLET OUT593 1 594

JOINT J594 595 IN594 OUT594
JOINTINLET IN594 1 594
JOINTOUTLET OUT594 1 595

JOINT J595 596 IN595 OUT595
JOINTINLET IN595 1 595
JOINTOUTLET OUT595 1 596

JOINT J596 597 IN596 OUT596
JOINTINLET IN596 1 596
JOINTOUTLET OUT596 1 597

JOINT J597 598 IN597 OUT597
JOINTINLET IN597 1 597
JOINTOUTLET OUT597 1 598

JOINT J598 599 IN598 OUT598
JOINTINLET IN598 1 598
JOINTOUTLET OUT598 1 599

JOINT J599 600 IN599 OUT599
JOINTINLET IN599 1 599
JOINTOUTLET OUT599 1 600

JOINT J600 601 IN600 OUT600
JOINTINLET IN600 1 600
JOINTOUTLET OUT600 1 601

JOINT J601 602 IN601 OUT601
JOINTINLET IN601 1 601
JOINTOUTLET OUT601 1 602

JOINT J602 603 IN602 OUT602
JOINTINLET IN602 1 602
JOINTOUTLET OUT602 1 603

JOINT J603 604 IN603 OUT603
JOINTINLET IN603 1 603
JOINTOUTLET OUT603 1 604

JOINT J604 605 IN604 OUT604
JOINTINLET IN604 1 604
JOINTOUTLET OUT604 1 605

JOINT J605 606 IN605 OUT605
JOINTINLET IN605 1 605
JOINTOUTLET OUT605 1 606

JOINT J606 607 IN606 OUT606
JOINTINLET IN606 1 606
JOINTOUTLET OUT606 1 607

JOINT J607 608 IN607 OUT607
JOINTINLET IN607 1 607
JOINTOUTLET OUT607 1 608

JOINT J608 609 IN608 OUT608
JOINTINLET IN608 1 608
JOINTOUTLET OUT608 1 609

JOINT J609 610 IN609 OUT609
JOINTINLET IN609 1 609
JOINTOUTLET OUT609 1 610

JOINT J610 611 IN610 OUT610
JOINTINLET IN610 1 610
JOINTOUTLET OUT610 1 611

JOINT J611 612 IN611 OUT611
JOINTINLET IN611 1 611
JOINTOUTLET OUT611 1 612

JOINT J612 613 IN612 OUT612
JOINTINLET IN612 1 612
JOINTOUTLET OUT612 1 613

JOINT J613 614 IN613 OUT613
JOINTINLET IN613 1 613
JOINTOUTLET OUT613 1 614

JOINT J614 615 IN614 OUT614
JOINTINLET IN614 1 614
JOINTOUTLET OUT614 1 615

JOINT J615 616 IN615 OUT615
JOINTINLET IN615 1 615
JOINTOUTLET OUT615 1 616

JOINT J616 617 IN616 OUT616
JOINTINLET IN616 1 616
JOINTOUTLET OUT616 1 617

JOINT J617 618 IN617 OUT617
JOINTINLET IN617 1 617
JOINTOUTLET OUT617 1 618

JOINT J618 619 IN618 OUT618
JOINTINLET IN618 1 618
JOINTOUTLET OUT618 1 619

JOINT J619 620 IN619 OUT619
JOINTINLET IN619 1 619
JOINTOUTLET OUT619 1 620

JOINT J620 621 IN620 OUT620
JOINTINLET IN620 1 620
JOINTOUTLET OUT620 1 621

JOINT J621 622 IN621 OUT621
JOINTINLET IN621 1 621
JOINTOUTLET OUT621 1 622

JOINT J622 623 IN622 OUT622
JOINTINLET IN622 1 622
JOINTOUTLET OUT622 1 623

JOINT J623 624 IN623 OUT623
JOINTINLET IN623 1 623
JOINTOUTLET OUT623 1 624

JOINT J624 625 IN624 OUT624
JOINTINLET IN624 1 624
JOINTOUTLET OUT624 1 625

JOINT J625 626 IN625 OUT625
JOINTINLET IN625 1 625
JOINTOUTLET OUT625 1 626

JOINT J626 627 IN626 OUT626
JOINTINLET IN626 1 626
JOINTOUTLET OUT626 1 627

JOINT J627 628 IN627 OUT627
JOINTINLET IN627 1 627
JOINTOUTLET OUT627 1 628

JOINT J628 629 IN628 OUT628
JOINTINLET IN628 1 628
JOINTOUTLET OUT628 1 629

JOINT J629 630 IN629 OUT629
JOINTINLET IN629 1 629
JOINTOUTLET OUT629 1 630

JOINT J630 631 IN630 OUT630
JOINTINLET IN630 1 630
JOINTOUTLET OUT630 1 631

JOINT J631 632 IN631 OUT631
JOINTINLET IN631 1 631
JOINTOUTLET OUT631 1 632

JOINT J632 633 IN632 OUT632
JOINTINLET IN632 1 632
JOINTOUTLET OUT632 1 633

JOINT J633 634 IN633 OUT633
JOINTINLET IN633 1 633
JOINTOUTLET OUT633 1 634

JOINT J634 635 IN634 OUT634
JOINTINLET IN634 1 634
JOINTOUTLET OUT634 1 635

JOINT J635 636 IN635 OUT635
JOINTINLET IN635 1 635
JOINTOUTLET OUT635 1 636

JOINT J636 637 IN636 OUT636
JOINTINLET IN636 1 636
JOINTOUTLET OUT636 1 637

JOINT J637 638 IN637 OUT637
JOINTINLET IN637 1 637
JOINTOUTLET OUT637 1 638

JOINT J638 639 IN638 OUT638
JOINTINLET IN638 1 638
JOINTOUTLET OUT638 1 639

JOINT J639 640 IN639 OUT639
JOINTINLET IN639 1 639
JOINTOUTLET OUT639 1 640

JOINT J640 641 IN640 OUT640
JOINTINLET IN640 1 640
JOINTOUTLET OUT640 1 641

JOINT J641 642 IN641 OUT641
JOINTINLET IN641 1 641
JOINTOUTLET OUT641 1 642

JOINT J642 643 IN642 OUT642
JOINTINLET IN642 1 642
JOINTOUTLET OUT642 1 643

JOINT J643 644 IN643 OUT643
JOINTINLET IN643 1 643
JOINTOUTLET OUT643 1 644

JOINT J644 645 IN644 OUT644
JOINTINLET IN644 1 644
JOINTOUTLET OUT644 1 645

JOINT J645 646 IN645 OUT645
JOINTINLET IN645 1 645
JOINTOUTLET OUT645 1 646

JOINT J646 647 IN646 OUT646
JOINTINLET IN646 1 646
JOINTOUTLET OUT646 1 647

JOINT J647 648 IN647 OUT647
JOINTINLET IN647 1 647
JOINTOUTLET OUT647 1 648

JOINT J648 649 IN648 OUT648
JOINTINLET IN648 1 648
JOINTOUTLET OUT648 1 649

JOINT J649 650 IN649 OUT649
JOINTINLET IN649 1 649
JOINTOUTLET OUT649 1 650

JOINT J650 651 IN650 OUT650
JOINTINLET IN650 1 650
JOINTOUTLET OUT650 1 651

JOINT J651 652 IN651 OUT651
JOINTINLET IN651 1 651
JOINTOUTLET OUT651 1 652

JOINT J652 653 IN652 OUT652
JOINTINLET IN652 1 652
JOINTOUTLET OUT652 1 653

JOINT J653 654 IN653 OUT653
JOINTINLET IN653 1 653
JOINTOUTLET OUT653 1 654

JOINT J654 655 IN654 OUT654
JOINTINLET IN654 1 654
JOINTOUTLET OUT654 1 655

JOINT J655 656 IN655 OUT655
JOINTINLET IN655 1 655
JOINTOUTLET OUT655 1 656

JOINT J656 657 IN656 OUT656
JOINTINLET IN656 1 656
JOINTOUTLET OUT656 1 657

JOINT J657 658 IN657 OUT657
JOINTINLET IN657 1 657
JOINTOUTLET OUT657 1 658

JOINT J658 659 IN658 OUT658
JOINTINLET IN658 1 658
JOINTOUTLET OUT658 1 659

JOINT J659 660 IN659 OUT659
JOINTINLET IN659 1 659
JOINTOUTLET OUT659 1 660

JOINT J660 661 IN660 OUT660
JOINTINLET IN660 1 660
JOINTOUTLET OUT660 1 661

JOINT J661 662 IN661 OUT661
JOINTINLET IN661 1 661
JOINTOUTLET OUT661 1 662

JOINT J662 663 IN662 OUT662
JOINTINLET IN662 1 662
JOINTOUTLET OUT662 1 663

JOINT J663 664 IN663 OUT663
JOINTINLET IN663 1 663
JOINTOUTLET OUT663 1 664

JOINT J664 665 IN664 OUT664
JOINTINLET IN664 1 664
JOINTOUTLET OUT664 1 665

JOINT J665 666 IN665 OUT665
JOINTINLET IN665 1 665
JOINTOUTLET OUT665 1 666

JOINT J666 667 IN666 OUT666
JOINTINLET IN666 1 666
JOINTOUTLET OUT666 1 667

JOINT J667 668 IN667 OUT667
JOINTINLET IN667 1 667
JOINTOUTLET OUT667 1 668

JOINT J668 669 IN668 OUT668
JOINTINLET IN668 1 668
JOINTOUTLET OUT668 1 669

JOINT J669 670 IN669 OUT669
JOINTINLET IN669 1 669
JOINTOUTLET OUT669 1 670

JOINT J670 671 IN670 OUT670
JOINTINLET IN670 1 670
JOINTOUTLET OUT670 1 671

JOINT J671 672 IN671 OUT671
JOINTINLET IN671 1 671
JOINTOUTLET OUT671 1 672

JOINT J672 673 IN672 OUT672
JOINTINLET IN672 1 672
JOINTOUTLET OUT672 1 673

JOINT J673 674 IN673 OUT673
JOINTINLET IN673 1 673
JOINTOUTLET OUT673 1 674

JOINT J674 675 IN674 OUT674
JOINTINLET IN674 1 674
JOINTOUTLET OUT674 1 675

JOINT J675 676 IN675 OUT675
JOINTINLET IN675 1 675
JOINTOUTLET OUT675 1 676

JOINT J676 677 IN676 OUT676
JOINTINLET IN676 1 676
JOINTOUTLET OUT676 1 677

JOINT J677 678 IN677 OUT677
JOINTINLET IN677 1 677
JOINTOUTLET OUT677 1 678

JOINT J678 679 IN678 OUT678
JOINTINLET IN678 1 678
JOINTOUTLET OUT678 1 679

JOINT J679 680 IN679 OUT679
JOINTINLET IN679 1 679
JOINTOUTLET OUT679 1 680

JOINT J680 681 IN680 OUT680
JOINTINLET IN680 1 680
JOINTOUTLET OUT680 1 681

JOINT J681 682 IN681 OUT681
JOINTINLET IN681 1 681
JOINTOUTLET OUT681 1 682

JOINT J682 683 IN682 OUT682
JOINTINLET IN682 1 682
JOINTOUTLET OUT682 1 683

JOINT J683 684 IN683 OUT683
JOINTINLET IN683 1 683
JOINTOUTLET OUT683 1 684

JOINT J684 685 IN684 OUT684
JOINTINLET IN684 1 684
JOINTOUTLET OUT684 1 685

JOINT J685 686 IN685 OUT685
JOINTINLET IN685 1 685
JOINTOUTLET OUT685 1 686

JOINT J686 687 IN686 OUT686
JOINTINLET IN686 1 686
JOINTOUTLET OUT686 1 687

JOINT J687 688 IN687 OUT687
JOINTINLET IN687 1 687
JOINTOUTLET OUT687 1 688

JOINT J688 689 IN688 OUT688
JOINTINLET IN688 1 688
JOINTOUTLET OUT688 1 689

JOINT J689 690 IN689 OUT689
JOINTINLET IN689 1 689
JOINTOUTLET OUT689 1 690

JOINT J690 691 IN690 OUT690
JOINTINLET IN690 1 690
JOINTOUTLET OUT690 1 691

JOINT J691 692 IN691 OUT691
JOINTINLET IN691 1 691
JOINTOUTLET OUT691 1 692

JOINT J692 693 IN692 OUT692
JOINTINLET IN692 1 692
JOINTOUTLET OUT692 1 693

JOINT J693 694 IN693 OUT693
JOINTINLET IN693 1 693
JOINTOUTLET OUT693 1 694

JOINT J694 695 IN694 OUT694
JOINTINLET IN694 1 694
JOINTOUTLET OUT694 1 695

JOINT J695 696 IN695 OUT695
JOINTINLET IN695 1 695
JOINTOUTLET OUT695 1 696

JOINT J696 697 IN696 OUT696
JOINTINLET IN696 1 696
JOINTOUTLET OUT696 1 697

JOINT J697 698 IN697 OUT697
JOINTINLET IN697 1 697
JOINTOUTLET OUT697 1 698

JOINT J698 699 IN698 OUT698
JOINTINLET IN698 1 698
JOINTOUTLET OUT698 1 699

JOINT J699 700 IN699 OUT699
JOINTINLET IN699 1 699
JOINTOUTLET OUT699 1 700

JOINT J700 701 IN700 OUT700
JOINTINLET IN700 1 700
JOINTOUTLET OUT700 1 701

JOINT J701 702 IN701 OUT701
JOINTINLET IN701 1 701
JOINTOUTLET OUT701 1 702

JOINT J702 703 IN702 OUT702
JOINTINLET IN702 1 702
JOINTOUTLET OUT702 1 703

JOINT J703 704 IN703 OUT703
JOINTINLET IN703 1 703
JOINTOUTLET OUT703 1 704

JOINT J704 705 IN704 OUT704
JOINTINLET IN704 1 704
JOINTOUTLET OUT704 1 705

JOINT J705 706 IN705 OUT705
JOINTINLET IN705 1 705
JOINTOUTLET OUT705 1 706

JOINT J706 707 IN706 OUT706
JOINTINLET IN706 1 706
JOINTOUTLET OUT706 1 707

JOINT J707 708 IN707 OUT707
JOINTINLET IN707 1 707
JOINTOUTLET OUT707 1 708

JOINT J708 709 IN708 OUT708
JOINTINLET IN708 1 708
JOINTOUTLET OUT708 1 709

JOINT J709 710 IN709 OUT709
JOINTINLET IN709 1 709
JOINTOUTLET OUT709 1 710

JOINT J710 711 IN710 OUT710
JOINTINLET IN710 1 710
JOINTOUTLET OUT710 1 711

JOINT J711 712 IN711 OUT711
JOINTINLET IN711 1 711
JOINTOUTLET OUT711 1 712

JOINT J712 713 IN712 OUT712
JOINTINLET IN712 1 712
JOINTOUTLET OUT712 1 713

JOINT J713 714 IN713 OUT713
JOINTINLET IN713 1 713
JOINTOUTLET OUT713 1 714

JOINT J714 715 IN714 OUT714
JOINTINLET IN714 1 714
JOINTOUTLET OUT714 1 715

JOINT J715 716 IN715 OUT715
JOINTINLET IN715 1 715
JOINTOUTLET OUT715 1 716

JOINT J716 717 IN716 OUT716
JOINTINLET IN716 1 716
JOINTOUTLET OUT716 1 717

JOINT J717 718 IN717 OUT717
JOINTINLET IN717 1 717
JOINTOUTLET OUT717 1 718

JOINT J718 719 IN718 OUT718
JOINTINLET IN718 1 718
JOINTOUTLET OUT718 1 719

JOINT J719 720 IN719 OUT719
JOINTINLET IN719 1 719
JOINTOUTLET OUT719 1 720

JOINT J720 721 IN720 OUT720
JOINTINLET IN720 1 720
JOINTOUTLET OUT720 1 721

JOINT J721 722 IN721 OUT721
JOINTINLET IN721 1 721
JOINTOUTLET OUT721 1 722

JOINT J722 723 IN722 OUT722
JOINTINLET IN722 1 722
JOINTOUTLET OUT722 1 723

JOINT J723 724 IN723 OUT723
JOINTINLET IN723 1 723
JOINTOUTLET OUT723 1 724

JOINT J724 725 IN724 OUT724
JOINTINLET IN724 1 724
JOINTOUTLET OUT724 1 725

JOINT J725 726 IN725 OUT725
JOINTINLET IN725 1 725
JOINTOUTLET OUT725 1 726

JOINT J726 727 IN726 OUT726
JOINTINLET IN726 1 726
JOINTOUTLET OUT726 1 727

JOINT J727 728 IN727 OUT727
JOINTINLET IN727 1 727
JOINTOUTLET OUT727 1 728

JOINT J728 729 IN728 OUT728
JOINTINLET IN728 1 728
JOINTOUTLET OUT728 1 729

JOINT J729 730 IN729 OUT729
JOINTINLET IN729 1 729
JOINTOUTLET OUT729 1 730

JOINT J730 731 IN730 OUT730
JOINTINLET IN730 1 730
JOINTOUTLET OUT730 1 731

JOINT J731 732 IN731 OUT731
JOINTINLET IN731 1 731
JOINTOUTLET OUT731 1 732

JOINT J732 733 IN732 OUT732
JOINTINLET IN732 1 732
JOINTOUTLET OUT732 1 733

JOINT J733 734 IN733 OUT733
JOINTINLET IN733 1 733
JOINTOUTLET OUT733 1 734

JOINT J734 735 IN734 OUT734
JOINTINLET IN734 1 734
JOINTOUTLET OUT734 1 735

JOINT J735 736 IN735 OUT735
JOINTINLET IN735 1 735
JOINTOUTLET OUT735 1 736

JOINT J736 737 IN736 OUT736
JOINTINLET IN736 1 736
JOINTOUTLET OUT736 1 737

JOINT J737 738 IN737 OUT737
JOINTINLET IN737 1 737
JOINTOUTLET OUT737 1 738

JOINT J738 739 IN738 OUT738
JOINTINLET IN738 1 738
JOINTOUTLET OUT738 1 739

JOINT J739 740 IN739 OUT739
JOINTINLET IN739 1 739
JOINTOUTLET OUT739 1 740

JOINT J740 741 IN740 OUT740
JOINTINLET IN740 1 740
JOINTOUTLET OUT740 1 741

JOINT J741 742 IN741 OUT741
JOINTINLET IN741 1 741
JOINTOUTLET OUT741 1 742

JOINT J742 743 IN742 OUT742
JOINTINLET IN742 1 742
JOINTOUTLET OUT742 1 743

JOINT J743 744 IN743 OUT743
JOINTINLET IN743 1 743
JOINTOUTLET OUT743 1 744

JOINT J744 745 IN744 OUT744
JOINTINLET IN744 1 744
JOINTOUTLET OUT744 1 745

JOINT J745 746 IN745 OUT745
JOINTINLET IN745 1 745
JOINTOUTLET OUT745 1 746

JOINT J746 747 IN746 OUT746
JOINTINLET IN746 1 746
JOINTOUTLET OUT746 1 747

JOINT J747 748 IN747 OUT747
JOINTINLET IN747 1 747
JOINTOUTLET OUT747 1 748

JOINT J748 749 IN748 OUT748
JOINTINLET IN748 1 748
JOINTOUTLET OUT748 1 749

JOINT J749 750 IN749 OUT749
JOINTINLET IN749 1 749
JOINTOUTLET OUT749 1 750

JOINT J750 751 IN750 OUT750
JOINTINLET IN750 1 750
JOINTOUTLET OUT750 1 751

JOINT J751 752 IN751 OUT751
JOINTINLET IN751 1 751
JOINTOUTLET OUT751 1 752

JOINT J752 753 IN752 OUT752
JOINTINLET IN752 1 752
JOINTOUTLET OUT752 1 753

JOINT J753 754 IN753 OUT753
JOINTINLET IN753 1 753
JOINTOUTLET OUT753 1 754

JOINT J754 755 IN754 OUT754
JOINTINLET IN754 1 754
JOINTOUTLET OUT754 1 755

JOINT J755 756 IN755 OUT755
JOINTINLET IN755 1 755
JOINTOUTLET OUT755 1 756

JOINT J756 757 IN756 OUT756
JOINTINLET IN756 1 756
JOINTOUTLET OUT756 1 757

JOINT J757 758 IN757 OUT757
JOINTINLET IN757 1 757
JOINTOUTLET OUT757 1 758

JOINT J758 759 IN758 OUT758
JOINTINLET IN758 1 758
JOINTOUTLET OUT758 1 759

JOINT J759 760 IN759 OUT759
JOINTINLET IN759 1 759
JOINTOUTLET OUT759 1 760

JOINT J760 761 IN760 OUT760
JOINTINLET IN760 1 760
JOINTOUTLET OUT760 1 761

JOINT J761 762 IN761 OUT761
JOINTINLET IN761 1 761
JOINTOUTLET OUT761 1 762

JOINT J762 763 IN762 OUT762
JOINTINLET IN762 1 762
JOINTOUTLET OUT762 1 763

JOINT J763 764 IN763 OUT763
JOINTINLET IN763 1 763
JOINTOUTLET OUT763 1 764

JOINT J764 765 IN764 OUT764
JOINTINLET IN764 1 764
JOINTOUTLET OUT764 1 765

JOINT J765 766 IN765 OUT765
JOINTINLET IN765 1 765
JOINTOUTLET OUT765 1 766

JOINT J766 767 IN766 OUT766
JOINTINLET IN766 1 766
JOINTOUTLET OUT766 1 767

JOINT J767 768 IN767 OUT767
JOINTINLET IN767 1 767
JOINTOUTLET OUT767 1 768

JOINT J768 769 IN768 OUT768
JOINTINLET IN768 1 768
JOINTOUTLET OUT768 1 769

JOINT J769 770 IN769 OUT769
JOINTINLET IN769 1 769
JOINTOUTLET OUT769 1 770

JOINT J770 771 IN770 OUT770
JOINTINLET IN770 1 770
JOINTOUTLET OUT770 1 771

JOINT J771 772 IN771 OUT771
JOINTINLET IN771 1 771
JOINTOUTLET OUT771 1 772

JOINT J772 773 IN772 OUT772
JOINTINLET IN772 1 772
JOINTOUTLET OUT772 1 773

JOINT J773 774 IN773 OUT773
JOINTINLET IN773 1 773
JOINTOUTLET OUT773 1 774

JOINT J774 775 IN774 OUT774
JOINTINLET IN774 1 774
JOINTOUTLET OUT774 1 775

JOINT J775 776 IN775 OUT775
JOINTINLET IN775 1 775
JOINTOUTLET OUT775 1 776

JOINT J776 777 IN776 OUT776
JOINTINLET IN776 1 776
JOINTOUTLET OUT776 1 777

JOINT J777 778 IN777 OUT777
JOINTINLET IN777 1 777
JOINTOUTLET OUT777 1 778

JOINT J778 779 IN778 OUT778
JOINTINLET IN778 1 778
JOINTOUTLET OUT778 1 779

JOINT J779 780 IN779 OUT779
JOINTINLET IN779 1 779
JOINTOUTLET OUT779 1 780

JOINT J780 781 IN780 OUT780
JOINTINLET IN780 1 780
JOINTOUTLET OUT780 1 781

JOINT J781 782 IN781 OUT781
JOINTINLET IN781 1 781
JOINTOUTLET OUT781 1 782

JOINT J782 783 IN782 OUT782
JOINTINLET IN782 1 782
JOINTOUTLET OUT782 1 783

JOINT J783 784 IN783 OUT783
JOINTINLET IN783 1 783
JOINTOUTLET OUT783 1 784

JOINT J784 785 IN784 OUT784
JOINTINLET IN784 1 784
JOINTOUTLET OUT784 1 785

JOINT J785 786 IN785 OUT785
JOINTINLET IN785 1 785
JOINTOUTLET OUT785 1 786

JOINT J786 787 IN786 OUT786
JOINTINLET IN786 1 786
JOINTOUTLET OUT786 1 787

JOINT J787 788 IN787 OUT787
JOINTINLET IN787 1 787
JOINTOUTLET OUT787 1 788

JOINT J788 789 IN788 OUT788
JOINTINLET IN788 1 788
JOINTOUTLET OUT788 1 789

JOINT J789 790 IN789 OUT789
JOINTINLET IN789 1 789
JOINTOUTLET OUT789 1 790

JOINT J790 791 IN790 OUT790
JOINTINLET IN790 1 790
JOINTOUTLET OUT790 1 791

JOINT J791 792 IN791 OUT791
JOINTINLET IN791 1 791
JOINTOUTLET OUT791 1 792

JOINT J792 793 IN792 OUT792
JOINTINLET IN792 1 792
JOINTOUTLET OUT792 1 793

JOINT J793 794 IN793 OUT793
JOINTINLET IN793 1 793
JOINTOUTLET OUT793 1 794

JOINT J794 795 IN794 OUT794
JOINTINLET IN794 1 794
JOINTOUTLET OUT794 1 795

JOINT J795 796 IN795 OUT795
JOINTINLET IN795 1 795
JOINTOUTLET OUT795 1 796

JOINT J796 797 IN796 OUT796
JOINTINLET IN796 1 796
JOINTOUTLET OUT796 1 797

JOINT J797 798 IN797 OUT797
JOINTINLET IN797 1 797
JOINTOUTLET OUT797 1 798

JOINT J798 799 IN798 OUT798
JOINTINLET IN798 1 798
JOINTOUTLET OUT798 1 799

JOINT J799 800 IN799 OUT799
JOINTINLET IN799 1 799
JOINTOUTLET OUT799 1 800

JOINT J800 801 IN800 OUT800
JOINTINLET IN800 1 800
JOINTOUTLET OUT800 1 801

JOINT J801 802 IN801 OUT801
JOINTINLET IN801 1 801
JOINTOUTLET OUT801 1 802

JOINT J802 803 IN802 OUT802
JOINTINLET IN802 1 802
JOINTOUTLET OUT802 1 803

JOINT J803 804 IN803 OUT803
JOINTINLET IN803 1 803
JOINTOUTLET OUT803 1 804

JOINT J804 805 IN804 OUT804
JOINTINLET IN804 1 804
JOINTOUTLET OUT804 1 805

JOINT J805 806 IN805 OUT805
JOINTINLET IN805 1 805
JOINTOUTLET OUT805 1 806

JOINT J806 807 IN806 OUT806
JOINTINLET IN806 1 806
JOINTOUTLET OUT806 1 807

JOINT J807 808 IN807 OUT807
JOINTINLET IN807 1 807
JOINTOUTLET OUT807 1 808

JOINT J808 809 IN808 OUT808
JOINTINLET IN808 1 808
JOINTOUTLET OUT808 1 809

JOINT J809 810 IN809 OUT809
JOINTINLET IN809 1 809
JOINTOUTLET OUT809 1 810

JOINT J810 811 IN810 OUT810
JOINTINLET IN810 1 810
JOINTOUTLET OUT810 1 811

JOINT J811 812 IN811 OUT811
JOINTINLET IN811 1 811
JOINTOUTLET OUT811 1 812

JOINT J812 813 IN812 OUT812
JOINTINLET IN812 1 812
JOINTOUTLET OUT812 1 813

JOINT J813 814 IN813 OUT813
JOINTINLET IN813 1 813
JOINTOUTLET OUT813 1 814

JOINT J814 815 IN814 OUT814
JOINTINLET IN814 1 814
JOINTOUTLET OUT814 1 815

JOINT J815 816 IN815 OUT815
JOINTINLET IN815 1 815
JOINTOUTLET OUT815 1 816

JOINT J816 817 IN816 OUT816
JOINTINLET IN816 1 816
JOINTOUTLET OUT816 1 817

JOINT J817 818 IN817 OUT817
JOINTINLET IN817 1 817
JOINTOUTLET OUT817 1 818

JOINT J818 819 IN818 OUT818
JOINTINLET IN818 1 818
JOINTOUTLET OUT818 1 819

JOINT J819 820 IN819 OUT819
JOINTINLET IN819 1 819
JOINTOUTLET OUT819 1 820

JOINT J820 821 IN820 OUT820
JOINTINLET IN820 1 820
JOINTOUTLET OUT820 1 821

JOINT J821 822 IN821 OUT821
JOINTINLET IN821 1 821
JOINTOUTLET OUT821 1 822

JOINT J822 823 IN822 OUT822
JOINTINLET IN822 1 822
JOINTOUTLET OUT822 1 823

JOINT J823 824 IN823 OUT823
JOINTINLET IN823 1 823
JOINTOUTLET OUT823 1 824

JOINT J824 825 IN824 OUT824
JOINTINLET IN824 1 824
JOINTOUTLET OUT824 1 825

JOINT J825 826 IN825 OUT825
JOINTINLET IN825 1 825
JOINTOUTLET OUT825 1 826

JOINT J826 827 IN826 OUT826
JOINTINLET IN826 1 826
JOINTOUTLET OUT826 1 827

JOINT J827 828 IN827 OUT827
JOINTINLET IN827 1 827
JOINTOUTLET OUT827 1 828

JOINT J828 829 IN828 OUT828
JOINTINLET IN828 1 828
JOINTOUTLET OUT828 1 829

JOINT J829 830 IN829 OUT829
JOINTINLET IN829 1 829
JOINTOUTLET OUT829 1 830

JOINT J830 831 IN830 OUT830
JOINTINLET IN830 1 830
JOINTOUTLET OUT830 1 831

JOINT J831 832 IN831 OUT831
JOINTINLET IN831 1 831
JOINTOUTLET OUT831 1 832

JOINT J832 833 IN832 OUT832
JOINTINLET IN832 1 832
JOINTOUTLET OUT832 1 833

JOINT J833 834 IN833 OUT833
JOINTINLET IN833 1 833
JOINTOUTLET OUT833 1 834

JOINT J834 835 IN834 OUT834
JOINTINLET IN834 1 834
JOINTOUTLET OUT834 1 835

JOINT J835 836 IN835 OUT835
JOINTINLET IN835 1 835
JOINTOUTLET OUT835 1 836

JOINT J836 837 IN836 OUT836
JOINTINLET IN836 1 836
JOINTOUTLET OUT836 1 837

JOINT J837 838 IN837 OUT837
JOINTINLET IN837 1 837
JOINTOUTLET OUT837 1 838

JOINT J838 839 IN838 OUT838
JOINTINLET IN838 1 838
JOINTOUTLET OUT838 1 839

JOINT J839 840 IN839 OUT839
JOINTINLET IN839 1 839
JOINTOUTLET OUT839 1 840

JOINT J840 841 IN840 OUT840
JOINTINLET IN840 1 840
JOINTOUTLET OUT840 1 841

JOINT J841 842 IN841 OUT841
JOINTINLET IN841 1 841
JOINTOUTLET OUT841 1 842

JOINT J842 843 IN842 OUT842
JOINTINLET IN842 1 842
JOINTOUTLET OUT842 1 843

JOINT J843 844 IN843 OUT843
JOINTINLET IN843 1 843
JOINTOUTLET OUT843 1 844

JOINT J844 845 IN844 OUT844
JOINTINLET IN844 1 844
JOINTOUTLET OUT844 1 845

JOINT J845 846 IN845 OUT845
JOINTINLET IN845 1 845
JOINTOUTLET OUT845 1 846

JOINT J846 847 IN846 OUT846
JOINTINLET IN846 1 846
JOINTOUTLET OUT846 1 847

JOINT J847 848 IN847 OUT847
JOINTINLET IN847 1 847
JOINTOUTLET OUT847 1 848

JOINT J848 849 IN848 OUT848
JOINTINLET IN848 1 848
JOINTOUTLET OUT848 1 849

JOINT J849 850 IN849 OUT849
JOINTINLET IN849 1 849
JOINTOUTLET OUT849 1 850

JOINT J850 851 IN850 OUT850
JOINTINLET IN850 1 850
JOINTOUTLET OUT850 1 851

JOINT J851 852 IN851 OUT851
JOINTINLET IN851 1 851
JOINTOUTLET OUT851 1 852

JOINT J852 853 IN852 OUT852
JOINTINLET IN852 1 852
JOINTOUTLET OUT852 1 853

JOINT J853 854 IN853 OUT853
JOINTINLET IN853 1 853
JOINTOUTLET OUT853 1 854

JOINT J854 855 IN854 OUT854
JOINTINLET IN854 1 854
JOINTOUTLET OUT854 1 855

JOINT J855 856 IN855 OUT855
JOINTINLET IN855 1 855
JOINTOUTLET OUT855 1 856

JOINT J856 857 IN856 OUT856
JOINTINLET IN856 1 856
JOINTOUTLET OUT856 1 857

JOINT J857 858 IN857 OUT857
JOINTINLET IN857 1 857
JOINTOUTLET OUT857 1 858

JOINT J858 859 IN858 OUT858
JOINTINLET IN858 1 858
JOINTOUTLET OUT858 1 859

JOINT J859 860 IN859 OUT859
JOINTINLET IN859 1 859
JOINTOUTLET OUT859 1 860

JOINT J860 861 IN860 OUT860
JOINTINLET IN860 1 860
JOINTOUTLET OUT860 1 861

JOINT J861 862 IN861 OUT861
JOINTINLET IN861 1 861
JOINTOUTLET OUT861 1 862

JOINT J862 863 IN862 OUT862
JOINTINLET IN862 1 862
JOINTOUTLET OUT862 1 863

JOINT J863 864 IN863 OUT863
JOINTINLET IN863 1 863
JOINTOUTLET OUT863 1 864

JOINT J864 865 IN864 OUT864
JOINTINLET IN864 1 864
JOINTOUTLET OUT864 1 865

JOINT J865 866 IN865 OUT865
JOINTINLET IN865 1 865
JOINTOUTLET OUT865 1 866

JOINT J866 867 IN866 OUT866
JOINTINLET IN866 1 866
JOINTOUTLET OUT866 1 867

JOINT J867 868 IN867 OUT867
JOINTINLET IN867 1 867
JOINTOUTLET OUT867 1 868

JOINT J868 869 IN868 OUT868
JOINTINLET IN868 1 868
JOINTOUTLET OUT868 1 869

JOINT J869 870 IN869 OUT869
JOINTINLET IN869 1 869
JOINTOUTLET OUT869 1 870

JOINT J870 871 IN870 OUT870
JOINTINLET IN870 1 870
JOINTOUTLET OUT870 1 871

JOINT J871 872 IN871 OUT871
JOINTINLET IN871 1 871
JOINTOUTLET OUT871 1 872

JOINT J872 873 IN872 OUT872
JOINTINLET IN872 1 872
JOINTOUTLET OUT872 1 873

JOINT J873 874 IN873 OUT873
JOINTINLET IN873 1 873
JOINTOUTLET OUT873 1 874

JOINT J874 875 IN874 OUT874
JOINTINLET IN874 1 874
JOINTOUTLET OUT874 1 875

JOINT J875 876 IN875 OUT875
JOINTINLET IN875 1 875
JOINTOUTLET OUT875 1 876

JOINT J876 877 IN876 OUT876
JOINTINLET IN876 1 876
JOINTOUTLET OUT876 1 877

JOINT J877 878 IN877 OUT877
JOINTINLET IN877 1 877
JOINTOUTLET OUT877 1 878

JOINT J878 879 IN878 OUT878
JOINTINLET IN878 1 878
JOINTOUTLET OUT878 1 879

JOINT J879 880 IN879 OUT879
JOINTINLET IN879 1 879
JOINTOUTLET OUT879 1 880

JOINT J880 881 IN880 OUT880
JOINTINLET IN880 1 880
JOINTOUTLET OUT880 1 881

JOINT J881 882 IN881 OUT881
JOINTINLET IN881 1 881
JOINTOUTLET OUT881 1 882

JOINT J882 883 IN882 OUT882
JOINTINLET IN882 1 882
JOINTOUTLET OUT882 1 883

JOINT J883 884 IN883 OUT883
JOINTINLET IN883 1 883
JOINTOUTLET OUT883 1 884

JOINT J884 885 IN884 OUT884
JOINTINLET IN884 1 884
JOINTOUTLET OUT884 1 885

JOINT J885 886 IN885 OUT885
JOINTINLET IN885 1 885
JOINTOUTLET OUT885 1 886

JOINT J886 887 IN886 OUT886
JOINTINLET IN886 1 886
JOINTOUTLET OUT886 1 887

JOINT J887 888 IN887 OUT887
JOINTINLET IN887 1 887
JOINTOUTLET OUT887 1 888

JOINT J888 889 IN888 OUT888
JOINTINLET IN888 1 888
JOINTOUTLET OUT888 1 889

JOINT J889 890 IN889 OUT889
JOINTINLET IN889 1 889
JOINTOUTLET OUT889 1 890

JOINT J890 891 IN890 OUT890
JOINTINLET IN890 1 890
JOINTOUTLET OUT890 1 891

JOINT J891 892 IN891 OUT891
JOINTINLET IN891 1 891
JOINTOUTLET OUT891 1 892

JOINT J892 893 IN892 OUT892
JOINTINLET IN892 1 892
JOINTOUTLET OUT892 1 893

JOINT J893 894 IN893 OUT893
JOINTINLET IN893 1 893
JOINTOUTLET OUT893 1 894

JOINT J894 895 IN894 OUT894
JOINTINLET IN894 1 894
JOINTOUTLET OUT894 1 895

JOINT J895 896 IN895 OUT895
JOINTINLET IN895 1 895
JOINTOUTLET OUT895 1 896

JOINT J896 897 IN896 OUT896
JOINTINLET IN896 1 896
JOINTOUTLET OUT896 1 897

JOINT J897 898 IN897 OUT897
JOINTINLET IN897 1 897
JOINTOUTLET OUT897 1 898

JOINT J898 899 IN898 OUT898
JOINTINLET IN898 1 898
JOINTOUTLET OUT898 1 899

JOINT J899 900 IN899 OUT899
JOINTINLET IN899 1 899
JOINTOUTLET OUT899 1 900

JOINT J900 901 IN900 OUT900
JOINTINLET IN900 1 900
JOINTOUTLET OUT900 1 901

JOINT J901 902 IN901 OUT901
JOINTINLET IN901 1 901
JOINTOUTLET OUT901 1 902

JOINT J902 903 IN902 OUT902
JOINTINLET IN902 1 902
JOINTOUTLET OUT902 1 903

JOINT J903 904 IN903 OUT903
JOINTINLET IN903 1 903
JOINTOUTLET OUT903 1 904

JOINT J904 905 IN904 OUT904
JOINTINLET IN904 1 904
JOINTOUTLET OUT904 1 905

JOINT J905 906 IN905 OUT905
JOINTINLET IN905 1 905
JOINTOUTLET OUT905 1 906

JOINT J906 907 IN906 OUT906
JOINTINLET IN906 1 906
JOINTOUTLET OUT906 1 907

JOINT J907 908 IN907 OUT907
JOINTINLET IN907 1 907
JOINTOUTLET OUT907 1 908

JOINT J908 909 IN908 OUT908
JOINTINLET IN908 1 908
JOINTOUTLET OUT908 1 909

JOINT J909 910 IN909 OUT909
JOINTINLET IN909 1 909
JOINTOUTLET OUT909 1 910

JOINT J910 911 IN910 OUT910
JOINTINLET IN910 1 910
JOINTOUTLET OUT910 1 911

JOINT J911 912 IN911 OUT911
JOINTINLET IN911 1 911
JOINTOUTLET OUT911 1 912

JOINT J912 913 IN912 OUT912
JOINTINLET IN912 1 912
JOINTOUTLET OUT912 1 913

JOINT J913 914 IN913 OUT913
JOINTINLET IN913 1 913
JOINTOUTLET OUT913 1 914

JOINT J914 915 IN914 OUT914
JOINTINLET IN914 1 914
JOINTOUTLET OUT914 1 915

JOINT J915 916 IN915 OUT915
JOINTINLET IN915 1 915
JOINTOUTLET OUT915 1 916

JOINT J916 917 IN916 OUT916
JOINTINLET IN916 1 916
JOINTOUTLET OUT916 1 917

JOINT J917 918 IN917 OUT917
JOINTINLET IN917 1 917
JOINTOUTLET OUT917 1 918

JOINT J918 919 IN918 OUT918
JOINTINLET IN918 1 918
JOINTOUTLET OUT918 1 919

JOINT J919 920 IN919 OUT919
JOINTINLET IN919 1 919
JOINTOUTLET OUT919 1 920

JOINT J920 921 IN920 OUT920
JOINTINLET IN920 1 920
JOINTOUTLET OUT920 1 921

JOINT J921 922 IN921 OUT921
JOINTINLET IN921 1 921
JOINTOUTLET OUT921 1 922

JOINT J922 923 IN922 OUT922
JOINTINLET IN922 1 922
JOINTOUTLET OUT922 1 923

JOINT J923 924 IN923 OUT923
JOINTINLET IN923 1 923
JOINTOUTLET OUT923 1 924

JOINT J924 925 IN924 OUT924
JOINTINLET IN924 1 924
JOINTOUTLET OUT924 1 925

JOINT J925 926 IN925 OUT925
JOINTINLET IN925 1 925
JOINTOUTLET OUT925 1 926

JOINT J926 927 IN926 OUT926
JOINTINLET IN926 1 926
JOINTOUTLET OUT926 1 927

JOINT J927 928 IN927 OUT927
JOINTINLET IN927 1 927
JOINTOUTLET OUT927 1 928

JOINT J928 929 IN928 OUT928
JOINTINLET IN928 1 928
JOINTOUTLET OUT928 1 929

JOINT J929 930 IN929 OUT929
JOINTINLET IN929 1 929
JOINTOUTLET OUT929 1 930

JOINT J930 931 IN930 OUT930
JOINTINLET IN930 1 930
JOINTOUTLET OUT930 1 931

JOINT J931 932 IN931 OUT931
JOINTINLET IN931 1 931
JOINTOUTLET OUT931 1 932

JOINT J932 933 IN932 OUT932
JOINTINLET IN932 1 932
JOINTOUTLET OUT932 1 933

JOINT J933 934 IN933 OUT933
JOINTINLET IN933 1 933
JOINTOUTLET OUT933 1 934

JOINT J934 935 IN934 OUT934
JOINTINLET IN934 1 934
JOINTOUTLET OUT934 1 935

JOINT J935 936 IN935 OUT935
JOINTINLET IN935 1 935
JOINTOUTLET OUT935 1 936

JOINT J936 937 IN936 OUT936
JOINTINLET IN936 1 936
JOINTOUTLET OUT936 1 937

JOINT J937 938 IN937 OUT937
JOINTINLET IN937 1 937
JOINTOUTLET OUT937 1 938

JOINT J938 939 IN938 OUT938
JOINTINLET IN938 1 938
JOINTOUTLET OUT938 1 939

JOINT J939 940 IN939 OUT939
JOINTINLET IN939 1 939
JOINTOUTLET OUT939 1 940

JOINT J940 941 IN940 OUT940
JOINTINLET IN940 1 940
JOINTOUTLET OUT940 1 941

JOINT J941 942 IN941 OUT941
JOINTINLET IN941 1 941
JOINTOUTLET OUT941 1 942

JOINT J942 943 IN942 OUT942
JOINTINLET IN942 1 942
JOINTOUTLET OUT942 1 943

JOINT J943 944 IN943 OUT943
JOINTINLET IN943 1 943
JOINTOUTLET OUT943 1 944

JOINT J944 945 IN944 OUT944
JOINTINLET IN944 1 944
JOINTOUTLET OUT944 1 945

JOINT J945 946 IN945 OUT945
JOINTINLET IN945 1 945
JOINTOUTLET OUT945 1 946

JOINT J946 947 IN946 OUT946
JOINTINLET IN946 1 946
JOINTOUTLET OUT946 1 947

JOINT J947 948 IN947 OUT947
JOINTINLET IN947 1 947
JOINTOUTLET OUT947 1 948

JOINT J948 949 IN948 OUT948
JOINTINLET IN948 1 948
JOINTOUTLET OUT948 1 949

JOINT J949 950 IN949 OUT949
JOINTINLET IN949 1 949
JOINTOUTLET OUT949 1 950

JOINT J950 951 IN950 OUT950
JOINTINLET IN950 1 950
JOINTOUTLET OUT950 1 951

JOINT J951 952 IN951 OUT951
JOINTINLET IN951 1 951
JOINTOUTLET OUT951 1 952

JOINT J952 953 IN952 OUT952
JOINTINLET IN952 1 952
JOINTOUTLET OUT952 1 953

JOINT J953 954 IN953 OUT953
JOINTINLET IN953 1 953
JOINTOUTLET OUT953 1 954

JOINT J954 955 IN954 OUT954
JOINTINLET IN954 1 954
JOINTOUTLET OUT954 1 955

JOINT J955 956 IN955 OUT955
JOINTINLET IN955 1 955
JOINTOUTLET OUT955 1 956

JOINT J956 957 IN956 OUT956
JOINTINLET IN956 1 956
JOINTOUTLET OUT956 1 957

JOINT J957 958 IN957 OUT957
JOINTINLET IN957 1 957
JOINTOUTLET OUT957 1 958

JOINT J958 959 IN958 OUT958
JOINTINLET IN958 1 958
JOINTOUTLET OUT958 1 959

JOINT J959 960 IN959 OUT959
JOINTINLET IN959 1 959
JOINTOUTLET OUT959 1 960

JOINT J960 961 IN960 OUT960
JOINTINLET IN960 1 960
JOINTOUTLET OUT960 1 961

JOINT J961 962 IN961 OUT961
JOINTINLET IN961 1 961
JOINTOUTLET OUT961 1 962

JOINT J962 963 IN962 OUT962
JOINTINLET IN962 1 962
JOINTOUTLET OUT962 1 963

JOINT J963 964 IN963 OUT963
JOINTINLET IN963 1 963
JOINTOUTLET OUT963 1 964

JOINT J964 965 IN964 OUT964
JOINTINLET IN964 1 964
JOINTOUTLET OUT964 1 965

JOINT J965 966 IN965 OUT965
JOINTINLET IN965 1 965
JOINTOUTLET OUT965 1 966

JOINT J966 967 IN966 OUT966
JOINTINLET IN966 1 966
JOINTOUTLET OUT966 1 967

JOINT J967 968 IN967 OUT967
JOINTINLET IN967 1 967
JOINTOUTLET OUT967 1 968

JOINT J968 969 IN968 OUT968
JOINTINLET IN968 1 968
JOINTOUTLET OUT968 1 969

JOINT J969 970 IN969 OUT969
JOINTINLET IN969 1 969
JOINTOUTLET OUT969 1 970

JOINT J970 971 IN970 OUT970
JOINTINLET IN970 1 970
JOINTOUTLET OUT970 1 971

JOINT J971 972 IN971 OUT971
JOINTINLET IN971 1 971
JOINTOUTLET OUT971 1 972

JOINT J972 973 IN972 OUT972
JOINTINLET IN972 1 972
JOINTOUTLET OUT972 1 973

JOINT J973 974 IN973 OUT973
JOINTINLET IN973 1 973
JOINTOUTLET OUT973 1 974

JOINT J974 975 IN974 OUT974
JOINTINLET IN974 1 974
JOINTOUTLET OUT974 1 975

JOINT J975 976 IN975 OUT975
JOINTINLET IN975 1 975
JOINTOUTLET OUT975 1 976

JOINT J976 977 IN976 OUT976
JOINTINLET IN976 1 976
JOINTOUTLET OUT976 1 977

JOINT J977 978 IN977 OUT977
JOINTINLET IN977 1 977
JOINTOUTLET OUT977 1 978

JOINT J978 979 IN978 OUT978
JOINTINLET IN978 1 978
JOINTOUTLET OUT978 1 979

JOINT J979 980 IN979 OUT979
JOINTINLET IN979 1 979
JOINTOUTLET OUT979 1 980

JOINT J980 981 IN980 OUT980
JOINTINLET IN980 1 980
JOINTOUTLET OUT980 1 981

JOINT J981 982 IN981 OUT981
JOINTINLET IN981 1 981
JOINTOUTLET OUT981 1 982

JOINT J982 983 IN982 OUT982
JOINTINLET IN982 1 982
JOINTOUTLET OUT982 1 983

JOINT J983 984 IN983 OUT983
JOINTINLET IN983 1 983
JOINTOUTLET OUT983 1 984

JOINT J984 985 IN984 OUT984
JOINTINLET IN984 1 984
JOINTOUTLET OUT984 1 985

JOINT J985 986 IN985 OUT985
JOINTINLET IN985 1 985
JOINTOUTLET OUT985 1 986

JOINT J986 987 IN986 OUT986
JOINTINLET IN986 1 986
JOINTOUTLET OUT986 1 987

JOINT J987 988 IN987 OUT987
JOINTINLET IN987 1 987
JOINTOUTLET OUT987 1 988

JOINT J988 989 IN988 OUT988
JOINTINLET IN988 1 988
JOINTOUTLET OUT988 1 989

JOINT J989 990 IN989 OUT989
JOINTINLET IN989 1 989
JOINTOUTLET OUT989 1 990

JOINT J990 991 IN990 OUT990
JOINTINLET IN990 1 990
JOINTOUTLET OUT990 1 991

JOINT J991 992 IN991 OUT991
JOINTINLET IN991 1 991
JOINTOUTLET OUT991 1 992

JOINT J992 993 IN992 OUT992
JOINTINLET IN992 1 992
JOINTOUTLET OUT992 1 993

JOINT J993 994 IN993 OUT993
JOINTINLET IN993 1 993
JOINTOUTLET OUT993 1 994

JOINT J994 995 IN994 OUT994
JOINTINLET IN994 1 994
JOINTOUTLET OUT994 1 995

JOINT J995 996 IN995 OUT995
JOINTINLET IN995 1 995
JOINTOUTLET OUT995 1 996

JOINT J996 997 IN996 OUT996
JOINTINLET IN996 1 996
JOINTOUTLET OUT996 1 997

JOINT J997 998 IN997 OUT997
JOINTINLET IN997 1 997
JOINTOUTLET OUT997 1 998

JOINT J998 999 IN998 OUT998
JOINTINLET IN998 1 998
JOINTOUTLET OUT998 1 999

# ============
# SEGMENT CARD
# ============
# - Segment Name (string)
# - Segment ID (int)
# - Segment Length (double)
# - Total Finite Elements in Segment (int)
# - Segment Inlet Node (int)
# - Segment Outlet Node (int)
# - Segment Inlet Area (double)
# - Segment Outlet Area (double)
# - Segment Inflow Value (double)
# - Segment Material (string)
# - Type of Loss (string - 'NONE','STENOSIS','BRANCH_THROUGH_DIVIDING','BRANCH_SIDE_DIVIDING','BRANCH_THROUGH_CONVERGING',
#                          'BRANCH_SIDE_CONVERGING','BIFURCATION_BRANCH')
# - Branch Angle (double)
# - Upstream Segment ID (int)
# - Branch Segment ID (int)
# - Boundary Condition Type (string - 'NOBOUND','PRESSURE','AREA','FLOW','RESISTANCE','RESISTANCE_TIME','PRESSURE_WAVE',
#                                     'WAVE','RCR','CORONARY','IMPEDANCE','PULMONARY')
# - Data Table Name (string)

SEGMENT branch0_seg0 0 0.013320333285211886 1000 0 1 0.015288595526883775 0.015288595526883775 0.0 MAT1 NONE 0.0 0 0 NOBOUND NONE
SEGMENT branch0_seg1 1 0.013320333285211886 1000 1 2 0.015288595526883775 0.015288595526883775 0.0 MAT1 STENOSIS 0.0 0 0 NOBOUND NONE
SEGMENT branch0_seg2 2 0.013320333285211882 1000 2 3 0.04528198541972469 0.04528198541972469 0.0 MAT1 STENOSIS 0.0 1 0 NOBOUND NONE
SEGMENT branch0_seg3 3 0.013320333285211889 1000 3 4 0.04528198541972469 0.04528198541972469 0.0 MAT1 STENOSIS 0.0 2 0 NOBOUND NONE
SEGMENT branch0_seg4 4 0.013320333285211882 1000 4 5 0.04528198541972469 0.04528198541972469 0.0 MAT1 STENOSIS 0.0 3 0 NOBOUND NONE
SEGMENT branch0_seg5 5 0.013320333285211894 1000 5 6 0.04528198541972469 0.04528198541972469 0.0 MAT1 STENOSIS 0.0 4 0 NOBOUND NONE
SEGMENT branch0_seg6 6 0.013320333285211894 1000 6 7 0.048727428133855805 0.048727428133855805 0.0 MAT1 STENOSIS 0.0 5 0 NOBOUND NONE
SEGMENT branch0_seg7 7 0.013320333285211894 1000 7 8 0.048727428133855805 0.048727428133855805 0.0 MAT1 STENOSIS 0.0 6 0 NOBOUND NONE
SEGMENT branch0_seg8 8 0.013320333285211894 1000 8 9 0.048727428133855805 0.048727428133855805 0.0 MAT1 STENOSIS 0.0 7 0 NOBOUND NONE
SEGMENT branch0_seg9 9 0.013320333285211847 10 9 10 0.0487506764153398 0.03884265262487788 0.0 MAT1 STENOSIS 0.0 8 0 NOBOUND NONE
SEGMENT branch0_seg10 10 0.013320333285211894 5 10 11 0.048760720493854805 0.0487683333932541 0.0 MAT1 STENOSIS 0.0 9 0 NOBOUND NONE
SEGMENT branch0_seg11 11 0.013320333285211894 5 11 12 0.04876887796606573 0.04875892352088657 0.0 MAT1 STENOSIS 0.0 10 0 NOBOUND NONE
SEGMENT branch0_seg12 12 0.013320333285211894 5 12 13 0.04876007550687937 0.048737540632916874 0.0 MAT1 STENOSIS 0.0 11 0 NOBOUND NONE
SEGMENT branch0_seg13 13 0.013320333285211894 5 13 14 0.04873217498088756 0.04871685204088484 0.0 MAT1 STENOSIS 0.0 12 0 NOBOUND NONE
SEGMENT branch0_seg14 14 0.013320333285211872 5 14 15 0.0487174639863698 0.04663093598820177 0.0 MAT1 STENOSIS 0.0 13 0 NOBOUND NONE
SEGMENT branch0_seg15 15 0.013320333285211917 17 15 16 0.048705776820284256 0.01979175900109392 0.0 MAT1 STENOSIS 0.0 14 0 NOBOUND NONE
SEGMENT branch0_seg16 16 0.013320333285211894 15 16 17 0.02668944172504733 0.048700549582454594 0.0 MAT1 STENOSIS 0.0 15 0 NOBOUND NONE
SEGMENT branch0_seg17 17 0.013320333285211894 5 17 18 0.04869708576503117 0.04869175924135156 0.0 MAT1 STENOSIS 0.0 16 0 NOBOUND NONE
SEGMENT branch0_seg18 18 0.013320333285211847 5 18 19 0.04869333908598237 0.048698059075354405 0.0 MAT1 STENOSIS 0.0 17 0 NOBOUND NONE
SEGMENT branch0_seg19 19 0.013320333285211941 5 19 20 0.048704804319973836 0.04870435485335697 0.0 MAT1 STENOSIS 0.0 18 0 NOBOUND NONE
SEGMENT branch0_seg20 20 0.013320333285211894 15 20 21 0.048704526128488905 0.04869962798496364 0.0 MAT1 STENOSIS 0.0 19 0 NOBOUND NONE
SEGMENT branch0_seg21 21 0.013320333285211847 5 21 22 0.04870268697492008 0.04872410458411997 0.0 MAT1 STENOSIS 0.0 20 0 NOBOUND NONE
SEGMENT branch0_seg22 22 0.013320333285211894 10 22 23 0.048722601941240354 0.04873808232169016 0.0 MAT1 STENOSIS 0.0 21 0 NOBOUND NONE
SEGMENT branch0_seg23 23 0.013320333285211894 7 23 24 0.04873751274375547 0.048729960979809576 0.0 MAT1 STENOSIS 0.0 22 0 NOBOUND NONE
SEGMENT branch0_seg24 24 0.013320333285211894 5 24 25 0.04872807224871032 0.04873075201971609 0.0 MAT1 STENOSIS 0.0 23 0 NOBOUND NONE
SEGMENT branch0_seg25 25 0.013320333285211941 5 25 26 0.04873269380316967 0.04872251176333581 0.0 MAT1 STENOSIS 0.0 24 0 NOBOUND NONE
SEGMENT branch0_seg26 26 0.013320333285211847 5 26 27 0.04871798542992109 0.04871261790944704 0.0 MAT1 STENOSIS 0.0 25 0 NOBOUND NONE
SEGMENT branch0_seg27 27 0.013320333285211894 5 27 28 0.04870555499993081 0.04869867848485049 0.0 MAT1 STENOSIS 0.0 26 0 NOBOUND NONE
SEGMENT branch0_seg28 28 0.013320333285211894 14 28 29 0.04869578063867686 0.029624687151009476 0.0 MAT1 STENOSIS 0.0 27 0 NOBOUND NONE
SEGMENT branch0_seg29 29 0.013320333285211847 5 29 30 0.048698046682774325 0.04871266042778794 0.0 MAT1 STENOSIS 0.0 28 0 NOBOUND NONE
SEGMENT branch0_seg30 30 0.013320333285211894 5 30 31 0.0487136251868698 0.04870442096393711 0.0 MAT1 STENOSIS 0.0 29 0 NOBOUND NONE
SEGMENT branch0_seg31 31 0.013320333285211894 5 31 32 0.04870157707435647 0.04870688219924689 0.0 MAT1 STENOSIS 0.0 30 0 NOBOUND NONE
SEGMENT branch0_seg32 32 0.013320333285211941 5 32 33 0.0487078868160555 0.048702772787092015 0.0 MAT1 STENOSIS 0.0 31 0 NOBOUND NONE
SEGMENT branch0_seg33 33 0.013320333285211847 9 33 34 0.04870083123663123 0.039755279874660786 0.0 MAT1 STENOSIS 0.0 32 0 NOBOUND NONE
SEGMENT branch0_seg34 34 0.013320333285211941 6 34 35 0.04870532894743116 0.04552561108498092 0.0 MAT1 STENOSIS 0.0 33 0 NOBOUND NONE
SEGMENT branch0_seg35 35 0.013320333285211941 5 35 36 0.0486873148465374 0.04868809189585151 0.0 MAT1 STENOSIS 0.0 34 0 NOBOUND NONE
SEGMENT branch0_seg36 36 0.013320333285211755 5 36 37 0.04868967548809777 0.04870347974329976 0.0 MAT1 STENOSIS 0.0 35 0 NOBOUND NONE
SEGMENT branch0_seg37 37 0.013320333285211847 5 37 38 0.04870579482957038 0.04871871550851906 0.0 MAT1 STENOSIS 0.0 36 0 NOBOUND NONE
SEGMENT branch0_seg38 38 0.013320333285211941 5 38 39 0.04872792715760157 0.04874353724143119 0.0 MAT1 STENOSIS 0.0 37 0 NOBOUND NONE
SEGMENT branch0_seg39 39 0.013320333285211941 5 39 40 0.04874705130326338 0.0487588279520787 0.0 MAT1 STENOSIS 0.0 38 0 NOBOUND NONE
SEGMENT branch0_seg40 40 0.013320333285211847 15 40 41 0.048759460630734844 0.048751739371119096 0.0 MAT1 STENOSIS 0.0 39 0 NOBOUND NONE
SEGMENT branch0_seg41 41 0.013320333285211941 5 41 42 0.048748966761726305 0.048720180376635544 0.0 MAT1 STENOSIS 0.0 40 0 NOBOUND NONE
SEGMENT branch0_seg42 42 0.013320333285211847 5 42 43 0.04871782251688776 0.04869963546520677 0.0 MAT1 STENOSIS 0.0 41 0 NOBOUND NONE
SEGMENT branch0_seg43 43 0.013320333285211847 15 43 44 0.048693713575885755 0.025776608438771925 0.0 MAT1 STENOSIS 0.0 42 0 NOBOUND NONE
SEGMENT branch0_seg44 44 0.013320333285211847 5 44 45 0.04870096719968844 0.04870489058535258 0.0 MAT1 STENOSIS 0.0 43 0 NOBOUND NONE
SEGMENT branch0_seg45 45 0.013320333285211941 11 45 46 0.04870591429861771 0.03559325631265824 0.0 MAT1 STENOSIS 0.0 44 0 NOBOUND NONE
SEGMENT branch0_seg46 46 0.013320333285211941 5 46 47 0.04868857003319599 0.04865944894593047 0.0 MAT1 STENOSIS 0.0 45 0 NOBOUND NONE
SEGMENT branch0_seg47 47 0.013320333285211847 17 47 48 0.04865058761831756 0.021853935987140118 0.0 MAT1 STENOSIS 0.0 46 0 NOBOUND NONE
SEGMENT branch0_seg48 48 0.013320333285211941 15 48 49 0.02663633114363291 0.04868004657785922 0.0 MAT1 STENOSIS 0.0 47 0 NOBOUND NONE
SEGMENT branch0_seg49 49 0.013320333285211847 5 49 50 0.048684111750485384 0.0487041485835404 0.0 MAT1 STENOSIS 0.0 48 0 NOBOUND NONE
SEGMENT branch0_seg50 50 0.013320333285211941 7 50 51 0.04423072080834813 0.04871957477623569 0.0 MAT1 STENOSIS 0.0 49 0 NOBOUND NONE
SEGMENT branch0_seg51 51 0.013320333285211941 5 51 52 0.04872165970474304 0.04871508381003807 0.0 MAT1 STENOSIS 0.0 50 0 NOBOUND NONE
SEGMENT branch0_seg52 52 0.013320333285211755 5 52 53 0.048706819716723325 0.048688213975618774 0.0 MAT1 STENOSIS 0.0 51 0 NOBOUND NONE
SEGMENT branch0_seg53 53 0.013320333285211941 5 53 54 0.048682346804221746 0.04867468931451104 0.0 MAT1 STENOSIS 0.0 52 0 NOBOUND NONE
SEGMENT branch0_seg54 54 0.013320333285211847 5 54 55 0.04866815895313383 0.04865775712711361 0.0 MAT1 STENOSIS 0.0 53 0 NOBOUND NONE
SEGMENT branch0_seg55 55 0.013320333285211941 16 55 56 0.04865553774075035 0.028694473715665123 0.0 MAT1 STENOSIS 0.0 54 0 NOBOUND NONE
SEGMENT branch0_seg56 56 0.013320333285211847 6 56 57 0.048673090065076016 0.048710814156078724 0.0 MAT1 STENOSIS 0.0 55 0 NOBOUND NONE
SEGMENT branch0_seg57 57 0.013320333285211941 6 57 58 0.04871413344498867 0.0451378946470418 0.0 MAT1 STENOSIS 0.0 56 0 NOBOUND NONE
SEGMENT branch0_seg58 58 0.013320333285211941 5 58 59 0.048739950049816884 0.048738998378702374 0.0 MAT1 STENOSIS 0.0 57 0 NOBOUND NONE
SEGMENT branch0_seg59 59 0.013320333285211755 17 59 60 0.04689207904355284 0.048721919978563503 0.0 MAT1 STENOSIS 0.0 58 0 NOBOUND NONE
SEGMENT branch0_seg60 60 0.013320333285211941 5 60 61 0.04872242014971982 0.04870822074709353 0.0 MAT1 STENOSIS 0.0 59 0 NOBOUND NONE
SEGMENT branch0_seg61 61 0.013320333285211847 5 61 62 0.048708231005807304 0.04869928251016993 0.0 MAT1 STENOSIS 0.0 60 0 NOBOUND NONE
SEGMENT branch0_seg62 62 0.013320333285211847 17 62 63 0.048695364284277357 0.04869926181567401 0.0 MAT1 STENOSIS 0.0 61 0 NOBOUND NONE
SEGMENT branch0_seg63 63 0.013320333285211941 5 63 64 0.04870249407333288 0.04872075751721515 0.0 MAT1 STENOSIS 0.0 62 0 NOBOUND NONE
SEGMENT branch0_seg64 64 0.013320333285211941 5 64 65 0.04872227694166777 0.04874641592416316 0.0 MAT1 STENOSIS 0.0 63 0 NOBOUND NONE
SEGMENT branch0_seg65 65 0.013320333285211941 5 65 66 0.048745743498413964 0.04874352589297653 0.0 MAT1 STENOSIS 0.0 64 0 NOBOUND NONE
SEGMENT branch0_seg66 66 0.013320333285211941 5 66 67 0.04874305733073855 0.04648988818347329 0.0 MAT1 STENOSIS 0.0 65 0 NOBOUND NONE
SEGMENT branch0_seg67 67 0.013320333285211755 16 67 68 0.04712544106425695 0.04871120332620437 0.0 MAT1 STENOSIS 0.0 66 0 NOBOUND NONE
SEGMENT branch0_seg68 68 0.013320333285211941 5 68 69 0.048710784241284895 0.04872047907836917 0.0 MAT1 STENOSIS 0.0 67 0 NOBOUND NONE
SEGMENT branch0_seg69 69 0.013320333285211941 5 69 70 0.048719404440884406 0.048728005466415904 0.0 MAT1 STENOSIS 0.0 68 0 NOBOUND NONE
SEGMENT branch0_seg70 70 0.013320333285211941 5 70 71 0.04872596733270902 0.04870884744148555 0.0 MAT1 STENOSIS 0.0 69 0 NOBOUND NONE
SEGMENT branch0_seg71 71 0.013320333285211941 9 71 72 0.03972650617197218 0.048693290666013064 0.0 MAT1 STENOSIS 0.0 70 0 NOBOUND NONE
SEGMENT branch0_seg72 72 0.013320333285211572 15 72 73 0.048693995080052704 0.025636135815879754 0.0 MAT1 STENOSIS 0.0 71 0 NOBOUND NONE
SEGMENT branch0_seg73 73 0.013320333285211941 5 73 74 0.04869302511350821 0.048683156372272184 0.0 MAT1 STENOSIS 0.0 72 0 NOBOUND NONE
SEGMENT branch0_seg74 74 0.013320333285211941 17 74 75 0.048687232858101226 0.048691469851849196 0.0 MAT1 STENOSIS 0.0 73 0 NOBOUND NONE
SEGMENT branch0_seg75 75 0.013320333285211755 11 75 76 0.048693949016886194 0.048693427734565954 0.0 MAT1 STENOSIS 0.0 74 0 NOBOUND NONE
SEGMENT branch0_seg76 76 0.013320333285211941 16 76 77 0.0486924181325413 0.04869443940750226 0.0 MAT1 STENOSIS 0.0 75 0 NOBOUND NONE
SEGMENT branch0_seg77 77 0.013320333285211755 5 77 78 0.04869803555451034 0.04870192427150949 0.0 MAT1 STENOSIS 0.0 76 0 NOBOUND NONE
SEGMENT branch0_seg78 78 0.013320333285211755 5 78 79 0.048704552948721495 0.04871624615477927 0.0 MAT1 STENOSIS 0.0 77 0 NOBOUND NONE
SEGMENT branch0_seg79 79 0.013320333285211755 5 79 80 0.04871327021278313 0.0487308334279229 0.0 MAT1 STENOSIS 0.0 78 0 NOBOUND NONE
SEGMENT branch0_seg80 80 0.013320333285211755 5 80 81 0.04872951648194497 0.048718980440560625 0.0 MAT1 STENOSIS 0.0 79 0 NOBOUND NONE
SEGMENT branch0_seg81 81 0.013320333285211941 10 81 82 0.048711889041313274 0.048705754405779456 0.0 MAT1 STENOSIS 0.0 80 0 NOBOUND NONE
SEGMENT branch0_seg82 82 0.013320333285211755 6 82 83 0.048710555465300044 0.0487164959885181 0.0 MAT1 STENOSIS 0.0 81 0 NOBOUND NONE
SEGMENT branch0_seg83 83 0.013320333285211755 8 83 84 0.04872168702734073 0.048711873822951876 0.0 MAT1 STENOSIS 0.0 82 0 NOBOUND NONE
SEGMENT branch0_seg84 84 0.013320333285211755 17 84 85 0.048713834997783034 0.048709216829422745 0.0 MAT1 STENOSIS 0.0 83 0 NOBOUND NONE
SEGMENT branch0_seg85 85 0.013320333285211755 17 85 86 0.04871009477233753 0.0487024708089365 0.0 MAT1 STENOSIS 0.0 84 0 NOBOUND NONE
SEGMENT branch0_seg86 86 0.013320333285211941 5 86 87 0.04870540052200692 0.048703804240856824 0.0 MAT1 STENOSIS 0.0 85 0 NOBOUND NONE
SEGMENT branch0_seg87 87 0.013320333285211755 5 87 88 0.04870360111284915 0.04871679795498729 0.0 MAT1 STENOSIS 0.0 86 0 NOBOUND NONE
SEGMENT branch0_seg88 88 0.013320333285211755 10 88 89 0.04682915252360058 0.03802288487607676 0.0 MAT1 STENOSIS 0.0 87 0 NOBOUND NONE
SEGMENT branch0_seg89 89 0.013320333285211755 5 89 90 0.048724998114498944 0.04870868359612775 0.0 MAT1 STENOSIS 0.0 88 0 NOBOUND NONE
SEGMENT branch0_seg90 90 0.013320333285211755 5 90 91 0.048710186170556884 0.048708317785941244 0.0 MAT1 STENOSIS 0.0 89 0 NOBOUND NONE
SEGMENT branch0_seg91 91 0.013320333285211941 14 91 92 0.04871263433497399 0.02949001431180083 0.0 MAT1 STENOSIS 0.0 90 0 NOBOUND NONE
SEGMENT branch0_seg92 92 0.013320333285211755 5 92 93 0.04871201714073855 0.048705594750592704 0.0 MAT1 STENOSIS 0.0 91 0 NOBOUND NONE
SEGMENT branch0_seg93 93 0.013320333285211755 5 93 94 0.04870480934260178 0.04868875408310001 0.0 MAT1 STENOSIS 0.0 92 0 NOBOUND NONE
SEGMENT branch0_seg94 94 0.013320333285211755 5 94 95 0.04868770221070469 0.04867654268710225 0.0 MAT1 STENOSIS 0.0 93 0 NOBOUND NONE
SEGMENT branch0_seg95 95 0.013320333285211755 8 95 96 0.048670040418188974 0.04866311370765728 0.0 MAT1 STENOSIS 0.0 94 0 NOBOUND NONE
SEGMENT branch0_seg96 96 0.013320333285211941 5 96 97 0.048664486706666635 0.0486801186004848 0.0 MAT1 STENOSIS 0.0 95 0 NOBOUND NONE
SEGMENT branch0_seg97 97 0.013320333285211755 10 97 98 0.04868295982275878 0.04869187366165559 0.0 MAT1 STENOSIS 0.0 96 0 NOBOUND NONE
SEGMENT branch0_seg98 98 0.013320333285211755 5 98 99 0.04869382920299896 0.04870079760636396 0.0 MAT1 STENOSIS 0.0 97 0 NOBOUND NONE
SEGMENT branch0_seg99 99 0.013320333285211755 5 99 100 0.04870242248527722 0.04869202409455742 0.0 MAT1 STENOSIS 0.0 98 0 NOBOUND NONE
SEGMENT branch0_seg100 100 0.013320333285211755 5 100 101 0.04868971705386768 0.048696850146704745 0.0 MAT1 STENOSIS 0.0 99 0 NOBOUND NONE
SEGMENT branch0_seg101 101 0.013320333285211941 8 101 102 0.04870281419786675 0.042863798835439275 0.0 MAT1 STENOSIS 0.0 100 0 NOBOUND NONE
SEGMENT branch0_seg102 102 0.013320333285211755 16 102 103 0.048710744676814 0.0487334581435638 0.0 MAT1 STENOSIS 0.0 101 0 NOBOUND NONE
SEGMENT branch0_seg103 103 0.013320333285211755 10 103 104 0.04874069101714924 0.0395561937135627 0.0 MAT1 STENOSIS 0.0 102 0 NOBOUND NONE
SEGMENT branch0_seg104 104 0.013320333285211755 5 104 105 0.048741913748806216 0.04874787662431678 0.0 MAT1 STENOSIS 0.0 103 0 NOBOUND NONE
SEGMENT branch0_seg105 105 0.013320333285211755 5 105 106 0.048747329003905424 0.048730783034253905 0.0 MAT1 STENOSIS 0.0 104 0 NOBOUND NONE
SEGMENT branch0_seg106 106 0.013320333285211941 5 106 107 0.04873070851682478 0.048702774685215854 0.0 MAT1 STENOSIS 0.0 105 0 NOBOUND NONE
SEGMENT branch0_seg107 107 0.013320333285211755 5 107 108 0.04870527122888701 0.04868384109963084 0.0 MAT1 STENOSIS 0.0 106 0 NOBOUND NONE
SEGMENT branch0_seg108 108 0.013320333285211755 17 108 109 0.039179883394770736 0.04865971811366867 0.0 MAT1 STENOSIS 0.0 107 0 NOBOUND NONE
SEGMENT branch0_seg109 109 0.013320333285211755 5 109 110 0.048657898334199784 0.04865978818809546 0.0 MAT1 STENOSIS 0.0 108 0 NOBOUND NONE
SEGMENT branch0_seg110 110 0.013320333285211755 17 110 111 0.04866190958381492 0.048676742892343604 0.0 MAT1 STENOSIS 0.0 109 0 NOBOUND NONE
SEGMENT branch0_seg111 111 0.013320333285211941 5 111 112 0.04868702438951269 0.04870968204946215 0.0 MAT1 STENOSIS 0.0 110 0 NOBOUND NONE
SEGMENT branch0_seg112 112 0.013320333285211755 15 112 113 0.04871542139752201 0.02488241277889472 0.0 MAT1 STENOSIS 0.0 111 0 NOBOUND NONE
SEGMENT branch0_seg113 113 0.013320333285211755 5 113 114 0.04874119212159203 0.04874744065232509 0.0 MAT1 STENOSIS 0.0 112 0 NOBOUND NONE
SEGMENT branch0_seg114 114 0.013320333285211755 5 114 115 0.046901362408919456 0.048748798868868244 0.0 MAT1 STENOSIS 0.0 113 0 NOBOUND NONE
SEGMENT branch0_seg115 115 0.013320333285211755 7 115 116 0.04874711512132225 0.04424950762523396 0.0 MAT1 STENOSIS 0.0 114 0 NOBOUND NONE
SEGMENT branch0_seg116 116 0.013320333285211941 5 116 117 0.04871668645184354 0.04869611724884715 0.0 MAT1 STENOSIS 0.0 115 0 NOBOUND NONE
SEGMENT branch0_seg117 117 0.013320333285211755 5 117 118 0.04869530604443126 0.048687767932174386 0.0 MAT1 STENOSIS 0.0 116 0 NOBOUND NONE
SEGMENT branch0_seg118 118 0.013320333285211755 5 118 119 0.048678631170091004 0.04866757775355994 0.0 MAT1 STENOSIS 0.0 117 0 NOBOUND NONE
SEGMENT branch0_seg119 119 0.013320333285211755 5 119 120 0.04866699873619063 0.048675966417706384 0.0 MAT1 STENOSIS 0.0 118 0 NOBOUND NONE
SEGMENT branch0_seg120 120 0.013320333285211755 5 120 121 0.04867716777257523 0.048676587359988546 0.0 MAT1 STENOSIS 0.0 119 0 NOBOUND NONE
SEGMENT branch0_seg121 121 0.013320333285211755 5 121 122 0.04867609042143927 0.04868831632435574 0.0 MAT1 STENOSIS 0.0 120 0 NOBOUND NONE
SEGMENT branch0_seg122 122 0.013320333285211941 5 122 123 0.04869002252692602 0.04869338703250667 0.0 MAT1 STENOSIS 0.0 121 0 NOBOUND NONE
SEGMENT branch0_seg123 123 0.013320333285211755 5 123 124 0.04868853873236171 0.048680546438000766 0.0 MAT1 STENOSIS 0.0 122 0 NOBOUND NONE
SEGMENT branch0_seg124 124 0.013320333285211755 13 124 125 0.04867823414085441 0.03276150551950911 0.0 MAT1 STENOSIS 0.0 123 0 NOBOUND NONE
SEGMENT branch0_seg125 125 0.013320333285211755 5 125 126 0.048654604281289364 0.048645307346051735 0.0 MAT1 STENOSIS 0.0 124 0 NOBOUND NONE
SEGMENT branch0_seg126 126 0.013320333285211755 10 126 127 0.048643817020299046 0.03954491358252573 0.0 MAT1 STENOSIS 0.0 125 0 NOBOUND NONE
SEGMENT branch0_seg127 127 0.013320333285211755 13 127 128 0.04864583340617943 0.04864479141882177 0.0 MAT1 STENOSIS 0.0 126 0 NOBOUND NONE
SEGMENT branch0_seg128 128 0.013320333285211755 14 128 129 0.046831523704579305 0.04865370322594981 0.0 MAT1 STENOSIS 0.0 127 0 NOBOUND NONE
SEGMENT branch0_seg129 129 0.013320333285212125 5 129 130 0.04865489342486579 0.048658238124753284 0.0 MAT1 STENOSIS 0.0 128 0 NOBOUND NONE
SEGMENT branch0_seg130 130 0.013320333285211755 5 130 131 0.04865775849260565 0.04866073059728325 0.0 MAT1 STENOSIS 0.0 129 0 NOBOUND NONE
SEGMENT branch0_seg131 131 0.013320333285211755 9 131 132 0.04866353049579694 0.048672404514927034 0.0 MAT1 STENOSIS 0.0 130 0 NOBOUND NONE
SEGMENT branch0_seg132 132 0.013320333285211755 5 132 133 0.04867582661570455 0.04869274976616473 0.0 MAT1 STENOSIS 0.0 131 0 NOBOUND NONE
SEGMENT branch0_seg133 133 0.013320333285211755 5 133 134 0.04869693978377855 0.04871109525279906 0.0 MAT1 STENOSIS 0.0 132 0 NOBOUND NONE
SEGMENT branch0_seg134 134 0.013320333285211755 5 134 135 0.04871149021225711 0.048692943523345 0.0 MAT1 STENOSIS 0.0 133 0 NOBOUND NONE
SEGMENT branch0_seg135 135 0.013320333285211755 5 135 136 0.04868968488199753 0.04867514323547633 0.0 MAT1 STENOSIS 0.0 134 0 NOBOUND NONE
SEGMENT branch0_seg136 136 0.013320333285211755 5 136 137 0.0486716718767233 0.04866120968371075 0.0 MAT1 STENOSIS 0.0 135 0 NOBOUND NONE
SEGMENT branch0_seg137 137 0.013320333285211755 5 137 138 0.04866024539450125 0.04866940744160353 0.0 MAT1 STENOSIS 0.0 136 0 NOBOUND NONE
SEGMENT branch0_seg138 138 0.013320333285211755 5 138 139 0.04867298511390678 0.04869548426520773 0.0 MAT1 STENOSIS 0.0 137 0 NOBOUND NONE
SEGMENT branch0_seg139 139 0.013320333285212125 11 139 140 0.04869846669311753 0.048729776131098676 0.0 MAT1 STENOSIS 0.0 138 0 NOBOUND NONE
SEGMENT branch0_seg140 140 0.013320333285211755 13 140 141 0.04873421311674806 0.048736604159893795 0.0 MAT1 STENOSIS 0.0 139 0 NOBOUND NONE
SEGMENT branch0_seg141 141 0.013320333285211755 5 141 142 0.04874057839189247 0.04874099874747306 0.0 MAT1 STENOSIS 0.0 140 0 NOBOUND NONE
SEGMENT branch0_seg142 142 0.013320333285211755 5 142 143 0.04874304395031676 0.048752241869420974 0.0 MAT1 STENOSIS 0.0 141 0 NOBOUND NONE
SEGMENT branch0_seg143 143 0.013320333285211755 7 143 144 0.04875198738632487 0.04875299447882003 0.0 MAT1 STENOSIS 0.0 142 0 NOBOUND NONE
SEGMENT branch0_seg144 144 0.013320333285211386 12 144 145 0.04875020119940887 0.035322752086566885 0.0 MAT1 STENOSIS 0.0 143 0 NOBOUND NONE
SEGMENT branch0_seg145 145 0.013320333285211755 5 145 146 0.04872128642852159 0.0487102361719236 0.0 MAT1 STENOSIS 0.0 144 0 NOBOUND NONE
SEGMENT branch0_seg146 146 0.013320333285212125 17 146 147 0.04870744171981305 0.048674415039304725 0.0 MAT1 STENOSIS 0.0 145 0 NOBOUND NONE
SEGMENT branch0_seg147 147 0.013320333285211755 5 147 148 0.04866038598673148 0.04865830455486379 0.0 MAT1 STENOSIS 0.0 146 0 NOBOUND NONE
SEGMENT branch0_seg148 148 0.013320333285211755 7 148 149 0.04865804012696953 0.048656173085585085 0.0 MAT1 STENOSIS 0.0 147 0 NOBOUND NONE
SEGMENT branch0_seg149 149 0.013320333285211755 5 149 150 0.04865522289602334 0.04866867470527745 0.0 MAT1 STENOSIS 0.0 148 0 NOBOUND NONE
SEGMENT branch0_seg150 150 0.013320333285211755 10 150 151 0.039483605027131066 0.04868732480565835 0.0 MAT1 STENOSIS 0.0 149 0 NOBOUND NONE
SEGMENT branch0_seg151 151 0.013320333285211755 11 151 152 0.048693842792326233 0.03551684738804394 0.0 MAT1 STENOSIS 0.0 150 0 NOBOUND NONE
SEGMENT branch0_seg152 152 0.013320333285211755 5 152 153 0.048701034936725514 0.048700935025344005 0.0 MAT1 STENOSIS 0.0 151 0 NOBOUND NONE
SEGMENT branch0_seg153 153 0.013320333285211755 5 153 154 0.04870105157663986 0.04870160708121149 0.0 MAT1 STENOSIS 0.0 152 0 NOBOUND NONE
SEGMENT branch0_seg154 154 0.013320333285211755 5 154 155 0.04870220990095164 0.04869052018506512 0.0 MAT1 STENOSIS 0.0 153 0 NOBOUND NONE
SEGMENT branch0_seg155 155 0.013320333285211755 9 155 156 0.04869043926404863 0.03982571313857497 0.0 MAT1 STENOSIS 0.0 154 0 NOBOUND NONE
SEGMENT branch0_seg156 156 0.013320333285212125 6 156 157 0.048699377904818354 0.048716713375833436 0.0 MAT1 STENOSIS 0.0 155 0 NOBOUND NONE
SEGMENT branch0_seg157 157 0.013320333285211755 5 157 158 0.04872212893438849 0.0487438697396278 0.0 MAT1 STENOSIS 0.0 156 0 NOBOUND NONE
SEGMENT branch0_seg158 158 0.013320333285211755 14 158 159 0.048742009820929307 0.048745046973672226 0.0 MAT1 STENOSIS 0.0 157 0 NOBOUND NONE
SEGMENT branch0_seg159 159 0.013320333285211755 18 159 160 0.026890006476024055 0.04872192477513386 0.0 MAT1 STENOSIS 0.0 158 0 NOBOUND NONE
SEGMENT branch0_seg160 160 0.013320333285211755 5 160 161 0.048720430943355146 0.04871127934425801 0.0 MAT1 STENOSIS 0.0 159 0 NOBOUND NONE
SEGMENT branch0_seg161 161 0.013320333285211755 5 161 162 0.04870904580901901 0.04869647985515445 0.0 MAT1 STENOSIS 0.0 160 0 NOBOUND NONE
SEGMENT branch0_seg162 162 0.013320333285211755 16 162 163 0.04869370302176696 0.024392874292499225 0.0 MAT1 STENOSIS 0.0 161 0 NOBOUND NONE
SEGMENT branch0_seg163 163 0.013320333285211755 5 163 164 0.04866815195191965 0.048656315664653026 0.0 MAT1 STENOSIS 0.0 162 0 NOBOUND NONE
SEGMENT branch0_seg164 164 0.013320333285211755 11 164 165 0.048649950938812886 0.04863312471097819 0.0 MAT1 STENOSIS 0.0 163 0 NOBOUND NONE
SEGMENT branch0_seg165 165 0.013320333285211755 5 165 166 0.04863505199927673 0.04864510027990646 0.0 MAT1 STENOSIS 0.0 164 0 NOBOUND NONE
SEGMENT branch0_seg166 166 0.013320333285212125 15 166 167 0.048642774687263045 0.026302141626192366 0.0 MAT1 STENOSIS 0.0 165 0 NOBOUND NONE
SEGMENT branch0_seg167 167 0.013320333285211755 5 167 168 0.04866134046526497 0.048658480644001044 0.0 MAT1 STENOSIS 0.0 166 0 NOBOUND NONE
SEGMENT branch0_seg168 168 0.013320333285211755 9 168 169 0.040740209394387654 0.048667925537620636 0.0 MAT1 STENOSIS 0.0 167 0 NOBOUND NONE
SEGMENT branch0_seg169 169 0.013320333285211755 17 169 170 0.048663150767802296 0.048664502892973326 0.0 MAT1 STENOSIS 0.0 168 0 NOBOUND NONE
SEGMENT branch0_seg170 170 0.013320333285211755 16 170 171 0.03895062307420199 0.022978153233552782 0.0 MAT1 STENOSIS 0.0 169 0 NOBOUND NONE
SEGMENT branch0_seg171 171 0.013320333285211755 5 171 172 0.048665148292510965 0.04865198355568055 0.0 MAT1 STENOSIS 0.0 170 0 NOBOUND NONE
SEGMENT branch0_seg172 172 0.013320333285211755 5 172 173 0.04864669187986921 0.048653754366984436 0.0 MAT1 STENOSIS 0.0 171 0 NOBOUND NONE
SEGMENT branch0_seg173 173 0.013320333285211755 16 173 174 0.04865985906071793 0.04868449745571424 0.0 MAT1 STENOSIS 0.0 172 0 NOBOUND NONE
SEGMENT branch0_seg174 174 0.013320333285211755 5 174 175 0.048689204848480536 0.04870075456126231 0.0 MAT1 STENOSIS 0.0 173 0 NOBOUND NONE
SEGMENT branch0_seg175 175 0.013320333285211386 5 175 176 0.048707354712725595 0.04871130418741458 0.0 MAT1 STENOSIS 0.0 174 0 NOBOUND NONE
SEGMENT branch0_seg176 176 0.013320333285211755 15 176 177 0.04871011153301135 0.04871580300184889 0.0 MAT1 STENOSIS 0.0 175 0 NOBOUND NONE
SEGMENT branch0_seg177 177 0.013320333285211755 11 177 178 0.048711372637165115 0.037304261200331985 0.0 MAT1 STENOSIS 0.0 176 0 NOBOUND NONE
SEGMENT branch0_seg178 178 0.013320333285212125 8 178 179 0.04871264986103299 0.04870926795417641 0.0 MAT1 STENOSIS 0.0 177 0 NOBOUND NONE
SEGMENT branch0_seg179 179 0.013320333285211755 17 179 180 0.048707776402565864 0.04870266772162819 0.0 MAT1 STENOSIS 0.0 178 0 NOBOUND NONE
SEGMENT branch0_seg180 180 0.013320333285211755 16 180 181 0.04870036536402514 0.04869899402368403 0.0 MAT1 STENOSIS 0.0 179 0 NOBOUND NONE
SEGMENT branch0_seg181 181 0.013320333285211755 16 181 182 0.048700434579252605 0.048679042876774256 0.0 MAT1 STENOSIS 0.0 180 0 NOBOUND NONE
SEGMENT branch0_seg182 182 0.013320333285211755 13 182 183 0.04867677303023724 0.04868058545492379 0.0 MAT1 STENOSIS 0.0 181 0 NOBOUND NONE
SEGMENT branch0_seg183 183 0.013320333285211755 5 183 184 0.04867961250929259 0.04867895976386619 0.0 MAT1 STENOSIS 0.0 182 0 NOBOUND NONE
SEGMENT branch0_seg184 184 0.013320333285211755 5 184 185 0.04867640445897103 0.048695610559412246 0.0 MAT1 STENOSIS 0.0 183 0 NOBOUND NONE
SEGMENT branch0_seg185 185 0.013320333285211755 12 185 186 0.04488147433653746 0.04872476480989904 0.0 MAT1 STENOSIS 0.0 184 0 NOBOUND NONE
SEGMENT branch0_seg186 186 0.013320333285211755 5 186 187 0.048729355874457696 0.04872655139114363 0.0 MAT1 STENOSIS 0.0 185 0 NOBOUND NONE
SEGMENT branch0_seg187 187 0.013320333285211755 5 187 188 0.04872857802719219 0.04873126679420745 0.0 MAT1 STENOSIS 0.0 186 0 NOBOUND NONE
SEGMENT branch0_seg188 188 0.013320333285211755 5 188 189 0.04872842597574495 0.04871829228522337 0.0 MAT1 STENOSIS 0.0 187 0 NOBOUND NONE
SEGMENT branch0_seg189 189 0.013320333285212125 5 189 190 0.04871528843786934 0.04870882455560206 0.0 MAT1 STENOSIS 0.0 188 0 NOBOUND NONE
SEGMENT branch0_seg190 190 0.013320333285211755 15 190 191 0.04870603661046171 0.048689353141301996 0.0 MAT1 STENOSIS 0.0 189 0 NOBOUND NONE
SEGMENT branch0_seg191 191 0.013320333285211755 9 191 192 0.04868716145722348 0.04866934598265259 0.0 MAT1 STENOSIS 0.0 190 0 NOBOUND NONE
SEGMENT branch0_seg192 192 0.013320333285211755 5 192 193 0.04866205209093716 0.04865502580471122 0.0 MAT1 STENOSIS 0.0 191 0 NOBOUND NONE
SEGMENT branch0_seg193 193 0.013320333285211755 16 193 194 0.048651927869411866 0.0228863939601085 0.0 MAT1 STENOSIS 0.0 192 0 NOBOUND NONE
SEGMENT branch0_seg194 194 0.013320333285211755 16 194 195 0.025295845868098896 0.048628182221536934 0.0 MAT1 STENOSIS 0.0 193 0 NOBOUND NONE
SEGMENT branch0_seg195 195 0.013320333285211755 5 195 196 0.04862551002172433 0.04862694943507403 0.0 MAT1 STENOSIS 0.0 194 0 NOBOUND NONE
SEGMENT branch0_seg196 196 0.013320333285211755 5 196 197 0.048625921109150816 0.04861658512083923 0.0 MAT1 STENOSIS 0.0 195 0 NOBOUND NONE
SEGMENT branch0_seg197 197 0.013320333285211755 17 197 198 0.04862096223912077 0.048632874522960855 0.0 MAT1 STENOSIS 0.0 196 0 NOBOUND NONE
SEGMENT branch0_seg198 198 0.013320333285211755 15 198 199 0.048639483334483855 0.027087289093194838 0.0 MAT1 STENOSIS 0.0 197 0 NOBOUND NONE
SEGMENT branch0_seg199 199 0.013320333285212125 5 199 200 0.04866725713727789 0.04867447849578894 0.0 MAT1 STENOSIS 0.0 198 0 NOBOUND NONE
SEGMENT branch0_seg200 200 0.013320333285211755 7 200 201 0.04868227757013263 0.048675457122992045 0.0 MAT1 STENOSIS 0.0 199 0 NOBOUND NONE
SEGMENT branch0_seg201 201 0.013320333285211755 16 201 202 0.04867518655386702 0.02371481963595903 0.0 MAT1 STENOSIS 0.0 200 0 NOBOUND NONE
SEGMENT branch0_seg202 202 0.013320333285211755 5 202 203 0.04867687716039213 0.04868339208634099 0.0 MAT1 STENOSIS 0.0 201 0 NOBOUND NONE
SEGMENT branch0_seg203 203 0.013320333285211755 16 203 204 0.022393125997032467 0.048708593744683316 0.0 MAT1 STENOSIS 0.0 202 0 NOBOUND NONE
SEGMENT branch0_seg204 204 0.013320333285211755 16 204 205 0.0487073757050551 0.040585280138241656 0.0 MAT1 STENOSIS 0.0 203 0 NOBOUND NONE
SEGMENT branch0_seg205 205 0.013320333285211755 5 205 206 0.04871207556063881 0.04870904598184179 0.0 MAT1 STENOSIS 0.0 204 0 NOBOUND NONE
SEGMENT branch0_seg206 206 0.013320333285211755 5 206 207 0.048707908076498226 0.0486980434801047 0.0 MAT1 STENOSIS 0.0 205 0 NOBOUND NONE
SEGMENT branch0_seg207 207 0.013320333285211755 5 207 208 0.048699146351799075 0.048710163660162016 0.0 MAT1 STENOSIS 0.0 206 0 NOBOUND NONE
SEGMENT branch0_seg208 208 0.013320333285211386 5 208 209 0.04871138225270657 0.04869040264043222 0.0 MAT1 STENOSIS 0.0 207 0 NOBOUND NONE
SEGMENT branch0_seg209 209 0.013320333285211755 15 209 210 0.04868870708082122 0.04869455159567539 0.0 MAT1 STENOSIS 0.0 208 0 NOBOUND NONE
SEGMENT branch0_seg210 210 0.013320333285211755 5 210 211 0.04869862279340452 0.048699583810820395 0.0 MAT1 STENOSIS 0.0 209 0 NOBOUND NONE
SEGMENT branch0_seg211 211 0.013320333285212125 5 211 212 0.048702487428691627 0.048716178390109846 0.0 MAT1 STENOSIS 0.0 210 0 NOBOUND NONE
SEGMENT branch0_seg212 212 0.013320333285211755 5 212 213 0.04871579478035396 0.04872184743986724 0.0 MAT1 STENOSIS 0.0 211 0 NOBOUND NONE
SEGMENT branch0_seg213 213 0.013320333285211755 5 213 214 0.04871655575042459 0.04870677257187525 0.0 MAT1 STENOSIS 0.0 212 0 NOBOUND NONE
SEGMENT branch0_seg214 214 0.013320333285211755 15 214 215 0.04869761233311987 0.0486877638965578 0.0 MAT1 STENOSIS 0.0 213 0 NOBOUND NONE
SEGMENT branch0_seg215 215 0.013320333285211755 5 215 216 0.04868208284259595 0.0486814818689901 0.0 MAT1 STENOSIS 0.0 214 0 NOBOUND NONE
SEGMENT branch0_seg216 216 0.013320333285211755 5 216 217 0.04868071684515481 0.04868845755895508 0.0 MAT1 STENOSIS 0.0 215 0 NOBOUND NONE
SEGMENT branch0_seg217 217 0.013320333285211755 5 217 218 0.04868690259437098 0.04868800551593947 0.0 MAT1 STENOSIS 0.0 216 0 NOBOUND NONE
SEGMENT branch0_seg218 218 0.013320333285211755 5 218 219 0.04868843548097043 0.04868128355483508 0.0 MAT1 STENOSIS 0.0 217 0 NOBOUND NONE
SEGMENT branch0_seg219 219 0.013320333285211755 5 219 220 0.048681487041218725 0.048683269636700784 0.0 MAT1 STENOSIS 0.0 218 0 NOBOUND NONE
SEGMENT branch0_seg220 220 0.013320333285211755 7 220 221 0.04868240397341283 0.044221625882240115 0.0 MAT1 STENOSIS 0.0 219 0 NOBOUND NONE
SEGMENT branch0_seg221 221 0.013320333285212125 5 221 222 0.04867237789497911 0.04867620502589936 0.0 MAT1 STENOSIS 0.0 220 0 NOBOUND NONE
SEGMENT branch0_seg222 222 0.013320333285211755 5 222 223 0.048673892997902556 0.048680055271131985 0.0 MAT1 STENOSIS 0.0 221 0 NOBOUND NONE
SEGMENT branch0_seg223 223 0.013320333285211755 14 223 224 0.04867920837670512 0.04867163936825591 0.0 MAT1 STENOSIS 0.0 222 0 NOBOUND NONE
SEGMENT branch0_seg224 224 0.013320333285211755 5 224 225 0.04867152984016519 0.04868080177806091 0.0 MAT1 STENOSIS 0.0 223 0 NOBOUND NONE
SEGMENT branch0_seg225 225 0.013320333285211755 5 225 226 0.048683168806783916 0.048709511525586884 0.0 MAT1 STENOSIS 0.0 224 0 NOBOUND NONE
SEGMENT branch0_seg226 226 0.013320333285211755 5 226 227 0.04870982850468384 0.04871940502925665 0.0 MAT1 STENOSIS 0.0 225 0 NOBOUND NONE
SEGMENT branch0_seg227 227 0.013320333285211755 5 227 228 0.0487189593959013 0.048725748860939125 0.0 MAT1 STENOSIS 0.0 226 0 NOBOUND NONE
SEGMENT branch0_seg228 228 0.013320333285211755 5 228 229 0.04872526048953758 0.04872709245287569 0.0 MAT1 STENOSIS 0.0 227 0 NOBOUND NONE
SEGMENT branch0_seg229 229 0.013320333285211755 17 229 230 0.048727902534260244 0.03621076912887049 0.0 MAT1 STENOSIS 0.0 228 0 NOBOUND NONE
SEGMENT branch0_seg230 230 0.013320333285211755 5 230 231 0.04872983527401858 0.048726950244520756 0.0 MAT1 STENOSIS 0.0 229 0 NOBOUND NONE
SEGMENT branch0_seg231 231 0.013320333285211755 5 231 232 0.04872443240897249 0.04873186546027124 0.0 MAT1 STENOSIS 0.0 230 0 NOBOUND NONE
SEGMENT branch0_seg232 232 0.013320333285212125 5 232 233 0.04873496540063991 0.04875892761844357 0.0 MAT1 STENOSIS 0.0 231 0 NOBOUND NONE
SEGMENT branch0_seg233 233 0.013320333285211755 5 233 234 0.04876146783992446 0.04876976335152394 0.0 MAT1 STENOSIS 0.0 232 0 NOBOUND NONE
SEGMENT branch0_seg234 234 0.013320333285211755 16 234 235 0.04876755260469591 0.04875121971758392 0.0 MAT1 STENOSIS 0.0 233 0 NOBOUND NONE
SEGMENT branch0_seg235 235 0.013320333285211755 16 235 236 0.04874949115934147 0.04873903683725193 0.0 MAT1 STENOSIS 0.0 234 0 NOBOUND NONE
SEGMENT branch0_seg236 236 0.013320333285211755 16 236 237 0.048732602421043485 0.024319623200167957 0.0 MAT1 STENOSIS 0.0 235 0 NOBOUND NONE
SEGMENT branch0_seg237 237 0.013320333285211755 8 237 238 0.04871404952021113 0.048704349563653736 0.0 MAT1 STENOSIS 0.0 236 0 NOBOUND NONE
SEGMENT branch0_seg238 238 0.013320333285211755 5 238 239 0.048700734405878916 0.04869402996634936 0.0 MAT1 STENOSIS 0.0 237 0 NOBOUND NONE
SEGMENT branch0_seg239 239 0.013320333285211386 5 239 240 0.04868868789845262 0.04868703941188008 0.0 MAT1 STENOSIS 0.0 238 0 NOBOUND NONE
SEGMENT branch0_seg240 240 0.013320333285211755 18 240 241 0.017695834447175155 0.04868619339853027 0.0 MAT1 STENOSIS 0.0 239 0 NOBOUND NONE
SEGMENT branch0_seg241 241 0.013320333285211755 5 241 242 0.04868808753713271 0.048691314577665464 0.0 MAT1 STENOSIS 0.0 240 0 NOBOUND NONE
SEGMENT branch0_seg242 242 0.013320333285211755 5 242 243 0.048697629942330393 0.048711862253834656 0.0 MAT1 STENOSIS 0.0 241 0 NOBOUND NONE
SEGMENT branch0_seg243 243 0.013320333285211755 7 243 244 0.04871481910198218 0.04327871436535443 0.0 MAT1 STENOSIS 0.0 242 0 NOBOUND NONE
SEGMENT branch0_seg244 244 0.013320333285212125 5 244 245 0.04872854990782723 0.04872710682398813 0.0 MAT1 STENOSIS 0.0 243 0 NOBOUND NONE
SEGMENT branch0_seg245 245 0.013320333285211755 5 245 246 0.048728320049429646 0.04871166251635961 0.0 MAT1 STENOSIS 0.0 244 0 NOBOUND NONE
SEGMENT branch0_seg246 246 0.013320333285211755 10 246 247 0.04871029119876831 0.03889451073121467 0.0 MAT1 STENOSIS 0.0 245 0 NOBOUND NONE
SEGMENT branch0_seg247 247 0.013320333285211755 5 247 248 0.048700009533168435 0.04868170098624703 0.0 MAT1 STENOSIS 0.0 246 0 NOBOUND NONE
SEGMENT branch0_seg248 248 0.013320333285211755 13 248 249 0.04868658344069467 0.048669547588142334 0.0 MAT1 STENOSIS 0.0 247 0 NOBOUND NONE
SEGMENT branch0_seg249 249 0.013320333285211755 14 249 250 0.027672548133471704 0.034697077334334525 0.0 MAT1 STENOSIS 0.0 248 0 NOBOUND NONE
SEGMENT branch0_seg250 250 0.013320333285211755 8 250 251 0.04239563894498386 0.048671804065797214 0.0 MAT1 STENOSIS 0.0 249 0 NOBOUND NONE
SEGMENT branch0_seg251 251 0.013320333285211755 5 251 252 0.04867672575893723 0.04868317707025922 0.0 MAT1 STENOSIS 0.0 250 0 NOBOUND NONE
SEGMENT branch0_seg252 252 0.013320333285211755 5 252 253 0.04869006585696328 0.048715280914116935 0.0 MAT1 STENOSIS 0.0 251 0 NOBOUND NONE
SEGMENT branch0_seg253 253 0.013320333285211755 5 253 254 0.04663203990790214 0.04874857873812246 0.0 MAT1 STENOSIS 0.0 252 0 NOBOUND NONE
SEGMENT branch0_seg254 254 0.013320333285211755 5 254 255 0.048751052563358564 0.0487576706869764 0.0 MAT1 STENOSIS 0.0 253 0 NOBOUND NONE
SEGMENT branch0_seg255 255 0.013320333285211755 15 255 256 0.02641988676335248 0.03707272077114675 0.0 MAT1 STENOSIS 0.0 254 0 NOBOUND NONE
SEGMENT branch0_seg256 256 0.013320333285211755 5 256 257 0.04874751837893792 0.048734840693219435 0.0 MAT1 STENOSIS 0.0 255 0 NOBOUND NONE
SEGMENT branch0_seg257 257 0.013320333285211755 5 257 258 0.04872778524641614 0.04871541212653397 0.0 MAT1 STENOSIS 0.0 256 0 NOBOUND NONE
SEGMENT branch0_seg258 258 0.013320333285211755 5 258 259 0.048708036461744805 0.04870952710751515 0.0 MAT1 STENOSIS 0.0 257 0 NOBOUND NONE
SEGMENT branch0_seg259 259 0.013320333285212494 12 259 260 0.048709929420875604 0.048685060550236615 0.0 MAT1 STENOSIS 0.0 258 0 NOBOUND NONE
SEGMENT branch0_seg260 260 0.013320333285211755 5 260 261 0.0486827711273216 0.048677167955259705 0.0 MAT1 STENOSIS 0.0 259 0 NOBOUND NONE
SEGMENT branch0_seg261 261 0.013320333285211755 5 261 262 0.04867863670638311 0.04866590966712514 0.0 MAT1 STENOSIS 0.0 260 0 NOBOUND NONE
SEGMENT branch0_seg262 262 0.013320333285211755 5 262 263 0.04866536101692426 0.04867042058414504 0.0 MAT1 STENOSIS 0.0 261 0 NOBOUND NONE
SEGMENT branch0_seg263 263 0.013320333285211755 5 263 264 0.04867595761440867 0.04869589033812786 0.0 MAT1 STENOSIS 0.0 262 0 NOBOUND NONE
SEGMENT branch0_seg264 264 0.013320333285211755 13 264 265 0.04869574782748226 0.048696396513941566 0.0 MAT1 STENOSIS 0.0 263 0 NOBOUND NONE
SEGMENT branch0_seg265 265 0.013320333285211755 15 265 266 0.048695572677036364 0.04870299384651307 0.0 MAT1 STENOSIS 0.0 264 0 NOBOUND NONE
SEGMENT branch0_seg266 266 0.013320333285211755 5 266 267 0.04870473361407163 0.04869899197356129 0.0 MAT1 STENOSIS 0.0 265 0 NOBOUND NONE
SEGMENT branch0_seg267 267 0.013320333285211755 5 267 268 0.04870236008608952 0.04868319926003842 0.0 MAT1 STENOSIS 0.0 266 0 NOBOUND NONE
SEGMENT branch0_seg268 268 0.013320333285211755 5 268 269 0.04868173302913527 0.048692632377066836 0.0 MAT1 STENOSIS 0.0 267 0 NOBOUND NONE
SEGMENT branch0_seg269 269 0.013320333285211755 5 269 270 0.048697073578710795 0.048720139220802566 0.0 MAT1 STENOSIS 0.0 268 0 NOBOUND NONE
SEGMENT branch0_seg270 270 0.013320333285211755 5 270 271 0.048729024960011816 0.0487506286709442 0.0 MAT1 STENOSIS 0.0 269 0 NOBOUND NONE
SEGMENT branch0_seg271 271 0.013320333285211755 5 271 272 0.048752064401786456 0.04876263455083006 0.0 MAT1 STENOSIS 0.0 270 0 NOBOUND NONE
SEGMENT branch0_seg272 272 0.013320333285211755 5 272 273 0.0487593727324338 0.04874906624306947 0.0 MAT1 STENOSIS 0.0 271 0 NOBOUND NONE
SEGMENT branch0_seg273 273 0.013320333285211755 5 273 274 0.048749112282508084 0.04873756109320924 0.0 MAT1 STENOSIS 0.0 272 0 NOBOUND NONE
SEGMENT branch0_seg274 274 0.013320333285211755 5 274 275 0.04873435891738355 0.048718142882924226 0.0 MAT1 STENOSIS 0.0 273 0 NOBOUND NONE
SEGMENT branch0_seg275 275 0.013320333285211755 5 275 276 0.04871713499839489 0.0487046526768864 0.0 MAT1 STENOSIS 0.0 274 0 NOBOUND NONE
SEGMENT branch0_seg276 276 0.013320333285211755 5 276 277 0.046942243335940576 0.04870496151954637 0.0 MAT1 STENOSIS 0.0 275 0 NOBOUND NONE
SEGMENT branch0_seg277 277 0.013320333285211755 11 277 278 0.04870137470941676 0.03715892627339144 0.0 MAT1 STENOSIS 0.0 276 0 NOBOUND NONE
SEGMENT branch0_seg278 278 0.013320333285211755 5 278 279 0.04869177504844294 0.04868863884503742 0.0 MAT1 STENOSIS 0.0 277 0 NOBOUND NONE
SEGMENT branch0_seg279 279 0.013320333285211755 5 279 280 0.04869047341590775 0.04868160505253104 0.0 MAT1 STENOSIS 0.0 278 0 NOBOUND NONE
SEGMENT branch0_seg280 280 0.013320333285212494 17 280 281 0.04868617983875409 0.048698613767517565 0.0 MAT1 STENOSIS 0.0 279 0 NOBOUND NONE
SEGMENT branch0_seg281 281 0.013320333285211755 8 281 282 0.04232309706812419 0.0487190301608539 0.0 MAT1 STENOSIS 0.0 280 0 NOBOUND NONE
SEGMENT branch0_seg282 282 0.013320333285211755 5 282 283 0.04872548065683053 0.048732478843616735 0.0 MAT1 STENOSIS 0.0 281 0 NOBOUND NONE
SEGMENT branch0_seg283 283 0.013320333285211755 5 283 284 0.04874141790990371 0.04875767620277297 0.0 MAT1 STENOSIS 0.0 282 0 NOBOUND NONE
SEGMENT branch0_seg284 284 0.013320333285211755 5 284 285 0.048757108876887584 0.048755805988634444 0.0 MAT1 STENOSIS 0.0 283 0 NOBOUND NONE
SEGMENT branch0_seg285 285 0.013320333285211755 17 285 286 0.048752330571080575 0.04873702158355995 0.0 MAT1 STENOSIS 0.0 284 0 NOBOUND NONE
SEGMENT branch0_seg286 286 0.013320333285211755 5 286 287 0.048736993680043916 0.04872829559513732 0.0 MAT1 STENOSIS 0.0 285 0 NOBOUND NONE
SEGMENT branch0_seg287 287 0.013320333285211755 5 287 288 0.04872708601780855 0.048716013252156874 0.0 MAT1 STENOSIS 0.0 286 0 NOBOUND NONE
SEGMENT branch0_seg288 288 0.013320333285211016 17 288 289 0.034114248726351354 0.048725855089053825 0.0 MAT1 STENOSIS 0.0 287 0 NOBOUND NONE
SEGMENT branch0_seg289 289 0.013320333285211755 17 289 290 0.048727051577251 0.048717353661714015 0.0 MAT1 STENOSIS 0.0 288 0 NOBOUND NONE
SEGMENT branch0_seg290 290 0.013320333285211755 9 290 291 0.04871597735205461 0.048711474399643816 0.0 MAT1 STENOSIS 0.0 289 0 NOBOUND NONE
SEGMENT branch0_seg291 291 0.013320333285211755 15 291 292 0.027064005177503764 0.048732699620656794 0.0 MAT1 STENOSIS 0.0 290 0 NOBOUND NONE
SEGMENT branch0_seg292 292 0.013320333285212494 12 292 293 0.0487300431922102 0.04872738060794914 0.0 MAT1 STENOSIS 0.0 291 0 NOBOUND NONE
SEGMENT branch0_seg293 293 0.013320333285211755 8 293 294 0.04872475521858783 0.048729453242008385 0.0 MAT1 STENOSIS 0.0 292 0 NOBOUND NONE
SEGMENT branch0_seg294 294 0.013320333285211755 5 294 295 0.04872933972650412 0.04872442240112379 0.0 MAT1 STENOSIS 0.0 293 0 NOBOUND NONE
SEGMENT branch0_seg295 295 0.013320333285211755 5 295 296 0.048720343680200645 0.048707847721997016 0.0 MAT1 STENOSIS 0.0 294 0 NOBOUND NONE
SEGMENT branch0_seg296 296 0.013320333285211755 5 296 297 0.04870543029511225 0.04869046595499351 0.0 MAT1 STENOSIS 0.0 295 0 NOBOUND NONE
SEGMENT branch0_seg297 297 0.013320333285211755 5 297 298 0.04869111450260785 0.04868769532153458 0.0 MAT1 STENOSIS 0.0 296 0 NOBOUND NONE
SEGMENT branch0_seg298 298 0.013320333285211755 5 298 299 0.04869034329978634 0.04867929491915409 0.0 MAT1 STENOSIS 0.0 297 0 NOBOUND NONE
SEGMENT branch0_seg299 299 0.013320333285211755 5 299 300 0.04867830538995288 0.04867688302440136 0.0 MAT1 STENOSIS 0.0 298 0 NOBOUND NONE
SEGMENT branch0_seg300 300 0.013320333285212494 5 300 301 0.04867848307184679 0.048702581548518475 0.0 MAT1 STENOSIS 0.0 299 0 NOBOUND NONE
SEGMENT branch0_seg301 301 0.013320333285211755 15 301 302 0.04870561450056603 0.025053494816474293 0.0 MAT1 STENOSIS 0.0 300 0 NOBOUND NONE
SEGMENT branch0_seg302 302 0.013320333285212494 5 302 303 0.048714124251318366 0.04871069039122704 0.0 MAT1 STENOSIS 0.0 301 0 NOBOUND NONE
SEGMENT branch0_seg303 303 0.013320333285211755 16 303 304 0.023387695037891322 0.048712644900927825 0.0 MAT1 STENOSIS 0.0 302 0 NOBOUND NONE
SEGMENT branch0_seg304 304 0.013320333285212494 5 304 305 0.04870968336152774 0.04870228444734863 0.0 MAT1 STENOSIS 0.0 303 0 NOBOUND NONE
SEGMENT branch0_seg305 305 0.013320333285212494 5 305 306 0.04869988789334857 0.04868694883176523 0.0 MAT1 STENOSIS 0.0 304 0 NOBOUND NONE
SEGMENT branch0_seg306 306 0.013320333285211755 5 306 307 0.04868270191651771 0.04867111329128522 0.0 MAT1 STENOSIS 0.0 305 0 NOBOUND NONE
SEGMENT branch0_seg307 307 0.013320333285212494 8 307 308 0.04299658758589786 0.048668185573429106 0.0 MAT1 STENOSIS 0.0 306 0 NOBOUND NONE
SEGMENT branch0_seg308 308 0.013320333285212494 13 308 309 0.048669759479926786 0.03237920819318134 0.0 MAT1 STENOSIS 0.0 307 0 NOBOUND NONE
SEGMENT branch0_seg309 309 0.013320333285211755 5 309 310 0.04868983636641437 0.048705487271093945 0.0 MAT1 STENOSIS 0.0 308 0 NOBOUND NONE
SEGMENT branch0_seg310 310 0.013320333285212494 16 310 311 0.04870764628628893 0.0222613582592928 0.0 MAT1 STENOSIS 0.0 309 0 NOBOUND NONE
SEGMENT branch0_seg311 311 0.013320333285212494 11 311 312 0.04871534531247174 0.048714275695617516 0.0 MAT1 STENOSIS 0.0 310 0 NOBOUND NONE
SEGMENT branch0_seg312 312 0.013320333285211755 5 312 313 0.048708379183973895 0.04869217848935106 0.0 MAT1 STENOSIS 0.0 311 0 NOBOUND NONE
SEGMENT branch0_seg313 313 0.013320333285212494 5 313 314 0.04868313556436339 0.04868842699695559 0.0 MAT1 STENOSIS 0.0 312 0 NOBOUND NONE
SEGMENT branch0_seg314 314 0.013320333285212494 16 314 315 0.02190315346644579 0.04869665714623733 0.0 MAT1 STENOSIS 0.0 313 0 NOBOUND NONE
SEGMENT branch0_seg315 315 0.013320333285211755 14 315 316 0.048693113099520124 0.04868467611733942 0.0 MAT1 STENOSIS 0.0 314 0 NOBOUND NONE
SEGMENT branch0_seg316 316 0.013320333285212494 5 316 317 0.04868224929534094 0.04868419765237851 0.0 MAT1 STENOSIS 0.0 315 0 NOBOUND NONE
SEGMENT branch0_seg317 317 0.013320333285212494 5 317 318 0.04868161865562384 0.048693206397054906 0.0 MAT1 STENOSIS 0.0 316 0 NOBOUND NONE
SEGMENT branch0_seg318 318 0.013320333285211755 12 318 319 0.048694993032813154 0.04868933284774281 0.0 MAT1 STENOSIS 0.0 317 0 NOBOUND NONE
SEGMENT branch0_seg319 319 0.013320333285212494 7 319 320 0.048692179881968105 0.0486986648156751 0.0 MAT1 STENOSIS 0.0 318 0 NOBOUND NONE
SEGMENT branch0_seg320 320 0.013320333285212494 11 320 321 0.04870023368946765 0.04871145907993664 0.0 MAT1 STENOSIS 0.0 319 0 NOBOUND NONE
SEGMENT branch0_seg321 321 0.013320333285211755 5 321 322 0.048713261669806635 0.04870825750123956 0.0 MAT1 STENOSIS 0.0 320 0 NOBOUND NONE
SEGMENT branch0_seg322 322 0.013320333285212494 5 322 323 0.04870545122585849 0.048690154779957834 0.0 MAT1 STENOSIS 0.0 321 0 NOBOUND NONE
SEGMENT branch0_seg323 323 0.013320333285211755 5 323 324 0.048687737840210694 0.048671958311918236 0.0 MAT1 STENOSIS 0.0 322 0 NOBOUND NONE
SEGMENT branch0_seg324 324 0.013320333285212494 5 324 325 0.04866838537399794 0.048648560321220606 0.0 MAT1 STENOSIS 0.0 323 0 NOBOUND NONE
SEGMENT branch0_seg325 325 0.013320333285212494 5 325 326 0.04864677059626366 0.04865091283903106 0.0 MAT1 STENOSIS 0.0 324 0 NOBOUND NONE
SEGMENT branch0_seg326 326 0.013320333285211755 5 326 327 0.048644480219463694 0.04863849884280678 0.0 MAT1 STENOSIS 0.0 325 0 NOBOUND NONE
SEGMENT branch0_seg327 327 0.013320333285212494 5 327 328 0.04863624974249283 0.04864373161601675 0.0 MAT1 STENOSIS 0.0 326 0 NOBOUND NONE
SEGMENT branch0_seg328 328 0.013320333285212494 5 328 329 0.04865166660886154 0.0486628970371544 0.0 MAT1 STENOSIS 0.0 327 0 NOBOUND NONE
SEGMENT branch0_seg329 329 0.013320333285211755 5 329 330 0.048663728219532354 0.04867717382405416 0.0 MAT1 STENOSIS 0.0 328 0 NOBOUND NONE
SEGMENT branch0_seg330 330 0.013320333285212494 17 330 331 0.04868154467351524 0.04870569195414267 0.0 MAT1 STENOSIS 0.0 329 0 NOBOUND NONE
SEGMENT branch0_seg331 331 0.013320333285212494 15 331 332 0.048707801841720355 0.04871796138362546 0.0 MAT1 STENOSIS 0.0 330 0 NOBOUND NONE
SEGMENT branch0_seg332 332 0.013320333285211755 5 332 333 0.048723780674052086 0.04873780722161025 0.0 MAT1 STENOSIS 0.0 331 0 NOBOUND NONE
SEGMENT branch0_seg333 333 0.013320333285212494 5 333 334 0.04873708022166398 0.048728290777682676 0.0 MAT1 STENOSIS 0.0 332 0 NOBOUND NONE
SEGMENT branch0_seg334 334 0.013320333285212494 16 334 335 0.04873022535534042 0.02238631335232387 0.0 MAT1 STENOSIS 0.0 333 0 NOBOUND NONE
SEGMENT branch0_seg335 335 0.013320333285211755 17 335 336 0.04702076253098764 0.018734705571915374 0.0 MAT1 STENOSIS 0.0 334 0 NOBOUND NONE
SEGMENT branch0_seg336 336 0.013320333285212494 12 336 337 0.04869202780809236 0.033714767287441716 0.0 MAT1 STENOSIS 0.0 335 0 NOBOUND NONE
SEGMENT branch0_seg337 337 0.013320333285212494 16 337 338 0.04867038152938231 0.04866974514142109 0.0 MAT1 STENOSIS 0.0 336 0 NOBOUND NONE
SEGMENT branch0_seg338 338 0.013320333285211755 15 338 339 0.025729338850738 0.048677961347166974 0.0 MAT1 STENOSIS 0.0 337 0 NOBOUND NONE
SEGMENT branch0_seg339 339 0.013320333285212494 5 339 340 0.04868386779626207 0.048698505357318886 0.0 MAT1 STENOSIS 0.0 338 0 NOBOUND NONE
SEGMENT branch0_seg340 340 0.013320333285211755 5 340 341 0.04870021294896396 0.048711539456895575 0.0 MAT1 STENOSIS 0.0 339 0 NOBOUND NONE
SEGMENT branch0_seg341 341 0.013320333285212494 5 341 342 0.04871093145002069 0.04869904995838232 0.0 MAT1 STENOSIS 0.0 340 0 NOBOUND NONE
SEGMENT branch0_seg342 342 0.013320333285212494 10 342 343 0.04870115319914326 0.04870107958042656 0.0 MAT1 STENOSIS 0.0 341 0 NOBOUND NONE
SEGMENT branch0_seg343 343 0.013320333285211755 16 343 344 0.023660696846204057 0.048686897162073105 0.0 MAT1 STENOSIS 0.0 342 0 NOBOUND NONE
SEGMENT branch0_seg344 344 0.013320333285212494 5 344 345 0.04868567501221518 0.0486936245218695 0.0 MAT1 STENOSIS 0.0 343 0 NOBOUND NONE
SEGMENT branch0_seg345 345 0.013320333285212494 5 345 346 0.04869519762079767 0.048704593837819464 0.0 MAT1 STENOSIS 0.0 344 0 NOBOUND NONE
SEGMENT branch0_seg346 346 0.013320333285211755 5 346 347 0.04870341399029901 0.04870988230425427 0.0 MAT1 STENOSIS 0.0 345 0 NOBOUND NONE
SEGMENT branch0_seg347 347 0.013320333285212494 15 347 348 0.04870994535742124 0.0487051402845332 0.0 MAT1 STENOSIS 0.0 346 0 NOBOUND NONE
SEGMENT branch0_seg348 348 0.013320333285212494 11 348 349 0.048704306043697805 0.048694179119006094 0.0 MAT1 STENOSIS 0.0 347 0 NOBOUND NONE
SEGMENT branch0_seg349 349 0.013320333285211755 5 349 350 0.04868858204694925 0.048708121137542464 0.0 MAT1 STENOSIS 0.0 348 0 NOBOUND NONE
SEGMENT branch0_seg350 350 0.013320333285212494 5 350 351 0.04871122509745547 0.04872565456210257 0.0 MAT1 STENOSIS 0.0 349 0 NOBOUND NONE
SEGMENT branch0_seg351 351 0.013320333285211016 11 351 352 0.04872809347709947 0.04874283780488927 0.0 MAT1 STENOSIS 0.0 350 0 NOBOUND NONE
SEGMENT branch0_seg352 352 0.013320333285212494 11 352 353 0.04874315369761794 0.0366756896898783 0.0 MAT1 STENOSIS 0.0 351 0 NOBOUND NONE
SEGMENT branch0_seg353 353 0.013320333285212494 5 353 354 0.04872832545715822 0.04869937921984913 0.0 MAT1 STENOSIS 0.0 352 0 NOBOUND NONE
SEGMENT branch0_seg354 354 0.013320333285211755 5 354 355 0.048693579281208835 0.048679462889327514 0.0 MAT1 STENOSIS 0.0 353 0 NOBOUND NONE
SEGMENT branch0_seg355 355 0.013320333285212494 5 355 356 0.048678151072078395 0.048667827518646144 0.0 MAT1 STENOSIS 0.0 354 0 NOBOUND NONE
SEGMENT branch0_seg356 356 0.013320333285212494 5 356 357 0.04867056186430482 0.04868200771406626 0.0 MAT1 STENOSIS 0.0 355 0 NOBOUND NONE
SEGMENT branch0_seg357 357 0.013320333285211755 5 357 358 0.048688010672863144 0.04869832263403346 0.0 MAT1 STENOSIS 0.0 356 0 NOBOUND NONE
SEGMENT branch0_seg358 358 0.013320333285212494 5 358 359 0.048703797698580555 0.04870750507207546 0.0 MAT1 STENOSIS 0.0 357 0 NOBOUND NONE
SEGMENT branch0_seg359 359 0.013320333285212494 5 359 360 0.04871064483877345 0.04871053085359038 0.0 MAT1 STENOSIS 0.0 358 0 NOBOUND NONE
SEGMENT branch0_seg360 360 0.013320333285211755 17 360 361 0.04871117817225075 0.048713693344286296 0.0 MAT1 STENOSIS 0.0 359 0 NOBOUND NONE
SEGMENT branch0_seg361 361 0.013320333285212494 18 361 362 0.016073350679115538 0.048724441466156475 0.0 MAT1 STENOSIS 0.0 360 0 NOBOUND NONE
SEGMENT branch0_seg362 362 0.013320333285212494 5 362 363 0.04872444413270851 0.04872234050011519 0.0 MAT1 STENOSIS 0.0 361 0 NOBOUND NONE
SEGMENT branch0_seg363 363 0.013320333285211755 14 363 364 0.04871796024615539 0.029454513575785664 0.0 MAT1 STENOSIS 0.0 362 0 NOBOUND NONE
SEGMENT branch0_seg364 364 0.013320333285212494 18 364 365 0.0487087560502469 0.048712820412335635 0.0 MAT1 STENOSIS 0.0 363 0 NOBOUND NONE
SEGMENT branch0_seg365 365 0.013320333285212494 5 365 366 0.04871232569241933 0.048713482335495856 0.0 MAT1 STENOSIS 0.0 364 0 NOBOUND NONE
SEGMENT branch0_seg366 366 0.013320333285211755 5 366 367 0.048711101082667296 0.048713957388934775 0.0 MAT1 STENOSIS 0.0 365 0 NOBOUND NONE
SEGMENT branch0_seg367 367 0.013320333285212494 5 367 368 0.04871239112275708 0.04871064713285728 0.0 MAT1 STENOSIS 0.0 366 0 NOBOUND NONE
SEGMENT branch0_seg368 368 0.013320333285211755 5 368 369 0.04870916836639453 0.04870671816102058 0.0 MAT1 STENOSIS 0.0 367 0 NOBOUND NONE
SEGMENT branch0_seg369 369 0.013320333285212494 16 369 370 0.022211495893450093 0.04869762391631412 0.0 MAT1 STENOSIS 0.0 368 0 NOBOUND NONE
SEGMENT branch0_seg370 370 0.013320333285212494 5 370 371 0.048696550308813945 0.04870148889099586 0.0 MAT1 STENOSIS 0.0 369 0 NOBOUND NONE
SEGMENT branch0_seg371 371 0.013320333285211755 5 371 372 0.0487083296526234 0.04871337378638749 0.0 MAT1 STENOSIS 0.0 370 0 NOBOUND NONE
SEGMENT branch0_seg372 372 0.013320333285212494 15 372 373 0.04871163526949478 0.02539357989800383 0.0 MAT1 STENOSIS 0.0 371 0 NOBOUND NONE
SEGMENT branch0_seg373 373 0.013320333285212494 5 373 374 0.048703217081046836 0.04871881619997094 0.0 MAT1 STENOSIS 0.0 372 0 NOBOUND NONE
SEGMENT branch0_seg374 374 0.013320333285211755 5 374 375 0.04872407371321867 0.0487146301032836 0.0 MAT1 STENOSIS 0.0 373 0 NOBOUND NONE
SEGMENT branch0_seg375 375 0.013320333285212494 14 375 376 0.04871402253576759 0.04869959446407043 0.0 MAT1 STENOSIS 0.0 374 0 NOBOUND NONE
SEGMENT branch0_seg376 376 0.013320333285212494 5 376 377 0.04870019767079916 0.04868349775879642 0.0 MAT1 STENOSIS 0.0 375 0 NOBOUND NONE
SEGMENT branch0_seg377 377 0.013320333285211755 5 377 378 0.048683326599925206 0.04867711205969666 0.0 MAT1 STENOSIS 0.0 376 0 NOBOUND NONE
SEGMENT branch0_seg378 378 0.013320333285212494 5 378 379 0.048671436443287745 0.04868327730290989 0.0 MAT1 STENOSIS 0.0 377 0 NOBOUND NONE
SEGMENT branch0_seg379 379 0.013320333285212494 5 379 380 0.04868327968370872 0.04868020986044915 0.0 MAT1 STENOSIS 0.0 378 0 NOBOUND NONE
SEGMENT branch0_seg380 380 0.013320333285211755 17 380 381 0.04867693081750058 0.0486712279789771 0.0 MAT1 STENOSIS 0.0 379 0 NOBOUND NONE
SEGMENT branch0_seg381 381 0.013320333285212494 5 381 382 0.048667752887446014 0.048648924065186935 0.0 MAT1 STENOSIS 0.0 380 0 NOBOUND NONE
SEGMENT branch0_seg382 382 0.013320333285212494 10 382 383 0.048649118229547574 0.038483904445388704 0.0 MAT1 STENOSIS 0.0 381 0 NOBOUND NONE
SEGMENT branch0_seg383 383 0.013320333285211755 5 383 384 0.04865982849865892 0.04865777060450196 0.0 MAT1 STENOSIS 0.0 382 0 NOBOUND NONE
SEGMENT branch0_seg384 384 0.013320333285212494 5 384 385 0.04866085974566789 0.048672119705304294 0.0 MAT1 STENOSIS 0.0 383 0 NOBOUND NONE
SEGMENT branch0_seg385 385 0.013320333285212494 5 385 386 0.04867290051396259 0.04867482690979443 0.0 MAT1 STENOSIS 0.0 384 0 NOBOUND NONE
SEGMENT branch0_seg386 386 0.013320333285211755 5 386 387 0.04868044551592875 0.048674283955374396 0.0 MAT1 STENOSIS 0.0 385 0 NOBOUND NONE
SEGMENT branch0_seg387 387 0.013320333285212494 5 387 388 0.04867424488525175 0.04866408423493187 0.0 MAT1 STENOSIS 0.0 386 0 NOBOUND NONE
SEGMENT branch0_seg388 388 0.013320333285211755 18 388 389 0.04866463261749461 0.030982394039538737 0.0 MAT1 STENOSIS 0.0 387 0 NOBOUND NONE
SEGMENT branch0_seg389 389 0.013320333285212494 6 389 390 0.044690138210183604 0.048678265283664764 0.0 MAT1 STENOSIS 0.0 388 0 NOBOUND NONE
SEGMENT branch0_seg390 390 0.013320333285212494 5 390 391 0.046744099330030764 0.04869029395382748 0.0 MAT1 STENOSIS 0.0 389 0 NOBOUND NONE
SEGMENT branch0_seg391 391 0.013320333285211755 5 391 392 0.04869661828782847 0.048699632338937406 0.0 MAT1 STENOSIS 0.0 390 0 NOBOUND NONE
SEGMENT branch0_seg392 392 0.013320333285212494 5 392 393 0.048698769610578625 0.048694005845880066 0.0 MAT1 STENOSIS 0.0 391 0 NOBOUND NONE
SEGMENT branch0_seg393 393 0.013320333285212494 11 393 394 0.0486909618278017 0.048683748648643034 0.0 MAT1 STENOSIS 0.0 392 0 NOBOUND NONE
SEGMENT branch0_seg394 394 0.013320333285211755 12 394 395 0.04868435183160556 0.034924621608317545 0.0 MAT1 STENOSIS 0.0 393 0 NOBOUND NONE
SEGMENT branch0_seg395 395 0.013320333285212494 7 395 396 0.0486835469499981 0.04869957692286735 0.0 MAT1 STENOSIS 0.0 394 0 NOBOUND NONE
SEGMENT branch0_seg396 396 0.013320333285212494 15 396 397 0.048705604841963936 0.0487126962002718 0.0 MAT1 STENOSIS 0.0 395 0 NOBOUND NONE
SEGMENT branch0_seg397 397 0.013320333285211755 14 397 398 0.04871544729125003 0.028594540097647118 0.0 MAT1 STENOSIS 0.0 396 0 NOBOUND NONE
SEGMENT branch0_seg398 398 0.013320333285212494 15 398 399 0.02468938533835549 0.04869240123201455 0.0 MAT1 STENOSIS 0.0 397 0 NOBOUND NONE
SEGMENT branch0_seg399 399 0.013320333285212494 5 399 400 0.04869168901726101 0.04869282076051584 0.0 MAT1 STENOSIS 0.0 398 0 NOBOUND NONE
SEGMENT branch0_seg400 400 0.013320333285211755 5 400 401 0.04869152011297742 0.048701974786639374 0.0 MAT1 STENOSIS 0.0 399 0 NOBOUND NONE
SEGMENT branch0_seg401 401 0.013320333285212494 8 401 402 0.048699881795532377 0.04148804231161933 0.0 MAT1 STENOSIS 0.0 400 0 NOBOUND NONE
SEGMENT branch0_seg402 402 0.013320333285212494 5 402 403 0.04870956184146774 0.04871452121964786 0.0 MAT1 STENOSIS 0.0 401 0 NOBOUND NONE
SEGMENT branch0_seg403 403 0.013320333285211755 5 403 404 0.048712332611047564 0.0487023966517314 0.0 MAT1 STENOSIS 0.0 402 0 NOBOUND NONE
SEGMENT branch0_seg404 404 0.013320333285212494 15 404 405 0.04870379145460211 0.04871640805068981 0.0 MAT1 STENOSIS 0.0 403 0 NOBOUND NONE
SEGMENT branch0_seg405 405 0.013320333285212494 17 405 406 0.042800723286269694 0.04870347241429123 0.0 MAT1 STENOSIS 0.0 404 0 NOBOUND NONE
SEGMENT branch0_seg406 406 0.013320333285211755 5 406 407 0.04869797928806547 0.04867046793159986 0.0 MAT1 STENOSIS 0.0 405 0 NOBOUND NONE
SEGMENT branch0_seg407 407 0.013320333285212494 15 407 408 0.04732464910230703 0.04864308129273097 0.0 MAT1 STENOSIS 0.0 406 0 NOBOUND NONE
SEGMENT branch0_seg408 408 0.013320333285211755 17 408 409 0.02015993125969861 0.04864630579408963 0.0 MAT1 STENOSIS 0.0 407 0 NOBOUND NONE
SEGMENT branch0_seg409 409 0.013320333285212494 5 409 410 0.048645598526160634 0.04866359257413311 0.0 MAT1 STENOSIS 0.0 408 0 NOBOUND NONE
SEGMENT branch0_seg410 410 0.013320333285212494 5 410 411 0.048662580359571876 0.04866791467289612 0.0 MAT1 STENOSIS 0.0 409 0 NOBOUND NONE
SEGMENT branch0_seg411 411 0.013320333285211755 5 411 412 0.04867191006356926 0.048670527156307195 0.0 MAT1 STENOSIS 0.0 410 0 NOBOUND NONE
SEGMENT branch0_seg412 412 0.013320333285212494 15 412 413 0.048671917920717254 0.04868141786530664 0.0 MAT1 STENOSIS 0.0 411 0 NOBOUND NONE
SEGMENT branch0_seg413 413 0.013320333285212494 5 413 414 0.04868536481318478 0.048698694959512054 0.0 MAT1 STENOSIS 0.0 412 0 NOBOUND NONE
SEGMENT branch0_seg414 414 0.013320333285211755 17 414 415 0.04869811145795847 0.04466237192912298 0.0 MAT1 STENOSIS 0.0 413 0 NOBOUND NONE
SEGMENT branch0_seg415 415 0.013320333285212494 9 415 416 0.03989250583087406 0.04871672305257722 0.0 MAT1 STENOSIS 0.0 414 0 NOBOUND NONE
SEGMENT branch0_seg416 416 0.013320333285211016 12 416 417 0.033368002301593126 0.048702891968736554 0.0 MAT1 STENOSIS 0.0 415 0 NOBOUND NONE
SEGMENT branch0_seg417 417 0.013320333285212494 5 417 418 0.048701250578775654 0.048655557545706433 0.0 MAT1 STENOSIS 0.0 416 0 NOBOUND NONE
SEGMENT branch0_seg418 418 0.013320333285212494 5 418 419 0.04863670808485265 0.04851621634894466 0.0 MAT1 STENOSIS 0.0 417 0 NOBOUND NONE
SEGMENT branch0_seg419 419 0.013320333285211755 5 419 420 0.048488361864073404 0.048369985782106016 0.0 MAT1 STENOSIS 0.0 418 0 NOBOUND NONE
SEGMENT branch0_seg420 420 0.013320333285212494 5 420 421 0.04830547959845153 0.04822200569027811 0.0 MAT1 STENOSIS 0.0 419 0 NOBOUND NONE
SEGMENT branch0_seg421 421 0.013320333285212494 5 421 422 0.04824736310984169 0.04838618826943265 0.0 MAT1 STENOSIS 0.0 420 0 NOBOUND NONE
SEGMENT branch0_seg422 422 0.013320333285211755 5 422 423 0.04881788262270804 0.04983595213823546 0.0 MAT1 STENOSIS 0.0 421 0 NOBOUND NONE
SEGMENT branch0_seg423 423 0.013320333285212494 1000 423 424 0.0519529804860199 0.0519529804860199 0.0 MAT1 STENOSIS 0.0 422 0 NOBOUND NONE
SEGMENT branch0_seg424 424 0.013320333285212494 1000 424 425 0.05778611154045733 0.05778611154045733 0.0 MAT1 STENOSIS 0.0 423 0 NOBOUND NONE
SEGMENT branch0_seg425 425 0.013320333285211755 1000 425 426 0.07084790106738056 0.07084790106738056 0.0 MAT1 STENOSIS 0.0 424 0 NOBOUND NONE
SEGMENT branch0_seg426 426 0.013320333285212494 1000 426 427 0.07084790106738056 0.07084790106738056 0.0 MAT1 STENOSIS 0.0 425 0 NOBOUND NONE
SEGMENT branch0_seg427 427 0.013320333285212494 1000 427 428 0.0798805298003146 0.0798805298003146 0.0 MAT1 STENOSIS 0.0 426 0 NOBOUND NONE
SEGMENT branch0_seg428 428 0.013320333285211755 1000 428 429 0.08050224160657458 0.08050224160657458 0.0 MAT1 STENOSIS 0.0 427 0 NOBOUND NONE
SEGMENT branch0_seg429 429 0.013320333285212494 1000 429 430 0.08050224160657458 0.08050224160657458 0.0 MAT1 STENOSIS 0.0 428 0 NOBOUND NONE
SEGMENT branch0_seg430 430 0.013320333285212494 5 430 431 0.08016922064075156 0.0802789953598085 0.0 MAT1 STENOSIS 0.0 429 0 NOBOUND NONE
SEGMENT branch0_seg431 431 0.013320333285211755 5 431 432 0.08056603074370769 0.08001732178622775 0.0 MAT1 STENOSIS 0.0 430 0 NOBOUND NONE
SEGMENT branch0_seg432 432 0.013320333285212494 12 432 433 0.07995098277935957 0.07991399265146773 0.0 MAT1 STENOSIS 0.0 431 0 NOBOUND NONE
SEGMENT branch0_seg433 433 0.013320333285211755 19 433 434 0.07991223030956264 0.0798976075496578 0.0 MAT1 STENOSIS 0.0 432 0 NOBOUND NONE
SEGMENT branch0_seg434 434 0.013320333285212494 5 434 435 0.07989788401022482 0.07990794883816144 0.0 MAT1 STENOSIS 0.0 433 0 NOBOUND NONE
SEGMENT branch0_seg435 435 0.013320333285212494 13 435 436 0.07991035316863017 0.06255500907933502 0.0 MAT1 STENOSIS 0.0 434 0 NOBOUND NONE
SEGMENT branch0_seg436 436 0.013320333285211755 5 436 437 0.0799331738847191 0.07993950094496159 0.0 MAT1 STENOSIS 0.0 435 0 NOBOUND NONE
SEGMENT branch0_seg437 437 0.013320333285212494 17 437 438 0.07993992756722647 0.07992809712786857 0.0 MAT1 STENOSIS 0.0 436 0 NOBOUND NONE
SEGMENT branch0_seg438 438 0.013320333285212494 5 438 439 0.07992489299826075 0.07992181508091407 0.0 MAT1 STENOSIS 0.0 437 0 NOBOUND NONE
SEGMENT branch0_seg439 439 0.013320333285211755 5 439 440 0.07749946217966486 0.0799135139898697 0.0 MAT1 STENOSIS 0.0 438 0 NOBOUND NONE
SEGMENT branch0_seg440 440 0.013320333285212494 5 440 441 0.079916096795704 0.07990311506357681 0.0 MAT1 STENOSIS 0.0 439 0 NOBOUND NONE
SEGMENT branch0_seg441 441 0.013320333285212494 5 441 442 0.07990360722951476 0.07990996717318423 0.0 MAT1 STENOSIS 0.0 440 0 NOBOUND NONE
SEGMENT branch0_seg442 442 0.013320333285211755 20 442 443 0.07990885231687461 0.07991030898489677 0.0 MAT1 STENOSIS 0.0 441 0 NOBOUND NONE
SEGMENT branch0_seg443 443 0.013320333285212494 5 443 444 0.07991441877177494 0.07990906526513673 0.0 MAT1 STENOSIS 0.0 442 0 NOBOUND NONE
SEGMENT branch0_seg444 444 0.013320333285212494 11 444 445 0.0799101016208907 0.07992846557760332 0.0 MAT1 STENOSIS 0.0 443 0 NOBOUND NONE
SEGMENT branch0_seg445 445 0.013320333285211755 5 445 446 0.07993182031769175 0.07993003895498998 0.0 MAT1 STENOSIS 0.0 444 0 NOBOUND NONE
SEGMENT branch0_seg446 446 0.013320333285212494 5 446 447 0.0799237551887576 0.0799288493383297 0.0 MAT1 STENOSIS 0.0 445 0 NOBOUND NONE
SEGMENT branch0_seg447 447 0.013320333285212494 9 447 448 0.07992756206614622 0.07199957643112381 0.0 MAT1 STENOSIS 0.0 446 0 NOBOUND NONE
SEGMENT branch0_seg448 448 0.013320333285211755 5 448 449 0.07991805666936853 0.0799303977557395 0.0 MAT1 STENOSIS 0.0 447 0 NOBOUND NONE
SEGMENT branch0_seg449 449 0.013320333285212494 5 449 450 0.07993312376288329 0.07992675010379091 0.0 MAT1 STENOSIS 0.0 448 0 NOBOUND NONE
SEGMENT branch0_seg450 450 0.013320333285212494 22 450 451 0.07992380381359673 0.0799229247935909 0.0 MAT1 STENOSIS 0.0 449 0 NOBOUND NONE
SEGMENT branch0_seg451 451 0.013320333285211755 13 451 452 0.06347090928613612 0.07991264916300019 0.0 MAT1 STENOSIS 0.0 450 0 NOBOUND NONE
SEGMENT branch0_seg452 452 0.013320333285212494 13 452 453 0.07990515637592367 0.0799044499821305 0.0 MAT1 STENOSIS 0.0 451 0 NOBOUND NONE
SEGMENT branch0_seg453 453 0.013320333285211755 5 453 454 0.07990375261825275 0.07697713597777717 0.0 MAT1 STENOSIS 0.0 452 0 NOBOUND NONE
SEGMENT branch0_seg454 454 0.013320333285212494 5 454 455 0.07991473906545131 0.07991948654159815 0.0 MAT1 STENOSIS 0.0 453 0 NOBOUND NONE
SEGMENT branch0_seg455 455 0.013320333285212494 5 455 456 0.07992267021785747 0.07993103975642027 0.0 MAT1 STENOSIS 0.0 454 0 NOBOUND NONE
SEGMENT branch0_seg456 456 0.013320333285211755 14 456 457 0.07992892143078692 0.07993392828172424 0.0 MAT1 STENOSIS 0.0 455 0 NOBOUND NONE
SEGMENT branch0_seg457 457 0.013320333285212494 5 457 458 0.07993440430499214 0.07991143595791986 0.0 MAT1 STENOSIS 0.0 456 0 NOBOUND NONE
SEGMENT branch0_seg458 458 0.013320333285212494 16 458 459 0.0799057476502034 0.07988462244689355 0.0 MAT1 STENOSIS 0.0 457 0 NOBOUND NONE
SEGMENT branch0_seg459 459 0.013320333285211755 5 459 460 0.07987994722850729 0.07986622739668818 0.0 MAT1 STENOSIS 0.0 458 0 NOBOUND NONE
SEGMENT branch0_seg460 460 0.013320333285212494 5 460 461 0.07986972076200856 0.07986922376206226 0.0 MAT1 STENOSIS 0.0 459 0 NOBOUND NONE
SEGMENT branch0_seg461 461 0.013320333285212494 5 461 462 0.07987734906656109 0.07989445563413028 0.0 MAT1 STENOSIS 0.0 460 0 NOBOUND NONE
SEGMENT branch0_seg462 462 0.013320333285211755 5 462 463 0.0799006935434956 0.07989969122287409 0.0 MAT1 STENOSIS 0.0 461 0 NOBOUND NONE
SEGMENT branch0_seg463 463 0.013320333285212494 7 463 464 0.07565343493696676 0.07990817413617328 0.0 MAT1 STENOSIS 0.0 462 0 NOBOUND NONE
SEGMENT branch0_seg464 464 0.013320333285212494 5 464 465 0.07989704097321995 0.07988313628270258 0.0 MAT1 STENOSIS 0.0 463 0 NOBOUND NONE
SEGMENT branch0_seg465 465 0.013320333285211755 5 465 466 0.07986918253256786 0.07984488362982221 0.0 MAT1 STENOSIS 0.0 464 0 NOBOUND NONE
SEGMENT branch0_seg466 466 0.013320333285212494 8 466 467 0.07984124273849957 0.07983540055480803 0.0 MAT1 STENOSIS 0.0 465 0 NOBOUND NONE
SEGMENT branch0_seg467 467 0.013320333285212494 22 467 468 0.0798397128530679 0.07984364572532948 0.0 MAT1 STENOSIS 0.0 466 0 NOBOUND NONE
SEGMENT branch0_seg468 468 0.013320333285211755 5 468 469 0.07984866379484155 0.07986350360990234 0.0 MAT1 STENOSIS 0.0 467 0 NOBOUND NONE
SEGMENT branch0_seg469 469 0.013320333285212494 5 469 470 0.0798618818870408 0.07986134826100476 0.0 MAT1 STENOSIS 0.0 468 0 NOBOUND NONE
SEGMENT branch0_seg470 470 0.013320333285212494 18 470 471 0.07986352507704679 0.048284763593939684 0.0 MAT1 STENOSIS 0.0 469 0 NOBOUND NONE
SEGMENT branch0_seg471 471 0.013320333285211755 5 471 472 0.07985929880687707 0.07985367899617053 0.0 MAT1 STENOSIS 0.0 470 0 NOBOUND NONE
SEGMENT branch0_seg472 472 0.013320333285212494 21 472 473 0.07984671903180494 0.07983498160193485 0.0 MAT1 STENOSIS 0.0 471 0 NOBOUND NONE
SEGMENT branch0_seg473 473 0.013320333285211755 5 473 474 0.07983555428257891 0.079837209881108 0.0 MAT1 STENOSIS 0.0 472 0 NOBOUND NONE
SEGMENT branch0_seg474 474 0.013320333285212494 5 474 475 0.07983567657018661 0.07983907035914721 0.0 MAT1 STENOSIS 0.0 473 0 NOBOUND NONE
SEGMENT branch0_seg475 475 0.013320333285212494 21 475 476 0.07984131830678229 0.07984847376838682 0.0 MAT1 STENOSIS 0.0 474 0 NOBOUND NONE
SEGMENT branch0_seg476 476 0.013320333285211755 5 476 477 0.07984848322522531 0.07776352844355684 0.0 MAT1 STENOSIS 0.0 475 0 NOBOUND NONE
SEGMENT branch0_seg477 477 0.013320333285212494 5 477 478 0.07985052022181208 0.07984731682285096 0.0 MAT1 STENOSIS 0.0 476 0 NOBOUND NONE
SEGMENT branch0_seg478 478 0.013320333285212494 5 478 479 0.07984761229777383 0.07986318080519149 0.0 MAT1 STENOSIS 0.0 477 0 NOBOUND NONE
SEGMENT branch0_seg479 479 0.013320333285211016 23 479 480 0.07986496835301445 0.028433144140154208 0.0 MAT1 STENOSIS 0.0 478 0 NOBOUND NONE
SEGMENT branch0_seg480 480 0.013320333285212494 5 480 481 0.07987424642328426 0.0798642250077763 0.0 MAT1 STENOSIS 0.0 479 0 NOBOUND NONE
SEGMENT branch0_seg481 481 0.013320333285211755 5 481 482 0.07986453191021729 0.07982708086398577 0.0 MAT1 STENOSIS 0.0 480 0 NOBOUND NONE
SEGMENT branch0_seg482 482 0.013320333285212494 5 482 483 0.07982666449400729 0.07982631065201219 0.0 MAT1 STENOSIS 0.0 481 0 NOBOUND NONE
SEGMENT branch0_seg483 483 0.013320333285212494 5 483 484 0.07983152858716769 0.0798449063206584 0.0 MAT1 STENOSIS 0.0 482 0 NOBOUND NONE
SEGMENT branch0_seg484 484 0.013320333285211755 5 484 485 0.07984660046698888 0.07985468120113637 0.0 MAT1 STENOSIS 0.0 483 0 NOBOUND NONE
SEGMENT branch0_seg485 485 0.013320333285212494 5 485 486 0.07986550722220176 0.07986946874918599 0.0 MAT1 STENOSIS 0.0 484 0 NOBOUND NONE
SEGMENT branch0_seg486 486 0.013320333285212494 5 486 487 0.07986411468183344 0.07985798420541904 0.0 MAT1 STENOSIS 0.0 485 0 NOBOUND NONE
SEGMENT branch0_seg487 487 0.013320333285211755 23 487 488 0.02517491804894497 0.07987223043142337 0.0 MAT1 STENOSIS 0.0 486 0 NOBOUND NONE
SEGMENT branch0_seg488 488 0.013320333285212494 5 488 489 0.0798750361544971 0.07987787304260766 0.0 MAT1 STENOSIS 0.0 487 0 NOBOUND NONE
SEGMENT branch0_seg489 489 0.013320333285212494 11 489 490 0.07777881627263251 0.07988973664810596 0.0 MAT1 STENOSIS 0.0 488 0 NOBOUND NONE
SEGMENT branch0_seg490 490 0.013320333285211755 5 490 491 0.07989285217596295 0.07989169300711145 0.0 MAT1 STENOSIS 0.0 489 0 NOBOUND NONE
SEGMENT branch0_seg491 491 0.013320333285212494 5 491 492 0.0798917877776284 0.07988217729190171 0.0 MAT1 STENOSIS 0.0 490 0 NOBOUND NONE
SEGMENT branch0_seg492 492 0.013320333285212494 5 492 493 0.07987533601067881 0.079884816288477 0.0 MAT1 STENOSIS 0.0 491 0 NOBOUND NONE
SEGMENT branch0_seg493 493 0.013320333285211755 5 493 494 0.07988241735669988 0.07986574298163591 0.0 MAT1 STENOSIS 0.0 492 0 NOBOUND NONE
SEGMENT branch0_seg494 494 0.013320333285212494 23 494 495 0.029148095440586216 0.07986908783843047 0.0 MAT1 STENOSIS 0.0 493 0 NOBOUND NONE
SEGMENT branch0_seg495 495 0.013320333285212494 21 495 496 0.03421354714654461 0.07987864734070389 0.0 MAT1 STENOSIS 0.0 494 0 NOBOUND NONE
SEGMENT branch0_seg496 496 0.013320333285211755 5 496 497 0.07988024615642868 0.07985459595686425 0.0 MAT1 STENOSIS 0.0 495 0 NOBOUND NONE
SEGMENT branch0_seg497 497 0.013320333285212494 5 497 498 0.07984375418204173 0.07983825243878197 0.0 MAT1 STENOSIS 0.0 496 0 NOBOUND NONE
SEGMENT branch0_seg498 498 0.013320333285212494 15 498 499 0.0798406666279939 0.07984070760074473 0.0 MAT1 STENOSIS 0.0 497 0 NOBOUND NONE
SEGMENT branch0_seg499 499 0.013320333285211755 5 499 500 0.07983572029216808 0.07985158356500698 0.0 MAT1 STENOSIS 0.0 498 0 NOBOUND NONE
SEGMENT branch0_seg500 500 0.013320333285211755 19 500 501 0.07984855760270644 0.07257349000129458 0.0 MAT1 STENOSIS 0.0 499 0 NOBOUND NONE
SEGMENT branch0_seg501 501 0.013320333285213235 5 501 502 0.07984712823876078 0.07984331468363692 0.0 MAT1 STENOSIS 0.0 500 0 NOBOUND NONE
SEGMENT branch0_seg502 502 0.013320333285211755 5 502 503 0.07984815007075333 0.07984301061407746 0.0 MAT1 STENOSIS 0.0 501 0 NOBOUND NONE
SEGMENT branch0_seg503 503 0.013320333285211755 5 503 504 0.07983898688103683 0.07983178217950694 0.0 MAT1 STENOSIS 0.0 502 0 NOBOUND NONE
SEGMENT branch0_seg504 504 0.013320333285213235 25 504 505 0.01784223090206608 0.07984014791434468 0.0 MAT1 STENOSIS 0.0 503 0 NOBOUND NONE
SEGMENT branch0_seg505 505 0.013320333285211755 13 505 506 0.0633372583280936 0.07984974022478342 0.0 MAT1 STENOSIS 0.0 504 0 NOBOUND NONE
SEGMENT branch0_seg506 506 0.013320333285211755 5 506 507 0.07984224058230005 0.0798596906968816 0.0 MAT1 STENOSIS 0.0 505 0 NOBOUND NONE
SEGMENT branch0_seg507 507 0.013320333285213235 5 507 508 0.0779188594204469 0.07728642343630622 0.0 MAT1 STENOSIS 0.0 506 0 NOBOUND NONE
SEGMENT branch0_seg508 508 0.013320333285211755 5 508 509 0.07987531225762394 0.07989310189174732 0.0 MAT1 STENOSIS 0.0 507 0 NOBOUND NONE
SEGMENT branch0_seg509 509 0.013320333285211755 5 509 510 0.07848078637319415 0.07986815145202879 0.0 MAT1 STENOSIS 0.0 508 0 NOBOUND NONE
SEGMENT branch0_seg510 510 0.013320333285213235 5 510 511 0.07986370803942629 0.0798602440436904 0.0 MAT1 STENOSIS 0.0 509 0 NOBOUND NONE
SEGMENT branch0_seg511 511 0.013320333285211755 5 511 512 0.07986410109935033 0.0798798339717539 0.0 MAT1 STENOSIS 0.0 510 0 NOBOUND NONE
SEGMENT branch0_seg512 512 0.013320333285211755 7 512 513 0.07987787364349805 0.07446881377340334 0.0 MAT1 STENOSIS 0.0 511 0 NOBOUND NONE
SEGMENT branch0_seg513 513 0.013320333285213235 5 513 514 0.07988715937120737 0.07986923318113444 0.0 MAT1 STENOSIS 0.0 512 0 NOBOUND NONE
SEGMENT branch0_seg514 514 0.013320333285211755 16 514 515 0.07986591170220121 0.07988198949165444 0.0 MAT1 STENOSIS 0.0 513 0 NOBOUND NONE
SEGMENT branch0_seg515 515 0.013320333285211755 5 515 516 0.07987884012011391 0.07986734251850693 0.0 MAT1 STENOSIS 0.0 514 0 NOBOUND NONE
SEGMENT branch0_seg516 516 0.013320333285213235 5 516 517 0.07985550685340165 0.07984773171713935 0.0 MAT1 STENOSIS 0.0 515 0 NOBOUND NONE
SEGMENT branch0_seg517 517 0.013320333285211755 5 517 518 0.07984638875192233 0.07982903004135342 0.0 MAT1 STENOSIS 0.0 516 0 NOBOUND NONE
SEGMENT branch0_seg518 518 0.013320333285211755 5 518 519 0.07982863941223635 0.07983354818469174 0.0 MAT1 STENOSIS 0.0 517 0 NOBOUND NONE
SEGMENT branch0_seg519 519 0.013320333285213235 5 519 520 0.07714991602664628 0.07980716810216722 0.0 MAT1 STENOSIS 0.0 518 0 NOBOUND NONE
SEGMENT branch0_seg520 520 0.013320333285211755 5 520 521 0.07979922294691127 0.07981559393331847 0.0 MAT1 STENOSIS 0.0 519 0 NOBOUND NONE
SEGMENT branch0_seg521 521 0.013320333285211755 5 521 522 0.07981773477918325 0.07979526388134817 0.0 MAT1 STENOSIS 0.0 520 0 NOBOUND NONE
SEGMENT branch0_seg522 522 0.013320333285213235 5 522 523 0.0797949789140519 0.07979661846091424 0.0 MAT1 STENOSIS 0.0 521 0 NOBOUND NONE
SEGMENT branch0_seg523 523 0.013320333285211755 5 523 524 0.07979216271527055 0.07978983345624226 0.0 MAT1 STENOSIS 0.0 522 0 NOBOUND NONE
SEGMENT branch0_seg524 524 0.013320333285211755 5 524 525 0.07978519909739559 0.07978567232458586 0.0 MAT1 STENOSIS 0.0 523 0 NOBOUND NONE
SEGMENT branch0_seg525 525 0.013320333285213235 8 525 526 0.07977853994791104 0.07265489433704478 0.0 MAT1 STENOSIS 0.0 524 0 NOBOUND NONE
SEGMENT branch0_seg526 526 0.013320333285211755 17 526 527 0.04947501157518761 0.07977229405211429 0.0 MAT1 STENOSIS 0.0 525 0 NOBOUND NONE
SEGMENT branch0_seg527 527 0.013320333285211755 5 527 528 0.07978394934745017 0.07980013070292986 0.0 MAT1 STENOSIS 0.0 526 0 NOBOUND NONE
SEGMENT branch0_seg528 528 0.013320333285211755 5 528 529 0.07979722036023214 0.07981241427986986 0.0 MAT1 STENOSIS 0.0 527 0 NOBOUND NONE
SEGMENT branch0_seg529 529 0.013320333285213235 5 529 530 0.07982552489174717 0.07982956023251878 0.0 MAT1 STENOSIS 0.0 528 0 NOBOUND NONE
SEGMENT branch0_seg530 530 0.013320333285211755 22 530 531 0.031106427797909796 0.07983820134326668 0.0 MAT1 STENOSIS 0.0 529 0 NOBOUND NONE
SEGMENT branch0_seg531 531 0.013320333285211755 5 531 532 0.07983903623675954 0.07985339483128594 0.0 MAT1 STENOSIS 0.0 530 0 NOBOUND NONE
SEGMENT branch0_seg532 532 0.013320333285213235 5 532 533 0.07985363980769504 0.07987275000061313 0.0 MAT1 STENOSIS 0.0 531 0 NOBOUND NONE
SEGMENT branch0_seg533 533 0.013320333285211755 5 533 534 0.07988631886147546 0.07990892572832592 0.0 MAT1 STENOSIS 0.0 532 0 NOBOUND NONE
SEGMENT branch0_seg534 534 0.013320333285211755 5 534 535 0.07992486852081164 0.07992637679255074 0.0 MAT1 STENOSIS 0.0 533 0 NOBOUND NONE
SEGMENT branch0_seg535 535 0.013320333285213235 5 535 536 0.07993236222130658 0.07994822619528459 0.0 MAT1 STENOSIS 0.0 534 0 NOBOUND NONE
SEGMENT branch0_seg536 536 0.013320333285211755 5 536 537 0.07994807744795486 0.0799504037069726 0.0 MAT1 STENOSIS 0.0 535 0 NOBOUND NONE
SEGMENT branch0_seg537 537 0.013320333285211755 5 537 538 0.07995432815867719 0.07994633631369935 0.0 MAT1 STENOSIS 0.0 536 0 NOBOUND NONE
SEGMENT branch0_seg538 538 0.013320333285213235 5 538 539 0.07993981149979551 0.07992333744815568 0.0 MAT1 STENOSIS 0.0 537 0 NOBOUND NONE
SEGMENT branch0_seg539 539 0.013320333285211755 5 539 540 0.07992165028912426 0.07991337756483179 0.0 MAT1 STENOSIS 0.0 538 0 NOBOUND NONE
SEGMENT branch0_seg540 540 0.013320333285211755 5 540 541 0.07991350601374397 0.07990557487552703 0.0 MAT1 STENOSIS 0.0 539 0 NOBOUND NONE
SEGMENT branch0_seg541 541 0.013320333285213235 5 541 542 0.07989976342330443 0.07989534036994686 0.0 MAT1 STENOSIS 0.0 540 0 NOBOUND NONE
SEGMENT branch0_seg542 542 0.013320333285211755 5 542 543 0.079892585351201 0.07988546682410402 0.0 MAT1 STENOSIS 0.0 541 0 NOBOUND NONE
SEGMENT branch0_seg543 543 0.013320333285211755 15 543 544 0.07988606934055283 0.07988180640650609 0.0 MAT1 STENOSIS 0.0 542 0 NOBOUND NONE
SEGMENT branch0_seg544 544 0.013320333285213235 5 544 545 0.07988234232491415 0.07988346537273819 0.0 MAT1 STENOSIS 0.0 543 0 NOBOUND NONE
SEGMENT branch0_seg545 545 0.013320333285211755 5 545 546 0.07988676992157524 0.07987568426224301 0.0 MAT1 STENOSIS 0.0 544 0 NOBOUND NONE
SEGMENT branch0_seg546 546 0.013320333285211755 5 546 547 0.07987273793248507 0.07987142092023983 0.0 MAT1 STENOSIS 0.0 545 0 NOBOUND NONE
SEGMENT branch0_seg547 547 0.013320333285213235 5 547 548 0.07987388889673509 0.07988735523141449 0.0 MAT1 STENOSIS 0.0 546 0 NOBOUND NONE
SEGMENT branch0_seg548 548 0.013320333285211755 5 548 549 0.07989354310689939 0.07991408136594098 0.0 MAT1 STENOSIS 0.0 547 0 NOBOUND NONE
SEGMENT branch0_seg549 549 0.013320333285211755 18 549 550 0.07991791592842719 0.07992647608465142 0.0 MAT1 STENOSIS 0.0 548 0 NOBOUND NONE
SEGMENT branch0_seg550 550 0.013320333285213235 5 550 551 0.07992613265506072 0.07993605218628468 0.0 MAT1 STENOSIS 0.0 549 0 NOBOUND NONE
SEGMENT branch0_seg551 551 0.013320333285211755 5 551 552 0.07993664591481447 0.07992522124304137 0.0 MAT1 STENOSIS 0.0 550 0 NOBOUND NONE
SEGMENT branch0_seg552 552 0.013320333285211755 22 552 553 0.07992206800888381 0.07990911078086024 0.0 MAT1 STENOSIS 0.0 551 0 NOBOUND NONE
SEGMENT branch0_seg553 553 0.013320333285213235 5 553 554 0.07990799379847288 0.07990980205566232 0.0 MAT1 STENOSIS 0.0 552 0 NOBOUND NONE
SEGMENT branch0_seg554 554 0.013320333285211755 5 554 555 0.07990788533966643 0.07990638570615245 0.0 MAT1 STENOSIS 0.0 553 0 NOBOUND NONE
SEGMENT branch0_seg555 555 0.013320333285211755 5 555 556 0.07743855269378039 0.07990233562627727 0.0 MAT1 STENOSIS 0.0 554 0 NOBOUND NONE
SEGMENT branch0_seg556 556 0.013320333285213235 5 556 557 0.07990067223438015 0.07989533920504002 0.0 MAT1 STENOSIS 0.0 555 0 NOBOUND NONE
SEGMENT branch0_seg557 557 0.013320333285211755 5 557 558 0.07989332855319303 0.07989187038016504 0.0 MAT1 STENOSIS 0.0 556 0 NOBOUND NONE
SEGMENT branch0_seg558 558 0.013320333285211755 11 558 559 0.07989182222399537 0.07988798072162348 0.0 MAT1 STENOSIS 0.0 557 0 NOBOUND NONE
SEGMENT branch0_seg559 559 0.013320333285213235 5 559 560 0.07989198884877227 0.07990312668923336 0.0 MAT1 STENOSIS 0.0 558 0 NOBOUND NONE
SEGMENT branch0_seg560 560 0.013320333285211755 5 560 561 0.07991108271653506 0.07991519972175866 0.0 MAT1 STENOSIS 0.0 559 0 NOBOUND NONE
SEGMENT branch0_seg561 561 0.013320333285211755 12 561 562 0.07991771917815195 0.06513202050505483 0.0 MAT1 STENOSIS 0.0 560 0 NOBOUND NONE
SEGMENT branch0_seg562 562 0.013320333285213235 6 562 563 0.07991570563044974 0.07648664737961677 0.0 MAT1 STENOSIS 0.0 561 0 NOBOUND NONE
SEGMENT branch0_seg563 563 0.013320333285211755 5 563 564 0.07991681706753566 0.07991286761760447 0.0 MAT1 STENOSIS 0.0 562 0 NOBOUND NONE
SEGMENT branch0_seg564 564 0.013320333285211755 22 564 565 0.07991266856624887 0.07991808834626277 0.0 MAT1 STENOSIS 0.0 563 0 NOBOUND NONE
SEGMENT branch0_seg565 565 0.013320333285213235 5 565 566 0.07991833539886667 0.07989314609570691 0.0 MAT1 STENOSIS 0.0 564 0 NOBOUND NONE
SEGMENT branch0_seg566 566 0.013320333285211755 5 566 567 0.07988293760920166 0.07981272232261098 0.0 MAT1 STENOSIS 0.0 565 0 NOBOUND NONE
SEGMENT branch0_seg567 567 0.013320333285211755 5 567 568 0.07979795471027512 0.07967274947821851 0.0 MAT1 STENOSIS 0.0 566 0 NOBOUND NONE
SEGMENT branch0_seg568 568 0.013320333285211755 6 568 569 0.07965217649489235 0.0759942783221953 0.0 MAT1 STENOSIS 0.0 567 0 NOBOUND NONE
SEGMENT branch0_seg569 569 0.013320333285213235 5 569 570 0.07953711937526639 0.07958076960253528 0.0 MAT1 STENOSIS 0.0 568 0 NOBOUND NONE
SEGMENT branch0_seg570 570 0.013320333285211755 1000 570 571 0.07979743696180516 0.07979743696180516 0.0 MAT1 STENOSIS 0.0 569 0 NOBOUND NONE
SEGMENT branch0_seg571 571 0.013320333285211755 1000 571 572 0.08067886120618006 0.08067886120618006 0.0 MAT1 STENOSIS 0.0 570 0 NOBOUND NONE
SEGMENT branch0_seg572 572 0.013320333285213235 6 572 573 0.08295222381461591 0.08686109315280434 0.0 MAT1 STENOSIS 0.0 571 0 NOBOUND NONE
SEGMENT branch0_seg573 573 0.013320333285211755 1000 573 574 0.09060317027855015 0.09060317027855015 0.0 MAT1 STENOSIS 0.0 572 0 NOBOUND NONE
SEGMENT branch0_seg574 574 0.013320333285211755 5 574 575 0.0930367983579771 0.09461980108152368 0.0 MAT1 STENOSIS 0.0 573 0 NOBOUND NONE
SEGMENT branch0_seg575 575 0.013320333285213235 1000 575 576 0.09552610943395738 0.09552610943395738 0.0 MAT1 STENOSIS 0.0 574 0 NOBOUND NONE
SEGMENT branch0_seg576 576 0.013320333285210277 8 576 577 0.09035640264633228 0.09624066095078165 0.0 MAT1 STENOSIS 0.0 575 0 NOBOUND NONE
SEGMENT branch0_seg577 577 0.013320333285211755 5 577 578 0.09642679215226514 0.09575070683055399 0.0 MAT1 STENOSIS 0.0 576 0 NOBOUND NONE
SEGMENT branch0_seg578 578 0.013320333285213235 5 578 579 0.09573639008731838 0.09563916283962023 0.0 MAT1 STENOSIS 0.0 577 0 NOBOUND NONE
SEGMENT branch0_seg579 579 0.013320333285211755 25 579 580 0.09563062928244744 0.0956222394243076 0.0 MAT1 STENOSIS 0.0 578 0 NOBOUND NONE
SEGMENT branch0_seg580 580 0.013320333285211755 5 580 581 0.09562389136781818 0.09563910781045318 0.0 MAT1 STENOSIS 0.0 579 0 NOBOUND NONE
SEGMENT branch0_seg581 581 0.013320333285213235 5 581 582 0.09564942386108113 0.09564758014153839 0.0 MAT1 STENOSIS 0.0 580 0 NOBOUND NONE
SEGMENT branch0_seg582 582 0.013320333285211755 5 582 583 0.09564258714116747 0.09562750614605257 0.0 MAT1 STENOSIS 0.0 581 0 NOBOUND NONE
SEGMENT branch0_seg583 583 0.013320333285211755 5 583 584 0.09561857081617986 0.09558023144724974 0.0 MAT1 STENOSIS 0.0 582 0 NOBOUND NONE
SEGMENT branch0_seg584 584 0.013320333285211755 5 584 585 0.09557683615419663 0.09557193330502786 0.0 MAT1 STENOSIS 0.0 583 0 NOBOUND NONE
SEGMENT branch0_seg585 585 0.013320333285213235 5 585 586 0.09557051052804595 0.09557254393750683 0.0 MAT1 STENOSIS 0.0 584 0 NOBOUND NONE
SEGMENT branch0_seg586 586 0.013320333285211755 5 586 587 0.09557991490158556 0.0955910358927566 0.0 MAT1 STENOSIS 0.0 585 0 NOBOUND NONE
SEGMENT branch0_seg587 587 0.013320333285211755 5 587 588 0.09559355739220876 0.09559768222190755 0.0 MAT1 STENOSIS 0.0 586 0 NOBOUND NONE
SEGMENT branch0_seg588 588 0.013320333285213235 18 588 589 0.09559731502456126 0.09558647424163967 0.0 MAT1 STENOSIS 0.0 587 0 NOBOUND NONE
SEGMENT branch0_seg589 589 0.013320333285211755 10 589 590 0.09558100906378203 0.09556763282802663 0.0 MAT1 STENOSIS 0.0 588 0 NOBOUND NONE
SEGMENT branch0_seg590 590 0.013320333285211755 25 590 591 0.0955640233625581 0.09555897996999321 0.0 MAT1 STENOSIS 0.0 589 0 NOBOUND NONE
SEGMENT branch0_seg591 591 0.013320333285213235 5 591 592 0.09556031816718853 0.0955630254548793 0.0 MAT1 STENOSIS 0.0 590 0 NOBOUND NONE
SEGMENT branch0_seg592 592 0.013320333285211755 5 592 593 0.0955664522557836 0.09313368435403054 0.0 MAT1 STENOSIS 0.0 591 0 NOBOUND NONE
SEGMENT branch0_seg593 593 0.013320333285211755 14 593 594 0.07511357226287899 0.09559687693850528 0.0 MAT1 STENOSIS 0.0 592 0 NOBOUND NONE
SEGMENT branch0_seg594 594 0.013320333285213235 5 594 595 0.09560036741837334 0.0955941903441246 0.0 MAT1 STENOSIS 0.0 593 0 NOBOUND NONE
SEGMENT branch0_seg595 595 0.013320333285211755 5 595 596 0.095591025678718 0.09558089480245725 0.0 MAT1 STENOSIS 0.0 594 0 NOBOUND NONE
SEGMENT branch0_seg596 596 0.013320333285211755 5 596 597 0.09558236554371395 0.09558425335280796 0.0 MAT1 STENOSIS 0.0 595 0 NOBOUND NONE
SEGMENT branch0_seg597 597 0.013320333285213235 5 597 598 0.09558416119922823 0.09558373322292676 0.0 MAT1 STENOSIS 0.0 596 0 NOBOUND NONE
SEGMENT branch0_seg598 598 0.013320333285211755 20 598 599 0.0955809667997314 0.0955918482985105 0.0 MAT1 STENOSIS 0.0 597 0 NOBOUND NONE
SEGMENT branch0_seg599 599 0.013320333285211755 12 599 600 0.08220851662275781 0.09560434497598964 0.0 MAT1 STENOSIS 0.0 598 0 NOBOUND NONE
SEGMENT branch0_seg600 600 0.013320333285213235 5 600 601 0.09560219252762835 0.09558494909051199 0.0 MAT1 STENOSIS 0.0 599 0 NOBOUND NONE
SEGMENT branch0_seg601 601 0.013320333285210277 5 601 602 0.09558437702200001 0.09556929724311755 0.0 MAT1 STENOSIS 0.0 600 0 NOBOUND NONE
SEGMENT branch0_seg602 602 0.013320333285211755 23 602 603 0.09556814547383817 0.04169820206196922 0.0 MAT1 STENOSIS 0.0 601 0 NOBOUND NONE
SEGMENT branch0_seg603 603 0.013320333285211755 5 603 604 0.09556744537117588 0.09557563739190411 0.0 MAT1 STENOSIS 0.0 602 0 NOBOUND NONE
SEGMENT branch0_seg604 604 0.013320333285211755 5 604 605 0.09557863719242406 0.09558425635743267 0.0 MAT1 STENOSIS 0.0 603 0 NOBOUND NONE
SEGMENT branch0_seg605 605 0.013320333285210277 5 605 606 0.09558536998531193 0.09560250253905811 0.0 MAT1 STENOSIS 0.0 604 0 NOBOUND NONE
SEGMENT branch0_seg606 606 0.013320333285211755 5 606 607 0.09560433171597922 0.09560534236454701 0.0 MAT1 STENOSIS 0.0 605 0 NOBOUND NONE
SEGMENT branch0_seg607 607 0.013320333285211755 5 607 608 0.09560515041630391 0.09560160083486653 0.0 MAT1 STENOSIS 0.0 606 0 NOBOUND NONE
SEGMENT branch0_seg608 608 0.013320333285210277 5 608 609 0.09560247910145196 0.09560767976934642 0.0 MAT1 STENOSIS 0.0 607 0 NOBOUND NONE
SEGMENT branch0_seg609 609 0.013320333285211755 5 609 610 0.09561004956393769 0.09562797408789453 0.0 MAT1 STENOSIS 0.0 608 0 NOBOUND NONE
SEGMENT branch0_seg610 610 0.013320333285211755 5 610 611 0.09563362014827889 0.09563584387762702 0.0 MAT1 STENOSIS 0.0 609 0 NOBOUND NONE
SEGMENT branch0_seg611 611 0.013320333285211755 8 611 612 0.09563444408552403 0.095615151132263 0.0 MAT1 STENOSIS 0.0 610 0 NOBOUND NONE
SEGMENT branch0_seg612 612 0.013320333285210277 5 612 613 0.09560870112400403 0.09558158854097819 0.0 MAT1 STENOSIS 0.0 611 0 NOBOUND NONE
SEGMENT branch0_seg613 613 0.013320333285211755 5 613 614 0.09557831835246447 0.09557020685326757 0.0 MAT1 STENOSIS 0.0 612 0 NOBOUND NONE
SEGMENT branch0_seg614 614 0.013320333285211755 5 614 615 0.0955712858934239 0.09558515578354503 0.0 MAT1 STENOSIS 0.0 613 0 NOBOUND NONE
SEGMENT branch0_seg615 615 0.013320333285211755 13 615 616 0.09559385947903086 0.07910790859201108 0.0 MAT1 STENOSIS 0.0 614 0 NOBOUND NONE
SEGMENT branch0_seg616 616 0.013320333285210277 5 616 617 0.0956073083566746 0.09561009350344739 0.0 MAT1 STENOSIS 0.0 615 0 NOBOUND NONE
SEGMENT branch0_seg617 617 0.013320333285211755 5 617 618 0.09560653305781187 0.09560478899980826 0.0 MAT1 STENOSIS 0.0 616 0 NOBOUND NONE
SEGMENT branch0_seg618 618 0.013320333285211755 5 618 619 0.09560764905873342 0.09560016914080875 0.0 MAT1 STENOSIS 0.0 617 0 NOBOUND NONE
SEGMENT branch0_seg619 619 0.013320333285210277 21 619 620 0.09560014029109386 0.09559171891619596 0.0 MAT1 STENOSIS 0.0 618 0 NOBOUND NONE
SEGMENT branch0_seg620 620 0.013320333285211755 9 620 621 0.08694056862090513 0.0956056719156108 0.0 MAT1 STENOSIS 0.0 619 0 NOBOUND NONE
SEGMENT branch0_seg621 621 0.013320333285211755 5 621 622 0.09560294950402914 0.09560919704395458 0.0 MAT1 STENOSIS 0.0 620 0 NOBOUND NONE
SEGMENT branch0_seg622 622 0.013320333285211755 5 622 623 0.09560909572016235 0.09560219395483376 0.0 MAT1 STENOSIS 0.0 621 0 NOBOUND NONE
SEGMENT branch0_seg623 623 0.013320333285210277 5 623 624 0.0955959893979058 0.09558881761723927 0.0 MAT1 STENOSIS 0.0 622 0 NOBOUND NONE
SEGMENT branch0_seg624 624 0.013320333285211755 5 624 625 0.09558707603469195 0.09557217390128143 0.0 MAT1 STENOSIS 0.0 623 0 NOBOUND NONE
SEGMENT branch0_seg625 625 0.013320333285211755 6 625 626 0.09557031913228188 0.09169720874390969 0.0 MAT1 STENOSIS 0.0 624 0 NOBOUND NONE
SEGMENT branch0_seg626 626 0.013320333285210277 16 626 627 0.09559487557956375 0.09561355171786683 0.0 MAT1 STENOSIS 0.0 625 0 NOBOUND NONE
SEGMENT branch0_seg627 627 0.013320333285211755 5 627 628 0.09561546287339898 0.0956168397306343 0.0 MAT1 STENOSIS 0.0 626 0 NOBOUND NONE
SEGMENT branch0_seg628 628 0.013320333285211755 12 628 629 0.0956141068152789 0.09559488306132374 0.0 MAT1 STENOSIS 0.0 627 0 NOBOUND NONE
SEGMENT branch0_seg629 629 0.013320333285211755 5 629 630 0.09558803901356283 0.09556531866230598 0.0 MAT1 STENOSIS 0.0 628 0 NOBOUND NONE
SEGMENT branch0_seg630 630 0.013320333285210277 5 630 631 0.0955636291919427 0.0955680370380061 0.0 MAT1 STENOSIS 0.0 629 0 NOBOUND NONE
SEGMENT branch0_seg631 631 0.013320333285211755 5 631 632 0.09557426724772175 0.09558519373290954 0.0 MAT1 STENOSIS 0.0 630 0 NOBOUND NONE
SEGMENT branch0_seg632 632 0.013320333285211755 24 632 633 0.09558665614580228 0.09559772819848673 0.0 MAT1 STENOSIS 0.0 631 0 NOBOUND NONE
SEGMENT branch0_seg633 633 0.013320333285211755 5 633 634 0.09559750523055985 0.09559047342449924 0.0 MAT1 STENOSIS 0.0 632 0 NOBOUND NONE
SEGMENT branch0_seg634 634 0.013320333285210277 5 634 635 0.09559162632478495 0.09558021050306585 0.0 MAT1 STENOSIS 0.0 633 0 NOBOUND NONE
SEGMENT branch0_seg635 635 0.013320333285211755 5 635 636 0.09557915988854068 0.09558662118604538 0.0 MAT1 STENOSIS 0.0 634 0 NOBOUND NONE
SEGMENT branch0_seg636 636 0.013320333285211755 5 636 637 0.09558736609106047 0.09559454847526606 0.0 MAT1 STENOSIS 0.0 635 0 NOBOUND NONE
SEGMENT branch0_seg637 637 0.013320333285210277 7 637 638 0.09559816016723696 0.09092423514687693 0.0 MAT1 STENOSIS 0.0 636 0 NOBOUND NONE
SEGMENT branch0_seg638 638 0.013320333285211755 25 638 639 0.095603686819434 0.03189019405767795 0.0 MAT1 STENOSIS 0.0 637 0 NOBOUND NONE
SEGMENT branch0_seg639 639 0.013320333285211755 5 639 640 0.0956069464233599 0.09560137937492935 0.0 MAT1 STENOSIS 0.0 638 0 NOBOUND NONE
SEGMENT branch0_seg640 640 0.013320333285211755 5 640 641 0.0956045532185513 0.09561064063826881 0.0 MAT1 STENOSIS 0.0 639 0 NOBOUND NONE
SEGMENT branch0_seg641 641 0.013320333285210277 24 641 642 0.09561154776207263 0.09560692487577592 0.0 MAT1 STENOSIS 0.0 640 0 NOBOUND NONE
SEGMENT branch0_seg642 642 0.013320333285211755 18 642 643 0.09560388977521572 0.09558372272896568 0.0 MAT1 STENOSIS 0.0 641 0 NOBOUND NONE
SEGMENT branch0_seg643 643 0.013320333285211755 5 643 644 0.0955781904197821 0.09556234817722281 0.0 MAT1 STENOSIS 0.0 642 0 NOBOUND NONE
SEGMENT branch0_seg644 644 0.013320333285211755 5 644 645 0.09556335934715554 0.09557199821023525 0.0 MAT1 STENOSIS 0.0 643 0 NOBOUND NONE
SEGMENT branch0_seg645 645 0.013320333285210277 5 645 646 0.0955746338129803 0.09560379639190464 0.0 MAT1 STENOSIS 0.0 644 0 NOBOUND NONE
SEGMENT branch0_seg646 646 0.013320333285211755 5 646 647 0.09560423936614147 0.09561227667313826 0.0 MAT1 STENOSIS 0.0 645 0 NOBOUND NONE
SEGMENT branch0_seg647 647 0.013320333285211755 5 647 648 0.09561234622075689 0.0956134843529402 0.0 MAT1 STENOSIS 0.0 646 0 NOBOUND NONE
SEGMENT branch0_seg648 648 0.013320333285210277 5 648 649 0.09561192449272604 0.09559135297279166 0.0 MAT1 STENOSIS 0.0 647 0 NOBOUND NONE
SEGMENT branch0_seg649 649 0.013320333285211755 5 649 650 0.09559101503899235 0.09557235713437917 0.0 MAT1 STENOSIS 0.0 648 0 NOBOUND NONE
SEGMENT branch0_seg650 650 0.013320333285211755 9 650 651 0.09556948127915195 0.09555755815013595 0.0 MAT1 STENOSIS 0.0 649 0 NOBOUND NONE
SEGMENT branch0_seg651 651 0.013320333285211755 5 651 652 0.09555698174803134 0.09556811610125791 0.0 MAT1 STENOSIS 0.0 650 0 NOBOUND NONE
SEGMENT branch0_seg652 652 0.013320333285210277 7 652 653 0.09557807559797041 0.09113072383280672 0.0 MAT1 STENOSIS 0.0 651 0 NOBOUND NONE
SEGMENT branch0_seg653 653 0.013320333285211755 10 653 654 0.09559813107712864 0.09561917998932545 0.0 MAT1 STENOSIS 0.0 652 0 NOBOUND NONE
SEGMENT branch0_seg654 654 0.013320333285211755 5 654 655 0.09562168242685128 0.09562241198068709 0.0 MAT1 STENOSIS 0.0 653 0 NOBOUND NONE
SEGMENT branch0_seg655 655 0.013320333285210277 5 655 656 0.09562424496024086 0.09562247488304479 0.0 MAT1 STENOSIS 0.0 654 0 NOBOUND NONE
SEGMENT branch0_seg656 656 0.013320333285211755 5 656 657 0.09562197864017676 0.09561059909000871 0.0 MAT1 STENOSIS 0.0 655 0 NOBOUND NONE
SEGMENT branch0_seg657 657 0.013320333285211755 21 657 658 0.07971169301530014 0.050792908259741566 0.0 MAT1 STENOSIS 0.0 656 0 NOBOUND NONE
SEGMENT branch0_seg658 658 0.013320333285211755 5 658 659 0.09559510397953774 0.09559777664242519 0.0 MAT1 STENOSIS 0.0 657 0 NOBOUND NONE
SEGMENT branch0_seg659 659 0.013320333285210277 5 659 660 0.09559831609911446 0.09560429303550858 0.0 MAT1 STENOSIS 0.0 658 0 NOBOUND NONE
SEGMENT branch0_seg660 660 0.013320333285211755 23 660 661 0.0447180132746965 0.09561622950552015 0.0 MAT1 STENOSIS 0.0 659 0 NOBOUND NONE
SEGMENT branch0_seg661 661 0.013320333285211755 7 661 662 0.0956242563220007 0.09006711202301408 0.0 MAT1 STENOSIS 0.0 660 0 NOBOUND NONE
SEGMENT branch0_seg662 662 0.013320333285211755 24 662 663 0.09564719133565289 0.0956443497796494 0.0 MAT1 STENOSIS 0.0 661 0 NOBOUND NONE
SEGMENT branch0_seg663 663 0.013320333285210277 22 663 664 0.09564645722115483 0.09306061485052727 0.0 MAT1 STENOSIS 0.0 662 0 NOBOUND NONE
SEGMENT branch0_seg664 664 0.013320333285211755 10 664 665 0.09563543783385893 0.08553847453461122 0.0 MAT1 STENOSIS 0.0 663 0 NOBOUND NONE
SEGMENT branch0_seg665 665 0.013320333285211755 5 665 666 0.09562212823743571 0.0955989742470214 0.0 MAT1 STENOSIS 0.0 664 0 NOBOUND NONE
SEGMENT branch0_seg666 666 0.013320333285210277 5 666 667 0.09559685405530187 0.09558455195477278 0.0 MAT1 STENOSIS 0.0 665 0 NOBOUND NONE
SEGMENT branch0_seg667 667 0.013320333285211755 21 667 668 0.09557782742918762 0.09554958119808715 0.0 MAT1 STENOSIS 0.0 666 0 NOBOUND NONE
SEGMENT branch0_seg668 668 0.013320333285211755 5 668 669 0.09554576510341019 0.09554189513093982 0.0 MAT1 STENOSIS 0.0 667 0 NOBOUND NONE
SEGMENT branch0_seg669 669 0.013320333285211755 5 669 670 0.09554033951596108 0.09553407275613897 0.0 MAT1 STENOSIS 0.0 668 0 NOBOUND NONE
SEGMENT branch0_seg670 670 0.013320333285210277 5 670 671 0.09553559795592248 0.09554574227622546 0.0 MAT1 STENOSIS 0.0 669 0 NOBOUND NONE
SEGMENT branch0_seg671 671 0.013320333285211755 8 671 672 0.09555160473234829 0.09558317414579576 0.0 MAT1 STENOSIS 0.0 670 0 NOBOUND NONE
SEGMENT branch0_seg672 672 0.013320333285211755 7 672 673 0.09086771656323828 0.09559470561745824 0.0 MAT1 STENOSIS 0.0 671 0 NOBOUND NONE
SEGMENT branch0_seg673 673 0.013320333285211755 5 673 674 0.09559691997009014 0.09560027101007902 0.0 MAT1 STENOSIS 0.0 672 0 NOBOUND NONE
SEGMENT branch0_seg674 674 0.013320333285210277 5 674 675 0.09560078955706701 0.09560882663111293 0.0 MAT1 STENOSIS 0.0 673 0 NOBOUND NONE
SEGMENT branch0_seg675 675 0.013320333285211755 17 675 676 0.06642154673918442 0.0956376423502126 0.0 MAT1 STENOSIS 0.0 674 0 NOBOUND NONE
SEGMENT branch0_seg676 676 0.013320333285211755 23 676 677 0.041093455639678984 0.09564222200124073 0.0 MAT1 STENOSIS 0.0 675 0 NOBOUND NONE
SEGMENT branch0_seg677 677 0.013320333285210277 5 677 678 0.09564044769313694 0.09560239748110619 0.0 MAT1 STENOSIS 0.0 676 0 NOBOUND NONE
SEGMENT branch0_seg678 678 0.013320333285211755 18 678 679 0.09560157511404299 0.09559039446120506 0.0 MAT1 STENOSIS 0.0 677 0 NOBOUND NONE
SEGMENT branch0_seg679 679 0.013320333285211755 23 679 680 0.09559305605912614 0.0955985543620975 0.0 MAT1 STENOSIS 0.0 678 0 NOBOUND NONE
SEGMENT branch0_seg680 680 0.013320333285211755 5 680 681 0.09560122134282373 0.09561873399109075 0.0 MAT1 STENOSIS 0.0 679 0 NOBOUND NONE
SEGMENT branch0_seg681 681 0.013320333285210277 8 681 682 0.0956230110340723 0.09562685341218972 0.0 MAT1 STENOSIS 0.0 680 0 NOBOUND NONE
SEGMENT branch0_seg682 682 0.013320333285211755 13 682 683 0.09562701025433223 0.09560190699022734 0.0 MAT1 STENOSIS 0.0 681 0 NOBOUND NONE
SEGMENT branch0_seg683 683 0.013320333285211755 7 683 684 0.09560193588963482 0.095580108359795 0.0 MAT1 STENOSIS 0.0 682 0 NOBOUND NONE
SEGMENT branch0_seg684 684 0.013320333285210277 5 684 685 0.09557793575556073 0.09555864291796709 0.0 MAT1 STENOSIS 0.0 683 0 NOBOUND NONE
SEGMENT branch0_seg685 685 0.013320333285211755 5 685 686 0.09555342345899727 0.09555655791163249 0.0 MAT1 STENOSIS 0.0 684 0 NOBOUND NONE
SEGMENT branch0_seg686 686 0.013320333285211755 5 686 687 0.09555992014004039 0.09557812597570803 0.0 MAT1 STENOSIS 0.0 685 0 NOBOUND NONE
SEGMENT branch0_seg687 687 0.013320333285211755 5 687 688 0.09558170574313125 0.09559148418335989 0.0 MAT1 STENOSIS 0.0 686 0 NOBOUND NONE
SEGMENT branch0_seg688 688 0.013320333285210277 5 688 689 0.09559392279721829 0.09560773247307554 0.0 MAT1 STENOSIS 0.0 687 0 NOBOUND NONE
SEGMENT branch0_seg689 689 0.013320333285211755 5 689 690 0.09560711744132981 0.0956040040444893 0.0 MAT1 STENOSIS 0.0 688 0 NOBOUND NONE
SEGMENT branch0_seg690 690 0.013320333285211755 5 690 691 0.09560070685637123 0.09558836605055752 0.0 MAT1 STENOSIS 0.0 689 0 NOBOUND NONE
SEGMENT branch0_seg691 691 0.013320333285211755 5 691 692 0.09558422238136499 0.09558017399845005 0.0 MAT1 STENOSIS 0.0 690 0 NOBOUND NONE
SEGMENT branch0_seg692 692 0.013320333285210277 24 692 693 0.09558231299930316 0.08938584172213658 0.0 MAT1 STENOSIS 0.0 691 0 NOBOUND NONE
SEGMENT branch0_seg693 693 0.013320333285211755 5 693 694 0.09558484741637721 0.09559071733605613 0.0 MAT1 STENOSIS 0.0 692 0 NOBOUND NONE
SEGMENT branch0_seg694 694 0.013320333285211755 5 694 695 0.09559106920075675 0.0932089464522181 0.0 MAT1 STENOSIS 0.0 693 0 NOBOUND NONE
SEGMENT branch0_seg695 695 0.013320333285210277 5 695 696 0.09559466252122327 0.09559761207481478 0.0 MAT1 STENOSIS 0.0 694 0 NOBOUND NONE
SEGMENT branch0_seg696 696 0.013320333285211755 8 696 697 0.08898622411036725 0.09561940860905634 0.0 MAT1 STENOSIS 0.0 695 0 NOBOUND NONE
SEGMENT branch0_seg697 697 0.013320333285211755 5 697 698 0.09561977065925234 0.09563328822598682 0.0 MAT1 STENOSIS 0.0 696 0 NOBOUND NONE
SEGMENT branch0_seg698 698 0.013320333285211755 5 698 699 0.09563552510507442 0.09562646094363926 0.0 MAT1 STENOSIS 0.0 697 0 NOBOUND NONE
SEGMENT branch0_seg699 699 0.013320333285210277 5 699 700 0.09562156041141741 0.09561489922494355 0.0 MAT1 STENOSIS 0.0 698 0 NOBOUND NONE
SEGMENT branch0_seg700 700 0.013320333285211755 5 700 701 0.09561200441615306 0.0955966595559032 0.0 MAT1 STENOSIS 0.0 699 0 NOBOUND NONE
SEGMENT branch0_seg701 701 0.013320333285211755 11 701 702 0.09559508639024204 0.09559787158352478 0.0 MAT1 STENOSIS 0.0 700 0 NOBOUND NONE
SEGMENT branch0_seg702 702 0.013320333285211755 18 702 703 0.09559523196341875 0.09559750405944924 0.0 MAT1 STENOSIS 0.0 701 0 NOBOUND NONE
SEGMENT branch0_seg703 703 0.013320333285208798 23 703 704 0.09559742613523907 0.09560803902155192 0.0 MAT1 STENOSIS 0.0 702 0 NOBOUND NONE
SEGMENT branch0_seg704 704 0.013320333285211755 5 704 705 0.09561570981253883 0.09563844966185438 0.0 MAT1 STENOSIS 0.0 703 0 NOBOUND NONE
SEGMENT branch0_seg705 705 0.013320333285211755 22 705 706 0.09564399953398842 0.046826273432605994 0.0 MAT1 STENOSIS 0.0 704 0 NOBOUND NONE
SEGMENT branch0_seg706 706 0.013320333285210277 5 706 707 0.095664580751971 0.09565690135481357 0.0 MAT1 STENOSIS 0.0 705 0 NOBOUND NONE
SEGMENT branch0_seg707 707 0.013320333285211755 5 707 708 0.09565979242047408 0.09563353344919456 0.0 MAT1 STENOSIS 0.0 706 0 NOBOUND NONE
SEGMENT branch0_seg708 708 0.013320333285211755 6 708 709 0.09139269654774684 0.09560333713712987 0.0 MAT1 STENOSIS 0.0 707 0 NOBOUND NONE
SEGMENT branch0_seg709 709 0.013320333285210277 10 709 710 0.095598579269321 0.0862787135331572 0.0 MAT1 STENOSIS 0.0 708 0 NOBOUND NONE
SEGMENT branch0_seg710 710 0.013320333285211755 7 710 711 0.09557795540347436 0.09557201298269914 0.0 MAT1 STENOSIS 0.0 709 0 NOBOUND NONE
SEGMENT branch0_seg711 711 0.013320333285211755 5 711 712 0.09557070230280931 0.09558878169510296 0.0 MAT1 STENOSIS 0.0 710 0 NOBOUND NONE
SEGMENT branch0_seg712 712 0.013320333285211755 5 712 713 0.09559472132800217 0.095610580841237 0.0 MAT1 STENOSIS 0.0 711 0 NOBOUND NONE
SEGMENT branch0_seg713 713 0.013320333285210277 5 713 714 0.09561399512332322 0.0956296576801061 0.0 MAT1 STENOSIS 0.0 712 0 NOBOUND NONE
SEGMENT branch0_seg714 714 0.013320333285211755 5 714 715 0.09334424991494332 0.0956250701239093 0.0 MAT1 STENOSIS 0.0 713 0 NOBOUND NONE
SEGMENT branch0_seg715 715 0.013320333285211755 5 715 716 0.0956272896082841 0.0956040451112555 0.0 MAT1 STENOSIS 0.0 714 0 NOBOUND NONE
SEGMENT branch0_seg716 716 0.013320333285210277 5 716 717 0.09559915691535951 0.09559628015720803 0.0 MAT1 STENOSIS 0.0 715 0 NOBOUND NONE
SEGMENT branch0_seg717 717 0.013320333285211755 5 717 718 0.09559312954482276 0.09557308094125407 0.0 MAT1 STENOSIS 0.0 716 0 NOBOUND NONE
SEGMENT branch0_seg718 718 0.013320333285211755 5 718 719 0.09557818384533835 0.09558439974266922 0.0 MAT1 STENOSIS 0.0 717 0 NOBOUND NONE
SEGMENT branch0_seg719 719 0.013320333285211755 22 719 720 0.09558667475282441 0.09282689011540314 0.0 MAT1 STENOSIS 0.0 718 0 NOBOUND NONE
SEGMENT branch0_seg720 720 0.013320333285210277 5 720 721 0.09558270697990906 0.09557160147247527 0.0 MAT1 STENOSIS 0.0 719 0 NOBOUND NONE
SEGMENT branch0_seg721 721 0.013320333285211755 5 721 722 0.09557096843846802 0.09556880137960352 0.0 MAT1 STENOSIS 0.0 720 0 NOBOUND NONE
SEGMENT branch0_seg722 722 0.013320333285211755 5 722 723 0.09556766807775036 0.09557473664915549 0.0 MAT1 STENOSIS 0.0 721 0 NOBOUND NONE
SEGMENT branch0_seg723 723 0.013320333285211755 5 723 724 0.09557862069589322 0.09559420158408234 0.0 MAT1 STENOSIS 0.0 722 0 NOBOUND NONE
SEGMENT branch0_seg724 724 0.013320333285210277 5 724 725 0.09560034755289211 0.09562339845386644 0.0 MAT1 STENOSIS 0.0 723 0 NOBOUND NONE
SEGMENT branch0_seg725 725 0.013320333285211755 5 725 726 0.09562988770359933 0.09563690906489566 0.0 MAT1 STENOSIS 0.0 724 0 NOBOUND NONE
SEGMENT branch0_seg726 726 0.013320333285211755 5 726 727 0.09563646510807053 0.09561939667019226 0.0 MAT1 STENOSIS 0.0 725 0 NOBOUND NONE
SEGMENT branch0_seg727 727 0.013320333285210277 5 727 728 0.09561155697717673 0.09560677541930958 0.0 MAT1 STENOSIS 0.0 726 0 NOBOUND NONE
SEGMENT branch0_seg728 728 0.013320333285211755 5 728 729 0.0956048402279491 0.09559210915097267 0.0 MAT1 STENOSIS 0.0 727 0 NOBOUND NONE
SEGMENT branch0_seg729 729 0.013320333285211755 5 729 730 0.09559326040549312 0.09559249343673486 0.0 MAT1 STENOSIS 0.0 728 0 NOBOUND NONE
SEGMENT branch0_seg730 730 0.013320333285211755 5 730 731 0.09559242132284893 0.09559415143138782 0.0 MAT1 STENOSIS 0.0 729 0 NOBOUND NONE
SEGMENT branch0_seg731 731 0.013320333285210277 19 731 732 0.09559426607086617 0.09559740265572805 0.0 MAT1 STENOSIS 0.0 730 0 NOBOUND NONE
SEGMENT branch0_seg732 732 0.013320333285211755 5 732 733 0.09559786060680418 0.0956083690076997 0.0 MAT1 STENOSIS 0.0 731 0 NOBOUND NONE
SEGMENT branch0_seg733 733 0.013320333285211755 6 733 734 0.09560584206539399 0.09559999610593661 0.0 MAT1 STENOSIS 0.0 732 0 NOBOUND NONE
SEGMENT branch0_seg734 734 0.013320333285211755 19 734 735 0.05853355487199793 0.09558521002705654 0.0 MAT1 STENOSIS 0.0 733 0 NOBOUND NONE
SEGMENT branch0_seg735 735 0.013320333285210277 18 735 736 0.0809271084036428 0.09557661482562954 0.0 MAT1 STENOSIS 0.0 734 0 NOBOUND NONE
SEGMENT branch0_seg736 736 0.013320333285211755 5 736 737 0.09557202701841708 0.09558109103538714 0.0 MAT1 STENOSIS 0.0 735 0 NOBOUND NONE
SEGMENT branch0_seg737 737 0.013320333285211755 5 737 738 0.09558383933188801 0.0956025306060493 0.0 MAT1 STENOSIS 0.0 736 0 NOBOUND NONE
SEGMENT branch0_seg738 738 0.013320333285210277 23 738 739 0.04134826868441991 0.09559117933520056 0.0 MAT1 STENOSIS 0.0 737 0 NOBOUND NONE
SEGMENT branch0_seg739 739 0.013320333285211755 17 739 740 0.09559134084017182 0.09559208754432486 0.0 MAT1 STENOSIS 0.0 738 0 NOBOUND NONE
SEGMENT branch0_seg740 740 0.013320333285211755 5 740 741 0.09559106203318743 0.09559755150096044 0.0 MAT1 STENOSIS 0.0 739 0 NOBOUND NONE
SEGMENT branch0_seg741 741 0.013320333285211755 11 741 742 0.0955944460972134 0.08281729062066708 0.0 MAT1 STENOSIS 0.0 740 0 NOBOUND NONE
SEGMENT branch0_seg742 742 0.013320333285210277 13 742 743 0.07960867465372427 0.0956004195968029 0.0 MAT1 STENOSIS 0.0 741 0 NOBOUND NONE
SEGMENT branch0_seg743 743 0.013320333285211755 15 743 744 0.09560077688331746 0.09561203743657971 0.0 MAT1 STENOSIS 0.0 742 0 NOBOUND NONE
SEGMENT branch0_seg744 744 0.013320333285211755 8 744 745 0.09561056540832515 0.09561508482386652 0.0 MAT1 STENOSIS 0.0 743 0 NOBOUND NONE
SEGMENT branch0_seg745 745 0.013320333285210277 19 745 746 0.09561506972961083 0.09561803417847295 0.0 MAT1 STENOSIS 0.0 744 0 NOBOUND NONE
SEGMENT branch0_seg746 746 0.013320333285211755 5 746 747 0.09561873596421111 0.09562153563195402 0.0 MAT1 STENOSIS 0.0 745 0 NOBOUND NONE
SEGMENT branch0_seg747 747 0.013320333285211755 13 747 748 0.07768433156445337 0.09563002102809828 0.0 MAT1 STENOSIS 0.0 746 0 NOBOUND NONE
SEGMENT branch0_seg748 748 0.013320333285211755 5 748 749 0.09563339845378124 0.09563641140573359 0.0 MAT1 STENOSIS 0.0 747 0 NOBOUND NONE
SEGMENT branch0_seg749 749 0.013320333285210277 5 749 750 0.09562999688112672 0.09561850408638065 0.0 MAT1 STENOSIS 0.0 748 0 NOBOUND NONE
SEGMENT branch0_seg750 750 0.013320333285211755 23 750 751 0.044860993981238585 0.0956027604813098 0.0 MAT1 STENOSIS 0.0 749 0 NOBOUND NONE
SEGMENT branch0_seg751 751 0.013320333285211755 5 751 752 0.09560334342629072 0.09560143116345757 0.0 MAT1 STENOSIS 0.0 750 0 NOBOUND NONE
SEGMENT branch0_seg752 752 0.013320333285211755 5 752 753 0.09560479793860266 0.09560849723436854 0.0 MAT1 STENOSIS 0.0 751 0 NOBOUND NONE
SEGMENT branch0_seg753 753 0.013320333285210277 11 753 754 0.09560468655003941 0.08302540200690749 0.0 MAT1 STENOSIS 0.0 752 0 NOBOUND NONE
SEGMENT branch0_seg754 754 0.013320333285211755 5 754 755 0.09560212407494009 0.0956069343268762 0.0 MAT1 STENOSIS 0.0 753 0 NOBOUND NONE
SEGMENT branch0_seg755 755 0.013320333285211755 5 755 756 0.0956056103146034 0.09560322462762028 0.0 MAT1 STENOSIS 0.0 754 0 NOBOUND NONE
SEGMENT branch0_seg756 756 0.013320333285210277 7 756 757 0.09559750415490811 0.09559430393556567 0.0 MAT1 STENOSIS 0.0 755 0 NOBOUND NONE
SEGMENT branch0_seg757 757 0.013320333285211755 19 757 758 0.09559551837246605 0.09557565701168788 0.0 MAT1 STENOSIS 0.0 756 0 NOBOUND NONE
SEGMENT branch0_seg758 758 0.013320333285211755 24 758 759 0.0955700975136072 0.095549138576371 0.0 MAT1 STENOSIS 0.0 757 0 NOBOUND NONE
SEGMENT branch0_seg759 759 0.013320333285211755 24 759 760 0.09554459714283497 0.03988547854022817 0.0 MAT1 STENOSIS 0.0 758 0 NOBOUND NONE
SEGMENT branch0_seg760 760 0.013320333285210277 23 760 761 0.09553012503372564 0.0955101917225911 0.0 MAT1 STENOSIS 0.0 759 0 NOBOUND NONE
SEGMENT branch0_seg761 761 0.013320333285211755 12 761 762 0.09550913835431234 0.0955054030185814 0.0 MAT1 STENOSIS 0.0 760 0 NOBOUND NONE
SEGMENT branch0_seg762 762 0.013320333285211755 5 762 763 0.09550251073115991 0.09552413671697803 0.0 MAT1 STENOSIS 0.0 761 0 NOBOUND NONE
SEGMENT branch0_seg763 763 0.013320333285211755 23 763 764 0.041315955793144205 0.0955539553640552 0.0 MAT1 STENOSIS 0.0 762 0 NOBOUND NONE
SEGMENT branch0_seg764 764 0.013320333285210277 5 764 765 0.09555922417949002 0.09557501569383796 0.0 MAT1 STENOSIS 0.0 763 0 NOBOUND NONE
SEGMENT branch0_seg765 765 0.013320333285211755 24 765 766 0.09558017225155074 0.08733355124355238 0.0 MAT1 STENOSIS 0.0 764 0 NOBOUND NONE
SEGMENT branch0_seg766 766 0.013320333285211755 5 766 767 0.09350709490391718 0.09560074348465335 0.0 MAT1 STENOSIS 0.0 765 0 NOBOUND NONE
SEGMENT branch0_seg767 767 0.013320333285210277 5 767 768 0.0956014654569196 0.09560692854470382 0.0 MAT1 STENOSIS 0.0 766 0 NOBOUND NONE
SEGMENT branch0_seg768 768 0.013320333285211755 5 768 769 0.09560075156815256 0.09559453488652737 0.0 MAT1 STENOSIS 0.0 767 0 NOBOUND NONE
SEGMENT branch0_seg769 769 0.013320333285211755 5 769 770 0.09559404797548804 0.0955976041854012 0.0 MAT1 STENOSIS 0.0 768 0 NOBOUND NONE
SEGMENT branch0_seg770 770 0.013320333285211755 5 770 771 0.09560040342910395 0.09559443874114196 0.0 MAT1 STENOSIS 0.0 769 0 NOBOUND NONE
SEGMENT branch0_seg771 771 0.013320333285210277 10 771 772 0.09559007177595387 0.09175505808746214 0.0 MAT1 STENOSIS 0.0 770 0 NOBOUND NONE
SEGMENT branch0_seg772 772 0.013320333285211755 24 772 773 0.0955816204548358 0.09556636773692033 0.0 MAT1 STENOSIS 0.0 771 0 NOBOUND NONE
SEGMENT branch0_seg773 773 0.013320333285211755 5 773 774 0.09556445678728696 0.09556432875904569 0.0 MAT1 STENOSIS 0.0 772 0 NOBOUND NONE
SEGMENT branch0_seg774 774 0.013320333285210277 5 774 775 0.09556060855607333 0.09554945057475736 0.0 MAT1 STENOSIS 0.0 773 0 NOBOUND NONE
SEGMENT branch0_seg775 775 0.013320333285211755 5 775 776 0.09554701365899836 0.09555594408232171 0.0 MAT1 STENOSIS 0.0 774 0 NOBOUND NONE
SEGMENT branch0_seg776 776 0.013320333285211755 5 776 777 0.09555252164142708 0.09554891144983774 0.0 MAT1 STENOSIS 0.0 775 0 NOBOUND NONE
SEGMENT branch0_seg777 777 0.013320333285211755 23 777 778 0.09554463499963006 0.09555714241553184 0.0 MAT1 STENOSIS 0.0 776 0 NOBOUND NONE
SEGMENT branch0_seg778 778 0.013320333285210277 5 778 779 0.0955600514021102 0.09555911095879109 0.0 MAT1 STENOSIS 0.0 777 0 NOBOUND NONE
SEGMENT branch0_seg779 779 0.013320333285211755 25 779 780 0.03479725565630499 0.09557520050987783 0.0 MAT1 STENOSIS 0.0 778 0 NOBOUND NONE
SEGMENT branch0_seg780 780 0.013320333285211755 5 780 781 0.09558422169274562 0.09559103197873571 0.0 MAT1 STENOSIS 0.0 779 0 NOBOUND NONE
SEGMENT branch0_seg781 781 0.013320333285211755 5 781 782 0.0955905813234038 0.09558831556988692 0.0 MAT1 STENOSIS 0.0 780 0 NOBOUND NONE
SEGMENT branch0_seg782 782 0.013320333285210277 24 782 783 0.09558550066947234 0.0955934353623321 0.0 MAT1 STENOSIS 0.0 781 0 NOBOUND NONE
SEGMENT branch0_seg783 783 0.013320333285211755 5 783 784 0.09559108782694567 0.09559783577115988 0.0 MAT1 STENOSIS 0.0 782 0 NOBOUND NONE
SEGMENT branch0_seg784 784 0.013320333285211755 5 784 785 0.09560066904910942 0.09559587902903122 0.0 MAT1 STENOSIS 0.0 783 0 NOBOUND NONE
SEGMENT branch0_seg785 785 0.013320333285210277 5 785 786 0.09559070756737358 0.09558866259182756 0.0 MAT1 STENOSIS 0.0 784 0 NOBOUND NONE
SEGMENT branch0_seg786 786 0.013320333285211755 5 786 787 0.09557999264738148 0.09557159680635208 0.0 MAT1 STENOSIS 0.0 785 0 NOBOUND NONE
SEGMENT branch0_seg787 787 0.013320333285211755 23 787 788 0.09556912783057782 0.09556861063790585 0.0 MAT1 STENOSIS 0.0 786 0 NOBOUND NONE
SEGMENT branch0_seg788 788 0.013320333285211755 5 788 789 0.09556498930849161 0.09557886484529063 0.0 MAT1 STENOSIS 0.0 787 0 NOBOUND NONE
SEGMENT branch0_seg789 789 0.013320333285210277 5 789 790 0.0955800830360421 0.09558559034219989 0.0 MAT1 STENOSIS 0.0 788 0 NOBOUND NONE
SEGMENT branch0_seg790 790 0.013320333285211755 22 790 791 0.09558357879819145 0.09557937201135762 0.0 MAT1 STENOSIS 0.0 789 0 NOBOUND NONE
SEGMENT branch0_seg791 791 0.013320333285211755 5 791 792 0.09557753033840394 0.09557998468290796 0.0 MAT1 STENOSIS 0.0 790 0 NOBOUND NONE
SEGMENT branch0_seg792 792 0.013320333285211755 5 792 793 0.09557784541299967 0.09557708748570248 0.0 MAT1 STENOSIS 0.0 791 0 NOBOUND NONE
SEGMENT branch0_seg793 793 0.013320333285210277 9 793 794 0.09557380646834107 0.08812830519541309 0.0 MAT1 STENOSIS 0.0 792 0 NOBOUND NONE
SEGMENT branch0_seg794 794 0.013320333285211755 5 794 795 0.09557996800929905 0.09558201328562604 0.0 MAT1 STENOSIS 0.0 793 0 NOBOUND NONE
SEGMENT branch0_seg795 795 0.013320333285211755 5 795 796 0.0955817398099814 0.09557634280729162 0.0 MAT1 STENOSIS 0.0 794 0 NOBOUND NONE
SEGMENT branch0_seg796 796 0.013320333285210277 5 796 797 0.09557095466526029 0.09558069681592815 0.0 MAT1 STENOSIS 0.0 795 0 NOBOUND NONE
SEGMENT branch0_seg797 797 0.013320333285211755 5 797 798 0.09557900811935607 0.09557757376298268 0.0 MAT1 STENOSIS 0.0 796 0 NOBOUND NONE
SEGMENT branch0_seg798 798 0.013320333285211755 17 798 799 0.09557719658441832 0.09557790279210868 0.0 MAT1 STENOSIS 0.0 797 0 NOBOUND NONE
SEGMENT branch0_seg799 799 0.013320333285211755 5 799 800 0.09557862837125304 0.09556804637206562 0.0 MAT1 STENOSIS 0.0 798 0 NOBOUND NONE
SEGMENT branch0_seg800 800 0.013320333285210277 14 800 801 0.07729992957075378 0.0955772440213748 0.0 MAT1 STENOSIS 0.0 799 0 NOBOUND NONE
SEGMENT branch0_seg801 801 0.013320333285211755 5 801 802 0.09557770456542505 0.09558237490335515 0.0 MAT1 STENOSIS 0.0 800 0 NOBOUND NONE
SEGMENT branch0_seg802 802 0.013320333285211755 5 802 803 0.09558405299856125 0.09559051831933833 0.0 MAT1 STENOSIS 0.0 801 0 NOBOUND NONE
SEGMENT branch0_seg803 803 0.013320333285210277 5 803 804 0.09313641560494863 0.09559208857566234 0.0 MAT1 STENOSIS 0.0 802 0 NOBOUND NONE
SEGMENT branch0_seg804 804 0.013320333285211755 5 804 805 0.09559481126862479 0.09289755470593958 0.0 MAT1 STENOSIS 0.0 803 0 NOBOUND NONE
SEGMENT branch0_seg805 805 0.013320333285211755 5 805 806 0.09560527512276439 0.09562539930556481 0.0 MAT1 STENOSIS 0.0 804 0 NOBOUND NONE
SEGMENT branch0_seg806 806 0.013320333285211755 14 806 807 0.09562477433764101 0.09562438497654972 0.0 MAT1 STENOSIS 0.0 805 0 NOBOUND NONE
SEGMENT branch0_seg807 807 0.013320333285210277 5 807 808 0.09562075814479101 0.09560833860164278 0.0 MAT1 STENOSIS 0.0 806 0 NOBOUND NONE
SEGMENT branch0_seg808 808 0.013320333285211755 5 808 809 0.09560508937957517 0.0955990859306874 0.0 MAT1 STENOSIS 0.0 807 0 NOBOUND NONE
SEGMENT branch0_seg809 809 0.013320333285211755 5 809 810 0.09559886522670055 0.09561432932534605 0.0 MAT1 STENOSIS 0.0 808 0 NOBOUND NONE
SEGMENT branch0_seg810 810 0.013320333285211755 5 810 811 0.0956177850459144 0.0956403913904016 0.0 MAT1 STENOSIS 0.0 809 0 NOBOUND NONE
SEGMENT branch0_seg811 811 0.013320333285210277 22 811 812 0.04579436623707019 0.09563628299317287 0.0 MAT1 STENOSIS 0.0 810 0 NOBOUND NONE
SEGMENT branch0_seg812 812 0.013320333285211755 5 812 813 0.09563833588630942 0.09561998299975392 0.0 MAT1 STENOSIS 0.0 811 0 NOBOUND NONE
SEGMENT branch0_seg813 813 0.013320333285211755 5 813 814 0.09561587409466783 0.0956051790087482 0.0 MAT1 STENOSIS 0.0 812 0 NOBOUND NONE
SEGMENT branch0_seg814 814 0.013320333285210277 5 814 815 0.0956101460217777 0.0956148052120345 0.0 MAT1 STENOSIS 0.0 813 0 NOBOUND NONE
SEGMENT branch0_seg815 815 0.013320333285211755 5 815 816 0.09561234252763562 0.09561068505822448 0.0 MAT1 STENOSIS 0.0 814 0 NOBOUND NONE
SEGMENT branch0_seg816 816 0.013320333285211755 5 816 817 0.09561237558052117 0.09561050710075972 0.0 MAT1 STENOSIS 0.0 815 0 NOBOUND NONE
SEGMENT branch0_seg817 817 0.013320333285211755 20 817 818 0.05616789604703358 0.09560660159753136 0.0 MAT1 STENOSIS 0.0 816 0 NOBOUND NONE
SEGMENT branch0_seg818 818 0.013320333285210277 5 818 819 0.09560447059011011 0.09559364050367503 0.0 MAT1 STENOSIS 0.0 817 0 NOBOUND NONE
SEGMENT branch0_seg819 819 0.013320333285211755 5 819 820 0.09559628063819665 0.09558785874533288 0.0 MAT1 STENOSIS 0.0 818 0 NOBOUND NONE
SEGMENT branch0_seg820 820 0.013320333285211755 5 820 821 0.09558811113996171 0.09558419053932413 0.0 MAT1 STENOSIS 0.0 819 0 NOBOUND NONE
SEGMENT branch0_seg821 821 0.013320333285211755 6 821 822 0.09558707490650956 0.09559249648655908 0.0 MAT1 STENOSIS 0.0 820 0 NOBOUND NONE
SEGMENT branch0_seg822 822 0.013320333285210277 8 822 823 0.09559354073738559 0.08948508143547396 0.0 MAT1 STENOSIS 0.0 821 0 NOBOUND NONE
SEGMENT branch0_seg823 823 0.013320333285211755 6 823 824 0.09559575110620325 0.09559720111053874 0.0 MAT1 STENOSIS 0.0 822 0 NOBOUND NONE
SEGMENT branch0_seg824 824 0.013320333285211755 5 824 825 0.09559831778863971 0.09558966339497803 0.0 MAT1 STENOSIS 0.0 823 0 NOBOUND NONE
SEGMENT branch0_seg825 825 0.013320333285210277 5 825 826 0.09559005541456958 0.09559018432363098 0.0 MAT1 STENOSIS 0.0 824 0 NOBOUND NONE
SEGMENT branch0_seg826 826 0.013320333285211755 23 826 827 0.040554231823045545 0.09560006527122011 0.0 MAT1 STENOSIS 0.0 825 0 NOBOUND NONE
SEGMENT branch0_seg827 827 0.013320333285211755 5 827 828 0.0956043004743821 0.0956094479200732 0.0 MAT1 STENOSIS 0.0 826 0 NOBOUND NONE
SEGMENT branch0_seg828 828 0.013320333285211755 21 828 829 0.0956141871514812 0.09562412993423938 0.0 MAT1 STENOSIS 0.0 827 0 NOBOUND NONE
SEGMENT branch0_seg829 829 0.013320333285210277 13 829 830 0.09562674186136015 0.09562669297706981 0.0 MAT1 STENOSIS 0.0 828 0 NOBOUND NONE
SEGMENT branch0_seg830 830 0.013320333285211755 24 830 831 0.09562384354232409 0.09560802429656175 0.0 MAT1 STENOSIS 0.0 829 0 NOBOUND NONE
SEGMENT branch0_seg831 831 0.013320333285211755 7 831 832 0.09560180257738873 0.09557383578169823 0.0 MAT1 STENOSIS 0.0 830 0 NOBOUND NONE
SEGMENT branch0_seg832 832 0.013320333285208798 16 832 833 0.09557239577059279 0.09557336990852429 0.0 MAT1 STENOSIS 0.0 831 0 NOBOUND NONE
SEGMENT branch0_seg833 833 0.013320333285211755 5 833 834 0.09557513302172971 0.0955891908797439 0.0 MAT1 STENOSIS 0.0 832 0 NOBOUND NONE
SEGMENT branch0_seg834 834 0.013320333285211755 5 834 835 0.09300552594854034 0.09559455610137339 0.0 MAT1 STENOSIS 0.0 833 0 NOBOUND NONE
SEGMENT branch0_seg835 835 0.013320333285210277 5 835 836 0.0955988584976949 0.09558787043200727 0.0 MAT1 STENOSIS 0.0 834 0 NOBOUND NONE
SEGMENT branch0_seg836 836 0.013320333285211755 5 836 837 0.09558660841301087 0.09558371997053167 0.0 MAT1 STENOSIS 0.0 835 0 NOBOUND NONE
SEGMENT branch0_seg837 837 0.013320333285211755 5 837 838 0.09558551181767419 0.09557385692080997 0.0 MAT1 STENOSIS 0.0 836 0 NOBOUND NONE
SEGMENT branch0_seg838 838 0.013320333285211755 5 838 839 0.0955797169408176 0.09559898970586628 0.0 MAT1 STENOSIS 0.0 837 0 NOBOUND NONE
SEGMENT branch0_seg839 839 0.013320333285210277 7 839 840 0.09560535980760015 0.09562107650902817 0.0 MAT1 STENOSIS 0.0 838 0 NOBOUND NONE
SEGMENT branch0_seg840 840 0.013320333285211755 5 840 841 0.0956276712882711 0.09332190557681874 0.0 MAT1 STENOSIS 0.0 839 0 NOBOUND NONE
SEGMENT branch0_seg841 841 0.013320333285211755 5 841 842 0.09564186784498807 0.0956224659391417 0.0 MAT1 STENOSIS 0.0 840 0 NOBOUND NONE
SEGMENT branch0_seg842 842 0.013320333285211755 5 842 843 0.09353060723431758 0.09560252354696988 0.0 MAT1 STENOSIS 0.0 841 0 NOBOUND NONE
SEGMENT branch0_seg843 843 0.013320333285210277 5 843 844 0.09560169524434727 0.09560173942044062 0.0 MAT1 STENOSIS 0.0 842 0 NOBOUND NONE
SEGMENT branch0_seg844 844 0.013320333285211755 5 844 845 0.09559942431527106 0.09559472222836564 0.0 MAT1 STENOSIS 0.0 843 0 NOBOUND NONE
SEGMENT branch0_seg845 845 0.013320333285211755 7 845 846 0.09023985006578383 0.0955870699551107 0.0 MAT1 STENOSIS 0.0 844 0 NOBOUND NONE
SEGMENT branch0_seg846 846 0.013320333285210277 5 846 847 0.09558547179953633 0.09557540605245159 0.0 MAT1 STENOSIS 0.0 845 0 NOBOUND NONE
SEGMENT branch0_seg847 847 0.013320333285211755 5 847 848 0.09557188687874811 0.09556567905639718 0.0 MAT1 STENOSIS 0.0 846 0 NOBOUND NONE
SEGMENT branch0_seg848 848 0.013320333285211755 5 848 849 0.09556508141583513 0.09557178919995642 0.0 MAT1 STENOSIS 0.0 847 0 NOBOUND NONE
SEGMENT branch0_seg849 849 0.013320333285211755 18 849 850 0.09557363381106539 0.09559649372792627 0.0 MAT1 STENOSIS 0.0 848 0 NOBOUND NONE
SEGMENT branch0_seg850 850 0.013320333285210277 5 850 851 0.0955986501415433 0.09561638456871621 0.0 MAT1 STENOSIS 0.0 849 0 NOBOUND NONE
SEGMENT branch0_seg851 851 0.013320333285211755 5 851 852 0.09561922124213287 0.09562906710028247 0.0 MAT1 STENOSIS 0.0 850 0 NOBOUND NONE
SEGMENT branch0_seg852 852 0.013320333285211755 20 852 853 0.09563040419588398 0.08884193012015372 0.0 MAT1 STENOSIS 0.0 851 0 NOBOUND NONE
SEGMENT branch0_seg853 853 0.013320333285210277 5 853 854 0.09563722477111483 0.09563987176151126 0.0 MAT1 STENOSIS 0.0 852 0 NOBOUND NONE
SEGMENT branch0_seg854 854 0.013320333285211755 5 854 855 0.09564109888072668 0.09563742900697918 0.0 MAT1 STENOSIS 0.0 853 0 NOBOUND NONE
SEGMENT branch0_seg855 855 0.013320333285211755 5 855 856 0.09563335952610866 0.09562668196040824 0.0 MAT1 STENOSIS 0.0 854 0 NOBOUND NONE
SEGMENT branch0_seg856 856 0.013320333285211755 5 856 857 0.09562371546741229 0.09560641207661397 0.0 MAT1 STENOSIS 0.0 855 0 NOBOUND NONE
SEGMENT branch0_seg857 857 0.013320333285210277 5 857 858 0.0956028506537087 0.09558756296449365 0.0 MAT1 STENOSIS 0.0 856 0 NOBOUND NONE
SEGMENT branch0_seg858 858 0.013320333285211755 5 858 859 0.09559007192036516 0.09558990547006514 0.0 MAT1 STENOSIS 0.0 857 0 NOBOUND NONE
SEGMENT branch0_seg859 859 0.013320333285211755 5 859 860 0.09558955892856948 0.09558428895407076 0.0 MAT1 STENOSIS 0.0 858 0 NOBOUND NONE
SEGMENT branch0_seg860 860 0.013320333285211755 5 860 861 0.09558428958516847 0.09557856955494741 0.0 MAT1 STENOSIS 0.0 859 0 NOBOUND NONE
SEGMENT branch0_seg861 861 0.013320333285210277 5 861 862 0.0955737726650758 0.09556174808076334 0.0 MAT1 STENOSIS 0.0 860 0 NOBOUND NONE
SEGMENT branch0_seg862 862 0.013320333285211755 8 862 863 0.09556568208472711 0.09555612443023806 0.0 MAT1 STENOSIS 0.0 861 0 NOBOUND NONE
SEGMENT branch0_seg863 863 0.013320333285211755 19 863 864 0.09555556124094601 0.09555970941698666 0.0 MAT1 STENOSIS 0.0 862 0 NOBOUND NONE
SEGMENT branch0_seg864 864 0.013320333285210277 5 864 865 0.09556290886083336 0.09556713432526688 0.0 MAT1 STENOSIS 0.0 863 0 NOBOUND NONE
SEGMENT branch0_seg865 865 0.013320333285211755 21 865 866 0.09556619425246697 0.09556019930671006 0.0 MAT1 STENOSIS 0.0 864 0 NOBOUND NONE
SEGMENT branch0_seg866 866 0.013320333285211755 17 866 867 0.0955587668392277 0.09555546291347533 0.0 MAT1 STENOSIS 0.0 865 0 NOBOUND NONE
SEGMENT branch0_seg867 867 0.013320333285211755 5 867 868 0.09555793332254749 0.09556711299223312 0.0 MAT1 STENOSIS 0.0 866 0 NOBOUND NONE
SEGMENT branch0_seg868 868 0.013320333285210277 5 868 869 0.0955679745003956 0.09557053910384115 0.0 MAT1 STENOSIS 0.0 867 0 NOBOUND NONE
SEGMENT branch0_seg869 869 0.013320333285211755 8 869 870 0.0955733158344596 0.09558327607036965 0.0 MAT1 STENOSIS 0.0 868 0 NOBOUND NONE
SEGMENT branch0_seg870 870 0.013320333285211755 5 870 871 0.09558320240271288 0.09558077447636579 0.0 MAT1 STENOSIS 0.0 869 0 NOBOUND NONE
SEGMENT branch0_seg871 871 0.013320333285211755 5 871 872 0.09558273373076372 0.09557171026443852 0.0 MAT1 STENOSIS 0.0 870 0 NOBOUND NONE
SEGMENT branch0_seg872 872 0.013320333285210277 5 872 873 0.09557114350563126 0.09557676113315369 0.0 MAT1 STENOSIS 0.0 871 0 NOBOUND NONE
SEGMENT branch0_seg873 873 0.013320333285211755 5 873 874 0.09557357433954618 0.09558939798689879 0.0 MAT1 STENOSIS 0.0 872 0 NOBOUND NONE
SEGMENT branch0_seg874 874 0.013320333285211755 11 874 875 0.09559825462198455 0.09562838319933727 0.0 MAT1 STENOSIS 0.0 873 0 NOBOUND NONE
SEGMENT branch0_seg875 875 0.013320333285210277 22 875 876 0.09563313542916502 0.09563437437812876 0.0 MAT1 STENOSIS 0.0 874 0 NOBOUND NONE
SEGMENT branch0_seg876 876 0.013320333285211755 24 876 877 0.09563439824061966 0.03869480017755905 0.0 MAT1 STENOSIS 0.0 875 0 NOBOUND NONE
SEGMENT branch0_seg877 877 0.013320333285211755 5 877 878 0.09559341038877286 0.09555293340704174 0.0 MAT1 STENOSIS 0.0 876 0 NOBOUND NONE
SEGMENT branch0_seg878 878 0.013320333285211755 23 878 879 0.0955455389104935 0.09553671287203522 0.0 MAT1 STENOSIS 0.0 877 0 NOBOUND NONE
SEGMENT branch0_seg879 879 0.013320333285210277 5 879 880 0.09553535006712509 0.09555027642185605 0.0 MAT1 STENOSIS 0.0 878 0 NOBOUND NONE
SEGMENT branch0_seg880 880 0.013320333285211755 5 880 881 0.09555250435177927 0.09557071563368282 0.0 MAT1 STENOSIS 0.0 879 0 NOBOUND NONE
SEGMENT branch0_seg881 881 0.013320333285211755 9 881 882 0.09558023785841625 0.08756355795406362 0.0 MAT1 STENOSIS 0.0 880 0 NOBOUND NONE
SEGMENT branch0_seg882 882 0.013320333285210277 5 882 883 0.09559238664897354 0.09558515482941504 0.0 MAT1 STENOSIS 0.0 881 0 NOBOUND NONE
SEGMENT branch0_seg883 883 0.013320333285211755 15 883 884 0.09558571703966168 0.0733538100618417 0.0 MAT1 STENOSIS 0.0 882 0 NOBOUND NONE
SEGMENT branch0_seg884 884 0.013320333285211755 5 884 885 0.09558378642493039 0.09558611517900659 0.0 MAT1 STENOSIS 0.0 883 0 NOBOUND NONE
SEGMENT branch0_seg885 885 0.013320333285211755 7 885 886 0.09558818967222849 0.09558066126078131 0.0 MAT1 STENOSIS 0.0 884 0 NOBOUND NONE
SEGMENT branch0_seg886 886 0.013320333285210277 5 886 887 0.09558143232128706 0.09557265119311763 0.0 MAT1 STENOSIS 0.0 885 0 NOBOUND NONE
SEGMENT branch0_seg887 887 0.013320333285211755 5 887 888 0.09557523758860481 0.0955692612155142 0.0 MAT1 STENOSIS 0.0 886 0 NOBOUND NONE
SEGMENT branch0_seg888 888 0.013320333285211755 5 888 889 0.09556840203247835 0.09556393174427792 0.0 MAT1 STENOSIS 0.0 887 0 NOBOUND NONE
SEGMENT branch0_seg889 889 0.013320333285211755 5 889 890 0.09556362645844943 0.09557073895041213 0.0 MAT1 STENOSIS 0.0 888 0 NOBOUND NONE
SEGMENT branch0_seg890 890 0.013320333285210277 19 890 891 0.05852136603737729 0.09556588879797538 0.0 MAT1 STENOSIS 0.0 889 0 NOBOUND NONE
SEGMENT branch0_seg891 891 0.013320333285211755 5 891 892 0.09556781534525183 0.09558177892167352 0.0 MAT1 STENOSIS 0.0 890 0 NOBOUND NONE
SEGMENT branch0_seg892 892 0.013320333285211755 23 892 893 0.09558608806870993 0.09559521194624894 0.0 MAT1 STENOSIS 0.0 891 0 NOBOUND NONE
SEGMENT branch0_seg893 893 0.013320333285210277 5 893 894 0.09559577111173943 0.09558597109932351 0.0 MAT1 STENOSIS 0.0 892 0 NOBOUND NONE
SEGMENT branch0_seg894 894 0.013320333285211755 5 894 895 0.09558256286324607 0.09556469948678387 0.0 MAT1 STENOSIS 0.0 893 0 NOBOUND NONE
SEGMENT branch0_seg895 895 0.013320333285211755 5 895 896 0.0955608683174428 0.09555921984093264 0.0 MAT1 STENOSIS 0.0 894 0 NOBOUND NONE
SEGMENT branch0_seg896 896 0.013320333285211755 5 896 897 0.09309960052205073 0.09555536288952753 0.0 MAT1 STENOSIS 0.0 895 0 NOBOUND NONE
SEGMENT branch0_seg897 897 0.013320333285210277 5 897 898 0.0955607399487584 0.09555982830628564 0.0 MAT1 STENOSIS 0.0 896 0 NOBOUND NONE
SEGMENT branch0_seg898 898 0.013320333285211755 5 898 899 0.0955643199019984 0.09556933888014413 0.0 MAT1 STENOSIS 0.0 897 0 NOBOUND NONE
SEGMENT branch0_seg899 899 0.013320333285211755 5 899 900 0.0955731858857469 0.09557251563516349 0.0 MAT1 STENOSIS 0.0 898 0 NOBOUND NONE
SEGMENT branch0_seg900 900 0.013320333285211755 18 900 901 0.0618651317321694 0.09558833881605122 0.0 MAT1 STENOSIS 0.0 899 0 NOBOUND NONE
SEGMENT branch0_seg901 901 0.013320333285210277 5 901 902 0.09558974050670335 0.09561325377905712 0.0 MAT1 STENOSIS 0.0 900 0 NOBOUND NONE
SEGMENT branch0_seg902 902 0.013320333285211755 5 902 903 0.09561960033411299 0.09563646478676226 0.0 MAT1 STENOSIS 0.0 901 0 NOBOUND NONE
SEGMENT branch0_seg903 903 0.013320333285211755 13 903 904 0.09564252416600945 0.09566670287401989 0.0 MAT1 STENOSIS 0.0 902 0 NOBOUND NONE
SEGMENT branch0_seg904 904 0.013320333285210277 23 904 905 0.09567180960862813 0.0956718756962777 0.0 MAT1 STENOSIS 0.0 903 0 NOBOUND NONE
SEGMENT branch0_seg905 905 0.013320333285211755 8 905 906 0.0956698195264247 0.09565758071955237 0.0 MAT1 STENOSIS 0.0 904 0 NOBOUND NONE
SEGMENT branch0_seg906 906 0.013320333285211755 5 906 907 0.09565607114783299 0.09563753234783876 0.0 MAT1 STENOSIS 0.0 905 0 NOBOUND NONE
SEGMENT branch0_seg907 907 0.013320333285211755 8 907 908 0.09563455814712599 0.08870967185273354 0.0 MAT1 STENOSIS 0.0 906 0 NOBOUND NONE
SEGMENT branch0_seg908 908 0.013320333285210277 6 908 909 0.09562338015596826 0.09149998954207554 0.0 MAT1 STENOSIS 0.0 907 0 NOBOUND NONE
SEGMENT branch0_seg909 909 0.013320333285211755 5 909 910 0.0956135751051646 0.09559944448770882 0.0 MAT1 STENOSIS 0.0 908 0 NOBOUND NONE
SEGMENT branch0_seg910 910 0.013320333285211755 5 910 911 0.0955881025795853 0.09557789056700158 0.0 MAT1 STENOSIS 0.0 909 0 NOBOUND NONE
SEGMENT branch0_seg911 911 0.013320333285210277 8 911 912 0.09557479367002546 0.09558126145851456 0.0 MAT1 STENOSIS 0.0 910 0 NOBOUND NONE
SEGMENT branch0_seg912 912 0.013320333285211755 5 912 913 0.09557721687768833 0.095572859989474 0.0 MAT1 STENOSIS 0.0 911 0 NOBOUND NONE
SEGMENT branch0_seg913 913 0.013320333285211755 7 913 914 0.09557053357903313 0.09048903807963891 0.0 MAT1 STENOSIS 0.0 912 0 NOBOUND NONE
SEGMENT branch0_seg914 914 0.013320333285211755 24 914 915 0.0955711524748371 0.09557374169719514 0.0 MAT1 STENOSIS 0.0 913 0 NOBOUND NONE
SEGMENT branch0_seg915 915 0.013320333285210277 5 915 916 0.09557406368562699 0.09558020827539379 0.0 MAT1 STENOSIS 0.0 914 0 NOBOUND NONE
SEGMENT branch0_seg916 916 0.013320333285211755 5 916 917 0.09558207682519282 0.09558989953926292 0.0 MAT1 STENOSIS 0.0 915 0 NOBOUND NONE
SEGMENT branch0_seg917 917 0.013320333285211755 22 917 918 0.09558795723754092 0.09558013886148195 0.0 MAT1 STENOSIS 0.0 916 0 NOBOUND NONE
SEGMENT branch0_seg918 918 0.013320333285211755 25 918 919 0.0955815171364252 0.09558588492364316 0.0 MAT1 STENOSIS 0.0 917 0 NOBOUND NONE
SEGMENT branch0_seg919 919 0.013320333285210277 5 919 920 0.0955891115369246 0.09559880386623637 0.0 MAT1 STENOSIS 0.0 918 0 NOBOUND NONE
SEGMENT branch0_seg920 920 0.013320333285211755 23 920 921 0.09560014085125007 0.09559986183868664 0.0 MAT1 STENOSIS 0.0 919 0 NOBOUND NONE
SEGMENT branch0_seg921 921 0.013320333285211755 5 921 922 0.09559977074762525 0.09560291346882291 0.0 MAT1 STENOSIS 0.0 920 0 NOBOUND NONE
SEGMENT branch0_seg922 922 0.013320333285210277 5 922 923 0.0956043704007815 0.09561071106553111 0.0 MAT1 STENOSIS 0.0 921 0 NOBOUND NONE
SEGMENT branch0_seg923 923 0.013320333285211755 18 923 924 0.09561017049078673 0.09562017372609512 0.0 MAT1 STENOSIS 0.0 922 0 NOBOUND NONE
SEGMENT branch0_seg924 924 0.013320333285211755 5 924 925 0.09562166391851243 0.09563149539609292 0.0 MAT1 STENOSIS 0.0 923 0 NOBOUND NONE
SEGMENT branch0_seg925 925 0.013320333285211755 5 925 926 0.09563336234115431 0.09562983381131743 0.0 MAT1 STENOSIS 0.0 924 0 NOBOUND NONE
SEGMENT branch0_seg926 926 0.013320333285210277 5 926 927 0.09562750229654303 0.09561212165200961 0.0 MAT1 STENOSIS 0.0 925 0 NOBOUND NONE
SEGMENT branch0_seg927 927 0.013320333285211755 5 927 928 0.09560433113327386 0.0955630601714427 0.0 MAT1 STENOSIS 0.0 926 0 NOBOUND NONE
SEGMENT branch0_seg928 928 0.013320333285211755 5 928 929 0.09555756720929937 0.09555205563269051 0.0 MAT1 STENOSIS 0.0 927 0 NOBOUND NONE
SEGMENT branch0_seg929 929 0.013320333285211755 5 929 930 0.0955506455496832 0.0955609516760091 0.0 MAT1 STENOSIS 0.0 928 0 NOBOUND NONE
SEGMENT branch0_seg930 930 0.013320333285210277 5 930 931 0.09556387227955675 0.09558791203111096 0.0 MAT1 STENOSIS 0.0 929 0 NOBOUND NONE
SEGMENT branch0_seg931 931 0.013320333285211755 5 931 932 0.09558952495438121 0.09559236151964136 0.0 MAT1 STENOSIS 0.0 930 0 NOBOUND NONE
SEGMENT branch0_seg932 932 0.013320333285211755 5 932 933 0.09559290446827778 0.09559580184755595 0.0 MAT1 STENOSIS 0.0 931 0 NOBOUND NONE
SEGMENT branch0_seg933 933 0.013320333285210277 12 933 934 0.09559253375972777 0.08151820958884816 0.0 MAT1 STENOSIS 0.0 932 0 NOBOUND NONE
SEGMENT branch0_seg934 934 0.013320333285211755 5 934 935 0.09559020838878961 0.09560853585252774 0.0 MAT1 STENOSIS 0.0 933 0 NOBOUND NONE
SEGMENT branch0_seg935 935 0.013320333285211755 22 935 936 0.09560997585820132 0.047663487983778 0.0 MAT1 STENOSIS 0.0 934 0 NOBOUND NONE
SEGMENT branch0_seg936 936 0.013320333285211755 5 936 937 0.09561845806556023 0.09561896316805403 0.0 MAT1 STENOSIS 0.0 935 0 NOBOUND NONE
SEGMENT branch0_seg937 937 0.013320333285210277 5 937 938 0.09561620879900262 0.09559839790649458 0.0 MAT1 STENOSIS 0.0 936 0 NOBOUND NONE
SEGMENT branch0_seg938 938 0.013320333285211755 5 938 939 0.09559633277548574 0.09558905875218514 0.0 MAT1 STENOSIS 0.0 937 0 NOBOUND NONE
SEGMENT branch0_seg939 939 0.013320333285211755 11 939 940 0.09558794786334124 0.08346156067569324 0.0 MAT1 STENOSIS 0.0 938 0 NOBOUND NONE
SEGMENT branch0_seg940 940 0.013320333285210277 5 940 941 0.09558836822042166 0.09560083262884482 0.0 MAT1 STENOSIS 0.0 939 0 NOBOUND NONE
SEGMENT branch0_seg941 941 0.013320333285211755 5 941 942 0.0956004879052911 0.09562615322752298 0.0 MAT1 STENOSIS 0.0 940 0 NOBOUND NONE
SEGMENT branch0_seg942 942 0.013320333285211755 24 942 943 0.09562832688999681 0.038223663864927995 0.0 MAT1 STENOSIS 0.0 941 0 NOBOUND NONE
SEGMENT branch0_seg943 943 0.013320333285211755 5 943 944 0.0956472470353399 0.09564771197984728 0.0 MAT1 STENOSIS 0.0 942 0 NOBOUND NONE
SEGMENT branch0_seg944 944 0.013320333285210277 5 944 945 0.09564326110980124 0.09563777442413461 0.0 MAT1 STENOSIS 0.0 943 0 NOBOUND NONE
SEGMENT branch0_seg945 945 0.013320333285211755 5 945 946 0.0956267944353071 0.09559840432872659 0.0 MAT1 STENOSIS 0.0 944 0 NOBOUND NONE
SEGMENT branch0_seg946 946 0.013320333285211755 5 946 947 0.0955842970140964 0.09557578076815189 0.0 MAT1 STENOSIS 0.0 945 0 NOBOUND NONE
SEGMENT branch0_seg947 947 0.013320333285211755 5 947 948 0.0955712462539058 0.09559160733005889 0.0 MAT1 STENOSIS 0.0 946 0 NOBOUND NONE
SEGMENT branch0_seg948 948 0.013320333285210277 5 948 949 0.09559711772162786 0.09559582475773247 0.0 MAT1 STENOSIS 0.0 947 0 NOBOUND NONE
SEGMENT branch0_seg949 949 0.013320333285211755 5 949 950 0.0956001274144009 0.09560188840462308 0.0 MAT1 STENOSIS 0.0 948 0 NOBOUND NONE
SEGMENT branch0_seg950 950 0.013320333285211755 5 950 951 0.09560076444785473 0.09558325288820743 0.0 MAT1 STENOSIS 0.0 949 0 NOBOUND NONE
SEGMENT branch0_seg951 951 0.013320333285210277 20 951 952 0.09558349525041546 0.09557753104408204 0.0 MAT1 STENOSIS 0.0 950 0 NOBOUND NONE
SEGMENT branch0_seg952 952 0.013320333285211755 19 952 953 0.09557707162800641 0.05938268383570059 0.0 MAT1 STENOSIS 0.0 951 0 NOBOUND NONE
SEGMENT branch0_seg953 953 0.013320333285211755 5 953 954 0.09557910845212457 0.09559175054023074 0.0 MAT1 STENOSIS 0.0 952 0 NOBOUND NONE
SEGMENT branch0_seg954 954 0.013320333285211755 5 954 955 0.09559452098432716 0.09560519750356306 0.0 MAT1 STENOSIS 0.0 953 0 NOBOUND NONE
SEGMENT branch0_seg955 955 0.013320333285210277 5 955 956 0.09560858903804494 0.09561254493104097 0.0 MAT1 STENOSIS 0.0 954 0 NOBOUND NONE
SEGMENT branch0_seg956 956 0.013320333285211755 5 956 957 0.09561267673372527 0.09560003546708842 0.0 MAT1 STENOSIS 0.0 955 0 NOBOUND NONE
SEGMENT branch0_seg957 957 0.013320333285211755 5 957 958 0.09559797470764508 0.09559675225912094 0.0 MAT1 STENOSIS 0.0 956 0 NOBOUND NONE
SEGMENT branch0_seg958 958 0.013320333285211755 12 958 959 0.09559593159124248 0.09558275110763588 0.0 MAT1 STENOSIS 0.0 957 0 NOBOUND NONE
SEGMENT branch0_seg959 959 0.013320333285208798 5 959 960 0.09558336582619223 0.09558136545026877 0.0 MAT1 STENOSIS 0.0 958 0 NOBOUND NONE
SEGMENT branch0_seg960 960 0.013320333285211755 5 960 961 0.09558241281624108 0.09557629965857427 0.0 MAT1 STENOSIS 0.0 959 0 NOBOUND NONE
SEGMENT branch0_seg961 961 0.013320333285210277 5 961 962 0.0955772870701711 0.09557714503733317 0.0 MAT1 STENOSIS 0.0 960 0 NOBOUND NONE
SEGMENT branch0_seg962 962 0.013320333285211755 24 962 963 0.09557434103884763 0.03874932566280376 0.0 MAT1 STENOSIS 0.0 961 0 NOBOUND NONE
SEGMENT branch0_seg963 963 0.013320333285211755 24 963 964 0.04008282548615845 0.09556102295626619 0.0 MAT1 STENOSIS 0.0 962 0 NOBOUND NONE
SEGMENT branch0_seg964 964 0.013320333285211755 5 964 965 0.09556322820716624 0.09557580840490958 0.0 MAT1 STENOSIS 0.0 963 0 NOBOUND NONE
SEGMENT branch0_seg965 965 0.013320333285210277 13 965 966 0.08512339951008713 0.07942496445799196 0.0 MAT1 STENOSIS 0.0 964 0 NOBOUND NONE
SEGMENT branch0_seg966 966 0.013320333285211755 13 966 967 0.0955858139916503 0.07861074539591163 0.0 MAT1 STENOSIS 0.0 965 0 NOBOUND NONE
SEGMENT branch0_seg967 967 0.013320333285211755 5 967 968 0.0955841766803052 0.09556588665299919 0.0 MAT1 STENOSIS 0.0 966 0 NOBOUND NONE
SEGMENT branch0_seg968 968 0.013320333285211755 5 968 969 0.09556443488275292 0.09557535942337801 0.0 MAT1 STENOSIS 0.0 967 0 NOBOUND NONE
SEGMENT branch0_seg969 969 0.013320333285210277 5 969 970 0.09557649616846439 0.09557846886809256 0.0 MAT1 STENOSIS 0.0 968 0 NOBOUND NONE
SEGMENT branch0_seg970 970 0.013320333285211755 21 970 971 0.09557949628028162 0.04972950908207957 0.0 MAT1 STENOSIS 0.0 969 0 NOBOUND NONE
SEGMENT branch0_seg971 971 0.013320333285211755 24 971 972 0.09557191774695348 0.036046497069493984 0.0 MAT1 STENOSIS 0.0 970 0 NOBOUND NONE
SEGMENT branch0_seg972 972 0.013320333285210277 5 972 973 0.09557575983346939 0.09558541832105383 0.0 MAT1 STENOSIS 0.0 971 0 NOBOUND NONE
SEGMENT branch0_seg973 973 0.013320333285211755 5 973 974 0.09559384052780188 0.09562455349219236 0.0 MAT1 STENOSIS 0.0 972 0 NOBOUND NONE
SEGMENT branch0_seg974 974 0.013320333285211755 24 974 975 0.09098010200453872 0.03357754153148076 0.0 MAT1 STENOSIS 0.0 973 0 NOBOUND NONE
SEGMENT branch0_seg975 975 0.013320333285211755 20 975 976 0.043663715974476616 0.08549214844556716 0.0 MAT1 STENOSIS 0.0 974 0 NOBOUND NONE
SEGMENT branch0_seg976 976 0.013320333285210277 5 976 977 0.09289258498508662 0.09559316317941038 0.0 MAT1 STENOSIS 0.0 975 0 NOBOUND NONE
SEGMENT branch0_seg977 977 0.013320333285211755 5 977 978 0.09558324196580893 0.09560034461415716 0.0 MAT1 STENOSIS 0.0 976 0 NOBOUND NONE
SEGMENT branch0_seg978 978 0.013320333285211755 5 978 979 0.09560177722876935 0.09562357212406447 0.0 MAT1 STENOSIS 0.0 977 0 NOBOUND NONE
SEGMENT branch0_seg979 979 0.013320333285211755 5 979 980 0.09562843112933317 0.09563724708448941 0.0 MAT1 STENOSIS 0.0 978 0 NOBOUND NONE
SEGMENT branch0_seg980 980 0.013320333285210277 5 980 981 0.0956390407979832 0.09563592700073709 0.0 MAT1 STENOSIS 0.0 979 0 NOBOUND NONE
SEGMENT branch0_seg981 981 0.013320333285211755 5 981 982 0.09563630097016183 0.09563318481146589 0.0 MAT1 STENOSIS 0.0 980 0 NOBOUND NONE
SEGMENT branch0_seg982 982 0.013320333285211755 5 982 983 0.09562456296728455 0.09560024001629511 0.0 MAT1 STENOSIS 0.0 981 0 NOBOUND NONE
SEGMENT branch0_seg983 983 0.013320333285210277 5 983 984 0.09559519152028867 0.09556872388648488 0.0 MAT1 STENOSIS 0.0 982 0 NOBOUND NONE
SEGMENT branch0_seg984 984 0.013320333285211755 21 984 985 0.09556408001678347 0.055621769818853715 0.0 MAT1 STENOSIS 0.0 983 0 NOBOUND NONE
SEGMENT branch0_seg985 985 0.013320333285211755 21 985 986 0.05354145934735221 0.09558111151640916 0.0 MAT1 STENOSIS 0.0 984 0 NOBOUND NONE
SEGMENT branch0_seg986 986 0.013320333285211755 5 986 987 0.09558653921451622 0.09559070790234817 0.0 MAT1 STENOSIS 0.0 985 0 NOBOUND NONE
SEGMENT branch0_seg987 987 0.013320333285210277 1000 987 988 0.09558129910111247 0.09558129910111247 0.0 MAT1 STENOSIS 0.0 986 0 NOBOUND NONE
SEGMENT branch0_seg988 988 0.013320333285211755 1000 988 989 0.09558129910111247 0.09558129910111247 0.0 MAT1 STENOSIS 0.0 987 0 NOBOUND NONE
SEGMENT branch0_seg989 989 0.013320333285211755 1000 989 990 0.09556727885713201 0.09556727885713201 0.0 MAT1 STENOSIS 0.0 988 0 NOBOUND NONE
SEGMENT branch0_seg990 990 0.013320333285210277 1000 990 991 0.09556727885713201 0.09556727885713201 0.0 MAT1 STENOSIS 0.0 989 0 NOBOUND NONE
SEGMENT branch0_seg991 991 0.013320333285211755 1000 991 992 0.09556727885713201 0.09556727885713201 0.0 MAT1 STENOSIS 0.0 990 0 NOBOUND NONE
SEGMENT branch0_seg992 992 0.013320333285211755 1000 992 993 0.09288991091810743 0.09288991091810743 0.0 MAT1 STENOSIS 0.0 991 0 NOBOUND NONE
SEGMENT branch0_seg993 993 0.013320333285211755 1000 993 994 0.09288991091810743 0.09288991091810743 0.0 MAT1 STENOSIS 0.0 992 0 NOBOUND NONE
SEGMENT branch0_seg994 994 0.013320333285210277 1000 994 995 0.09288991091810743 0.09288991091810743 0.0 MAT1 STENOSIS 0.0 993 0 NOBOUND NONE
SEGMENT branch0_seg995 995 0.013320333285211755 1000 995 996 0.09288991091810743 0.09288991091810743 0.0 MAT1 STENOSIS 0.0 994 0 NOBOUND NONE
SEGMENT branch0_seg996 996 0.013320333285211755 1000 996 997 0.09288991091810743 0.09288991091810743 0.0 MAT1 STENOSIS 0.0 995 0 NOBOUND NONE
SEGMENT branch0_seg997 997 0.013320333285211755 1000 997 998 0.09288991091810743 0.09288991091810743 0.0 MAT1 STENOSIS 0.0 996 0 NOBOUND NONE
SEGMENT branch0_seg998 998 0.013320333285210277 1000 998 999 0.0 0.0 0.0 MAT1 STENOSIS 0.0 997 0 NOBOUND NONE
SEGMENT branch0_seg999 999 0.013320333285211755 1000 999 1000 0.0 0.0 0.0 MAT1 STENOSIS 0.0 998 0 RCR RCR_0


DATATABLE RCR_0 LIST
0.0 10.0
0.0 0.0
0.0 0.0
0.0 0.0
ENDDATATABLE



DATATABLE INFLOW LIST
 0.000000 -0.025000
 1.000000 -0.025000
ENDDATATABLE


# ==================
# SOLVEROPTIONS CARD
# ==================
# - Solver Time Step (double), 
# - Steps Between Saves (int), 
# - Max Number of Steps (int)
# - Number of quadrature points for finite elements (int), 
# - Name of Datatable for inlet conditions (string)
# - Type of boundary condition (string - 'NOBOUND','PRESSURE','AREA','FLOW','RESISTANCE','RESISTANCE_TIME','PRESSURE_WAVE',
#                                        'WAVE','RCR','CORONARY','IMPEDANCE','PULMONARY')
# - Convergence tolerance (double), 
# - Formulation Type (int - 0 Advective, 1 Conservative), 
# - Stabilization (int - 0 No stabilization, 1 With stabilization)

SOLVEROPTIONS 0.01 1 100 2 INFLOW FLOW 1.0e-5 1 1

# =============
# MATERIAL CARD
# =============
# - Material Name (string)
# - Material Type (string - 'LINEAR','OLUFSEN')
# - Material Density (double)
# - Material Viscosity (double)
# - Material PRef (double)
# - Material Exponent (double)
# - Material Parameter 1 (double)
# - Material Parameter 2 (double)
# - Material Parameter 3 (double)

MATERIAL MAT1 LINEAR 1.06 0.04 0.0 1.0 10000000.0 0.0 0.0

# ============
# OUTPUT CARD
# ============
#
# 1. Output file format. The following output types are supported:
#		TEXT. The output of every segment is written in separate text files for the flow rate, pressure, area and Reynolds number. The rows contain output values at varying locations along the segment while columns contains results at various time instants.
#		VTK. The results for all time steps are plotted to a 3D-like model using the XML VTK file format.
# 2. VTK export option. Two options are available for VTK file outputs:
#		0 - Multiple files (default). A separate file is written for each saved increment. A pvd file is also provided which contains the time information of the sequence. This is the best option to create animations.
#		1 - The results for all time steps are plotted to a single XML VTK file.

OUTPUT TEXT
