name,time,flow_in,flow_out,pressure_in,pressure_out
branch0_seg0,0.0000000000000000e+00,6.1309758099811845e-02,6.1309668009067952e-02,1.2732943941644938e+02,1.2646467604434284e+02
branch0_seg0,1.0144927536232018e-01,6.5105456771624048e-02,6.5105563473555006e-02,1.2574562587147209e+02,1.2492108068207433e+02
branch0_seg0,2.0289855072464036e-01,7.0740277718199560e-02,7.0739719806350992e-02,1.5441629259158279e+02,1.5335762445969735e+02
branch0_seg0,3.0434782608695699e-01,7.4570721289901110e-02,7.4571421158032766e-02,1.3867479899325545e+02,1.3779478382344774e+02
branch0_seg0,4.0579710144927716e-01,7.7991310378223738e-02,7.7990451224405483e-02,1.5970678349692753e+02,1.5864587452268734e+02
branch0_seg0,5.0724637681159734e-01,8.0011058277325908e-02,8.0011880816599601e-02,1.4727391218268420e+02,1.4635347595370928e+02
branch0_seg0,6.0869565217391397e-01,8.0987329275092737e-02,8.0986646602961732e-02,1.5424916045403285e+02,1.5325956952645785e+02
branch0_seg0,7.1014492753623415e-01,8.0766154697305942e-02,8.0766761109814691e-02,1.4513106172098446e+02,1.4423663329313695e+02
branch0_seg0,8.1159420289855433e-01,7.9599301301425340e-02,7.9598928899684063e-02,1.4315917520227725e+02,1.4226484240229235e+02
branch0_seg0,9.1304347826087096e-01,7.7655741029813791e-02,7.7656093876281182e-02,1.3564538513740968e+02,1.3481712948033118e+02
branch0_seg0,1.0144927536231911e+00,7.5222562531996010e-02,7.5222414232072030e-02,1.3046211402000020e+02,1.2965826463399677e+02
branch0_seg0,1.1159420289855078e+00,7.2555594742050783e-02,7.2555770946035880e-02,1.2453011091743102e+02,1.2376960399298247e+02
branch0_seg0,1.2173913043478279e+00,6.9901878635959855e-02,6.9901839028580520e-02,1.1973805292354170e+02,1.1900022604551275e+02
branch0_seg0,1.3188405797101481e+00,6.7443110544038690e-02,6.7443188327599643e-02,1.1575274716236524e+02,1.1503909266096947e+02
branch0_seg0,1.4202898550724647e+00,6.5291699638441475e-02,6.5291698343072052e-02,1.1254387028363382e+02,1.1184394547001713e+02
branch0_seg0,1.5217391304347849e+00,6.3475789884195929e-02,6.3475823462820283e-02,1.1007129256500217e+02,1.0938416907663455e+02
branch0_seg0,1.6231884057971016e+00,6.1947634396469692e-02,6.1947646812379485e-02,1.0781730906086658e+02,1.0714050061582510e+02
branch0_seg0,1.7246376811594217e+00,6.0597713617535902e-02,6.0597737596563048e-02,1.0557499803965342e+02,1.0491115446465672e+02
branch0_seg0,1.8260869565217419e+00,5.9279627880252192e-02,5.9279653405894889e-02,1.0286442244906927e+02,1.0221728968593676e+02
branch0_seg0,1.9275362318840585e+00,5.7840994032752779e-02,5.7841027498465536e-02,9.9507328845623704e+01,9.8882839007880605e+01
branch0_seg0,2.0289855072463787e+00,5.6153960365281599e-02,5.6154001371238764e-02,9.5329213994397932e+01,9.4733296366892532e+01
branch0_seg0,2.1304347826086989e+00,5.4142585394782297e-02,5.4142631832415904e-02,9.0418118451596030e+01,8.9855906569055676e+01
branch0_seg0,2.2318840579710155e+00,5.1802751417153722e-02,5.1802801347190883e-02,8.5003814946943464e+01,8.4478073545064518e+01
branch0_seg0,2.3333333333333357e+00,4.9211651286920684e-02,4.9211699414540289e-02,7.9504548111555209e+01,7.9014759486524113e+01
branch0_seg0,2.4347826086956559e+00,4.6525372767034036e-02,4.6525414641458311e-02,7.4449368377143529e+01,7.3990983767398191e+01
branch0_seg0,2.5362318840579725e+00,4.3965189556158406e-02,4.3965219388052375e-02,7.0425692476075298e+01,6.9989973159704803e+01
branch0_seg0,2.6376811594202927e+00,4.1791283679748839e-02,4.1791297262380588e-02,6.7982689020736473e+01,6.7557208540959550e+01
branch0_seg0,2.7391304347826093e+00,4.0272077320278890e-02,4.0272070760977795e-02,6.7584105895299331e+01,6.7153527471111630e+01
branch0_seg0,2.8405797101449295e+00,3.9649061714009545e-02,3.9649033575747873e-02,6.9521526242295394e+01,6.9069064903193492e+01
branch0_seg0,2.9420289855072497e+00,4.0103823893813853e-02,4.0103773993602702e-02,7.3894087731168270e+01,7.3403007960788401e+01
branch0_seg0,3.0434782608695663e+00,4.1730718788898703e-02,4.1730649456877281e-02,8.0576768280409922e+01,8.0032119921913974e+01
branch0_seg0,3.1449275362318865e+00,4.4521130827538974e-02,4.4521045577682064e-02,8.9248611789107002e+01,8.8638604944620084e+01
branch0_seg0,3.2463768115942031e+00,4.8351686471626007e-02,4.8351591689451912e-02,9.9346718979484962e+01,9.8664458275259335e+01
branch0_seg0,3.3478260869565233e+00,5.2999576892670319e-02,5.2999477579805429e-02,1.1024869267846101e+02,1.0949215833305902e+02
branch0_seg0,3.4492753623188435e+00,5.8158753064540498e-02,5.8158657872780517e-02,1.2116468177755040e+02,1.2033774340245780e+02
branch0_seg0,3.5507246376811601e+00,6.3471374908814424e-02,6.3471288987075741e-02,1.3134934353524662e+02,1.3046079467676506e+02
branch0_seg0,3.6521739130434803e+00,6.8563588542046930e-02,6.8563519254731656e-02,1.4007044325493038e+02,1.3913356318639617e+02
branch0_seg0,3.7536231884058004e+00,7.3084260339434243e-02,7.3084211027234516e-02,1.4675350893591684e+02,1.4578443559187170e+02
branch0_seg0,3.8550724637681171e+00,7.6738591415264568e-02,7.6738565628484814e-02,1.5098780348136276e+02,1.5000423654426658e+02
branch0_seg0,3.9565217391304373e+00,7.9322371032929453e-02,7.9322367644708500e-02,1.5265775673249883e+02,1.5167669286157229e+02
branch0_seg0,4.0579710144927574e+00,8.0734125439513277e-02,8.0734143967087529e-02,1.5182782261783407e+02,1.5086466505213173e+02
branch0_seg0,4.1594202898550776e+00,8.0983359502763225e-02,8.0983394392128691e-02,1.4886210480053222e+02,1.4792870257801764e+02
branch0_seg0,4.2608695652173907e+00,8.0181614115487548e-02,8.0181661566703213e-02,1.4425468569021083e+02,1.4335901809900994e+02
branch0_seg0,4.3623188405797109e+00,7.8523574487634903e-02,7.8523627468860782e-02,1.3863880460187056e+02,1.3778432006058054e+02
branch0_seg0,4.4637681159420310e+00,7.6258172254887777e-02,7.6258226201933690e-02,1.3264016801739436e+02,1.3182632162082817e+02
branch0_seg0,4.5652173913043512e+00,7.3654592304242761e-02,7.3654642041062091e-02,1.2682380769319853e+02,1.2604670569019902e+02
branch0_seg0,4.6666666666666714e+00,7.0969779600485630e-02,7.0969822345241865e-02,1.2162355964914778e+02,1.2087707281465629e+02
branch0_seg0,4.7681159420289845e+00,6.8413440072433732e-02,6.8413474939147095e-02,1.1725193702289818e+02,1.1652935404110151e+02
branch0_seg0,4.8695652173913047e+00,6.6128582170323441e-02,6.6128609027374718e-02,1.1377087333112128e+02,1.1306582192474789e+02
branch0_seg0,4.9710144927536248e+00,6.4177467809480054e-02,6.4177489547017991e-02,1.1101759854980209e+02,1.1032558958674710e+02
branch0_seg0,5.0724637681159450e+00,6.2542172020677952e-02,6.2542190812518147e-02,1.0872427009573170e+02,1.0804315222340328e+02
branch0_seg0,5.1739130434782652e+00,6.1135682458684823e-02,6.1135702494307796e-02,1.0652040499281142e+02,1.0585091263060538e+02
branch0_seg0,5.2753623188405783e+00,5.9823490566593335e-02,5.9823514443550198e-02,1.0404072787607888e+02,1.0338613022723939e+02
branch0_seg0,5.3768115942028984e+00,5.8451475962501789e-02,5.8451506508845313e-02,1.0096977260775148e+02,1.0033532380481742e+02
branch0_seg0,5.4782608695652186e+00,5.6878456031270820e-02,5.6878493743827190e-02,9.7131378126141115e+01,9.6523094192145621e+01
branch0_seg0,5.5797101449275388e+00,5.5004269878986121e-02,5.5004314559852434e-02,9.2499229050099814e+01,9.1922783383895180e+01
branch0_seg0,5.6811594202898590e+00,5.2793787192823585e-02,5.2793836037731599e-02,8.7249747115058298e+01,8.6708978535821615e+01
branch0_seg0,5.7826086956521792e+00,5.0290607191322098e-02,5.0290656721718272e-02,8.1726083961794458e+01,8.1221944947424902e+01
branch0_seg0,5.8840579710144922e+00,4.7619686358285604e-02,4.7619731382426284e-02,7.6420589853419656e+01,7.5950212464786361e+01
branch0_seg0,5.9855072463768124e+00,4.4978161760563143e-02,4.4978197147797438e-02,7.1905480150088380e+01,7.1461826296082407e+01
branch0_seg0,6.0869565217391326e+00,4.2613985396731488e-02,4.2614006079480841e-02,6.8755897294515023e+01,6.8327949908668160e+01
branch0_seg0,6.1884057971014528e+00,4.0796239779660251e-02,4.0796241785256468e-02,6.7476711115547928e+01,6.7050193625640873e+01
branch0_seg0,6.2898550724637730e+00,3.9781652839447318e-02,3.9781633572591298e-02,6.8438222269502944e+01,6.7996745830935481e+01
branch0_seg0,6.3913043478260860e+00,3.9779936706029320e-02,3.9779895566192186e-02,7.1819440240809513e+01,7.1346057510847388e+01
branch0_seg0,6.4927536231884062e+00,4.0923776799554272e-02,4.0923714997029417e-02,7.7588924607232300e+01,7.7067752714021182e+01
branch0_seg0,6.5942028985507264e+00,4.3247524183826248e-02,4.3247444918046447e-02,8.5499432761440403e+01,8.4917254866714671e+01
branch0_seg0,6.6956521739130466e+00,4.6675786368770511e-02,4.6675694548905265e-02,9.5097587098412674e+01,9.4445284008200545e+01
branch0_seg0,6.7971014492753667e+00,5.1022896328744072e-02,5.1022798352156090e-02,1.0574913639134130e+02,1.0502281050450743e+02
branch0_seg0,6.8985507246376869e+00,5.6014681078425416e-02,5.6014582976093991e-02,1.1676222969941995e+02,1.1596317508099015e+02
branch0_seg0,7.0000000000000000e+00,6.1309758099811984e-02,6.1309668009068105e-02,1.2732943941644805e+02,1.2646467604434152e+02
branch0_seg1,0.0000000000000000e+00,6.1309668009067966e-02,6.1309576005437766e-02,1.2646467604434284e+02,1.2565149548678014e+02
branch0_seg1,1.0144927536232018e-01,6.5105563473555006e-02,6.5105671837050086e-02,1.2492108068207433e+02,1.2414959315445637e+02
branch0_seg1,2.0289855072464036e-01,7.0739719806350992e-02,7.0739151746992829e-02,1.5335762445969735e+02,1.5236209203141198e+02
branch0_seg1,3.0434782608695699e-01,7.4571421158032766e-02,7.4572132939517713e-02,1.3779478382344774e+02,1.3697585856769771e+02
branch0_seg1,4.0579710144927716e-01,7.7990451224405483e-02,7.7989577078875619e-02,1.5864587452268734e+02,1.5765360431546191e+02
branch0_seg1,5.0724637681159734e-01,8.0011880816599601e-02,8.0012717247376422e-02,1.4635347595370928e+02,1.4549915749614786e+02
branch0_seg1,6.0869565217391397e-01,8.0986646602961732e-02,8.0985952452487742e-02,1.5325956952645785e+02,1.5233911143984642e+02
branch0_seg1,7.1014492753623415e-01,8.0766761109814691e-02,8.0767377609405083e-02,1.4423663329313695e+02,1.4340819920879466e+02
branch0_seg1,8.1159420289855433e-01,7.9598928899684063e-02,7.9598550677578941e-02,1.4226484240229235e+02,1.4143606070396976e+02
branch0_seg1,9.1304347826087096e-01,7.7656093876281182e-02,7.7656452476404861e-02,1.3481712948033118e+02,1.3405081693179616e+02
branch0_seg1,1.0144927536231911e+00,7.5222414232072030e-02,7.5222264035432793e-02,1.2965826463399677e+02,1.2891424495709774e+02
branch0_seg1,1.1159420289855078e+00,7.2555770946035880e-02,7.2555949958719904e-02,1.2376960399298247e+02,1.2306557865190679e+02
branch0_seg1,1.2173913043478279e+00,6.9901839028580520e-02,6.9901799280685531e-02,1.1900022604551275e+02,1.1831659818881214e+02
branch0_seg1,1.3188405797101481e+00,6.7443188327599643e-02,6.7443267319472977e-02,1.1503909266096947e+02,1.1437713989454619e+02
branch0_seg1,1.4202898550724647e+00,6.5291698343072052e-02,6.5291697391585482e-02,1.1184394547001713e+02,1.1119399628889893e+02
branch0_seg1,1.5217391304347849e+00,6.3475823462820283e-02,6.3475857557529866e-02,1.0938416907663455e+02,1.0874539399885882e+02
branch0_seg1,1.6231884057971016e+00,6.1947646812379485e-02,6.1947659664917908e-02,1.0714050061582510e+02,1.0651080543409581e+02
branch0_seg1,1.7246376811594217e+00,6.0597737596563048e-02,6.0597761983685473e-02,1.0491115446465672e+02,1.0429317151884510e+02
branch0_seg1,1.8260869565217419e+00,5.9279653405894889e-02,5.9279679523446045e-02,1.0221728968593676e+02,1.0161474678215137e+02
branch0_seg1,1.9275362318840585e+00,5.7841027498465536e-02,5.7841061599038388e-02,9.8882839007880605e+01,9.8301416394754128e+01
branch0_seg1,2.0289855072463787e+00,5.6154001371238764e-02,5.6154043231664612e-02,9.4733296366892532e+01,9.4178642883570987e+01
branch0_seg1,2.1304347826086989e+00,5.4142631832415904e-02,5.4142679193372574e-02,8.9855906569055676e+01,8.9332828938756606e+01
branch0_seg1,2.2318840579710155e+00,5.1802801347190883e-02,5.1802852307985266e-02,8.4478073545064518e+01,8.3989097168052069e+01
branch0_seg1,2.3333333333333357e+00,4.9211699414540289e-02,4.9211748533858908e-02,7.9014759486524113e+01,7.8559263463401408e+01
branch0_seg1,2.4347826086956559e+00,4.6525414641458311e-02,4.6525457407993298e-02,7.3990983767398191e+01,7.3564526673592880e+01
branch0_seg1,2.5362318840579725e+00,4.3965219388052375e-02,4.3965249880666836e-02,6.9989973159704803e+01,6.9584157661348172e+01
branch0_seg1,2.6376811594202927e+00,4.1791297262380588e-02,4.1791311195977253e-02,6.7557208540959550e+01,6.7160181193133113e+01
branch0_seg1,2.7391304347826093e+00,4.0272070760977795e-02,4.0272064155833828e-02,6.7153527471111630e+01,6.6750726695869943e+01
branch0_seg1,2.8405797101449295e+00,3.9649033575747873e-02,3.9649004960893790e-02,6.9069064903193492e+01,6.8644627112587827e+01
branch0_seg1,2.9420289855072497e+00,4.0103773993602702e-02,4.0103723173072155e-02,7.3403007960788401e+01,7.2941202866779079e+01
branch0_seg1,3.0434782608695663e+00,4.1730649456877281e-02,4.1730578797469775e-02,8.0032119921913974e+01,7.9519014647705816e+01
branch0_seg1,3.1449275362318865e+00,4.4521045577682064e-02,4.4520958654642707e-02,8.8638604944620084e+01,8.8063373632089878e+01
branch0_seg1,3.2463768115942031e+00,4.8351591689451912e-02,4.8351495005514930e-02,9.8664458275259335e+01,9.8021028574435050e+01
branch0_seg1,3.3478260869565233e+00,5.2999477579805429e-02,5.2999376235709113e-02,1.0949215833305902e+02,1.0877914351194939e+02
branch0_seg1,3.4492753623188435e+00,5.8158657872780517e-02,5.8158560688258629e-02,1.2033774340245780e+02,1.1955936547379312e+02
branch0_seg1,3.5507246376811601e+00,6.3471288987075741e-02,6.3471201224167578e-02,1.3046079467676506e+02,1.2962588016491975e+02
branch0_seg1,3.6521739130434803e+00,6.8563519254731656e-02,6.8563448430667626e-02,1.3913356318639617e+02,1.3825505941149896e+02
branch0_seg1,3.7536231884058004e+00,7.3084211027234516e-02,7.3084160567418968e-02,1.4578443559187170e+02,1.4487779925731837e+02
branch0_seg1,3.8550724637681171e+00,7.6738565628484828e-02,7.6738539165977490e-02,1.5000423654426658e+02,1.4908617685889897e+02
branch0_seg1,3.9565217391304373e+00,7.9322367644708472e-02,7.9322364049081606e-02,1.5167669286157229e+02,1.5076302199039736e+02
branch0_seg1,4.0579710144927574e+00,8.0734143967087543e-02,8.0734162752569477e-02,1.5086466505213173e+02,1.4996951426603545e+02
branch0_seg1,4.1594202898550776e+00,8.0983394392128677e-02,8.0983429906171855e-02,1.4792870257801764e+02,1.4706272055923594e+02
branch0_seg1,4.2608695652173907e+00,8.0181661566703227e-02,8.0181709930698453e-02,1.4335901809900994e+02,1.4252916479966066e+02
branch0_seg1,4.3623188405797109e+00,7.8523627468860782e-02,7.8523681512586485e-02,1.3778432006058054e+02,1.3699330721867679e+02
branch0_seg1,4.4637681159420310e+00,7.6258226201933690e-02,7.6258281260338151e-02,1.3182632162082817e+02,1.3107318219864138e+02
branch0_seg1,4.5652173913043512e+00,7.3654642041062091e-02,7.3654692829388496e-02,1.2604670569019902e+02,1.2532743310911356e+02
branch0_seg1,4.6666666666666714e+00,7.0969822345241865e-02,7.0969866014967423e-02,1.2087707281465629e+02,1.2018568137541726e+02
branch0_seg1,4.7681159420289845e+00,6.8413474939147095e-02,6.8413510577734968e-02,1.1652935404110151e+02,1.1585944128914502e+02
branch0_seg1,4.8695652173913047e+00,6.6128609027374718e-02,6.6128636493445400e-02,1.1306582192474789e+02,1.1241140669038045e+02
branch0_seg1,4.9710144927536248e+00,6.4177489547017991e-02,6.4177511780477120e-02,1.1032558958674710e+02,1.0968255487860833e+02
branch0_seg1,5.0724637681159450e+00,6.2542190812518147e-02,6.2542210028831771e-02,1.0804315222340328e+02,1.0740963415724811e+02
branch0_seg1,5.1739130434782652e+00,6.1135702494307796e-02,6.1135722963486412e-02,1.0585091263060538e+02,1.0522779102766181e+02
branch0_seg1,5.2753623188405783e+00,5.9823514443550198e-02,5.9823538818481806e-02,1.0338613022723939e+02,1.0277666117062064e+02
branch0_seg1,5.3768115942028984e+00,5.8451506508845313e-02,5.8451537676371859e-02,1.0033532380481742e+02,9.9744595406778174e+01
branch0_seg1,5.4782608695652186e+00,5.6878493743827190e-02,5.6878532217876476e-02,9.6523094192145621e+01,9.5956849676219349e+01
branch0_seg1,5.5797101449275388e+00,5.5004314559852434e-02,5.5004360142997047e-02,9.1922783383895180e+01,9.1386375769759510e+01
branch0_seg1,5.6811594202898590e+00,5.2793836037731599e-02,5.2793885876948415e-02,8.6708978535821615e+01,8.6205963667215286e+01
branch0_seg1,5.7826086956521792e+00,5.0290656721718272e-02,5.0290707271892901e-02,8.1221944947424902e+01,8.0753106777419475e+01
branch0_seg1,5.8840579710144922e+00,4.7619731382426284e-02,4.7619777351838095e-02,7.5950212464786361e+01,7.5512699897467954e+01
branch0_seg1,5.9855072463768124e+00,4.4978197147797438e-02,4.4978233302752801e-02,7.1461826296082407e+01,7.1048845072687342e+01
branch0_seg1,6.0869565217391326e+00,4.2614006079480841e-02,4.2614027249794122e-02,6.8327949908668160e+01,6.7928964391756949e+01
branch0_seg1,6.1884057971014528e+00,4.0796241785256468e-02,4.0796243914324785e-02,6.7050193625640873e+01,6.6651624870278425e+01
branch0_seg1,6.2898550724637730e+00,3.9781633572591298e-02,3.9781614007407901e-02,6.7996745830935481e+01,6.7583074562039599e+01
branch0_seg1,6.3913043478260860e+00,3.9779895566192186e-02,3.9779853685695560e-02,7.1346057510847388e+01,7.0901315341001606e+01
branch0_seg1,6.4927536231884062e+00,4.0923714997029417e-02,4.0923652026565470e-02,7.7067752714021182e+01,7.6577077907884572e+01
branch0_seg1,6.5942028985507264e+00,4.3247444918046447e-02,4.3247364110882119e-02,8.4917254866714671e+01,8.4368423830329874e+01
branch0_seg1,6.6956521739130466e+00,4.6675694548905265e-02,4.6675600903293313e-02,9.4445284008200545e+01,9.3830070133853440e+01
branch0_seg1,6.7971014492753667e+00,5.1022798352156090e-02,5.1022698386391986e-02,1.0502281050450743e+02,1.0433803037632359e+02
branch0_seg1,6.8985507246376869e+00,5.6014582976093991e-02,5.6014482841483554e-02,1.1596317508099015e+02,1.1521060258135469e+02
branch0_seg1,7.0000000000000000e+00,6.1309668009068105e-02,6.1309576005437905e-02,1.2646467604434152e+02,1.2565149548677886e+02
branch0_seg2,0.0000000000000000e+00,6.1309576005437766e-02,6.1309486955856432e-02,1.2565149548678014e+02,1.2479795205837458e+02
branch0_seg2,1.0144927536232018e-01,6.5105671837050086e-02,6.5105776213459032e-02,1.2414959315445637e+02,1.2333773247835448e+02
branch0_seg2,2.0289855072464036e-01,7.0739151746992829e-02,7.0738603351572824e-02,1.5236209203141198e+02,1.5131850070003844e+02
branch0_seg2,3.0434782608695699e-01,7.4572132939517713e-02,7.4572819387456801e-02,1.3697585856769771e+02,1.3611236548035828e+02
branch0_seg2,4.0579710144927716e-01,7.7989577078875619e-02,7.7988733736987254e-02,1.5765360431546191e+02,1.5661133148493479e+02
branch0_seg2,5.0724637681159734e-01,8.0012717247376422e-02,8.0013523804022241e-02,1.4549915749614786e+02,1.4459759023006453e+02
branch0_seg2,6.0869565217391397e-01,8.0985952452487742e-02,8.0985283146857573e-02,1.5233911143984642e+02,1.5136977683734119e+02
branch0_seg2,7.1014492753623415e-01,8.0767377609405083e-02,8.0767971943444331e-02,1.4340819920879466e+02,1.4253297371428462e+02
branch0_seg2,8.1159420289855433e-01,7.9598550677578941e-02,7.9598186386637321e-02,1.4143606070396976e+02,1.4056127707075618e+02
branch0_seg2,9.1304347826087096e-01,7.7656452476404861e-02,7.7656798070396479e-02,1.3405081693179616e+02,1.3324037083652505e+02
branch0_seg2,1.0144927536231911e+00,7.5222264035432793e-02,7.5222119746841121e-02,1.2891424495709774e+02,1.2812775324483269e+02
branch0_seg2,1.1159420289855078e+00,7.2555949958719904e-02,7.2556122412649401e-02,1.2306557865190679e+02,1.2232069115512499e+02
branch0_seg2,1.2173913043478279e+00,6.9901799280685531e-02,6.9901761422893643e-02,1.1831659818881214e+02,1.1759365102336906e+02
branch0_seg2,1.3188405797101481e+00,6.7443267319472977e-02,6.7443343383162435e-02,1.1437713989454619e+02,1.1367703852769505e+02
branch0_seg2,1.4202898550724647e+00,6.5291697391585482e-02,6.5291696798560575e-02,1.1119399628889893e+02,1.1050696688540438e+02
branch0_seg2,1.5217391304347849e+00,6.3475857557529866e-02,6.3475890380338629e-02,1.0874539399885882e+02,1.0807031073103585e+02
branch0_seg2,1.6231884057971016e+00,6.1947659664917908e-02,6.1947672258763138e-02,1.0651080543409581e+02,1.0584554903387711e+02
branch0_seg2,1.7246376811594217e+00,6.0597761983685473e-02,6.0597785496726425e-02,1.0429317151884510e+02,1.0364031635726460e+02
branch0_seg2,1.8260869565217419e+00,5.9279679523446052e-02,5.9279704848477194e-02,1.0161474678215137e+02,1.0097816063046751e+02
branch0_seg2,1.9275362318840585e+00,5.7841061599038381e-02,5.7841094538156460e-02,9.8301416394754128e+01,9.7686939804479934e+01
branch0_seg2,2.0289855072463787e+00,5.6154043231664619e-02,5.6154083735936944e-02,9.4178642883570987e+01,9.3592169501781342e+01
branch0_seg2,2.1304347826086989e+00,5.4142679193372574e-02,5.4142724979332459e-02,8.9332828938756606e+01,8.8779382417404378e+01
branch0_seg2,2.2318840579710155e+00,5.1802852307985266e-02,5.1802901607627946e-02,8.3989097168052069e+01,8.3471375063403258e+01
branch0_seg2,2.3333333333333357e+00,4.9211748533858908e-02,4.9211796048990224e-02,7.8559263463401408e+01,7.8076700268034230e+01
branch0_seg2,2.4347826086956559e+00,4.6525457407993298e-02,4.6525498802452034e-02,7.3564526673592880e+01,7.3112590837413791e+01
branch0_seg2,2.5362318840579725e+00,4.3965249880666836e-02,4.3965279415180698e-02,6.9584157661348172e+01,6.9154186308012726e+01
branch0_seg2,2.6376811594202927e+00,4.1791311195977253e-02,4.1791324733080989e-02,6.7160181193133113e+01,6.6739884965141542e+01
branch0_seg2,2.7391304347826093e+00,4.0272064155833828e-02,4.0272057840011387e-02,6.6750726695869943e+01,6.6324954086391159e+01
branch0_seg2,2.8405797101449295e+00,3.9649004960893790e-02,3.9648977365994126e-02,6.8644627112587827e+01,6.8196817115632598e+01
branch0_seg2,2.9420289855072497e+00,4.0103723173072155e-02,4.0103674101918001e-02,7.2941202866779079e+01,7.2454877207985646e+01
branch0_seg2,3.0434782608695663e+00,4.1730578797469775e-02,4.1730510530021893e-02,7.9519014647705816e+01,7.8979512912954831e+01
branch0_seg2,3.1449275362318865e+00,4.4520958654642707e-02,4.4520874639795392e-02,8.8063373632089878e+01,8.7459229669303511e+01
branch0_seg2,3.2463768115942031e+00,4.8351495005514930e-02,4.8351401521199072e-02,9.8021028574435050e+01,9.7345695555151721e+01
branch0_seg2,3.3478260869565233e+00,5.2999376235709113e-02,5.2999278212364255e-02,1.0877914351194939e+02,1.0803095456097421e+02
branch0_seg2,3.4492753623188435e+00,5.8158560688258629e-02,5.8158466648709391e-02,1.1955936547379312e+02,1.1874250549943744e+02
branch0_seg2,3.5507246376811601e+00,6.3471201224167578e-02,6.3471116264574259e-02,1.2962588016491975e+02,1.2874937098198987e+02
branch0_seg2,3.6521739130434803e+00,6.8563448430667626e-02,6.8563379824052320e-02,1.3825505941149896e+02,1.3733226559640968e+02
branch0_seg2,3.7536231884058004e+00,7.3084160567418968e-02,7.3084111641302796e-02,1.4487779925731837e+02,1.4392476785031721e+02
branch0_seg2,3.8550724637681171e+00,7.6738539165977490e-02,7.6738513443481510e-02,1.4908617685889897e+02,1.4812032754771974e+02
branch0_seg2,3.9565217391304373e+00,7.9322364049081620e-02,7.9322360453770530e-02,1.5076302199039736e+02,1.4980091412518834e+02
branch0_seg2,4.0579710144927574e+00,8.0734162752569463e-02,8.0734180820605461e-02,1.4996951426603545e+02,1.4902600954446063e+02
branch0_seg2,4.1594202898550776e+00,8.0983429906171855e-02,8.0983464182894135e-02,1.4706272055923594e+02,1.4614910159997325e+02
branch0_seg2,4.2608695652173907e+00,8.0181709930698453e-02,8.0181756663451106e-02,1.4252916479966066e+02,1.4165289137954591e+02
branch0_seg2,4.3623188405797109e+00,7.8523681512586485e-02,7.8523733770273288e-02,1.3699330721867679e+02,1.3615741911977543e+02
branch0_seg2,4.4637681159420310e+00,7.6258281260338151e-02,7.6258334523932325e-02,1.3107318219864138e+02,1.3027686606862440e+02
branch0_seg2,4.5652173913043512e+00,7.3654692829388496e-02,7.3654741984615552e-02,1.2532743310911356e+02,1.2456667479002967e+02
branch0_seg2,4.6666666666666714e+00,7.0969866014967423e-02,7.0969908298151682e-02,1.2018568137541726e+02,1.1945435703102423e+02
branch0_seg2,4.7681159420289845e+00,6.8413510577734968e-02,6.8413545099194409e-02,1.1585944128914502e+02,1.1515093724102340e+02
branch0_seg2,4.8695652173913047e+00,6.6128636493445400e-02,6.6128663110512992e-02,1.1241140669038045e+02,1.1171949915690655e+02
branch0_seg2,4.9710144927536248e+00,6.4177511780477120e-02,6.4177533329060066e-02,1.0968255487860833e+02,1.0900291617766975e+02
branch0_seg2,5.0724637681159450e+00,6.2542210028831771e-02,6.2542228649553083e-02,1.0740963415724811e+02,1.0674025625279684e+02
branch0_seg2,5.1739130434782652e+00,6.1135722963486412e-02,6.1135742782239474e-02,1.0522779102766181e+02,1.0456950941516232e+02
branch0_seg2,5.2753623188405783e+00,5.9823538818481806e-02,5.9823562403161556e-02,1.0277666117062064e+02,1.0213279244211556e+02
branch0_seg2,5.3768115942028984e+00,5.8451537676371859e-02,5.8451567820028430e-02,9.9744595406778174e+01,9.9120383264295057e+01
branch0_seg2,5.4782608695652186e+00,5.6878532217876476e-02,5.6878569423408659e-02,9.5956849676219349e+01,9.5358253165276523e+01
branch0_seg2,5.5797101449275388e+00,5.5004360142997047e-02,5.5004404223123693e-02,9.1386375769759510e+01,9.0818982645045196e+01
branch0_seg2,5.6811594202898590e+00,5.2793885876948415e-02,5.2793934079235029e-02,8.6205963667215286e+01,8.5673526718824590e+01
branch0_seg2,5.7826086956521792e+00,5.0290707271892901e-02,5.0290756171070101e-02,8.0753106777419475e+01,8.0256518547815816e+01
branch0_seg2,5.8840579710144922e+00,4.7619777351838095e-02,4.7619821834730652e-02,7.5512699897467954e+01,7.5049082518914432e+01
branch0_seg2,5.9855072463768124e+00,4.4978233302752801e-02,4.4978268308758292e-02,7.1048845072687342e+01,7.0611211626849752e+01
branch0_seg2,6.0869565217391326e+00,4.2614027249794122e-02,4.2614047779213592e-02,6.7928964391756949e+01,6.7506411392116277e+01
branch0_seg2,6.1884057971014528e+00,4.0796243914324785e-02,4.0796246041504863e-02,6.6651624870278425e+01,6.6230042460645549e+01
branch0_seg2,6.2898550724637730e+00,3.9781614007407901e-02,3.9781595162735196e-02,6.7583074562039599e+01,6.7146283295145679e+01
branch0_seg2,6.3913043478260860e+00,3.9779853685695560e-02,3.9779813261762297e-02,7.0901315341001606e+01,7.0432611667260872e+01
branch0_seg2,6.4927536231884062e+00,4.0923652026565470e-02,4.0923591200470719e-02,7.6577077907884572e+01,7.6060855388664450e+01
branch0_seg2,6.5942028985507264e+00,4.3247364110882119e-02,4.3247286019331560e-02,8.4368423830329874e+01,8.3791775540855824e+01
branch0_seg2,6.6956521739130466e+00,4.6675600903293313e-02,4.6675510370836747e-02,9.3830070133853440e+01,9.3184217374867529e+01
branch0_seg2,6.7971014492753667e+00,5.1022698386391986e-02,5.1022601708905463e-02,1.0433803037632359e+02,1.0361943015120694e+02
branch0_seg2,6.8985507246376869e+00,5.6014482841483554e-02,5.6014385965749917e-02,1.1521060258135469e+02,1.1442088585644485e+02
branch0_seg2,7.0000000000000000e+00,6.1309576005437905e-02,6.1309486955856571e-02,1.2565149548677886e+02,1.2479795205837327e+02
branch0_seg3,0.0000000000000000e+00,6.1309486955856439e-02,6.1309400774381774e-02,1.2479795205837458e+02,1.2390214556455712e+02
branch0_seg3,1.0144927536232018e-01,6.5105776213459032e-02,6.5105876741305094e-02,1.2333773247835448e+02,1.2248350764760167e+02
branch0_seg3,2.0289855072464036e-01,7.0738603351572824e-02,7.0738073983220476e-02,1.5131850070003844e+02,1.5022459372562372e+02
branch0_seg3,3.0434782608695699e-01,7.4572819387456801e-02,7.4573481349447579e-02,1.3611236548035828e+02,1.3520200983364981e+02
branch0_seg3,4.0579710144927716e-01,7.7988733736987254e-02,7.7987920179065626e-02,1.5661133148493479e+02,1.5551658445032993e+02
branch0_seg3,5.0724637681159734e-01,8.0013523804022241e-02,8.0014301490383744e-02,1.4459759023006453e+02,1.4364629566720149e+02
branch0_seg3,6.0869565217391397e-01,8.0985283146857573e-02,8.0984637848906207e-02,1.5136977683734119e+02,1.5034903578788888e+02
branch0_seg3,7.1014492753623415e-01,8.0767971943444317e-02,8.0768544862785105e-02,1.4253297371428462e+02,1.4160846676556542e+02
branch0_seg3,8.1159420289855433e-01,7.9598186386637335e-02,7.9597835542590548e-02,1.4056127707075618e+02,1.3963804558298662e+02
branch0_seg3,9.1304347826087096e-01,7.7656798070396479e-02,7.7657131103498853e-02,1.3324037083652505e+02,1.3238342614278639e+02
branch0_seg3,1.0144927536231911e+00,7.5222119746841121e-02,7.5221981146915057e-02,1.2812775324483269e+02,1.2729651436636759e+02
branch0_seg3,1.1159420289855078e+00,7.2556122412649401e-02,7.2556288535035277e-02,1.2232069115512499e+02,1.2153276026272954e+02
branch0_seg3,1.2173913043478279e+00,6.9901761422893643e-02,6.9901725373350002e-02,1.1759365102336906e+02,1.1682929487221796e+02
branch0_seg3,1.3188405797101481e+00,6.7443343383162435e-02,6.7443416621469562e-02,1.1367703852769505e+02,1.1293677877588702e+02
branch0_seg3,1.4202898550724647e+00,6.5291696798560575e-02,6.5291696539039615e-02,1.1050696688540438e+02,1.0978091726996196e+02
branch0_seg3,1.5217391304347849e+00,6.3475890380338629e-02,6.3475921976265781e-02,1.0807031073103585e+02,1.0735703585756437e+02
branch0_seg3,1.6231884057971016e+00,6.1947672258763138e-02,6.1947684594465195e-02,1.0584554903387711e+02,1.0514289667555209e+02
branch0_seg3,1.7246376811594217e+00,6.0597785496726425e-02,6.0597808165293768e-02,1.0364031635726460e+02,1.0295079775031151e+02
branch0_seg3,1.8260869565217419e+00,5.9279704848477194e-02,5.9279729401817929e-02,1.0097816063046751e+02,1.0030578469389795e+02
branch0_seg3,1.9275362318840585e+00,5.7841094538156460e-02,5.7841126352636447e-02,9.7686939804479934e+01,9.7037712863276994e+01
branch0_seg3,2.0289855072463787e+00,5.6154083735936944e-02,5.6154122923805949e-02,9.3592169501781342e+01,9.2972239459137953e+01
branch0_seg3,2.1304347826086989e+00,5.4142724979332459e-02,5.4142769238409015e-02,8.8779382417404378e+01,8.8194000651197555e+01
branch0_seg3,2.2318840579710155e+00,5.1802901607627946e-02,5.1802949295121539e-02,8.3471375063403258e+01,8.2923421003390274e+01
branch0_seg3,2.3333333333333357e+00,4.9211796048990224e-02,4.9211842007364726e-02,7.8076700268034230e+01,7.7565669692442867e+01
branch0_seg3,2.4347826086956559e+00,4.6525498802452034e-02,4.6525538864021193e-02,7.3112590837413791e+01,7.2633861779528715e+01
branch0_seg3,2.5362318840579725e+00,4.3965279415180698e-02,4.3965308017872233e-02,6.9154186308012726e+01,6.8698822317142586e+01
branch0_seg3,2.6376811594202927e+00,4.1791324733080989e-02,4.1791337882300342e-02,6.6739884965141542e+01,6.6295144422583149e+01
branch0_seg3,2.7391304347826093e+00,4.0272057840011387e-02,4.0272051801240570e-02,6.6324954086391159e+01,6.5875071304276204e+01
branch0_seg3,2.8405797101449295e+00,3.9648977365994126e-02,3.9648950756760712e-02,6.8196817115632598e+01,6.7724502896628948e+01
branch0_seg3,2.9420289855072497e+00,4.0103674101918001e-02,4.0103626724314653e-02,7.2454877207985646e+01,7.1942870076393248e+01
branch0_seg3,3.0434782608695663e+00,4.1730510530021893e-02,4.1730444580109903e-02,7.8979512912954831e+01,7.8412387871868063e+01
branch0_seg3,3.1449275362318865e+00,4.4520874639795392e-02,4.4520793444190569e-02,8.7459229669303511e+01,8.6824844204658689e+01
branch0_seg3,3.2463768115942031e+00,4.8351401521199072e-02,4.8351311140052818e-02,9.7345695555151721e+01,9.6636996623991394e+01
branch0_seg3,3.3478260869565233e+00,5.2999278212364255e-02,5.2999183410845987e-02,1.0803095456097421e+02,1.0724597027093515e+02
branch0_seg3,3.4492753623188435e+00,5.8158466648709391e-02,5.8158375661808828e-02,1.1874250549943744e+02,1.1788536859057353e+02
branch0_seg3,3.5507246376811601e+00,6.3471116264574259e-02,6.3471034027205483e-02,1.2874937098198987e+02,1.2782929498467848e+02
branch0_seg3,3.6521739130434803e+00,6.8563379824052320e-02,6.8563313372327642e-02,1.3733226559640968e+02,1.3636304134976453e+02
branch0_seg3,3.7536231884058004e+00,7.3084111641302796e-02,7.3084064207343841e-02,1.4392476785031721e+02,1.4292305384003882e+02
branch0_seg3,3.8550724637681171e+00,7.6738513443481510e-02,7.6738488443591740e-02,1.4812032754771974e+02,1.4710428550741196e+02
branch0_seg3,3.9565217391304373e+00,7.9322360453770530e-02,7.9322356863347848e-02,1.4980091412518834e+02,1.4878788918295632e+02
branch0_seg3,4.0579710144927574e+00,8.0734180820605461e-02,8.0734198196950768e-02,1.4902600954446063e+02,1.4803163576301455e+02
branch0_seg3,4.1594202898550776e+00,8.0983464182894135e-02,8.0983497262765505e-02,1.4614910159997325e+02,1.4518533619877604e+02
branch0_seg3,4.2608695652173907e+00,8.0181756663451106e-02,8.0181801816347709e-02,1.4165289137954591e+02,1.4072772958169165e+02
branch0_seg3,4.3623188405797109e+00,7.8523733770273288e-02,7.8523784296742477e-02,1.3615741911977543e+02,1.3527425618197685e+02
branch0_seg3,4.4637681159420310e+00,7.6258334523932325e-02,7.6258386046755625e-02,1.3027686606862440e+02,1.2943505999000342e+02
branch0_seg3,4.5652173913043512e+00,7.3654741984615552e-02,7.3654789554900027e-02,1.2456667479002967e+02,1.2376221154924045e+02
branch0_seg3,4.6666666666666714e+00,7.0969908298151682e-02,7.0969949234838861e-02,1.1945435703102423e+02,1.1868097350970905e+02
branch0_seg3,4.7681159420289845e+00,6.8413545099194409e-02,6.8413578535074696e-02,1.1515093724102340e+02,1.1440180097229241e+02
branch0_seg3,4.8695652173913047e+00,6.6128663110512992e-02,6.6128688901953059e-02,1.1171949915690655e+02,1.1098813233020280e+02
branch0_seg3,4.9710144927536248e+00,6.4177533329060066e-02,6.4177554211461610e-02,1.0900291617766975e+02,1.0828476828055857e+02
branch0_seg3,5.0724637681159450e+00,6.2542228649553083e-02,6.2542246691071432e-02,1.0674025625279684e+02,1.0603316474212613e+02
branch0_seg3,5.1739130434782652e+00,6.1135742782239474e-02,6.1135761969177957e-02,1.0456950941516232e+02,1.0387425901953262e+02
branch0_seg3,5.2753623188405783e+00,5.9823562403161556e-02,5.9823585220892962e-02,1.0213279244211556e+02,1.0145275884924727e+02
branch0_seg3,5.3768115942028984e+00,5.8451567820028430e-02,5.8451596970580694e-02,9.9120383264295057e+01,9.8460969577188536e+01
branch0_seg3,5.4782608695652186e+00,5.6878569423408659e-02,5.6878605398707247e-02,9.5358253165276523e+01,9.4725642301848552e+01
branch0_seg3,5.5797101449275388e+00,5.5004404223123693e-02,5.5004446845535536e-02,9.0818982645045196e+01,9.0219007635595489e+01
branch0_seg3,5.6811594202898590e+00,5.2793934079235029e-02,5.2793980693550055e-02,8.5673526718824590e+01,8.5110147792729691e+01
branch0_seg3,5.7826086956521792e+00,5.0290756171070101e-02,5.0290803468081374e-02,8.0256518547815816e+01,7.9730744600386501e+01
branch0_seg3,5.8840579710144922e+00,4.7619821834730652e-02,4.7619864874231019e-02,7.5049082518914432e+01,7.4558011385752124e+01
branch0_seg3,5.9855072463768124e+00,4.4978268308758292e-02,4.4978302198025309e-02,7.0611211626849752e+01,7.0147658985366832e+01
branch0_seg3,6.0869565217391326e+00,4.2614047779213592e-02,4.2614067683977463e-02,6.7506411392116277e+01,6.7059092951375817e+01
branch0_seg3,6.1884057971014528e+00,4.0796246041504863e-02,4.0796248163359916e-02,6.6230042460645549e+01,6.5784296314008571e+01
branch0_seg3,6.2898550724637730e+00,3.9781595162735196e-02,3.9781577013255617e-02,6.7146283295145679e+01,6.6685241488695496e+01
branch0_seg3,6.3913043478260860e+00,3.9779813261762297e-02,3.9779774247171239e-02,7.0432611667260872e+01,6.9938801799269427e+01
branch0_seg3,6.4927536231884062e+00,4.0923591200470719e-02,4.0923532451426575e-02,7.6060855388664450e+01,7.5517889677694001e+01
branch0_seg3,6.5942028985507264e+00,4.3247286019331560e-02,4.3247210559809159e-02,8.3791775540855824e+01,8.3186026925884448e+01
branch0_seg3,6.6956521739130466e+00,4.6675510370836747e-02,4.6675422857134878e-02,9.3184217374867529e+01,9.2506321126532754e+01
branch0_seg3,6.7971014492753667e+00,5.1022601708905463e-02,5.1022508221306009e-02,1.0361943015120694e+02,1.0286545577144550e+02
branch0_seg3,6.8985507246376869e+00,5.6014385965749917e-02,5.6014292252575600e-02,1.1442088585644485e+02,1.1359230196470749e+02
branch0_seg3,7.0000000000000000e+00,6.1309486955856571e-02,6.1309400774381913e-02,1.2479795205837327e+02,1.2390214556455585e+02
branch0_seg4,0.0000000000000000e+00,6.1309400774381774e-02,6.1309317455744645e-02,1.2390214556455712e+02,1.2296093032970531e+02
branch0_seg4,1.0144927536232018e-01,6.5105876741305094e-02,6.5105973465888839e-02,1.2248350764760167e+02,1.2158371993385666e+02
branch0_seg4,2.0289855072464036e-01,7.0738073983220476e-02,7.0737563498052006e-02,1.5022459372562372e+02,1.4907668533074684e+02
branch0_seg4,3.0434782608695699e-01,7.4573481349447579e-02,7.4574119057515806e-02,1.3520200983364981e+02,1.3424124546135337e+02
branch0_seg4,4.0579710144927716e-01,7.7987920179065626e-02,7.7987136142712174e-02,1.5551658445032993e+02,1.5436547519049867e+02
branch0_seg4,5.0724637681159734e-01,8.0014301490383744e-02,8.0015050586516742e-02,1.4364629566720149e+02,1.4264151850132987e+02
branch0_seg4,6.0869565217391397e-01,8.0984637848906207e-02,8.0984016322595748e-02,1.5034903578788888e+02,1.4927301948498956e+02
branch0_seg4,7.1014492753623415e-01,8.0768544862785105e-02,8.0769096584206890e-02,1.4160846676556542e+02,1.4063093868740725e+02
branch0_seg4,8.1159420289855433e-01,7.9597835542590548e-02,7.9597497988687579e-02,1.3963804558298662e+02,1.3866266831593117e+02
branch0_seg4,9.1304347826087096e-01,7.7657131103498853e-02,7.7657451709640016e-02,1.3238342614278639e+02,1.3147642262595832e+02
branch0_seg4,1.0144927536231911e+00,7.5221981146915057e-02,7.5221848146302783e-02,1.2729651436636759e+02,1.2641707656713419e+02
branch0_seg4,1.1159420289855078e+00,7.2556288535035277e-02,7.2556448397121082e-02,1.2153276026272954e+02,1.2069846408095634e+02
branch0_seg4,1.2173913043478279e+00,6.9901725373350002e-02,6.9901691084553783e-02,1.1682929487221796e+02,1.1602031824996808e+02
branch0_seg4,1.3188405797101481e+00,6.7443416621469562e-02,6.7443487067984503e-02,1.1293677877588702e+02,1.1215324994199167e+02
branch0_seg4,1.4202898550724647e+00,6.5291696539039615e-02,6.5291696588818768e-02,1.0978091726996196e+02,1.0901281930888253e+02
branch0_seg4,1.5217391304347849e+00,6.3475921976265781e-02,6.3475952360244267e-02,1.0735703585756437e+02,1.0660261007072408e+02
branch0_seg4,1.6231884057971016e+00,6.1947684594465195e-02,6.1947696661368581e-02,1.0514289667555209e+02,1.0439994837232929e+02
branch0_seg4,1.7246376811594217e+00,6.0597808165293768e-02,6.0597829997492456e-02,1.0295079775031151e+02,1.0222177251340675e+02
branch0_seg4,1.8260869565217419e+00,5.9279729401817929e-02,5.9279753181539933e-02,1.0030578469389795e+02,9.9594837800636512e+01
branch0_seg4,1.9275362318840585e+00,5.7841126352636447e-02,5.7841157049411659e-02,9.7037712863276994e+01,9.6351027991347422e+01
branch0_seg4,2.0289855072463787e+00,5.6154122923805949e-02,5.6154160798490643e-02,9.2972239459137953e+01,9.2316234761431289e+01
branch0_seg4,2.1304347826086989e+00,5.4142769238409015e-02,5.4142811977267030e-02,8.8194000651197555e+01,8.7574172154673136e+01
branch0_seg4,2.2318840579710155e+00,5.1802949295121539e-02,5.1802995374900324e-02,8.2923421003390274e+01,8.2342844031613225e+01
branch0_seg4,2.3333333333333357e+00,4.9211842007364726e-02,4.9211886413356526e-02,7.7565669692442867e+01,7.7023908571165578e+01
branch0_seg4,2.4347826086956559e+00,4.6525538864021193e-02,4.6525577594350595e-02,7.2633861779528715e+01,7.2126201184730206e+01
branch0_seg4,2.5362318840579725e+00,4.3965308017872233e-02,4.3965335688132760e-02,6.8698822317142586e+01,6.8216036762502171e+01
branch0_seg4,2.6376811594202927e+00,4.1791337882300342e-02,4.1791350639797657e-02,6.6295144422583149e+01,6.5824011326138518e+01
branch0_seg4,2.7391304347826093e+00,4.0272051801240570e-02,4.0272046032726085e-02,6.5875071304276204e+01,6.5399169566997642e+01
branch0_seg4,2.8405797101449295e+00,3.9648950756760712e-02,3.9648925123630135e-02,6.7724502896628948e+01,6.7225764155434263e+01
branch0_seg4,2.9420289855072497e+00,4.0103626724314653e-02,4.0103581028604035e-02,7.1942870076393248e+01,7.1403193028883265e+01
branch0_seg4,3.0434782608695663e+00,4.1730444580109903e-02,4.1730380934886242e-02,7.8412387871868063e+01,7.7815526034995926e+01
branch0_seg4,3.1449275362318865e+00,4.4520793444190569e-02,4.4520715054754668e-02,8.6824844204658689e+01,8.6157926982570743e+01
branch0_seg4,3.2463768115942031e+00,4.8351311140052818e-02,4.8351223850138084e-02,9.6636996623991394e+01,9.5892424428943187e+01
branch0_seg4,3.3478260869565233e+00,5.2999183410845987e-02,5.2999091820911934e-02,1.0724597027093515e+02,1.0642144033585996e+02
branch0_seg4,3.4492753623188435e+00,5.8158375661808828e-02,5.8158287720383922e-02,1.1788536859057353e+02,1.1698495378630437e+02
branch0_seg4,3.5507246376811601e+00,6.3471034027205483e-02,6.3470954507962876e-02,1.2782929498467848e+02,1.2686241074729514e+02
branch0_seg4,3.6521739130434803e+00,6.8563313372327642e-02,6.8563249075189556e-02,1.3636304134976453e+02,1.3534393204031451e+02
branch0_seg4,3.7536231884058004e+00,7.3084064207343841e-02,7.3084018268488468e-02,1.4292305384003882e+02,1.4186903020387058e+02
branch0_seg4,3.8550724637681171e+00,7.6738488443591740e-02,7.6738464172430965e-02,1.4710428550741196e+02,1.4603430179462069e+02
branch0_seg4,3.9565217391304373e+00,7.9322356863347848e-02,7.9322353285903618e-02,1.4878788918295632e+02,1.4772013059308313e+02
branch0_seg4,4.0579710144927574e+00,8.0734198196950768e-02,8.0734214891276870e-02,1.4803163576301455e+02,1.4698256282847876e+02
branch0_seg4,4.1594202898550776e+00,8.0983497262765505e-02,8.0983529155475700e-02,1.4518533619877604e+02,1.4416762920143935e+02
branch0_seg4,4.2608695652173907e+00,8.0181801816347709e-02,8.0181845398682991e-02,1.4072772958169165e+02,1.3974995908164504e+02
branch0_seg4,4.3623188405797109e+00,7.8523784296742477e-02,7.8523833099661544e-02,1.3527425618197685e+02,1.3434020133234492e+02
branch0_seg4,4.4637681159420310e+00,7.6258386046755625e-02,7.6258435834718988e-02,1.2943505999000342e+02,1.2854426641072621e+02
branch0_seg4,4.5652173913043512e+00,7.3654789554900027e-02,7.3654835543922367e-02,1.2376221154924045e+02,1.2291066977957153e+02
branch0_seg4,4.6666666666666714e+00,7.0969949234838861e-02,7.0969988826760450e-02,1.1868097350970905e+02,1.1786227541143593e+02
branch0_seg4,4.7681159420289845e+00,6.8413578535074696e-02,6.8413610885602855e-02,1.1440180097229241e+02,1.1360888284712138e+02
branch0_seg4,4.8695652173913047e+00,6.6128688901953059e-02,6.6128713866952557e-02,1.1098813233020280e+02,1.1021424619555506e+02
branch0_seg4,4.9710144927536248e+00,6.4177554211461610e-02,6.4177574426783790e-02,1.0828476828055857e+02,1.0752512534083706e+02
branch0_seg4,5.0724637681159450e+00,6.2542246691071432e-02,6.2542264152851523e-02,1.0603316474212613e+02,1.0528543613038681e+02
branch0_seg4,5.1739130434782652e+00,6.1135761969177957e-02,6.1135780524939135e-02,1.0387425901953262e+02,1.0313917330978668e+02
branch0_seg4,5.2753623188405783e+00,5.9823585220892962e-02,5.9823607273631466e-02,1.0145275884924727e+02,1.0073375283346176e+02
branch0_seg4,5.3768115942028984e+00,5.8451596970580694e-02,5.8451625131542173e-02,9.8460969577188536e+01,9.7763615010619958e+01
branch0_seg4,5.4782608695652186e+00,5.6878605398707247e-02,5.6878640148429367e-02,9.4725642301848552e+01,9.4056360464864014e+01
branch0_seg4,5.5797101449275388e+00,5.5004446845535536e-02,5.5004488015689725e-02,9.0219007635595489e+01,8.9583893868056563e+01
branch0_seg4,5.6811594202898590e+00,5.2793980693550055e-02,5.2794025725254906e-02,8.5110147792729691e+01,8.4513385418407765e+01
branch0_seg4,5.7826086956521792e+00,5.0290803468081374e-02,5.0290849167492629e-02,7.9730744600386501e+01,7.9173469355130990e+01
branch0_seg4,5.8840579710144922e+00,4.7619864874231019e-02,4.7619906473143847e-02,7.4558011385752124e+01,7.4037298371684798e+01
branch0_seg4,5.9855072463768124e+00,4.4978302198025309e-02,4.4978334970959821e-02,7.0147658985366832e+01,6.9656116321465475e+01
branch0_seg4,6.0869565217391326e+00,4.2614067683977463e-02,4.2614086961563519e-02,6.7059092951375817e+01,6.6585032221713888e+01
branch0_seg4,6.1884057971014528e+00,4.0796248163359916e-02,4.0796250274303031e-02,6.5784296314008571e+01,6.5312467238745285e+01
branch0_seg4,6.2898550724637730e+00,3.9781577013255617e-02,3.9781559550457535e-02,6.6685241488695496e+01,6.6198040164205167e+01
branch0_seg4,6.3913043478260860e+00,3.9779774247171239e-02,3.9779736631037350e-02,6.9938801799269427e+01,6.9417932073551682e+01
branch0_seg4,6.4927536231884062e+00,4.0923532451426575e-02,4.0923475766939083e-02,7.5517889677694001e+01,7.4946124943299537e+01
branch0_seg4,6.5942028985507264e+00,4.3247210559809159e-02,4.3247137719223484e-02,8.3186026925884448e+01,8.2548965520862026e+01
branch0_seg4,6.6956521739130466e+00,4.6675422857134878e-02,4.6675338349599263e-02,9.2506321126532754e+01,9.1793966546424215e+01
branch0_seg4,6.7971014492753667e+00,5.1022508221306009e-02,5.1022417912644613e-02,1.0286545577144550e+02,1.0207345809681991e+02
branch0_seg4,6.8985507246376869e+00,5.6014292252575600e-02,5.6014201693328249e-02,1.1359230196470749e+02,1.1272195191195941e+02
branch0_seg4,7.0000000000000000e+00,6.1309400774381920e-02,6.1309317455744784e-02,1.2390214556455585e+02,1.2296093032970408e+02
branch0_seg5,0.0000000000000000e+00,6.1309317455744645e-02,6.1309237033344684e-02,1.2296093032970531e+02,1.2196950706783322e+02
branch0_seg5,1.0144927536232018e-01,6.5105973465888839e-02,6.5106066390415024e-02,1.2158371993385666e+02,1.2063344262560157e+02
branch0_seg5,2.0289855072464036e-01,7.0737563498052006e-02,7.0737071981342478e-02,1.4907668533074684e+02,1.4786906525166185e+02
branch0_seg5,3.0434782608695699e-01,7.4574119057515806e-02,7.4574732460974069e-02,1.3424124546135337e+02,1.3322450224585873e+02
branch0_seg5,4.0579710144927716e-01,7.7987136142712174e-02,7.7986381715296801e-02,1.5436547519049867e+02,1.5315188193521240e+02
branch0_seg5,5.0724637681159734e-01,8.0015050586516742e-02,8.0015771039759417e-02,1.4264151850132987e+02,1.4157729430460660e+02
branch0_seg5,6.0869565217391397e-01,8.0984016322595748e-02,8.0983418608664343e-02,1.4927301948498956e+02,1.4813557993296249e+02
branch0_seg5,7.1014492753623415e-01,8.0769096584206890e-02,8.0769627078541184e-02,1.4063093868740725e+02,1.3959443408620402e+02
branch0_seg5,8.1159420289855433e-01,7.9597497988687579e-02,7.9597173718291933e-02,1.3866266831593117e+02,1.3762926874879014e+02
branch0_seg5,9.1304347826087096e-01,7.7657451709640016e-02,7.7657759878833818e-02,1.3147642262595832e+02,1.3051371841898154e+02
branch0_seg5,1.0144927536231911e+00,7.5221848146302783e-02,7.5221720714597012e-02,1.2641707656713419e+02,1.2548399390705160e+02
branch0_seg5,1.1159420289855078e+00,7.2556448397121082e-02,7.2556601997563405e-02,1.2069846408095634e+02,1.1981258841490714e+02
branch0_seg5,1.2173913043478279e+00,6.9901691084553783e-02,6.9901658523990925e-02,1.1602031824996808e+02,1.1516170625366945e+02
branch0_seg5,1.3188405797101481e+00,6.7443487067984503e-02,6.7443554723749216e-02,1.1215324994199167e+02,1.1132161936965436e+02
branch0_seg5,1.4202898550724647e+00,6.5291696588818768e-02,6.5291696923450271e-02,1.0901281930888253e+02,1.0819798931585198e+02
branch0_seg5,1.5217391304347849e+00,6.3475952360244267e-02,6.3475981532867709e-02,1.0660261007072408e+02,1.0580247383582520e+02
branch0_seg5,1.6231884057971016e+00,6.1947696661368588e-02,6.1947708443263555e-02,1.0439994837232929e+02,1.0361224999476003e+02
branch0_seg5,1.7246376811594217e+00,6.0597829997492449e-02,6.0597850991151815e-02,1.0222177251340675e+02,1.0144888568926099e+02
branch0_seg5,1.8260869565217419e+00,5.9279753181539947e-02,5.9279776174875849e-02,9.9594837800636512e+01,9.8841070661287432e+01
branch0_seg5,1.9275362318840585e+00,5.7841157049411653e-02,5.7841186621229466e-02,9.6351027991347422e+01,9.5622759287989567e+01
branch0_seg5,2.0289855072463787e+00,5.6154160798490650e-02,5.6154197345904780e-02,9.2316234761431289e+01,9.1620178196316473e+01
branch0_seg5,2.1304347826086989e+00,5.4142811977267030e-02,5.4142853182903031e-02,8.7574172154673136e+01,8.6916095546613050e+01
branch0_seg5,2.2318840579710155e+00,5.1802995374900324e-02,5.1803039830232940e-02,8.2342844031613225e+01,8.1726041052067075e+01
branch0_seg5,2.3333333333333357e+00,4.9211886413356526e-02,4.9211929250823086e-02,7.7023908571165578e+01,7.6448023413788349e+01
branch0_seg5,2.4347826086956559e+00,4.6525577594350595e-02,4.6525614977133083e-02,7.2126201184730206e+01,7.1586419890683501e+01
branch0_seg5,2.5362318840579725e+00,4.3965335688132760e-02,4.3965362412366531e-02,6.8216036762502171e+01,6.7702819483777361e+01
branch0_seg5,2.6376811594202927e+00,4.1791350639797657e-02,4.1791362995532190e-02,6.5824011326138518e+01,6.5323608475747392e+01
branch0_seg5,2.7391304347826093e+00,4.0272046032726085e-02,4.0272040529906142e-02,6.5399169566997642e+01,6.4894439377325682e+01
branch0_seg5,2.8405797101449295e+00,3.9648925123630135e-02,3.9648900468371710e-02,6.7225764155434263e+01,6.6697779025284603e+01
branch0_seg5,2.9420289855072497e+00,4.0103581028604035e-02,4.0103537023681246e-02,7.1403193028883265e+01,7.0832922850750847e+01
branch0_seg5,3.0434782608695663e+00,4.1730380934886242e-02,4.1730319610363296e-02,7.7815526034995926e+01,7.7185812388303916e+01
branch0_seg5,3.1449275362318865e+00,4.4520715054754668e-02,4.4520639494153004e-02,8.6157926982570743e+01,8.5455086698998187e+01
branch0_seg5,3.2463768115942031e+00,4.8351223850138084e-02,4.8351139679509381e-02,9.5892424428943187e+01,9.5108241726379632e+01
branch0_seg5,3.3478260869565233e+00,5.2999091820911934e-02,5.2999003474464956e-02,1.0642144033585996e+02,1.0555323177991927e+02
branch0_seg5,3.4492753623188435e+00,5.8158287720383922e-02,5.8158202857942085e-02,1.1698495378630437e+02,1.1603670922232767e+02
branch0_seg5,3.5507246376811601e+00,6.3470954507962876e-02,6.3470877739734116e-02,1.2686241074729514e+02,1.2584375272845644e+02
branch0_seg5,3.6521739130434803e+00,6.8563249075189556e-02,6.8563186962481149e-02,1.3534393204031451e+02,1.3426959312967890e+02
branch0_seg5,3.7536231884058004e+00,7.3084018268488468e-02,7.3083973849477443e-02,1.4186903020387058e+02,1.4075703421272951e+02
branch0_seg5,3.8550724637681171e+00,7.6738464172430965e-02,7.6738440647986378e-02,1.4603430179462069e+02,1.4490447743062151e+02
branch0_seg5,3.9565217391304373e+00,7.9322353285903618e-02,7.9322349731825642e-02,1.4772013059308313e+02,1.4659159686881503e+02
branch0_seg5,4.0579710144927574e+00,8.0734214891276870e-02,8.0734230906141194e-02,1.4698256282847876e+02,1.4587270437971657e+02
branch0_seg5,4.1594202898550776e+00,8.0983529155475700e-02,8.0983559856459400e-02,1.4416762920143935e+02,1.4308994007124994e+02
branch0_seg5,4.2608695652173907e+00,8.0181845398682991e-02,8.0181887399966817e-02,1.3974995908164504e+02,1.3871366173661519e+02
branch0_seg5,4.3623188405797109e+00,7.8523833099661544e-02,7.8523880164342350e-02,1.3434020133234492e+02,1.3334951472234204e+02
branch0_seg5,4.4637681159420310e+00,7.6258435834718988e-02,7.6258483870783086e-02,1.2854426641072621e+02,1.2759895676373586e+02
branch0_seg5,4.5652173913043512e+00,7.3654835543922353e-02,7.3654879934040726e-02,1.2291066977957153e+02,1.2200674260410257e+02
branch0_seg5,4.6666666666666714e+00,7.0969988826760463e-02,7.0970027057188453e-02,1.1786227541143593e+02,1.1699316862774027e+02
branch0_seg5,4.7681159420289845e+00,6.8413610885602841e-02,6.8413642135843444e-02,1.1360888284712138e+02,1.1276727968749951e+02
branch0_seg5,4.8695652173913047e+00,6.6128713866952571e-02,6.6128737992928288e-02,1.1021424619555506e+02,1.0939309961123287e+02
branch0_seg5,4.9710144927536248e+00,6.4177574426783790e-02,6.4177593964584653e-02,1.0752512534083706e+02,1.0671938004044583e+02
branch0_seg5,5.0724637681159450e+00,6.2542264152851523e-02,6.2542281026133906e-02,1.0528543613038681e+02,1.0449257473200289e+02
branch0_seg5,5.1739130434782652e+00,6.1135780524939135e-02,6.1135798441509334e-02,1.0313917330978668e+02,1.0235985684717770e+02
branch0_seg5,5.2753623188405783e+00,5.9823607273631466e-02,5.9823628553140239e-02,1.0073375283346176e+02,9.9971480404400154e+01
branch0_seg5,5.3768115942028984e+00,5.8451625131542173e-02,5.8451652293484473e-02,9.7763615010619958e+01,9.7024140616921571e+01
branch0_seg5,5.4782608695652186e+00,5.6878640148429367e-02,5.6878673661289694e-02,9.4056360464864014e+01,9.3346366457779652e+01
branch0_seg5,5.5797101449275388e+00,5.5004488015689725e-02,5.5004527720153733e-02,8.9583893868056563e+01,8.8909765119069135e+01
branch0_seg5,5.6811594202898590e+00,5.2794025725254906e-02,5.2794069159014023e-02,8.4513385418407765e+01,8.3879553472844847e+01
branch0_seg5,5.7826086956521792e+00,5.0290849167492629e-02,5.0290893252810630e-02,7.9173469355130990e+01,7.8581213419222436e+01
branch0_seg5,5.8840579710144922e+00,4.7619906473143847e-02,4.7619946615019761e-02,7.4037298371684798e+01,7.3483672833358483e+01
branch0_seg5,5.9855072463768124e+00,4.4978334970959821e-02,4.4978366612681675e-02,6.9656116321465475e+01,6.9133504861812369e+01
branch0_seg5,6.0869565217391326e+00,4.2614086961563519e-02,4.2614105600277057e-02,6.6585032221713888e+01,6.6081304620869759e+01
branch0_seg5,6.1884057971014528e+00,4.0796250274303031e-02,4.0796252367388340e-02,6.5312467238745285e+01,6.4811727074319933e+01
branch0_seg5,6.2898550724637730e+00,3.9781559550457535e-02,3.9781542773414877e-02,6.6198040164205167e+01,6.5681872888851331e+01
branch0_seg5,6.3913043478260860e+00,3.9779736631037350e-02,3.9779700419310032e-02,6.9417932073551682e+01,6.8867131629188705e+01
branch0_seg5,6.4927536231884062e+00,4.0923475766939083e-02,4.0923421160145156e-02,7.4946124943299537e+01,7.4342535099609719e+01
branch0_seg5,6.5942028985507264e+00,4.3247137719223484e-02,4.3247067517624430e-02,8.2548965520862026e+01,8.1877322228004502e+01
branch0_seg5,6.6956521739130466e+00,4.6675338349599263e-02,4.6675256874281472e-02,9.1793966546424215e+01,9.1043564680148293e+01
branch0_seg5,6.7971014492753667e+00,5.1022417912644613e-02,5.1022330813457924e-02,1.0207345809681991e+02,1.0123947007355447e+02
branch0_seg5,6.8985507246376869e+00,5.6014201693328249e-02,5.6014114321167582e-02,1.1272195191195941e+02,1.1180545564520153e+02
branch0_seg5,7.0000000000000000e+00,6.1309317455744784e-02,6.1309237033344816e-02,1.2296093032970408e+02,1.2196950706783198e+02
branch0_seg6,0.0000000000000000e+00,6.1309237033344684e-02,6.1309159405042328e-02,1.2196950706783322e+02,1.2092667034781178e+02
branch0_seg6,1.0144927536232018e-01,6.5106066390415024e-02,6.5106155671093818e-02,1.2063344262560157e+02,1.1963146966039839e+02
branch0_seg6,2.0289855072464036e-01,7.0737071981342478e-02,7.0736598700005635e-02,1.4786906525166185e+02,1.4660043770568450e+02
branch0_seg6,3.0434782608695699e-01,7.4574732460974069e-02,7.4575322525586574e-02,1.3322450224585873e+02,1.3215053936768177e+02
branch0_seg6,4.0579710144927716e-01,7.7986381715296815e-02,7.7985655731507772e-02,1.5315188193521240e+02,1.5187451176203353e+02
branch0_seg6,5.0724637681159734e-01,8.0015771039759404e-02,8.0016463991252826e-02,1.4157729430460660e+02,1.4045237255820373e+02
branch0_seg6,6.0869565217391397e-01,8.0983418608664356e-02,8.0982843757196707e-02,1.4813557993296249e+02,1.4693545483971016e+02
branch0_seg6,7.1014492753623415e-01,8.0769627078541184e-02,8.0770137195607036e-02,1.3959443408620402e+02,1.3849771244388475e+02
branch0_seg6,8.1159420289855433e-01,7.9597173718291933e-02,7.9596862189022941e-02,1.3762926874879014e+02,1.3653661264009864e+02
branch0_seg6,9.1304347826087096e-01,7.7657759878833818e-02,7.7658056111829618e-02,1.3051371841898154e+02,1.2949409064356411e+02
branch0_seg6,1.0144927536231911e+00,7.5221720714597012e-02,7.5221598612503771e-02,1.2548399390705160e+02,1.2449605590263425e+02
branch0_seg6,1.1159420289855078e+00,7.2556601997563405e-02,7.2556749589779673e-02,1.1981258841490714e+02,1.1887393270537530e+02
branch0_seg6,1.2173913043478279e+00,6.9901658523990925e-02,6.9901627607254602e-02,1.1516170625366945e+02,1.1425227218578071e+02
branch0_seg6,1.3188405797101481e+00,6.7443554723749216e-02,6.7443619702178215e-02,1.1132161936965436e+02,1.1044071066270983e+02
branch0_seg6,1.4202898550724647e+00,6.5291696923450271e-02,6.5291697520510963e-02,1.0819798931585198e+02,1.0733526304600674e+02
branch0_seg6,1.5217391304347849e+00,6.3475981532867695e-02,6.3476009543297990e-02,1.0580247383582520e+02,1.0495547226639917e+02
branch0_seg6,1.6231884057971016e+00,6.1947708443263562e-02,6.1947719944416293e-02,1.0361224999476003e+02,1.0277865685838216e+02
branch0_seg6,1.7246376811594217e+00,6.0597850991151822e-02,6.0597871179170613e-02,1.0144888568926099e+02,1.0063100252014914e+02
branch0_seg6,1.8260869565217419e+00,5.9279776174875849e-02,5.9279798407907529e-02,9.8841070661287432e+01,9.8043360764494395e+01
branch0_seg6,1.9275362318840585e+00,5.7841186621229466e-02,5.7841215110348988e-02,9.5622759287989567e+01,9.4851799366816536e+01
branch0_seg6,2.0289855072463787e+00,5.6154197345904780e-02,5.6154232613368535e-02,9.1620178196316473e+01,9.0882981868204951e+01
branch0_seg6,2.1304347826086989e+00,5.4142853182903031e-02,5.4142892911422803e-02,8.6916095546613050e+01,8.6218707236840672e+01
branch0_seg6,2.2318840579710155e+00,5.1803039830232940e-02,5.1803082719086312e-02,8.1726041052067075e+01,8.1071977619817872e+01
branch0_seg6,2.3333333333333357e+00,4.9211929250823086e-02,4.9211970575631314e-02,7.6448023413788349e+01,7.5837012797782506e+01
branch0_seg6,2.4347826086956559e+00,4.6525614977133083e-02,4.6525651059046387e-02,7.1586419890683501e+01,7.1013551225918434e+01
branch0_seg6,2.5362318840579725e+00,4.3965362412366531e-02,4.3965388222158466e-02,6.7702819483777361e+01,6.7158236890993834e+01
branch0_seg6,2.6376811594202927e+00,4.1791362995532190e-02,4.1791374960637249e-02,6.5323608475747392e+01,6.4793029193529946e+01
branch0_seg6,2.7391304347826093e+00,4.0272040529906142e-02,4.0272035279492517e-02,6.4894439377325682e+01,6.4359989817334409e+01
branch0_seg6,2.8405797101449295e+00,3.9648900468371710e-02,3.9648876751927860e-02,6.6697779025284603e+01,6.6139656745870710e+01
branch0_seg6,2.9420289855072497e+00,4.0103537023681246e-02,4.0103494645128815e-02,7.0832922850750847e+01,7.0231150608481997e+01
branch0_seg6,3.0434782608695663e+00,4.1730319610363296e-02,4.1730260520098615e-02,7.7185812388303916e+01,7.6522301496360029e+01
branch0_seg6,3.1449275362318865e+00,4.4520639494153004e-02,4.4520566658563229e-02,8.5455086698998187e+01,8.4715326202135472e+01
branch0_seg6,3.2463768115942031e+00,4.8351139679509381e-02,4.8351058515065451e-02,9.5108241726379632e+01,9.4283390534006941e+01
branch0_seg6,3.3478260869565233e+00,5.2999003474464956e-02,5.2998918255004482e-02,1.0555323177991927e+02,1.0464022409462187e+02
branch0_seg6,3.4492753623188435e+00,5.8158202857942085e-02,5.8158120965150203e-02,1.1603670922232767e+02,1.1503945776963079e+02
branch0_seg6,3.5507246376811601e+00,6.3470877739734116e-02,6.3470803625917047e-02,1.2584375272845644e+02,1.2477209880286526e+02
branch0_seg6,3.6521739130434803e+00,6.8563186962481149e-02,6.8563126958949061e-02,1.3426959312967890e+02,1.3313877214304259e+02
branch0_seg6,3.7536231884058004e+00,7.3083973849477443e-02,7.3083930899554270e-02,1.4075703421272951e+02,1.3958579758363709e+02
branch0_seg6,3.8550724637681171e+00,7.6738440647986378e-02,7.6738417847798196e-02,1.4490447743062151e+02,1.4371354037357443e+02
branch0_seg6,3.9565217391304373e+00,7.9322349731825642e-02,7.9322346204673655e-02,1.4659159686881503e+02,1.4540102034792696e+02
branch0_seg6,4.0579710144927574e+00,8.0734230906141194e-02,8.0734246270267693e-02,1.4587270437971657e+02,1.4470080160273938e+02
branch0_seg6,4.1594202898550776e+00,8.0983559856459400e-02,8.0983589412197104e-02,1.4308994007124994e+02,1.4195102045426006e+02
branch0_seg6,4.2608695652173907e+00,8.0181887399966817e-02,8.0181927879942064e-02,1.3871366173661519e+02,1.3761759990982353e+02
branch0_seg6,4.3623188405797109e+00,7.8523880164342350e-02,7.8523925555062449e-02,1.3334951472234204e+02,1.3230096939584459e+02
branch0_seg6,4.4637681159420310e+00,7.6258483870783086e-02,7.6258530218686324e-02,1.2759895676373586e+02,1.2659791506204074e+02
branch0_seg6,4.5652173913043512e+00,7.3654879934040726e-02,7.3654922782419988e-02,1.2200674260410257e+02,1.2104922557715327e+02
branch0_seg6,4.6666666666666714e+00,7.0970027057188453e-02,7.0970063973949463e-02,1.1699316862774027e+02,1.1607246068451354e+02
branch0_seg6,4.7681159420289845e+00,6.8413642135843444e-02,6.8413672323730204e-02,1.1276727968749951e+02,1.1187581101770496e+02
branch0_seg6,4.8695652173913047e+00,6.6128737992928288e-02,6.6128761308198961e-02,1.0939309961123287e+02,1.0852352347264095e+02
branch0_seg6,4.9710144927536248e+00,6.4177593964584653e-02,6.4177612847561086e-02,1.0671938004044583e+02,1.0586637376450925e+02
branch0_seg6,5.0724637681159450e+00,6.2542281026133906e-02,6.2542297330751367e-02,1.0449257473200289e+02,1.0365343171145690e+02
branch0_seg6,5.1739130434782652e+00,6.1135798441509334e-02,6.1135815741119967e-02,1.0235985684717770e+02,1.0153517067030350e+02
branch0_seg6,5.2753623188405783e+00,5.9823628553140239e-02,5.9823649086990074e-02,9.9971480404400154e+01,9.9164813754156626e+01
branch0_seg6,5.3768115942028984e+00,5.8451652293484473e-02,5.8451678492589164e-02,9.7024140616921571e+01,9.6241432377600844e+01
branch0_seg6,5.4782608695652186e+00,5.6878673661289694e-02,5.6878705982241637e-02,9.3346366457779652e+01,9.2594563872791866e+01
branch0_seg6,5.5797101449275388e+00,5.5004527720153733e-02,5.5004566012122606e-02,8.8909765119069135e+01,8.8195547278830745e+01
branch0_seg6,5.6811594202898590e+00,5.2794069159014023e-02,5.2794111052420441e-02,8.3879553472844847e+01,8.3207605078065185e+01
branch0_seg6,5.7826086956521792e+00,5.0290893252810630e-02,5.0290935781629471e-02,7.8581213419222436e+01,7.7952961539217327e+01
branch0_seg6,5.8840579710144922e+00,4.7619946615019761e-02,4.7619985350972303e-02,7.3483672833358483e+01,7.2896153904504928e+01
branch0_seg6,5.9855072463768124e+00,4.4978366612681675e-02,4.4978397161708789e-02,6.9133504861812369e+01,6.8578877992977795e+01
branch0_seg6,6.0869565217391326e+00,4.2614105600277057e-02,4.2614123620100794e-02,6.6081304620869759e+01,6.5546993556042580e+01
branch0_seg6,6.1884057971014528e+00,4.0796252367388340e-02,4.0796254439665058e-02,6.4811727074319933e+01,6.4281180132357605e+01
branch0_seg6,6.2898550724637730e+00,3.9781542773414877e-02,3.9781526653585281e-02,6.5681872888851331e+01,6.5135850948468374e+01
branch0_seg6,6.3913043478260860e+00,3.9779700419310032e-02,3.9779665557716386e-02,6.8867131629188705e+01,6.8285501228996708e+01
branch0_seg6,6.4927536231884062e+00,4.0923421160145156e-02,4.0923368553040643e-02,7.4342535099609719e+01,7.3706191680756163e+01
branch0_seg6,6.5942028985507264e+00,4.3247067517624430e-02,4.3246999857632723e-02,8.1877322228004502e+01,8.1170122504465226e+01
branch0_seg6,6.6956521739130466e+00,4.6675256874281472e-02,4.6675178320699534e-02,9.1043564680148293e+01,9.0254082985874490e+01
branch0_seg6,6.7971014492753667e+00,5.1022330813457924e-02,5.1022246808068682e-02,1.0123947007355447e+02,1.0036239640923014e+02
branch0_seg6,6.8985507246376869e+00,5.6014114321167582e-02,5.6014030022322907e-02,1.1180545564520153e+02,1.1084165798616382e+02
branch0_seg6,7.0000000000000000e+00,6.1309237033344816e-02,6.1309159405042467e-02,1.2196950706783198e+02,1.2092667034781057e+02
branch0_seg7,0.0000000000000000e+00,6.1309159405042321e-02,6.1309084467816272e-02,1.2092667034781178e+02,1.1983009468526846e+02
branch0_seg7,1.0144927536232018e-01,6.5106155671093818e-02,6.5106241465226422e-02,1.1963146966039839e+02,1.1857530496248334e+02
branch0_seg7,2.0289855072464036e-01,7.0736598700005635e-02,7.0736142915640218e-02,1.4660043770568450e+02,1.4526799036683099e+02
branch0_seg7,3.0434782608695699e-01,7.4575322525586574e-02,7.4575890223877006e-02,1.3215053936768177e+02,1.3101638255854377e+02
branch0_seg7,4.0579710144927716e-01,7.7985655731507772e-02,7.7984957018247716e-02,1.5187451176203353e+02,1.5053018554225915e+02
branch0_seg7,5.0724637681159734e-01,8.0016463991252826e-02,8.0017130589342858e-02,1.4045237255820373e+02,1.3926348745084641e+02
branch0_seg7,6.0869565217391397e-01,8.0982843757196707e-02,8.0982290812957533e-02,1.4693545483971016e+02,1.4566932226119971e+02
branch0_seg7,7.1014492753623415e-01,8.0770137195607036e-02,8.0770627789467059e-02,1.3849771244388475e+02,1.3733747321892099e+02
branch0_seg7,8.1159420289855433e-01,7.9596862189022941e-02,7.9596562856674324e-02,1.3653661264009864e+02,1.3538146958183745e+02
branch0_seg7,9.1304347826087096e-01,7.7658056111829618e-02,7.7658340910828128e-02,1.2949409064356411e+02,1.2841441639489182e+02
branch0_seg7,1.0144927536231911e+00,7.5221598612503771e-02,7.5221481601048620e-02,1.2449605590263425e+02,1.2345027560420735e+02
branch0_seg7,1.1159420289855078e+00,7.2556749589779673e-02,7.2556891427174627e-02,1.1887393270537530e+02,1.1787964893741150e+02
branch0_seg7,1.2173913043478279e+00,6.9901627607254602e-02,6.9901598250935101e-02,1.1425227218578071e+02,1.1328930741632698e+02
branch0_seg7,1.3188405797101481e+00,6.7443619702178215e-02,6.7443682116229517e-02,1.1044071066270983e+02,1.0950793732219778e+02
branch0_seg7,1.4202898550724647e+00,6.5291697520510963e-02,6.5291698358480602e-02,1.0733526304600674e+02,1.0642216119215195e+02
branch0_seg7,1.5217391304347849e+00,6.3476009543297990e-02,6.3476036440296424e-02,1.0495547226639917e+02,1.0405921316439786e+02
branch0_seg7,1.6231884057971016e+00,6.1947719944416293e-02,6.1947731169743156e-02,1.0277865685838216e+02,1.0189685054415177e+02
branch0_seg7,1.7246376811594217e+00,6.0597871179170613e-02,6.0597890594299333e-02,1.0063100252014914e+02,9.9765868935003155e+01
branch0_seg7,1.8260869565217419e+00,5.9279798407907529e-02,5.9279819907244125e-02,9.8043360764494395e+01,9.7199517619825130e+01
branch0_seg7,1.9275362318840585e+00,5.7841215110348988e-02,5.7841242559186615e-02,9.4851799366816536e+01,9.4036027000603852e+01
branch0_seg7,2.0289855072463787e+00,5.6154232613368535e-02,5.6154266648752060e-02,9.0882981868204951e+01,9.0102605416048547e+01
branch0_seg7,2.1304347826086989e+00,5.4142892911422803e-02,5.4142931219344513e-02,8.6218707236840672e+01,8.5480061828321226e+01
branch0_seg7,2.2318840579710155e+00,5.1803082719086312e-02,5.1803124100023287e-02,8.1071977619817872e+01,8.0378816469692381e+01
branch0_seg7,2.3333333333333357e+00,4.9211970575631314e-02,4.9212010444159730e-02,7.5837012797782506e+01,7.5189156036583469e+01
branch0_seg7,2.4347826086956559e+00,4.6525651059046387e-02,4.6525685887283716e-02,7.1013551225918434e+01,7.0405991625752179e+01
branch0_seg7,2.5362318840579725e+00,4.3965388222158466e-02,4.3965413149461750e-02,6.7158236890993834e+01,6.6580793175434167e+01
branch0_seg7,2.6376811594202927e+00,4.1791374960637249e-02,4.1791386546460044e-02,6.4793029193529946e+01,6.4230865487390403e+01
branch0_seg7,2.7391304347826093e+00,4.0272035279492517e-02,4.0272030268170479e-02,6.4359989817334409e+01,6.3794470802668492e+01
branch0_seg7,2.8405797101449295e+00,3.9648876751927860e-02,3.9648853934961571e-02,6.6139656745870710e+01,6.5550066785673124e+01
branch0_seg7,2.9420289855072497e+00,4.0103494645128815e-02,4.0103453827979897e-02,7.0231150608481997e+01,6.9596520649559281e+01
branch0_seg7,3.0434782608695663e+00,4.1730260520098615e-02,4.1730203576865257e-02,7.6522301496360029e+01,7.5823564073817522e+01
branch0_seg7,3.1449275362318865e+00,4.4520566658563229e-02,4.4520496443195806e-02,8.4715326202135472e+01,8.3937092997703559e+01
branch0_seg7,3.2463768115942031e+00,4.8351058515065451e-02,4.8350980242648493e-02,9.4283390534006941e+01,9.3416148134739785e+01
branch0_seg7,3.3478260869565233e+00,5.2998918255004482e-02,5.2998836044963214e-02,1.0464022409462187e+02,1.0368048358770557e+02
branch0_seg7,3.4492753623188435e+00,5.8158120965150203e-02,5.8158041931704853e-02,1.1503945776963079e+02,1.1399102479964357e+02
branch0_seg7,3.5507246376811601e+00,6.3470803625917047e-02,6.3470732069095662e-02,1.2477209880286526e+02,1.2364501835385059e+02
branch0_seg7,3.6521739130434803e+00,6.8563126958949061e-02,6.8563068988742593e-02,1.3313877214304259e+02,1.3194878563152349e+02
branch0_seg7,3.7536231884058004e+00,7.3083930899554270e-02,7.3083889367594621e-02,1.3958579758363709e+02,1.3835240668702539e+02
branch0_seg7,3.8550724637681171e+00,7.6738417847798196e-02,7.6738395749269231e-02,1.4371354037357443e+02,1.4245838780412228e+02
branch0_seg7,3.9565217391304373e+00,7.9322346204673655e-02,7.9322342708065541e-02,1.4540102034792696e+02,1.4414516407447337e+02
branch0_seg7,4.0579710144927574e+00,8.0734246270267693e-02,8.0734261012607528e-02,1.4470080160273938e+02,1.4346354650979086e+02
branch0_seg7,4.1594202898550776e+00,8.0983589412197104e-02,8.0983617869510083e-02,1.4195102045426006e+02,1.4074755502891699e+02
branch0_seg7,4.2608695652173907e+00,8.0181927879942064e-02,8.0181966898771967e-02,1.3761759990982353e+02,1.3645850825740234e+02
branch0_seg7,4.3623188405797109e+00,7.8523925555062449e-02,7.8523969336550328e-02,1.3230096939584459e+02,1.3119139531637967e+02
branch0_seg7,4.4637681159420310e+00,7.6258530218686324e-02,7.6258574942616397e-02,1.2659791506204074e+02,1.2553809674840154e+02
branch0_seg7,4.5652173913043512e+00,7.3654922782419988e-02,7.3654964146640786e-02,1.2104922557715327e+02,1.2003521406878086e+02
branch0_seg7,4.6666666666666714e+00,7.0970063973949463e-02,7.0970099625229391e-02,1.1607246068451354e+02,1.1509738721201076e+02
branch0_seg7,4.7681159420289845e+00,6.8413672323730204e-02,6.8413701487497258e-02,1.1187581101770496e+02,1.1093184255027427e+02
branch0_seg7,4.8695652173913047e+00,6.6128761308198961e-02,6.6128783841318942e-02,1.0852352347264095e+02,1.0760299700444860e+02
branch0_seg7,4.9710144927536248e+00,6.4177612847561086e-02,6.4177631098607787e-02,1.0586637376450925e+02,1.0496368080489560e+02
branch0_seg7,5.0724637681159450e+00,6.2542297330751367e-02,6.2542313086713694e-02,1.0365343171145690e+02,1.0276565999438520e+02
branch0_seg7,5.1739130434782652e+00,6.1135815741119967e-02,6.1135832446197594e-02,1.0153517067030350e+02,1.0066283502972269e+02
branch0_seg7,5.2753623188405783e+00,5.9823649086990074e-02,5.9823668902990720e-02,9.9164813754156626e+01,9.8311536132426141e+01
branch0_seg7,5.3768115942028984e+00,5.8451678492589164e-02,5.8451703765347841e-02,9.6241432377600844e+01,9.5413339680320533e+01
branch0_seg7,5.4782608695652186e+00,5.6878705982241637e-02,5.6878737156628500e-02,9.2594563872791866e+01,9.1798877731942014e+01
branch0_seg7,5.5797101449275388e+00,5.5004566012122606e-02,5.5004602945260911e-02,8.8195547278830745e+01,8.7439254478680226e+01
branch0_seg7,5.6811594202898590e+00,5.2794111052420441e-02,5.2794151463594098e-02,8.3207605078065185e+01,8.2495657494925965e+01
branch0_seg7,5.7826086956521792e+00,5.0290935781629471e-02,5.0290976812093741e-02,7.7952961539217327e+01,7.7286944899308395e+01
branch0_seg7,5.8840579710144922e+00,4.7619985350972303e-02,4.7620022732637574e-02,7.2896153904504928e+01,7.2273090783961635e+01
branch0_seg7,5.9855072463768124e+00,4.4978397161708789e-02,4.4978426656993906e-02,6.8578877992977795e+01,6.7990697761070052e+01
branch0_seg7,6.0869565217391326e+00,4.2614123620100794e-02,4.2614141041302199e-02,6.5546993556042580e+01,6.4980658285810847e+01
branch0_seg7,6.1884057971014528e+00,4.0796254439665058e-02,4.0796256488258770e-02,6.4281180132357605e+01,6.3719456903143438e+01
branch0_seg7,6.2898550724637730e+00,3.9781526653585281e-02,3.9781511162252689e-02,6.5135850948468374e+01,6.4558640923582772e+01
branch0_seg7,6.3913043478260860e+00,3.9779665557716386e-02,3.9779631991542712e-02,6.8285501228996708e+01,6.7671701166835845e+01
branch0_seg7,6.4927536231884062e+00,4.0923368553040643e-02,4.0923317866927371e-02,7.3706191680756163e+01,7.3035701424806916e+01
branch0_seg7,6.5942028985507264e+00,4.3246999857632723e-02,4.3246934640968085e-02,8.1170122504465226e+01,8.0425870038726103e+01
branch0_seg7,6.6956521739130466e+00,4.6675178320699534e-02,4.6675102577338597e-02,9.0254082985874490e+01,8.9423873542174164e+01
branch0_seg7,6.7971014492753667e+00,5.1022246808068682e-02,5.1022165779728526e-02,1.0036239640923014e+02,9.9440393813692481e+01
branch0_seg7,6.8985507246376869e+00,5.6014030022322907e-02,5.6013948682000207e-02,1.1084165798616382e+02,1.0982848533240700e+02
branch0_seg7,7.0000000000000000e+00,6.1309159405042467e-02,6.1309084467816417e-02,1.2092667034781057e+02,1.1983009468526724e+02
branch0_seg8,0.0000000000000000e+00,6.1309084467816272e-02,6.1309012340216913e-02,1.1983009468526846e+02,1.1867210258290120e+02
branch0_seg8,1.0144927536232018e-01,6.5106241465226422e-02,6.5106323681730235e-02,1.1857530496248334e+02,1.1745715106792912e+02
branch0_seg8,2.0289855072464036e-01,7.0736142915640218e-02,7.0735705222393780e-02,1.4526799036683099e+02,1.4386268673983159e+02
branch0_seg8,3.0434782608695699e-01,7.4575890223877006e-02,7.4576434875121070e-02,1.3101638255854377e+02,1.2981337364715282e+02
branch0_seg8,4.0579710144927716e-01,7.7984957018247716e-02,7.7984286440924713e-02,1.5053018554225915e+02,1.4910936633183402e+02
branch0_seg8,5.0724637681159734e-01,8.0017130589342858e-02,8.0017770040248556e-02,1.3926348745084641e+02,1.3800145837091023e+02
branch0_seg8,6.0869565217391397e-01,8.0982290812957533e-02,8.0981760432751695e-02,1.4566932226119971e+02,1.4432770315506764e+02
branch0_seg8,7.1014492753623415e-01,8.0770627789467059e-02,8.0771098283624013e-02,1.3733747321892099e+02,1.3610457856936441e+02
branch0_seg8,8.1159420289855433e-01,7.9596562856674324e-02,7.9596276048988918e-02,1.3538146958183745e+02,1.3415479957067143e+02
branch0_seg8,9.1304347826087096e-01,7.7658340910828128e-02,7.7658613946138960e-02,1.2841441639489182e+02,1.2726601211369407e+02
branch0_seg8,1.0144927536231911e+00,7.5221481601048620e-02,7.5221369781360431e-02,1.2345027560420735e+02,1.2233823757675421e+02
branch0_seg8,1.1159420289855078e+00,7.2556891427174627e-02,7.2557027347596698e-02,1.1787964893741150e+02,1.1682165207597082e+02
branch0_seg8,1.2173913043478279e+00,6.9901598250935101e-02,6.9901570456187487e-02,1.1328930741632698e+02,1.1226500011219976e+02
branch0_seg8,1.3188405797101481e+00,6.7443682116229517e-02,6.7443741895116260e-02,1.0950793732219778e+02,1.0851574032645034e+02
branch0_seg8,1.4202898550724647e+00,6.5291698358480602e-02,6.5291699412601253e-02,1.0642216119215195e+02,1.0545132817500279e+02
branch0_seg8,1.5217391304347849e+00,6.3476036440296424e-02,6.3476062192946964e-02,1.0405921316439786e+02,1.0310651179787895e+02
branch0_seg8,1.6231884057971016e+00,6.1947731169743156e-02,6.1947742090843007e-02,1.0189685054415177e+02,1.0095979246854327e+02
branch0_seg8,1.7246376811594217e+00,6.0597890594299333e-02,6.0597909211767893e-02,9.9765868935003155e+01,9.8846587254291549e+01
branch0_seg8,1.8260869565217419e+00,5.9279819907244125e-02,5.9279840636174842e-02,9.7199517619825130e+01,9.6302797620904300e+01
branch0_seg8,1.9275362318840585e+00,5.7841242559186615e-02,5.7841268929175238e-02,9.4036027000603852e+01,9.3168882001513026e+01
branch0_seg8,2.0289855072463787e+00,5.6154266648752060e-02,5.6154299399715522e-02,9.0102605416048547e+01,8.9272711973169962e+01
branch0_seg8,2.1304347826086989e+00,5.4142931219344513e-02,5.4142968050213805e-02,8.5480061828321226e+01,8.4694087558098445e+01
branch0_seg8,2.2318840579710155e+00,5.1803124100023287e-02,5.1803163909553501e-02,8.0378816469692381e+01,7.9640785058160418e+01
branch0_seg8,2.3333333333333357e+00,4.9212010444159730e-02,4.9212048794971354e-02,7.5189156036583469e+01,7.4498996567539820e+01
branch0_seg8,2.4347826086956559e+00,4.6525685887283716e-02,4.6525719405928277e-02,7.0405991625752179e+01,6.9758591698038657e+01
branch0_seg8,2.5362318840579725e+00,4.3965413149461750e-02,4.3965437152092848e-02,6.6580793175434167e+01,6.5965606152890061e+01
branch0_seg8,2.6376811594202927e+00,4.1791386546460044e-02,4.1791397729405780e-02,6.4230865487390403e+01,6.3632429993525932e+01
branch0_seg8,2.7391304347826093e+00,4.0272030268170479e-02,4.0272025496510308e-02,6.3794470802668492e+01,6.3193286978261980e+01
branch0_seg8,2.8405797101449295e+00,3.9648853934961571e-02,3.9648832044517156e-02,6.5550066785673124e+01,6.4924379719626614e+01
branch0_seg8,2.9420289855072497e+00,4.0103453827979897e-02,4.0103414626795876e-02,6.9596520649559281e+01,6.8924230146240191e+01
branch0_seg8,3.0434782608695663e+00,4.1730203576865257e-02,4.1730148860682846e-02,7.5823564073817522e+01,7.5084484344298318e+01
branch0_seg8,3.1449275362318865e+00,4.4520496443195806e-02,4.4520428949869149e-02,8.3937092997703559e+01,8.3114831632470853e+01
branch0_seg8,3.2463768115942031e+00,4.8350980242648493e-02,4.8350904978762307e-02,9.3416148134739785e+01,9.2500420505360594e+01
branch0_seg8,3.3478260869565233e+00,5.2998836044963214e-02,5.2998756969321235e-02,1.0368048358770557e+02,1.0266731386438663e+02
branch0_seg8,3.4492753623188435e+00,5.8158041931704853e-02,5.8157965880796358e-02,1.1399102479964357e+02,1.1288409213955595e+02
branch0_seg8,3.5507246376811601e+00,6.3470732069095662e-02,6.3470663183539014e-02,1.2364501835385059e+02,1.2245459596144025e+02
branch0_seg8,3.6521739130434803e+00,6.8563068988742593e-02,6.8563013147860549e-02,1.3194878563152349e+02,1.3069118793252954e+02
branch0_seg8,3.7536231884058004e+00,7.3083889367594621e-02,7.3083849325985065e-02,1.3835240668702539e+02,1.3704798676753740e+02
branch0_seg8,3.8550724637681171e+00,7.6738395749269231e-02,7.6738374396094142e-02,1.4245838780412228e+02,1.4112984182927147e+02
branch0_seg8,3.9565217391304373e+00,7.9322342708065541e-02,7.9322339257028460e-02,1.4414516407447337e+02,1.4281468315586733e+02
branch0_seg8,4.0579710144927574e+00,8.0734261012607542e-02,8.0734275119665758e-02,1.4346354650979086e+02,1.4215156337306536e+02
branch0_seg8,4.1594202898550776e+00,8.0983617869510069e-02,8.0983645192140047e-02,1.4074755502891699e+02,1.3947025926770166e+02
branch0_seg8,4.2608695652173907e+00,8.0181966898771967e-02,8.0182004402185009e-02,1.3645850825740234e+02,1.3522729371395002e+02
branch0_seg8,4.3623188405797109e+00,7.8523969336550328e-02,7.8524011444776609e-02,1.3119139531637967e+02,1.3001196178461225e+02
branch0_seg8,4.4637681159420310e+00,7.6258574942616397e-02,7.6258617974966789e-02,1.2553809674840154e+02,1.2441097335511888e+02
branch0_seg8,4.5652173913043512e+00,7.3654964146640786e-02,7.3655003962150217e-02,1.2003521406878086e+02,1.1895649159005271e+02
branch0_seg8,4.6666666666666714e+00,7.0970099625229391e-02,7.0970133953741799e-02,1.1509738721201076e+02,1.1406002787871009e+02
branch0_seg8,4.7681159420289845e+00,6.8413701487497258e-02,6.8413729578934407e-02,1.1093184255027427e+02,1.0992771771933292e+02
branch0_seg8,4.8695652173913047e+00,6.6128783841318942e-02,6.6128805553908515e-02,1.0760299700444860e+02,1.0662408614900080e+02
branch0_seg8,4.9710144927536248e+00,6.4177631098607787e-02,6.4177648686367994e-02,1.0496368080489560e+02,1.0400405060567368e+02
branch0_seg8,5.0724637681159450e+00,6.2542313086713694e-02,6.2542328267223238e-02,1.0276565999438520e+02,1.0182216303651043e+02
branch0_seg8,5.1739130434782652e+00,6.1135832446197594e-02,6.1135848529700998e-02,1.0066283502972269e+02,9.9735894291621932e+01
branch0_seg8,5.2753623188405783e+00,5.9823668902990720e-02,5.9823687970434018e-02,9.8311536132426141e+01,9.7404838294839976e+01
branch0_seg8,5.3768115942028984e+00,5.8451703765347841e-02,5.8451728073753532e-02,9.5413339680320533e+01,9.4533223174423668e+01
branch0_seg8,5.4782608695652186e+00,5.6878737156628500e-02,5.6878767137940482e-02,9.1798877731942014e+01,9.0952874889996835e+01
branch0_seg8,5.5797101449275388e+00,5.5004602945260911e-02,5.5004638464394164e-02,8.7439254478680226e+01,8.6634702058935829e+01
branch0_seg8,5.6811594202898590e+00,5.2794151463594098e-02,5.2794190331474464e-02,8.2495657494925965e+01,8.1737812895084403e+01
branch0_seg8,5.7826086956521792e+00,5.0290976812093741e-02,5.0291016281203471e-02,7.7286944899308395e+01,7.6577577508010165e+01
branch0_seg8,5.8840579710144922e+00,4.7620022732637574e-02,4.7620058701077841e-02,7.2273090783961635e+01,7.1609211747862645e+01
branch0_seg8,5.9855072463768124e+00,4.4978426656993906e-02,4.4978455049972048e-02,6.7990697761070052e+01,6.7363979910078186e+01
branch0_seg8,6.0869565217391326e+00,4.2614141041302199e-02,4.2614157832052871e-02,6.4980658285810847e+01,6.4377542762355816e+01
branch0_seg8,6.1884057971014528e+00,4.0796256488258770e-02,4.0796258503399851e-02,6.3719456903143438e+01,6.3121938612617839e+01
branch0_seg8,6.2898550724637730e+00,3.9781511162252689e-02,3.9781496315472710e-02,6.4558640923582772e+01,6.3945643618140664e+01
branch0_seg8,6.3913043478260860e+00,3.9779631991542712e-02,3.9779599764183528e-02,6.7671701166835845e+01,6.7021016493928784e+01
branch0_seg8,6.4927536231884062e+00,4.0923317866927371e-02,4.0923269171825004e-02,7.3035701424806916e+01,7.2326092502616362e+01
branch0_seg8,6.5942028985507264e+00,4.3246934640968085e-02,4.3246871961120800e-02,8.0425870038726103e+01,7.9639202665013613e+01
branch0_seg8,6.6956521739130466e+00,4.6675102577338597e-02,4.6675029755758997e-02,8.9423873542174164e+01,8.8547071724501137e+01
branch0_seg8,6.7971014492753667e+00,5.1022165779728526e-02,5.1022087850647574e-02,9.9440393813692481e+01,9.8467016733640975e+01
branch0_seg8,6.8985507246376869e+00,5.6013948682000207e-02,5.6013870425565930e-02,1.0982848533240700e+02,1.0875887251917331e+02
branch0_seg8,7.0000000000000000e+00,6.1309084467816417e-02,6.1309012340217052e-02,1.1983009468526724e+02,1.1867210258290001e+02
branch0_seg9,0.0000000000000000e+00,6.1309012340216913e-02,6.1308942892973659e-02,1.1867210258290120e+02,1.1745157000916615e+02
branch0_seg9,1.0144927536232018e-01,6.5106323681730235e-02,6.5106402507135216e-02,1.1745715106792912e+02,1.1627582564810028e+02
branch0_seg9,2.0289855072464036e-01,7.0735705222393780e-02,7.0735284724355432e-02,1.4386268673983159e+02,1.4238329540081179e+02
branch0_seg9,3.0434782608695699e-01,7.4576434875121070e-02,7.4576957646494801e-02,1.2981337364715282e+02,1.2854021083448507e+02
branch0_seg9,4.0579710144927716e-01,7.7984286440924713e-02,7.7983642586468824e-02,1.4910936633183402e+02,1.4761073650039594e+02
branch0_seg9,5.0724637681159734e-01,8.0017770040248556e-02,8.0018383719932473e-02,1.3800145837091023e+02,1.3666492224133734e+02
branch0_seg9,6.0869565217391397e-01,8.0981760432751695e-02,8.0981251473240062e-02,1.4432770315506764e+02,1.4290923909174856e+02
branch0_seg9,7.1014492753623415e-01,8.0771098283624013e-02,8.0771549698317929e-02,1.3610457856936441e+02,1.3479765401279181e+02
branch0_seg9,8.1159420289855433e-01,7.9596276048988918e-02,7.9596001122000534e-02,1.3415479957067143e+02,1.3285524872456335e+02
branch0_seg9,9.1304347826087096e-01,7.7658613946138960e-02,7.7658875815193290e-02,1.2726601211369407e+02,1.2604753261354250e+02
branch0_seg9,1.0144927536231911e+00,7.5221369781360431e-02,7.5221262877439105e-02,1.2233823757675421e+02,1.2115862817165022e+02
branch0_seg9,1.1159420289855078e+00,7.2557027347596698e-02,7.2557157650968346e-02,1.1682165207597082e+02,1.1569865267157826e+02
branch0_seg9,1.2173913043478279e+00,6.9901570456187487e-02,6.9901544132020918e-02,1.1226500011219976e+02,1.1117809534336268e+02
branch0_seg9,1.3188405797101481e+00,6.7443741895116260e-02,6.7443799171685095e-02,1.0851574032645034e+02,1.0746289269058312e+02
branch0_seg9,1.4202898550724647e+00,6.5291699412601253e-02,6.5291700663283131e-02,1.0545132817500279e+02,1.0442156633427979e+02
branch0_seg9,1.5217391304347849e+00,6.3476062192946964e-02,6.3476086858313213e-02,1.0310651179787895e+02,1.0209619368945809e+02
branch0_seg9,1.6231884057971016e+00,6.1947742090843007e-02,6.1947752717440463e-02,1.0095979246854327e+02,9.9966329441124714e+01
branch0_seg9,1.7246376811594217e+00,6.0597909211767893e-02,6.0597927070523208e-02,9.8846587254291549e+01,9.7872022203023903e+01
branch0_seg9,1.8260869565217419e+00,5.9279840636174842e-02,5.9279860629230616e-02,9.6302797620904300e+01,9.5352083314457303e+01
branch0_seg9,1.9275362318840585e+00,5.7841268929175238e-02,5.7841294272005371e-02,9.3168882001513026e+01,9.2249265955077703e+01
branch0_seg9,2.0289855072463787e+00,5.6154299399715522e-02,5.6154330926162399e-02,8.9272711973169962e+01,8.8392225813088942e+01
branch0_seg9,2.1304347826086989e+00,5.4142968050213805e-02,5.4143003473746475e-02,8.4694087558098445e+01,8.3859736386311127e+01
branch0_seg9,2.2318840579710155e+00,5.1803163909553501e-02,5.1803202220706626e-02,7.9640785058160418e+01,7.8856868747536836e+01
branch0_seg9,2.3333333333333357e+00,4.9212048794971354e-02,4.9212085698251848e-02,7.4498996567539820e+01,7.3765558362880981e+01
branch0_seg9,2.4347826086956559e+00,4.6525719405928277e-02,4.6525751674309196e-02,6.9758591698038657e+01,6.9070417322163266e+01
branch0_seg9,2.5362318840579725e+00,4.3965437152092848e-02,4.3965460270656287e-02,6.5965606152890061e+01,6.5311783647728376e+01
branch0_seg9,2.6376811594202927e+00,4.1791397729405780e-02,4.1791408524882744e-02,6.3632429993525932e+01,6.2996868048905391e+01
branch0_seg9,2.7391304347826093e+00,4.0272025496510308e-02,4.0272020949501879e-02,6.3193286978261980e+01,6.2555611757878964e+01
branch0_seg9,2.8405797101449295e+00,3.9648832044517156e-02,3.9648811033419433e-02,6.4924379719626614e+01,6.4261782773143977e+01
branch0_seg9,2.9420289855072497e+00,4.0103414626795876e-02,4.0103376962543263e-02,6.8924230146240191e+01,6.8213462249210920e+01
branch0_seg9,3.0434782608695663e+00,4.1730148860682846e-02,4.1730096264670162e-02,7.5084484344298318e+01,7.4304221838198643e+01
branch0_seg9,3.1449275362318865e+00,4.4520428949869149e-02,4.4520364049509334e-02,8.3114831632470853e+01,8.2247659279715862e+01
branch0_seg9,3.2463768115942031e+00,4.8350904978762307e-02,4.8350832582107477e-02,9.2500420505360594e+01,9.1535266968586185e+01
branch0_seg9,3.3478260869565233e+00,5.2998756969321235e-02,5.2998680881913660e-02,1.0266731386438663e+02,1.0159970604927452e+02
branch0_seg9,3.4492753623188435e+00,5.8157965880796358e-02,5.8157892674513476e-02,1.1288409213955595e+02,1.1171757833970773e+02
branch0_seg9,3.5507246376811601e+00,6.3470663183539014e-02,6.3470596846718214e-02,1.2245459596144025e+02,1.2119967916098707e+02
branch0_seg9,3.6521739130434803e+00,6.8563013147860549e-02,6.8562959339976401e-02,1.3069118793252954e+02,1.2936476200184882e+02
branch0_seg9,3.7536231884058004e+00,7.3083849325985065e-02,7.3083810708808386e-02,1.3704798676753740e+02,1.3567126611603055e+02
branch0_seg9,3.8550724637681171e+00,7.6738374396094142e-02,7.6738353757652158e-02,1.4112984182927147e+02,1.3972658791475615e+02
branch0_seg9,3.9565217391304373e+00,7.9322339257028460e-02,7.9322335853695011e-02,1.4281468315586733e+02,1.4140823280642149e+02
branch0_seg9,4.0579710144927574e+00,8.0734275119665758e-02,8.0734288625342598e-02,1.4215156337306536e+02,1.4076348955569185e+02
branch0_seg9,4.1594202898550776e+00,8.0983645192140047e-02,8.0983671436741317e-02,1.3947025926770166e+02,1.3811776451299025e+02
branch0_seg9,4.2608695652173907e+00,8.0182004402185009e-02,8.0182040463944823e-02,1.3522729371395002e+02,1.3392259244019553e+02
branch0_seg9,4.3623188405797109e+00,7.8524011444776609e-02,7.8524051959808314e-02,1.3001196178461225e+02,1.2876131933918359e+02
branch0_seg9,4.4637681159420310e+00,7.6258617974966789e-02,7.6258659395633893e-02,1.2441097335511888e+02,1.2321521756199708e+02
branch0_seg9,4.5652173913043512e+00,7.3655003962150217e-02,7.3655042301092266e-02,1.1895649159005271e+02,1.1781175849218097e+02
branch0_seg9,4.6666666666666714e+00,7.0970133953741799e-02,7.0970167020242947e-02,1.1406002787871009e+02,1.1295911362103078e+02
branch0_seg9,4.7681159420289845e+00,6.8413729578934407e-02,6.8413756646574217e-02,1.0992771771933292e+02,1.0886219834096998e+02
branch0_seg9,4.8695652173913047e+00,6.6128805553908515e-02,6.6128826482488939e-02,1.0662408614900080e+02,1.0558558171205706e+02
branch0_seg9,4.9710144927536248e+00,6.4177648686367994e-02,6.4177665640186315e-02,1.0400405060567368e+02,1.0298629965466570e+02
branch0_seg9,5.0724637681159450e+00,6.2542328267223238e-02,6.2542342897846201e-02,1.0182216303651043e+02,1.0082177936143798e+02
branch0_seg9,5.1739130434782652e+00,6.1135848529700998e-02,6.1135864019917829e-02,9.9735894291621932e+01,9.8753206043416213e+01
branch0_seg9,5.2753623188405783e+00,5.9823687970434018e-02,5.9823706324054871e-02,9.7404838294839976e+01,9.6443595475115046e+01
branch0_seg9,5.3768115942028984e+00,5.8451728073753532e-02,5.8451751463104412e-02,9.4533223174423668e+01,9.3599976350942129e+01
branch0_seg9,5.4782608695652186e+00,5.6878767137940482e-02,5.6878795982372186e-02,9.0952874889996835e+01,9.0055469834501963e+01
branch0_seg9,5.5797101449275388e+00,5.5004638464394164e-02,5.5004672636032474e-02,8.6634702058935829e+01,8.5780830005477455e+01
branch0_seg9,5.6811594202898590e+00,5.2794190331474464e-02,5.2794227728233702e-02,8.1737812895084403e+01,8.0933042332931308e+01
branch0_seg9,5.7826086956521792e+00,5.0291016281203471e-02,5.0291054261364973e-02,7.6577577508010165e+01,7.5823867046621743e+01
branch0_seg9,5.8840579710144922e+00,4.7620058701077841e-02,4.7620093320922034e-02,7.1609211747862645e+01,7.0903565362799483e+01
branch0_seg9,5.9855072463768124e+00,4.4978455049972048e-02,4.4978482389849327e-02,6.7363979910078186e+01,6.6697815414534759e+01
branch0_seg9,6.0869565217391326e+00,4.2614157832052871e-02,4.2614174018690595e-02,6.4377542762355816e+01,6.3736777872391627e+01
branch0_seg9,6.1884057971014528e+00,4.0796258503399851e-02,4.0796260482964870e-02,6.3121938612617839e+01,6.2487788686105795e+01
branch0_seg9,6.2898550724637730e+00,3.9781496315472710e-02,3.9781482079219110e-02,6.3945643618140664e+01,6.3296042615452905e+01
branch0_seg9,6.3913043478260860e+00,3.9779599764183528e-02,3.9779568809368032e-02,6.7021016493928784e+01,6.6332634341112993e+01
branch0_seg9,6.4927536231884062e+00,4.0923269171825004e-02,4.0923222371552437e-02,7.2326092502616362e+01,7.1576536443916424e+01
branch0_seg9,6.5942028985507264e+00,4.3246871961120800e-02,4.3246811697274540e-02,7.9639202665013613e+01,7.8809256940924428e+01
branch0_seg9,6.6956521739130466e+00,4.6675029755758997e-02,4.6674959718211922e-02,8.8547071724501137e+01,8.7622762030935945e+01
branch0_seg9,6.7971014492753667e+00,5.1022087850647574e-02,5.1022012875928571e-02,9.8467016733640975e+01,9.7441284983504787e+01
branch0_seg9,6.8985507246376869e+00,5.6013870425565930e-02,5.6013795109865726e-02,1.0875887251917331e+02,1.0763176784010773e+02
branch0_seg9,7.0000000000000000e+00,6.1309012340217052e-02,6.1308942892973797e-02,1.1867210258290001e+02,1.1745157000916495e+02
branch0_seg10,0.0000000000000000e+00,6.1308942892973659e-02,6.1308876137172452e-02,1.1745157000916615e+02,1.1616182042589990e+02
branch0_seg10,1.0144927536232018e-01,6.5106402507135216e-02,6.5106477973117929e-02,1.1627582564810028e+02,1.1502439376521176e+02
branch0_seg10,2.0289855072464036e-01,7.0735284724355432e-02,7.0734881363088822e-02,1.4238329540081179e+02,1.4082184097111067e+02
branch0_seg10,3.0434782608695699e-01,7.4576957646494801e-02,7.4577458669737307e-02,1.2854021083448507e+02,1.2718894217763767e+02
branch0_seg10,4.0579710144927716e-01,7.7983642586468824e-02,7.7983025320623248e-02,1.4761073650039594e+02,1.4602562388675699e+02
branch0_seg10,5.0724637681159734e-01,8.0018383719932473e-02,8.0018971787822385e-02,1.3666492224133734e+02,1.3524530542702811e+02
branch0_seg10,6.0869565217391397e-01,8.0981251473240062e-02,8.0980763801218422e-02,1.4290923909174856e+02,1.4140512404320529e+02
branch0_seg10,7.1014492753623415e-01,8.0771549698317929e-02,8.0771982157430866e-02,1.3479765401279181e+02,1.3340810926211452e+02
branch0_seg10,8.1159420289855433e-01,7.9596001122000534e-02,7.9595737977111503e-02,1.3285524872456335e+02,1.3147435790824528e+02
branch0_seg10,9.1304347826087096e-01,7.7658875815193290e-02,7.7659126593797034e-02,1.2604753261354250e+02,1.2475084148587345e+02
branch0_seg10,1.0144927536231911e+00,7.5221262877439105e-02,7.5221160825056074e-02,1.2115862817165022e+02,1.1990361203654084e+02
branch0_seg10,1.1159420289855078e+00,7.2557157650968346e-02,7.2557282376299256e-02,1.1569865267157826e+02,1.1450315797154053e+02
branch0_seg10,1.2173913043478279e+00,6.9901544132020918e-02,6.9901519239268656e-02,1.1117809534336268e+02,1.1002140818692439e+02
branch0_seg10,1.3188405797101481e+00,6.7443799171685095e-02,6.7443853963182782e-02,1.0746289269058312e+02,1.0634248828897586e+02
branch0_seg10,1.4202898550724647e+00,6.5291700663283131e-02,6.5291702088107431e-02,1.0442156633427979e+02,1.0332620221593876e+02
branch0_seg10,1.5217391304347849e+00,6.3476086858313213e-02,6.3476110443195649e-02,1.0209619368945809e+02,1.0102177812483905e+02
branch0_seg10,1.6231884057971016e+00,6.1947752717440463e-02,6.1947763037874810e-02,9.9966329441124714e+01,9.8910144002091712e+01
branch0_seg10,1.7246376811594217e+00,6.0597927070523208e-02,6.0597944173181706e-02,9.7872022203023903e+01,9.6836006276197338e+01
branch0_seg10,1.8260869565217419e+00,5.9279860629230616e-02,5.9279879880852183e-02,9.5352083314457303e+01,9.4341363190303454e+01
branch0_seg10,1.9275362318840585e+00,5.7841294272005371e-02,5.7841318588247398e-02,9.2249265955077703e+01,9.1271345790142561e+01
branch0_seg10,2.0289855072463787e+00,5.6154330926162399e-02,5.6154361224711159e-02,8.8392225813088942e+01,8.7455526980504033e+01
branch0_seg10,2.1304347826086989e+00,5.4143003473746475e-02,5.4143037488337022e-02,8.3859736386311127e+01,8.2971639873581481e+01
branch0_seg10,2.2318840579710155e+00,5.1803202220706626e-02,5.1803239029430438e-02,7.8856868747536836e+01,7.8021983583609128e+01
branch0_seg10,2.3333333333333357e+00,4.9212085698251848e-02,4.9212121149754116e-02,7.3765558362880981e+01,7.2984059925498258e+01
branch0_seg10,2.4347826086956559e+00,4.6525751674309196e-02,4.6525782686563183e-02,6.9070417322163266e+01,6.8336984533626890e+01
branch0_seg10,2.5362318840579725e+00,4.3965460270656287e-02,4.3965482498801285e-02,6.5311783647728376e+01,6.4615106265516559e+01
branch0_seg10,2.6376811594202927e+00,4.1791408524882744e-02,4.1791418926025739e-02,6.2996868048905391e+01,6.2320162686990344e+01
branch0_seg10,2.7391304347826093e+00,4.0272020949501879e-02,4.0272016620615372e-02,6.2555611757878964e+01,6.1877541211067886e+01
branch0_seg10,2.8405797101449295e+00,3.9648811033419433e-02,3.9648790896055178e-02,6.4261782773143977e+01,6.3558374095039660e+01
branch0_seg10,2.9420289855072497e+00,4.0103376962543263e-02,4.0103340831265641e-02,6.8213462249210920e+01,6.7460192313454115e+01
branch0_seg10,3.0434782608695663e+00,4.1730096264670162e-02,4.1730045787163279e-02,7.4304221838198643e+01,7.3478499858683932e+01
branch0_seg10,3.1449275362318865e+00,4.4520364049509334e-02,4.4520301743186955e-02,8.2247659279715862e+01,8.1330923281967358e+01
branch0_seg10,3.2463768115942031e+00,4.8350832582107477e-02,4.8350763056875440e-02,9.1535266968586185e+01,9.0515552215491539e+01
branch0_seg10,3.3478260869565233e+00,5.2998680881913660e-02,5.2998607789776227e-02,1.0159970604927452e+02,1.0047196063561212e+02
branch0_seg10,3.4492753623188435e+00,5.8157892674513476e-02,5.8157822322685807e-02,1.1171757833970773e+02,1.1048517363630442e+02
branch0_seg10,3.5507246376811601e+00,6.3470596846718214e-02,6.3470533070302773e-02,1.2119967916098707e+02,1.1987334217643863e+02
branch0_seg10,3.6521739130434803e+00,6.8562959339976401e-02,6.8562907577999321e-02,1.2936476200184882e+02,1.2796200415824249e+02
branch0_seg10,3.7536231884058004e+00,7.3083810708808386e-02,7.3083773528948945e-02,1.3567126611603055e+02,1.3421424259370880e+02
branch0_seg10,3.8550724637681171e+00,7.6738353757652158e-02,7.6738333845989326e-02,1.3972658791475615e+02,1.3824024024405696e+02
branch0_seg10,3.9565217391304373e+00,7.9322335853695011e-02,7.9322332508093091e-02,1.4140823280642149e+02,1.3991718085414800e+02
branch0_seg10,4.0579710144927574e+00,8.0734288625342598e-02,8.0734301537254888e-02,1.4076348955569185e+02,1.3929059381069590e+02
branch0_seg10,4.1594202898550776e+00,8.0983671436741317e-02,8.0983696607800831e-02,1.3811776451299025e+02,1.3668138102155658e+02
branch0_seg10,4.2608695652173907e+00,8.0182040463944823e-02,8.0182075085640514e-02,1.3392259244019553e+02,1.3253587751730439e+02
branch0_seg10,4.3623188405797109e+00,7.8524051959808314e-02,7.8524090880301600e-02,1.2876131933918359e+02,1.2743119507260576e+02
branch0_seg10,4.4637681159420310e+00,7.6258659395633893e-02,7.6258699201053215e-02,1.2321521756199708e+02,1.2194286686800621e+02
branch0_seg10,4.5652173913043512e+00,7.3655042301092266e-02,7.3655079158162010e-02,1.1781175849218097e+02,1.1659338419016673e+02
branch0_seg10,4.6666666666666714e+00,7.0970167020242947e-02,7.0970198818525426e-02,1.1295911362103078e+02,1.1178733691970386e+02
branch0_seg10,4.7681159420289845e+00,6.8413756646574217e-02,6.8413782684007454e-02,1.0886219834096998e+02,1.0772827000259639e+02
branch0_seg10,4.8695652173913047e+00,6.6128826482488939e-02,6.6128846620989779e-02,1.0558558171205706e+02,1.0448072040040293e+02
branch0_seg10,4.9710144927536248e+00,6.4177665640186315e-02,6.4177681954883867e-02,1.0298629965466570e+02,1.0190387307171881e+02
branch0_seg10,5.0724637681159450e+00,6.2542342897846201e-02,6.2542356974387425e-02,1.0082177936143798e+02,9.9758127460422855e+01
branch0_seg10,5.1739130434782652e+00,6.1135864019917829e-02,6.1135878913766643e-02,9.8753206043416213e+01,9.7708542016103152e+01
branch0_seg10,5.2753623188405783e+00,5.9823706324054871e-02,5.9823723961562575e-02,9.6443595475115046e+01,9.5421730643102435e+01
branch0_seg10,5.3768115942028984e+00,5.8451751463104412e-02,5.8451773931631729e-02,9.3599976350942129e+01,9.2607689720798277e+01
branch0_seg10,5.4782608695652186e+00,5.6878795982372186e-02,5.6878823688118037e-02,9.0055469834501963e+01,8.9100951033184444e+01
branch0_seg10,5.5797101449275388e+00,5.5004672636032474e-02,5.5004705457970954e-02,8.5780830005477455e+01,8.4872162781505750e+01
branch0_seg10,5.6811594202898590e+00,5.2794227728233702e-02,5.2794263650786495e-02,8.0933042332931308e+01,8.0076142579756890e+01
branch0_seg10,5.7826086956521792e+00,5.0291054261364973e-02,5.0291090748463801e-02,7.5823867046621743e+01,7.5020907791921260e+01
branch0_seg10,5.8840579710144922e+00,4.7620093320922034e-02,4.7620126586912767e-02,7.0903565362799483e+01,7.0151548608518283e+01
branch0_seg10,5.9855072463768124e+00,4.4978482389849327e-02,4.4978508670453082e-02,6.6697815414534759e+01,6.5987882828205400e+01
branch0_seg10,6.0869565217391326e+00,4.2614174018690595e-02,4.2614189594476173e-02,6.3736777872391627e+01,6.3054273410053412e+01
branch0_seg10,6.1884057971014528e+00,4.0796260482964870e-02,4.0796262420221399e-02,6.2487788686105795e+01,6.1813069420286176e+01
branch0_seg10,6.2898550724637730e+00,3.9781482079219110e-02,3.9781468447407257e-02,6.3296042615452905e+01,6.2605949697922981e+01
branch0_seg10,6.3913043478260860e+00,3.9779568809368032e-02,3.9779539122390593e-02,6.6332634341112993e+01,6.5602595735566325e+01
branch0_seg10,6.4927536231884062e+00,4.0923222371552437e-02,4.0923177463434726e-02,7.1576536443916424e+01,7.0782874833872967e+01
branch0_seg10,6.5942028985507264e+00,4.3246811697274540e-02,4.3246753849350512e-02,7.8809256940924428e+01,7.7931547763285479e+01
branch0_seg10,6.6956521739130466e+00,4.6674959718211922e-02,4.6674892467574031e-02,8.7622762030935945e+01,8.6646017406025948e+01
branch0_seg10,6.7971014492753667e+00,5.1022012875928571e-02,5.1021940861522543e-02,9.7441284983504787e+01,9.6357737054447654e+01
branch0_seg10,6.8985507246376869e+00,5.6013795109865726e-02,5.6013722743585175e-02,1.0763176784010773e+02,1.0644111346462755e+02
branch0_seg10,7.0000000000000000e+00,6.1308942892973797e-02,6.1308876137172591e-02,1.1745157000916495e+02,1.1616182042589874e+02
branch0_seg11,0.0000000000000000e+00,6.1308876137172452e-02,6.1308811980669974e-02,1.1616182042589990e+02,1.1480139274474183e+02
branch0_seg11,1.0144927536232018e-01,6.5106477973117929e-02,6.5106550223164417e-02,1.1502439376521176e+02,1.1370143055177337e+02
branch0_seg11,2.0289855072464036e-01,7.0734881363088822e-02,7.0734494469871803e-02,1.4082184097111067e+02,1.3917683722788900e+02
branch0_seg11,3.0434782608695699e-01,7.4577458669737307e-02,7.4577938827932344e-02,1.2718894217763767e+02,1.2575820187918968e+02
branch0_seg11,4.0579710144927716e-01,7.7983025320623248e-02,7.7982433579791802e-02,1.4602562388675699e+02,1.4435263332621631e+02
branch0_seg11,5.0724637681159734e-01,8.0018971787822399e-02,8.0019535285373061e-02,1.3524530542702811e+02,1.3374129893718799e+02
branch0_seg11,6.0869565217391397e-01,8.0980763801218422e-02,8.0980296551531036e-02,1.4140512404320529e+02,1.3981404325293948e+02
branch0_seg11,7.1014492753623415e-01,8.0771982157430866e-02,8.0772396433709093e-02,1.3340810926211452e+02,1.3193465880834876e+02
branch0_seg11,8.1159420289855433e-01,7.9595737977111503e-02,7.9595486122830683e-02,1.3147435790824528e+02,1.3001083153637487e+02
branch0_seg11,9.1304347826087096e-01,7.7659126593797034e-02,7.7659366734488061e-02,1.2475084148587345e+02,1.2337463549309317e+02
branch0_seg11,1.0144927536231911e+00,7.5221160825056074e-02,7.5221063409607047e-02,1.1990361203654084e+02,1.1857187002188979e+02
branch0_seg11,1.1159420289855078e+00,7.2557282376299256e-02,7.2557401750451125e-02,1.1450315797154053e+02,1.1323383175654578e+02
branch0_seg11,1.2173913043478279e+00,6.9901519239268656e-02,6.9901495703892189e-02,1.1002140818692439e+02,1.0879358966798871e+02
branch0_seg11,1.3188405797101481e+00,6.7443853963182782e-02,6.7443906369730938e-02,1.0634248828897586e+02,1.0515316619564280e+02
branch0_seg11,1.4202898550724647e+00,6.5291702088107431e-02,6.5291703668552747e-02,1.0332620221593876e+02,1.0216386847326642e+02
branch0_seg11,1.5217391304347849e+00,6.3476110443195649e-02,6.3476132990287412e-02,1.0102177812483905e+02,9.9881892750255389e+01
branch0_seg11,1.6231884057971016e+00,6.1947763037874810e-02,6.1947773057114644e-02,9.8910144002091712e+01,9.7789862723765694e+01
branch0_seg11,1.7246376811594217e+00,6.0597944173181706e-02,6.0597960548507739e-02,9.6836006276197338e+01,9.5737167069680140e+01
branch0_seg11,1.8260869565217419e+00,5.9279879880852183e-02,5.9279898415290862e-02,9.4341363190303454e+01,9.3269269426551375e+01
branch0_seg11,1.9275362318840585e+00,5.7841318588247398e-02,5.7841341915686961e-02,9.1271345790142561e+01,9.0233761583442700e+01
branch0_seg11,2.0289855072463787e+00,5.6154361224711159e-02,5.6154390338525068e-02,8.7455526980504033e+01,8.6461267662322854e+01
branch0_seg11,2.1304347826086989e+00,5.4143037488337022e-02,5.4143070144534976e-02,8.2971639873581481e+01,8.2028466911125449e+01
branch0_seg11,2.2318840579710155e+00,5.1803239029430445e-02,5.1803274388245030e-02,7.8021983583609128e+01,7.7134820161707623e+01
branch0_seg11,2.3333333333333357e+00,4.9212121149754109e-02,4.9212155199777285e-02,7.2984059925498258e+01,7.2153218298504953e+01
branch0_seg11,2.4347826086956559e+00,4.6525782686563183e-02,4.6525812484709932e-02,6.8336984533626890e+01,6.7557040065889794e+01
branch0_seg11,2.5362318840579725e+00,4.3965482498801285e-02,4.3965503864701980e-02,6.4615106265516559e+01,6.3874350485837503e+01
branch0_seg11,2.6376811594202927e+00,4.1791418926025739e-02,4.1791428942486754e-02,6.2320162686990344e+01,6.1601115234669329e+01
branch0_seg11,2.7391304347826093e+00,4.0272016620615372e-02,4.0272012497346583e-02,6.1877541211067886e+01,6.1157890593417633e+01
branch0_seg11,2.8405797101449295e+00,3.9648790896055178e-02,3.9648771596651505e-02,6.3558374095039660e+01,6.2812966387902570e+01
branch0_seg11,2.9420289855072497e+00,4.0103340831265641e-02,4.0103306174311119e-02,6.7460192313454115e+01,6.6663210776909537e+01
branch0_seg11,3.0434782608695663e+00,4.1730045787163279e-02,4.1729997349704041e-02,7.3478499858683932e+01,7.2606067639215127e+01
branch0_seg11,3.1449275362318865e+00,4.4520301743186955e-02,4.4520241936845763e-02,8.1330923281967358e+01,8.0363318101335778e+01
branch0_seg11,3.2463768115942031e+00,4.8350763056875440e-02,4.8350696300753768e-02,9.0515552215491539e+01,8.9439911910897820e+01
branch0_seg11,3.3478260869565233e+00,5.2998607789776227e-02,5.2998537587625211e-02,1.0047196063561212e+02,9.9282661400398979e+01
branch0_seg11,3.4492753623188435e+00,5.8157822322685807e-02,5.8157754726616696e-02,1.1048517363630442e+02,1.0918542693149170e+02
branch0_seg11,3.5507246376811601e+00,6.3470533070302773e-02,6.3470471767179931e-02,1.1987334217643863e+02,1.1847412198237014e+02
branch0_seg11,3.6521739130434803e+00,6.8562907577999321e-02,6.8562857794195284e-02,1.2796200415824249e+02,1.2648146293705744e+02
branch0_seg11,3.7536231884058004e+00,7.3083773528948945e-02,7.3083737740883337e-02,1.3421424259370880e+02,1.3267549472638353e+02
branch0_seg11,3.8550724637681171e+00,7.6738333845989326e-02,7.6738314641225325e-02,1.3824024024405696e+02,1.3666941697611577e+02
branch0_seg11,3.9565217391304373e+00,7.9322332508093091e-02,7.9322329223901936e-02,1.3991718085414800e+02,1.3834018467913958e+02
branch0_seg11,4.0579710144927574e+00,8.0734301537254888e-02,8.0734313881852565e-02,1.3929059381069590e+02,1.3773156420785079e+02
branch0_seg11,4.1594202898550776e+00,8.0983696607800831e-02,8.0983720747791824e-02,1.3668138102155658e+02,1.3515981422454078e+02
branch0_seg11,4.2608695652173907e+00,8.0182075085640514e-02,8.0182108321674245e-02,1.3253587751730439e+02,1.3106585791373234e+02
branch0_seg11,4.3623188405797109e+00,7.8524090880301600e-02,7.8524128264653936e-02,1.2743119507260576e+02,1.2602029037094499e+02
branch0_seg11,4.4637681159420310e+00,7.6258699201053215e-02,7.6258737449010572e-02,1.2194286686800621e+02,1.2059260845988662e+02
branch0_seg11,4.5652173913043512e+00,7.3655079158162010e-02,7.3655114585076231e-02,1.1659338419016673e+02,1.1530003954998551e+02
branch0_seg11,4.6666666666666714e+00,7.0970198818525426e-02,7.0970229391748532e-02,1.1178733691970386e+02,1.1054335349745624e+02
branch0_seg11,4.7681159420289845e+00,6.8413782684007454e-02,6.8413807725380485e-02,1.0772827000259639e+02,1.0652457630389299e+02
branch0_seg11,4.8695652173913047e+00,6.6128846620989792e-02,6.6128865994820846e-02,1.0448072040040293e+02,1.0330813707115614e+02
branch0_seg11,4.9710144927536248e+00,6.4177681954883867e-02,6.4177697650801918e-02,1.0190387307171881e+02,1.0075540020175511e+02
branch0_seg11,5.0724637681159450e+00,6.2542356974387425e-02,6.2542370514631601e-02,9.9758127460422855e+01,9.8629834017750127e+01
branch0_seg11,5.1739130434782652e+00,6.1135878913766643e-02,6.1135893231264435e-02,9.7708542016103152e+01,9.6600529024475577e+01
branch0_seg11,5.2753623188405783e+00,5.9823723961562575e-02,5.9823740907863077e-02,9.5421730643102435e+01,9.4337873710836405e+01
branch0_seg11,5.3768115942028984e+00,5.8451773931631729e-02,5.8451795512080441e-02,9.2607689720798277e+01,9.1554999672862223e+01
branch0_seg11,5.4782608695652186e+00,5.6878823688118037e-02,5.6878850295879718e-02,8.9100951033184444e+01,8.8087965204312283e+01
branch0_seg11,5.5797101449275388e+00,5.5004705457970954e-02,5.5004736978355562e-02,8.4872162781505750e+01,8.3907361872344978e+01
branch0_seg11,5.6811594202898590e+00,5.2794263650786495e-02,5.2794298151206606e-02,8.0076142579756890e+01,7.9165794771263577e+01
branch0_seg11,5.7826086956521792e+00,5.0291090748463801e-02,5.0291125794491021e-02,7.5020907791921260e+01,7.4167405486391004e+01
branch0_seg11,5.8840579710144922e+00,4.7620126586912767e-02,4.7620158545073211e-02,7.0151548608518283e+01,6.9351895877375014e+01
branch0_seg11,5.9855072463768124e+00,4.4978508670453082e-02,4.4978533926302446e-02,6.5987882828205400e+01,6.5232946773166105e+01
branch0_seg11,6.0869565217391326e+00,4.2614189594476173e-02,4.2614204577073156e-02,6.3054273410053412e+01,6.2328821533357861e+01
branch0_seg11,6.1884057971014528e+00,4.0796262420221399e-02,4.0796264312035126e-02,6.1813069420286176e+01,6.1096592096534096e+01
branch0_seg11,6.2898550724637730e+00,3.9781468447407257e-02,3.9781455393753454e-02,6.2605949697922981e+01,6.1874180880695384e+01
branch0_seg11,6.3913043478260860e+00,3.9779539122390593e-02,3.9779510653744951e-02,6.5602595735566325e+01,6.4829702631919176e+01
branch0_seg11,6.4927536231884062e+00,4.0923177463434726e-02,4.0923134376596046e-02,7.0782874833872967e+01,6.9943875754632302e+01
branch0_seg11,6.5942028985507264e+00,4.3246753849350512e-02,4.3246698329069681e-02,7.7931547763285479e+01,7.7004793049807247e+01
branch0_seg11,6.6956521739130466e+00,4.6674892467574031e-02,4.6674827903845556e-02,8.6646017406025948e+01,8.5615497269962077e+01
branch0_seg11,6.7971014492753667e+00,5.1021940861522543e-02,5.1021871702853994e-02,9.6357737054447654e+01,9.5214976365555216e+01
branch0_seg11,6.8985507246376869e+00,5.6013722743585175e-02,5.6013653223969444e-02,1.0644111346462755e+02,1.0518546995601541e+02
branch0_seg11,7.0000000000000000e+00,6.1308876137172591e-02,6.1308811980670112e-02,1.1616182042589874e+02,1.1480139274474067e+02
branch0_seg12,0.0000000000000000e+00,6.1308811980669974e-02,6.1308750419076255e-02,1.1480139274474183e+02,1.1336248594059090e+02
branch0_seg12,1.0144927536232018e-01,6.5106550223164417e-02,6.5106619307290170e-02,1.1370143055177337e+02,1.1229873873409106e+02
branch0_seg12,2.0289855072464036e-01,7.0734494469871803e-02,7.0734123890551392e-02,1.3917683722788900e+02,1.3743886733029177e+02
branch0_seg12,3.0434782608695699e-01,7.4577938827932344e-02,7.4578398372722815e-02,1.2575820187918968e+02,1.2423842331015922e+02
branch0_seg12,4.0579710144927716e-01,7.7982433579791802e-02,7.7981867083003809e-02,1.4435263332621631e+02,1.4258136133165451e+02
branch0_seg12,5.0724637681159734e-01,8.0019535285373061e-02,8.0020074511888639e-02,1.3374129893718799e+02,1.3214249457048371e+02
branch0_seg12,6.0869565217391397e-01,8.0980296551531036e-02,8.0979849475774468e-02,1.3981404325293948e+02,1.3812532402261797e+02
branch0_seg12,7.1014492753623415e-01,8.0772396433709093e-02,8.0772792752659431e-02,1.3193465880834876e+02,1.3036684281612403e+02
branch0_seg12,8.1159420289855433e-01,7.9595486122830683e-02,7.9595245399403380e-02,1.3001083153637487e+02,1.2845439180210641e+02
branch0_seg12,9.1304347826087096e-01,7.7659366734488061e-02,7.7659596370775560e-02,1.2337463549309317e+02,1.2190903248842324e+02
branch0_seg12,1.0144927536231911e+00,7.5221063409607047e-02,7.5220970544123578e-02,1.1857187002188979e+02,1.1715391833596694e+02
branch0_seg12,1.1159420289855078e+00,7.2557401750451125e-02,7.2557515840197220e-02,1.1323383175654578e+02,1.1188163319747996e+02
branch0_seg12,1.2173913043478279e+00,6.9901495703892189e-02,6.9901473482036278e-02,1.0879358966798871e+02,1.0748600653064784e+02
branch0_seg12,1.3188405797101481e+00,6.7443906369730938e-02,6.7443956420172299e-02,1.0515316619564280e+02,1.0388666056793420e+02
branch0_seg12,1.4202898550724647e+00,6.5291703668552747e-02,6.5291705383357879e-02,1.0216386847326642e+02,1.0092660838861262e+02
branch0_seg12,1.5217391304347849e+00,6.3476132990287412e-02,6.3476154511088928e-02,9.9881892750255389e+01,9.8668836124088145e+01
branch0_seg12,1.6231884057971016e+00,6.1947773057114644e-02,6.1947782766419143e-02,9.7789862723765694e+01,9.6597999079258173e+01
branch0_seg12,1.7246376811594217e+00,6.0597960548507739e-02,6.0597976202667173e-02,9.5737167069680140e+01,9.4568212256302488e+01
branch0_seg12,1.8260869565217419e+00,5.9279898415290862e-02,5.9279916231775587e-02,9.3269269426551375e+01,9.2128707698997474e+01
branch0_seg12,1.9275362318840585e+00,5.7841341915686961e-02,5.7841364260373972e-02,9.0233761583442700e+01,8.9129641884876094e+01
branch0_seg12,2.0289855072463787e+00,5.6154390338525068e-02,5.6154418271459963e-02,8.6461267662322854e+01,8.5402840237145767e+01
branch0_seg12,2.1304347826086989e+00,5.4143070144534976e-02,5.4143101448604805e-02,8.2028466911125449e+01,8.1023920209289486e+01
branch0_seg12,2.2318840579710155e+00,5.1803274388245030e-02,5.1803308301770691e-02,7.7134820161707623e+01,7.6189432095467339e+01
branch0_seg12,2.3333333333333357e+00,4.9212155199777285e-02,4.9212187852315951e-02,7.2153218298504953e+01,7.1267460676971027e+01
branch0_seg12,2.4347826086956559e+00,4.6525812484709932e-02,4.6525841070134528e-02,6.7557040065889794e+01,6.6725379781201099e+01
branch0_seg12,2.5362318840579725e+00,4.3965503864701980e-02,4.3965524367138985e-02,6.3874350485837503e+01,6.3084642247368393e+01
branch0_seg12,2.6376811594202927e+00,4.1791428942486754e-02,4.1791438569763410e-02,6.1601115234669329e+01,6.0835108305601899e+01
branch0_seg12,2.7391304347826093e+00,4.0272012497346583e-02,4.0272008572041273e-02,6.1157890593417633e+01,6.0392193540371800e+01
branch0_seg12,2.8405797101449295e+00,3.9648771596651505e-02,3.9648753124758303e-02,6.2812966387902570e+01,6.2021112876395506e+01
branch0_seg12,2.9420289855072497e+00,4.0103306174311119e-02,4.0103272979127080e-02,6.6663210776909537e+01,6.5817941523357135e+01
branch0_seg12,3.0434782608695663e+00,4.1729997349704041e-02,4.1729950938683404e-02,7.2606067639215127e+01,7.1682063210840440e+01
branch0_seg12,3.1449275362318865e+00,4.4520241936845763e-02,4.4520184616868859e-02,8.0363318101335778e+01,7.9339542003512733e+01
branch0_seg12,3.2463768115942031e+00,4.8350696300753768e-02,4.8350632301611247e-02,8.9439911910897820e+01,8.8302466262488906e+01
branch0_seg12,3.3478260869565233e+00,5.2998537587625211e-02,5.2998470265407049e-02,9.9282661400398979e+01,9.8025237980810985e+01
branch0_seg12,3.4492753623188435e+00,5.8157754726616696e-02,5.8157689879771143e-02,1.0918542693149170e+02,1.0781100426985347e+02
branch0_seg12,3.5507246376811601e+00,6.3470471767179931e-02,6.3470412934269055e-02,1.1847412198237014e+02,1.1699389660958559e+02
branch0_seg12,3.6521739130434803e+00,6.8562857794195284e-02,6.8562809989595769e-02,1.2648146293705744e+02,1.2491426011277380e+02
branch0_seg12,3.7536231884058004e+00,7.3083737740883337e-02,7.3083703349062987e-02,1.3267549472638353e+02,1.3104547621800199e+02
branch0_seg12,3.8550724637681171e+00,7.6738314641225325e-02,7.6738296151013186e-02,1.3666941697611577e+02,1.3500404279700010e+02
branch0_seg12,3.9565217391304373e+00,7.9322329223901936e-02,7.9322326010600089e-02,1.3834018467913958e+02,1.3666681466758732e+02
branch0_seg12,4.0579710144927574e+00,8.0734313881852565e-02,8.0734325669952312e-02,1.3773156420785079e+02,1.3607580987862565e+02
branch0_seg12,4.1594202898550776e+00,8.0983720747791824e-02,8.0983743867200350e-02,1.3515981422454078e+02,1.3354250062710472e+02
branch0_seg12,4.2608695652173907e+00,8.0182108321674245e-02,8.0182140181775996e-02,1.3106585791373234e+02,1.2950216294504480e+02
branch0_seg12,4.3623188405797109e+00,7.8524128264653936e-02,7.8524164120606810e-02,1.2602029037094499e+02,1.2451855385125003e+02
branch0_seg12,4.4637681159420310e+00,7.6258737449010572e-02,7.6258774145185351e-02,1.2059260845988662e+02,1.1915479028010914e+02
branch0_seg12,4.5652173913043512e+00,7.3655114585076231e-02,7.3655148585053995e-02,1.1530003954998551e+02,1.1392250480932086e+02
branch0_seg12,4.6666666666666714e+00,7.0970229391748532e-02,7.0970258741027900e-02,1.1054335349745624e+02,1.0921836770118587e+02
branch0_seg12,4.7681159420289845e+00,6.8413807725380485e-02,6.8413831770260378e-02,1.0652457630389299e+02,1.0524270840704709e+02
branch0_seg12,4.8695652173913047e+00,6.6128865994820846e-02,6.6128884602514426e-02,1.0330813707115614e+02,1.0205975565475488e+02
branch0_seg12,4.9710144927536248e+00,6.4177697650801918e-02,6.4177712726489658e-02,1.0075540020175511e+02,9.9533081442416943e+01
branch0_seg12,5.0724637681159450e+00,6.2542370514631601e-02,6.2542383517608255e-02,9.8629834017750127e+01,9.7429328518192960e+01
branch0_seg12,5.1739130434782652e+00,6.1135893231264435e-02,6.1135906972770319e-02,9.6600529024475577e+01,9.5421796495875853e+01
branch0_seg12,5.2753623188405783e+00,5.9823740907863077e-02,5.9823757164769384e-02,9.4337873710836405e+01,9.3184847660675032e+01
branch0_seg12,5.3768115942028984e+00,5.8451795512080441e-02,5.8451816207932820e-02,9.1554999672862223e+01,9.0434939634993370e+01
branch0_seg12,5.4782608695652186e+00,5.6878850295879718e-02,5.6878875810338181e-02,8.8087965204312283e+01,8.7009791539248582e+01
branch0_seg12,5.5797101449275388e+00,5.5004736978355562e-02,5.5004767202667719e-02,8.3907361872344978e+01,8.2879997894683328e+01
branch0_seg12,5.6811594202898590e+00,5.2794298151206606e-02,5.2794331234816257e-02,7.9165794771263577e+01,7.8195905373148022e+01
branch0_seg12,5.7826086956521792e+00,5.0291125794491021e-02,5.0291159403860974e-02,7.4167405486391004e+01,7.3257633786792994e+01
branch0_seg12,5.8840579710144922e+00,4.7620158545073211e-02,4.7620189197905428e-02,6.9351895877375014e+01,6.8499255309785667e+01
branch0_seg12,5.9855072463768124e+00,4.4978533926302446e-02,4.4978558157328569e-02,6.5232946773166105e+01,6.4428005464776192e+01
branch0_seg12,6.0869565217391326e+00,4.2614204577073156e-02,4.2614218963317713e-02,6.2328821533357861e+01,6.1555711187215913e+01
branch0_seg12,6.1884057971014528e+00,4.0796264312035126e-02,4.0796266152031108e-02,6.1096592096534096e+01,6.0333843332950998e+01
branch0_seg12,6.2898550724637730e+00,3.9781455393753454e-02,3.9781442908863492e-02,6.1874180880695384e+01,6.1096298592083194e+01
branch0_seg12,6.3913043478260860e+00,3.9779510653744951e-02,3.9779483391642112e-02,6.4829702631919176e+01,6.4009450373258062e+01
branch0_seg12,6.4927536231884062e+00,4.0923134376596046e-02,4.0923093097714011e-02,6.9943875754632302e+01,6.9054812786463771e+01
branch0_seg12,6.5942028985507264e+00,4.3246698329069681e-02,4.3246645122695680e-02,7.7004793049807247e+01,7.6023888412778888e+01
branch0_seg12,6.6956521739130466e+00,4.6674827903845556e-02,4.6674766014087488e-02,8.5615497269962077e+01,8.4525572845268215e+01
branch0_seg12,6.7971014492753667e+00,5.1021871702853994e-02,5.1021805389008183e-02,9.5214976365555216e+01,9.4006725671708750e+01
branch0_seg12,6.8985507246376869e+00,5.6013653223969444e-02,5.6013586542832561e-02,1.0518546995601541e+02,1.0385782066752516e+02
branch0_seg12,7.0000000000000000e+00,6.1308811980670112e-02,6.1308750419076394e-02,1.1480139274474067e+02,1.1336248594058974e+02
branch0_seg13,0.0000000000000000e+00,6.1308750419076255e-02,6.1308691486207635e-02,1.1336248594059090e+02,1.1183797965085087e+02
branch0_seg13,1.0144927536232018e-01,6.5106619307290170e-02,6.5106685232374534e-02,1.1229873873409106e+02,1.1080916772589582e+02
branch0_seg13,2.0289855072464036e-01,7.0734123890551392e-02,7.0733769701177340e-02,1.3743886733029177e+02,1.3559981717200336e+02
branch0_seg13,3.0434782608695699e-01,7.4578398372722815e-02,7.4578837269415180e-02,1.2423842331015922e+02,1.2262192971924480e+02
branch0_seg13,4.0579710144927716e-01,7.7981867083003809e-02,7.7981325901686299e-02,1.4258136133165451e+02,1.4070346046170937e+02
branch0_seg13,5.0724637681159734e-01,8.0020074511888639e-02,8.0020589430549655e-02,1.3214249457048371e+02,1.3044091946901912e+02
branch0_seg13,6.0869565217391397e-01,8.0979849475774468e-02,8.0979422604240653e-02,1.3812532402261797e+02,1.3633076804237933e+02
branch0_seg13,7.1014492753623415e-01,8.0772792752659431e-02,8.0773171092581600e-02,1.3036684281612403e+02,1.2869675053408866e+02
branch0_seg13,8.1159420289855433e-01,7.9595245399403380e-02,7.9595015797772672e-02,1.2845439180210641e+02,1.2679718143345099e+02
branch0_seg13,9.1304347826087096e-01,7.7659596370775560e-02,7.7659815492787707e-02,1.2190903248842324e+02,1.2034642301639086e+02
branch0_seg13,1.0144927536231911e+00,7.5220970544123578e-02,7.5220882200341191e-02,1.1715391833596694e+02,1.1564231537703253e+02
branch0_seg13,1.1159420289855078e+00,7.2557515840197220e-02,7.2557624640936291e-02,1.1188163319747996e+02,1.1043933447840844e+02
branch0_seg13,1.2173913043478279e+00,6.9901473482036278e-02,6.9901452544353940e-02,1.0748600653064784e+02,1.0609160600540447e+02
branch0_seg13,1.3188405797101481e+00,6.7443956420172299e-02,6.7444004111916464e-02,1.0388666056793420e+02,1.0253608144519721e+02
branch0_seg13,1.4202898550724647e+00,6.5291705383357879e-02,6.5291707210607453e-02,1.0092660838861262e+02,9.9607665465271012e+01
branch0_seg13,1.5217391304347849e+00,6.3476154511088928e-02,6.3476175003512117e-02,9.8668836124088145e+01,9.7375964561281251e+01
branch0_seg13,1.6231884057971016e+00,6.1947782766419143e-02,6.1947792151227685e-02,9.6597999079258173e+01,9.5328009598030548e+01
branch0_seg13,1.7246376811594217e+00,6.0597976202667173e-02,6.0597991131967233e-02,9.4568212256302488e+01,9.3322697954870833e+01
branch0_seg13,1.8260869565217419e+00,5.9279916231775587e-02,5.9279933318555161e-02,9.2128707698997474e+01,9.0913347748813521e+01
branch0_seg13,1.9275362318840585e+00,5.7841364260373972e-02,5.7841385614381666e-02,8.9129641884876094e+01,8.7952795052612373e+01
branch0_seg13,2.0289855072463787e+00,5.6154418271459963e-02,5.6154445010014827e-02,8.5402840237145767e+01,8.4274225079385999e+01
branch0_seg13,2.1304347826086989e+00,5.4143101448604805e-02,5.4143131387250736e-02,8.1023920209289486e+01,7.9952186970295472e+01
branch0_seg13,2.2318840579710155e+00,5.1803308301770691e-02,5.1803340753459187e-02,7.6189432095467339e+01,7.5180243117292179e+01
branch0_seg13,2.3333333333333357e+00,4.9212187852315951e-02,4.9212219090904848e-02,7.1267460676971027e+01,7.0321464158041422e+01
branch0_seg13,2.4347826086956559e+00,4.6525841070134528e-02,4.6525868426279697e-02,6.6725379781201099e+01,6.5836931053885635e+01
branch0_seg13,2.5362318840579725e+00,4.3965524367138985e-02,4.3965543991951891e-02,6.3084642247368393e+01,6.2241130269089652e+01
branch0_seg13,2.6376811594202927e+00,4.1791438569763410e-02,4.1791447797209121e-02,6.0835108305601899e+01,6.0017454418316717e+01
branch0_seg13,2.7391304347826093e+00,4.0272008572041273e-02,4.0272004839391203e-02,6.0392193540371800e+01,5.9575840425077736e+01
branch0_seg13,2.8405797101449295e+00,3.9648753124758303e-02,3.9648735481423662e-02,6.2021112876395506e+01,6.1178173185909351e+01
branch0_seg13,2.9420289855072497e+00,4.0103272979127080e-02,4.0103241253929861e-02,6.5817941523357135e+01,6.4919592015823881e+01
branch0_seg13,3.0434782608695663e+00,4.1729950938683404e-02,4.1729906569580012e-02,7.1682063210840440e+01,7.0701421605994184e+01
branch0_seg13,3.1449275362318865e+00,4.4520184616868859e-02,4.4520129805560388e-02,7.9339542003512733e+01,7.8254153027360431e+01
branch0_seg13,3.2463768115942031e+00,4.8350632301611247e-02,4.8350571087370182e-02,8.8302466262488906e+01,8.7097322946555678e+01
branch0_seg13,3.3478260869565233e+00,5.2998470265407049e-02,5.2998405855096159e-02,9.8025237980810985e+01,9.6693312080396936e+01
branch0_seg13,3.4492753623188435e+00,5.8157689879771143e-02,5.8157627815957902e-02,1.0781100426985347e+02,1.0635504908716007e+02
branch0_seg13,3.5507246376811601e+00,6.3470412934269055e-02,6.3470356604936190e-02,1.1699389660958559e+02,1.1542537680777147e+02
branch0_seg13,3.6521739130434803e+00,6.8562809989595769e-02,6.8562764194690068e-02,1.2491426011277380e+02,1.2325274976386881e+02
branch0_seg13,3.7536231884058004e+00,7.3083703349062987e-02,7.3083670378989288e-02,1.3104547621800199e+02,1.2931627831290061e+02
branch0_seg13,3.8550724637681171e+00,7.6738296151013186e-02,7.6738278394176837e-02,1.3500404279700010e+02,1.3323604676553035e+02
branch0_seg13,3.9565217391304373e+00,7.9322326010600089e-02,7.9322322879418553e-02,1.3666681466758732e+02,1.3488893324511974e+02
branch0_seg13,4.0579710144927574e+00,8.0734325669952312e-02,8.0734336904919490e-02,1.3607580987862565e+02,1.3431521227348955e+02
branch0_seg13,4.1594202898550776e+00,8.0983743867200350e-02,8.0983765962151802e-02,1.3354250062710472e+02,1.3182141035703148e+02
branch0_seg13,4.2608695652173907e+00,8.0182140181775996e-02,8.0182170655993409e-02,1.2950216294504480e+02,1.2783690488437544e+02
branch0_seg13,4.3623188405797109e+00,7.8524164120606810e-02,7.8524198433808617e-02,1.2451855385125003e+02,1.2291827569591129e+02
branch0_seg13,4.4637681159420310e+00,7.6258774145185351e-02,7.6258809272666594e-02,1.1915479028010914e+02,1.1762189957817638e+02
branch0_seg13,4.5652173913043512e+00,7.3655148585053995e-02,7.3655181140388756e-02,1.1392250480932086e+02,1.1245346758440159e+02
branch0_seg13,4.6666666666666714e+00,7.0970258741027900e-02,7.0970286849407857e-02,1.0921836770118587e+02,1.0780525687061055e+02
branch0_seg13,4.7681159420289845e+00,6.8413831770260378e-02,6.8413854803396942e-02,1.0524270840704709e+02,1.0387571352847394e+02
branch0_seg13,4.8695652173913047e+00,6.6128884602514426e-02,6.6128902431124639e-02,1.0205975565475488e+02,1.0072876787149094e+02
branch0_seg13,4.9710144927536248e+00,6.4177712726489658e-02,6.4177727171181101e-02,9.9533081442416943e+01,9.8230229393362535e+01
branch0_seg13,5.0724637681159450e+00,6.2542383517608255e-02,6.2542395974297074e-02,9.7429328518192960e+01,9.6150027322483169e+01
branch0_seg13,5.1739130434782652e+00,6.1135906972770319e-02,6.1135920130117261e-02,9.5421796495875853e+01,9.4165859101868065e+01
branch0_seg13,5.2753623188405783e+00,5.9823757164769384e-02,5.9823772723991510e-02,9.3184847660675032e+01,9.1956273382764508e+01
branch0_seg13,5.3768115942028984e+00,5.8451816207932820e-02,5.8451836009794228e-02,9.0434939634993370e+01,8.9241257772087323e+01
branch0_seg13,5.4782608695652186e+00,5.6878875810338181e-02,5.6878900220284134e-02,8.7009791539248582e+01,8.5860335949700101e+01
branch0_seg13,5.5797101449275388e+00,5.5004767202667719e-02,5.5004796117544122e-02,8.2879997894683328e+01,8.1784169652212810e+01
branch0_seg13,5.6811594202898590e+00,5.2794331234816257e-02,5.2794362886280970e-02,7.8195905373148022e+01,7.7160798693431417e+01
branch0_seg13,5.7826086956521792e+00,5.0291159403860974e-02,5.0291191559963068e-02,7.3257633786792994e+01,7.2286165537462338e+01
branch0_seg13,5.8840579710144922e+00,4.7620189197905428e-02,4.7620218528687072e-02,6.8499255309785667e+01,6.7588454104391261e+01
branch0_seg13,5.9855072463768124e+00,4.4978558157328569e-02,4.4978581348209014e-02,6.4428005464776192e+01,6.3568122638241178e+01
branch0_seg13,6.0869565217391326e+00,4.2614218963317713e-02,4.2614232740923880e-02,6.1555711187215913e+01,6.0730196899861198e+01
branch0_seg13,6.1884057971014528e+00,4.0796266152031108e-02,4.0796267932564474e-02,6.0333843332950998e+01,5.9520193761165189e+01
branch0_seg13,6.2898550724637730e+00,3.9781442908863492e-02,3.9781430991071981e-02,6.1096298592083194e+01,6.0267689204718238e+01
branch0_seg13,6.3913043478260860e+00,3.9779483391642112e-02,3.9779457341325673e-02,6.4009450373258062e+01,6.3137123418401686e+01
branch0_seg13,6.4927536231884062e+00,4.0923093097714011e-02,4.0923053639325975e-02,6.9054812786463771e+01,6.8110745904711351e+01
branch0_seg13,6.5942028985507264e+00,4.3246645122695680e-02,4.3246594249842424e-02,7.6023888412778888e+01,7.4983556697901037e+01
branch0_seg13,6.6956521739130466e+00,4.6674766014087488e-02,4.6674706824120539e-02,8.4525572845268215e+01,8.3370541943385930e+01
branch0_seg13,6.7971014492753667e+00,5.1021805389008183e-02,5.1021741950516293e-02,9.4006725671708750e+01,9.2726806576964023e+01
branch0_seg13,6.8985507246376869e+00,5.6013586542832561e-02,5.6013522733536526e-02,1.0385782066752516e+02,1.0245150050158081e+02
branch0_seg13,7.0000000000000000e+00,6.1308750419076394e-02,6.1308691486207774e-02,1.1336248594058974e+02,1.1183797965084972e+02
branch0_seg14,0.0000000000000000e+00,6.1308691486207642e-02,6.1308635142622241e-02,1.1183797965085087e+02,1.1022027338830482e+02
branch0_seg14,1.0144927536232018e-01,6.5106685232374548e-02,6.5106748088869154e-02,1.1080916772589582e+02,1.0922472138627604e+02
branch0_seg14,2.0289855072464036e-01,7.0733769701177340e-02,7.0733431533422791e-02,1.3559981717200336e+02,1.3365057637370097e+02
branch0_seg14,3.0434782608695699e-01,7.4578837269415180e-02,7.4579256036409608e-02,1.2262192971924480e+02,1.2089942013837640e+02
branch0_seg14,4.0579710144927716e-01,7.7981325901686299e-02,7.7980809426975606e-02,1.4070346046170937e+02,1.3870887501219590e+02
branch0_seg14,5.0724637681159734e-01,8.0020589430549655e-02,8.0021080652917589e-02,1.3044091946901912e+02,1.2862647776554368e+02
branch0_seg14,6.0869565217391397e-01,8.0979422604240653e-02,8.0979015430325735e-02,1.3633076804237933e+02,1.3442004507693218e+02
branch0_seg14,7.1014492753623415e-01,8.0773171092581600e-02,8.0773531907405646e-02,1.2869675053408866e+02,1.2691423045011450e+02
branch0_seg14,8.1159420289855433e-01,7.9595015797772672e-02,7.9594797020010377e-02,1.2679718143345099e+02,1.2502922321243081e+02
branch0_seg14,9.1304347826087096e-01,7.7659815492787707e-02,7.7660024365297203e-02,1.2034642301639086e+02,1.1867719073707110e+02
branch0_seg14,1.0144927536231911e+00,7.5220882200341191e-02,7.5220798238796002e-02,1.1564231537703253e+02,1.1402782033260580e+02
branch0_seg14,1.1159420289855078e+00,7.2557624640936291e-02,7.2557728283796544e-02,1.1043933447840844e+02,1.0889810837597643e+02
branch0_seg14,1.2173913043478279e+00,6.9901452544353940e-02,6.9901432835115879e-02,1.0609160600540447e+02,1.0460194723398247e+02
branch0_seg14,1.3188405797101481e+00,6.7444004111916464e-02,6.7444049501465583e-02,1.0253608144519721e+02,1.0109333583855241e+02
branch0_seg14,1.4202898550724647e+00,6.5291707210607453e-02,6.5291709130669090e-02,9.9607665465271012e+01,9.8199241986321837e+01
branch0_seg14,1.5217391304347849e+00,6.3476175003512117e-02,6.3476194490660720e-02,9.7375964561281251e+01,9.5995724187394103e+01
branch0_seg14,1.6231884057971016e+00,6.1947792151227685e-02,6.1947801208763989e-02,9.5328009598030548e+01,9.3972546199386727e+01
branch0_seg14,1.7246376811594217e+00,6.0597991131967233e-02,6.0598005351126014e-02,9.3322697954870833e+01,9.1993461258452896e+01
branch0_seg14,1.8260869565217419e+00,5.9279933318555161e-02,5.9279949685290947e-02,9.0913347748813521e+01,8.9616214704613853e+01
branch0_seg14,1.9275362318840585e+00,5.7841385614381666e-02,5.7841405996351923e-02,8.7952795052612373e+01,8.6696457034656319e+01
branch0_seg14,2.0289855072463787e+00,5.6154445010014827e-02,5.6154470574143793e-02,8.4274225079385999e+01,8.3068907537600538e+01
branch0_seg14,2.1304347826086989e+00,5.4143131387250736e-02,5.4143159984538794e-02,7.9952186970295472e+01,7.8807046409458607e+01
branch0_seg14,2.2318840579710155e+00,5.1803340753459187e-02,5.1803371767333788e-02,7.5180243117292179e+01,7.4101365958155483e+01
branch0_seg14,2.3333333333333357e+00,4.9212219090904848e-02,4.9212248938089509e-02,7.0321464158041422e+01,6.9309698380027498e+01
branch0_seg14,2.4347826086956559e+00,4.6525868426279697e-02,4.6525894570767071e-02,6.5836931053885635e+01,6.4886518093209531e+01
branch0_seg14,2.5362318840579725e+00,4.3965543991951891e-02,4.3965562749459154e-02,6.2241130269089652e+01,6.1338959022068927e+01
branch0_seg14,2.6376811594202927e+00,4.1791447797209121e-02,4.1791456625635541e-02,6.0017454418316717e+01,5.9143550347859069e+01
branch0_seg14,2.7391304347826093e+00,4.0272004839391203e-02,4.0272001289286624e-02,5.9575840425077736e+01,5.8704380686679457e+01
branch0_seg14,2.8405797101449295e+00,3.9648735481423662e-02,3.9648718645449881e-02,6.1178173185909351e+01,6.0279723957646709e+01
branch0_seg14,2.9420289855072497e+00,4.0103241253929861e-02,4.0103210967035494e-02,6.4919592015823881e+01,6.3963622815589090e+01
branch0_seg14,3.0434782608695663e+00,4.1729906569580012e-02,4.1729864202155319e-02,7.0701421605994184e+01,6.9659336073259169e+01
branch0_seg14,3.1449275362318865e+00,4.4520129805560388e-02,4.4520077456496956e-02,7.8254153027360431e+01,7.7101928314906075e+01
branch0_seg14,3.2463768115942031e+00,4.8350571087370182e-02,4.8350512609338973e-02,8.7097322946555678e+01,8.5818709584277059e+01
branch0_seg14,3.3478260869565233e+00,5.2998405855096159e-02,5.2998344308227391e-02,9.6693312080396936e+01,9.5280454002241967e+01
branch0_seg14,3.4492753623188435e+00,5.8157627815957902e-02,5.8157568491692062e-02,1.0635504908716007e+02,1.0481040502863344e+02
branch0_seg14,3.5507246376811601e+00,6.3470356604936190e-02,6.3470302742617529e-02,1.1542537680777147e+02,1.1376065708423363e+02
branch0_seg14,3.6521739130434803e+00,6.8562764194690068e-02,6.8562720383357478e-02,1.2325274976386881e+02,1.2148830808781345e+02
branch0_seg14,3.7536231884058004e+00,7.3083670378989288e-02,7.3083638815645863e-02,1.2931627831290061e+02,1.2747864272538416e+02
branch0_seg14,3.8550724637681171e+00,7.6738278394176837e-02,7.6738261368005323e-02,1.3323604676553035e+02,1.3135566722448695e+02
branch0_seg14,3.9565217391304373e+00,7.9322322879418553e-02,7.9322319838206881e-02,1.3488893324511974e+02,1.3299643952426788e+02
branch0_seg14,4.0579710144927574e+00,8.0734336904919490e-02,8.0734347604512743e-02,1.3431521227348955e+02,1.3243951225172469e+02
branch0_seg14,4.1594202898550776e+00,8.0983765962151802e-02,8.0983787056527590e-02,1.3182141035703148e+02,1.2998630305270007e+02
branch0_seg14,4.2608695652173907e+00,8.0182170655993409e-02,8.0182199772413296e-02,1.2783690488437544e+02,1.2606001791338058e+02
branch0_seg14,4.3623188405797109e+00,7.8524198433808617e-02,7.8524231232591751e-02,1.2291827569591129e+02,1.2120968464628612e+02
branch0_seg14,4.4637681159420310e+00,7.6258809272666594e-02,7.6258842858149725e-02,1.1762189957817638e+02,1.1598453674338730e+02
branch0_seg14,4.5652173913043512e+00,7.3655181140388756e-02,7.3655212273720891e-02,1.1245346758440159e+02,1.1088393323775706e+02
branch0_seg14,4.6666666666666714e+00,7.0970286849407857e-02,7.0970313734720722e-02,1.0780525687061055e+02,1.0629542598868402e+02
branch0_seg14,4.7681159420289845e+00,6.8413854803396942e-02,6.8413876838015877e-02,1.0387571352847394e+02,1.0241536306406948e+02
branch0_seg14,4.8695652173913047e+00,6.6128902431124639e-02,6.6128919489719926e-02,1.0072876787149094e+02,9.9307261880273458e+01
branch0_seg14,4.9710144927536248e+00,6.4177727171181101e-02,6.4177740991951823e-02,9.8230229393362535e+01,9.6839196351573662e+01
branch0_seg14,5.0724637681159450e+00,6.2542395974297074e-02,6.2542407891085436e-02,9.6150027322483169e+01,9.4784501968788845e+01
branch0_seg14,5.1739130434782652e+00,6.1135920130117261e-02,6.1135932711472038e-02,9.4165859101868065e+01,9.2825479418293739e+01
branch0_seg14,5.2753623188405783e+00,5.9823772723991510e-02,5.9823787596613096e-02,9.1956273382764508e+01,9.0645097587808067e+01
branch0_seg14,5.3768115942028984e+00,5.8451836009794228e-02,5.8451854932975417e-02,8.9241257772087323e+01,8.7967100106234568e+01
branch0_seg14,5.4782608695652186e+00,5.6878900220284134e-02,5.6878923544989080e-02,8.5860335949700101e+01,8.4632976769868165e+01
branch0_seg14,5.5797101449275388e+00,5.5004796117544122e-02,5.5004823745742469e-02,8.1784169652212810e+01,8.0613531169097683e+01
branch0_seg14,5.6811594202898590e+00,5.2794362886280970e-02,5.2794393129810185e-02,7.7160798693431417e+01,7.6054447425539578e+01
branch0_seg14,5.7826086956521792e+00,5.0291191559963068e-02,5.0291222286362562e-02,7.2286165537462338e+01,7.1247323433528010e+01
branch0_seg14,5.8840579710144922e+00,4.7620218528687072e-02,4.7620246557335759e-02,6.7588454104391261e+01,6.6614174070941885e+01
branch0_seg14,5.9855072463768124e+00,4.4978581348209014e-02,4.4978603512573857e-02,6.3568122638241178e+01,6.2648318438024958e+01
branch0_seg14,6.0869565217391326e+00,4.2614232740923880e-02,4.2614245914763836e-02,6.0730196899861198e+01,5.9847582853272698e+01
branch0_seg14,6.1884057971014528e+00,4.0796267932564474e-02,4.0796269648106231e-02,5.9520193761165189e+01,5.8651144398393441e+01
branch0_seg14,6.2898550724637730e+00,3.9781430991071981e-02,3.9781419623647452e-02,6.0267689204718238e+01,5.9383934755274737e+01
branch0_seg14,6.3913043478260860e+00,3.9779457341325673e-02,3.9779432475250939e-02,6.3137123418401686e+01,6.2208247722474560e+01
branch0_seg14,6.4927536231884062e+00,4.0923053639325975e-02,4.0923015964389395e-02,6.8110745904711351e+01,6.7106995724553499e+01
branch0_seg14,6.5942028985507264e+00,4.3246594249842424e-02,4.3246545666294281e-02,7.4983556697901037e+01,7.3878762127670782e+01
branch0_seg14,6.6956521739130466e+00,4.6674706824120539e-02,4.6674650285624751e-02,8.3370541943385930e+01,8.2144870988272700e+01
branch0_seg14,6.7971014492753667e+00,5.1021741950516293e-02,5.1021681338611340e-02,9.2726806576964023e+01,9.1369068400511196e+01
branch0_seg14,6.8985507246376869e+00,5.6013522733536519e-02,5.6013461749877320e-02,1.0245150050158081e+02,1.0095965500272430e+02
branch0_seg14,7.0000000000000000e+00,6.1308691486207781e-02,6.1308635142622379e-02,1.1183797965084972e+02,1.1022027338830371e+02
branch0_seg15,0.0000000000000000e+00,6.1308635142622241e-02,6.1308581290670169e-02,1.1022027338830482e+02,1.0850710380529608e+02
branch0_seg15,1.0144927536232018e-01,6.5106748088869154e-02,6.5106808027606655e-02,1.0922472138627604e+02,1.0754310503454565e+02
branch0_seg15,2.0289855072464036e-01,7.0733431533422791e-02,7.0733108682169449e-02,1.3365057637370097e+02,1.3158872145097527e+02
branch0_seg15,3.0434782608695699e-01,7.4579256036409608e-02,7.4579655602861658e-02,1.2089942013837640e+02,1.1906850522671121e+02
branch0_seg15,4.0579710144927716e-01,7.7980809426975606e-02,7.7980316540019134e-02,1.3870887501219590e+02,1.3659514811593110e+02
branch0_seg15,5.0724637681159734e-01,8.0021080652917589e-02,8.0021549272391412e-02,1.2862647776554368e+02,1.2669674742728414e+02
branch0_seg15,6.0869565217391397e-01,8.0979015430325735e-02,8.0978627047652837e-02,1.3442004507693218e+02,1.3239071795191362e+02
branch0_seg15,7.1014492753623415e-01,8.0773531907405646e-02,8.0773876005035952e-02,1.2691423045011450e+02,1.2501686791890234e+02
branch0_seg15,8.1159420289855433e-01,7.9594797020010377e-02,7.9594588555503110e-02,1.2502922321243081e+02,1.2314811242090151e+02
branch0_seg15,9.1304347826087096e-01,7.7660024365297203e-02,7.7660223458278929e-02,1.1867719073707110e+02,1.1689894993456464e+02
branch0_seg15,1.0144927536231911e+00,7.5220798238796002e-02,7.5220718440450071e-02,1.1402782033260580e+02,1.1230807044776172e+02
branch0_seg15,1.1159420289855078e+00,7.2557728283796544e-02,7.2557827002083172e-02,1.0889810837597643e+02,1.0725561611423781e+02
branch0_seg15,1.2173913043478279e+00,6.9901432835115879e-02,6.9901414281780830e-02,1.0460194723398247e+02,1.0301472089243902e+02
branch0_seg15,1.3188405797101481e+00,6.7444049501465583e-02,6.7444092690343363e-02,1.0109333583855241e+02,9.9556141302860851e+01
branch0_seg15,1.4202898550724647e+00,6.5291709130669090e-02,6.5291711127581128e-02,9.8199241986321837e+01,9.6699083307846067e+01
branch0_seg15,1.5217391304347849e+00,6.3476194490660720e-02,6.3476213015151023e-02,9.5995724187394103e+01,9.4525884127819481e+01
branch0_seg15,1.6231884057971016e+00,6.1947801208763989e-02,6.1947809946291392e-02,9.3972546199386727e+01,9.2529400897250554e+01
branch0_seg15,1.7246376811594217e+00,6.0598005351126014e-02,6.0598018889232712e-02,9.1993461258452896e+01,9.0578315937226265e+01
branch0_seg15,1.8260869565217419e+00,5.9279949685290947e-02,5.9279965358617126e-02,8.9616214704613853e+01,8.8235146519191886e+01
branch0_seg15,1.9275362318840585e+00,5.7841405996351923e-02,5.7841425445605658e-02,8.6696457034656319e+01,8.5358494516805820e+01
branch0_seg15,2.0289855072463787e+00,5.6154470574143793e-02,5.6154495009935350e-02,8.3068907537600538e+01,8.1784790425080885e+01
branch0_seg15,2.1304347826086989e+00,5.4143159984538794e-02,5.4143187293659738e-02,7.8807046409458607e+01,7.7586446536739146e+01
branch0_seg15,2.2318840579710155e+00,5.1803371767333795e-02,5.1803401399140567e-02,7.4101365958155483e+01,7.2950803493462828e+01
branch0_seg15,2.3333333333333357e+00,4.9212248938089502e-02,4.9212277446996876e-02,6.9309698380027498e+01,6.8230229544647813e+01
branch0_seg15,2.4347826086956559e+00,4.6525894570767078e-02,4.6525919548166796e-02,6.4886518093209531e+01,6.3872275292153425e+01
branch0_seg15,2.5362318840579725e+00,4.3965562749459147e-02,4.3965580669506371e-02,6.1338959022068927e+01,6.0376329791969006e+01
branch0_seg15,2.6376811594202927e+00,4.1791456625635534e-02,4.1791465065386030e-02,5.9143550347859069e+01,5.8211654507653073e+01
branch0_seg15,2.7391304347826093e+00,4.0272001289286631e-02,4.0271997908626705e-02,5.8704380686679457e+01,5.7776110472284707e+01
branch0_seg15,2.8405797101449295e+00,3.9648718645449874e-02,3.9648702579161740e-02,6.0279723957646709e+01,5.9324070783464123e+01
branch0_seg15,2.9420289855072497e+00,4.0103210967035501e-02,4.0103182056565746e-02,6.3963622815589090e+01,6.2948314769742517e+01
branch0_seg15,3.0434782608695663e+00,4.1729864202155312e-02,4.1729823753571683e-02,6.9659336073259169e+01,6.8554027567429543e+01
branch0_seg15,3.1449275362318865e+00,4.4520077456496963e-02,4.4520027470303723e-02,7.7101928314906075e+01,7.5880998601396072e+01
branch0_seg15,3.2463768115942031e+00,4.8350512609338960e-02,4.8350456759342728e-02,8.5818709584277059e+01,8.4464646725409636e+01
branch0_seg15,3.3478260869565233e+00,5.2998344308227398e-02,5.2998285513405026e-02,9.5280454002241967e+01,9.3784567395338470e+01
branch0_seg15,3.4492753623188435e+00,5.8157568491692062e-02,5.8157511802444162e-02,1.0481040502863344e+02,1.0317486587890538e+02
branch0_seg15,3.5507246376811601e+00,6.3470302742617529e-02,6.3470251254957435e-02,1.1376065708423363e+02,1.1199743923841709e+02
branch0_seg15,3.6521739130434803e+00,6.8562720383357478e-02,6.8562678483662889e-02,1.2148830808781345e+02,1.1961856896484142e+02
branch0_seg15,3.7536231884058004e+00,7.3083638815645863e-02,7.3083608610565412e-02,1.2747864272538416e+02,1.2553016029522057e+02
branch0_seg15,3.8550724637681171e+00,7.6738261368005323e-02,7.6738245051147402e-02,1.3135566722448695e+02,1.2936047343428055e+02
branch0_seg15,3.9565217391304373e+00,7.9322319838206895e-02,7.9322316890583153e-02,1.3299643952426788e+02,1.3098689678143035e+02
branch0_seg15,4.0579710144927574e+00,8.0734347604512743e-02,8.0734357796489173e-02,1.3243951225172469e+02,1.3044627701774934e+02
branch0_seg15,4.1594202898550776e+00,8.0983787056527590e-02,8.0983807195125171e-02,1.2998630305270007e+02,1.2803475548447258e+02
branch0_seg15,4.2608695652173907e+00,8.0182199772413296e-02,8.0182227588521074e-02,1.2606001791338058e+02,1.2416909205078410e+02
branch0_seg15,4.3623188405797109e+00,7.8524231232591751e-02,7.8524262578751808e-02,1.2120968464628612e+02,1.1939038734120822e+02
branch0_seg15,4.4637681159420310e+00,7.6258842858149725e-02,7.6258874962830028e-02,1.1598453674338730e+02,1.1424032882491005e+02
branch0_seg15,4.5652173913043512e+00,7.3655212273720891e-02,7.3655242039874239e-02,1.1088393323775706e+02,1.0921155305418480e+02
branch0_seg15,4.6666666666666714e+00,7.0970313734720722e-02,7.0970339442751482e-02,1.0629542598868402e+02,1.0468655344862864e+02
branch0_seg15,4.7681159420289845e+00,6.8413876838015877e-02,6.8413897910376970e-02,1.0241536306406948e+02,1.0085936373422227e+02
branch0_seg15,4.8695652173913047e+00,6.6128919489719926e-02,6.6128935805306766e-02,9.9307261880273458e+01,9.7792971940098624e+01
branch0_seg15,4.9710144927536248e+00,6.4177740991951823e-02,6.4177754210427179e-02,9.6839196351573662e+01,9.5357742033878736e+01
branch0_seg15,5.0724637681159450e+00,6.2542407891085436e-02,6.2542419286869919e-02,9.4784501968788845e+01,9.3330535310865457e+01
branch0_seg15,5.1739130434782652e+00,6.1135932711472038e-02,6.1135944738061686e-02,9.2825479418293739e+01,9.1398462239375021e+01
branch0_seg15,5.2753623188405783e+00,5.9823787596613096e-02,5.9823801809010591e-02,9.0645097587808067e+01,8.9249147951372706e+01
branch0_seg15,5.3768115942028984e+00,5.8451854932975417e-02,5.8451873012121347e-02,8.7967100106234568e+01,8.6610320849361457e+01
branch0_seg15,5.4782608695652186e+00,5.6878923544989080e-02,5.6878945827508347e-02,8.4632976769868165e+01,8.3325601059787346e+01
branch0_seg15,5.5797101449275388e+00,5.5004823745742469e-02,5.5004850138187303e-02,8.0613531169097683e+01,7.9366010847580938e+01
branch0_seg15,5.6811594202898590e+00,5.2794393129810185e-02,5.2794422020496036e-02,7.6054447425539578e+01,7.4874830928834172e+01
branch0_seg15,5.7826086956521792e+00,5.0291222286362562e-02,5.0291251638076184e-02,7.1247323433528010e+01,7.0139146994656315e+01
branch0_seg15,5.8840579710144922e+00,4.7620246557335759e-02,4.7620273332581044e-02,6.6614174070941885e+01,6.5574521534698917e+01
branch0_seg15,5.9855072463768124e+00,4.4978603512573857e-02,4.4978624687006925e-02,6.2648318438024958e+01,6.1666767520979199e+01
branch0_seg15,6.0869565217391326e+00,4.2614245914763836e-02,4.2614258503622562e-02,5.9847582853272698e+01,5.8906105945853014e+01
branch0_seg15,6.1884057971014528e+00,4.0796269648106231e-02,4.0796271295467632e-02,5.8651144398393441e+01,5.7724978954894674e+01
branch0_seg15,6.2898550724637730e+00,3.9781419623647452e-02,3.9781408778939598e-02,5.9383934755274737e+01,5.8443340869481297e+01
branch0_seg15,6.3913043478260860e+00,3.9779432475250939e-02,3.9779408741215112e-02,6.2208247722474560e+01,6.1221118543930707e+01
branch0_seg15,6.4927536231884062e+00,4.0923015964389395e-02,4.0922979998094529e-02,6.7106995724553499e+01,6.6041811692709160e+01
branch0_seg15,6.5942028985507264e+00,4.3246545666294281e-02,4.3246499278804980e-02,7.3878762127670782e+01,7.2707675356985874e+01
branch0_seg15,6.6956521739130466e+00,4.6674650285624751e-02,4.6674596292903284e-02,8.2144870988272700e+01,8.0846627060511423e+01
branch0_seg15,6.7971014492753667e+00,5.1021681338611340e-02,5.1021623442678098e-02,9.1369068400511196e+01,8.9931462391204875e+01
branch0_seg15,6.8985507246376869e+00,5.6013461749877320e-02,5.6013403483077588e-02,1.0095965500272430e+02,9.9380121123498611e+01
branch0_seg15,7.0000000000000000e+00,6.1308635142622379e-02,6.1308581290670308e-02,1.1022027338830371e+02,1.0850710380529497e+02
branch0_seg16,0.0000000000000000e+00,6.1308581290670169e-02,6.1308530019672805e-02,1.0850710380529608e+02,1.0668166312731434e+02
branch0_seg16,1.0144927536232018e-01,6.5106808027606655e-02,6.5106865002405409e-02,1.0754310503454565e+02,1.0574683611152709e+02
branch0_seg16,2.0289855072464036e-01,7.0733108682169449e-02,7.0732801532311693e-02,1.3158872145097527e+02,1.2939419141847418e+02
branch0_seg16,3.0434782608695699e-01,7.4579655602861658e-02,7.4580035563524397e-02,1.1906850522671121e+02,1.1710912315188723e+02
branch0_seg16,4.0579710144927716e-01,7.7980316540019134e-02,7.7979847776533731e-02,1.3659514811593110e+02,1.3434043847135916e+02
branch0_seg16,5.0724637681159734e-01,8.0021549272391412e-02,8.0021994815807573e-02,1.2669674742728414e+02,1.2463009319053320e+02
branch0_seg16,6.0869565217391397e-01,8.0978627047652837e-02,8.0978257850297067e-02,1.3239071795191362e+02,1.3022057851664047e+02
branch0_seg16,7.1014492753623415e-01,8.0773876005035952e-02,8.0774203040832507e-02,1.2501686791890234e+02,1.2298297622947265e+02
branch0_seg16,8.1159420289855433e-01,7.9594588555503110e-02,7.9594390589223296e-02,1.2314811242090151e+02,1.2113249429882438e+02
branch0_seg16,9.1304347826087096e-01,7.7660223458278929e-02,7.7660412572137183e-02,1.1689894993456464e+02,1.1499114989664291e+02
branch0_seg16,1.0144927536231911e+00,7.5220718440450071e-02,7.5220642850121422e-02,1.1230807044776172e+02,1.1046327364181069e+02
branch0_seg16,1.1159420289855078e+00,7.2557827002083172e-02,7.2557920694720959e-02,1.0725561611423781e+02,1.0549292745953885e+02
branch0_seg16,1.2173913043478279e+00,6.9901414281780830e-02,6.9901396870847149e-02,1.0301472089243902e+02,1.0131177450301600e+02
branch0_seg16,1.3188405797101481e+00,6.7444092690343363e-02,6.7444133632132433e-02,9.9556141302860851e+01,9.7907050254657648e+01
branch0_seg16,1.4202898550724647e+00,6.5291711127581128e-02,6.5291713176434729e-02,9.6699083307846067e+01,9.5090331477935820e+01
branch0_seg16,1.5217391304347849e+00,6.3476213015151023e-02,6.3476230555228108e-02,9.4525884127819481e+01,9.2950075000102714e+01
branch0_seg16,1.6231884057971016e+00,6.1947809946291392e-02,6.1947818340246937e-02,9.2529400897250554e+01,9.0982618086513426e+01
branch0_seg16,1.7246376811594217e+00,6.0598018889232712e-02,6.0598031728301770e-02,9.0578315937226265e+01,8.9061685375443091e+01
branch0_seg16,1.8260869565217419e+00,5.9279965358617126e-02,5.9279980311173694e-02,8.8235146519191886e+01,8.6754959720898952e+01
branch0_seg16,1.9275362318840585e+00,5.7841425445605658e-02,5.7841443934430192e-02,8.5358494516805820e+01,8.3924172473595547e+01
branch0_seg16,2.0289855072463787e+00,5.6154495009935350e-02,5.6154518279540190e-02,8.1784790425080885e+01,8.0407673899075832e+01
branch0_seg16,2.1304347826086989e+00,5.4143187293659738e-02,5.4143213273765825e-02,7.7586446536739146e+01,7.6276819119690060e+01
branch0_seg16,2.2318840579710155e+00,5.1803401399140567e-02,5.1803429602527873e-02,7.2950803493462828e+01,7.1715702651833311e+01
branch0_seg16,2.3333333333333357e+00,4.9212277446996876e-02,4.9212304572177283e-02,6.8230229544647813e+01,6.7070966000976171e+01
branch0_seg16,2.4347826086956559e+00,4.6525919548166796e-02,4.6525943316344687e-02,6.3872275292153425e+01,6.2782861626685644e+01
branch0_seg16,2.5362318840579725e+00,4.3965580669506371e-02,4.3965597719145308e-02,6.0376329791969006e+01,5.9342571025054845e+01
branch0_seg16,2.6376811594202927e+00,4.1791465065386030e-02,4.1791473096346114e-02,5.8211654507653073e+01,5.7211610258728612e+01
branch0_seg16,2.7391304347826093e+00,4.0271997908626705e-02,4.0271994694281256e-02,5.7776110472284707e+01,5.6781164638435349e+01
branch0_seg16,2.8405797101449295e+00,3.9648702579161740e-02,3.9648687298419236e-02,5.9324070783464123e+01,5.8301361813376957e+01
branch0_seg16,2.9420289855072497e+00,4.0103182056565746e-02,4.0103154558433891e-02,6.2948314769742517e+01,6.1863515384182598e+01
branch0_seg16,3.0434782608695663e+00,4.1729823753571683e-02,4.1729785278756287e-02,6.8554027567429543e+01,6.7374717170501810e+01
branch0_seg16,3.1449275362318865e+00,4.4520027470303723e-02,4.4519979918638319e-02,7.5880998601396072e+01,7.4579645439285557e+01
branch0_seg16,3.2463768115942031e+00,4.8350456759342728e-02,4.8350403621084531e-02,8.4464646725409636e+01,8.3022205826291014e+01
branch0_seg16,3.3478260869565233e+00,5.2998285513405026e-02,5.2998229561951320e-02,9.3784567395338470e+01,9.2191305909838533e+01
branch0_seg16,3.4492753623188435e+00,5.8157511802444162e-02,5.8157457839985514e-02,1.0317486587890538e+02,1.0143254870676154e+02
branch0_seg16,3.5507246376811601e+00,6.3470251254957435e-02,6.3470202228675138e-02,1.1199743923841709e+02,1.1011828646214451e+02
branch0_seg16,3.6521739130434803e+00,6.8562678483662889e-02,6.8562638570341547e-02,1.1961856896484142e+02,1.1762463501755440e+02
branch0_seg16,3.7536231884058004e+00,7.3083608610565412e-02,7.3083579822002517e-02,1.2553016029522057e+02,1.2345067095487779e+02
branch0_seg16,3.8550724637681171e+00,7.6738245051147402e-02,7.6738229481257941e-02,1.2936047343428055e+02,1.2722933009733634e+02
branch0_seg16,3.9565217391304373e+00,7.9322316890583153e-02,7.9322314052908613e-02,1.3098689678143035e+02,1.2883853958790280e+02
branch0_seg16,4.0579710144927574e+00,8.0734357796489173e-02,8.0734367475729221e-02,1.3044627701774934e+02,1.2831348194734156e+02
branch0_seg16,4.1594202898550776e+00,8.0983807195125171e-02,8.0983826354994709e-02,1.2803475548447258e+02,1.2594483878168846e+02
branch0_seg16,4.2608695652173907e+00,8.0182227588521074e-02,8.0182254066996694e-02,1.2416909205078410e+02,1.2214260126930543e+02
branch0_seg16,4.3623188405797109e+00,7.8524262578751808e-02,7.8524292426437811e-02,1.1939038734120822e+02,1.1743949232185643e+02
branch0_seg16,4.4637681159420310e+00,7.6258874962830028e-02,7.6258905537081298e-02,1.1424032882491005e+02,1.1236916324207138e+02
branch0_seg16,4.5652173913043512e+00,7.3655242039874239e-02,7.3655270390427935e-02,1.0921155305418480e+02,1.0741704973598542e+02
branch0_seg16,4.6666666666666714e+00,7.0970339442751482e-02,7.0970363929706043e-02,1.0468655344862864e+02,1.0296017688140492e+02
branch0_seg16,4.7681159420289845e+00,6.8413897910376970e-02,6.8413917982996064e-02,1.0085936373422227e+02,9.9189993998161398e+01
branch0_seg16,4.8695652173913047e+00,6.6128935805306766e-02,6.6128951347519685e-02,9.7792971940098624e+01,9.6168812347984669e+01
branch0_seg16,4.9710144927536248e+00,6.4177754210427179e-02,6.4177766801697636e-02,9.5357742033878736e+01,9.3769309049056346e+01
branch0_seg16,5.0724637681159450e+00,6.2542419286869919e-02,6.2542430140505409e-02,9.3330535310865457e+01,9.1772009481267816e+01
branch0_seg16,5.1739130434782652e+00,6.1135944738061686e-02,6.1135956189202673e-02,9.1398462239375021e+01,8.9869077524000673e+01
branch0_seg16,5.2753623188405783e+00,5.9823801809010591e-02,5.9823815338383553e-02,8.9249147951372706e+01,8.7753076021264121e+01
branch0_seg16,5.3768115942028984e+00,5.8451873012121347e-02,5.8451890219613500e-02,8.6610320849361457e+01,8.5155993018374460e+01
branch0_seg16,5.4782608695652186e+00,5.6878945827508347e-02,5.6878967034265010e-02,8.3325601059787346e+01,8.1923779027848724e+01
branch0_seg16,5.5797101449275388e+00,5.5004850138187303e-02,5.5004875255029249e-02,7.9366010847580938e+01,7.8027771460540137e+01
branch0_seg16,5.6811594202898590e+00,5.2794422020496036e-02,5.2794449513918144e-02,7.4874830928834172e+01,7.3608796181968216e+01
branch0_seg16,5.7826086956521792e+00,5.0291251638076184e-02,5.0291279568796018e-02,7.0139146994656315e+01,6.8949231672013212e+01
branch0_seg16,5.8840579710144922e+00,4.7620273332581044e-02,4.7620298810378679e-02,6.5574521534698917e+01,6.4457854888447912e+01
branch0_seg16,5.9855072463768124e+00,4.4978624687006925e-02,4.4978644834252034e-02,6.1666767520979199e+01,6.0612539792946478e+01
branch0_seg16,6.0869565217391326e+00,4.2614258503622562e-02,4.2614270481658695e-02,5.8906105945853014e+01,5.7895422779585410e+01
branch0_seg16,6.1884057971014528e+00,4.0796271295467638e-02,4.0796272864217512e-02,5.7724978954894674e+01,5.6731744267627548e+01
branch0_seg16,6.2898550724637730e+00,3.9781408778939598e-02,3.9781398464881657e-02,5.8443340869481297e+01,5.7436086638184300e+01
branch0_seg16,6.3913043478260860e+00,3.9779408741215112e-02,3.9779386166949274e-02,6.1221118543930707e+01,6.0165745253299619e+01
branch0_seg16,6.4927536231884062e+00,4.0922979998094529e-02,4.0922945787837027e-02,6.6041811692709160e+01,6.4904709454005115e+01
branch0_seg16,6.5942028985507264e+00,4.3246499278804980e-02,4.3246455152574491e-02,7.2707675356985874e+01,7.1458997108086152e+01
branch0_seg16,6.6956521739130466e+00,4.6674596292903284e-02,4.6674544925446967e-02,8.0846627060511423e+01,7.9463404146996368e+01
branch0_seg16,6.7971014492753667e+00,5.1021623442678098e-02,5.1021568351444870e-02,8.9931462391204875e+01,8.8400240626061247e+01
branch0_seg16,6.8985507246376869e+00,5.6013403483077588e-02,5.6013348025733517e-02,9.9380121123498611e+01,9.7697650635703425e+01
branch0_seg16,7.0000000000000000e+00,6.1308581290670308e-02,6.1308530019672937e-02,1.0850710380529497e+02,1.0668166312731324e+02
branch0_seg17,0.0000000000000000e+00,6.1308530019672805e-02,6.1308481243556923e-02,1.0668166312731434e+02,1.0474169736532487e+02
branch0_seg17,1.0144927536232018e-01,6.5106865002405409e-02,6.5106919151966841e-02,1.0574683611152709e+02,1.0383381364639781e+02
branch0_seg17,2.0289855072464036e-01,7.0732801532311693e-02,7.0732509445630878e-02,1.2939419141847418e+02,1.2706489812884932e+02
branch0_seg17,3.0434782608695699e-01,7.4580035563524397e-02,7.4580396765148826e-02,1.1710912315188723e+02,1.1501951861731482e+02
branch0_seg17,4.0579710144927716e-01,7.7979847776533731e-02,7.7979402119801658e-02,1.3434043847135916e+02,1.3194302120702787e+02
branch0_seg17,5.0724637681159734e-01,8.0021994815807573e-02,8.0022418279055679e-02,1.2463009319053320e+02,1.2242501858163264e+02
branch0_seg17,6.0869565217391397e-01,8.0978257850297067e-02,8.0977907013417186e-02,1.3022057851664047e+02,1.2790814015156325e+02
branch0_seg17,7.1014492753623415e-01,8.0774203040832507e-02,8.0774513749880233e-02,1.2298297622947265e+02,1.2081112529425421e+02
branch0_seg17,8.1159420289855433e-01,7.9594390589223296e-02,7.9594202655691809e-02,1.2113249429882438e+02,1.1898087989622900e+02
branch0_seg17,9.1304347826087096e-01,7.7660412572137183e-02,7.7660592133508677e-02,1.1499114989664291e+02,1.1295223809141117e+02
branch0_seg17,1.0144927536231911e+00,7.5220642850121422e-02,7.5220571267325648e-02,1.1046327364181069e+02,1.0849177693278443e+02
branch0_seg17,1.1159420289855078e+00,7.2557920694720959e-02,7.2558009572573703e-02,1.0549292745953885e+02,1.0360829069726262e+02
branch0_seg17,1.2173913043478279e+00,6.9901396870847149e-02,6.9901380535164273e-02,1.0131177450301600e+02,9.9491263476941583e+01
branch0_seg17,1.3188405797101481e+00,6.7444133632132433e-02,6.7444172417896547e-02,9.7907050254657648e+01,9.6144138150235861e+01
branch0_seg17,1.4202898550724647e+00,6.5291713176434729e-02,6.5291715261824659e-02,9.5090331477935820e+01,9.3370999172916370e+01
branch0_seg17,1.5217391304347849e+00,6.3476230555228108e-02,6.3476247148699927e-02,9.2950075000102714e+01,9.1266260328016273e+01
branch0_seg17,1.6231884057971016e+00,6.1947818340246937e-02,6.1947826396604018e-02,9.0982618086513426e+01,8.9330125928793663e+01
branch0_seg17,1.7246376811594217e+00,6.0598031728301770e-02,6.0598043894055507e-02,8.9061685375443091e+01,8.7441471641051592e+01
branch0_seg17,1.8260869565217419e+00,5.9279980311173694e-02,5.9279994566556964e-02,8.6754959720898952e+01,8.5173538065467412e+01
branch0_seg17,1.9275362318840585e+00,5.7841443934430192e-02,5.7841461497762862e-02,8.3924172473595547e+01,8.2391361183972563e+01
branch0_seg17,2.0289855072463787e+00,5.6154518279540190e-02,5.6154540423958878e-02,8.0407673899075832e+01,7.8935418811533623e+01
branch0_seg17,2.1304347826086989e+00,5.4143213273765825e-02,5.4143237972068319e-02,7.6276819119690060e+01,7.4876019598191903e+01
branch0_seg17,2.2318840579710155e+00,5.1803429602527873e-02,5.1803456426877788e-02,7.1715702651833311e+01,7.0393918940952915e+01
branch0_seg17,2.3333333333333357e+00,4.9212304572177283e-02,4.9212330360469785e-02,6.7070966000976171e+01,6.5829770487453203e+01
branch0_seg17,2.4347826086956559e+00,4.6525943316344687e-02,4.6525965914338746e-02,6.2782861626685644e+01,6.1616154541708319e+01
branch0_seg17,2.5362318840579725e+00,4.3965597719145308e-02,4.3965613924114889e-02,5.9342571025054845e+01,5.8235579659418889e+01
branch0_seg17,2.6376811594202927e+00,4.1791473096346114e-02,4.1791480726791508e-02,5.7211610258728612e+01,5.6141332412101086e+01
branch0_seg17,2.7391304347826093e+00,4.0271994694281256e-02,4.0271991633629642e-02,5.6781164638435349e+01,5.5717465064428794e+01
branch0_seg17,2.8405797101449295e+00,3.9648687298419236e-02,3.9648672768824694e-02,5.8301361813376957e+01,5.7209506311888703e+01
branch0_seg17,2.9420289855072497e+00,4.0103154558433891e-02,4.0103128416887047e-02,6.1863515384182598e+01,6.0707096995904365e+01
branch0_seg17,3.0434782608695663e+00,4.1729785278756287e-02,4.1729748703574834e-02,6.7374717170501810e+01,6.6119219261272548e+01
branch0_seg17,3.1449275362318865e+00,4.4519979918638319e-02,4.4519934712950841e-02,7.4579645439285557e+01,7.3195616642564431e+01
branch0_seg17,3.2463768115942031e+00,4.8350403621084531e-02,4.8350353098508499e-02,8.3022205826291014e+01,8.1489079743319920e+01
branch0_seg17,3.3478260869565233e+00,5.2998229561951320e-02,5.2998176355201418e-02,9.2191305909838533e+01,9.0498340829372410e+01
branch0_seg17,3.4492753623188435e+00,5.8157457839985514e-02,5.8157406512013524e-02,1.0143254870676154e+02,9.9581154487832123e+01
branch0_seg17,3.5507246376811601e+00,6.3470202228675138e-02,6.3470155582453835e-02,1.1011828646214451e+02,1.0812098737536238e+02
branch0_seg17,3.6521739130434803e+00,6.8562638570341547e-02,6.8562600580386129e-02,1.1762463501755440e+02,1.1550443353580333e+02
branch0_seg17,3.7536231884058004e+00,7.3083579822002517e-02,7.3083552407890870e-02,1.2345067095487779e+02,1.2123827158367551e+02
branch0_seg17,3.8550724637681171e+00,7.6738229481257941e-02,7.6738214640436772e-02,1.2722933009733634e+02,1.2496050664398804e+02
branch0_seg17,3.9565217391304373e+00,7.9322314052908613e-02,7.9322311329450973e-02,1.2883853958790280e+02,1.2654978403339209e+02
branch0_seg17,4.0579710144927574e+00,8.0734367475729221e-02,8.0734376667908725e-02,1.2831348194734156e+02,1.2603964211657734e+02
branch0_seg17,4.1594202898550776e+00,8.0983826354994709e-02,8.0983844576795541e-02,1.2594483878168846e+02,1.2371510842975836e+02
branch0_seg17,4.2608695652173907e+00,8.0182254066996694e-02,8.0182279259589637e-02,1.2214260126930543e+02,1.1997908480695513e+02
branch0_seg17,4.3623188405797109e+00,7.8524292426437811e-02,7.8524320830960115e-02,1.1743949232185643e+02,1.1535547754279342e+02
branch0_seg17,4.4637681159420310e+00,7.6258905537081298e-02,7.6258934635419218e-02,1.1236916324207138e+02,1.1036942868939961e+02
branch0_seg17,4.5652173913043512e+00,7.3655270390427935e-02,7.3655297373972306e-02,1.0741704973598542e+02,1.0549871195826975e+02
branch0_seg17,4.6666666666666714e+00,7.0970363929706043e-02,7.0970387235938528e-02,1.0296017688140492e+02,1.0111448792722125e+02
branch0_seg17,4.7681159420289845e+00,6.8413917982996064e-02,6.8413937087641999e-02,9.9189993998161398e+01,9.7405360195316320e+01
branch0_seg17,4.8695652173913047e+00,6.6128951347519685e-02,6.6128966139851059e-02,9.6168812347984669e+01,9.4432819424616852e+01
branch0_seg17,4.9710144927536248e+00,6.4177766801697636e-02,6.4177778784523243e-02,9.3769309049056346e+01,9.2071879311130488e+01
branch0_seg17,5.0724637681159450e+00,6.2542430140505409e-02,6.2542440468411883e-02,9.1772009481267816e+01,9.0106865697153182e+01
branch0_seg17,5.1739130434782652e+00,6.1135956189202673e-02,6.1135967083523576e-02,8.9869077524000673e+01,8.8235236952017388e+01
branch0_seg17,5.2753623188405783e+00,5.9823815338383553e-02,5.9823828208056734e-02,8.7753076021264121e+01,8.6154772299040729e+01
branch0_seg17,5.3768115942028984e+00,5.8451890219613500e-02,5.8451906586227904e-02,8.5155993018374460e+01,8.3601991878675463e+01
branch0_seg17,5.4782608695652186e+00,5.6878967034265010e-02,5.6878987203543500e-02,8.1923779027848724e+01,8.0425374920128291e+01
branch0_seg17,5.5797101449275388e+00,5.5004875255029249e-02,5.5004899141521957e-02,7.8027771460540137e+01,7.6596670096763191e+01
branch0_seg17,5.6811594202898590e+00,5.2794449513918144e-02,5.2794475658922431e-02,7.3608796181968216e+01,7.2254197885276227e+01
branch0_seg17,5.7826086956521792e+00,5.0291279568796018e-02,5.0291306127135962e-02,6.8949231672013212e+01,6.7675436317229725e+01
branch0_seg17,5.8840579710144922e+00,4.7620298810378679e-02,4.7620323033542446e-02,6.4457854888447912e+01,6.3262044763027305e+01
branch0_seg17,5.9855072463768124e+00,4.4978644834252034e-02,4.4978663986119743e-02,6.0612539792946478e+01,5.9483523993254138e+01
branch0_seg17,6.0869565217391326e+00,4.2614270481658695e-02,4.2614281864693605e-02,5.7895422779585410e+01,5.6813441622008988e+01
branch0_seg17,6.1884057971014528e+00,4.0796272864217512e-02,4.0796274350557514e-02,5.6731744267627548e+01,5.5669361259040350e+01
branch0_seg17,6.2898550724637730e+00,3.9781398464881657e-02,3.9781388655945667e-02,5.7436086638184300e+01,5.6360089288244033e+01
branch0_seg17,6.3913043478260860e+00,3.9779386166949274e-02,3.9779364705225452e-02,6.0165745253299619e+01,5.9040018184237624e+01
branch0_seg17,6.4927536231884062e+00,4.0922945787837027e-02,4.0922913266508515e-02,6.4904709454005115e+01,6.3693528967149227e+01
branch0_seg17,6.5942028985507264e+00,4.3246455152574491e-02,4.3246413204383043e-02,7.1458997108086152e+01,7.0130502240746608e+01
branch0_seg17,6.6956521739130466e+00,4.6674544925446967e-02,4.6674496089270281e-02,7.9463404146996368e+01,7.7992914658782766e+01
branch0_seg17,6.7971014492753667e+00,5.1021568351444870e-02,5.1021515966849416e-02,8.8400240626061247e+01,8.6773077865207753e+01
branch0_seg17,6.8985507246376869e+00,5.6013348025733517e-02,5.6013295281656265e-02,9.7697650635703425e+01,9.5909925455846704e+01
branch0_seg17,7.0000000000000000e+00,6.1308530019672937e-02,6.1308481243557054e-02,1.0668166312731324e+02,1.0474169736532379e+02
branch0_seg18,0.0000000000000000e+00,6.1308481243556923e-02,6.1308434924877080e-02,1.0474169736532487e+02,1.0267487780236858e+02
branch0_seg18,1.0144927536232018e-01,6.5106919151966841e-02,6.5106970568243827e-02,1.0383381364639781e+02,1.0179090035033144e+02
branch0_seg18,2.0289855072464036e-01,7.0732509445630878e-02,7.0732232055576244e-02,1.2706489812884932e+02,1.2458584897049819e+02
branch0_seg18,3.0434782608695699e-01,7.4580396765148826e-02,7.4580739728562537e-02,1.1501951861731482e+02,1.1278409182960250e+02
branch0_seg18,4.0579710144927716e-01,7.7979402119801658e-02,7.7978978961468687e-02,1.3194302120702787e+02,1.2938604621751580e+02
branch0_seg18,5.0724637681159734e-01,8.0022418279055679e-02,8.0022820274541717e-02,1.2242501858163264e+02,1.2006441113869519e+02
branch0_seg18,6.0869565217391397e-01,8.0977907013417186e-02,8.0977574031678948e-02,1.2790814015156325e+02,1.2543590795465374e+02
branch0_seg18,7.1014492753623415e-01,8.0774513749880233e-02,8.0774808583848320e-02,1.2081112529425421e+02,1.1848405676258550e+02
branch0_seg18,8.1159420289855433e-01,7.9594202655691809e-02,7.9594024459273882e-02,1.1898087989622900e+02,1.1667634539214963e+02
branch0_seg18,9.1304347826087096e-01,7.7660592133508677e-02,7.7660762402918609e-02,1.1295223809141117e+02,1.1076592559978923e+02
branch0_seg18,1.0144927536231911e+00,7.5220571267325648e-02,7.5220503555028323e-02,1.0849177693278443e+02,1.0637799066394855e+02
branch0_seg18,1.1159420289855078e+00,7.2558009572573703e-02,7.2558093762364995e-02,1.0360829069726262e+02,1.0158687616103778e+02
branch0_seg18,1.2173913043478279e+00,6.9901380535164273e-02,6.9901365220895448e-02,9.9491263476941583e+01,9.7539077071221357e+01
branch0_seg18,1.3188405797101481e+00,6.7444172417896547e-02,6.7444209100711916e-02,9.6144138150235861e+01,9.4253940834299570e+01
branch0_seg18,1.4202898550724647e+00,6.5291715261824659e-02,6.5291717365326574e-02,9.3370999172916370e+01,9.1528171893889862e+01
branch0_seg18,1.5217391304347849e+00,6.3476247148699927e-02,6.3476262816455353e-02,9.1266260328016273e+01,8.9461979037869838e+01
branch0_seg18,1.6231884057971016e+00,6.1947826396604018e-02,6.1947834113211191e-02,8.9330125928793663e+01,8.7559843002375189e+01
branch0_seg18,1.7246376811594217e+00,6.0598043894055507e-02,6.0598055399881876e-02,8.7441471641051592e+01,8.5705930672110910e+01
branch0_seg18,1.8260869565217419e+00,5.9279994566556964e-02,5.9280008134556611e-02,8.5173538065467412e+01,8.3479473806221705e+01
branch0_seg18,1.9275362318840585e+00,5.7841461497762862e-02,5.7841478153308881e-02,8.2391361183972563e+01,8.0749024619081951e+01
branch0_seg18,2.0289855072463787e+00,5.6154540423958878e-02,5.6154561462810323e-02,7.8935418811533623e+01,7.7357424893121248e+01
branch0_seg18,2.1304347826086989e+00,5.4143237972068319e-02,5.4143261411726408e-02,7.4876019598191903e+01,7.3373959065771786e+01
branch0_seg18,2.2318840579710155e+00,5.1803456426877788e-02,5.1803481895504287e-02,7.0393918940952915e+01,6.8975942792986459e+01
branch0_seg18,2.3333333333333357e+00,4.9212330360469785e-02,4.9212354833454687e-02,6.5829770487453203e+01,6.4497753073505407e+01
branch0_seg18,2.4347826086956559e+00,4.6525965914338746e-02,4.6525987358917269e-02,6.1616154541708319e+01,6.0363880142576562e+01
branch0_seg18,2.5362318840579725e+00,4.3965613924114889e-02,4.3965629293876610e-02,5.8235579659418889e+01,5.7047640236707373e+01
branch0_seg18,2.6376811594202927e+00,4.1791480726791508e-02,4.1791487956867227e-02,5.6141332412101086e+01,5.4993550316441706e+01
branch0_seg18,2.7391304347826093e+00,4.0271991633629635e-02,4.0271988716095046e-02,5.5717465064428794e+01,5.4578020269565798e+01
branch0_seg18,2.8405797101449295e+00,3.9648672768824701e-02,3.9648658969019999e-02,5.7209506311888703e+01,5.6041583775908983e+01
branch0_seg18,2.9420289855072497e+00,4.0103128416887041e-02,4.0103103600420367e-02,6.0707096995904365e+01,5.9471971143611341e+01
branch0_seg18,3.0434782608695663e+00,4.1729748703574827e-02,4.1729713988355982e-02,6.6119219261272548e+01,6.4780021415210129e+01
branch0_seg18,3.1449275362318865e+00,4.4519934712950841e-02,4.4519891807781854e-02,7.3195616642564431e+01,7.1720717163597087e+01
branch0_seg18,3.2463768115942031e+00,4.8350353098508499e-02,4.8350305144269932e-02,8.1489079743319920e+01,7.9856148800980165e+01
branch0_seg18,3.3478260869565233e+00,5.2998176355201418e-02,5.2998125846365284e-02,9.0498340829372410e+01,8.8695420556031067e+01
branch0_seg18,3.4492753623188435e+00,5.8157406512013524e-02,5.8157357776956783e-02,9.9581154487832123e+01,9.7609151201048277e+01
branch0_seg18,3.5507246376811601e+00,6.3470155582453835e-02,6.3470111281753852e-02,1.0812098737536238e+02,1.0599266006099482e+02
branch0_seg18,3.6521739130434803e+00,6.8562600580386129e-02,6.8562564489655781e-02,1.1550443353580333e+02,1.1324375948322397e+02
branch0_seg18,3.7536231884058004e+00,7.3083552407890870e-02,7.3083526354995168e-02,1.2123827158367551e+02,1.1887756267411579e+02
branch0_seg18,3.8550724637681171e+00,7.6738214640436772e-02,7.6738200527405320e-02,1.2496050664398804e+02,1.2253763318114976e+02
branch0_seg18,3.9565217391304373e+00,7.9322311329450973e-02,7.9322308729045707e-02,1.2654978403339209e+02,1.2410358545480992e+02
branch0_seg18,4.0579710144927574e+00,8.0734376667908725e-02,8.0734385391267774e-02,1.2603964211657734e+02,1.2360737379004080e+02
branch0_seg18,4.1594202898550776e+00,8.0983844576795541e-02,8.0983861884398281e-02,1.2371510842975836e+02,1.2132817694723916e+02
branch0_seg18,4.2608695652173907e+00,8.0182279259589637e-02,8.0182303193938473e-02,1.1997908480695513e+02,1.1766145028226640e+02
branch0_seg18,4.3623188405797109e+00,7.8524320830960115e-02,7.8524347819871110e-02,1.1535547754279342e+02,1.1312177855554435e+02
branch0_seg18,4.4637681159420310e+00,7.6258934635419218e-02,7.6258962283540566e-02,1.1036942868939961e+02,1.0822523996034866e+02
branch0_seg18,4.5652173913043512e+00,7.3655297373972306e-02,7.3655323012058627e-02,1.0549871195826975e+02,1.0344140145050031e+02
branch0_seg18,4.6666666666666714e+00,7.0970387235938528e-02,7.0970409378199178e-02,1.0111448792722125e+02,9.9135089063767637e+01
branch0_seg18,4.7681159420289845e+00,6.8413937087641999e-02,6.8413955236550819e-02,9.7405360195316320e+01,9.5491745793488505e+01
branch0_seg18,4.8695652173913047e+00,6.6128966139851059e-02,6.6128980190509876e-02,9.4432819424616852e+01,9.2571866341662087e+01
branch0_seg18,4.9710144927536248e+00,6.4177778784523243e-02,6.4177790165268214e-02,9.2071879311130488e+01,9.0252817431220279e+01
branch0_seg18,5.0724637681159450e+00,6.2542440468411883e-02,6.2542450276390854e-02,9.0106865697153182e+01,8.8322874744503878e+01
branch0_seg18,5.1739130434782652e+00,6.1135967083523576e-02,6.1135977428691875e-02,8.8235236952017388e+01,8.6485061374224827e+01
branch0_seg18,5.2753623188405783e+00,5.9823828208056734e-02,5.9823840428645518e-02,8.6154772299040729e+01,8.4442689486467444e+01
branch0_seg18,5.3768115942028984e+00,5.8451906586227904e-02,5.8451922126778487e-02,8.3601991878675463e+01,8.1937123367827240e+01
branch0_seg18,5.4782608695652186e+00,5.6878987203543500e-02,5.6879006354043408e-02,8.0425374920128291e+01,7.8819601809880865e+01
branch0_seg18,5.5797101449275388e+00,5.5004899141521957e-02,5.5004921819743889e-02,7.6596670096763191e+01,7.5062400157520017e+01
branch0_seg18,5.6811594202898590e+00,5.2794475658922431e-02,5.2794500478931458e-02,7.2254197885276227e+01,7.0801283289387470e+01
branch0_seg18,5.7826086956521792e+00,5.0291306127135962e-02,5.0291331335789342e-02,6.7675436317229725e+01,6.6308615886580299e+01
branch0_seg18,5.8840579710144922e+00,4.7620323033542446e-02,4.7620346021086703e-02,6.3262044763027305e+01,6.1978569725507754e+01
branch0_seg18,5.9855072463768124e+00,4.4978663986119743e-02,4.4978682155372027e-02,5.9483523993254138e+01,5.8271787455787575e+01
branch0_seg18,6.0869565217391326e+00,4.2614281864693605e-02,4.2614292656847901e-02,5.6813441622008988e+01,5.5652727590739602e+01
branch0_seg18,6.1884057971014528e+00,4.0796274350557514e-02,4.0796275748399738e-02,5.5669361259040350e+01,5.4530747552463957e+01
branch0_seg18,6.2898550724637730e+00,3.9781388655945667e-02,3.9781379335108322e-02,5.6360089288244033e+01,5.5208426756712356e+01
branch0_seg18,6.3913043478260860e+00,3.9779364705225452e-02,3.9779344328533237e-02,5.9040018184237624e+01,5.7836947649488877e+01
branch0_seg18,6.4927536231884062e+00,4.0922913266508515e-02,4.0922882397472819e-02,6.3693528967149227e+01,6.2400962142623975e+01
branch0_seg18,6.5942028985507264e+00,4.3246413204383043e-02,4.3246373390816703e-02,7.0130502240746608e+01,6.8714304885942170e+01
branch0_seg18,6.6956521739130466e+00,4.6674496089270281e-02,4.6674449737248415e-02,7.7992914658782766e+01,7.6426443461700458e+01
branch0_seg18,6.7971014492753667e+00,5.1021515966849416e-02,5.1021466241674945e-02,8.6773077865207753e+01,8.5040206131964467e+01
branch0_seg18,6.8985507246376869e+00,5.6013295281656258e-02,5.6013245206471350e-02,9.5909925455846704e+01,9.4005949105625646e+01
branch0_seg18,7.0000000000000000e+00,6.1308481243557054e-02,6.1308434924877218e-02,1.0474169736532379e+02,1.0267487780236752e+02
branch0_seg19,0.0000000000000000e+00,6.1308434924877080e-02,6.1308391024467113e-02,1.0267487780236858e+02,1.0047560242793188e+02
branch0_seg19,1.0144927536232018e-01,6.5106970568243827e-02,6.5107019339435482e-02,1.0179090035033144e+02,9.9612621580298580e+01
branch0_seg19,2.0289855072464036e-01,7.0732232055576244e-02,7.0731969000280517e-02,1.2458584897049819e+02,1.2195113699002016e+02
branch0_seg19,3.0434782608695699e-01,7.4580739728562537e-02,7.4581064960458132e-02,1.1278409182960250e+02,1.1039745049413261e+02
branch0_seg19,4.0579710144927716e-01,7.7978978961468687e-02,7.7978577705721627e-02,1.2938604621751580e+02,1.2666384244338123e+02
branch0_seg19,5.0724637681159734e-01,8.0022820274541717e-02,8.0023201398465221e-02,1.2006441113869519e+02,1.1754298883463944e+02
branch0_seg19,6.0869565217391397e-01,8.0977574031678948e-02,8.0977258412320716e-02,1.2543590795465374e+02,1.2279850519475762e+02
branch0_seg19,7.1014492753623415e-01,8.0774808583848320e-02,8.0775087983112406e-02,1.1848405676258550e+02,1.1599657996122656e+02
branch0_seg19,8.1159420289855433e-01,7.9594024459273882e-02,7.9593855713478198e-02,1.1667634539214963e+02,1.1421366737988147e+02
branch0_seg19,9.1304347826087096e-01,7.7660762402918609e-02,7.7660923635233428e-02,1.1076592559978923e+02,1.0842704260459092e+02
branch0_seg19,1.0144927536231911e+00,7.5220503555028323e-02,7.5220439581956164e-02,1.0637799066394855e+02,1.0411672593413830e+02
branch0_seg19,1.1159420289855078e+00,7.2558093762364995e-02,7.2558173388792044e-02,1.0158687616103778e+02,9.9423500195122486e+01
branch0_seg19,1.2173913043478279e+00,6.9901365220895448e-02,6.9901350877559401e-02,9.7539077071221357e+01,9.5450024436049887e+01
branch0_seg19,1.3188405797101481e+00,6.7444209100711916e-02,6.7444243733282200e-02,9.4253940834299570e+01,9.2231267870819721e+01
branch0_seg19,1.4202898550724647e+00,6.5291717365326574e-02,6.5291719470345413e-02,9.1528171893889862e+01,8.9556662316332421e+01
branch0_seg19,1.5217391304347849e+00,6.3476262816455353e-02,6.3476277579512810e-02,8.9461979037869838e+01,8.7532050596277756e+01
branch0_seg19,1.6231884057971016e+00,6.1947834113211191e-02,6.1947841488838633e-02,8.7559843002375189e+01,8.5666602681744806e+01
branch0_seg19,1.7246376811594217e+00,6.0598055399881876e-02,6.0598066259350297e-02,8.5705930672110910e+01,8.3849918237281940e+01
branch0_seg19,1.8260869565217419e+00,5.9280008134556611e-02,5.9280021025422819e-02,8.3479473806221705e+01,8.1667658965568421e+01
branch0_seg19,1.9275362318840585e+00,5.7841478153308881e-02,5.7841493918965502e-02,8.0749024619081951e+01,7.8992107341748195e+01
branch0_seg19,2.0289855072463787e+00,5.6154561462810323e-02,5.6154581416048219e-02,7.7357424893121248e+01,7.5668708893143318e+01
branch0_seg19,2.1304347826086989e+00,5.4143261411726408e-02,5.4143283616187143e-02,7.3373959065771786e+01,7.1765746910323259e+01
branch0_seg19,2.2318840579710155e+00,5.1803481895504287e-02,5.1803506032110196e-02,6.8975942792986459e+01,6.7456995932616849e+01
branch0_seg19,2.3333333333333357e+00,4.9212354833454687e-02,4.9212378013120874e-02,6.4497753073505407e+01,6.3070263224707993e+01
branch0_seg19,2.4347826086956559e+00,4.6525987358917269e-02,4.6526007667319375e-02,6.0363880142576562e+01,5.9021522052883007e+01
branch0_seg19,2.5362318840579725e+00,4.3965629293876610e-02,4.3965643838392660e-02,5.7047640236707373e+01,5.5774362095098084e+01
branch0_seg19,2.6376811594202927e+00,4.1791487956867227e-02,4.1791494787264363e-02,5.4993550316441706e+01,5.3763970687406683e+01
branch0_seg19,2.7391304347826093e+00,4.0271988716095046e-02,4.0271985931684642e-02,5.4578020269565798e+01,5.3358583385994770e+01
branch0_seg19,2.8405797101449295e+00,3.9648658969019999e-02,3.9648645878248866e-02,5.6041583775908983e+01,5.4793323120388607e+01
branch0_seg19,2.9420289855072497e+00,4.0103103600420367e-02,4.0103080078093115e-02,5.9471971143611341e+01,5.8153761004336886e+01
branch0_seg19,3.0434782608695663e+00,4.1729713988355982e-02,4.1729681093849932e-02,6.4780021415210129e+01,6.3352563036967545e+01
branch0_seg19,3.1449275362318865e+00,4.4519891807781854e-02,4.4519851157817147e-02,7.1720717163597087e+01,7.0150143992685400e+01
branch0_seg19,3.2463768115942031e+00,4.8350305144269932e-02,4.8350259710731466e-02,7.9856148800980165e+01,7.8118343339767449e+01
branch0_seg19,3.3478260869565233e+00,5.2998125846365284e-02,5.2998077987835561e-02,8.8695420556031067e+01,8.6777223736920135e+01
branch0_seg19,3.4492753623188435e+00,5.8157357776956783e-02,5.8157311591835875e-02,9.7609151201048277e+01,9.5511018787043511e+01
branch0_seg19,3.5507246376811601e+00,6.3470111281753852e-02,6.3470069290137654e-02,1.0599266006099482e+02,1.0372766334170619e+02
branch0_seg19,3.6521739130434803e+00,6.8562564489655781e-02,6.8562530271769603e-02,1.1324375948322397e+02,1.1083693591424861e+02
branch0_seg19,3.7536231884058004e+00,7.3083526354995168e-02,7.3083501647771817e-02,1.1887756267411579e+02,1.1636290579284724e+02
branch0_seg19,3.8550724637681171e+00,7.6738200527405320e-02,7.6738187138765929e-02,1.2253763318114976e+02,1.1995516010275733e+02
branch0_seg19,3.9565217391304373e+00,7.9322308729045707e-02,7.9322306258863648e-02,1.2410358545480992e+02,1.2149450295883142e+02
branch0_seg19,4.0579710144927574e+00,8.0734385391267774e-02,8.0734393662970499e-02,1.2360737379004080e+02,1.2101133885871393e+02
branch0_seg19,4.1594202898550776e+00,8.0983861884398281e-02,8.0983878301270906e-02,1.2132817694723916e+02,1.1877878506531687e+02
branch0_seg19,4.2608695652173907e+00,8.0182303193938473e-02,8.0182325897877646e-02,1.1766145028226640e+02,1.1518448771851213e+02
branch0_seg19,4.3623188405797109e+00,7.8524347819871110e-02,7.8524373421418950e-02,1.1312177855554435e+02,1.1073320826838453e+02
branch0_seg19,4.4637681159420310e+00,7.6258962283540552e-02,7.6258988508155490e-02,1.0822523996034866e+02,1.0593141533392078e+02
branch0_seg19,4.5652173913043512e+00,7.3655323012058641e-02,7.3655347327419685e-02,1.0344140145050031e+02,1.0123993365961729e+02
branch0_seg19,4.6666666666666714e+00,7.0970409378199165e-02,7.0970430374439175e-02,9.9135089063767637e+01,9.7016791436272271e+01
branch0_seg19,4.7681159420289845e+00,6.8413955236550833e-02,6.8413972443074053e-02,9.5491745793488505e+01,9.3443960157855656e+01
branch0_seg19,4.8695652173913047e+00,6.6128980190509890e-02,6.6128993508679623e-02,9.2571866341662087e+01,9.0580763844124604e+01
branch0_seg19,4.9710144927536248e+00,6.4177790165268200e-02,6.4177800951086966e-02,9.0252817431220279e+01,8.8306939598697653e+01
branch0_seg19,5.0724637681159450e+00,6.2542450276390854e-02,6.2542459570864670e-02,8.8322874744503878e+01,8.6414863358561647e+01
branch0_seg19,5.1739130434782652e+00,6.1135977428691875e-02,6.1135987232835622e-02,8.6485061374224827e+01,8.4613396073320629e+01
branch0_seg19,5.2753623188405783e+00,5.9823840428645518e-02,5.9823852011118464e-02,8.4442689486467444e+01,8.2611702963169122e+01
branch0_seg19,5.3768115942028984e+00,5.8451922126778487e-02,5.8451936856365606e-02,8.1937123367827240e+01,8.0156308416129377e+01
branch0_seg19,5.4782608695652186e+00,5.6879006354043408e-02,5.6879024504742706e-02,7.8819601809880865e+01,7.7101444529867663e+01
branch0_seg19,5.5797101449275388e+00,5.5004921819743889e-02,5.5004943312073028e-02,7.5062400157520017e+01,7.3420030767479460e+01
branch0_seg19,5.6811594202898590e+00,5.2794500478931458e-02,5.2794523997718369e-02,7.0801283289387470e+01,6.9245226096255919e+01
branch0_seg19,5.7826086956521792e+00,5.0291331335789342e-02,5.0291355217848145e-02,6.6308615886580299e+01,6.4844066332247536e+01
branch0_seg19,5.8840579710144922e+00,4.7620346021086710e-02,4.7620367792473736e-02,6.1978569725507754e+01,6.0602858713236671e+01
branch0_seg19,5.9855072463768124e+00,4.4978682155372020e-02,4.4978699355258292e-02,5.8271787455787575e+01,5.6972890441448264e+01
branch0_seg19,6.0869565217391326e+00,4.2614292656847901e-02,4.2614302862770501e-02,5.5652727590739602e+01,5.4408952540391489e+01
branch0_seg19,6.1884057971014528e+00,4.0796275748399738e-02,4.0796277052224959e-02,5.4530747552463957e+01,5.3311644898948764e+01
branch0_seg19,6.2898550724637730e+00,3.9781379335108322e-02,3.9781370485946169e-02,5.5208426756712356e+01,5.3976847331857776e+01
branch0_seg19,6.3913043478260860e+00,3.9779344328533237e-02,3.9779325009950850e-02,5.7836947649488877e+01,5.6552209943343932e+01
branch0_seg19,6.4927536231884062e+00,4.0922882397472819e-02,4.0922853144589141e-02,6.2400962142623975e+01,6.1022531862576827e+01
branch0_seg19,6.5942028985507264e+00,4.3246373390816703e-02,4.3246335668736556e-02,6.8714304885942170e+01,6.7205706128959051e+01
branch0_seg19,6.6956521739130466e+00,4.6674449737248415e-02,4.6674405822162063e-02,7.6426443461700458e+01,7.4759030015640562e+01
branch0_seg19,6.7971014492753667e+00,5.1021466241674945e-02,5.1021419128105421e-02,8.5040206131964467e+01,8.3196402421514534e+01
branch0_seg19,6.8985507246376869e+00,5.6013245206471350e-02,5.6013197754641954e-02,9.4005949105625646e+01,9.1980274161424248e+01
branch0_seg19,7.0000000000000000e+00,6.1308434924877218e-02,6.1308391024467251e-02,1.0267487780236752e+02,1.0047560242793084e+02
branch0_seg20,0.0000000000000000e+00,6.1308391024467113e-02,6.1308349465918441e-02,1.0047560242793188e+02,9.8133737475529827e+01
branch0_seg20,1.0144927536232018e-01,6.5107019339435482e-02,6.5107065599023406e-02,9.9612621580298580e+01,9.7288001379422226e+01
branch0_seg20,2.0289855072464036e-01,7.0731969000280517e-02,7.0731719684742220e-02,1.2195113699002016e+02,1.1914829658403568e+02
branch0_seg20,3.0434782608695699e-01,7.4581064960458132e-02,7.4581373261628697e-02,1.1039745049413261e+02,1.0784628146361493e+02
branch0_seg20,4.0579710144927716e-01,7.7978577705721613e-02,7.7978197397842744e-02,1.2666384244338123e+02,1.2376211151951131e+02
branch0_seg20,5.0724637681159734e-01,8.0023201398465221e-02,8.0023562590660999e-02,1.1754298883463944e+02,1.1484599998553148e+02
branch0_seg20,6.0869565217391397e-01,8.0977258412320716e-02,8.0976959379282898e-02,1.2279850519475762e+02,1.1998089031329432e+02
branch0_seg20,7.1014492753623415e-01,8.0775087983112406e-02,8.0775352638450371e-02,1.1599657996122656e+02,1.1333376171999099e+02
branch0_seg20,8.1159420289855433e-01,7.9593855713478198e-02,7.9593695979777487e-02,1.1421366737988147e+02,1.1157823642478972e+02
branch0_seg20,9.1304347826087096e-01,7.7660923635233428e-02,7.7661076228166953e-02,1.0842704260459092e+02,1.0592152310573383e+02
branch0_seg20,1.0144927536231911e+00,7.5220439581956164e-02,7.5220379158711950e-02,1.0411672593413830e+02,1.0169456765884664e+02
branch0_seg20,1.1159420289855078e+00,7.2558173388792044e-02,7.2558248645805443e-02,9.9423500195122486e+01,9.7105441189929110e+01
branch0_seg20,1.2173913043478279e+00,6.9901350877559401e-02,6.9901337441228006e-02,9.5450024436049887e+01,9.3212055042958539e+01
branch0_seg20,1.3188405797101481e+00,6.7444243733282200e-02,6.7444276397618297e-02,9.2231267870819721e+01,9.0064671178621794e+01
branch0_seg20,1.4202898550724647e+00,6.5291719470345413e-02,6.5291721561802546e-02,8.9556662316332421e+01,8.7445538150752412e+01
branch0_seg20,1.5217391304347849e+00,6.3476277579512810e-02,6.3476291470980467e-02,8.7532050596277756e+01,8.5465967887056962e+01
branch0_seg20,1.6231884057971016e+00,6.1947841488838633e-02,6.1947848528613896e-02,8.5666602681744806e+01,8.3640251627483096e+01
branch0_seg20,1.7246376811594217e+00,6.0598066259350297e-02,6.0598076495026194e-02,8.3849918237281940e+01,8.1863590809762798e+01
branch0_seg20,1.8260869565217419e+00,5.9280021025422819e-02,5.9280033260651357e-02,8.1667658965568421e+01,7.9728552217223580e+01
branch0_seg20,1.9275362318840585e+00,5.7841493918965502e-02,5.7841508826131358e-02,7.8992107341748195e+01,7.7111396244224011e+01
branch0_seg20,2.0289855072463787e+00,5.6154581416048219e-02,5.6154600321013957e-02,7.5668708893143318e+01,7.3860438457104053e+01
branch0_seg20,2.1304347826086989e+00,5.4143283616187143e-02,5.4143304628106639e-02,7.1765746910323259e+01,7.0042996264868862e+01
branch0_seg20,2.2318840579710155e+00,5.1803506032110196e-02,5.1803528881382684e-02,6.7456995932616849e+01,6.5829196604582634e+01
branch0_seg20,2.3333333333333357e+00,4.9212378013120874e-02,4.9212399941536422e-02,6.3070263224707993e+01,6.1539961267134665e+01
branch0_seg20,2.4347826086956559e+00,4.6526007667319375e-02,4.6526026874377610e-02,5.9021522052883007e+01,5.7582282640772881e+01
branch0_seg20,2.5362318840579725e+00,4.3965643838392660e-02,4.3965657580130123e-02,5.5774362095098084e+01,5.4409444066811560e+01
branch0_seg20,2.6376811594202927e+00,4.1791494787264363e-02,4.1791501224396010e-02,5.3763970687406683e+01,5.2446696014380748e+01
branch0_seg20,2.7391304347826093e+00,4.0271985931684642e-02,4.0271983267633059e-02,5.3358583385994770e+01,5.2053524115576636e+01
branch0_seg20,2.8405797101449295e+00,3.9648645878248866e-02,3.9648633463888742e-02,5.4793323120388607e+01,5.3459188359748353e+01
branch0_seg20,2.9420289855072497e+00,4.0103080078093115e-02,4.0103057797915807e-02,5.8153761004336886e+01,5.6746824037931219e+01
branch0_seg20,3.0434782608695663e+00,4.1729681093849932e-02,4.1729649951587636e-02,6.3352563036967545e+01,6.1830875324037009e+01
branch0_seg20,3.1449275362318865e+00,4.4519851157817147e-02,4.4519812681886199e-02,7.0150143992685400e+01,6.8477373462539461e+01
branch0_seg20,3.2463768115942031e+00,4.8350259710731466e-02,4.8350216710515981e-02,7.8118343339767449e+01,7.6268361803351482e+01
branch0_seg20,3.3478260869565233e+00,5.2998077987835561e-02,5.2998032690548806e-02,8.6777223736920135e+01,8.4735470154191503e+01
branch0_seg20,3.4492753623188435e+00,5.8157311591835875e-02,5.8157267874161873e-02,9.5511018787043511e+01,9.3277342311754424e+01
branch0_seg20,3.5507246376811601e+00,6.3470069290137654e-02,6.3470029535754438e-02,1.0372766334170619e+02,1.0131535893629776e+02
branch0_seg20,3.6521739130434803e+00,6.8562530271769603e-02,6.8562497872045755e-02,1.1083693591424861e+02,1.0827209985670969e+02
branch0_seg20,3.7536231884058004e+00,7.3083501647771817e-02,7.3083478250792033e-02,1.1636290579284724e+02,1.1368130934507231e+02
branch0_seg20,3.8550724637681171e+00,7.6738187138765929e-02,7.6738174461010930e-02,1.1995516010275733e+02,1.1719915788310446e+02
branch0_seg20,3.9565217391304373e+00,7.9322306258863648e-02,7.9322303925174475e-02,1.2149450295883142e+02,1.1870793459491676e+02
branch0_seg20,4.0579710144927574e+00,8.0734393662970499e-02,8.0734401508212858e-02,1.2101133885871393e+02,1.1823657302282430e+02
branch0_seg20,4.1594202898550776e+00,8.0983878301270906e-02,8.0983893865514009e-02,1.1877878506531687e+02,1.1605192233525408e+02
branch0_seg20,4.2608695652173907e+00,8.0182325897877646e-02,8.0182347418906896e-02,1.1518448771851213e+02,1.1253342624245539e+02
branch0_seg20,4.3623188405797109e+00,7.8524373421418950e-02,7.8524397685677996e-02,1.1073320826838453e+02,1.0817546129158680e+02
branch0_seg20,4.4637681159420310e+00,7.6258988508155490e-02,7.6259013358115760e-02,1.0593141533392078e+02,1.0347426454735007e+02
branch0_seg20,4.5652173913043512e+00,7.3655347327419685e-02,7.3655370363156156e-02,1.0123993365961729e+02,9.8881304079357889e+01
branch0_seg20,4.6666666666666714e+00,7.0970430374439175e-02,7.0970450260079518e-02,9.7016791436272271e+01,9.4747276650828553e+01
branch0_seg20,4.7681159420289845e+00,6.8413972443074053e-02,6.8413988734801562e-02,9.3443960157855656e+01,9.1250319511106682e+01
branch0_seg20,4.8695652173913047e+00,6.6128993508679623e-02,6.6129006114496389e-02,9.0580763844124604e+01,8.8448380369749188e+01
branch0_seg20,4.9710144927536248e+00,6.4177800951086966e-02,6.4177811158013659e-02,8.8306939598697653e+01,8.6223575300850229e+01
branch0_seg20,5.0724637681159450e+00,6.2542459570864670e-02,6.2542468365957005e-02,8.6414863358561647e+01,8.4372540977974410e+01
branch0_seg20,5.1739130434782652e+00,6.1135987232835622e-02,6.1135996512347447e-02,8.4613396073320629e+01,8.2610274174060351e+01
branch0_seg20,5.2753623188405783e+00,5.9823852011118464e-02,5.9823862976345718e-02,8.2611702963169122e+01,8.0652146789635083e+01
branch0_seg20,5.3768115942028984e+00,5.8451936856365606e-02,5.8451950802798552e-02,8.0156308416129377e+01,7.8250194926337102e+01
branch0_seg20,5.4782608695652186e+00,5.6879024504742706e-02,5.6879041690340464e-02,7.7101444529867663e+01,7.5261907914841842e+01
branch0_seg20,5.5797101449275388e+00,5.5004943312073028e-02,5.5004963659534827e-02,7.3420030767479460e+01,7.1660985436181591e+01
branch0_seg20,5.6811594202898590e+00,5.2794523997718369e-02,5.2794546259466238e-02,6.9245226096255919e+01,6.7577932387089106e+01
branch0_seg20,5.7826086956521792e+00,5.0291355217848145e-02,5.0291377817124755e-02,6.4844066332247536e+01,6.3274224501725456e+01
branch0_seg20,5.8840579710144922e+00,4.7620367792473736e-02,4.7620388386030110e-02,6.0602858713236671e+01,5.9127895793549570e+01
branch0_seg20,5.9855072463768124e+00,4.4978699355258292e-02,4.4978715613876424e-02,5.6972890441448264e+01,5.5580337833655079e+01
branch0_seg20,6.0869565217391326e+00,4.2614302862770501e-02,4.2614312495803157e-02,5.4408952540391489e+01,5.3076068437613706e+01
branch0_seg20,6.1884057971014528e+00,4.0796277052224959e-02,4.0796278257354227e-02,5.3311644898948764e+01,5.2006332999003256e+01
branch0_seg20,6.2898550724637730e+00,3.9781370485946169e-02,3.9781362083910685e-02,5.3976847331857776e+01,5.2659799421487570e+01
branch0_seg20,6.3913043478260860e+00,3.9779325009950850e-02,3.9779306705201793e-02,5.6552209943343932e+01,5.5180231661170254e+01
branch0_seg20,6.4927536231884062e+00,4.0922853144589141e-02,4.0922825445658617e-02,6.1022531862576827e+01,5.9552429735108404e+01
branch0_seg20,6.5942028985507264e+00,4.3246335668736556e-02,4.3246299961632081e-02,6.7205706128959051e+01,6.5598436315433048e+01
branch0_seg20,6.6956521739130466e+00,4.6674405822162063e-02,4.6674364258238794e-02,7.4759030015640562e+01,7.2983715988845745e+01
branch0_seg20,6.7971014492753667e+00,5.1021419128105421e-02,5.1021374537347376e-02,8.3196402421514534e+01,8.1233807682158471e+01
branch0_seg20,6.8985507246376869e+00,5.6013197754641954e-02,5.6013152839810905e-02,9.1980274161424248e+01,8.9823963563450306e+01
branch0_seg20,7.0000000000000000e+00,6.1308391024467251e-02,6.1308349465918593e-02,1.0047560242793084e+02,9.8133737475528832e+01
branch0_seg21,0.0000000000000000e+00,6.1308349465918441e-02,6.1308310344849293e-02,9.8133737475529827e+01,9.5626979713470618e+01
branch0_seg21,1.0144927536232018e-01,6.5107065599023406e-02,6.5107109295573770e-02,9.7288001379422226e+01,9.4794308300809305e+01
branch0_seg21,2.0289855072464036e-01,7.0731719684742220e-02,7.0731484526423041e-02,1.1914829658403568e+02,1.1615166907457541e+02
branch0_seg21,3.0434782608695699e-01,7.4581373261628697e-02,7.4581664188438243e-02,1.0784628146361493e+02,1.0510563369162054e+02
branch0_seg21,4.0579710144927716e-01,7.7978197397842744e-02,7.7977838622153101e-02,1.2376211151951131e+02,1.2065389980607200e+02
branch0_seg21,5.0724637681159734e-01,8.0023562590660999e-02,8.0023903332259769e-02,1.1484599998553148e+02,1.1194721151608002e+02
branch0_seg21,6.0869565217391397e-01,8.0976959379282898e-02,8.0976677365124719e-02,1.1998089031329432e+02,1.1695617633881315e+02
branch0_seg21,7.1014492753623415e-01,8.0775352638450371e-02,8.0775602170746558e-02,1.1333376171999099e+02,1.1046944639791923e+02
branch0_seg21,8.1159420289855433e-01,7.9593695979777487e-02,7.9593545464245907e-02,1.1157823642478972e+02,1.0874415390344959e+02
branch0_seg21,9.1304347826087096e-01,7.7661076228166953e-02,7.7661219961218927e-02,1.0592152310573383e+02,1.0322427587151044e+02
branch0_seg21,1.0144927536231911e+00,7.5220379158711950e-02,7.5220322338605622e-02,1.0169456765884664e+02,9.9087088285939615e+01
branch0_seg21,1.1159420289855078e+00,7.2558248645805443e-02,7.2558319421158715e-02,9.7105441189929110e+01,9.4609062104119388e+01
branch0_seg21,1.2173913043478279e+00,6.9901337441228006e-02,6.9901324900717390e-02,9.3212055042958539e+01,9.0802226363806767e+01
branch0_seg21,1.3188405797101481e+00,6.7444276397618297e-02,6.7444307041839208e-02,9.0064671178621794e+01,8.7731845914322335e+01
branch0_seg21,1.4202898550724647e+00,6.5291721561802546e-02,6.5291723614908218e-02,8.7445538150752412e+01,8.5173030314821247e+01
branch0_seg21,1.5217391304347849e+00,6.3476291470980467e-02,6.3476304466434708e-02,8.5465967887056962e+01,8.3242410529614261e+01
branch0_seg21,1.6231884057971016e+00,6.1947848528613896e-02,6.1947855208275331e-02,8.3640251627483096e+01,8.1459860210175194e+01
branch0_seg21,1.7246376811594217e+00,6.0598076495026194e-02,6.0598086087027624e-02,8.1863590809762798e+01,7.9726389426322058e+01
branch0_seg21,1.8260869565217419e+00,5.9280033260651357e-02,5.9280044811328723e-02,7.9728552217223580e+01,7.7641997014657790e+01
branch0_seg21,1.9275362318840585e+00,5.7841508826131358e-02,5.7841522844715124e-02,7.7111396244224011e+01,7.5087208751444081e+01
branch0_seg21,2.0289855072463787e+00,5.6154600321013957e-02,5.6154618137224638e-02,7.3860438457104053e+01,7.1913509295603532e+01
branch0_seg21,2.1304347826086989e+00,5.4143304628106639e-02,5.4143324403429498e-02,7.0042996264868862e+01,6.8187294431433457e+01
branch0_seg21,2.2318840579710155e+00,5.1803528881382684e-02,5.1803550393605236e-02,6.5829196604582634e+01,6.4074923935351492e+01
branch0_seg21,2.3333333333333357e+00,4.9212399941536422e-02,4.9212420569837143e-02,6.1539961267134665e+01,5.9890078367186604e+01
branch0_seg21,2.4347826086956559e+00,4.6526026874377610e-02,4.6526044934940600e-02,5.7582282640772881e+01,5.6030241816786727e+01
branch0_seg21,2.5362318840579725e+00,4.3965657580130123e-02,4.3965670483808103e-02,5.4409444066811560e+01,5.2937728569033929e+01
branch0_seg21,2.6376811594202927e+00,4.1791501224396010e-02,4.1791507246879848e-02,5.2446696014380748e+01,5.1027153359442046e+01
branch0_seg21,2.7391304347826093e+00,4.0271983267633059e-02,4.0271980720854049e-02,5.2053524115576636e+01,5.0648585544148631e+01
branch0_seg21,2.8405797101449295e+00,3.9648633463888742e-02,3.9648621743328533e-02,5.3459188359748353e+01,5.2024896056038280e+01
branch0_seg21,2.9420289855072497e+00,4.0103057797915807e-02,4.0103036798845193e-02,5.6746824037931219e+01,5.5236462289535702e+01
branch0_seg21,3.0434782608695663e+00,4.1729649951587636e-02,4.1729620620943424e-02,6.1830875324037009e+01,6.0199452265165718e+01
branch0_seg21,3.1449275362318865e+00,4.4519812681886199e-02,4.4519776457266666e-02,6.8477373462539461e+01,6.6685734627169580e+01
branch0_seg21,3.2463768115942031e+00,4.8350216710515981e-02,4.8350176233706563e-02,7.6268361803351482e+01,7.4288094108593697e+01
branch0_seg21,3.3478260869565233e+00,5.2998032690548806e-02,5.2997990052603743e-02,8.4735470154191503e+01,8.2550443144836663e+01
branch0_seg21,3.4492753623188435e+00,5.8157267874161873e-02,5.8157226722302710e-02,9.3277342311754424e+01,9.0886760049869295e+01
branch0_seg21,3.5507246376811601e+00,6.3470029535754438e-02,6.3469992111359133e-02,1.0131535893629776e+02,9.8732824630140087e+01
branch0_seg21,3.6521739130434803e+00,6.8562497872045755e-02,6.8562467370200525e-02,1.0827209985670969e+02,1.0552496321712391e+02
branch0_seg21,3.7536231884058004e+00,7.3083478250792033e-02,7.3083456225986901e-02,1.1368130934507231e+02,1.1080739454930432e+02
branch0_seg21,3.8550724637681171e+00,7.6738174461010930e-02,7.6738162533924750e-02,1.1719915788310446e+02,1.1424348288248140e+02
branch0_seg21,3.9565217391304373e+00,7.9322303925174475e-02,7.9322301744966434e-02,1.1870793459491676e+02,1.1571731093400571e+02
branch0_seg21,4.0579710144927574e+00,8.0734401508212858e-02,8.0734408921024417e-02,1.1823657302282430e+02,1.1525641041012366e+02
branch0_seg21,4.1594202898550776e+00,8.0983893865514009e-02,8.0983908552177825e-02,1.1605192233525408e+02,1.1312111773967904e+02
branch0_seg21,4.2608695652173907e+00,8.0182347418906896e-02,8.0182367716799818e-02,1.1253342624245539e+02,1.0968222984905286e+02
branch0_seg21,4.3623188405797109e+00,7.8524397685677996e-02,7.8524420563422292e-02,1.0817546129158680e+02,1.0542311176695729e+02
branch0_seg21,4.4637681159420310e+00,7.6259013358115760e-02,7.6259036780255932e-02,1.0347426454735007e+02,1.0082907861231821e+02
branch0_seg21,4.5652173913043512e+00,7.3655370363156156e-02,7.3655392067488695e-02,9.8881304079357889e+01,9.6341559236655371e+01
branch0_seg21,4.6666666666666714e+00,7.0970450260079518e-02,7.0970468988353491e-02,9.4747276650828553e+01,9.2303324458798443e+01
branch0_seg21,4.7681159420289845e+00,6.8413988734801562e-02,6.8414004071754089e-02,9.1250319511106682e+01,8.8888271343444899e+01
branch0_seg21,4.8695652173913047e+00,6.6129006114496389e-02,6.6129017975610341e-02,8.8448380369749188e+01,8.6152739020948076e+01
branch0_seg21,4.9710144927536248e+00,6.4177811158013659e-02,6.4177820759512852e-02,8.6223575300850229e+01,8.3981230698028412e+01
branch0_seg21,5.0724637681159450e+00,6.2542468365957005e-02,6.2542476639124114e-02,8.4372540977974410e+01,8.2174823153672605e+01
branch0_seg21,5.1739130434782652e+00,6.1135996512347447e-02,6.1136005245113340e-02,8.2610274174060351e+01,8.0454984740043756e+01
branch0_seg21,5.2753623188405783e+00,5.9823862976345718e-02,5.9823873299884943e-02,8.0652146789635083e+01,7.8543693598374816e+01
branch0_seg21,5.3768115942028984e+00,5.8451950802798552e-02,5.8451963936408897e-02,7.8250194926337102e+01,7.6198895912955891e+01
branch0_seg21,5.4782608695652186e+00,5.6879041690340464e-02,5.6879057874741921e-02,7.5261907914841842e+01,7.3281638053090859e+01
branch0_seg21,5.5797101449275388e+00,5.5004963659534827e-02,5.5004982819282899e-02,7.1660985436181591e+01,6.9766555960431063e+01
branch0_seg21,5.6811594202898590e+00,5.2794546259466238e-02,5.2794567216432463e-02,6.7577932387089106e+01,6.5781448156219994e+01
branch0_seg21,5.7826086956521792e+00,5.0291377817124755e-02,5.0291399083874956e-02,6.3274224501725456e+01,6.1581970311904492e+01
branch0_seg21,5.8840579710144922e+00,4.7620388386030110e-02,4.7620407754492000e-02,5.9127895793549570e+01,5.7537420021175585e+01
branch0_seg21,5.9855072463768124e+00,4.4978715613876424e-02,4.4978730891313157e-02,5.5580337833655079e+01,5.4078677228346585e+01
branch0_seg21,6.0869565217391326e+00,4.2614312495803157e-02,4.2614321528366958e-02,5.3076068437613706e+01,5.1639291332128714e+01
branch0_seg21,6.1884057971014528e+00,4.0796278257354227e-02,4.0796279352836813e-02,5.2006332999003256e+01,5.0600463741717263e+01
branch0_seg21,6.2898550724637730e+00,3.9781362083910685e-02,3.9781354137848488e-02,5.2659799421487570e+01,5.1243055458218045e+01
branch0_seg21,6.3913043478260860e+00,3.9779306705201793e-02,3.9779289444446322e-02,5.5180231661170254e+01,5.3706532110293800e+01
branch0_seg21,6.4927536231884062e+00,4.0922825445658617e-02,4.0922799351975271e-02,5.9552429735108404e+01,5.7975525417218151e+01
branch0_seg21,6.5942028985507264e+00,4.3246299961632081e-02,4.3246266339878409e-02,6.5598436315433048e+01,6.3876338676793679e+01
branch0_seg21,6.6956521739130466e+00,4.6674364258238794e-02,4.6674325131100466e-02,7.2983715988845745e+01,7.1083004758716598e+01
branch0_seg21,6.7971014492753667e+00,5.1021374537347376e-02,5.1021332564783146e-02,8.1233807682158471e+01,7.9133373097631463e+01
branch0_seg21,6.8985507246376869e+00,5.6013152839810905e-02,5.6013110561324811e-02,8.9823963563450306e+01,8.7516322880987147e+01
branch0_seg21,7.0000000000000000e+00,6.1308349465918593e-02,6.1308310344849432e-02,9.8133737475528832e+01,9.5626979713469638e+01
branch0_seg22,0.0000000000000000e+00,6.1308310344849293e-02,6.1308273561731942e-02,9.5626979713470618e+01,9.2948360770108849e+01
branch0_seg22,1.0144927536232018e-01,6.5107109295573770e-02,6.5107150588113893e-02,9.4794308300809305e+01,9.2124053064609470e+01
branch0_seg22,2.0289855072464036e-01,7.0731484526423041e-02,7.0731262791611779e-02,1.1615166907457541e+02,1.1295298191681334e+02
branch0_seg22,3.0434782608695699e-01,7.4581664188438243e-02,7.4581938712241364e-02,1.0510563369162054e+02,1.0216667698257012e+02
branch0_seg22,4.0579710144927716e-01,7.7977838622153101e-02,7.7977500213168849e-02,1.2065389980607200e+02,1.1732988727915763e+02
branch0_seg22,5.0724637681159734e-01,8.0023903332259769e-02,8.0024224762222193e-02,1.1194721151608002e+02,1.0883699425565138e+02
branch0_seg22,6.0869565217391397e-01,8.0976677365124719e-02,8.0976411429428061e-02,1.1695617633881315e+02,1.1371459858084445e+02
branch0_seg22,7.1014492753623415e-01,8.0775602170746558e-02,8.0775837415706250e-02,1.1046944639791923e+02,1.0739389325990904e+02
branch0_seg22,8.1159420289855433e-01,7.9593545464245907e-02,7.9593403642166591e-02,1.0874415390344959e+02,1.0570186028420024e+02
branch0_seg22,9.1304347826087096e-01,7.7661219961218927e-02,7.7661355314736877e-02,1.0322427587151044e+02,1.0032602215878600e+02
branch0_seg22,1.0144927536231911e+00,7.5220322338605622e-02,7.5220268901136048e-02,9.9087088285939615e+01,9.6285369035065997e+01
branch0_seg22,1.1159420289855078e+00,7.2558319421158715e-02,7.2558385948830781e-02,9.4609062104119388e+01,9.1925825368639323e+01
branch0_seg22,1.2173913043478279e+00,6.9901324900717390e-02,6.9901313186469929e-02,9.0802226363806767e+01,8.8212380714079615e+01
branch0_seg22,1.3188405797101481e+00,6.7444307041839208e-02,6.7444335764835397e-02,8.7731845914322335e+01,8.5224978214661363e+01
branch0_seg22,1.4202898550724647e+00,6.5291723614908218e-02,6.5291725616883275e-02,8.5173030314821247e+01,8.2731624529567227e+01
branch0_seg22,1.5217391304347849e+00,6.3476304466434708e-02,6.3476316605918778e-02,8.3242410529614261e+01,8.0854113210629109e+01
branch0_seg22,1.6231884057971016e+00,6.1947855208275331e-02,6.1947861537477146e-02,8.1459860210175194e+01,7.9118371610571799e+01
branch0_seg22,1.7246376811594217e+00,6.0598086087027624e-02,6.0598095063178543e-02,7.9726389426322058e+01,7.7431439685392618e+01
branch0_seg22,1.8260869565217419e+00,5.9280044811328723e-02,5.9280055706036762e-02,7.7641997014657790e+01,7.5401296061425683e+01
branch0_seg22,1.9275362318840585e+00,5.7841522844715124e-02,5.7841536014167680e-02,7.5087208751444081e+01,7.2913039438882535e+01
branch0_seg22,2.0289855072463787e+00,5.6154618137224638e-02,5.6154634912607998e-02,7.1913509295603532e+01,6.9821639160557552e+01
branch0_seg22,2.1304347826086989e+00,5.4143324403429498e-02,5.4143342996311912e-02,6.8187294431433457e+01,6.6192622688293042e+01
branch0_seg22,2.2318840579710155e+00,5.1803550393605236e-02,5.1803570626080653e-02,6.4074923935351492e+01,6.2188462134139556e+01
branch0_seg22,2.3333333333333357e+00,4.9212420569837143e-02,4.9212439952055820e-02,5.9890078367186604e+01,5.8115229701922352e+01
branch0_seg22,2.4347826086956559e+00,4.6526044934940600e-02,4.6526061894305512e-02,5.6030241816786727e+01,5.4360352786365141e+01
branch0_seg22,2.5362318840579725e+00,4.3965670483808103e-02,4.3965682579275668e-02,5.2937728569033929e+01,5.1354486163287625e+01
branch0_seg22,2.6376811594202927e+00,4.1791507246879848e-02,4.1791512864500585e-02,5.1027153359442046e+01,4.9500879019697138e+01
branch0_seg22,2.7391304347826093e+00,4.0271980720854049e-02,4.0271978276969073e-02,5.0648585544148631e+01,4.9139487634114261e+01
branch0_seg22,2.8405797101449295e+00,3.9648621743328533e-02,3.9648610677046274e-02,5.2024896056038280e+01,5.0486240976520790e+01
branch0_seg22,2.9420289855072497e+00,4.0103036798845193e-02,4.0103017016653399e-02,5.5236462289535702e+01,5.3618415918585349e+01
branch0_seg22,3.0434782608695663e+00,4.1729620620943424e-02,4.1729593016414150e-02,6.0199452265165718e+01,5.8453837547185707e+01
branch0_seg22,3.1449275362318865e+00,4.4519776457266666e-02,4.4519742381750785e-02,6.6685734627169580e+01,6.4770429858413010e+01
branch0_seg22,3.2463768115942031e+00,4.8350176233706563e-02,4.8350138169364031e-02,7.4288094108593697e+01,7.2172265067498600e+01
branch0_seg22,3.3478260869565233e+00,5.2997990052603743e-02,5.2997949960004898e-02,8.2550443144836663e+01,8.0216274015041819e+01
branch0_seg22,3.4492753623188435e+00,5.8157226722302710e-02,5.8157188029556009e-02,9.0886760049869295e+01,8.8332726415416985e+01
branch0_seg22,3.5507246376811601e+00,6.3469992111359133e-02,6.3469956922913975e-02,9.8732824630140087e+01,9.5972797908304898e+01
branch0_seg22,3.6521739130434803e+00,6.8562467370200525e-02,6.8562438693299491e-02,1.0552496321712391e+02,1.0258755730693056e+02
branch0_seg22,3.7536231884058004e+00,7.3083456225986887e-02,7.3083435524597423e-02,1.1080739454930432e+02,1.0773255024126141e+02
branch0_seg22,3.8550724637681171e+00,7.6738162533924750e-02,7.6738151336626523e-02,1.1424348288248140e+02,1.1107899387603952e+02
branch0_seg22,3.9565217391304373e+00,7.9322301744966434e-02,7.9322299722967601e-02,1.1571731093400571e+02,1.1251311021462124e+02
branch0_seg22,4.0579710144927574e+00,8.0734408921024417e-02,8.0734415930844072e-02,1.1525641041012366e+02,1.1206111930846677e+02
branch0_seg22,4.1594202898550776e+00,8.0983908552177825e-02,8.0983922408039838e-02,1.1312111773967904e+02,1.0997660233864688e+02
branch0_seg22,4.2608695652173907e+00,8.0182367716799818e-02,8.0182386851157972e-02,1.0968222984905286e+02,1.0662124907111513e+02
branch0_seg22,4.3623188405797109e+00,7.8524420563422292e-02,7.8524442118426838e-02,1.0542311176695729e+02,1.0246675585410266e+02
branch0_seg22,4.4637681159420310e+00,7.6259036780255932e-02,7.6259058837471472e-02,1.0082907861231821e+02,9.7986786067961248e+01
branch0_seg22,4.5652173913043512e+00,7.3655392067488695e-02,7.3655412496535330e-02,9.6341559236655371e+01,9.3612005097517098e+01
branch0_seg22,4.6666666666666714e+00,7.0970468988353491e-02,7.0970486605902022e-02,9.2303324458798443e+01,8.9676624913553127e+01
branch0_seg22,4.7681159420289845e+00,6.8414004071754089e-02,6.8414018490695630e-02,8.8888271343444899e+01,8.6349866612871111e+01
branch0_seg22,4.8695652173913047e+00,6.6129017975610341e-02,6.6129029119237751e-02,8.6152739020948076e+01,8.3686209386109979e+01
branch0_seg22,4.9710144927536248e+00,6.4177820759512852e-02,6.4177829777333370e-02,8.3981230698028412e+01,8.1572544534191380e+01
branch0_seg22,5.0724637681159450e+00,6.2542476639124114e-02,6.2542484409397622e-02,8.2174823153672605e+01,7.9814572160472792e+01
branch0_seg22,5.1739130434782652e+00,6.1136005245113340e-02,6.1136013452687613e-02,8.0454984740043756e+01,7.8140580808167783e+01
branch0_seg22,5.2753623188405783e+00,5.9823873299884943e-02,5.9823883008693311e-02,7.8543693598374816e+01,7.6279573172962415e+01
branch0_seg22,5.3768115942028984e+00,5.8451963936408897e-02,5.8451976292734180e-02,7.6198895912955891e+01,7.3995824696806679e+01
branch0_seg22,5.4782608695652186e+00,5.6879057874741921e-02,5.6879073102154676e-02,7.3281638053090859e+01,7.1154257100278329e+01
branch0_seg22,5.5797101449275388e+00,5.5004982819282899e-02,5.5005000843575874e-02,6.9766555960431063e+01,6.7730611066709912e+01
branch0_seg22,5.6811594202898590e+00,5.2794567216432463e-02,5.2794586925055301e-02,6.5781448156219994e+01,6.3849929780890122e+01
branch0_seg22,5.7826086956521792e+00,5.0291399083874956e-02,5.0291419074302332e-02,6.1581970311904492e+01,5.9761781702194405e+01
branch0_seg22,5.8840579710144922e+00,4.7620407754492000e-02,4.7620425947416105e-02,5.7537420021175585e+01,5.5826247523489997e+01
branch0_seg22,5.9855072463768124e+00,4.4978730891313157e-02,4.4978745224459361e-02,5.4078677228346585e+01,5.2463054185391819e+01
branch0_seg22,6.0869565217391326e+00,4.2614321528366958e-02,4.2614329978926446e-02,5.1639291332128714e+01,5.0094057359324957e+01
branch0_seg22,6.1884057971014528e+00,4.0796279352836813e-02,4.0796280334493937e-02,5.0600463741717263e+01,4.9089693913002947e+01
branch0_seg22,6.2898550724637730e+00,3.9781354137848488e-02,3.9781346618484023e-02,5.1243055458218045e+01,4.9722394320225142e+01
branch0_seg22,6.3913043478260860e+00,3.9779289444446322e-02,3.9779273173319626e-02,5.3706532110293800e+01,5.2126890348769500e+01
branch0_seg22,6.4927536231884062e+00,4.0922799351975271e-02,4.0922774786172046e-02,5.7975525417218151e+01,5.6287460276110586e+01
branch0_seg22,6.5942028985507264e+00,4.3246266339878416e-02,4.3246234707445513e-02,6.3876338676793679e+01,6.2034772052202037e+01
branch0_seg22,6.6956521739130466e+00,4.6674325131100466e-02,4.6674288332226130e-02,7.1083004758716598e+01,6.9051831360911521e+01
branch0_seg22,6.7971014492753667e+00,5.1021332564783146e-02,5.1021293097126857e-02,7.9133373097631463e+01,7.6889484267802530e+01
branch0_seg22,6.8985507246376869e+00,5.6013110561324811e-02,5.6013070808018511e-02,8.7516322880987147e+01,8.5051090148916742e+01
branch0_seg22,7.0000000000000000e+00,6.1308310344849432e-02,6.1308273561732081e-02,9.5626979713469638e+01,9.2948360770107897e+01
branch0_seg23,0.0000000000000000e+00,6.1308273561731935e-02,6.1308239564686090e-02,9.2948360770108849e+01,8.9999728448028776e+01
branch0_seg23,1.0144927536232018e-01,6.5107150588113921e-02,6.5107189081002048e-02,9.2124053064609470e+01,8.9174719193300334e+01
branch0_seg23,2.0289855072464036e-01,7.0731262791611765e-02,7.0731056879994855e-02,1.1295298191681334e+02,1.0943499743131002e+02
branch0_seg23,3.0434782608695699e-01,7.4581938712241377e-02,7.4582194004304853e-02,1.0216667698257012e+02,9.8911245689737399e+01
branch0_seg23,4.0579710144927716e-01,7.7977500213168849e-02,7.7977185734947246e-02,1.1732988727915763e+02,1.1366182473183117e+02
branch0_seg23,5.0724637681159734e-01,8.0024224762222193e-02,8.0024523563750727e-02,1.0883699425565138e+02,1.0538765051859930e+02
branch0_seg23,6.0869565217391397e-01,8.0976411429428061e-02,8.0976164327881961e-02,1.1371459858084445e+02,1.1012525585813974e+02
branch0_seg23,7.1014492753623415e-01,8.0775837415706250e-02,8.0776055938809377e-02,1.0739389325990904e+02,1.0397894933990109e+02
branch0_seg23,8.1159420289855433e-01,7.9593403642166591e-02,7.9593271943358024e-02,1.0570186028420024e+02,1.0232524550887561e+02
branch0_seg23,9.1304347826087096e-01,7.7661355314736877e-02,7.7661480875665559e-02,1.0032602215878600e+02,9.7105301427394977e+01
branch0_seg23,1.0144927536231911e+00,7.5220268901136048e-02,7.5220219345822001e-02,9.6285369035065997e+01,9.3172509665007539e+01
branch0_seg23,1.1159420289855078e+00,7.2558385948830781e-02,7.2558447521413980e-02,9.1925825368639323e+01,8.8943946491462739e+01
branch0_seg23,1.2173913043478279e+00,6.9901313186469929e-02,6.9901302371068438e-02,8.8212380714079615e+01,8.5335418833741258e+01
branch0_seg23,1.3188405797101481e+00,6.7444335764835397e-02,6.7444362251412607e-02,8.5224978214661363e+01,8.2441202309628650e+01
branch0_seg23,1.4202898550724647e+00,6.5291725616883275e-02,6.5291727512179848e-02,8.2731624529567227e+01,8.0022021176543177e+01
branch0_seg23,1.5217391304347849e+00,6.3476316605918778e-02,6.3476327750056058e-02,8.0854113210629109e+01,7.8204725635385671e+01
branch0_seg23,1.6231884057971016e+00,6.1947861537477146e-02,6.1947867427808598e-02,7.9118371610571799e+01,7.6521932585248024e+01
branch0_seg23,1.7246376811594217e+00,6.0598095063178543e-02,6.0598103318133097e-02,7.7431439685392618e+01,7.4887157801446435e+01
branch0_seg23,1.8260869565217419e+00,5.9280055706036762e-02,5.9280065812827146e-02,7.5401296061425683e+01,7.2917201834114294e+01
branch0_seg23,1.9275362318840585e+00,5.7841536014167680e-02,5.7841548180931776e-02,7.2913039438882535e+01,7.0502286811691746e+01
branch0_seg23,2.0289855072463787e+00,5.6154634912607998e-02,5.6154650449903767e-02,6.9821639160557552e+01,6.7501375203601128e+01
branch0_seg23,2.1304347826086989e+00,5.4143342996311912e-02,5.4143360188433354e-02,6.6192622688293042e+01,6.3979242060933259e+01
branch0_seg23,2.2318840579710155e+00,5.1803570626080653e-02,5.1803589338935058e-02,6.2188462134139556e+01,6.0094283100374163e+01
branch0_seg23,2.3333333333333357e+00,4.9212439952055820e-02,4.9212457855841232e-02,5.8115229701922352e+01,5.6144380873701579e+01
branch0_seg23,2.4347826086956559e+00,4.6526061894305512e-02,4.6526077545226058e-02,5.4360352786365141e+01,5.2506026971635166e+01
branch0_seg23,2.5362318840579725e+00,4.3965682579275668e-02,4.3965693713126641e-02,5.1354486163287625e+01,4.9597115396000298e+01
branch0_seg23,2.6376811594202927e+00,4.1791512864500585e-02,4.1791517997073056e-02,4.9500879019697138e+01,4.7808369883064373e+01
branch0_seg23,2.7391304347826093e+00,4.0271978276969073e-02,4.0271975948404003e-02,4.9139487634114261e+01,4.7468531712917255e+01
branch0_seg23,2.8405797101449295e+00,3.9648610677046274e-02,3.9648600378133197e-02,5.0486240976520790e+01,4.8785709441849924e+01
branch0_seg23,2.9420289855072497e+00,4.0103017016653399e-02,4.0102998667715842e-02,5.3618415918585349e+01,5.1833519446641652e+01
branch0_seg23,3.0434782608695663e+00,4.1729593016414150e-02,4.1729567449126606e-02,5.8453837547185707e+01,5.6531295430744557e+01
branch0_seg23,3.1449275362318865e+00,4.4519742381750785e-02,4.4519710846955905e-02,6.4770429858413010e+01,6.2663293616665449e+01
branch0_seg23,3.2463768115942031e+00,4.8350138169364031e-02,4.8350102962388460e-02,7.2172265067498600e+01,6.9845650953686487e+01
branch0_seg23,3.3478260869565233e+00,5.2997949960004898e-02,5.2997912888096445e-02,8.0216274015041819e+01,7.7649407467714056e+01
branch0_seg23,3.4492753623188435e+00,5.8157188029556009e-02,5.8157152262506853e-02,8.8332726415416985e+01,8.5522592508949671e+01
branch0_seg23,3.5507246376811601e+00,6.3469956922913975e-02,6.3469924401952912e-02,9.5972797908304898e+01,9.2933370558248939e+01
branch0_seg23,3.6521739130434803e+00,6.8562438693299491e-02,6.8562412201778430e-02,1.0258755730693056e+02,9.9349207755325850e+01
branch0_seg23,3.7536231884058004e+00,7.3083435524597423e-02,7.3083416416003230e-02,1.0773255024126141e+02,1.0433846288643849e+02
branch0_seg23,3.8550724637681171e+00,7.6738151336626523e-02,7.6738141027597240e-02,1.1107899387603952e+02,1.0758141589649992e+02
branch0_seg23,3.9565217391304373e+00,7.9322299722967601e-02,7.9322297907509109e-02,1.1251311021462124e+02,1.0896713959296656e+02
branch0_seg23,4.0579710144927574e+00,8.0734415930844072e-02,8.0734422476283124e-02,1.1206111930846677e+02,1.0852080540842103e+02
branch0_seg23,4.1594202898550776e+00,8.0983922408039838e-02,8.0983935285334666e-02,1.0997660233864688e+02,1.0648891881239521e+02
branch0_seg23,4.2608695652173907e+00,8.0182386851157972e-02,8.0182404606317134e-02,1.0662124907111513e+02,1.0322332608487451e+02
branch0_seg23,4.3623188405797109e+00,7.8524442118426838e-02,7.8524462100015069e-02,1.0246675585410266e+02,9.9182953090838765e+01
branch0_seg23,4.4637681159420310e+00,7.6259058837471472e-02,7.6259079267817192e-02,9.7986786067961248e+01,9.4828559015752759e+01
branch0_seg23,4.5652173913043512e+00,7.3655412496535330e-02,7.3655431402874533e-02,9.3612005097517098e+01,9.0578792859416424e+01
branch0_seg23,4.6666666666666714e+00,7.0970486605902022e-02,7.0970502895387713e-02,8.9676624913553127e+01,8.6758210545937985e+01
branch0_seg23,4.7681159420289845e+00,6.8414018490695630e-02,6.8414031810611758e-02,8.6349866612871111e+01,8.3530592148147804e+01
branch0_seg23,4.8695652173913047e+00,6.6129029119237751e-02,6.6129039402794743e-02,8.3686209386109979e+01,8.0948113771546303e+01
branch0_seg23,4.9710144927536248e+00,6.4177829777333370e-02,6.4177838095513848e-02,8.1572544534191380e+01,7.8900031598777858e+01
branch0_seg23,5.0724637681159450e+00,6.2542484409397622e-02,6.2542491577555800e-02,7.9814572160472792e+01,7.7196956982329837e+01
branch0_seg23,5.1739130434782652e+00,6.1136013452687613e-02,6.1136021033590386e-02,7.8140580808167783e+01,7.5574562029902310e+01
branch0_seg23,5.2753623188405783e+00,5.9823883008693311e-02,5.9823891986080791e-02,7.6279573172962415e+01,7.3769559943908462e+01
branch0_seg23,5.3768115942028984e+00,5.8451976292734180e-02,5.8451987726071727e-02,7.3995824696806679e+01,7.1553248643433477e+01
branch0_seg23,5.4782608695652186e+00,5.6879073102154676e-02,5.6879087194005744e-02,7.1154257100278329e+01,6.8794959972487035e+01
branch0_seg23,5.5797101449275388e+00,5.5005000843575874e-02,5.5005017520928970e-02,6.7730611066709912e+01,6.5471829771112468e+01
branch0_seg23,5.6811594202898590e+00,5.2794586925055301e-02,5.2794605152584023e-02,6.3849929780890122e+01,6.1706082096841321e+01
branch0_seg23,5.7826086956521792e+00,5.0291419074302332e-02,5.0291437550067028e-02,5.9761781702194405e+01,5.7740776027050323e+01
branch0_seg23,5.8840579710144922e+00,4.7620425947416105e-02,4.7620442744430502e-02,5.5826247523489997e+01,5.3926007098831398e+01
branch0_seg23,5.9855072463768124e+00,4.4978745224459361e-02,4.4978758434973128e-02,5.2463054185391819e+01,5.0669323995833572e+01
branch0_seg23,6.0869565217391326e+00,4.2614329978926446e-02,4.2614337735087479e-02,5.0094057359324957e+01,4.8379734004998276e+01
branch0_seg23,6.1884057971014528e+00,4.0796280334493937e-02,4.0796281175246134e-02,4.9089693913002947e+01,4.7415768128967720e+01
branch0_seg23,6.2898550724637730e+00,3.9781346618484023e-02,3.9781339597293498e-02,4.9722394320225142e+01,4.8040439075914350e+01
branch0_seg23,6.3913043478260860e+00,3.9779273173319626e-02,3.9779258066386151e-02,5.2126890348769500e+01,5.0383044905773573e+01
branch0_seg23,6.4927536231884062e+00,4.0922774786172046e-02,4.0922752022273710e-02,5.6287460276110586e+01,5.4427185762770300e+01
branch0_seg23,6.5942028985507264e+00,4.3246234707445513e-02,4.3246205425252426e-02,6.2034772052202037e+01,6.0008000350700023e+01
branch0_seg23,6.6956521739130466e+00,4.6674288332226130e-02,4.6674254288789678e-02,6.9051831360911521e+01,6.6818026933261990e+01
branch0_seg23,6.7971014492753667e+00,5.1021293097126857e-02,5.1021256599770651e-02,7.6889484267802530e+01,7.4422109596819041e+01
branch0_seg23,6.8985507246376869e+00,5.6013070808018511e-02,5.6013034055634903e-02,8.5051090148916742e+01,8.2339380459765110e+01
branch0_seg23,7.0000000000000000e+00,6.1308273561732081e-02,6.1308239564686229e-02,9.2948360770107897e+01,8.9999728448027824e+01
branch0_seg24,0.0000000000000000e+00,6.1308239564686090e-02,6.1308208142301632e-02,8.9999728448028776e+01,8.6807867026954028e+01
branch0_seg24,1.0144927536232018e-01,6.5107189081002048e-02,6.5107225047673675e-02,8.9174719193300334e+01,8.5976534487574185e+01
branch0_seg24,2.0289855072464036e-01,7.0731056879994855e-02,7.0730865411144955e-02,1.0943499743131002e+02,1.0563414313408637e+02
branch0_seg24,3.0434782608695699e-01,7.4582194004304853e-02,7.4582431818660810e-02,9.8911245689737399e+01,9.5379512598223286e+01
branch0_seg24,4.0579710144927716e-01,7.7977185734947246e-02,7.7976893045780482e-02,1.1366182473183117e+02,1.0969419826705980e+02
branch0_seg24,5.0724637681159734e-01,8.0024523563750727e-02,8.0024801793410552e-02,1.0538765051859930e+02,1.0164574340096807e+02
branch0_seg24,6.0869565217391397e-01,8.0976164327881961e-02,8.0975934358544027e-02,1.1012525585813974e+02,1.0623602681888222e+02
branch0_seg24,7.1014492753623415e-01,8.0776055938809377e-02,8.0776259249278226e-02,1.0397894933990109e+02,1.0027201009239565e+02
branch0_seg24,8.1159420289855433e-01,7.9593271943358024e-02,7.9593149441994998e-02,1.0232524550887561e+02,9.8660268729930749e+01
branch0_seg24,9.1304347826087096e-01,7.7661480875665559e-02,7.7661597514319655e-02,9.7105301427394977e+01,9.3605632549281054e+01
branch0_seg24,1.0144927536231911e+00,7.5220219345822001e-02,7.5220173305603238e-02,9.3172509665007539e+01,8.9789169746603491e+01
branch0_seg24,1.1159420289855078e+00,7.2558447521413980e-02,7.2558504566496790e-02,8.8943946491462739e+01,8.5701052258371803e+01
branch0_seg24,1.2173913043478279e+00,6.9901302371068438e-02,6.9901292356787395e-02,8.5335418833741258e+01,8.2206098729262550e+01
branch0_seg24,1.3188405797101481e+00,6.7444362251412607e-02,6.7444386685204555e-02,8.2441202309628650e+01,7.9412727604197698e+01
branch0_seg24,1.4202898550724647e+00,6.5291727512179848e-02,6.5291729297289075e-02,8.0022021176543177e+01,7.7074290760686452e+01
branch0_seg24,1.5217391304347849e+00,6.3476327750056058e-02,6.3476337975288913e-02,7.8204725635385671e+01,7.5322574165839541e+01
branch0_seg24,1.6231884057971016e+00,6.1947867427808598e-02,6.1947872909219957e-02,7.6521932585248024e+01,7.3697439781327446e+01
branch0_seg24,1.7246376811594217e+00,6.0598103318133097e-02,6.0598110906670791e-02,7.4887157801446435e+01,7.2119200411766073e+01
branch0_seg24,1.8260869565217419e+00,5.9280065812827146e-02,5.9280075193181014e-02,7.2917201834114294e+01,7.0214175167495597e+01
branch0_seg24,1.9275362318840585e+00,5.7841548180931776e-02,5.7841559423652010e-02,7.0502286811691746e+01,6.7878127011968999e+01
branch0_seg24,2.0289855072463787e+00,5.6154650449903767e-02,5.6154664846970695e-02,6.7501375203601128e+01,6.4974422741521735e+01
branch0_seg24,2.1304347826086989e+00,5.4143360188433354e-02,5.4143376089100359e-02,6.3979242060933259e+01,6.1567165272132620e+01
branch0_seg24,2.2318840579710155e+00,5.1803589338935058e-02,5.1803606649462021e-02,6.0094283100374163e+01,5.7810520034354347e+01
branch0_seg24,2.3333333333333357e+00,4.9212457855841232e-02,4.9212474392603761e-02,5.6144380873701579e+01,5.3993699909779600e+01
branch0_seg24,2.4347826086956559e+00,4.6526077545226065e-02,4.6526091983197772e-02,5.2506026971635166e+01,5.0481527037592556e+01
branch0_seg24,2.5362318840579725e+00,4.3965693713126634e-02,4.3965703951074291e-02,4.9597115396000298e+01,4.7678193441665385e+01
branch0_seg24,2.6376811594202927e+00,4.1791517997073063e-02,4.1791522671308347e-02,4.7808369883064373e+01,4.5960881692672793e+01
branch0_seg24,2.7391304347826093e+00,4.0271975948403996e-02,4.0271973714253680e-02,4.7468531712917255e+01,4.5646130333868989e+01
branch0_seg24,2.8405797101449295e+00,3.9648600378133204e-02,3.9648590775531699e-02,4.8785709441849924e+01,4.6933433641097544e+01
branch0_seg24,2.9420289855072497e+00,4.0102998667715842e-02,4.0102981630940795e-02,5.1833519446641652e+01,4.9892258091244479e+01
branch0_seg24,3.0434782608695663e+00,4.1729567449126606e-02,4.1729543753766668e-02,5.6531295430744557e+01,5.4443369680536236e+01
branch0_seg24,3.1449275362318865e+00,4.4519710846955905e-02,4.4519681651474879e-02,6.2663293616665449e+01,6.0377712571517179e+01
branch0_seg24,3.2463768115942031e+00,4.8350102962388460e-02,4.8350070390009915e-02,6.9845650953686487e+01,6.7324327410618352e+01
branch0_seg24,3.3478260869565233e+00,5.2997912888096445e-02,5.2997878603776284e-02,7.7649407467714056e+01,7.4869467572598808e+01
branch0_seg24,3.4492753623188435e+00,5.8157152262506853e-02,5.8157119197861894e-02,8.5522592508949671e+01,8.2480303038733879e+01
branch0_seg24,3.5507246376811601e+00,6.3469924401952912e-02,6.3469894346699723e-02,9.2933370558248939e+01,8.9643363180065734e+01
branch0_seg24,3.6521739130434803e+00,6.8562412201778430e-02,6.8562387733058533e-02,9.9349207755325850e+01,9.5843814616286920e+01
branch0_seg24,3.7536231884058004e+00,7.3083416416003230e-02,7.3083398784946615e-02,1.0433846288643849e+02,1.0066386957290126e+02
branch0_seg24,3.8550724637681171e+00,7.6738141027597240e-02,7.6738131547873484e-02,1.0758141589649992e+02,1.0379361011508351e+02
branch0_seg24,3.9565217391304373e+00,7.9322297907509109e-02,7.9322296293429712e-02,1.0896713959296656e+02,1.0512527374414623e+02
branch0_seg24,4.0579710144927574e+00,8.0734422476283124e-02,8.0734428605073905e-02,1.0852080540842103e+02,1.0468299154679077e+02
branch0_seg24,4.1594202898550776e+00,8.0983935285334666e-02,8.0983947271059967e-02,1.0648891881239521e+02,1.0270581287745595e+02
branch0_seg24,4.2608695652173907e+00,8.0182404606317134e-02,8.0182421099182943e-02,1.0322332608487451e+02,9.9535135419587675e+01
branch0_seg24,4.3623188405797109e+00,7.8524462100015069e-02,7.8524480637580912e-02,9.9182953090838765e+01,9.5616295837677072e+01
branch0_seg24,4.4637681159420310e+00,7.6259079267817192e-02,7.6259098201955755e-02,9.4828559015752759e+01,9.1396260885795897e+01
branch0_seg24,4.5652173913043512e+00,7.3655431402874533e-02,7.3655448905837237e-02,9.0578792859416424e+01,8.7280781389630761e+01
branch0_seg24,4.6666666666666714e+00,7.0970502895387713e-02,7.0970517958261758e-02,8.6758210545937985e+01,8.3583978685313781e+01
branch0_seg24,4.7681159420289845e+00,6.8414031810611758e-02,6.8414044113312145e-02,8.3530592148147804e+01,8.0463649638113637e+01
branch0_seg24,4.8695652173913047e+00,6.6129039402794743e-02,6.6129048888469308e-02,8.0948113771546303e+01,7.7969345224321231e+01
branch0_seg24,4.9710144927536248e+00,6.4177838095513848e-02,6.4177845764045699e-02,7.8900031598777858e+01,7.5992685744368771e+01
branch0_seg24,5.0724637681159450e+00,6.2542491577555800e-02,6.2542498186800299e-02,7.7196956982329837e+01,7.4349426888644331e+01
branch0_seg24,5.1739130434782652e+00,6.1136021033590386e-02,6.1136028034485743e-02,7.5574562029902310e+01,7.2783077093897560e+01
branch0_seg24,5.2753623188405783e+00,5.9823891986080791e-02,5.9823900288302687e-02,7.3769559943908462e+01,7.1038606357908577e+01
branch0_seg24,5.3768115942028984e+00,5.8451987726071727e-02,5.8451998308898495e-02,7.1553248643433477e+01,6.8894886026521192e+01
branch0_seg24,5.4782608695652186e+00,5.6879087194005744e-02,5.6879100239832718e-02,6.8794959972487035e+01,6.6226078313308946e+01
branch0_seg24,5.5797101449275388e+00,5.5005017520928970e-02,5.5005032957123653e-02,6.5471829771112468e+01,6.3010941391679268e+01
branch0_seg24,5.6811594202898590e+00,5.2794605152584023e-02,5.2794622013908776e-02,6.1706082096841321e+01,5.9368822383361248e+01
branch0_seg24,5.7826086956521792e+00,5.0291437550067028e-02,5.0291454626583992e-02,5.7740776027050323e+01,5.5535924620101504e+01
branch0_seg24,5.8840579710144922e+00,4.7620442744430502e-02,4.7620458248939283e-02,5.3926007098831398e+01,5.1851721111825704e+01
branch0_seg24,5.9855072463768124e+00,4.4978758434973128e-02,4.4978770602188946e-02,5.0669323995833572e+01,4.8710714963856617e+01
branch0_seg24,6.0869565217391326e+00,4.2614337735087479e-02,4.2614344840509695e-02,4.8379734004998276e+01,4.6508064019358621e+01
branch0_seg24,6.1884057971014528e+00,4.0796281175246134e-02,4.0796281874340368e-02,4.7415768128967720e+01,4.5589379193007296e+01
branch0_seg24,6.2898550724637730e+00,3.9781339597293498e-02,3.9781333023751864e-02,4.8040439075914350e+01,4.6207363704258945e+01
branch0_seg24,6.3913043478260860e+00,3.9779258066386151e-02,3.9779244022635350e-02,5.0383044905773573e+01,4.8485256074818508e+01
branch0_seg24,6.4927536231884062e+00,4.0922752022273717e-02,4.0922730912058461e-02,5.4427185762770300e+01,5.2405723736467486e+01
branch0_seg24,6.5942028985507264e+00,4.3246205425252413e-02,4.3246178305458655e-02,6.0008000350700023e+01,5.7808558868299222e+01
branch0_seg24,6.6956521739130466e+00,4.6674254288789685e-02,4.6674222784596063e-02,6.6818026933261990e+01,6.4396465674804745e+01
branch0_seg24,6.7971014492753667e+00,5.1021256599770651e-02,5.1021222842729648e-02,7.4422109596819041e+01,7.1749324600660543e+01
branch0_seg24,6.8985507246376869e+00,5.6013034055634903e-02,5.6013000073972669e-02,8.2339380459765110e+01,7.9403293647257982e+01
branch0_seg24,7.0000000000000000e+00,6.1308239564686229e-02,6.1308208142301777e-02,8.9999728448027824e+01,8.6807867026953133e+01
branch0_seg25,0.0000000000000000e+00,6.1308208142301632e-02,6.1308178995752770e-02,8.6807867026954028e+01,8.3374881234141355e+01
branch0_seg25,1.0144927536232018e-01,6.5107225047673675e-02,6.5107258878442945e-02,8.5976534487574185e+01,8.2528858836416703e+01
branch0_seg25,2.0289855072464036e-01,7.0730865411144955e-02,7.0730686429648040e-02,1.0563414313408637e+02,1.0154908229520117e+02
branch0_seg25,3.0434782608695699e-01,7.4582431818660810e-02,7.4582654649203953e-02,9.5379512598223286e+01,9.1565149615730192e+01
branch0_seg25,4.0579710144927716e-01,7.7976893045780482e-02,7.7976619110474418e-02,1.0969419826705980e+02,1.0542031151766524e+02
branch0_seg25,5.0724637681159734e-01,8.0024801793410552e-02,8.0025062369629446e-02,1.0164574340096807e+02,9.7601244186132192e+01
branch0_seg25,6.0869565217391397e-01,8.0975934358544027e-02,8.0975719112296715e-02,1.0623602681888222e+02,1.0203688404238908e+02
branch0_seg25,7.1014492753623415e-01,8.0776259249278226e-02,8.0776449480264273e-02,1.0027201009239565e+02,9.6262116276604544e+01
branch0_seg25,8.1159420289855433e-01,7.9593149441994998e-02,7.9593034832092374e-02,9.8660268729930749e+01,9.4696854305165786e+01
branch0_seg25,9.1304347826087096e-01,7.7661597514319655e-02,7.7661706452412577e-02,9.3605632549281054e+01,8.9817730010107823e+01
branch0_seg25,1.0144927536231911e+00,7.5220173305603238e-02,7.5220130267548022e-02,8.9789169746603491e+01,8.6127566157340354e+01
branch0_seg25,1.1159420289855078e+00,7.2558504566496790e-02,7.2558557678391145e-02,8.5701052258371803e+01,8.2190811983636252e+01
branch0_seg25,1.2173913043478279e+00,6.9901292356787395e-02,6.9901283011611956e-02,8.2206098729262550e+01,7.8819610642555233e+01
branch0_seg25,1.3188405797101481e+00,6.7444386685204555e-02,6.7444409318048293e-02,7.9412727604197698e+01,7.6136086078472005e+01
branch0_seg25,1.4202898550724647e+00,6.5291729297289075e-02,6.5291730971922382e-02,7.7074290760686452e+01,7.3886122084659689e+01
branch0_seg25,1.5217391304347849e+00,6.3476337975288913e-02,6.3476347385016924e-02,7.5322574165839541e+01,7.2206288374100097e+01
branch0_seg25,1.6231884057971016e+00,6.1947872909219957e-02,6.1947878027013514e-02,7.3697439781327446e+01,7.0644266595919703e+01
branch0_seg25,1.7246376811594217e+00,6.0598110906670791e-02,6.0598117903994567e-02,7.2119200411766073e+01,6.9127537300982922e+01
branch0_seg25,1.8260869565217419e+00,5.9280075193181014e-02,5.9280083935852428e-02,7.0214175167495597e+01,6.7292685950617624e+01
branch0_seg25,1.9275362318840585e+00,5.7841559423652010e-02,5.7841569852965673e-02,6.7878127011968999e+01,6.5041500652261476e+01
branch0_seg25,2.0289855072463787e+00,5.6154664846970695e-02,5.6154678243681949e-02,6.4974422741521735e+01,6.2242210502936231e+01
branch0_seg25,2.1304347826086989e+00,5.4143376089100359e-02,5.4143390853633781e-02,6.1567165272132620e+01,5.8958359392737222e+01
branch0_seg25,2.2318840579710155e+00,5.1803606649462021e-02,5.1803622725418379e-02,5.7810520034354347e+01,5.5339729790145938e+01
branch0_seg25,2.3333333333333357e+00,4.9212474392603761e-02,4.9212489721788877e-02,5.3993699909779600e+01,5.1666364749300413e+01
branch0_seg25,2.4347826086956559e+00,4.6526091983197772e-02,4.6526105345683487e-02,5.0481527037592556e+01,4.8290649498863779e+01
branch0_seg25,2.5362318840579725e+00,4.3965703951074291e-02,4.3965713388299701e-02,4.7678193441665385e+01,4.5602103312851483e+01
branch0_seg25,2.6376811594202927e+00,4.1791522671308347e-02,4.1791526926817549e-02,4.5960881692672793e+01,4.3963335171555528e+01
branch0_seg25,2.7391304347826093e+00,4.0271973714253680e-02,4.0271971545763612e-02,4.5646130333868989e+01,4.3677692197726337e+01
branch0_seg25,2.8405797101449295e+00,3.9648590775531699e-02,3.9648581768185955e-02,4.6933433641097544e+01,4.4935257679477537e+01
branch0_seg25,2.9420289855072497e+00,4.0102981630940795e-02,4.0102965732981936e-02,4.9892258091244479e+01,4.7800834080535068e+01
branch0_seg25,3.0434782608695663e+00,4.1729543753766668e-02,4.1729521693165024e-02,5.4443369680536236e+01,5.2196474922242679e+01
branch0_seg25,3.1449275362318865e+00,4.4519681651474879e-02,4.4519654506425532e-02,6.0377712571517179e+01,5.7920053596262157e+01
branch0_seg25,3.2463768115942031e+00,4.8350070390009915e-02,4.8350040133349169e-02,6.7324327410618352e+01,6.4614205669067474e+01
branch0_seg25,3.3478260869565233e+00,5.2997878603776284e-02,5.2997846774627974e-02,7.4869467572598808e+01,7.1881375695699262e+01
branch0_seg25,3.4492753623188435e+00,5.8157119197861894e-02,5.8157088518825339e-02,8.2480303038733879e+01,7.9209182734045044e+01
branch0_seg25,3.5507246376811601e+00,6.3469894346699723e-02,6.3469866472737640e-02,8.9643363180065734e+01,8.6103937460558868e+01
branch0_seg25,3.6521739130434803e+00,6.8562387733058533e-02,6.8562365059837552e-02,9.5843814616286920e+01,9.2069967544971234e+01
branch0_seg25,3.7536231884058004e+00,7.3083398784946615e-02,7.3083382472047084e-02,1.0066386957290126e+02,9.6704643594525209e+01
branch0_seg25,3.8550724637681171e+00,7.6738131547873484e-02,7.6738122817796017e-02,1.0379361011508351e+02,9.9708904867356907e+01
branch0_seg25,3.9565217391304373e+00,7.9322296293429712e-02,7.9322294876452301e-02,1.0512527374414623e+02,1.0097877234198366e+02
branch0_seg25,4.0579710144927574e+00,8.0734428605073905e-02,8.0734434386481327e-02,1.0468299154679077e+02,1.0053756318873900e+02
branch0_seg25,4.1594202898550776e+00,8.0983947271059967e-02,8.0983958488575758e-02,1.0270581287745595e+02,9.8616594474224200e+01
branch0_seg25,4.2608695652173907e+00,8.0182421099182943e-02,8.0182436494154893e-02,9.9535135419587675e+01,9.5546178499379067e+01
branch0_seg25,4.3623188405797109e+00,7.8524480637580912e-02,7.8524497912349098e-02,9.5616295837677072e+01,9.1757110025880010e+01
branch0_seg25,4.4637681159420310e+00,7.6259098201955755e-02,7.6259115822542578e-02,9.1396260885795897e+01,8.7681475994445719e+01
branch0_seg25,4.5652173913043512e+00,7.3655448905837237e-02,7.3655465172117601e-02,8.7280781389630761e+01,8.3711036417109952e+01
branch0_seg25,4.6666666666666714e+00,7.0970517958261758e-02,7.0970531936236328e-02,8.3583978685313781e+01,8.0148514416039205e+01
branch0_seg25,4.7681159420289845e+00,6.8414044113312145e-02,6.8414055513166580e-02,8.0463649638113637e+01,7.7145043256687970e+01
branch0_seg25,4.8695652173913047e+00,6.6129048888469308e-02,6.6129057663271915e-02,7.7969345224321231e+01,7.4747147807674835e+01
branch0_seg25,4.9710144927536248e+00,6.4177845764045699e-02,6.4177852853047168e-02,7.5992685744368771e+01,7.2848777351758642e+01
branch0_seg25,5.0724637681159450e+00,6.2542498186800299e-02,6.2542504297910570e-02,7.4349426888644331e+01,7.1271073308757423e+01
branch0_seg25,5.1739130434782652e+00,6.1136028034485743e-02,6.1136034521285972e-02,7.2783077093897560e+01,6.9765867054007757e+01
branch0_seg25,5.2753623188405783e+00,5.9823900288302687e-02,5.9823907995050718e-02,7.1038606357908577e+01,6.8086985678458319e+01
branch0_seg25,5.3768115942028984e+00,5.8451998308898495e-02,5.8452008144082988e-02,6.8894886026521192e+01,6.6021485533427793e+01
branch0_seg25,5.4782608695652186e+00,5.6879100239832718e-02,5.6879112366915091e-02,6.6226078313308946e+01,6.3448837013997753e+01
branch0_seg25,5.5797101449275388e+00,5.5005032957123653e-02,5.5005047302764641e-02,6.3010941391679268e+01,6.0349686589072100e+01
branch0_seg25,5.6811594202898590e+00,5.2794622013908776e-02,5.2794637672939890e-02,5.9368822383361248e+01,5.6840461583133255e+01
branch0_seg25,5.7826086956521792e+00,5.0291454626583992e-02,5.0291470468949960e-02,5.5535924620101504e+01,5.3150150347439421e+01
branch0_seg25,5.8840579710144922e+00,4.7620458248939283e-02,4.7620472609416924e-02,5.1851721111825704e+01,4.9606936208047856e+01
branch0_seg25,5.9855072463768124e+00,4.4978770602188946e-02,4.4978781840656484e-02,4.8710714963856617e+01,4.6591376159191071e+01
branch0_seg25,6.0869565217391326e+00,4.2614344840509695e-02,4.2614351359009033e-02,4.6508064019358621e+01,4.4483754979806946e+01
branch0_seg25,6.1884057971014528e+00,4.0796281874340368e-02,4.0796282431994131e-02,4.5589379193007296e+01,4.3615742657592634e+01
branch0_seg25,6.2898550724637730e+00,3.9781333023751864e-02,3.9781326826438916e-02,4.6207363704258945e+01,4.4228841863783629e+01
branch0_seg25,6.3913043478260860e+00,3.9779244022635350e-02,3.9779230897736606e-02,4.8485256074818508e+01,4.6439592585525141e+01
branch0_seg25,6.4927536231884062e+00,4.0922730912058461e-02,4.0922711242998698e-02,5.2405723736467486e+01,5.0229426214113204e+01
branch0_seg25,6.5942028985507264e+00,4.3246178305458655e-02,4.3246153078547171e-02,5.7808558868299222e+01,5.5442874254230780e+01
branch0_seg25,6.6956521739130466e+00,4.6674222784596063e-02,4.6674193509861371e-02,6.4396465674804745e+01,6.1793303456772733e+01
branch0_seg25,6.7971014492753667e+00,5.1021222842729648e-02,5.1021191497465805e-02,7.1749324600660543e+01,6.8876525064680663e+01
branch0_seg25,6.8985507246376869e+00,5.6013000073972669e-02,5.6012968535693361e-02,7.9403293647257982e+01,7.6246879606942557e+01
branch0_seg25,7.0000000000000000e+00,6.1308208142301777e-02,6.1308178995752909e-02,8.6807867026953133e+01,8.3374881234140460e+01
branch0_seg26,0.0000000000000000e+00,6.1308178995752770e-02,6.1308152081589185e-02,8.3374881234141355e+01,7.9700359836969625e+01
branch0_seg26,1.0144927536232018e-01,6.5107258878442945e-02,6.5107290665307779e-02,8.2528858836416703e+01,7.8832708997201337e+01
branch0_seg26,2.0289855072464036e-01,7.0730686429648040e-02,7.0730519549312323e-02,1.0154908229520117e+02,9.7182240133823200e+01
branch0_seg26,3.0434782608695699e-01,7.4582654649203953e-02,7.4582863029498181e-02,9.1565149615730192e+01,8.7472796696172580e+01
branch0_seg26,4.0579710144927716e-01,7.7976619110474418e-02,7.7976363298948928e-02,1.0542031151766524e+02,1.0084581829903989e+02
branch0_seg26,5.0724637681159734e-01,8.0025062369629446e-02,8.0025305917921882e-02,9.7601244186132192e+01,9.3261220795554863e+01
branch0_seg26,6.0869565217391397e-01,8.0975719112296715e-02,8.0975518073633401e-02,1.0203688404238908e+02,9.7535182446140325e+01
branch0_seg26,7.1014492753623415e-01,8.0776449480264273e-02,8.0776627090630743e-02,9.6262116276604544e+01,9.1956786587742556e+01
branch0_seg26,8.1159420289855433e-01,7.9593034832092374e-02,7.9592927819878118e-02,9.4696854305165786e+01,9.0441955850558273e+01
branch0_seg26,9.1304347826087096e-01,7.7661706452412577e-02,7.7661807952681253e-02,8.9817730010107823e+01,8.5747793282505313e+01
branch0_seg26,1.0144927536231911e+00,7.5220130267548022e-02,7.5220090102201445e-02,8.6127566157340354e+01,8.2192861798033420e+01
branch0_seg26,1.1159420289855078e+00,7.2558557678391145e-02,7.2558606983538790e-02,8.2190811983636252e+01,7.8417340393828297e+01
branch0_seg26,1.2173913043478279e+00,6.9901283011611956e-02,6.9901274289428716e-02,7.8819610642555233e+01,7.5179051794466361e+01
branch0_seg26,1.3188405797101481e+00,6.7444409318048293e-02,6.7444430201971606e-02,7.6136086078472005e+01,7.2613485887335742e+01
branch0_seg26,1.4202898550724647e+00,6.5291730971922382e-02,6.5291732523210383e-02,7.3886122084659689e+01,7.0458979953518835e+01
branch0_seg26,1.5217391304347849e+00,6.3476347385016924e-02,6.3476355999275605e-02,7.2206288374100097e+01,6.8856735508392816e+01
branch0_seg26,1.6231884057971016e+00,6.1947878027013514e-02,6.1947882782560075e-02,7.0644266595919703e+01,6.7362804301560104e+01
branch0_seg26,1.7246376811594217e+00,6.0598117903994567e-02,6.0598124323408553e-02,6.9127537300982922e+01,6.5912165408114490e+01
branch0_seg26,1.8260869565217419e+00,5.9280083935852428e-02,5.9280092053196287e-02,6.7292685950617624e+01,6.4152376291698971e+01
branch0_seg26,1.9275362318840585e+00,5.7841569852965673e-02,5.7841579487566228e-02,6.5041500652261476e+01,6.1991692515799159e+01
branch0_seg26,2.0289855072463787e+00,5.6154678243681949e-02,5.6154690662144388e-02,6.2242210502936231e+01,5.9303635185874803e+01
branch0_seg26,2.1304347826086989e+00,5.4143390853633781e-02,5.4143404507083215e-02,5.8958359392737222e+01,5.6151291190311333e+01
branch0_seg26,2.2318840579710155e+00,5.1803622725418379e-02,5.1803637592613618e-02,5.5339729790145938e+01,5.2679918217696923e+01
branch0_seg26,2.3333333333333357e+00,4.9212489721788877e-02,4.9212503867015520e-02,5.1666364749300413e+01,4.9159917152569029e+01
branch0_seg26,2.4347826086956559e+00,4.6526105345683487e-02,4.6526117651358077e-02,4.8290649498863779e+01,4.5930504038104210e+01
branch0_seg26,2.5362318840579725e+00,4.3965713388299701e-02,4.3965722035541048e-02,4.5602103312851483e+01,4.3365584588761259e+01
branch0_seg26,2.6376811594202927e+00,4.1791526926817549e-02,4.1791530764489139e-02,4.3963335171555528e+01,4.1812177496318171e+01
branch0_seg26,2.7391304347826093e+00,4.0271971545763612e-02,4.0271969432419313e-02,4.3677692197726337e+01,4.1559450214965494e+01
branch0_seg26,2.8405797101449295e+00,3.9648581768185955e-02,3.9648573334186067e-02,4.4935257679477537e+01,4.2787273636491719e+01
branch0_seg26,2.9420289855072497e+00,4.0102965732981936e-02,4.0102950941115767e-02,4.7800834080535068e+01,4.5555277807580140e+01
branch0_seg26,3.0434782608695663e+00,4.1729521693165024e-02,4.1729501225716566e-02,5.2196474922242679e+01,4.9786690366935616e+01
branch0_seg26,3.1449275362318865e+00,4.4519654506425532e-02,4.4519629363565585e-02,5.7920053596262157e+01,5.5286616665659274e+01
branch0_seg26,3.2463768115942031e+00,4.8350040133349169e-02,4.8350012141330771e-02,6.4614205669067474e+01,6.1712060076126775e+01
branch0_seg26,3.3478260869565233e+00,5.2997846774627974e-02,5.2997817349109480e-02,7.1881375695699262e+01,6.8682707244635026e+01
branch0_seg26,3.4492753623188435e+00,5.8157088518825333e-02,5.8157060178202956e-02,7.9209182734045044e+01,7.5707970646930505e+01
branch0_seg26,3.5507246376811601e+00,6.3469866472737654e-02,6.3469840739338132e-02,8.6103937460558868e+01,8.2315325751047084e+01
branch0_seg26,3.6521739130434803e+00,6.8562365059837538e-02,6.8562344151766222e-02,9.2069967544971234e+01,8.8029612453223606e+01
branch0_seg26,3.7536231884058004e+00,7.3083382472047084e-02,7.3083367458476073e-02,9.6704643594525209e+01,9.2464489429744020e+01
branch0_seg26,3.8550724637681171e+00,7.6738122817796017e-02,7.6738114831746390e-02,9.9708904867356907e+01,9.5332601881341688e+01
branch0_seg26,3.9565217391304373e+00,7.9322294876452301e-02,7.9322293662779500e-02,1.0097877234198366e+02,9.6534180887160559e+01
branch0_seg26,4.0579710144927574e+00,8.0734434386481327e-02,8.0734439838054034e-02,1.0053756318873900e+02,9.6091821995214957e+01
branch0_seg26,4.1594202898550776e+00,8.0983958488575758e-02,8.0983968962897640e-02,9.8616594474224200e+01,9.4228781348672101e+01
branch0_seg26,4.2608695652173907e+00,8.0182436494154893e-02,8.0182450821525933e-02,9.5546178499379067e+01,9.1263685137950205e+01
branch0_seg26,4.3623188405797109e+00,7.8524497912349098e-02,7.8524513955521222e-02,9.1757110025880010e+01,8.7611937905025144e+01
branch0_seg26,4.4637681159420310e+00,7.6259115822542578e-02,7.6259132159370566e-02,8.7681475994445719e+01,8.3689802226594338e+01
branch0_seg26,4.5652173913043512e+00,7.3655465172117601e-02,7.3655480227329526e-02,8.3711036417109952e+01,7.9874100635146846e+01
branch0_seg26,4.6666666666666714e+00,7.0970531936236328e-02,7.0970544849725883e-02,8.0148514416039205e+01,7.6455317581724145e+01
branch0_seg26,4.7681159420289845e+00,6.8414055513166580e-02,6.8414066025515585e-02,7.7145043256687970e+01,7.3577327250651919e+01
branch0_seg26,4.8695652173913047e+00,6.6129057663271915e-02,6.6129065737892040e-02,7.4747147807674835e+01,7.1283270914236610e+01
branch0_seg26,4.9710144927536248e+00,6.4177852853047168e-02,6.4177859370848869e-02,7.2848777351758642e+01,6.9469401182564638e+01
branch0_seg26,5.0724637681159450e+00,6.2542504297910570e-02,6.2542509918277450e-02,7.1271073308757423e+01,6.7962469271424638e+01
branch0_seg26,5.1739130434782652e+00,6.1136034521285972e-02,6.1136040503081919e-02,6.9765867054007757e+01,6.6523082537164910e+01
branch0_seg26,5.2753623188405783e+00,5.9823907995050718e-02,5.9823915118382989e-02,6.8086985678458319e+01,6.4914482836819417e+01
branch0_seg26,5.3768115942028984e+00,5.8452008144082988e-02,5.8452017248062142e-02,6.6021485533427793e+01,6.2932480187908993e+01
branch0_seg26,5.4782608695652186e+00,5.6879112366915091e-02,5.6879123595835863e-02,6.3448837013997753e+01,6.0462295972723858e+01
branch0_seg26,5.5797101449275388e+00,5.5005047302764641e-02,5.5005060582067146e-02,6.0349686589072100e+01,5.7486712338258954e+01
branch0_seg26,5.6811594202898590e+00,5.2794637672939890e-02,5.2794652155380470e-02,5.6840461583133255e+01,5.4119195810638118e+01
branch0_seg26,5.7826086956521792e+00,5.0291470468949960e-02,5.0291485102100845e-02,5.3150150347439421e+01,5.0581182427060661e+01
branch0_seg26,5.8840579710144922e+00,4.7620472609416924e-02,4.7620485846869114e-02,4.9606936208047856e+01,4.7188932277238621e+01
branch0_seg26,5.9855072463768124e+00,4.4978781840656484e-02,4.4978792164682424e-02,4.6591376159191071e+01,4.4308189266939031e+01
branch0_seg26,6.0869565217391326e+00,4.2614351359009033e-02,4.2614357295678008e-02,4.4483754979806946e+01,4.2303363648267542e+01
branch0_seg26,6.1884057971014528e+00,4.0796282431994131e-02,4.0796282842457988e-02,4.3615742657592634e+01,4.1491169758361927e+01
branch0_seg26,6.2898550724637730e+00,3.9781326826438916e-02,3.9781320988031534e-02,4.4228841863783629e+01,4.2101014283753436e+01
branch0_seg26,6.3913043478260860e+00,3.9779230897736606e-02,3.9779218663236658e-02,4.6439592585525141e+01,4.4242099129250334e+01
branch0_seg26,6.4927536231884062e+00,4.0922711242998698e-02,4.0922692976828844e-02,5.0229426214113204e+01,4.7894335842339238e+01
branch0_seg26,6.5942028985507264e+00,4.3246153078547171e-02,4.3246129698684577e-02,5.5442874254230780e+01,5.2907130683470086e+01
branch0_seg26,6.6956521739130466e+00,4.6674193509861371e-02,4.6674166414124529e-02,6.1793303456772733e+01,5.9005085157276490e+01
branch0_seg26,6.7971014492753667e+00,5.1021191497465805e-02,5.1021162512429850e-02,6.8876525064680663e+01,6.5800916731732784e+01
branch0_seg26,6.8985507246376869e+00,5.6012968535693361e-02,5.6012939391119954e-02,7.6246879606942557e+01,7.2868359195823700e+01
branch0_seg26,7.0000000000000000e+00,6.1308178995752909e-02,6.1308152081589323e-02,8.3374881234140460e+01,7.9700359836968801e+01
branch0_seg27,0.0000000000000000e+00,6.1308152081589185e-02,6.1308127417949596e-02,7.9700359836969625e+01,7.5732924329122426e+01
branch0_seg27,1.0144927536232018e-01,6.5107290665307779e-02,6.5107320457720427e-02,7.8832708997201337e+01,7.4832834571340385e+01
branch0_seg27,2.0289855072464036e-01,7.0730519549312323e-02,7.0730364683934649e-02,9.7182240133823200e+01,9.2470432281411533e+01
branch0_seg27,3.0434782608695699e-01,7.4582863029498181e-02,7.4583057159465185e-02,8.7472796696172580e+01,8.3035861845584250e+01
branch0_seg27,4.0579710144927716e-01,7.7976363298948928e-02,7.7976125415006745e-02,1.0084581829903989e+02,9.5898791412216426e+01
branch0_seg27,5.0724637681159734e-01,8.0025305917921882e-02,8.0025532670081362e-02,9.3261220795554863e+01,8.8552076503634510e+01
branch0_seg27,6.0869565217391397e-01,8.0975518073633401e-02,8.0975331057770883e-02,9.7535182446140325e+01,9.2655707334906438e+01
branch0_seg27,7.1014492753623415e-01,8.0776627090630743e-02,8.0776792246405577e-02,9.1956786587742556e+01,8.7281650811364997e+01
branch0_seg27,8.1159420289855433e-01,7.9592927819878118e-02,7.9592828279505687e-02,9.0441955850558273e+01,8.5822757679740704e+01
branch0_seg27,9.1304347826087096e-01,7.7661807952681253e-02,7.7661902103506764e-02,8.5747793282505313e+01,8.1325822855443619e+01
branch0_seg27,1.0144927536231911e+00,7.5220090102201445e-02,7.5220052735347251e-02,8.2192861798033420e+01,7.7918255746079197e+01
branch0_seg27,1.1159420289855078e+00,7.2558606983538790e-02,7.2558652517631161e-02,7.8417340393828297e+01,7.4317289929404851e+01
branch0_seg27,1.2173913043478279e+00,6.9901274289428716e-02,6.9901266148888017e-02,7.5179051794466361e+01,7.1224360209915986e+01
branch0_seg27,1.3188405797101481e+00,6.7444430201971606e-02,6.7444449346431151e-02,7.2613485887335742e+01,6.8787818892616997e+01
branch0_seg27,1.4202898550724647e+00,6.5291732523210383e-02,6.5291733928990695e-02,7.0458979953518835e+01,6.6738267218297494e+01
branch0_seg27,1.5217391304347849e+00,6.3476355999275605e-02,6.3476363818238388e-02,6.8856735508392816e+01,6.5221388562300248e+01
branch0_seg27,1.6231884057971016e+00,6.1947882782560075e-02,6.1947887164921528e-02,6.7362804301560104e+01,6.3802250801205766e+01
branch0_seg27,1.7246376811594217e+00,6.0598124323408553e-02,6.0598130163417141e-02,6.5912165408114490e+01,6.2423804553422798e+01
branch0_seg27,1.8260869565217419e+00,5.9280092053196287e-02,5.9280099540149837e-02,6.4152376291698971e+01,6.0745466934461383e+01
branch0_seg27,1.9275362318840585e+00,5.7841579487566228e-02,5.7841588325603391e-02,6.1991692515799159e+01,5.8682568063909642e+01
branch0_seg27,2.0289855072463787e+00,5.6154690662144388e-02,5.6154702098680419e-02,5.9303635185874803e+01,5.6114479406742305e+01
branch0_seg27,2.1304347826086989e+00,5.4143404507083215e-02,5.4143417045749619e-02,5.6151291190311333e+01,5.3103986686749238e+01
branch0_seg27,2.2318840579710155e+00,5.1803637592613618e-02,5.1803651245483036e-02,5.2679918217696923e+01,4.9791649180255419e+01
branch0_seg27,2.3333333333333357e+00,4.9212503867015520e-02,4.9212516821387477e-02,4.9159917152569029e+01,4.6437632928695493e+01
branch0_seg27,2.4347826086956559e+00,4.6526117651358077e-02,4.6526128891670626e-02,4.5930504038104210e+01,4.3367062146823834e+01
branch0_seg27,2.5362318840579725e+00,4.3965722035541048e-02,4.3965729883147078e-02,4.3365584588761259e+01,4.0937055930352905e+01
branch0_seg27,2.6376811594202927e+00,4.1791530764489139e-02,4.1791534174130084e-02,4.1812177496318171e+01,3.9477787897118702e+01
branch0_seg27,2.7391304347826093e+00,4.0271969432419313e-02,4.0271967364283234e-02,4.1559450214965494e+01,3.9263039140870660e+01
branch0_seg27,2.8405797101449295e+00,3.9648573334186067e-02,3.9648565464881394e-02,4.2787273636491719e+01,4.0461487904392229e+01
branch0_seg27,2.9420289855072497e+00,4.0102950941115767e-02,4.0102937248965340e-02,4.5555277807580140e+01,4.3126950263906529e+01
branch0_seg27,3.0434782608695663e+00,4.1729501225716566e-02,4.1729482348427244e-02,4.9786690366935616e+01,4.7183631128330248e+01
branch0_seg27,3.1449275362318865e+00,4.4519629363565585e-02,4.4519606224096238e-02,5.5286616665659274e+01,5.2444139351642299e+01
branch0_seg27,3.2463768115942031e+00,4.8350012141330771e-02,4.8349986420175253e-02,6.1712060076126775e+01,5.8580662959648208e+01
branch0_seg27,3.3478260869565233e+00,5.2997817349109480e-02,5.2997790338248169e-02,6.8682707244635026e+01,6.5231304967990638e+01
branch0_seg27,3.4492753623188435e+00,5.8157060178202956e-02,5.8157034191862612e-02,7.5707970646930505e+01,7.1928849680066619e+01
branch0_seg27,3.5507246376811601e+00,6.3469840739338132e-02,6.3469817165763345e-02,8.2315325751047084e+01,7.8223659765334432e+01
branch0_seg27,3.6521739130434803e+00,6.8562344151766222e-02,6.8562325030381246e-02,8.8029612453223606e+01,8.3662870582357769e+01
branch0_seg27,3.7536231884058004e+00,7.3083367458476073e-02,7.3083353765880349e-02,9.2464489429744020e+01,8.7878033176370991e+01
branch0_seg27,3.8550724637681171e+00,7.6738114831746390e-02,7.6738107609863174e-02,9.5332601881341688e+01,9.0594804125605691e+01
branch0_seg27,3.9565217391304373e+00,7.9322293662779500e-02,7.9322292669014138e-02,9.6534180887160559e+01,9.1718405472232021e+01
branch0_seg27,4.0579710144927574e+00,8.0734439838054034e-02,8.0734444972032304e-02,9.6091821995214957e+01,9.1271010267436367e+01
branch0_seg27,4.1594202898550776e+00,8.0983968962897640e-02,8.0983978700831558e-02,9.4228781348672101e+01,8.9467501690970437e+01
branch0_seg27,4.2608695652173907e+00,8.0182450821525933e-02,8.0182464083063398e-02,9.1263685137950205e+01,8.6614060008221557e+01
branch0_seg27,4.3623188405797109e+00,7.8524513955521222e-02,7.8524528764017235e-02,8.7611937905025144e+01,8.3109549937073183e+01
branch0_seg27,4.4637681159420310e+00,7.6259132159370566e-02,7.6259147205750263e-02,8.3689802226594338e+01,7.9353087294219605e+01
branch0_seg27,4.5652173913043512e+00,7.3655480227329526e-02,7.3655494062152160e-02,7.9874100635146846e+01,7.5705221856330724e+01
branch0_seg27,4.6666666666666714e+00,7.0970544849725883e-02,7.0970556688131209e-02,7.6455317581724145e+01,7.2443015936484841e+01
branch0_seg27,4.7681159420289845e+00,6.8414066025515585e-02,6.8414075639664312e-02,7.3577327250651919e+01,6.9702239901606049e+01
branch0_seg27,4.8695652173913047e+00,6.6129065737892040e-02,6.6129073102336011e-02,7.1283270914236610e+01,6.7522147805337781e+01
branch0_seg27,4.9710144927536248e+00,6.4177859370848869e-02,6.4177865309006765e-02,6.9469401182564638e+01,6.5801234865677770e+01
branch0_seg27,5.0724637681159450e+00,6.2542509918277450e-02,6.2542515041093774e-02,6.7962469271424638e+01,6.4372142487742067e+01
branch0_seg27,5.1739130434782652e+00,6.1136040503081919e-02,6.1136045974859561e-02,6.6523082537164910e+01,6.3004835708629379e+01
branch0_seg27,5.2753623188405783e+00,5.9823915118382989e-02,5.9823921654556619e-02,6.4914482836819417e+01,6.1472697630858306e+01
branch0_seg27,5.3768115942028984e+00,5.8452017248062142e-02,5.8452025617908965e-02,6.2932480187908993e+01,5.9581037638122417e+01
branch0_seg27,5.4782608695652186e+00,5.6879123595835863e-02,5.6879133923642120e-02,6.0462295972723858e+01,5.7221417511146790e+01
branch0_seg27,5.5797101449275388e+00,5.5005060582067146e-02,5.5005072791487267e-02,5.7486712338258954e+01,5.4379090143922916e+01
branch0_seg27,5.6811594202898590e+00,5.2794652155380470e-02,5.2794665456413342e-02,5.4119195810638118e+01,5.1164523999650015e+01
branch0_seg27,5.7826086956521792e+00,5.0291485102100845e-02,5.0291498519730062e-02,5.0581182427060661e+01,4.7791180320498377e+01
branch0_seg27,5.8840579710144922e+00,4.7620485846869114e-02,4.7620497953365773e-02,4.7188932277238621e+01,4.4562597496239370e+01
branch0_seg27,5.9855072463768124e+00,4.4978792164682424e-02,4.4978801565020939e-02,4.4308189266939031e+01,4.1828620215041958e+01
branch0_seg27,6.0869565217391326e+00,4.2614357295678008e-02,4.2614362640442417e-02,4.2303363648267542e+01,3.9936542978350580e+01
branch0_seg27,6.1884057971014528e+00,4.0796282842457988e-02,4.0796283095591808e-02,4.1491169758361927e+01,3.9186880717165174e+01
branch0_seg27,6.2898550724637730e+00,3.9781320988031534e-02,3.9781315499219136e-02,4.2101014283753436e+01,3.9795852076883186e+01
branch0_seg27,6.3913043478260860e+00,3.9779218663236658e-02,3.9779207311710751e-02,4.4242099129250334e+01,4.1864529245541100e+01
branch0_seg27,6.4927536231884062e+00,4.0922692976828844e-02,4.0922676109047290e-02,4.7894335842339238e+01,4.5370915930993235e+01
branch0_seg27,6.5942028985507264e+00,4.3246129698684577e-02,4.3246108165281315e-02,5.2907130683470086e+01,5.0169375603034801e+01
branch0_seg27,6.6956521739130466e+00,4.6674166414124529e-02,4.6674141501468987e-02,5.9005085157276490e+01,5.5996325837222976e+01
branch0_seg27,6.7971014492753667e+00,5.1021162512429850e-02,5.1021135896780222e-02,6.5800916731732784e+01,6.2482457556164078e+01
branch0_seg27,6.8985507246376869e+00,5.6012939391119954e-02,5.6012912654135744e-02,7.2868359195823700e+01,6.9222292634730124e+01
branch0_seg27,7.0000000000000000e+00,6.1308152081589323e-02,6.1308127417949727e-02,7.9700359836968801e+01,7.5732924329121616e+01
branch0_seg28,0.0000000000000000e+00,6.1308127417949596e-02,6.1308105090580857e-02,7.5732924329122426e+01,7.1427734251372925e+01
branch0_seg28,1.0144927536232018e-01,6.5107320457720427e-02,6.5107348214936689e-02,7.4832834571340385e+01,7.0484359267860683e+01
branch0_seg28,2.0289855072464036e-01,7.0730364683934649e-02,7.0730222192338640e-02,9.2470432281411533e+01,8.7364396498329256e+01
branch0_seg28,3.0434782608695699e-01,7.4583057159465185e-02,7.4583236667382563e-02,8.3035861845584250e+01,7.8207539305443916e+01
branch0_seg28,4.0579710144927716e-01,7.7976125415006745e-02,7.7975905953777097e-02,9.5898791412216426e+01,9.0529527237505746e+01
branch0_seg28,5.0724637681159734e-01,8.0025532670081362e-02,8.0025742191667318e-02,8.8552076503634510e+01,8.3426165675098076e+01
branch0_seg28,6.0869565217391397e-01,8.0975331057770883e-02,8.0975158427020896e-02,9.2655707334906438e+01,8.7349857292035878e+01
branch0_seg28,7.1014492753623415e-01,8.0776792246405577e-02,8.0776944630768621e-02,8.7281650811364997e+01,8.2189458034261577e+01
branch0_seg28,8.1159420289855433e-01,7.9592828279505687e-02,7.9592736379250531e-02,8.5822757679740704e+01,8.0792132879068532e+01
branch0_seg28,9.1304347826087096e-01,7.7661902103506764e-02,7.7661988720780187e-02,8.1325822855443619e+01,7.6505647534354097e+01
branch0_seg28,1.0144927536231911e+00,7.5220052735347251e-02,7.5220018205735859e-02,7.7918255746079197e+01,7.3258146599796888e+01
branch0_seg28,1.1159420289855078e+00,7.2558652517631161e-02,7.2558694186699968e-02,7.4317289929404851e+01,6.9845845301048882e+01
branch0_seg28,1.2173913043478279e+00,6.9901266148888017e-02,6.9901258575374436e-02,7.1224360209915986e+01,6.6911382127426961e+01
branch0_seg28,1.3188405797101481e+00,6.7444449346431151e-02,6.7444466707638540e-02,6.8787818892616997e+01,6.4615571297121733e+01
branch0_seg28,1.4202898550724647e+00,6.5291733928990695e-02,6.5291735164829348e-02,6.6738267218297494e+01,6.2681026522120639e+01
branch0_seg28,1.5217391304347849e+00,6.3476363818238388e-02,6.3476370820949174e-02,6.5221388562300248e+01,6.1257774949376248e+01
branch0_seg28,1.6231884057971016e+00,6.1947887164921528e-02,6.1947891151456679e-02,6.3802250801205766e+01,5.9920587109736424e+01
branch0_seg28,1.7246376811594217e+00,6.0598130163417141e-02,6.0598135406598128e-02,6.2423804553422798e+01,5.8620897873673442e+01
branch0_seg28,1.8260869565217419e+00,5.9280099540149837e-02,5.9280106370686154e-02,6.0745466934461383e+01,5.7030944213171800e+01
branch0_seg28,1.9275362318840585e+00,5.7841588325603391e-02,5.7841596340467510e-02,5.8682568063909642e+01,5.5073787060721784e+01
branch0_seg28,2.0289855072463787e+00,5.6154702098680419e-02,5.6154712517262895e-02,5.6114479406742305e+01,5.2635255063208469e+01
branch0_seg28,2.1304347826086989e+00,5.4143417045749619e-02,5.4143428430461195e-02,5.3103986686749238e+01,4.9778003502674849e+01
branch0_seg28,2.2318840579710155e+00,5.1803651245483036e-02,5.1803663639672370e-02,4.9791649180255419e+01,4.6637707924037592e+01
branch0_seg28,2.3333333333333357e+00,4.9212516821387477e-02,4.9212528541129362e-02,4.6437632928695493e+01,4.3463653537522134e+01
branch0_seg28,2.4347826086956559e+00,4.6526128891670626e-02,4.6526139025962324e-02,4.3367062146823834e+01,4.0565854405145416e+01
branch0_seg28,2.5362318840579725e+00,4.3965729883147078e-02,4.3965736899021592e-02,4.0937055930352905e+01,3.8283329506460888e+01
branch0_seg28,2.6376811594202927e+00,4.1791534174130084e-02,4.1791537135874045e-02,3.9477787897118702e+01,3.6927981477629551e+01
branch0_seg28,2.7391304347826093e+00,4.0271967364283234e-02,4.0271965337659768e-02,3.9263039140870660e+01,3.6756815125600475e+01
branch0_seg28,2.8405797101449295e+00,3.9648565464881394e-02,3.9648558174810507e-02,4.0461487904392229e+01,3.7926179517461996e+01
branch0_seg28,2.9420289855072497e+00,4.0102937248965340e-02,4.0102924690341803e-02,4.3126950263906529e+01,4.0483341814270965e+01
branch0_seg28,3.0434782608695663e+00,4.1729482348427244e-02,4.1729465113467035e-02,4.7183631128330248e+01,4.4353291473973783e+01
branch0_seg28,3.1449275362318865e+00,4.4519606224096238e-02,4.4519585156357205e-02,5.2444139351642299e+01,4.9356523451367060e+01
branch0_seg28,3.2463768115942031e+00,4.8349986420175253e-02,4.8349963049932478e-02,5.8580662959648208e+01,5.5181445022161874e+01
branch0_seg28,3.3478260869565233e+00,5.2997790338248175e-02,5.2997765829510296e-02,6.5231304967990638e+01,6.1486013013303506e+01
branch0_seg28,3.4492753623188435e+00,5.8157034191862612e-02,5.8157010647838070e-02,7.1928849680066619e+01,6.7828242134429232e+01
branch0_seg28,3.5507246376811601e+00,6.3469817165763345e-02,6.3469795835292442e-02,7.8223659765334432e+01,7.3783326087305213e+01
branch0_seg28,3.6521739130434803e+00,6.8562325030381246e-02,6.8562307767594963e-02,8.3662870582357769e+01,7.8922619039079052e+01
branch0_seg28,3.7536231884058004e+00,7.3083353765880349e-02,7.3083341450474099e-02,8.7878033176370991e+01,8.2897204213098647e+01
branch0_seg28,3.8550724637681171e+00,7.6738107609863174e-02,7.6738101188739444e-02,9.0594804125605691e+01,8.5447008888349870e+01
branch0_seg28,3.9565217391304373e+00,7.9322292669014138e-02,7.9322291911421525e-02,9.1718405472232021e+01,8.6482919288151407e+01
branch0_seg28,4.0579710144927574e+00,8.0734444972032304e-02,8.0734449784175946e-02,9.1271010267436367e+01,8.6026873502579704e+01
branch0_seg28,4.1594202898550776e+00,8.0983978700831558e-02,8.0983987681042799e-02,8.9467501690970437e+01,8.4284963563834367e+01
branch0_seg28,4.2608695652173907e+00,8.0182464083063398e-02,8.0182476243623388e-02,8.6614060008221557e+01,8.1550094905244620e+01
branch0_seg28,4.3623188405797109e+00,7.8524528764017235e-02,7.8524542294392360e-02,8.3109549937073183e+01,7.8203395641685759e+01
branch0_seg28,4.4637681159420310e+00,7.6259147205750263e-02,7.6259160914470311e-02,7.9353087294219605e+01,7.4625483812720404e+01
branch0_seg28,4.5652173913043512e+00,7.3655494062152160e-02,7.3655506630348547e-02,7.5705221856330724e+01,7.1159273057913495e+01
branch0_seg28,4.6666666666666714e+00,7.0970556688131209e-02,7.0970567409486832e-02,7.2443015936484841e+01,6.8067186756080929e+01
branch0_seg28,4.7681159420289845e+00,6.8414075639664312e-02,6.8414084319575283e-02,6.9702239901606049e+01,6.5476017607207197e+01
branch0_seg28,4.8695652173913047e+00,6.6129073102336011e-02,6.6129079727310788e-02,6.7522147805337781e+01,6.3420601891881716e+01
branch0_seg28,4.9710144927536248e+00,6.4177865309006765e-02,6.4177870643455107e-02,6.5801234865677770e+01,6.1801615650194620e+01
branch0_seg28,5.0724637681159450e+00,6.2542515041093774e-02,6.2542519645933298e-02,6.4372142487742067e+01,6.0457890126769321e+01
branch0_seg28,5.1739130434782652e+00,6.1136045974859561e-02,6.1136050916717026e-02,6.3004835708629379e+01,5.9169375749825953e+01
branch0_seg28,5.2753623188405783e+00,5.9823921654556619e-02,5.9823927581721920e-02,6.1472697630858306e+01,5.7720381532042353e+01
branch0_seg28,5.3768115942028984e+00,5.8452025617908965e-02,5.8452033227234856e-02,5.9581037638122417e+01,5.5926523736509793e+01
branch0_seg28,5.4782608695652186e+00,5.6879133923642120e-02,5.6879143318268224e-02,5.7221417511146790e+01,5.3686342684624556e+01
branch0_seg28,5.5797101449275388e+00,5.5005072791487267e-02,5.5005083892939545e-02,5.4379090143922916e+01,5.0987927675294884e+01
branch0_seg28,5.6811594202898590e+00,5.2794665456413342e-02,5.2794677533496481e-02,5.1164523999650015e+01,4.7938711103120021e+01
branch0_seg28,5.7826086956521792e+00,5.0291498519730062e-02,5.0291510677365349e-02,4.7791180320498377e+01,4.4743721867279234e+01
branch0_seg28,5.8840579710144922e+00,4.7620497953365773e-02,4.7620508886440968e-02,4.4562597496239370e+01,4.1692899883237928e+01
branch0_seg28,5.9855072463768124e+00,4.4978801565020939e-02,4.4978810005544177e-02,4.1828620215041958e+01,3.9118981858097612e+01
branch0_seg28,6.0869565217391326e+00,4.2614362640442417e-02,4.2614367367968933e-02,3.9936542978350580e+01,3.7350744449832526e+01
branch0_seg28,6.1884057971014528e+00,4.0796283095591808e-02,4.0796283180738510e-02,3.9186880717165174e+01,3.6671077833568823e+01
branch0_seg28,6.2898550724637730e+00,3.9781315499219136e-02,3.9781310366920258e-02,3.9795852076883186e+01,3.7281748208207972e+01
branch0_seg28,6.3913043478260860e+00,3.9779207311710751e-02,3.9779196869099469e-02,4.1864529245541100e+01,3.9274783106419697e+01
branch0_seg28,6.4927536231884062e+00,4.0922676109047290e-02,4.0922660684545649e-02,4.5370915930993235e+01,4.2625851587164902e+01
branch0_seg28,6.5942028985507264e+00,4.3246108165281315e-02,4.3246088540432569e-02,5.0169375603034801e+01,4.7194424925782990e+01
branch0_seg28,6.6956521739130466e+00,4.6674141501468987e-02,4.6674118847837544e-02,5.5996325837222976e+01,5.2729493020917197e+01
branch0_seg28,6.7971014492753667e+00,5.1021135896780222e-02,5.1021111735459229e-02,6.2482457556164078e+01,5.8881042938825097e+01
branch0_seg28,6.8985507246376869e+00,5.6012912654135744e-02,5.6012888413502784e-02,6.9222292634730124e+01,6.5266053810997406e+01
branch0_seg28,7.0000000000000000e+00,6.1308127417949727e-02,6.1308105090581010e-02,7.5732924329121616e+01,7.1427734251372115e+01
branch0_seg29,0.0000000000000000e+00,6.1308105090580857e-02,6.1308084814913372e-02,7.1427734251372925e+01,6.6838706439836571e+01
branch0_seg29,1.0144927536232018e-01,6.5107348214936689e-02,6.5107374315076932e-02,7.0484359267860683e+01,6.5841822959037174e+01
branch0_seg29,2.0289855072464036e-01,7.0730222192338640e-02,7.0730090190566933e-02,8.7364396498329256e+01,8.1925856002858282e+01
branch0_seg29,3.0434782608695699e-01,7.4583236667382563e-02,7.4583403958851824e-02,7.8207539305443916e+01,7.3047027652118047e+01
branch0_seg29,4.0579710144927716e-01,7.7975905953777097e-02,7.7975701989914603e-02,9.0529527237505746e+01,8.4802176304082295e+01
branch0_seg29,5.0724637681159734e-01,8.0025742191667318e-02,8.0025937292986529e-02,8.3426165675098076e+01,7.7945350287531824e+01
branch0_seg29,6.0869565217391397e-01,8.0975158427020896e-02,8.0974997865540202e-02,8.7349857292035878e+01,8.1681123066265798e+01
branch0_seg29,7.1014492753623415e-01,8.0776944630768621e-02,8.0777086291014058e-02,8.2189458034261577e+01,7.6741740709248006e+01
branch0_seg29,8.1159420289855433e-01,7.9592736379250531e-02,7.9592650871658663e-02,8.0792132879068532e+01,7.5411085749376994e+01
branch0_seg29,9.1304347826087096e-01,7.7661988720780187e-02,7.7662068970188375e-02,7.6505647534354097e+01,7.1346376837180685e+01
branch0_seg29,1.0144927536231911e+00,7.5220018205735859e-02,7.5219986030522643e-02,7.3258146599796888e+01,6.8270196165714935e+01
branch0_seg29,1.1159420289855078e+00,7.2558694186699968e-02,7.2558732552221047e-02,6.9845845301048882e+01,6.5058920540624328e+01
branch0_seg29,1.2173913043478279e+00,6.9901258575374436e-02,6.9901251450128085e-02,6.6911382127426961e+01,6.2294524372316744e+01
branch0_seg29,1.3188405797101481e+00,6.7444466707638540e-02,6.7444482519645785e-02,6.4615571297121733e+01,6.0149774771766353e+01
branch0_seg29,1.4202898550724647e+00,6.5291735164829348e-02,6.5291736235459016e-02,6.2681026522120639e+01,5.8339134716671651e+01
branch0_seg29,1.5217391304347849e+00,6.3476370820949174e-02,6.3476377101505832e-02,6.1257774949376248e+01,5.7016809267943479e+01
branch0_seg29,1.6231884057971016e+00,6.1947891151456679e-02,6.1947894788280285e-02,5.9920587109736424e+01,5.5767875609705598e+01
branch0_seg29,1.7246376811594217e+00,6.0598135406598128e-02,6.0598140122193771e-02,5.8620897873673442e+01,5.4552686642422202e+01
branch0_seg29,1.8260869565217419e+00,5.9280106370686154e-02,5.9280112631035956e-02,5.7030944213171800e+01,5.3057133091226447e+01
branch0_seg29,1.9275362318840585e+00,5.7841596340467510e-02,5.7841603636579711e-02,5.5073787060721784e+01,5.1212579227796077e+01
branch0_seg29,2.0289855072463787e+00,5.6154712517262895e-02,5.6154722051924420e-02,5.2635255063208469e+01,4.8911842674410231e+01
branch0_seg29,2.1304347826086989e+00,5.4143428430461195e-02,5.4143438808555454e-02,4.9778003502674849e+01,4.6217605361874263e+01
branch0_seg29,2.2318840579710155e+00,5.1803663639672370e-02,5.1803674934666512e-02,4.6637707924037592e+01,4.3260507350840314e+01
branch0_seg29,2.3333333333333357e+00,4.9212528541129362e-02,4.9212539176810191e-02,4.3463653537522134e+01,4.0278405060408495e+01
branch0_seg29,2.4347826086956559e+00,4.6526139025962324e-02,4.6526148183517413e-02,4.0565854405145416e+01,3.7565335525938274e+01
branch0_seg29,2.5362318840579725e+00,4.3965736899021592e-02,4.3965743171577976e-02,3.8283329506460888e+01,3.5441102487624846e+01
branch0_seg29,2.6376811594202927e+00,4.1791537135874045e-02,4.1791539685105281e-02,3.6927981477629551e+01,3.4198130457522581e+01
branch0_seg29,2.7391304347826093e+00,4.0271965337659768e-02,4.0271963323001543e-02,3.6756815125600475e+01,3.4075475358135762e+01
branch0_seg29,2.8405797101449295e+00,3.9648558174810507e-02,3.9648551366185399e-02,3.7926179517461996e+01,3.5216195578583147e+01
branch0_seg29,2.9420289855072497e+00,4.0102924690341803e-02,4.0102913099461755e-02,4.0483341814270965e+01,3.7660377803440980e+01
branch0_seg29,3.0434782608695663e+00,4.1729465113467035e-02,4.1729449295160252e-02,4.4353291473973783e+01,4.1333605441062630e+01
branch0_seg29,3.1449275362318865e+00,4.4519585156357205e-02,4.4519565886091371e-02,4.9356523451367060e+01,4.6064538027816816e+01
branch0_seg29,3.2463768115942031e+00,4.8349963049932478e-02,4.8349941728063048e-02,5.5181445022161874e+01,5.1558618208947749e+01
branch0_seg29,3.3478260869565233e+00,5.2997765829510296e-02,5.2997743507245156e-02,6.1486013013303506e+01,5.7494821690872719e+01
branch0_seg29,3.4492753623188435e+00,5.8157010647838070e-02,5.8156989244842111e-02,6.7828242134429232e+01,6.3457932117555032e+01
branch0_seg29,3.5507246376811601e+00,6.3469795835292442e-02,6.3469776476786338e-02,7.3783326087305213e+01,6.9049626039620378e+01
branch0_seg29,3.6521739130434803e+00,6.8562307767594963e-02,6.8562292146163398e-02,7.8922619039079052e+01,7.3867152101007179e+01
branch0_seg29,3.7536231884058004e+00,7.3083341450474099e-02,7.3083330359541648e-02,8.2897204213098647e+01,7.7582601443903158e+01
branch0_seg29,3.8550724637681171e+00,7.6738101188739444e-02,7.6738095491893171e-02,8.5447008888349870e+01,7.9951345409318250e+01
branch0_seg29,3.9565217391304373e+00,7.9322291911421539e-02,7.9322291385963209e-02,8.6482919288151407e+01,8.0890611838270885e+01
branch0_seg29,4.0579710144927574e+00,8.0734449784175932e-02,8.0734454341354470e-02,8.6026873502579704e+01,8.0422341328148576e+01
branch0_seg29,4.1594202898550776e+00,8.0983987681042799e-02,8.0983996022671825e-02,8.4284963563834367e+01,7.8743523461607850e+01
branch0_seg29,4.2608695652173907e+00,8.0182476243623388e-02,8.0182487461940080e-02,8.1550094905244620e+01,7.6133082960346286e+01
branch0_seg29,4.3623188405797109e+00,7.8524542294392360e-02,7.8524554721501799e-02,7.8203395641685759e+01,7.2953359718186292e+01
branch0_seg29,4.4637681159420310e+00,7.6259160914470311e-02,7.6259173461489846e-02,7.4625483812720404e+01,6.9565267947834982e+01
branch0_seg29,4.5652173913043512e+00,7.3655506630348547e-02,7.3655518092166972e-02,7.1159273057913495e+01,6.6292863386148611e+01
branch0_seg29,4.6666666666666714e+00,7.0970567409486832e-02,7.0970577149632619e-02,6.8067186756080929e+01,6.3382839559996341e+01
branch0_seg29,4.7681159420289845e+00,6.8414084319575283e-02,6.8414092174532690e-02,6.5476017607207197e+01,6.0952224230610447e+01
branch0_seg29,4.8695652173913047e+00,6.6129079727310788e-02,6.6129085695639328e-02,6.3420601891881716e+01,5.9030958231222385e+01
branch0_seg29,4.9710144927536248e+00,6.4177870643455107e-02,6.4177875440769708e-02,6.1801615650194620e+01,5.7521830409959570e+01
branch0_seg29,5.0724637681159450e+00,6.2542519645933298e-02,6.2542523790445684e-02,6.0457890126769321e+01,5.6270114061576876e+01
branch0_seg29,5.1739130434782652e+00,6.1136050916717026e-02,6.1136055391308688e-02,5.9169375749825953e+01,5.5066282982066348e+01
branch0_seg29,5.2753623188405783e+00,5.9823927581721920e-02,5.9823932975795108e-02,5.7720381532042353e+01,5.3706250828290251e+01
branch0_seg29,5.3768115942028984e+00,5.8452033227234856e-02,5.8452040174146618e-02,5.5926523736509793e+01,5.2016642178647864e+01
branch0_seg29,5.4782608695652186e+00,5.6879143318268224e-02,5.6879151901072608e-02,5.3686342684624556e+01,4.9903535199559684e+01
branch0_seg29,5.5797101449275388e+00,5.5005083892939545e-02,5.5005094029843979e-02,5.0987927675294884e+01,4.7358179604358192e+01
branch0_seg29,5.6811594202898590e+00,5.2794677533496481e-02,5.2794688542370093e-02,4.7938711103120021e+01,4.4484948354192511e+01
branch0_seg29,5.7826086956521792e+00,5.0291510677365349e-02,5.0291521731360068e-02,4.4743721867279234e+01,4.1480051471990990e+01
branch0_seg29,5.8840579710144922e+00,4.7620508886440968e-02,4.7620518786015802e-02,4.1692899883237928e+01,3.8619084570492028e+01
branch0_seg29,5.9855072463768124e+00,4.4978810005544177e-02,4.4978817593321362e-02,3.9118981858097612e+01,3.6216648625054425e+01
branch0_seg29,6.0869565217391326e+00,4.2614367367968933e-02,4.2614371536700009e-02,3.7350744449832526e+01,3.4581814148692025e+01
branch0_seg29,6.1884057971014528e+00,4.0796283180738510e-02,4.0796283095816469e-02,3.6671077833568823e+01,3.3978642599183964e+01
branch0_seg29,6.2898550724637730e+00,3.9781310366920258e-02,3.9781305521280529e-02,3.7281748208207972e+01,3.4593380426856925e+01
branch0_seg29,6.3913043478260860e+00,3.9779196869099469e-02,3.9779187196886188e-02,3.9274783106419697e+01,3.6508231536974932e+01
branch0_seg29,6.4927536231884062e+00,4.0922660684545649e-02,4.0922646500766199e-02,4.2625851587164902e+01,3.9696149596205771e+01
branch0_seg29,6.5942028985507264e+00,4.3246088540432569e-02,4.3246070568093008e-02,4.7194424925782990e+01,4.4021802540303327e+01
branch0_seg29,6.6956521739130466e+00,4.6674118847837544e-02,4.6674098159286352e-02,5.2729493020917197e+01,4.9247338186193474e+01
branch0_seg29,6.7971014492753667e+00,5.1021111735459229e-02,5.1021089716662492e-02,5.8881042938825097e+01,5.5043100754028558e+01
branch0_seg29,6.8985507246376869e+00,5.6012888413502784e-02,5.6012866358118064e-02,6.5266053810997406e+01,6.1049897777107425e+01
branch0_seg29,7.0000000000000000e+00,6.1308105090581010e-02,6.1308084814913510e-02,7.1427734251372115e+01,6.6838706439835789e+01
branch0_seg30,0.0000000000000000e+00,6.1308084814913372e-02,6.1308066864121838e-02,6.6838706439836571e+01,6.1807512366258976e+01
branch0_seg30,1.0144927536232018e-01,6.5107374315076932e-02,6.5107398516692089e-02,6.5841822959037174e+01,6.0740105331583429e+01
branch0_seg30,2.0289855072464036e-01,7.0730090190566933e-02,7.0729970145720356e-02,8.1925856002858282e+01,7.5968462911116575e+01
branch0_seg30,3.0434782608695699e-01,7.4583403958851824e-02,7.4583557308890575e-02,7.3047027652118047e+01,6.7366062973909592e+01
branch0_seg30,4.0579710144927716e-01,7.7975701989914603e-02,7.7975515697638387e-02,8.4802176304082295e+01,7.8514200801028551e+01
branch0_seg30,5.0724637681159734e-01,8.0025937292986529e-02,8.0026115957409216e-02,7.7945350287531824e+01,7.1907544274599005e+01
branch0_seg30,6.0869565217391397e-01,8.0974997865540202e-02,8.0974851043975490e-02,8.1681123066265798e+01,7.5442953064040935e+01
branch0_seg30,7.1014492753623415e-01,8.0777086291014058e-02,8.0777215755641993e-02,7.6741740709248006e+01,7.0735692354387567e+01
branch0_seg30,8.1159420289855433e-01,7.9592650871658663e-02,7.9592572610763856e-02,7.5411085749376994e+01,6.9479786345745623e+01
branch0_seg30,9.1304347826087096e-01,7.7662068970188375e-02,7.7662142005964108e-02,7.1346376837180685e+01,6.5654770639310343e+01
branch0_seg30,1.0144927536231911e+00,7.5219986030522643e-02,7.5219956495807053e-02,6.8270196165714935e+01,6.2767783843463057e+01
branch0_seg30,1.1159420289855078e+00,7.2558732552221047e-02,7.2558767197089508e-02,6.5058920540624328e+01,5.9777302064345392e+01
branch0_seg30,1.2173913043478279e+00,6.9901251450128085e-02,6.9901244803355578e-02,6.2294524372316744e+01,5.7201461699289297e+01
branch0_seg30,1.3188405797101481e+00,6.7444482519645785e-02,6.7444496600626389e-02,6.0149774771766353e+01,5.5224350487419798e+01
branch0_seg30,1.4202898550724647e+00,6.5291736235459016e-02,6.5291737098343461e-02,5.8339134716671651e+01,5.3551832181530322e+01
branch0_seg30,1.5217391304347849e+00,6.3476377101505832e-02,6.3476382581245952e-02,5.7016809267943479e+01,5.2342147634412946e+01
branch0_seg30,1.6231884057971016e+00,6.1947894788280285e-02,6.1947898016892433e-02,5.5767875609705598e+01,5.1191529164278940e+01
branch0_seg30,1.7246376811594217e+00,6.0598140122193771e-02,6.0598144249265469e-02,5.4552686642422202e+01,5.0069995104585594e+01
branch0_seg30,1.8260869565217419e+00,5.9280112631035956e-02,5.9280118238645388e-02,5.3057133091226447e+01,4.8678364957692963e+01
branch0_seg30,1.9275362318840585e+00,5.7841603636579711e-02,5.7841610121905675e-02,5.1212579227796077e+01,4.6957243761239617e+01
branch0_seg30,2.0289855072463787e+00,5.6154722051924420e-02,5.6154730581789686e-02,4.8911842674410231e+01,4.4807271666769232e+01
branch0_seg30,2.1304347826086989e+00,5.4143438808555454e-02,5.4143448048015672e-02,4.6217605361874263e+01,4.2291425786814024e+01
branch0_seg30,2.2318840579710155e+00,5.1803674934666512e-02,5.1803684984782501e-02,4.3260507350840314e+01,3.9535078198522207e+01
branch0_seg30,2.3333333333333357e+00,4.9212539176810191e-02,4.9212548588226289e-02,4.0278405060408495e+01,3.6763805467955464e+01
branch0_seg30,2.4347826086956559e+00,4.6526148183517413e-02,4.6526156239528514e-02,3.7565335525938274e+01,3.4254311333555506e+01
branch0_seg30,2.5362318840579725e+00,4.3965743171577976e-02,4.3965748609143630e-02,3.5441102487624846e+01,3.2305440429223694e+01
branch0_seg30,2.6376811594202927e+00,4.1791539685105281e-02,4.1791541774610773e-02,3.4198130457522581e+01,3.1188251645940849e+01
branch0_seg30,2.7391304347826093e+00,4.0271963323001543e-02,4.0271961329078759e-02,3.4075475358135762e+01,3.1122019617602355e+01
branch0_seg30,2.8405797101449295e+00,3.9648551366185399e-02,3.9648545108323316e-02,3.5216195578583147e+01,3.2235005108577454e+01
branch0_seg30,2.9420289855072497e+00,4.0102913099461755e-02,4.0102902607606641e-02,3.7660377803440980e+01,3.4559113484779623e+01
branch0_seg30,3.0434782608695663e+00,4.1729449295160252e-02,4.1729435081651833e-02,4.1333605441062630e+01,3.8020195584134157e+01
branch0_seg30,3.1449275362318865e+00,4.4519565886091371e-02,4.4519548649933890e-02,4.6064538027816816e+01,4.2455467958018531e+01
branch0_seg30,3.2463768115942031e+00,4.8349941728063048e-02,4.8349922723656451e-02,5.1558618208947749e+01,4.7588630318513509e+01
branch0_seg30,3.3478260869565233e+00,5.2997743507245156e-02,5.2997723659619418e-02,5.7494821690872719e+01,5.3121453624966989e+01
branch0_seg30,3.4492753623188435e+00,5.8156989244842111e-02,5.8156970266658281e-02,6.3457932117555032e+01,5.8667865252037501e+01
branch0_seg30,3.5507246376811601e+00,6.3469776476786338e-02,6.3469759353746144e-02,6.9049626039620378e+01,6.3858612481285860e+01
branch0_seg30,3.6521739130434803e+00,6.8562292146163398e-02,6.8562278387183970e-02,7.3867152101007179e+01,6.8319498887240130e+01
branch0_seg30,3.7536231884058004e+00,7.3083330359541648e-02,7.3083320659146175e-02,7.7582601443903158e+01,7.1746005451595678e+01
branch0_seg30,3.8550724637681171e+00,7.6738095491893171e-02,7.6738090617738605e-02,7.9951345409318250e+01,7.3910874410676541e+01
branch0_seg30,3.9565217391304373e+00,7.9322291385963209e-02,7.9322291123335484e-02,8.0890611838270885e+01,7.4738828043128564e+01
branch0_seg30,4.0579710144927574e+00,8.0734454341354470e-02,8.0734458606537315e-02,8.0422341328148576e+01,7.4252250785340237e+01
branch0_seg30,4.1594202898550776e+00,8.0983996022671825e-02,8.0984003635121926e-02,7.8743523461607850e+01,7.2638584088013076e+01
branch0_seg30,4.2608695652173907e+00,8.0182487461940080e-02,8.0182497605338979e-02,7.6133082960346286e+01,7.0161670148009890e+01
branch0_seg30,4.3623188405797109e+00,7.8524554721501799e-02,7.8524565890936190e-02,7.2953359718186292e+01,6.7163388654724088e+01
branch0_seg30,4.4637681159420310e+00,7.6259173461489846e-02,7.6259184685523604e-02,6.9565267947834982e+01,6.3983015492783714e+01
branch0_seg30,4.5652173913043512e+00,7.3655518092166972e-02,7.3655528295396053e-02,6.6292863386148611e+01,6.0923782425198020e+01
branch0_seg30,4.6666666666666714e+00,7.0970577149632619e-02,7.0970585775090342e-02,6.3382839559996341e+01,5.8214895782403779e+01
branch0_seg30,4.7681159420289845e+00,6.8414092174532690e-02,6.8414099093563149e-02,6.0952224230610447e+01,5.5962343933974736e+01
branch0_seg30,4.8695652173913047e+00,6.6129085695639328e-02,6.6129090920095515e-02,5.9030958231222385e+01,5.4190397517972762e+01
branch0_seg30,4.9710144927536248e+00,6.4177875440769708e-02,6.4177879630142279e-02,5.7521830409959570e+01,5.2803833387685287e+01
branch0_seg30,5.0724637681159450e+00,6.2542523790445684e-02,6.2542527414136059e-02,5.6270114061576876e+01,5.1654755561341297e+01
branch0_seg30,5.1739130434782652e+00,6.1136055391308688e-02,6.1136059336807991e-02,5.5066282982066348e+01,5.0545004382908701e+01
branch0_seg30,5.2753623188405783e+00,5.9823932975795108e-02,5.9823937765698457e-02,5.3706250828290251e+01,4.9283169552738123e+01
branch0_seg30,5.3768115942028984e+00,5.8452040174146618e-02,5.8452046369933175e-02,5.2016642178647864e+01,4.7707995718586879e+01
branch0_seg30,5.4782608695652186e+00,5.6879151901072608e-02,5.6879159563405432e-02,4.9903535199559684e+01,4.5733991207321282e+01
branch0_seg30,5.5797101449275388e+00,5.5005094029843979e-02,5.5005103073693162e-02,4.7358179604358192e+01,4.3356088304387207e+01
branch0_seg30,5.6811594202898590e+00,5.2794688542370093e-02,5.2794698341859229e-02,4.4484948354192511e+01,4.0675575841227818e+01
branch0_seg30,5.7826086956521792e+00,5.0291521731360068e-02,5.0291531537523547e-02,4.1480051471990990e+01,3.7879246151434167e+01
branch0_seg30,5.8840579710144922e+00,4.7620518786015802e-02,4.7620527519235047e-02,3.8619084570492028e+01,3.5227185624904926e+01
branch0_seg30,5.9855072463768124e+00,4.4978817593321362e-02,4.4978824221396561e-02,3.6216648625054425e+01,3.3014251882455000e+01
branch0_seg30,6.0869565217391326e+00,4.2614371536700009e-02,4.2614375079892124e-02,3.4581814148692025e+01,3.1527950974473843e+01
branch0_seg30,6.1884057971014528e+00,4.0796283095816469e-02,4.0796282825758097e-02,3.3978642599183964e+01,3.1011634076869118e+01
branch0_seg30,6.2898550724637730e+00,3.9781305521280529e-02,3.9781301006610037e-02,3.4593380426856925e+01,3.1634358169832542e+01
branch0_seg30,6.3913043478260860e+00,3.9779187196886188e-02,3.9779178401280084e-02,3.6508231536974932e+01,3.3467276842195240e+01
branch0_seg30,6.4927536231884062e+00,4.0922646500766199e-02,4.0922633723572979e-02,3.9696149596205771e+01,3.6480011145996201e+01
branch0_seg30,6.5942028985507264e+00,4.3246070568093008e-02,4.3246054466364987e-02,4.4021802540303327e+01,4.0542526956374275e+01
branch0_seg30,6.6956521739130466e+00,4.6674098159286352e-02,4.6674079694038743e-02,4.9247338186193474e+01,4.5430995424130181e+01
branch0_seg30,6.7971014492753667e+00,5.1021089716662492e-02,5.1021070122216600e-02,5.5043100754028558e+01,5.0837724405775305e+01
branch0_seg30,6.8985507246376869e+00,5.6012866358118064e-02,5.6012846776920810e-02,6.1049897777107425e+01,5.6429457426914112e+01
branch0_seg30,7.0000000000000000e+00,6.1308084814913510e-02,6.1308066864121977e-02,6.6838706439835789e+01,6.1807512366258216e+01
branch0_seg31,0.0000000000000000e+00,6.1308066864121838e-02,6.1308051130218449e-02,6.1807512366258976e+01,5.6349280064393810e+01
branch0_seg31,1.0144927536232018e-01,6.5107398516692089e-02,6.5107421004175089e-02,6.0740105331583429e+01,5.5196429403789686e+01
branch0_seg31,2.0289855072464036e-01,7.0729970145720356e-02,7.0729861224356233e-02,7.5968462911116575e+01,6.9513713919521152e+01
branch0_seg31,3.0434782608695699e-01,7.4583557308890575e-02,7.4583697827925205e-02,6.7366062973909592e+01,6.1188274071001004e+01
branch0_seg31,4.0579710144927716e-01,7.7975515697638387e-02,7.7975345749552505e-02,7.8514200801028551e+01,7.1692260425402338e+01
branch0_seg31,5.0724637681159734e-01,8.0026115957409216e-02,8.0026279480858636e-02,7.1907544274599005e+01,6.5340555324075538e+01
branch0_seg31,6.0869565217391397e-01,8.0974851043975490e-02,8.0974716897597873e-02,7.5442953064040935e+01,6.8664089802401008e+01
branch0_seg31,7.1014492753623415e-01,8.0777215755641993e-02,8.0777333966891809e-02,7.0735692354387567e+01,6.4199620195283998e+01
branch0_seg31,8.1159420289855433e-01,7.9592572610763856e-02,7.9592501011118102e-02,6.9479786345745623e+01,6.3025593859443603e+01
branch0_seg31,9.1304347826087096e-01,7.7662142005964108e-02,7.7662208360947199e-02,6.5654770639310343e+01,5.9456530769930183e+01
branch0_seg31,1.0144927536231911e+00,7.5219956495807053e-02,7.5219929363013957e-02,6.2767783843463057e+01,5.6774722694744902e+01
branch0_seg31,1.1159420289855078e+00,7.2558767197089508e-02,7.2558798373694375e-02,5.9777302064345392e+01,5.4022806921168019e+01
branch0_seg31,1.2173913043478279e+00,6.9901244803355578e-02,6.9901238565094823e-02,5.7201461699289297e+01,5.1652141574858518e+01
branch0_seg31,1.3188405797101481e+00,6.7444496600626389e-02,6.7444509052251009e-02,5.5224350487419798e+01,4.9857600401851549e+01
branch0_seg31,1.4202898550724647e+00,6.5291737098343461e-02,6.5291737744409689e-02,5.3551832181530322e+01,4.8336047587181568e+01
branch0_seg31,1.5217391304347849e+00,6.3476382581245952e-02,6.3476387298659898e-02,5.2342147634412946e+01,4.7249607785631369e+01
branch0_seg31,1.6231884057971016e+00,6.1947898016892433e-02,6.1947900850948007e-02,5.1191529164278940e+01,4.6206454577609655e+01
branch0_seg31,1.7246376811594217e+00,6.0598144249265469e-02,6.0598147815259205e-02,5.0069995104585594e+01,4.5186939441384197e+01
branch0_seg31,1.8260869565217419e+00,5.9280118238645388e-02,5.9280123226673399e-02,4.8678364957692963e+01,4.3907987644759977e+01
branch0_seg31,1.9275362318840585e+00,5.7841610121905675e-02,5.7841615838354607e-02,4.6957243761239617e+01,4.2320299965832305e+01
branch0_seg31,2.0289855072463787e+00,5.6154730581789686e-02,5.6154738160213005e-02,4.4807271666769232e+01,4.0333111971274747e+01
branch0_seg31,2.1304347826086989e+00,5.4143448048015672e-02,5.4143456207250425e-02,4.2291425786814024e+01,3.8009947496463163e+01
branch0_seg31,2.2318840579710155e+00,5.1803684984782501e-02,5.1803693852255341e-02,3.9535078198522207e+01,3.5470705991357811e+01
branch0_seg31,2.3333333333333357e+00,4.9212548588226289e-02,4.9212556832740603e-02,3.6763805467955464e+01,3.2927903848050200e+01
branch0_seg31,2.4347826086956559e+00,4.6526156239528514e-02,4.6526163241370377e-02,3.4254311333555506e+01,3.0639651427804367e+01
branch0_seg31,2.5362318840579725e+00,4.3965748609143630e-02,4.3965753241381418e-02,3.2305440429223694e+01,2.8882191975647956e+01
branch0_seg31,2.6376811594202927e+00,4.1791541774610773e-02,4.1791543411940017e-02,3.1188251645940849e+01,2.7903417349637529e+01
branch0_seg31,2.7391304347826093e+00,4.0271961329078759e-02,4.0271959337141949e-02,3.1122019617602355e+01,2.7901051377838392e+01
branch0_seg31,2.8405797101449295e+00,3.9648545108323316e-02,3.9648539355678809e-02,3.2235005108577454e+01,2.8987092256559183e+01
branch0_seg31,2.9420289855072497e+00,4.0102902607606641e-02,4.0102893143211159e-02,3.4559113484779623e+01,3.1184298275977206e+01
branch0_seg31,3.0434782608695663e+00,4.1729435081651833e-02,4.1729422379239919e-02,3.8020195584134157e+01,3.4418502554101799e+01
branch0_seg31,3.1449275362318865e+00,4.4519548649933890e-02,4.4519533336854406e-02,4.2455467958018531e+01,3.8535924241428098e+01
branch0_seg31,3.2463768115942031e+00,4.8349922723656444e-02,4.8349905916729753e-02,4.7588630318513509e+01,4.3279790198699068e+01
branch0_seg31,3.3478260869565233e+00,5.2997723659619425e-02,5.2997706163350339e-02,5.3121453624966989e+01,4.8376465198924116e+01
branch0_seg31,3.4492753623188435e+00,5.8156970266658281e-02,5.8156953597730120e-02,5.8667865252037501e+01,5.3471350925907309e+01
branch0_seg31,3.5507246376811601e+00,6.3469759353746144e-02,6.3469744363951128e-02,6.3858612481285860e+01,5.8226721606866569e+01
branch0_seg31,3.6521739130434803e+00,6.8562278387183970e-02,6.8562266411161588e-02,6.8319498887240130e+01,6.2299369851383737e+01
branch0_seg31,3.7536231884058004e+00,7.3083320659146175e-02,7.3083312296130978e-02,7.1746005451595678e+01,6.5410254520624051e+01
branch0_seg31,3.8550724637681171e+00,7.6738090617738605e-02,7.6738086543929121e-02,7.3910874410676541e+01,6.7351101048018435e+01
branch0_seg31,3.9565217391304373e+00,7.9322291123335484e-02,7.9322291129769393e-02,7.4738828043128564e+01,6.8055011935107089e+01
branch0_seg31,4.0579710144927574e+00,8.0734458606537315e-02,8.0734462613733599e-02,7.4252250785340237e+01,6.7545084747629701e+01
branch0_seg31,4.1594202898550776e+00,8.0984003635121926e-02,8.0984010571908807e-02,7.2638584088013076e+01,6.5998727928035095e+01
branch0_seg31,4.2608695652173907e+00,8.0182497605338979e-02,8.0182506741646897e-02,7.0161670148009890e+01,6.3663689100483822e+01
branch0_seg31,4.3623188405797109e+00,7.8524565890936190e-02,7.8524575874913030e-02,6.7163388654724088e+01,6.0859908218896926e+01
branch0_seg31,4.4637681159420310e+00,7.6259184685523604e-02,7.6259194657320950e-02,6.3983015492783714e+01,5.7903333755450177e+01
branch0_seg31,4.5652173913043512e+00,7.3655528295396053e-02,7.3655537302638005e-02,6.0923782425198020e+01,5.5074655163401061e+01
branch0_seg31,4.6666666666666714e+00,7.0970585775090342e-02,7.0970593337316451e-02,5.8214895782403779e+01,5.2584043953481263e+01
branch0_seg31,4.7681159420289845e+00,6.8414099093563149e-02,6.8414105116723772e-02,5.5962343933974736e+01,5.0525317448864122e+01
branch0_seg31,4.8695652173913047e+00,6.6129090920095515e-02,6.6129095429865309e-02,5.4190397517972762e+01,4.8916375616944293e+01
branch0_seg31,4.9710144927536248e+00,6.4177879630142279e-02,6.4177883234683250e-02,5.2803833387685287e+01,4.7663866840346486e+01
branch0_seg31,5.0724637681159450e+00,6.2542527414136059e-02,6.2542530537198895e-02,5.1654755561341297e+01,4.6627073634408852e+01
branch0_seg31,5.1739130434782652e+00,6.1136059336807991e-02,6.1136062776410725e-02,5.0545004382908701e+01,4.5619970341087701e+01
branch0_seg31,5.2753623188405783e+00,5.9823937765698457e-02,5.9823941980780358e-02,4.9283169552738123e+01,4.4464802005994123e+01
branch0_seg31,5.3768115942028984e+00,5.8452046369933175e-02,5.8452051853527358e-02,4.7707995718586879e+01,4.3013453558233373e+01
branch0_seg31,5.4782608695652186e+00,5.6879159563405432e-02,5.6879166353706573e-02,4.5733991207321282e+01,4.1189684639212686e+01
branch0_seg31,5.5797101449275388e+00,5.5005103073693162e-02,5.5005111081548305e-02,4.3356088304387207e+01,3.8992595888593044e+01
branch0_seg31,5.6811594202898590e+00,5.2794698341859229e-02,5.2794706993143634e-02,4.0675575841227818e+01,3.6520376995883517e+01
branch0_seg31,5.7826086956521792e+00,5.0291531537523547e-02,5.0291540156119155e-02,3.7879246151434167e+01,3.3949858275819906e+01
branch0_seg31,5.8840579710144922e+00,4.7620527519235047e-02,4.7620535138316489e-02,3.5227185624904926e+01,3.1524540248604303e+01
branch0_seg31,5.9855072463768124e+00,4.4978824221396568e-02,4.4978829927425898e-02,3.3014251882455000e+01,2.9518031566697800e+01
branch0_seg31,6.0869565217391326e+00,4.2614375079892131e-02,4.2614378014612028e-02,3.1527950974473843e+01,2.8194509797314797e+01
branch0_seg31,6.1884057971014528e+00,4.0796282825758090e-02,4.0796282362852307e-02,3.1011634076869118e+01,2.7774806819463596e+01
branch0_seg31,6.2898550724637730e+00,3.9781301006610044e-02,3.9781296788232660e-02,3.1634358169832542e+01,2.8409169841281269e+01
branch0_seg31,6.3913043478260860e+00,3.9779178401280084e-02,3.9779170421065345e-02,3.3467276842195240e+01,3.0156511413564868e+01
branch0_seg31,6.4927536231884062e+00,4.0922633723572979e-02,4.0922622267706515e-02,3.6480011145996201e+01,3.2982540347389602e+01
branch0_seg31,6.5942028985507264e+00,4.3246054466364987e-02,4.3246040130629805e-02,4.0542526956374275e+01,3.6762670288646120e+01
branch0_seg31,6.6956521739130466e+00,4.6674079694038743e-02,4.6674063334559805e-02,4.5430995424130181e+01,4.1288014994396974e+01
branch0_seg31,6.7971014492753667e+00,5.1021070122216600e-02,5.1021052829670954e-02,5.0837724405775305e+01,4.6274487929689165e+01
branch0_seg31,6.8985507246376869e+00,5.6012846776920810e-02,5.6012829549588264e-02,5.6429457426914112e+01,5.1416864479239401e+01
branch0_seg31,7.0000000000000000e+00,6.1308066864121977e-02,6.1308051130218588e-02,6.1807512366258216e+01,5.6349280064393078e+01
branch0_seg32,0.0000000000000000e+00,6.1308051130218449e-02,6.1308037572456585e-02,5.6349280064393810e+01,5.0412406180808759e+01
branch0_seg32,1.0144927536232018e-01,6.5107421004175089e-02,6.5107441907140670e-02,5.5196429403789686e+01,4.9154419004858809e+01
branch0_seg32,2.0289855072464036e-01,7.0729861224356233e-02,7.0729762944471669e-02,6.9513713919521152e+01,6.2497380466418655e+01
branch0_seg32,3.0434782608695699e-01,7.4583697827925205e-02,7.4583826222262367e-02,6.1188274071001004e+01,5.4444299016298530e+01
branch0_seg32,4.0579710144927716e-01,7.7975345749552505e-02,7.7975191335261387e-02,7.1692260425402338e+01,6.4261792909155716e+01
branch0_seg32,5.0724637681159734e-01,8.0026279480858636e-02,8.0026428684069922e-02,6.5340555324075538e+01,5.8166987769317217e+01
branch0_seg32,6.0869565217391397e-01,8.0974716897597873e-02,8.0974594758583512e-02,6.8664089802401008e+01,6.1265606493346340e+01
branch0_seg32,7.1014492753623415e-01,8.0777333966891809e-02,8.0777441516068027e-02,6.4199620195283998e+01,5.7055047239899977e+01
branch0_seg32,8.1159420289855433e-01,7.9592501011118102e-02,7.9592435690755775e-02,6.3025593859443603e+01,5.5971829903920451e+01
branch0_seg32,9.1304347826087096e-01,7.7662208360947199e-02,7.7662268361963979e-02,5.9456530769930183e+01,5.2677944682190869e+01
branch0_seg32,1.0144927536231911e+00,7.5219929363013957e-02,7.5219904462595161e-02,5.6774722694744902e+01,5.0220897982536805e+01
branch0_seg32,1.1159420289855078e+00,7.2558798373694375e-02,7.2558826229695755e-02,5.4022806921168019e+01,4.7729154934327184e+01
branch0_seg32,1.2173913043478279e+00,6.9901238565094823e-02,6.9901232673719879e-02,5.1652141574858518e+01,4.5583990689523837e+01
branch0_seg32,1.3188405797101481e+00,6.7444509052251009e-02,6.7444519928721941e-02,4.9857600401851549e+01,4.3990285897467714e+01
branch0_seg32,1.4202898550724647e+00,6.5291737744409689e-02,6.5291738155422344e-02,4.8336047587181568e+01,4.2635388364344720e+01
branch0_seg32,1.5217391304347849e+00,6.3476387298659898e-02,6.3476391270938098e-02,4.7249607785631369e+01,4.1685145357341661e+01
branch0_seg32,1.6231884057971016e+00,6.1947900850948007e-02,6.1947903290768797e-02,4.6206454577609655e+01,4.0760551508516180e+01
branch0_seg32,1.7246376811594217e+00,6.0598147815259205e-02,6.0598150831705132e-02,4.5186939441384197e+01,3.9853115056394842e+01
branch0_seg32,1.8260869565217419e+00,5.9280123226673399e-02,5.9280127608840376e-02,4.3907987644759977e+01,3.8697237102295603e+01
branch0_seg32,1.9275362318840585e+00,5.7841615838354607e-02,5.7841620805145405e-02,4.2320299965832305e+01,3.7254754945684830e+01
branch0_seg32,2.0289855072463787e+00,5.6154738160213005e-02,5.6154744811731667e-02,4.0333111971274747e+01,3.5444415762881306e+01
branch0_seg32,2.1304347826086989e+00,5.4143456207250425e-02,5.4143463312829265e-02,3.8009947496463163e+01,3.3330609233428547e+01
branch0_seg32,2.2318840579710155e+00,5.1803693852255341e-02,5.1803701564628123e-02,3.5470705991357811e+01,3.1027530458838850e+01
branch0_seg32,2.3333333333333357e+00,4.9212556832740603e-02,4.9212563934337976e-02,3.2927903848050200e+01,2.8733734057237378e+01
branch0_seg32,2.4347826086956559e+00,4.6526163241370377e-02,4.6526169206971883e-02,3.0639651427804367e+01,2.6687280143734078e+01
branch0_seg32,2.5362318840579725e+00,4.3965753241381418e-02,4.3965757076448217e-02,2.8882191975647956e+01,2.5139928530854814e+01
branch0_seg32,2.6376811594202927e+00,4.1791543411940017e-02,4.1791544593704731e-02,2.7903417349637529e+01,2.4314357407915260e+01
branch0_seg32,2.7391304347826093e+00,4.0271959337141949e-02,4.0271957330596485e-02,2.7901051377838392e+01,2.4384746600410626e+01
branch0_seg32,2.8405797101449295e+00,3.9648539355678809e-02,3.9648534078916546e-02,2.8987092256559183e+01,2.5445180348558402e+01
branch0_seg32,2.9420289855072497e+00,4.0102893143211159e-02,4.0102884665280662e-02,3.1184298275977206e+01,2.7508157440516911e+01
branch0_seg32,3.0434782608695663e+00,4.1729422379239919e-02,4.1729411138086231e-02,3.4418502554101799e+01,3.0499100627452048e+01
branch0_seg32,3.1449275362318865e+00,4.4519533336854406e-02,4.4519519891296641e-02,3.8535924241428098e+01,3.4273612269254194e+01
branch0_seg32,3.2463768115942031e+00,4.8349905916729753e-02,4.8349891250980756e-02,4.3279790198699068e+01,3.8595719741228145e+01
branch0_seg32,3.3478260869565233e+00,5.2997706163350339e-02,5.2997690964230515e-02,4.8376465198924116e+01,4.3218272139021174e+01
branch0_seg32,3.4492753623188435e+00,5.8156953597730120e-02,5.8156939191621369e-02,5.3471350925907309e+01,4.7820693026964761e+01
branch0_seg32,3.5507246376811601e+00,6.3469744363951128e-02,6.3469731470524662e-02,5.8226721606866569e+01,5.2099592961880539e+01
branch0_seg32,3.6521739130434803e+00,6.8562266411161588e-02,6.8562256194605944e-02,6.2299369851383737e+01,5.5745663877793866e+01
branch0_seg32,3.7536231884058004e+00,7.3083312296130978e-02,7.3083305260487688e-02,6.5410254520624051e+01,5.8507977534286624e+01
branch0_seg32,3.8550724637681171e+00,7.6738086543929121e-02,7.6738083274813115e-02,6.7351101048018435e+01,6.0199396679270890e+01
branch0_seg32,3.9565217391304373e+00,7.9322291129769393e-02,7.9322291421211027e-02,6.8055011935107089e+01,6.0762727459075087e+01
branch0_seg32,4.0579710144927574e+00,8.0734462613733599e-02,8.0734466389363782e-02,6.7545084747629701e+01,6.0222316835693604e+01
branch0_seg32,4.1594202898550776e+00,8.0984010571908807e-02,8.0984016864963593e-02,6.5998727928035095e+01,5.8745104026222094e+01
branch0_seg32,4.2608695652173907e+00,8.0182506741646897e-02,8.0182514906014885e-02,6.3663689100483822e+01,5.6561566735119939e+01
branch0_seg32,4.3623188405797109e+00,7.8524575874913030e-02,7.8524584707056089e-02,6.0859908218896926e+01,5.3967893328700207e+01
branch0_seg32,4.4637681159420310e+00,7.6259194657320950e-02,7.6259203407031406e-02,5.7903333755450177e+01,5.1254587911365654e+01
branch0_seg32,4.5652173913043512e+00,7.3655537302638005e-02,7.3655545138028897e-02,5.5074655163401061e+01,4.8677635601844770e+01
branch0_seg32,4.6666666666666714e+00,7.0970593337316451e-02,7.0970599853964672e-02,5.2584043953481263e+01,4.6426231868754428e+01
branch0_seg32,4.7681159420289845e+00,6.8414105116723772e-02,6.8414110255963945e-02,5.0525317448864122e+01,4.4580601289905644e+01
branch0_seg32,4.8695652173913047e+00,6.6129095429865309e-02,6.6129099232033334e-02,4.8916375616944293e+01,4.3151400945179738e+01
branch0_seg32,4.9710144927536248e+00,6.4177883234683250e-02,6.4177886259641562e-02,4.7663866840346486e+01,4.2046984473856384e+01
branch0_seg32,5.0724637681159450e+00,6.2542530537198895e-02,6.2542533164678449e-02,4.6627073634408852e+01,4.1134214907519400e+01
branch0_seg32,5.1739130434782652e+00,6.1136062776410725e-02,6.1136065718033906e-02,4.5619970341087701e+01,4.0240102501685634e+01
branch0_seg32,5.2753623188405783e+00,5.9823941980780358e-02,5.9823945633024067e-02,4.4464802005994123e+01,3.9201709074235623e+01
branch0_seg32,5.3768115942028984e+00,5.8452051853527358e-02,5.8452056642364934e-02,4.3013453558233373e+01,3.7885273973042345e+01
branch0_seg32,5.4782608695652186e+00,5.6879166353706573e-02,5.6879172294216344e-02,4.1189684639212686e+01,3.6224794016149701e+01
branch0_seg32,5.5797101449275388e+00,5.5005111081548305e-02,5.5005118079602164e-02,3.8992595888593044e+01,3.4224125857913286e+01
branch0_seg32,5.6811594202898590e+00,5.2794706993143634e-02,5.2794714523623047e-02,3.6520376995883517e+01,3.1978357584251611e+01
branch0_seg32,5.7826086956521792e+00,5.0291540156119155e-02,5.0291547613068588e-02,3.3949858275819906e+01,2.9653729076518282e+01
branch0_seg32,5.8840579710144922e+00,4.7620535138316489e-02,4.7620541664016726e-02,3.1524540248604303e+01,2.7475908968199516e+01
branch0_seg32,5.9855072463768124e+00,4.4978829927425898e-02,4.4978834723909886e-02,2.9518031566697800e+01,2.5695524674274946e+01
branch0_seg32,6.0869565217391326e+00,4.2614378014612028e-02,4.2614380342369390e-02,2.8194509797314797e+01,2.4551414067773852e+01
branch0_seg32,6.1884057971014528e+00,4.0796282362852307e-02,4.0796281695983330e-02,2.7774806819463596e+01,2.4239845771553231e+01
branch0_seg32,6.2898550724637730e+00,3.9781296788232660e-02,3.9781292841887729e-02,2.8409169841281269e+01,2.4890434278568463e+01
branch0_seg32,6.3913043478260860e+00,3.9779170421065345e-02,3.9779163219779652e-02,3.0156511413564868e+01,2.6548497670544929e+01
branch0_seg32,6.4927536231884062e+00,4.0922622267706515e-02,4.0922612086537552e-02,3.2982540347389602e+01,2.9175129295948750e+01
branch0_seg32,6.5942028985507264e+00,4.3246040130629805e-02,4.3246027507257624e-02,3.6762670288646120e+01,3.2651257144889897e+01
branch0_seg32,6.6956521739130466e+00,4.6674063334559805e-02,4.6674049024160585e-02,4.1288014994396974e+01,3.6783827599586701e+01
branch0_seg32,6.7971014492753667e+00,5.1021052829670954e-02,5.1021037783756253e-02,4.6274487929689165e+01,4.1314055629687765e+01
branch0_seg32,6.8985507246376869e+00,5.6012829549588264e-02,5.6012814625686524e-02,5.1416864479239401e+01,4.5967005689023637e+01
branch0_seg32,7.0000000000000000e+00,6.1308051130218588e-02,6.1308037572456731e-02,5.6349280064393078e+01,5.0412406180808063e+01
branch0_seg33,0.0000000000000000e+00,6.1308037572456585e-02,6.1308026271306305e-02,5.0412406180808759e+01,4.3881593052177493e+01
branch0_seg33,1.0144927536232018e-01,6.5107441907140670e-02,6.5107461191843560e-02,4.9154419004858809e+01,4.2495128640439525e+01
branch0_seg33,2.0289855072464036e-01,7.0729762944471669e-02,7.0729675632731998e-02,6.2497380466418655e+01,5.4787597268831021e+01
branch0_seg33,3.0434782608695699e-01,7.4583826222262367e-02,7.4583942164008377e-02,5.4444299016298530e+01,4.7002443490509684e+01
branch0_seg33,4.0579710144927716e-01,7.7975191335261387e-02,7.7975052898748107e-02,6.4261792909155716e+01,5.6082621465943738e+01
branch0_seg33,5.0724637681159734e-01,8.0026428684069922e-02,8.0026563184400476e-02,5.8166987769317217e+01,5.0247909018949116e+01
branch0_seg33,6.0869565217391397e-01,8.0974594758583512e-02,8.0974484946246816e-02,6.1265606493346340e+01,5.3105921578377739e+01
branch0_seg33,7.1014492753623415e-01,8.0777441516068027e-02,8.0777538125050882e-02,5.7055047239899977e+01,4.9162887972984123e+01
branch0_seg33,8.1159420289855433e-01,7.9592435690755775e-02,7.9592376791828068e-02,5.5971829903920451e+01,4.8180926979857375e+01
branch0_seg33,9.1304347826087096e-01,7.7662268361963979e-02,7.7662321847955865e-02,5.2677944682190869e+01,4.5185143985460314e+01
branch0_seg33,1.0144927536231911e+00,7.5219904462595161e-02,7.5219881820633980e-02,5.0220897982536805e+01,4.2976003922873765e+01
branch0_seg33,1.1159420289855078e+00,7.2558826229695755e-02,7.2558850683197992e-02,4.7729154934327184e+01,4.0770126387735473e+01
branch0_seg33,1.2173913043478279e+00,6.9901232673719879e-02,6.9901227109596883e-02,4.5583990689523837e+01,3.8874603704570852e+01
branch0_seg33,1.3188405797101481e+00,6.7444519928721941e-02,6.7444529192058220e-02,4.3990285897467714e+01,3.7503511085192692e+01
branch0_seg33,1.4202898550724647e+00,6.5291738155422344e-02,6.5291738305417582e-02,4.2635388364344720e+01,3.6333985281142283e+01
branch0_seg33,1.5217391304347849e+00,6.3476391270938098e-02,6.3476394479878143e-02,4.1685145357341661e+01,3.5535433728330808e+01
branch0_seg33,1.6231884057971016e+00,6.1947903290768797e-02,6.1947905313791185e-02,4.0760551508516180e+01,3.4742690126829324e+01
branch0_seg33,1.7246376811594217e+00,6.0598150831705132e-02,6.0598153283024515e-02,3.9853115056394842e+01,3.3959417700323499e+01
branch0_seg33,1.8260869565217419e+00,5.9280127608840376e-02,5.9280131360429381e-02,3.8697237102295603e+01,3.2939128204586304e+01
branch0_seg33,1.9275362318840585e+00,5.7841620805145405e-02,5.7841624997943708e-02,3.7254754945684830e+01,3.1656054797789334e+01
branch0_seg33,2.0289855072463787e+00,5.6154744811731667e-02,5.6154750502896270e-02,3.5444415762881306e+01,3.0039562632586716e+01
branch0_seg33,2.1304347826086989e+00,5.4143463312829265e-02,5.4143469328780683e-02,3.3330609233428547e+01,2.8155304640638082e+01
branch0_seg33,2.2318840579710155e+00,5.1803701564628123e-02,5.1803708081094843e-02,3.1027530458838850e+01,2.6111505511408666e+01
branch0_seg33,2.3333333333333357e+00,4.9212563934337976e-02,4.9212569852945441e-02,2.8733734057237378e+01,2.4091681874035839e+01
branch0_seg33,2.4347826086956559e+00,4.6526169206971883e-02,4.6526174099191880e-02,2.6687280143734078e+01,2.2312083482014000e+01
branch0_seg33,2.5362318840579725e+00,4.3965757076448224e-02,4.3965760085116490e-02,2.5139928530854814e+01,2.0997690624090527e+01
branch0_seg33,2.6376811594202927e+00,4.1791544593704731e-02,4.1791545301822552e-02,2.4314357407915260e+01,2.0343447085750110e+01
branch0_seg33,2.7391304347826093e+00,4.0271957330596485e-02,4.0271955305960255e-02,2.4384746600410626e+01,2.0497513312133957e+01
branch0_seg33,2.8405797101449295e+00,3.9648534078916546e-02,3.9648529290948191e-02,2.5445180348558402e+01,2.1533997368284915e+01
branch0_seg33,2.9420289855072497e+00,4.0102884665280662e-02,4.0102877204041328e-02,2.7508157440516911e+01,2.3453752430483799e+01
branch0_seg33,3.0434782608695663e+00,4.1729411138086231e-02,4.1729401405043616e-02,3.0499100627452048e+01,2.6181322510997234e+01
branch0_seg33,3.1449275362318865e+00,4.4519519891296641e-02,4.4519508374996297e-02,3.4273612269254194e+01,2.9582216187666411e+01
branch0_seg33,3.2463768115942031e+00,4.8349891250980756e-02,4.8349878799325063e-02,3.8595719741228145e+01,3.3442912635725406e+01
branch0_seg33,3.3478260869565233e+00,5.2997690964230515e-02,5.2997678142730709e-02,4.3218272139021174e+01,3.7545159375301964e+01
branch0_seg33,3.4492753623188435e+00,5.8156939191621369e-02,5.8156927130315610e-02,4.7820693026964761e+01,4.1605591741937232e+01
branch0_seg33,3.5507246376811601e+00,6.3469731470524662e-02,6.3469720752034012e-02,5.2099592961880539e+01,4.5358605187772753e+01
branch0_seg33,3.6521739130434803e+00,6.8562256194605944e-02,6.8562247806379248e-02,5.5745663877793866e+01,4.8532286115578593e+01
branch0_seg33,3.7536231884058004e+00,7.3083305260487688e-02,7.3083299606933563e-02,5.8507977534286624e+01,5.0906908218622142e+01
branch0_seg33,3.8550724637681171e+00,7.6738083274813115e-02,7.6738080846875306e-02,6.0199396679270890e+01,5.2318933775503375e+01
branch0_seg33,3.9565217391304373e+00,7.9322291421211027e-02,7.9322292014785495e-02,6.0762727459075087e+01,5.2722324432838676e+01
branch0_seg33,4.0579710144927574e+00,8.0734466389363782e-02,8.0734469930773295e-02,6.0222316835693604e+01,5.2143212367434018e+01
branch0_seg33,4.1594202898550776e+00,8.0984016864963593e-02,8.0984022494880237e-02,5.8745104026222094e+01,5.0737486858145935e+01
branch0_seg33,4.2608695652173907e+00,8.0182514906014885e-02,8.0182522065463599e-02,5.6561566735119939e+01,4.8716948532516504e+01
branch0_seg33,4.3623188405797109e+00,7.8524584707056089e-02,7.8524592346104635e-02,5.3967893328700207e+01,4.6351908260935360e+01
branch0_seg33,4.4637681159420310e+00,7.6259203407031406e-02,7.6259210889611476e-02,5.1254587911365654e+01,4.3904956910516503e+01
branch0_seg33,4.5652173913043512e+00,7.3655545138028897e-02,7.3655551757350377e-02,4.8677635601844770e+01,4.1604848940875407e+01
branch0_seg33,4.6666666666666714e+00,7.0970599853964672e-02,7.0970605284882068e-02,4.6426231868754428e+01,3.9617522451335965e+01
branch0_seg33,4.7681159420289845e+00,6.8414110255963945e-02,6.8414114476815557e-02,4.4580601289905644e+01,3.8007925927809552e+01
branch0_seg33,4.8695652173913047e+00,6.6129099232033334e-02,6.6129102298597017e-02,4.3151400945179738e+01,3.6778427282520006e+01
branch0_seg33,4.9710144927536248e+00,6.4177886259641562e-02,6.4177888682078632e-02,4.2046984473856384e+01,3.5838875896623712e+01
branch0_seg33,5.0724637681159450e+00,6.2542533164678449e-02,6.2542535277192085e-02,4.1134214907519400e+01,3.5064184908890326e+01
branch0_seg33,5.1739130434782652e+00,6.1136065718033906e-02,6.1136068142953713e-02,4.0240102501685634e+01,3.4295474701940208e+01
branch0_seg33,5.2753623188405783e+00,5.9823945633024067e-02,5.9823948702033593e-02,3.9201709074235623e+01,3.3386014954189896e+01
branch0_seg33,5.3768115942028984e+00,5.8452056642364934e-02,5.8452060711967478e-02,3.7885273973042345e+01,3.2217859809463491e+01
branch0_seg33,5.4782608695652186e+00,5.6879172294216344e-02,5.6879177355292861e-02,3.6224794016149701e+01,3.0736434003411528e+01
branch0_seg33,5.5797101449275388e+00,5.5005118079602164e-02,5.5005124032745906e-02,3.4224125857913286e+01,2.8951067600824821e+01
branch0_seg33,5.6811594202898590e+00,5.2794714523623047e-02,5.2794720894169464e-02,3.1978357584251611e+01,2.6953757373178338e+01
branch0_seg33,5.7826086956521792e+00,5.0291547613068588e-02,5.0291553867584757e-02,2.9653729076518282e+01,2.4899408305420810e+01
branch0_seg33,5.8840579710144922e+00,4.7620541664016733e-02,4.7620547057504473e-02,2.7475908968199516e+01,2.2994358271443271e+01
branch0_seg33,5.9855072463768124e+00,4.4978834723909886e-02,4.4978838577915084e-02,2.5695524674274946e+01,2.1464148439359228e+01
branch0_seg33,6.0869565217391326e+00,4.2614380342369390e-02,4.2614382040111351e-02,2.4551414067773852e+01,2.0519809299701425e+01
branch0_seg33,6.1884057971014528e+00,4.0796281695983330e-02,4.0796280815398184e-02,2.4239845771553231e+01,2.0330515774089115e+01
branch0_seg33,6.2898550724637730e+00,3.9781292841887729e-02,3.9781289173639968e-02,2.4890434278568463e+01,2.1002977141383656e+01
branch0_seg33,6.3913043478260860e+00,3.9779163219779652e-02,3.9779156820571933e-02,2.6548497670544929e+01,2.2567226476567480e+01
branch0_seg33,6.4927536231884062e+00,4.0922612086537552e-02,4.0922603220302563e-02,2.9175129295948750e+01,2.4978876271473748e+01
branch0_seg33,6.5942028985507264e+00,4.3246027507257624e-02,4.3246016652195511e-02,3.2651257144889897e+01,2.8124489255823367e+01
branch0_seg33,6.6956521739130466e+00,4.6674049024160585e-02,4.6674036831761960e-02,3.6783827599586701e+01,3.1828014386672240e+01
branch0_seg33,6.7971014492753667e+00,5.1021037783756253e-02,5.1021025062291211e-02,4.1314055629687765e+01,3.5858145262652158e+01
branch0_seg33,6.8985507246376869e+00,5.6012814625686524e-02,5.6012802087443865e-02,4.5967005689023637e+01,3.9973085867498128e+01
branch0_seg33,7.0000000000000000e+00,6.1308037572456731e-02,6.1308026271306444e-02,5.0412406180808063e+01,4.3881593052176804e+01
branch0_seg34,0.0000000000000000e+00,6.1308026271306305e-02,6.1308011864860026e-02,4.3881593052177493e+01,3.5744210306107078e+01
branch0_seg34,1.0144927536232018e-01,6.5107461191843560e-02,6.5107498722088791e-02,4.2495128640439525e+01,3.3580238059984183e+01
branch0_seg34,2.0289855072464036e-01,7.0729675632731998e-02,7.0729529000807589e-02,5.4787597268831021e+01,4.4207710239561024e+01
branch0_seg34,3.0434782608695699e-01,7.4583942164008377e-02,7.4584151300331372e-02,4.7002443490509684e+01,3.5714286842242238e+01
branch0_seg34,4.0579710144927716e-01,7.7975052898748107e-02,7.7974811504850514e-02,5.6082621465943738e+01,4.3639957709415867e+01
branch0_seg34,5.0724637681159734e-01,8.0026563184400476e-02,8.0026804285022207e-02,5.0247909018949116e+01,3.7448102223997843e+01
branch0_seg34,6.0869565217391397e-01,8.0974484946246816e-02,8.0974290187601425e-02,5.3105921578377739e+01,3.9952196454379191e+01
branch0_seg34,7.1014492753623415e-01,8.0777538125050882e-02,8.0777709100280926e-02,4.9162887972984123e+01,3.6196031643188938e+01
branch0_seg34,8.1159420289855433e-01,7.9592376791828068e-02,7.9592269794904830e-02,4.8180926979857375e+01,3.5554557402402537e+01
branch0_seg34,9.1304347826087096e-01,7.7662321847955865e-02,7.7662413904010005e-02,4.5185143985460314e+01,3.3170995562526677e+01
branch0_seg34,1.0144927536231911e+00,7.5219881820633980e-02,7.5219838296516670e-02,4.2976003922873765e+01,3.1651604931810077e+01
branch0_seg34,1.1159420289855078e+00,7.2558850683197992e-02,7.2558890531120315e-02,4.0770126387735473e+01,3.0181816494861668e+01
branch0_seg34,1.2173913043478279e+00,6.9901227109596883e-02,6.9901214289156535e-02,3.8874603704570852e+01,2.8979180513766988e+01
branch0_seg34,1.3188405797101481e+00,6.7444529192058220e-02,6.7444542694792914e-02,3.7503511085192692e+01,2.8222897443487422e+01
branch0_seg34,1.4202898550724647e+00,6.5291738305417582e-02,6.5291736511064707e-02,3.6333985281142283e+01,2.7570643427139384e+01
branch0_seg34,1.5217391304347849e+00,6.3476394479878143e-02,6.3476398185455446e-02,3.5535433728330808e+01,2.7193802682733978e+01
branch0_seg34,1.6231884057971016e+00,6.1947905313791185e-02,6.1947907525860102e-02,3.4742690126829324e+01,2.6749996569700780e+01
branch0_seg34,1.7246376811594217e+00,6.0598153283024515e-02,6.0598156193260824e-02,3.3959417700323499e+01,2.6272570369388710e+01
branch0_seg34,1.8260869565217419e+00,5.9280131360429381e-02,5.9280136741293399e-02,3.2939128204586304e+01,2.5552822532094140e+01
branch0_seg34,1.9275362318840585e+00,5.7841624997943708e-02,5.7841630899026532e-02,3.1656054797789334e+01,2.4597332527234823e+01
branch0_seg34,2.0289855072463787e+00,5.6154750502896270e-02,5.6154758901669516e-02,3.0039562632586716e+01,2.3360028925581382e+01
branch0_seg34,2.1304347826086989e+00,5.4143469328780683e-02,5.4143477996222759e-02,2.8155304640638082e+01,2.1914812683588551e+01
branch0_seg34,2.2318840579710155e+00,5.1803708081094843e-02,5.1803717473276688e-02,2.6111505511408666e+01,2.0360794708056353e+01
branch0_seg34,2.3333333333333357e+00,4.9212569852945441e-02,4.9212578101968850e-02,2.4091681874035839e+01,1.8855106568042046e+01
branch0_seg34,2.4347826086956559e+00,4.6526174099191880e-02,4.6526180643217944e-02,2.2312083482014000e+01,1.7575676595017171e+01
branch0_seg34,2.5362318840579725e+00,4.3965760085116490e-02,4.3965763564005236e-02,2.0997690624090527e+01,1.6704045854484200e+01
branch0_seg34,2.6376811594202927e+00,4.1791545301822552e-02,4.1791545137868778e-02,2.0343447085750110e+01,1.6394346409945417e+01
branch0_seg34,2.7391304347826093e+00,4.0271955305960255e-02,4.0271950854051657e-02,2.0497513312133957e+01,1.6760616210853541e+01
branch0_seg34,2.8405797101449295e+00,3.9648529290948191e-02,3.9648520602329811e-02,2.1533997368284915e+01,1.7851126016974714e+01
branch0_seg34,2.9420289855072497e+00,4.0102877204041328e-02,4.0102864537881741e-02,2.3453752430483799e+01,1.9647016092766929e+01
branch0_seg34,3.0434782608695663e+00,4.1729401405043616e-02,4.1729385579469529e-02,2.6181322510997234e+01,2.2057047065708932e+01
branch0_seg34,3.1449275362318865e+00,4.4519508374996290e-02,4.4519490360482902e-02,2.9582216187666411e+01,2.4933951288730906e+01
branch0_seg34,3.2463768115942031e+00,4.8349878799325077e-02,4.8349860158861065e-02,3.3442912635725406e+01,2.8059995246795118e+01
branch0_seg34,3.3478260869565233e+00,5.2997678142730702e-02,5.2997659851250746e-02,3.7545159375301964e+01,3.1225527602169869e+01
branch0_seg34,3.4492753623188435e+00,5.8156927130315610e-02,5.8156911025319308e-02,4.1605591741937232e+01,3.4179817194363672e+01
branch0_seg34,3.5507246376811601e+00,6.3469720752034012e-02,6.3469707535783709e-02,4.5358605187772753e+01,3.6717084668624842e+01
branch0_seg34,3.6521739130434803e+00,6.8562247806379248e-02,6.8562238763257580e-02,4.8532286115578593e+01,3.8652849612638640e+01
branch0_seg34,3.7536231884058004e+00,7.3083299606933563e-02,7.3083294909556312e-02,5.0906908218622142e+01,3.9871927161792570e+01
branch0_seg34,3.8550724637681171e+00,7.6738080846875306e-02,7.6738080842548920e-02,5.2318933775503375e+01,4.0317376621287792e+01
branch0_seg34,3.9565217391304373e+00,7.9322292014785495e-02,7.9322295949233318e-02,5.2722324432838676e+01,4.0029972137325942e+01
branch0_seg34,4.0579710144927574e+00,8.0734469930773295e-02,8.0734477471014365e-02,5.2143212367434018e+01,3.9089439700264258e+01
branch0_seg34,4.1594202898550776e+00,8.0984022494880237e-02,8.0984032145236501e-02,5.0737486858145935e+01,3.7660190282832069e+01
branch0_seg34,4.2608695652173907e+00,8.0182522065463599e-02,8.0182533065031439e-02,4.8716948532516504e+01,3.5920010119929238e+01
branch0_seg34,4.3623188405797109e+00,7.8524592346104635e-02,7.8524603201998819e-02,4.6351908260935360e+01,3.4071031012996549e+01
branch0_seg34,4.4637681159420310e+00,7.6259210889611476e-02,7.6259220899887639e-02,4.3904956910516503e+01,3.2289925643041748e+01
branch0_seg34,4.5652173913043512e+00,7.3655551757350377e-02,7.3655560069738502e-02,4.1604848940875407e+01,3.0718206319973039e+01
branch0_seg34,4.6666666666666714e+00,7.0970605284882068e-02,7.0970611647047294e-02,3.9617522451335965e+01,2.9446746367991071e+01
branch0_seg34,4.7681159420289845e+00,6.8414114476815557e-02,6.8414119057703046e-02,3.8007925927809552e+01,2.8488111230228768e+01
branch0_seg34,4.8695652173913047e+00,6.6129102298597017e-02,6.6129105293897483e-02,3.6778427282520006e+01,2.7815995302491565e+01
branch0_seg34,4.9710144927536248e+00,6.4177888682078632e-02,6.4177890990979078e-02,3.5838875896623712e+01,2.7335687881075412e+01
branch0_seg34,5.0724637681159450e+00,6.2542535277192085e-02,6.2542537405586823e-02,3.5064184908890326e+01,2.6936189435562280e+01
branch0_seg34,5.1739130434782652e+00,6.1136068142953713e-02,6.1136071056322017e-02,3.4295474701940208e+01,2.6486683675406827e+01
branch0_seg34,5.2753623188405783e+00,5.9823948702033593e-02,5.9823952823133138e-02,3.3386014954189896e+01,2.5875523445710073e+01
branch0_seg34,5.3768115942028984e+00,5.8452060711967478e-02,5.8452066516028703e-02,3.2217859809463491e+01,2.5020385448456437e+01
branch0_seg34,5.4782608695652186e+00,5.6879177355292861e-02,5.6879184709443045e-02,3.0736434003411528e+01,2.3895063794913504e+01
branch0_seg34,5.5797101449275388e+00,5.5005124032745906e-02,5.5005132710049920e-02,2.8951067600824821e+01,2.2524430741864236e+01
branch0_seg34,5.6811594202898590e+00,5.2794720894169464e-02,5.2794730082624440e-02,2.6953757373178338e+01,2.0998477799974040e+01
branch0_seg34,5.7826086956521792e+00,5.0291553867584757e-02,5.0291562726385339e-02,2.4899408305420810e+01,1.9452430483392771e+01
branch0_seg34,5.8840579710144922e+00,4.7620547057504473e-02,4.7620554422506983e-02,2.2994358271443271e+01,1.8058371129767607e+01
branch0_seg34,5.9855072463768124e+00,4.4978838577915084e-02,4.4978843422996587e-02,2.1464148439359228e+01,1.6999570405265857e+01
branch0_seg34,6.0869565217391326e+00,4.2614382040111351e-02,4.2614383436526689e-02,2.0519809299701425e+01,1.6444393421792633e+01
branch0_seg34,6.1884057971014528e+00,4.0796280815398184e-02,4.0796278151023241e-02,2.0330515774089115e+01,1.6524867884183859e+01
branch0_seg34,6.2898550724637730e+00,3.9781289173639968e-02,3.9781282188168246e-02,2.1002977141383656e+01,1.7318534327156424e+01
branch0_seg34,6.3913043478260860e+00,3.9779156820571933e-02,3.9779145714020393e-02,2.2567226476567480e+01,1.8833571204099503e+01
branch0_seg34,6.4927536231884062e+00,4.0922603220302563e-02,4.0922588564230380e-02,2.4978876271473748e+01,2.1008397161584760e+01
branch0_seg34,6.5942028985507264e+00,4.3246016652195511e-02,4.3245999401904232e-02,2.8124489255823367e+01,2.3715501010537601e+01
branch0_seg34,6.6956521739130466e+00,4.6674036831761960e-02,4.6674018227505602e-02,3.1828014386672240e+01,2.6770002069848381e+01
branch0_seg34,6.7971014492753667e+00,5.1021025062291211e-02,5.1021006549505400e-02,3.5858145262652158e+01,2.9943608326274624e+01
branch0_seg34,6.8985507246376869e+00,5.6012802087443865e-02,5.6012784825112419e-02,3.9973085867498128e+01,3.3015752519178385e+01
branch0_seg34,7.0000000000000000e+00,6.1308026271306444e-02,6.1308011864860172e-02,4.3881593052176804e+01,3.5744210306106382e+01
branch0_seg35,0.0000000000000000e+00,6.1308011864860026e-02,6.1307988390502929e-02,3.5744210306107078e+01,3.4996161322562614e+01
branch0_seg35,1.0144927536232018e-01,6.5107498722088791e-02,6.5107559216603314e-02,3.3580238059984183e+01,3.2873660652642570e+01
branch0_seg35,2.0289855072464036e-01,7.0729529000807589e-02,7.0729291944823469e-02,4.4207710239561024e+01,4.3290826020031751e+01
branch0_seg35,3.0434782608695699e-01,7.4584151300331372e-02,7.4584488774658259e-02,3.5714286842242238e+01,3.4965362632524986e+01
branch0_seg35,4.0579710144927716e-01,7.7974811504850514e-02,7.7974421911649189e-02,4.3639957709415867e+01,4.2731723202399877e+01
branch0_seg35,5.0724637681159734e-01,8.0026804285022207e-02,8.0027192941029127e-02,3.7448102223997843e+01,3.6666224692731539e+01
branch0_seg35,6.0869565217391397e-01,8.0974290187601425e-02,8.0973976380575574e-02,3.9952196454379191e+01,3.9115171940168409e+01
branch0_seg35,7.1014492753623415e-01,8.0777709100280926e-02,8.0777984356733237e-02,3.6196031643188938e+01,3.5438920004119019e+01
branch0_seg35,8.1159420289855433e-01,7.9592269794904830e-02,7.9592097849576937e-02,3.5554557402402537e+01,3.4804067345432784e+01
branch0_seg35,9.1304347826087096e-01,7.7662413904010005e-02,7.7662561878500555e-02,3.3170995562526677e+01,3.2472582399944095e+01
branch0_seg35,1.0144927536231911e+00,7.5219838296516670e-02,7.5219768747793847e-02,3.1651604931810077e+01,3.0978849137487991e+01
branch0_seg35,1.1159420289855078e+00,7.2558890531120315e-02,7.2558954463627867e-02,3.0181816494861668e+01,2.9541590450625041e+01
branch0_seg35,1.2173913043478279e+00,6.9901214289156535e-02,6.9901194125202168e-02,2.8979180513766988e+01,2.8360465993072527e+01
branch0_seg35,1.3188405797101481e+00,6.7444542694792914e-02,6.7444564293840450e-02,2.8222897443487422e+01,2.7621295928873135e+01
branch0_seg35,1.4202898550724647e+00,6.5291736511064707e-02,6.5291733951774261e-02,2.7570643427139384e+01,2.6981147581490358e+01
branch0_seg35,1.5217391304347849e+00,6.3476398185455446e-02,6.3476404080771764e-02,2.7193802682733978e+01,2.6612970006225463e+01
branch0_seg35,1.6231884057971016e+00,6.1947907525860102e-02,6.1947911282962793e-02,2.6749996569700780e+01,2.6177838343412567e+01
branch0_seg35,1.7246376811594217e+00,6.0598156193260824e-02,6.0598160863309304e-02,2.6272570369388710e+01,2.5710482315958895e+01
branch0_seg35,1.8260869565217419e+00,5.9280136741293399e-02,5.9280145529155219e-02,2.5552822532094140e+01,2.5005132655679649e+01
branch0_seg35,1.9275362318840585e+00,5.7841630899026532e-02,5.7841640437928075e-02,2.4597332527234823e+01,2.4068959857831850e+01
branch0_seg35,2.0289855072463787e+00,5.6154758901669516e-02,5.6154772534943651e-02,2.3360028925581382e+01,2.2856513407792971e+01
branch0_seg35,2.1304347826086989e+00,5.4143477996222759e-02,5.4143492039484181e-02,2.1914812683588551e+01,2.1440448789352278e+01
branch0_seg35,2.2318840579710155e+00,5.1803717473276688e-02,5.1803732720976887e-02,2.0360794708056353e+01,1.9917916628086150e+01
branch0_seg35,2.3333333333333357e+00,4.9212578101968850e-02,4.9212591508114793e-02,1.8855106568042046e+01,1.8442967055999024e+01
branch0_seg35,2.4347826086956559e+00,4.6526180643217944e-02,4.6526191316042624e-02,1.7575676595017171e+01,1.7190007135931200e+01
branch0_seg35,2.5362318840579725e+00,4.3965763564005236e-02,4.3965769292031547e-02,1.6704045854484200e+01,1.6336880963104171e+01
branch0_seg35,2.6376811594202927e+00,4.1791545137868778e-02,4.1791544980497523e-02,1.6394346409945417e+01,1.6034548569644066e+01
branch0_seg35,2.7391304347826093e+00,4.0271950854051657e-02,4.0271943753191569e-02,1.6760616210853541e+01,1.6394586508960828e+01
branch0_seg35,2.8405797101449295e+00,3.9648520602329811e-02,3.9648506623750829e-02,1.7851126016974714e+01,1.7464131240321297e+01
branch0_seg35,2.9420289855072497e+00,4.0102864537881741e-02,4.0102844086853925e-02,1.9647016092766929e+01,1.9224539763697059e+01
branch0_seg35,3.0434782608695663e+00,4.1729385579469529e-02,4.1729359968204982e-02,2.2057047065708932e+01,2.1586330727930889e+01
branch0_seg35,3.1449275362318865e+00,4.4519490360482902e-02,4.4519461157504665e-02,2.4933951288730906e+01,2.4405207069803385e+01
branch0_seg35,3.2463768115942031e+00,4.8349860158861065e-02,4.8349829896207605e-02,2.8059995246795118e+01,2.7467916883181054e+01
branch0_seg35,3.3478260869565233e+00,5.2997659851250746e-02,5.2997630119886431e-02,3.1225527602169869e+01,3.0569190437646821e+01
branch0_seg35,3.4492753623188435e+00,5.8156911025319308e-02,5.8156884808690856e-02,3.4179817194363672e+01,3.3463502293854233e+01
branch0_seg35,3.5507246376811601e+00,6.3469707535783709e-02,6.3469685986501947e-02,3.6717084668624842e+01,3.5949316168354294e+01
branch0_seg35,3.6521739130434803e+00,6.8562238763257580e-02,6.8562223966591729e-02,3.8652849612638640e+01,3.7845893128834156e+01
branch0_seg35,3.7536231884058004e+00,7.3083294909556312e-02,7.3083287154841817e-02,3.9871927161792570e+01,3.9040289906872587e+01
branch0_seg35,3.8550724637681171e+00,7.6738080842548920e-02,7.6738080694418634e-02,4.0317376621287792e+01,3.9476600508103473e+01
branch0_seg35,3.9565217391304373e+00,7.9322295949233318e-02,7.9322302194887465e-02,4.0029972137325942e+01,3.9194653508805160e+01
branch0_seg35,4.0579710144927574e+00,8.0734477471014365e-02,8.0734489574476750e-02,3.9089439700264258e+01,3.8272501298608560e+01
branch0_seg35,4.1594202898550776e+00,8.0984032145236501e-02,8.0984047696306724e-02,3.7660190282832069e+01,3.6871246169355665e+01
branch0_seg35,4.2608695652173907e+00,8.0182533065031439e-02,8.0182550834799943e-02,3.5920010119929238e+01,3.5165187660093075e+01
branch0_seg35,4.3623188405797109e+00,7.8524603201998819e-02,7.8524620780660526e-02,3.4071031012996549e+01,3.3352511428418694e+01
branch0_seg35,4.4637681159420310e+00,7.6259220899887639e-02,7.6259237146538678e-02,3.2289925643041748e+01,3.1606482315777715e+01
branch0_seg35,4.5652173913043512e+00,7.3655560069738502e-02,7.3655573600075103e-02,3.0718206319973039e+01,3.0065855126977379e+01
branch0_seg35,4.6666666666666714e+00,7.0970611647047294e-02,7.0970622039897638e-02,2.9446746367991071e+01,2.8819726154282751e+01
branch0_seg35,4.7681159420289845e+00,6.8414119057703046e-02,6.8414126573139208e-02,2.8488111230228768e+01,2.7880372548378229e+01
branch0_seg35,4.8695652173913047e+00,6.6129105293897483e-02,6.6129110238346542e-02,2.7815995302491565e+01,2.7221955878035480e+01
branch0_seg35,4.9710144927536248e+00,6.4177890990979078e-02,6.4177894809178626e-02,2.7335687881075412e+01,2.6751575590375129e+01
branch0_seg35,5.0724637681159450e+00,6.2542537405586823e-02,6.2542540914904271e-02,2.6936189435562280e+01,2.6360379300319831e+01
branch0_seg35,5.1739130434782652e+00,6.1136071056322017e-02,6.1136075817299719e-02,2.6486683675406827e+01,2.5920123574240385e+01
branch0_seg35,5.2753623188405783e+00,5.9823952823133138e-02,5.9823959525307460e-02,2.5875523445710073e+01,2.5321374028391467e+01
branch0_seg35,5.3768115942028984e+00,5.8452066516028703e-02,5.8452075931964435e-02,2.5020385448456437e+01,2.4483476358667520e+01
branch0_seg35,5.4782608695652186e+00,5.6879184709443045e-02,5.6879196631990557e-02,2.3895063794913504e+01,2.3380790221045512e+01
branch0_seg35,5.5797101449275388e+00,5.5005132710049920e-02,5.5005146776974052e-02,2.2524430741864236e+01,2.2037761138089994e+01
branch0_seg35,5.6811594202898590e+00,5.2794730082624440e-02,5.2794744988233347e-02,2.0998477799974040e+01,2.0542653751846323e+01
branch0_seg35,5.7826086956521792e+00,5.0291562726385339e-02,5.0291577114518309e-02,1.9452430483392771e+01,1.9028061377292484e+01
branch0_seg35,5.8840579710144922e+00,4.7620554422506983e-02,4.7620566414028079e-02,1.8058371129767607e+01,1.7662658960406755e+01
branch0_seg35,5.9855072463768124e+00,4.4978843422996587e-02,4.4978851355870680e-02,1.6999570405265857e+01,1.6626039466473035e+01
branch0_seg35,6.0869565217391326e+00,4.2614383436526689e-02,4.2614385802023223e-02,1.6444393421792633e+01,1.6083114419859495e+01
branch0_seg35,6.1884057971014528e+00,4.0796278151023241e-02,4.0796273946335969e-02,1.6524867884183859e+01,1.6163127736244483e+01
branch0_seg35,6.2898550724637730e+00,3.9781282188168246e-02,3.9781270976731661e-02,1.7318534327156424e+01,1.6941888166552619e+01
branch0_seg35,6.3913043478260860e+00,3.9779145714020393e-02,3.9779127802901451e-02,1.8833571204099503e+01,1.8427241695686611e+01
branch0_seg35,6.4927536231884062e+00,4.0922588564230380e-02,4.0922564865836723e-02,2.1008397161584760e+01,2.0558728124246326e+01
branch0_seg35,6.5942028985507264e+00,4.3245999401904232e-02,4.3245971455560230e-02,2.3715501010537601e+01,2.3211373419042442e+01
branch0_seg35,6.6956521739130466e+00,4.6674018227505602e-02,4.6673988041742449e-02,2.6770002069848381e+01,2.6204083471169135e+01
branch0_seg35,6.7971014492753667e+00,5.1021006549505400e-02,5.1020976471721345e-02,2.9943608326274624e+01,2.9313299582851872e+01
branch0_seg35,6.8985507246376869e+00,5.6012784825112419e-02,5.6012756744164331e-02,3.3015752519178385e+01,3.2323065577093395e+01
branch0_seg35,7.0000000000000000e+00,6.1308011864860172e-02,6.1307988390503082e-02,3.5744210306106382e+01,3.4996161322561939e+01
branch0_seg36,0.0000000000000000e+00,6.1307988390502929e-02,6.1307965013040103e-02,3.4996161322562614e+01,3.4269357928273202e+01
branch0_seg36,1.0144927536232018e-01,6.5107559216603314e-02,6.5107619488661436e-02,3.2873660652642570e+01,3.2188223378899337e+01
branch0_seg36,2.0289855072464036e-01,7.0729291944823469e-02,7.0729055784660863e-02,4.3290826020031751e+01,4.2399297737631862e+01
branch0_seg36,3.0434782608695699e-01,7.4584488774658259e-02,7.4584824954149531e-02,3.4965362632524986e+01,3.4239609978150277e+01
branch0_seg36,4.0579710144927716e-01,7.7974421911649189e-02,7.7974033857287961e-02,4.2731723202399877e+01,4.1849821303870172e+01
branch0_seg36,5.0724637681159734e-01,8.0027192941029127e-02,8.0027579992927478e-02,3.6666224692731539e+01,3.5908795624877769e+01
branch0_seg36,6.0869565217391397e-01,8.0973976380575574e-02,8.0973663965708181e-02,3.9115171940168409e+01,3.8303810261654256e+01
branch0_seg36,7.1014492753623415e-01,8.0777984356733237e-02,8.0778258313787960e-02,3.5438920004119019e+01,3.4705961892492226e+01
branch0_seg36,8.1159420289855433e-01,7.9592097849576937e-02,7.9591926852529804e-02,3.4804067345432784e+01,3.4077645179091071e+01
branch0_seg36,9.1304347826087096e-01,7.7662561878500555e-02,7.7662708992890087e-02,3.2472582399944095e+01,3.1796951962699822e+01
branch0_seg36,1.0144927536231911e+00,7.5219768747793847e-02,7.5219699753386257e-02,3.0978849137487991e+01,3.0328249120244060e+01
branch0_seg36,1.1159420289855078e+00,7.2558954463627867e-02,7.2559017894926872e-02,2.9541590450625041e+01,2.8922499060819476e+01
branch0_seg36,1.2173913043478279e+00,6.9901194125202168e-02,6.9901174257486501e-02,2.8360465993072527e+01,2.7762233757839766e+01
branch0_seg36,1.3188405797101481e+00,6.7444564293840450e-02,6.7444585629684944e-02,2.7621295928873135e+01,2.7039482220163322e+01
branch0_seg36,1.4202898550724647e+00,6.5291733951774261e-02,6.5291731539626433e-02,2.6981147581490358e+01,2.6410968385115954e+01
branch0_seg36,1.5217391304347849e+00,6.3476404080771764e-02,6.3476409846364781e-02,2.6612970006225463e+01,2.6051020664377713e+01
branch0_seg36,1.6231884057971016e+00,6.1947911282962793e-02,6.1947915099536205e-02,2.6177838343412567e+01,2.5624215037549359e+01
branch0_seg36,1.7246376811594217e+00,6.0598160863309304e-02,6.0598165460385905e-02,2.5710482315958895e+01,2.5166558211017804e+01
branch0_seg36,1.8260869565217419e+00,5.9280145529155219e-02,5.9280154317546331e-02,2.5005132655679649e+01,2.4475186674750734e+01
branch0_seg36,1.9275362318840585e+00,5.7841640437928075e-02,5.7841649914555024e-02,2.4068959857831850e+01,2.3557805705729884e+01
branch0_seg36,2.0289855072463787e+00,5.6154772534943651e-02,5.6154786127956081e-02,2.2856513407792971e+01,2.2369569763990942e+01
branch0_seg36,2.1304347826086989e+00,5.4143492039484181e-02,5.4143506015633801e-02,2.1440448789352278e+01,2.0981890870893235e+01
branch0_seg36,2.2318840579710155e+00,5.1803732720976887e-02,5.1803747909549641e-02,1.9917916628086150e+01,1.9489992613358350e+01
branch0_seg36,2.3333333333333357e+00,4.9212591508114793e-02,4.9212604852100619e-02,1.8442967055999024e+01,1.8044903399180562e+01
branch0_seg36,2.4347826086956559e+00,4.6526191316042624e-02,4.6526201939998325e-02,1.7190007135931200e+01,1.6817588389913091e+01
branch0_seg36,2.5362318840579725e+00,4.3965769292031540e-02,4.3965774987251530e-02,1.6336880963104171e+01,1.5982287320076432e+01
branch0_seg36,2.6376811594202927e+00,4.1791544980497516e-02,4.1791544814566053e-02,1.6034548569644066e+01,1.5686877632749766e+01
branch0_seg36,2.7391304347826093e+00,4.0271943753191576e-02,4.0271936672533142e-02,1.6394586508960828e+01,1.6040554918247647e+01
branch0_seg36,2.8405797101449295e+00,3.9648506623750829e-02,3.9648492695729412e-02,1.7464131240321297e+01,1.7089375811186049e+01
branch0_seg36,2.9420289855072497e+00,4.0102844086853925e-02,4.0102823716256716e-02,1.9224539763697059e+01,1.8814938376134062e+01
branch0_seg36,3.0434782608695663e+00,4.1729359968204982e-02,4.1729334461797059e-02,2.1586330727930889e+01,2.1129505013940904e+01
branch0_seg36,3.1449275362318865e+00,4.4519461157504665e-02,4.4519432076978137e-02,2.4405207069803385e+01,2.3891700014620724e+01
branch0_seg36,3.2463768115942031e+00,4.8349829896207605e-02,4.8349799761574705e-02,2.7467916883181054e+01,2.6892661785569835e+01
branch0_seg36,3.3478260869565233e+00,5.2997630119886431e-02,5.2997600514023392e-02,3.0569190437646821e+01,2.9931397830427422e+01
branch0_seg36,3.4492753623188435e+00,5.8156884808690856e-02,5.8156858701422731e-02,3.3463502293854233e+01,3.2767458264745109e+01
branch0_seg36,3.5507246376811601e+00,6.3469685986501947e-02,6.3469664525396277e-02,3.5949316168354294e+01,3.5203428591684506e+01
branch0_seg36,3.6521739130434803e+00,6.8562223966591729e-02,6.8562209228577059e-02,3.7845893128834156e+01,3.7062195804466164e+01
branch0_seg36,3.7536231884058004e+00,7.3083287154841817e-02,7.3083279429764003e-02,3.9040289906872587e+01,3.8232971604337727e+01
branch0_seg36,3.8550724637681171e+00,7.6738080694418634e-02,7.6738080545702206e-02,3.9476600508103473e+01,3.8660825440451283e+01
branch0_seg36,3.9565217391304373e+00,7.9322302194887465e-02,7.9322308416417367e-02,3.9194653508805160e+01,3.8384626986657253e+01
branch0_seg36,4.0579710144927574e+00,8.0734489574476750e-02,8.0734501632636971e-02,3.8272501298608560e+01,3.7480767496092682e+01
branch0_seg36,4.1594202898550776e+00,8.0984047696306724e-02,8.0984063190800787e-02,3.6871246169355665e+01,3.6107095777018145e+01
branch0_seg36,4.2608695652173907e+00,8.0182550834799943e-02,8.0182568540212579e-02,3.5165187660093075e+01,3.4434496372418067e+01
branch0_seg36,4.3623188405797109e+00,7.8524620780660526e-02,7.8524638296091159e-02,3.3352511428418694e+01,3.2657300480519162e+01
branch0_seg36,4.4637681159420310e+00,7.6259237146538678e-02,7.6259253333847282e-02,3.1606482315777715e+01,3.0945455184678959e+01
branch0_seg36,4.5652173913043512e+00,7.3655573600075103e-02,7.3655587080327642e-02,3.0065855126977379e+01,2.9435041289257338e+01
branch0_seg36,4.6666666666666714e+00,7.0970622039897638e-02,7.0970632392784921e-02,2.8819726154282751e+01,2.8213443687487587e+01
branch0_seg36,4.7681159420289845e+00,6.8414126573139208e-02,6.8414134058614587e-02,2.7880372548378229e+01,2.7292686905292207e+01
branch0_seg36,4.8695652173913047e+00,6.6129110238346542e-02,6.6129115161704013e-02,2.7221955878035480e+01,2.6647413351997173e+01
branch0_seg36,4.9710144927536248e+00,6.4177894809178626e-02,6.4177898610475015e-02,2.6751575590375129e+01,2.6186513107459376e+01
branch0_seg36,5.0724637681159450e+00,6.2542540914904271e-02,6.2542544408571446e-02,2.6360379300319831e+01,2.5803244278982461e+01
branch0_seg36,5.1739130434782652e+00,6.1136075817299719e-02,6.1136080558043336e-02,2.5920123574240385e+01,2.5371882286170322e+01
branch0_seg36,5.2753623188405783e+00,5.9823959525307460e-02,5.9823966200043724e-02,2.5321374028391467e+01,2.4785150494431452e+01
branch0_seg36,5.3768115942028984e+00,5.8452075931964435e-02,5.8452085309798035e-02,2.4483476358667520e+01,2.3964013884538744e+01
branch0_seg36,5.4782608695652186e+00,5.6879196631990557e-02,5.6879208506378488e-02,2.3380790221045512e+01,2.2883367785439034e+01
branch0_seg36,5.5797101449275388e+00,5.5005146776974052e-02,5.5005160786288532e-02,2.2037761138089994e+01,2.1567222627132900e+01
branch0_seg36,5.6811594202898590e+00,5.2794744988233347e-02,5.2794759831563537e-02,2.0542653751846323e+01,2.0102138512331948e+01
branch0_seg36,5.7826086956521792e+00,5.0291577114518302e-02,5.0291591440347033e-02,1.9028061377292484e+01,1.8618124748839694e+01
branch0_seg36,5.8840579710144922e+00,4.7620566414028079e-02,4.7620578350763602e-02,1.7662658960406755e+01,1.7280521934587060e+01
branch0_seg36,5.9855072463768124e+00,4.4978851355870680e-02,4.4978859248265772e-02,1.6626039466473035e+01,1.6265333410619288e+01
branch0_seg36,6.0869565217391326e+00,4.2614385802023223e-02,4.2614388148575863e-02,1.6083114419859495e+01,1.5734109670220347e+01
branch0_seg36,6.1884057971014528e+00,4.0796273946335969e-02,4.0796269749548794e-02,1.6163127736244483e+01,1.5813395959228002e+01
branch0_seg36,6.2898550724637730e+00,3.9781270976731661e-02,3.9781259803536778e-02,1.6941888166552619e+01,1.6577335948891182e+01
branch0_seg36,6.3913043478260860e+00,3.9779127802901451e-02,3.9779109960309811e-02,1.8427241695686611e+01,1.8033480282676258e+01
branch0_seg36,6.4927536231884062e+00,4.0922564865836723e-02,4.0922541263189692e-02,2.0558728124246326e+01,2.0122491993642527e+01
branch0_seg36,6.5942028985507264e+00,4.3245971455560230e-02,4.3245943625469331e-02,2.3211373419042442e+01,2.2721898367277532e+01
branch0_seg36,6.6956521739130466e+00,4.6673988041742449e-02,4.6673957983381170e-02,2.6204083471169135e+01,2.5654319174571054e+01
branch0_seg36,6.7971014492753667e+00,5.1020976471721345e-02,5.1020946521211280e-02,2.9313299582851872e+01,2.8700824403850156e+01
branch0_seg36,6.8985507246376869e+00,5.6012756744164331e-02,5.6012728781019407e-02,3.2323065577093395e+01,3.1649953203855144e+01
branch0_seg36,7.0000000000000000e+00,6.1307988390503082e-02,6.1307965013040248e-02,3.4996161322561939e+01,3.4269357928272534e+01
branch0_seg37,0.0000000000000000e+00,6.1307965013040110e-02,6.1307941667148660e-02,3.4269357928273202e+01,3.3566456802635038e+01
branch0_seg37,1.0144927536232018e-01,6.5107619488661450e-02,6.5107679675721578e-02,3.2188223378899337e+01,3.1526579527953274e+01
branch0_seg37,2.0289855072464036e-01,7.0729055784660849e-02,7.0728819947581151e-02,4.2399297737631862e+01,4.1536341943862162e+01
branch0_seg37,3.0434782608695699e-01,7.4584824954149545e-02,7.4585160630951455e-02,3.4239609978150277e+01,3.3539986265852669e+01
branch0_seg37,4.0579710144927716e-01,7.7974033857287947e-02,7.7973646415326045e-02,4.1849821303870172e+01,4.0997616287819788e+01
branch0_seg37,5.0724637681159734e-01,8.0027579992927492e-02,8.0027966356031807e-02,3.5908795624877769e+01,3.5178970816736673e+01
branch0_seg37,6.0869565217391397e-01,8.0973663965708195e-02,8.0973352200278653e-02,3.8303810261654256e+01,3.7521397209554571e+01
branch0_seg37,7.1014492753623415e-01,8.0778258313787946e-02,8.0778531624134273e-02,3.4705961892492226e+01,3.4000279597792897e+01
branch0_seg37,8.1159420289855433e-01,7.9591926852529818e-02,7.9591756398627395e-02,3.4077645179091071e+01,3.3378363436826930e+01
branch0_seg37,9.1304347826087096e-01,7.7662708992890087e-02,7.7662855603298012e-02,3.1796951962699822e+01,3.1147029158367129e+01
branch0_seg37,1.0144927536231911e+00,7.5219699753386257e-02,7.5219631151307392e-02,3.0328249120244060e+01,2.9702613483575785e+01
branch0_seg37,1.1159420289855078e+00,7.2559017894926872e-02,7.2559080983689239e-02,2.8922499060819476e+01,2.8327226060844541e+01
branch0_seg37,1.2173913043478279e+00,6.9901174257486501e-02,6.9901154640934535e-02,2.7762233757839766e+01,2.7187058848140868e+01
branch0_seg37,1.3188405797101481e+00,6.7444585629684944e-02,6.7444606759715725e-02,2.7039482220163322e+01,2.6479942950460590e+01
branch0_seg37,1.4202898550724647e+00,6.5291731539626433e-02,6.5291729270675641e-02,2.6410968385115954e+01,2.5862517830555262e+01
branch0_seg37,1.5217391304347849e+00,6.3476409846364781e-02,6.3476415500524075e-02,2.6051020664377713e+01,2.5510309926979932e+01
branch0_seg37,1.6231884057971016e+00,6.1947915099536205e-02,6.1947918986113078e-02,2.5624215037549359e+01,2.5091429892797102e+01
branch0_seg37,1.7246376811594217e+00,6.0598165460385905e-02,6.0598169998587768e-02,2.5166558211017804e+01,2.4643051659683351e+01
branch0_seg37,1.8260869565217419e+00,5.9280154317546331e-02,5.9280163129165016e-02,2.4475186674750734e+01,2.3965179667686190e+01
branch0_seg37,1.9275362318840585e+00,5.7841649914555024e-02,5.7841659354525142e-02,2.3557805705729884e+01,2.3065994448644819e+01
branch0_seg37,2.0289855072463787e+00,5.6154786127956081e-02,5.6154799715976311e-02,2.2369569763990942e+01,2.1901234889523156e+01
branch0_seg37,2.1304347826086989e+00,5.4143506015633801e-02,5.4143519961891297e-02,2.0981890870893235e+01,2.0541073130306103e+01
branch0_seg37,2.2318840579710155e+00,5.1803747909549641e-02,5.1803763079393501e-02,1.9489992613358350e+01,1.9078843002210657e+01
branch0_seg37,2.3333333333333357e+00,4.9212604852100619e-02,4.9212618170474350e-02,1.8044903399180562e+01,1.7662619274025502e+01
branch0_seg37,2.4347826086956559e+00,4.6526201939998325e-02,4.6526212545108532e-02,1.6817588389913091e+01,1.6460015207106089e+01
branch0_seg37,2.5362318840579725e+00,4.3965774987251530e-02,4.3965780667637996e-02,1.5982287320076432e+01,1.5641770923264302e+01
branch0_seg37,2.6376811594202927e+00,4.1791544814566053e-02,4.1791544643220296e-02,1.5686877632749766e+01,1.5352782212681102e+01
branch0_seg37,2.7391304347826093e+00,4.0271936672533142e-02,4.0271929597474311e-02,1.6040554918247647e+01,1.5699954060447389e+01
branch0_seg37,2.8405797101449295e+00,3.9648492695729412e-02,3.9648478785656881e-02,1.7089375811186049e+01,1.6728324322290941e+01
branch0_seg37,2.9420289855072497e+00,4.0102823716256716e-02,4.0102803376172953e-02,1.8814938376134062e+01,1.8419759228445148e+01
branch0_seg37,3.0434782608695663e+00,4.1729334461797059e-02,4.1729308996004424e-02,2.1129505013940904e+01,2.0688248974660713e+01
branch0_seg37,3.1449275362318865e+00,4.4519432076978137e-02,4.4519403044112150e-02,2.3891700014620724e+01,2.3395284288610423e+01
branch0_seg37,3.2463768115942031e+00,4.8349799761574705e-02,4.8349769675874898e-02,2.6892661785569835e+01,2.6336291964852659e+01
branch0_seg37,3.3478260869565233e+00,5.2997600514023392e-02,5.2997570954470642e-02,2.9931397830427422e+01,2.9314440091636403e+01
branch0_seg37,3.4492753623188435e+00,5.8156858701422731e-02,5.8156832631855206e-02,3.2767458264745109e+01,3.2094208227240301e+01
branch0_seg37,3.5507246376811601e+00,6.3469664525396277e-02,6.3469643091737332e-02,3.5203428591684506e+01,3.4482166658190408e+01
branch0_seg37,3.6521739130434803e+00,6.8562209228577059e-02,6.8562194505045040e-02,3.7062195804466164e+01,3.6304696858042860e+01
branch0_seg37,3.7536231884058004e+00,7.3083279429764003e-02,7.3083271708048653e-02,3.8232971604337727e+01,3.7453065681981656e+01
branch0_seg37,3.8550724637681171e+00,7.6738080545702206e-02,7.6738080389892896e-02,3.8660825440451283e+01,3.7873248759327581e+01
branch0_seg37,3.9565217391304373e+00,7.9322308416417367e-02,7.9322314624553053e-02,3.8384626986657253e+01,3.7603139471839384e+01
branch0_seg37,4.0579710144927574e+00,8.0734501632636971e-02,8.0734513672333419e-02,3.7480767496092682e+01,3.6717480470474790e+01
branch0_seg37,4.1594202898550776e+00,8.0984063190800787e-02,8.0984078665871109e-02,3.6107095777018145e+01,3.5370928792615942e+01
branch0_seg37,4.2608695652173907e+00,8.0182568540212579e-02,8.0182586225546179e-02,3.4434496372418067e+01,3.3731035543124783e+01
branch0_seg37,4.3623188405797109e+00,7.8524638296091159e-02,7.8524655793556719e-02,3.2657300480519162e+01,3.1988382283390582e+01
branch0_seg37,4.4637681159420310e+00,7.6259253333847282e-02,7.6259269504862184e-02,3.0945455184678959e+01,3.0309701891210274e+01
branch0_seg37,4.5652173913043512e+00,7.3655587080327642e-02,7.3655600547530536e-02,2.9435041289257338e+01,2.8828497122930539e+01
branch0_seg37,4.6666666666666714e+00,7.0970632392784921e-02,7.0970642735273218e-02,2.8213443687487587e+01,2.7630516982121183e+01
branch0_seg37,4.7681159420289845e+00,6.8414134058614587e-02,6.8414141536487963e-02,2.7292686905292207e+01,2.6727574401865375e+01
branch0_seg37,4.8695652173913047e+00,6.6129115161704013e-02,6.6129120079647399e-02,2.6647413351997173e+01,2.6094808365643839e+01
branch0_seg37,4.9710144927536248e+00,6.4177898610475015e-02,6.4177902407227594e-02,2.6186513107459376e+01,2.5642877420928443e+01
branch0_seg37,5.0724637681159450e+00,6.2542544408571446e-02,6.2542547897661740e-02,2.5803244278982461e+01,2.5267108398138962e+01
branch0_seg37,5.1739130434782652e+00,6.1136080558043336e-02,6.1136085292236068e-02,2.5371882286170322e+01,2.4844234139377019e+01
branch0_seg37,5.2753623188405783e+00,5.9823966200043724e-02,5.9823972865542412e-02,2.4785150494431452e+01,2.4269073116864330e+01
branch0_seg37,5.3768115942028984e+00,5.8452085309798035e-02,5.8452094674362493e-02,2.3964013884538744e+01,2.3464153095433840e+01
branch0_seg37,5.4782608695652186e+00,5.6879208506378488e-02,5.6879220363819365e-02,2.2883367785439034e+01,2.2404871077077225e+01
branch0_seg37,5.5797101449275388e+00,5.5005160786288532e-02,5.5005174774873253e-02,2.1567222627132900e+01,2.1114792969393019e+01
branch0_seg37,5.6811594202898590e+00,5.2794759831563537e-02,5.2794774652079976e-02,2.0102138512331948e+01,1.9678799748845098e+01
branch0_seg37,5.7826086956521792e+00,5.0291591440347033e-02,5.0291605742574380e-02,1.8618124748839694e+01,1.8224371565723633e+01
branch0_seg37,5.8840579710144922e+00,4.7620578350763602e-02,4.7620590265924287e-02,1.7280521934587060e+01,1.6913597581288027e+01
branch0_seg37,5.9855072463768124e+00,4.4978859248265772e-02,4.4978867123573442e-02,1.6265333410619288e+01,1.5918991300342618e+01
branch0_seg37,6.0869565217391326e+00,4.2614388148575863e-02,4.2614390485723116e-02,1.5734109670220347e+01,1.5398846704791559e+01
branch0_seg37,6.1884057971014528e+00,4.0796269749548794e-02,4.0796265553504144e-02,1.5813395959228002e+01,1.5477106192682523e+01
branch0_seg37,6.2898550724637730e+00,3.9781259803536778e-02,3.9781248643268929e-02,1.6577335948891182e+01,1.6226323165040352e+01
branch0_seg37,6.3913043478260860e+00,3.9779109960309811e-02,3.9779092143175480e-02,1.8033480282676258e+01,1.7653794408960803e+01
branch0_seg37,6.4927536231884062e+00,4.0922541263189692e-02,4.0922517697438793e-02,2.0122491993642527e+01,1.9701308445194382e+01
branch0_seg37,6.5942028985507264e+00,4.3245943625469331e-02,4.3245915840631713e-02,2.2721898367277532e+01,2.2248853879750840e+01
branch0_seg37,6.6956521739130466e+00,4.6673957983381170e-02,4.6673927974201633e-02,2.5654319174571054e+01,2.5122683272209489e+01
branch0_seg37,6.7971014492753667e+00,5.1020946521211280e-02,5.1020916618458076e-02,2.8700824403850156e+01,2.8108378401025387e+01
branch0_seg37,6.8985507246376869e+00,5.6012728781019407e-02,5.6012700859849988e-02,3.1649953203855144e+01,3.0998844081731054e+01
branch0_seg37,7.0000000000000000e+00,6.1307965013040248e-02,6.1307941667148806e-02,3.4269357928272534e+01,3.3566456802634377e+01
branch0_seg38,0.0000000000000000e+00,6.1307941667148660e-02,6.1307918362562393e-02,3.3566456802635038e+01,3.2885716842218336e+01
branch0_seg38,1.0144927536232018e-01,6.5107679675721578e-02,6.5107739727554195e-02,3.1526579527953274e+01,3.0886971521081207e+01
branch0_seg38,2.0289855072464036e-01,7.0728819947581151e-02,7.0728584602601896e-02,4.1536341943862162e+01,4.0699892389391842e+01
branch0_seg38,3.0434782608695699e-01,7.4585160630951455e-02,7.4585495545733863e-02,3.3539986265852669e+01,3.2864541907602501e+01
branch0_seg38,4.0579710144927716e-01,7.7973646415326045e-02,7.7973259875074821e-02,4.0997616287819788e+01,4.0172934703419216e+01
branch0_seg38,5.0724637681159734e-01,8.0027966356031807e-02,8.0028351734954872e-02,3.5178970816736673e+01,3.4474682144953377e+01
branch0_seg38,6.0869565217391397e-01,8.0973352200278653e-02,8.0973041319104114e-02,3.7521397209554571e+01,3.6765785086846577e+01
branch0_seg38,7.1014492753623415e-01,8.0778531624134273e-02,8.0778804083341926e-02,3.4000279597792897e+01,3.3319819250374735e+01
branch0_seg38,8.1159420289855433e-01,7.9591756398627395e-02,7.9591586616734544e-02,3.3378363436826930e+01,3.2704186750077355e+01
branch0_seg38,9.1304347826087096e-01,7.7662855603298012e-02,7.7663001605227239e-02,3.1147029158367129e+01,3.0520869622250789e+01
branch0_seg38,1.0144927536231911e+00,7.5219631151307392e-02,7.5219562994018815e-02,2.9702613483575785e+01,2.9100057906857948e+01
branch0_seg38,1.1159420289855078e+00,7.2559080983689239e-02,7.2559143689582342e-02,2.8327226060844541e+01,2.7753967127236752e+01
branch0_seg38,1.2173913043478279e+00,6.9901154640934535e-02,6.9901135291330727e-02,2.7187058848140868e+01,2.6633198147505798e+01
branch0_seg38,1.3188405797101481e+00,6.7444606759715725e-02,6.7444627674032281e-02,2.6479942950460590e+01,2.5940993817558361e+01
branch0_seg38,1.4202898550724647e+00,6.5291729270675641e-02,6.5291727147582787e-02,2.5862517830555262e+01,2.5334156584746083e+01
branch0_seg38,1.5217391304347849e+00,6.3476415500524075e-02,6.3476421043080863e-02,2.5510309926979932e+01,2.4989237149261307e+01
branch0_seg38,1.6231884057971016e+00,6.1947918986113078e-02,6.1947922940661850e-02,2.5091429892797102e+01,2.4577914694716146e+01
branch0_seg38,1.7246376811594217e+00,6.0598169998587768e-02,6.0598174477252791e-02,2.4643051659683351e+01,2.4138426631279408e+01
branch0_seg38,1.8260869565217419e+00,5.9280163129165016e-02,5.9280171958681287e-02,2.3965179667686190e+01,2.3473611100575273e+01
branch0_seg38,1.9275362318840585e+00,5.7841659354525142e-02,5.7841668753297291e-02,2.3065994448644819e+01,2.2592068479865894e+01
branch0_seg38,2.0289855072463787e+00,5.6154799715976311e-02,5.6154813291071290e-02,2.1901234889523156e+01,2.1450103544354711e+01
branch0_seg38,2.1304347826086989e+00,5.4143519961891297e-02,5.4143533870986263e-02,2.0541073130306103e+01,2.0116652395294931e+01
branch0_seg38,2.2318840579710155e+00,5.1803763079393501e-02,5.1803778222493622e-02,1.9078843002210657e+01,1.8683194213698332e+01
branch0_seg38,2.3333333333333357e+00,4.9212618170474350e-02,4.9212631457083850e-02,1.7662619274025502e+01,1.7294913884672901e+01
branch0_seg38,2.4347826086956559e+00,4.6526212545108532e-02,4.6526223127202178e-02,1.6460015207106089e+01,1.6116156599697550e+01
branch0_seg38,2.5362318840579725e+00,4.3965780667637996e-02,4.3965786332480078e-02,1.5641770923264302e+01,1.5314260303190576e+01
branch0_seg38,2.6376811594202927e+00,4.1791544643220296e-02,4.1791544469444365e-02,1.5352782212681102e+01,1.5031232674689383e+01
branch0_seg38,2.7391304347826093e+00,4.0271929597474311e-02,4.0271922535162839e-02,1.5699954060447389e+01,1.5371771674975649e+01
branch0_seg38,2.8405797101449295e+00,3.9648478785656881e-02,3.9648464904453631e-02,1.6728324322290941e+01,1.6379952462556084e+01
branch0_seg38,2.9420289855072497e+00,4.0102803376172953e-02,4.0102783080777540e-02,1.8419759228445148e+01,1.8037933906650860e+01
branch0_seg38,3.0434782608695663e+00,4.1729308996004424e-02,4.1729283587170637e-02,2.0688248974660713e+01,2.0261418391199037e+01
branch0_seg38,3.1449275362318865e+00,4.4519403044112150e-02,4.4519374076285929e-02,2.3395284288610423e+01,2.2914711379706866e+01
branch0_seg38,3.2463768115942031e+00,4.8349769675874898e-02,4.8349739655830226e-02,2.6336291964852659e+01,2.5797432719928214e+01
branch0_seg38,3.3478260869565233e+00,5.2997570954470642e-02,5.2997541456440575e-02,2.9314440091636403e+01,2.8716802474144156e+01
branch0_seg38,3.4492753623188435e+00,5.8156832631855206e-02,5.8156806611913310e-02,3.2094208227240301e+01,3.1442093757647992e+01
branch0_seg38,3.5507246376811601e+00,6.3469643091737332e-02,6.3469621693837935e-02,3.4482166658190408e+01,3.3783734666706941e+01
branch0_seg38,3.6521739130434803e+00,6.8562194505045040e-02,6.8562179799694839e-02,3.6304696858042860e+01,3.5571479510519843e+01
branch0_seg38,3.7536231884058004e+00,7.3083271708048653e-02,7.3083263989087210e-02,3.7453065681981656e+01,3.6698558349626595e+01
branch0_seg38,3.8550724637681171e+00,7.6738080389892896e-02,7.6738080222090194e-02,3.7873248759327581e+01,3.7111789491198252e+01
branch0_seg38,3.9565217391304373e+00,7.9322314624553053e-02,7.9322320811287553e-02,3.7603139471839384e+01,3.6848074881306225e+01
branch0_seg38,4.0579710144927574e+00,8.0734513672333419e-02,8.0734525682975164e-02,3.6717480470474790e+01,3.5980520992985767e+01
branch0_seg38,4.1594202898550776e+00,8.0984078665871109e-02,8.0984094110080646e-02,3.5370928792615942e+01,3.4660651205386387e+01
branch0_seg38,4.2608695652173907e+00,8.0182586225546179e-02,8.0182603879219605e-02,3.3731035543124783e+01,3.3052759366749179e+01
branch0_seg38,4.3623188405797109e+00,7.8524655793556719e-02,7.8524673262791306e-02,3.1988382283390582e+01,3.1343775020029309e+01
branch0_seg38,4.4637681159420310e+00,7.6259269504862184e-02,7.6259285651085335e-02,3.0309701891210274e+01,2.9697312917063083e+01
branch0_seg38,4.5652173913043512e+00,7.3655600547530536e-02,7.3655613995567845e-02,2.8828497122930539e+01,2.8244386577905875e+01
branch0_seg38,4.6666666666666714e+00,7.0970642735273218e-02,7.0970653063576736e-02,2.7630516982121183e+01,2.7069178727675119e+01
branch0_seg38,4.7681159420289845e+00,6.8414141536487963e-02,6.8414149004818653e-02,2.6727574401865375e+01,2.6183328122845726e+01
branch0_seg38,4.8695652173913047e+00,6.6129120079647399e-02,6.6129124991689173e-02,2.6094808365643839e+01,2.5562484293248673e+01
branch0_seg38,4.9710144927536248e+00,6.4177902407227594e-02,6.4177906199265500e-02,2.5642877420928443e+01,2.5119052996821811e+01
branch0_seg38,5.0724637681159450e+00,6.2542547897661740e-02,6.2542551381785313e-02,2.5267108398138962e+01,2.4750390537530677e+01
branch0_seg38,5.1739130434782652e+00,6.1136085292236068e-02,6.1136090018258267e-02,2.4844234139377019e+01,2.4335629808209422e+01
branch0_seg38,5.2753623188405783e+00,5.9823972865542412e-02,5.9823979518657894e-02,2.4269073116864330e+01,2.3771626164126619e+01
branch0_seg38,5.3768115942028984e+00,5.8452094674362493e-02,5.8452104020639085e-02,2.3464153095433840e+01,2.2982417826014714e+01
branch0_seg38,5.4782608695652186e+00,5.6879220363819365e-02,5.6879232197769136e-02,2.2404871077077225e+01,2.1943872273826909e+01
branch0_seg38,5.5797101449275388e+00,5.5005174774873253e-02,5.5005188735052044e-02,2.1114792969393019e+01,2.0679102598874877e+01
branch0_seg38,5.6811594202898590e+00,5.2794774652079976e-02,5.2794789441962864e-02,1.9678799748845098e+01,1.9271334809523719e+01
branch0_seg38,5.7826086956521792e+00,5.0291605742574380e-02,5.0291620014148726e-02,1.8224371565723633e+01,1.7845571321247355e+01
branch0_seg38,5.8840579710144922e+00,4.7620590265924287e-02,4.7620602154410559e-02,1.6913597581288027e+01,1.6560727246790162e+01
branch0_seg38,5.9855072463768124e+00,4.4978867123573442e-02,4.4978874979579371e-02,1.5918991300342618e+01,1.5585919114608194e+01
branch0_seg38,6.0869565217391326e+00,4.2614390485723116e-02,4.2614392814893903e-02,1.5398846704791559e+01,1.5076281418632181e+01
branch0_seg38,6.1884057971014528e+00,4.0796265553504144e-02,4.0796261363647925e-02,1.5477106192682523e+01,1.5153242410954743e+01
branch0_seg38,6.2898550724637730e+00,3.9781248643268929e-02,3.9781237505370305e-02,1.6226323165040352e+01,1.5887834199968955e+01
branch0_seg38,6.3913043478260860e+00,3.9779092143175480e-02,3.9779074364441440e-02,1.7653794408960803e+01,1.7287137567689079e+01
branch0_seg38,6.4927536231884062e+00,4.0922517697438793e-02,4.0922494184189320e-02,1.9701308445194382e+01,1.9294067860256035e+01
branch0_seg38,6.5942028985507264e+00,4.3245915840631713e-02,4.3245888118146190e-02,2.2248853879750840e+01,2.1791037101877109e+01
branch0_seg38,6.6956521739130466e+00,4.6673927974201633e-02,4.6673898031425527e-02,2.5122683272209489e+01,2.4607854661247544e+01
branch0_seg38,6.7971014492753667e+00,5.1020916618458076e-02,5.1020886779337818e-02,2.8108378401025387e+01,2.7534505038869142e+01
branch0_seg38,6.8985507246376869e+00,5.6012700859849988e-02,5.6012672994183686e-02,3.0998844081731054e+01,3.0368138150576929e+01
branch0_seg38,7.0000000000000000e+00,6.1307941667148806e-02,6.1307918362562532e-02,3.3566456802634377e+01,3.2885716842217690e+01
branch0_seg39,0.0000000000000000e+00,6.1307918362562393e-02,6.1307895096393936e-02,3.2885716842218336e+01,3.2226169240740916e+01
branch0_seg39,1.0144927536232018e-01,6.5107739727554195e-02,6.5107799625950091e-02,3.0886971521081207e+01,3.0268413677583414e+01
branch0_seg39,2.0289855072464036e-01,7.0728584602601896e-02,7.0728349792703551e-02,4.0699892389391842e+01,3.9888804550698467e+01
branch0_seg39,3.0434782608695699e-01,7.4585495545733863e-02,7.4585829618185467e-02,3.2864541907602501e+01,3.2212179022054208e+01
branch0_seg39,4.0579710144927716e-01,7.7973259875074821e-02,7.7972874319008553e-02,4.0172934703419216e+01,3.9374563312705860e+01
branch0_seg39,5.0724637681159734e-01,8.0028351734954872e-02,8.0028736040448883e-02,3.4474682144953377e+01,3.3794763899110876e+01
branch0_seg39,6.0869565217391397e-01,8.0973041319104114e-02,8.0972731390568126e-02,3.6765785086846577e+01,3.6035764968080983e+01
branch0_seg39,7.1014492753623415e-01,8.0778804083341926e-02,8.0779075632933586e-02,3.3319819250374735e+01,3.2663420173878720e+01
branch0_seg39,8.1159420289855433e-01,7.9591586616734544e-02,7.9591417544684503e-02,3.2704186750077355e+01,3.2053962361772491e+01
branch0_seg39,9.1304347826087096e-01,7.7663001605227239e-02,7.7663146972616628e-02,3.0520869622250789e+01,2.9917371094607859e+01
branch0_seg39,1.0144927536231911e+00,7.5219562994018815e-02,7.5219495297316391e-02,2.9100057906857948e+01,2.8519511521076321e+01
branch0_seg39,1.1159420289855078e+00,7.2559143689582342e-02,7.2559206006149027e-02,2.7753967127236752e+01,2.7201697414113553e+01
branch0_seg39,1.2173913043478279e+00,6.9901135291330727e-02,6.9901116213961015e-02,2.6633198147505798e+01,2.6099660362517497e+01
branch0_seg39,1.3188405797101481e+00,6.7444627674032281e-02,6.7444648374172217e-02,2.5940993817558361e+01,2.5421678197746612e+01
branch0_seg39,1.4202898550724647e+00,6.5291727147582787e-02,6.5291725171789244e-02,2.5334156584746083e+01,2.4824953542584051e+01
branch0_seg39,1.5217391304347849e+00,6.3476421043080863e-02,6.3476426476987299e-02,2.4989237149261307e+01,2.4486894311967930e+01
branch0_seg39,1.6231884057971016e+00,6.1947922940661850e-02,6.1947926963231280e-02,2.4577914694716146e+01,2.4082780005850751e+01
branch0_seg39,1.7246376811594217e+00,6.0598174477252791e-02,6.0598178898204944e-02,2.4138426631279408e+01,2.3651812283100536e+01
branch0_seg39,1.8260869565217419e+00,5.9280171958681287e-02,5.9280180805491162e-02,2.3473611100575273e+01,2.2999629858696267e+01
branch0_seg39,1.9275362318840585e+00,5.7841668753297291e-02,5.7841678111422892e-02,2.2592068479865894e+01,2.2135200398013794e+01
branch0_seg39,2.0289855072463787e+00,5.6154813291071290e-02,5.6154826852607476e-02,2.1450103544354711e+01,2.1015376959812762e+01
branch0_seg39,2.1304347826086989e+00,5.4143533870986263e-02,5.4143547743158014e-02,2.0116652395294931e+01,1.9707863939284394e+01
branch0_seg39,2.2318840579710155e+00,5.1803778222493622e-02,5.1803793339003555e-02,1.8683194213698332e+01,1.8302319870593468e+01
branch0_seg39,2.3333333333333357e+00,4.9212631457083850e-02,4.9212644712965561e-02,1.7294913884672901e+01,1.6941101341299461e+01
branch0_seg39,2.4347826086956559e+00,4.6526223127202178e-02,4.6526233687849854e-02,1.6116156599697550e+01,1.5785366009239906e+01
branch0_seg39,2.5362318840579725e+00,4.3965786332480078e-02,4.3965791984173754e-02,1.5314260303190576e+01,1.4999143111345051e+01
branch0_seg39,2.6376811594202927e+00,4.1791544469444365e-02,4.1791544296192716e-02,1.5031232674689383e+01,1.4721641647422944e+01
branch0_seg39,2.7391304347826093e+00,4.0271922535162839e-02,4.0271915489009331e-02,1.5371771674975649e+01,1.5055432288203832e+01
branch0_seg39,2.8405797101449295e+00,3.9648464904453631e-02,3.9648451055626310e-02,1.6379952462556084e+01,1.6043680649691499e+01
branch0_seg39,2.9420289855072497e+00,4.0102783080777540e-02,4.0102762833365439e-02,1.8037933906650860e+01,1.7668861026852493e+01
branch0_seg39,3.0434782608695663e+00,4.1729283587170637e-02,4.1729258237987919e-02,2.0261418391199037e+01,1.9848372321179426e+01
branch0_seg39,3.1449275362318865e+00,4.4519374076285929e-02,4.4519345175288633e-02,2.2914711379706866e+01,2.2449284565351441e+01
branch0_seg39,3.2463768115942031e+00,4.8349739655830226e-02,4.8349709701980902e-02,2.5797432719928214e+01,2.5275318739003875e+01
branch0_seg39,3.3478260869565233e+00,5.2997541456440575e-02,5.2997512019222384e-02,2.8716802474144156e+01,2.8137642599390499e+01
branch0_seg39,3.4492753623188435e+00,5.8156806611913310e-02,5.8156780639449297e-02,3.1442093757647992e+01,3.0810192498815315e+01
branch0_seg39,3.5507246376811601e+00,6.3469621693837935e-02,6.3469600328411271e-02,3.3783734666706941e+01,3.3107132949296840e+01
branch0_seg39,3.6521739130434803e+00,6.8562179799694839e-02,6.8562165108217665e-02,3.5571479510519843e+01,3.4861474963403460e+01
branch0_seg39,3.7536231884058004e+00,7.3083263989087210e-02,7.3083256268020438e-02,3.6698558349626595e+01,3.5968324382039000e+01
branch0_seg39,3.8550724637681171e+00,7.6738080222090194e-02,7.6738080037209722e-02,3.7111789491198252e+01,3.6375282093648821e+01
branch0_seg39,3.9565217391304373e+00,7.9322320811287553e-02,7.9322326971860257e-02,3.6848074881306225e+01,3.6118244986478871e+01
branch0_seg39,4.0579710144927574e+00,8.0734525682975164e-02,8.0734537660366035e-02,3.5980520992985767e+01,3.5268695965380850e+01
branch0_seg39,4.1594202898550776e+00,8.0984094110080646e-02,8.0984109520254977e-02,3.4660651205386387e+01,3.3975081137657234e+01
branch0_seg39,4.2608695652173907e+00,8.0182603879219605e-02,8.0182621499124362e-02,3.3052759366749179e+01,3.2398510494101593e+01
branch0_seg39,4.3623188405797109e+00,7.8524673262791306e-02,7.8524690702924838e-02,3.1343775020029309e+01,3.0722355327961669e+01
branch0_seg39,4.4637681159420310e+00,7.6259285651085335e-02,7.6259301772722651e-02,2.9697312917063083e+01,2.9107204255652331e+01
branch0_seg39,4.5652173913043512e+00,7.3655613995567845e-02,7.3655627425591855e-02,2.8244386577905875e+01,2.7681666374808071e+01
branch0_seg39,4.6666666666666714e+00,7.0970653063576736e-02,7.0970663379510607e-02,2.7069178727675119e+01,2.6528424366052331e+01
branch0_seg39,4.7681159420289845e+00,6.8414149004818653e-02,6.8414156465731901e-02,2.6183328122845726e+01,2.5658978018883733e+01
branch0_seg39,4.8695652173913047e+00,6.6129124991689173e-02,6.6129129900032182e-02,2.5562484293248673e+01,2.5049500208693392e+01
branch0_seg39,4.9710144927536248e+00,6.4177906199265500e-02,6.4177909988499371e-02,2.5119052996821811e+01,2.4614122917778108e+01
branch0_seg39,5.0724637681159450e+00,6.2542551381785313e-02,6.2542554862460492e-02,2.4750390537530677e+01,2.4252193893836182e+01
branch0_seg39,5.1739130434782652e+00,6.1136090018258267e-02,6.1136094737057042e-02,2.4335629808209422e+01,2.3845190823849919e+01
branch0_seg39,5.2753623188405783e+00,5.9823979518657894e-02,5.9823986159840435e-02,2.3771626164126619e+01,2.3291950116806277e+01
branch0_seg39,5.3768115942028984e+00,5.8452104020639085e-02,5.8452113348648992e-02,2.2982417826014714e+01,2.2517970456474004e+01
branch0_seg39,5.4782608695652186e+00,5.6879232197769136e-02,5.6879244008061360e-02,2.1943872273826909e+01,2.1499560262710414e+01
branch0_seg39,5.5797101449275388e+00,5.5005188735052044e-02,5.5005202666673830e-02,2.0679102598874877e+01,2.0259372298950446e+01
branch0_seg39,5.6811594202898590e+00,5.2794789441962864e-02,5.2794804201371830e-02,1.9271334809523719e+01,1.8879001261321790e+01
branch0_seg39,5.7826086956521792e+00,5.0291620014148726e-02,5.0291634255729599e-02,1.7845571321247355e+01,1.7481021546000449e+01
branch0_seg39,5.8840579710144922e+00,4.7620602154410559e-02,4.7620614017563699e-02,1.6560727246790162e+01,1.6221248710004616e+01
branch0_seg39,5.9855072463768124e+00,4.4978874979579371e-02,4.4978882818351398e-02,1.5585919114608194e+01,1.5265491436072470e+01
branch0_seg39,6.0869565217391326e+00,4.2614392814893903e-02,4.2614395138832591e-02,1.5076281418632181e+01,1.4765817625223189e+01
branch0_seg39,6.1884057971014528e+00,4.0796261363647925e-02,4.0796257183235811e-02,1.5153242410954743e+01,1.4841226080396421e+01
branch0_seg39,6.2898550724637730e+00,3.9781237505370305e-02,3.9781226393349349e-02,1.5887834199968955e+01,1.5561293220060177e+01
branch0_seg39,6.3913043478260860e+00,3.9779074364441440e-02,3.9779056627531721e-02,1.7287137567689079e+01,1.6932919446720422e+01
branch0_seg39,6.4927536231884062e+00,4.0922494184189320e-02,4.0922470726423903e-02,1.9294067860256035e+01,1.8900147510876494e+01
branch0_seg39,6.5942028985507264e+00,4.3245888118146190e-02,4.3245860460201485e-02,2.1791037101877109e+01,2.1347775857367012e+01
branch0_seg39,6.6956521739130466e+00,4.6673898031425527e-02,4.6673868156144972e-02,2.4607854661247544e+01,2.4109097280039453e+01
branch0_seg39,6.7971014492753667e+00,5.1020886779337818e-02,5.1020857003628170e-02,2.7534505038869142e+01,2.6978394078176539e+01
branch0_seg39,6.8985507246376869e+00,5.6012672994183686e-02,5.6012645182490793e-02,3.0368138150576929e+01,2.9756945653984026e+01
branch0_seg39,7.0000000000000000e+00,6.1307918362562532e-02,6.1307895096394074e-02,3.2885716842217690e+01,3.2226169240740290e+01
branch0_seg40,0.0000000000000000e+00,6.1307895096393936e-02,6.1307871844905222e-02,3.2226169240740916e+01,3.1587857565425939e+01
branch0_seg40,1.0144927536232018e-01,6.5107799625950091e-02,6.5107859404325605e-02,3.0268413677583414e+01,2.9670921629147625e+01
branch0_seg40,2.0289855072464036e-01,7.0728349792703551e-02,7.0728115356254645e-02,3.9888804550698467e+01,3.9103139579356146e+01
branch0_seg40,3.0434782608695699e-01,7.4585829618185467e-02,7.4586163057559857e-02,3.2212179022054208e+01,3.1582891117639306e+01
branch0_seg40,4.0579710144927716e-01,7.7972874319008553e-02,7.7972489494694180e-02,3.9374563312705860e+01,3.8602529221437123e+01
branch0_seg40,5.0724637681159734e-01,8.0028736040448883e-02,8.0029119516443536e-02,3.3794763899110876e+01,3.3139199820411577e+01
branch0_seg40,6.0869565217391397e-01,8.0972731390568126e-02,8.0972422214227027e-02,3.6035764968080983e+01,3.5331327270453166e+01
branch0_seg40,7.1014492753623415e-01,8.0779075632933586e-02,8.0779346449964373e-02,3.2663420173878720e+01,3.2031055256318915e+01
branch0_seg40,8.1159420289855433e-01,7.9591417544684503e-02,7.9591249073970374e-02,3.2053962361772491e+01,3.1427658605838857e+01
branch0_seg40,9.1304347826087096e-01,7.7663146972616628e-02,7.7663291805657481e-02,2.9917371094607859e+01,2.9336499341551917e+01
branch0_seg40,1.0144927536231911e+00,7.5219495297316391e-02,7.5219428018708248e-02,2.8519511521076321e+01,2.7960936320230896e+01
branch0_seg40,1.1159420289855078e+00,7.2559206006149027e-02,7.2559267981229275e-02,2.7201697414113553e+01,2.6670383265309265e+01
branch0_seg40,1.2173913043478279e+00,6.9901116213961015e-02,6.9901097397965642e-02,2.6099660362517497e+01,2.5586412221472603e+01
branch0_seg40,1.3188405797101481e+00,6.7444648374172217e-02,6.7444668879856701e-02,2.5421678197746612e+01,2.4921969208485855e+01
branch0_seg40,1.4202898550724647e+00,6.5291725171789244e-02,6.5291723343319480e-02,2.4824953542584051e+01,2.4334884660503434e+01
branch0_seg40,1.5217391304347849e+00,6.3476426476987299e-02,6.3476431810079045e-02,2.4486894311967930e+01,2.4003262624388263e+01
branch0_seg40,1.6231884057971016e+00,6.1947926963231280e-02,6.1947931057562224e-02,2.4082780005850751e+01,2.3606009371412068e+01
branch0_seg40,1.7246376811594217e+00,6.0598178898204944e-02,6.0598183267244303e-02,2.3651812283100536e+01,2.3183194447970561e+01
branch0_seg40,1.8260869565217419e+00,5.9280180805491162e-02,5.9280189676844688e-02,2.2999629858696267e+01,2.2543221812206919e+01
branch0_seg40,1.9275362318840585e+00,5.7841678111422892e-02,5.7841687437750894e-02,2.2135200398013794e+01,2.1695375337216358e+01
branch0_seg40,2.0289855072463787e+00,5.6154826852607476e-02,5.6154840411949361e-02,2.1015376959812762e+01,2.0597038386560207e+01
branch0_seg40,2.1304347826086989e+00,5.4143547743158021e-02,5.4143561590945709e-02,1.9707863939284394e+01,1.9314688997602200e+01
branch0_seg40,2.2318840579710155e+00,5.1803793339003555e-02,5.1803808442503665e-02,1.8302319870593468e+01,1.7936199494810218e+01
branch0_seg40,2.3333333333333357e+00,4.9212644712965561e-02,4.9212657950989211e-02,1.6941101341299461e+01,1.6601160527704788e+01
branch0_seg40,2.4347826086956559e+00,4.6526233687849854e-02,4.6526244238122433e-02,1.5785366009239906e+01,1.5467623277577657e+01
branch0_seg40,2.5362318840579725e+00,4.3965791984173754e-02,4.3965797630325452e-02,1.4999143111345051e+01,1.4696402171926007e+01
branch0_seg40,2.6376811594202927e+00,4.1791544296192716e-02,4.1791544126514951e-02,1.4721641647422944e+01,1.4423997112655410e+01
branch0_seg40,2.7391304347826093e+00,4.0271915489009331e-02,4.0271908456459247e-02,1.5055432288203832e+01,1.4750931137185150e+01
branch0_seg40,2.8405797101449295e+00,3.9648451055626310e-02,3.9648437230690392e-02,1.6043680649691499e+01,1.5719513078680935e+01
branch0_seg40,2.9420289855072497e+00,4.0102762833365439e-02,4.0102742619545169e-02,1.7668861026852493e+01,1.7312554777853176e+01
branch0_seg40,3.0434782608695663e+00,4.1729258237987919e-02,4.1729232928886403e-02,1.9848372321179426e+01,1.9449135065331220e+01
branch0_seg40,3.1449275362318865e+00,4.4519345175288633e-02,4.4519316317423403e-02,2.2449284565351441e+01,2.1999037333210612e+01
branch0_seg40,3.2463768115942031e+00,4.8349709701980902e-02,4.8349679788348157e-02,2.5275318739003875e+01,2.4769990584035718e+01
branch0_seg40,3.3478260869565233e+00,5.2997512019222384e-02,5.2997482615948104e-02,2.8137642599390499e+01,2.7577005157801395e+01
branch0_seg40,3.4492753623188435e+00,5.8156780639449297e-02,5.8156754689120564e-02,3.0810192498815315e+01,3.0198549581354960e+01
branch0_seg40,3.5507246376811601e+00,6.3469600328411271e-02,6.3469578972975893e-02,3.3107132949296840e+01,3.2452403227438204e+01
branch0_seg40,3.6521739130434803e+00,6.8562165108217665e-02,6.8562150412949413e-02,3.4861474963403460e+01,3.4174717903833837e+01
branch0_seg40,3.7536231884058004e+00,7.3083256268020438e-02,7.3083248532771469e-02,3.5968324382039000e+01,3.5262388532566341e+01
branch0_seg40,3.8550724637681171e+00,7.6738080037209722e-02,7.6738079829609743e-02,3.6375282093648821e+01,3.5663739507393771e+01
branch0_seg40,3.9565217391304373e+00,7.9322326971860257e-02,7.9322333106599682e-02,3.6118244986478871e+01,3.5413650344046090e+01
branch0_seg40,4.0579710144927574e+00,8.0734537660366035e-02,8.0734549610592690e-02,3.5268695965380850e+01,3.4581994118217331e+01
branch0_seg40,4.1594202898550776e+00,8.0984109520254977e-02,8.0984124906620950e-02,3.3975081137657234e+01,3.3314197163246767e+01
branch0_seg40,4.2608695652173907e+00,8.0182621499124362e-02,8.0182639098591177e-02,3.2398510494101593e+01,3.1768259715924351e+01
branch0_seg40,4.3623188405797109e+00,7.8524690702924838e-02,7.8524708128463974e-02,3.0722355327961669e+01,3.0124089011418299e+01
branch0_seg40,4.4637681159420310e+00,7.6259301772722651e-02,7.6259317884273092e-02,2.9107204255652331e+01,2.8539339556649782e+01
branch0_seg40,4.5652173913043512e+00,7.3655627425591855e-02,7.3655640850740237e-02,2.7681666374808071e+01,2.7140300568678800e+01
branch0_seg40,4.6666666666666714e+00,7.0970663379510607e-02,7.0970673694170219e-02,2.6528424366052331e+01,2.6008220439814348e+01
branch0_seg40,4.7681159420289845e+00,6.8414156465731901e-02,6.8414163928130711e-02,2.5658978018883733e+01,2.5154494453722545e+01
branch0_seg40,4.8695652173913047e+00,6.6129129900032182e-02,6.6129134811402840e-02,2.5049500208693392e+01,2.4555830944815135e+01
branch0_seg40,4.9710144927536248e+00,6.4177909988499371e-02,6.4177913780349705e-02,2.4614122917778108e+01,2.4128066338296936e+01
branch0_seg40,5.0724637681159450e+00,6.2542554862460492e-02,6.2542558344411456e-02,2.4252193893836182e+01,2.3772501196471143e+01
branch0_seg40,5.1739130434782652e+00,6.1136094737057042e-02,6.1136099453837307e-02,2.3845190823849919e+01,2.3372902270130268e+01
branch0_seg40,5.2753623188405783e+00,5.9823986159840435e-02,5.9823992795462674e-02,2.3291950116806277e+01,2.2830030990059424e+01
branch0_seg40,5.3768115942028984e+00,5.8452113348648992e-02,5.8452122666682871e-02,2.2517970456474004e+01,2.2070796558839955e+01
branch0_seg40,5.4782608695652186e+00,5.6879244008061360e-02,5.6879255804985179e-02,2.1499560262710414e+01,2.1071919128898280e+01
branch0_seg40,5.5797101449275388e+00,5.5005202666673830e-02,5.5005216581925566e-02,2.0259372298950446e+01,1.9855584122487230e+01
branch0_seg40,5.6811594202898590e+00,5.2794804201371830e-02,5.2794818943565344e-02,1.8879001261321790e+01,1.8501779233835073e+01
branch0_seg40,5.7826086956521792e+00,5.0291634255729599e-02,5.0291648480658820e-02,1.7481021546000449e+01,1.7130701220376412e+01
branch0_seg40,5.8840579710144922e+00,4.7620614017563699e-02,4.7620625867356645e-02,1.6221248710004616e+01,1.5895141195930975e+01
branch0_seg40,5.9855072463768124e+00,4.4978882818351398e-02,4.4978890649081796e-02,1.5265491436072470e+01,1.4957689612786721e+01
branch0_seg40,6.0869565217391326e+00,4.2614395138832591e-02,4.2614397462574630e-02,1.4765817625223189e+01,1.4467440938623913e+01
branch0_seg40,6.1884057971014528e+00,4.0796257183235811e-02,4.0796253012088113e-02,1.4841226080396421e+01,1.4541049243596428e+01
branch0_seg40,6.2898550724637730e+00,3.9781226393349349e-02,3.9781215301151251e-02,1.5561293220060177e+01,1.5246700597625390e+01
branch0_seg40,6.3913043478260860e+00,3.9779056627531721e-02,3.9779038920422213e-02,1.6932919446720422e+01,1.6591150087244309e+01
branch0_seg40,6.4927536231884062e+00,4.0922470726423903e-02,4.0922447306564858e-02,1.8900147510876494e+01,1.8519567625471673e+01
branch0_seg40,6.5942028985507264e+00,4.3245860460201485e-02,4.3245832844635061e-02,2.1347775857367012e+01,2.0919100066369648e+01
branch0_seg40,6.6956521739130466e+00,4.6673868156144972e-02,4.6673838323046384e-02,2.4109097280039453e+01,2.3626449131843167e+01
branch0_seg40,6.7971014492753667e+00,5.1020857003628170e-02,5.1020827264686569e-02,2.6978394078176539e+01,2.6440088924750420e+01
branch0_seg40,6.8985507246376869e+00,5.6012645182490793e-02,5.6012617398463346e-02,2.9756945653984026e+01,2.9165312019006070e+01
branch0_seg40,7.0000000000000000e+00,6.1307895096394074e-02,6.1307871844905375e-02,3.2226169240740290e+01,3.1587857565425328e+01
branch0_seg41,0.0000000000000000e+00,6.1307871844905222e-02,6.1307848622878018e-02,3.1587857565425939e+01,3.0969080036680133e+01
branch0_seg41,1.0144927536232018e-01,6.5107859404325605e-02,6.5107919000257850e-02,2.9670921629147625e+01,2.9092795164109308e+01
branch0_seg41,2.0289855072464036e-01,7.0728115356254645e-02,7.0727881510927154e-02,3.9103139579356146e+01,3.8340883516403778e+01
branch0_seg41,3.0434782608695699e-01,7.4586163057559857e-02,7.4586495535993239e-02,3.1582891117639306e+01,3.0974815516576395e+01
branch0_seg41,4.0579710144927716e-01,7.7972489494694180e-02,7.7972105770678368e-02,3.8602529221437123e+01,3.7854740749622245e+01
branch0_seg41,5.0724637681159734e-01,8.0029119516443536e-02,8.0029501789041085e-02,3.3139199820411577e+01,3.2506026104565244e+01
branch0_seg41,6.0869565217391397e-01,8.0972422214227027e-02,8.0972114087956723e-02,3.5331327270453166e+01,3.4650427102187649e+01
branch0_seg41,7.1014492753623415e-01,8.0779346449964373e-02,8.0779616275006114e-02,3.2031055256318915e+01,3.1420780962827411e+01
branch0_seg41,8.1159420289855433e-01,7.9591249073970374e-02,7.9591081367150734e-02,3.1427658605838857e+01,3.0823347620724789e+01
branch0_seg41,9.1304347826087096e-01,7.7663291805657481e-02,7.7663435970856842e-02,2.9336499341551917e+01,2.8776414896113099e+01
branch0_seg41,1.0144927536231911e+00,7.5219428018708248e-02,7.5219361223486297e-02,2.7960936320230896e+01,2.7422547238839993e+01
branch0_seg41,1.1159420289855078e+00,7.2559267981229275e-02,7.2559329562393388e-02,2.6670383265309265e+01,2.6158312585095974e+01
branch0_seg41,1.2173913043478279e+00,6.9901097397965642e-02,6.9901078862203425e-02,2.5586412221472603e+01,2.5091796040881913e+01
branch0_seg41,1.3188405797101481e+00,6.7444668879856701e-02,6.7444689177392769e-02,2.4921969208485855e+01,2.4440260726143290e+01
branch0_seg41,1.4202898550724647e+00,6.5291723343319480e-02,6.5291721664697697e-02,2.4334884660503434e+01,2.3862382896838938e+01
branch0_seg41,1.5217391304347849e+00,6.3476431810079045e-02,6.3476437041318917e-02,2.4003262624388263e+01,2.3536808310123408e+01
branch0_seg41,1.6231884057971016e+00,6.1947931057562224e-02,6.1947935220492828e-02,2.3606009371412068e+01,2.3146097422866074e+01
branch0_seg41,1.7246376811594217e+00,6.0598183267244303e-02,6.0598187582896992e-02,2.3183194447970561e+01,2.2731096573206745e+01
branch0_seg41,1.8260869565217419e+00,5.9280189676844688e-02,5.9280198565421417e-02,2.2543221812206919e+01,2.2102943355905808e+01
branch0_seg41,1.9275362318840585e+00,5.7841687437750894e-02,5.7841696725807100e-02,2.1695375337216358e+01,2.1271190271557401e+01
branch0_seg41,2.0289855072463787e+00,5.6154840411949361e-02,5.6154853958245106e-02,2.0597038386560207e+01,2.0193734829069378e+01
branch0_seg41,2.1304347826086989e+00,5.4143561590945709e-02,5.4143575404142080e-02,1.9314688997602200e+01,1.8935833919822908e+01
branch0_seg41,2.2318840579710155e+00,5.1803808442503665e-02,5.1803823521737367e-02,1.7936199494810218e+01,1.7583605785183295e+01
branch0_seg41,2.3333333333333357e+00,4.9212657950989211e-02,4.9212671162151937e-02,1.6601160527704788e+01,1.6273933090823096e+01
branch0_seg41,2.4347826086956559e+00,4.6526244238122433e-02,4.6526254771546184e-02,1.5467623277577657e+01,1.5161835521388459e+01
branch0_seg41,2.5362318840579725e+00,4.3965797630325452e-02,4.3965803268945808e-02,1.4696402171926007e+01,1.4404999447703602e+01
branch0_seg41,2.6376811594202927e+00,4.1791544126514951e-02,4.1791543963341005e-02,1.4423997112655410e+01,1.4137298105676196e+01
branch0_seg41,2.7391304347826093e+00,4.0271908456459247e-02,4.0271901446055809e-02,1.4750931137185150e+01,1.4457280047578886e+01
branch0_seg41,2.8405797101449295e+00,3.9648437230690392e-02,3.9648423443410560e-02,1.5719513078680935e+01,1.5406445453567454e+01
branch0_seg41,2.9420289855072497e+00,4.0102742619545169e-02,4.0102722457704819e-02,1.7312554777853176e+01,1.6967963608626761e+01
branch0_seg41,3.0434782608695663e+00,4.1729232928886403e-02,4.1729207681530295e-02,1.9449135065331220e+01,1.9062577542641105e+01
branch0_seg41,3.1449275362318865e+00,4.4519316317423403e-02,4.4519287526173894e-02,2.1999037333210612e+01,2.1562736576876389e+01
branch0_seg41,3.2463768115942031e+00,4.8349679788348157e-02,4.8349649938022245e-02,2.4769990584035718e+01,2.4280091806838644e+01
branch0_seg41,3.3478260869565233e+00,5.2997482615948104e-02,5.2997453268125862e-02,2.7577005157801395e+01,2.7033399426682791e+01
branch0_seg41,3.4492753623188435e+00,5.8156754689120564e-02,5.8156728778454549e-02,3.0198549581354960e+01,2.9605539407016749e+01
branch0_seg41,3.5507246376811601e+00,6.3469578972975893e-02,6.3469557640499011e-02,3.2452403227438204e+01,3.1817794062881244e+01
branch0_seg41,3.6521739130434803e+00,6.8562150412949413e-02,6.8562135720853776e-02,3.4174717903833837e+01,3.3509349076611969e+01
branch0_seg41,3.7536231884058004e+00,7.3083248532771469e-02,7.3083240784526229e-02,3.5262388532566341e+01,3.4578808411648318e+01
branch0_seg41,3.8550724637681171e+00,7.6738079829609743e-02,7.6738079594586284e-02,3.5663739507393771e+01,3.4975165287602600e+01
branch0_seg41,3.9565217391304373e+00,7.9322333106599682e-02,7.9322339206331791e-02,3.5413650344046090e+01,3.4732270447977996e+01
branch0_seg41,4.0579710144927574e+00,8.0734549610592690e-02,8.0734561520641374e-02,3.4581994118217331e+01,3.3918399807973245e+01
branch0_seg41,4.1594202898550776e+00,8.0984124906620950e-02,8.0984140254554388e-02,3.3314197163246767e+01,3.2676013266630520e+01
branch0_seg41,4.2608695652173907e+00,8.0182639098591177e-02,8.0182656662349444e-02,3.1768259715924351e+01,3.1160070034970712e+01
branch0_seg41,4.3623188405797109e+00,7.8524708128463974e-02,7.8524725525452380e-02,3.0124089011418299e+01,2.9547100694209313e+01
branch0_seg41,4.4637681159420310e+00,7.6259317884273106e-02,7.6259333973797389e-02,2.8539339556649782e+01,2.7991910936591960e+01
branch0_seg41,4.5652173913043512e+00,7.3655640850740237e-02,7.3655654261999062e-02,2.7140300568678800e+01,2.6618548369222385e+01
branch0_seg41,4.6666666666666714e+00,7.0970673694170219e-02,7.0970684001516224e-02,2.6008220439814348e+01,2.5506887801314139e+01
branch0_seg41,4.7681159420289845e+00,6.8414163928130711e-02,6.8414171388418682e-02,2.5154494453722545e+01,2.4668251606920006e+01
branch0_seg41,4.8695652173913047e+00,6.6129134811402840e-02,6.6129139724200051e-02,2.4555830944815135e+01,2.4079894450403263e+01
branch0_seg41,4.9710144927536248e+00,6.4177913780349705e-02,6.4177917573779220e-02,2.4128066338296936e+01,2.3659336683057262e+01
branch0_seg41,5.0724637681159450e+00,6.2542558344411456e-02,6.2542561826459786e-02,2.3772501196471143e+01,2.3309795691677806e+01
branch0_seg41,5.1739130434782652e+00,6.1136099453837307e-02,6.1136104165944741e-02,2.3372902270130268e+01,2.2917275576324244e+01
branch0_seg41,5.2753623188405783e+00,5.9823992795462674e-02,5.9823999420949361e-02,2.2830030990059424e+01,2.2384410964063932e+01
branch0_seg41,5.3768115942028984e+00,5.8452122666682871e-02,5.8452131967733516e-02,2.2070796558839955e+01,2.1639475492316180e+01
branch0_seg41,5.4782608695652186e+00,5.6879255804985179e-02,5.6879267579484069e-02,2.1071919128898280e+01,2.0659574275530566e+01
branch0_seg41,5.5797101449275388e+00,5.5005216581925566e-02,5.5005230470166484e-02,1.9855584122487230e+01,1.9466419193223398e+01
branch0_seg41,5.6811594202898590e+00,5.2794818943565344e-02,5.2794833657572295e-02,1.8501779233835073e+01,1.8138413748823048e+01
branch0_seg41,5.7826086956521792e+00,5.0291648480658820e-02,5.0291662678828786e-02,1.7130701220376412e+01,1.6793423913647405e+01
branch0_seg41,5.8840579710144922e+00,4.7620625867356645e-02,4.7620637696119149e-02,1.5895141195930975e+01,1.5581285976672707e+01
branch0_seg41,5.9855072463768124e+00,4.4978890649081796e-02,4.4978898467821417e-02,1.4957689612786721e+01,1.4661454987614723e+01
branch0_seg41,6.0869565217391326e+00,4.2614397462574630e-02,4.2614399786968245e-02,1.4467440938623913e+01,1.4180137860915734e+01
branch0_seg41,6.1884057971014528e+00,4.0796253012088113e-02,4.0796248856441092e-02,1.4541049243596428e+01,1.4251721789641469e+01
branch0_seg41,6.2898550724637730e+00,3.9781215301151251e-02,3.9781204240478096e-02,1.5246700597625390e+01,1.4943062307437895e+01
branch0_seg41,6.3913043478260860e+00,3.9779038920422213e-02,3.9779021259730769e-02,1.6591150087244309e+01,1.6260800989857263e+01
branch0_seg41,6.4927536231884062e+00,4.0922447306564858e-02,4.0922423945125325e-02,1.8519567625471673e+01,1.8151234218606010e+01
branch0_seg41,6.5942028985507264e+00,4.3245832844635061e-02,4.3245805294373406e-02,2.0919100066369648e+01,2.0503821893564076e+01
branch0_seg41,6.6956521739130466e+00,4.6673838323046384e-02,4.6673808555685488e-02,2.3626449131843167e+01,2.3158605861201352e+01
branch0_seg41,6.7971014492753667e+00,5.1020827264686569e-02,5.1020797584742435e-02,2.6440088924750420e+01,2.5918154349071099e+01
branch0_seg41,6.8985507246376869e+00,5.6012617398463346e-02,5.6012589661603780e-02,2.9165312019006070e+01,2.8591666065731523e+01
branch0_seg41,7.0000000000000000e+00,6.1307871844905375e-02,6.1307848622878157e-02,3.1587857565425328e+01,3.0969080036679532e+01
branch0_seg42,0.0000000000000000e+00,6.1307848622878018e-02,6.1307820755875320e-02,3.0969080036680133e+01,3.0445265794778383e+01
branch0_seg42,1.0144927536232018e-01,6.5107919000257850e-02,6.5107990493827192e-02,2.9092795164109308e+01,2.8594908917481337e+01
branch0_seg42,2.0289855072464036e-01,7.0727881510927154e-02,7.0727601010254909e-02,3.8340883516403778e+01,3.7680898076512435e+01
branch0_seg42,3.0434782608695699e-01,7.4586495535993239e-02,7.4586894349907090e-02,3.0974815516576395e+01,3.0431454669123994e+01
branch0_seg42,4.0579710144927716e-01,7.7972105770678368e-02,7.7971645573763057e-02,3.7854740749622245e+01,3.7188889366683014e+01
branch0_seg42,5.0724637681159734e-01,8.0029501789041085e-02,8.0029960197660413e-02,3.2506026104565244e+01,3.1928106928769367e+01
branch0_seg42,6.0869565217391397e-01,8.0972114087956723e-02,8.0971744712962646e-02,3.4650427102187649e+01,3.4031140106723086e+01
branch0_seg42,7.1014492753623415e-01,8.0779616275006114e-02,8.0779939645936313e-02,3.1420780962827411e+01,3.0859525889539995e+01
branch0_seg42,8.1159420289855433e-01,7.9591081367150734e-02,7.9590880516246784e-02,3.0823347620724789e+01,3.0270378336321638e+01
branch0_seg42,9.1304347826087096e-01,7.7663435970856842e-02,7.7663608555234895e-02,2.8776414896113099e+01,2.8264518284709588e+01
branch0_seg42,1.0144927536231911e+00,7.5219361223486297e-02,7.5219281411117833e-02,2.7422547238839993e+01,2.6934695995184736e+01
branch0_seg42,1.1159420289855078e+00,7.2559329562393388e-02,7.2559403135785294e-02,2.6158312585095974e+01,2.5698266589635882e+01
branch0_seg42,1.2173913043478279e+00,6.9901078862203425e-02,6.9901056868047706e-02,2.5091796040881913e+01,2.4652131112685950e+01
branch0_seg42,1.3188405797101481e+00,6.7444689177392769e-02,6.7444713324363054e-02,2.4440260726143290e+01,2.4016366771204925e+01
branch0_seg42,1.4202898550724647e+00,6.5291721664697697e-02,6.5291719806076232e-02,2.3862382896838938e+01,2.3450428464436879e+01
branch0_seg42,1.5217391304347849e+00,6.3476437041318917e-02,6.3476443201705257e-02,2.3536808310123408e+01,2.3133291017446304e+01
branch0_seg42,1.6231884057971016e+00,6.1947935220492828e-02,6.1947940300264223e-02,2.3146097422866074e+01,2.2750779943903005e+01
branch0_seg42,1.7246376811594217e+00,6.0598187582896992e-02,6.0598192704081850e-02,2.2731096573206745e+01,2.2344570252548003e+01
branch0_seg42,1.8260869565217419e+00,5.9280198565421417e-02,5.9280209271469077e-02,2.2102943355905808e+01,2.1728353555518868e+01
branch0_seg42,1.9275362318840585e+00,5.7841696725807100e-02,5.7841707847331142e-02,2.1271190271557401e+01,2.0912135458573044e+01
branch0_seg42,2.0289855072463787e+00,5.6154853958245106e-02,5.6154870232465813e-02,2.0193734829069378e+01,1.9854416604207959e+01
branch0_seg42,2.1304347826086989e+00,5.4143575404142080e-02,5.4143591975823260e-02,1.8935833919822908e+01,1.8619499780737396e+01
branch0_seg42,2.2318840579710155e+00,5.1803823521737367e-02,5.1803841631725252e-02,1.7583605785183295e+01,1.7291980687471778e+01
branch0_seg42,2.3333333333333357e+00,4.9212671162151937e-02,4.9212687026488504e-02,1.6273933090823096e+01,1.6006321651939391e+01
branch0_seg42,2.4347826086956559e+00,4.6526254771546184e-02,4.6526267431321204e-02,1.5161835521388459e+01,1.4914800086607100e+01
branch0_seg42,2.5362318840579725e+00,4.3965803268945808e-02,4.3965810055055128e-02,1.4404999447703602e+01,1.4172299318489790e+01
branch0_seg42,2.6376811594202927e+00,4.1791543963341005e-02,4.1791543787213385e-02,1.4137298105676196e+01,1.3910376425234590e+01
branch0_seg42,2.7391304347826093e+00,4.0271901446055809e-02,4.0271893048047638e-02,1.4457280047578886e+01,1.4225889491312552e+01
branch0_seg42,2.8405797101449295e+00,3.9648423443410560e-02,3.9648406904480210e-02,1.5406445453567454e+01,1.5159652703300431e+01
branch0_seg42,2.9420289855072497e+00,4.0102722457704819e-02,4.0102698259051411e-02,1.6967963608626761e+01,1.6695078626337452e+01
branch0_seg42,3.0434782608695663e+00,4.1729207681530295e-02,4.1729177370281305e-02,1.9062577542641105e+01,1.8754122981038567e+01
branch0_seg42,3.1449275362318865e+00,4.4519287526173894e-02,4.4519252956233185e-02,2.1562736576876389e+01,2.1211141989522226e+01
branch0_seg42,3.2463768115942031e+00,4.8349649938022245e-02,4.8349614096129145e-02,2.4280091806838644e+01,2.3880653413950654e+01
branch0_seg42,3.3478260869565233e+00,5.2997453268125862e-02,5.2997418034553066e-02,2.7033399426682791e+01,2.6584192355294089e+01
branch0_seg42,3.4492753623188435e+00,5.8156728778454549e-02,5.8156697678495746e-02,2.9605539407016749e+01,2.9108181005473725e+01
branch0_seg42,3.5507246376811601e+00,6.3469557640499011e-02,6.3469532045693181e-02,3.1817794062881244e+01,3.1277054234289068e+01
branch0_seg42,3.6521739130434803e+00,6.8562135720853776e-02,6.8562118103243905e-02,3.3509349076611969e+01,3.2933161861073167e+01
branch0_seg42,3.7536231884058004e+00,7.3083240784526229e-02,7.3083231504694202e-02,3.4578808411648318e+01,3.3977508274303730e+01
branch0_seg42,3.8550724637681171e+00,7.6738079594586284e-02,7.6738079329223760e-02,3.4975165287602600e+01,3.4360772256024653e+01
branch0_seg42,3.9565217391304373e+00,7.9322339206331791e-02,7.9322346537198607e-02,3.4732270447977996e+01,3.4116984323395897e+01
branch0_seg42,4.0579710144927574e+00,8.0734561520641374e-02,8.0734575814401313e-02,3.3918399807973245e+01,3.3313804677171575e+01
branch0_seg42,4.1594202898550776e+00,8.0984140254554388e-02,8.0984158665025383e-02,3.2676013266630520e+01,3.2091488326182748e+01
branch0_seg42,4.2608695652173907e+00,8.0182656662349444e-02,8.0182677724159560e-02,3.1160070034970712e+01,3.0602246535881935e+01
branch0_seg42,4.3623188405797109e+00,7.8524725525452380e-02,7.8524746384040597e-02,2.9547100694209313e+01,2.9019211002203228e+01
branch0_seg42,4.4637681159420310e+00,7.6259333973797389e-02,7.6259353263078436e-02,2.7991910936591960e+01,2.7494019190112692e+01
branch0_seg42,4.5652173913043512e+00,7.3655654261999062e-02,7.3655670340701779e-02,2.6618548369222385e+01,2.6148039297027481e+01
branch0_seg42,4.6666666666666714e+00,7.0970684001516224e-02,7.0970696359516736e-02,2.5506887801314139e+01,2.5059313471651798e+01
branch0_seg42,4.7681159420289845e+00,6.8414171388418682e-02,6.8414180334507205e-02,2.4668251606920006e+01,2.4238626987552706e+01
branch0_seg42,4.8695652173913047e+00,6.6129139724200051e-02,6.6129145616593124e-02,2.4079894450403263e+01,2.3663442155296913e+01
branch0_seg42,4.9710144927536248e+00,6.4177917573779220e-02,6.4177922125121856e-02,2.3659336683057262e+01,2.3252628259435635e+01
branch0_seg42,5.0724637681159450e+00,6.2542561826459786e-02,6.2542566005224592e-02,2.3309795691677806e+01,2.2911098820503906e+01
branch0_seg42,5.1739130434782652e+00,6.1136104165944741e-02,6.1136109820955804e-02,2.2917275576324244e+01,2.2526916970671465e+01
branch0_seg42,5.2753623188405783e+00,5.9823999420949361e-02,5.9824007372224951e-02,2.2384410964063932e+01,2.2004526663531998e+01
branch0_seg42,5.3768115942028984e+00,5.8452131967733516e-02,5.8452143129825510e-02,2.1639475492316180e+01,2.1273589559584760e+01
branch0_seg42,5.4782608695652186e+00,5.6879267579484069e-02,5.6879281710978252e-02,2.0659574275530566e+01,2.0311736884988925e+01
branch0_seg42,5.5797101449275388e+00,5.5005230470166484e-02,5.5005247140148553e-02,1.9466419193223398e+01,1.9140396466917228e+01
branch0_seg42,5.6811594202898590e+00,5.2794833657572295e-02,5.2794851322119050e-02,1.8138413748823048e+01,1.7836642856287096e+01
branch0_seg42,5.7826086956521792e+00,5.0291662678828786e-02,5.0291679728611240e-02,1.6793423913647405e+01,1.6516272133256532e+01
branch0_seg42,5.8840579710144922e+00,4.7620637696119149e-02,4.7620651907286281e-02,1.5581285976672707e+01,1.5326456146107697e+01
branch0_seg42,5.9855072463768124e+00,4.4978898467821417e-02,4.4978907870074664e-02,1.4661454987614723e+01,1.4423824347063825e+01
branch0_seg42,6.0869565217391326e+00,4.2614399786968245e-02,4.2614402596614802e-02,1.4180137860915734e+01,1.3952018106134709e+01
branch0_seg42,6.1884057971014528e+00,4.0796248856441092e-02,4.0796243886618934e-02,1.4251721789641469e+01,1.4023459164812524e+01
branch0_seg42,6.2898550724637730e+00,3.9781204240478096e-02,3.9781190977452828e-02,1.4943062307437895e+01,1.4703877357228315e+01
branch0_seg42,6.3913043478260860e+00,3.9779021259730769e-02,3.9779000066650597e-02,1.6260800989857263e+01,1.5999792448593254e+01
branch0_seg42,6.4927536231884062e+00,4.0922423945125325e-02,4.0922395900814444e-02,1.8151234218606010e+01,1.7858321006794487e+01
branch0_seg42,6.5942028985507264e+00,4.3245805294373406e-02,4.3245772215465661e-02,2.0503821893564076e+01,2.0170590936516280e+01
branch0_seg42,6.6956521739130466e+00,4.6673808555685488e-02,4.6673772813104156e-02,2.3158605861201352e+01,2.2779049462279811e+01
branch0_seg42,6.7971014492753667e+00,5.1020797584742435e-02,5.1020761949733241e-02,2.5918154349071099e+01,2.5489287815432260e+01
branch0_seg42,6.8985507246376869e+00,5.6012589661603780e-02,5.6012556366270436e-02,2.8591666065731523e+01,2.8113524617665753e+01
branch0_seg42,7.0000000000000000e+00,6.1307848622878157e-02,6.1307820755875451e-02,3.0969080036679532e+01,3.0445265794777796e+01
branch0_seg43,0.0000000000000000e+00,6.1307820755875320e-02,6.1307787726232639e-02,3.0445265794778383e+01,3.0128308445794818e+01
branch0_seg43,1.0144927536232018e-01,6.5107990493827192e-02,6.5108074430536511e-02,2.8594908917481337e+01,2.8312299530287270e+01
branch0_seg43,2.0289855072464036e-01,7.0727601010254909e-02,7.0727270803102663e-02,3.7680898076512435e+01,3.7282224433751225e+01
branch0_seg43,3.0434782608695699e-01,7.4586894349907090e-02,7.4587363185370376e-02,3.0431454669123994e+01,3.0144720362108025e+01
branch0_seg43,4.0579710144927716e-01,7.7971645573763057e-02,7.7971104325328250e-02,3.7188889366683014e+01,3.6812726889654584e+01
branch0_seg43,5.0724637681159734e-01,8.0029960197660413e-02,8.0030499009025938e-02,3.1928106928769367e+01,3.1633570742400885e+01
branch0_seg43,6.0869565217391397e-01,8.0971744712962646e-02,8.0971310589011330e-02,3.4031140106723086e+01,3.3705930906456707e+01
branch0_seg43,7.1014492753623415e-01,8.0779939645936313e-02,8.0780319622846319e-02,3.0859525889539995e+01,3.0581922944870932e+01
branch0_seg43,8.1159420289855433e-01,7.9590880516246784e-02,7.9590644762718363e-02,3.0270378336321638e+01,2.9995100742640886e+01
branch0_seg43,9.1304347826087096e-01,7.7663608555234895e-02,7.7663811265326690e-02,2.8264518284709588e+01,2.8015853898610995e+01
branch0_seg43,1.0144927536231911e+00,7.5219281411117833e-02,7.5219188018678579e-02,2.6934695995184736e+01,2.6696850631673488e+01
branch0_seg43,1.1159420289855078e+00,7.2559403135785294e-02,7.2559489501231325e-02,2.5698266589635882e+01,2.5473625534497234e+01
branch0_seg43,1.2173913043478279e+00,6.9901056868047706e-02,6.9901031377488501e-02,2.4652131112685950e+01,2.4434947470358146e+01
branch0_seg43,1.3188405797101481e+00,6.7444713324363054e-02,6.7444741641274092e-02,2.4016366771204925e+01,2.3803659435363492e+01
branch0_seg43,1.4202898550724647e+00,6.5291719806076232e-02,6.5291717868978985e-02,2.3450428464436879e+01,2.3240350238212692e+01
branch0_seg43,1.5217391304347849e+00,6.3476443201705257e-02,6.3476450415744512e-02,2.3133291017446304e+01,2.2924163071062214e+01
branch0_seg43,1.6231884057971016e+00,6.1947940300264223e-02,6.1947946422488784e-02,2.2750779943903005e+01,2.2543503841453571e+01
branch0_seg43,1.7246376811594217e+00,6.0598192704081850e-02,6.0598198732885238e-02,2.2344570252548003e+01,2.2140283654956548e+01
branch0_seg43,1.8260869565217419e+00,5.9280209271469077e-02,5.9280221962311745e-02,2.1728353555518868e+01,2.1529872326415273e+01
branch0_seg43,1.9275362318840585e+00,5.7841707847331142e-02,5.7841720973475709e-02,2.0912135458573044e+01,2.0722159239850573e+01
branch0_seg43,2.0289855072463787e+00,5.6154870232465813e-02,5.6154889471137545e-02,1.9854416604207959e+01,1.9675794408307762e+01
branch0_seg43,2.1304347826086989e+00,5.4143591975823260e-02,5.4143611555498801e-02,1.8619499780737396e+01,1.8454105736818729e+01
branch0_seg43,2.2318840579710155e+00,5.1803841631725252e-02,5.1803863048767898e-02,1.7291980687471778e+01,1.7140486779024624e+01
branch0_seg43,2.3333333333333357e+00,4.9212687026488504e-02,4.9212705802911656e-02,1.6006321651939391e+01,1.5867682215157700e+01
branch0_seg43,2.4347826086956559e+00,4.6526267431321204e-02,4.6526282443190563e-02,1.4914800086607100e+01,1.4786167277670909e+01
branch0_seg43,2.5362318840579725e+00,4.3965810055055128e-02,4.3965818146147910e-02,1.4172299318489790e+01,1.4049071131410237e+01
branch0_seg43,2.6376811594202927e+00,4.1791543787213385e-02,4.1791543668539294e-02,1.3910376425234590e+01,1.3786604534610650e+01
branch0_seg43,2.7391304347826093e+00,4.0271893048047638e-02,4.0271883225879671e-02,1.4225889491312552e+01,1.4094740725242040e+01
branch0_seg43,2.8405797101449295e+00,3.9648406904480210e-02,3.9648387464584649e-02,1.5159652703300431e+01,1.5014157760555861e+01
branch0_seg43,2.9420289855072497e+00,4.0102698259051411e-02,4.0102669760846130e-02,1.6695078626337452e+01,1.6528826642381404e+01
branch0_seg43,3.0434782608695663e+00,4.1729177370281305e-02,4.1729141629625960e-02,1.8754122981038567e+01,1.8562003283419386e+01
branch0_seg43,3.1449275362318865e+00,4.4519252956233185e-02,4.4519212154755919e-02,2.1211141989522226e+01,2.0989851666041574e+01
branch0_seg43,3.2463768115942031e+00,4.8349614096129145e-02,4.8349571751811753e-02,2.3880653413950654e+01,2.3629357251287807e+01
branch0_seg43,3.3478260869565233e+00,5.2997418034553073e-02,5.2997376369190996e-02,2.6584192355294089e+01,2.6304230993210840e+01
branch0_seg43,3.4492753623188435e+00,5.8156697678495753e-02,5.8156660851846495e-02,2.9108181005473725e+01,2.8803381103909860e+01
branch0_seg43,3.5507246376811601e+00,6.3469532045693181e-02,6.3469501688657975e-02,3.1277054234289068e+01,3.0953018247690519e+01
branch0_seg43,3.6521739130434803e+00,6.8562118103243905e-02,6.8562097141011052e-02,3.2933161861073167e+01,3.2596918140959964e+01
branch0_seg43,3.7536231884058004e+00,7.3083231504694202e-02,7.3083220380025821e-02,3.3977508274303730e+01,3.3636645406749373e+01
branch0_seg43,3.8550724637681171e+00,7.6738079329223760e-02,7.6738078852282191e-02,3.4360772256024653e+01,3.4022824109158599e+01
branch0_seg43,3.9565217391304373e+00,7.9322346537198607e-02,7.9322355050785776e-02,3.4116984323395897e+01,3.3788427639031838e+01
branch0_seg43,4.0579710144927574e+00,8.0734575814401313e-02,8.0734592577106454e-02,3.3313804677171575e+01,3.2999847670994725e+01
branch0_seg43,4.1594202898550776e+00,8.0984158665025383e-02,8.0984180328111874e-02,3.2091488326182748e+01,3.1795328483164084e+01
branch0_seg43,4.2608695652173907e+00,8.0182677724159560e-02,8.0182702555567087e-02,3.0602246535881935e+01,3.0325195682948952e+01
branch0_seg43,4.3623188405797109e+00,7.8524746384040597e-02,7.8524771015519954e-02,2.9019211002203228e+01,2.8760611366133407e+01
branch0_seg43,4.4637681159420310e+00,7.6259353263078436e-02,7.6259376073020441e-02,2.7494019190112692e+01,2.7251697052851075e+01
branch0_seg43,4.5652173913043512e+00,7.3655670340701779e-02,7.3655689385527870e-02,2.6148039297027481e+01,2.5918756023146919e+01
branch0_seg43,4.6666666666666714e+00,7.0970696359516736e-02,7.0970711026033861e-02,2.5059313471651798e+01,2.4839336373095460e+01
branch0_seg43,4.7681159420289845e+00,6.8414180334507205e-02,6.8414190977396150e-02,2.4238626987552706e+01,2.4024536947122332e+01
branch0_seg43,4.8695652173913047e+00,6.6129145616593124e-02,6.6129152651427187e-02,2.3663442155296913e+01,2.3452440651093056e+01
branch0_seg43,4.9710144927536248e+00,6.4177922125121856e-02,6.4177927565264692e-02,2.3252628259435635e+01,2.3043175175045626e+01
branch0_seg43,5.0724637681159450e+00,6.2542566005224606e-02,6.2542570992325436e-02,2.2911098820503906e+01,2.2702932886470329e+01
branch0_seg43,5.1739130434782652e+00,6.1136109820955797e-02,6.1136116534809548e-02,2.2526916970671465e+01,2.2321154997934759e+01
branch0_seg43,5.2753623188405783e+00,5.9824007372224951e-02,5.9824016784732821e-02,2.2004526663531998e+01,2.1803333025880388e+01
branch0_seg43,5.3768115942028984e+00,5.8452143129825510e-02,5.8452156323706310e-02,2.1273589559584760e+01,2.1079794116287680e+01
branch0_seg43,5.4782608695652186e+00,5.6879281710978252e-02,5.6879298408731647e-02,2.0311736884988925e+01,2.0128188599584796e+01
branch0_seg43,5.5797101449275388e+00,5.5005247140148553e-02,5.5005266838141401e-02,1.9140396466917228e+01,1.8969447265689148e+01
branch0_seg43,5.6811594202898590e+00,5.2794851322119050e-02,5.2794872204919185e-02,1.7836642856287096e+01,1.7679501634018290e+01
branch0_seg43,5.7826086956521792e+00,5.0291679728611240e-02,5.0291699899366875e-02,1.6516272133256532e+01,1.6372630332467178e+01
branch0_seg43,5.8840579710144922e+00,4.7620651907286281e-02,4.7620668743566470e-02,1.5326456146107697e+01,1.5194202343183633e+01
branch0_seg43,5.9855072463768124e+00,4.4978907870074664e-02,4.4978919044333668e-02,1.4423824347063825e+01,1.4299045188482680e+01
branch0_seg43,6.0869565217391326e+00,4.2614402596614802e-02,4.2614405999863200e-02,1.3952018106134709e+01,1.3829255640090862e+01
branch0_seg43,6.1884057971014528e+00,4.0796243886618934e-02,4.0796238111253505e-02,1.4023459164812524e+01,1.3896171095664466e+01
branch0_seg43,6.2898550724637730e+00,3.9781190977452828e-02,3.9781175409049643e-02,1.4703877357228315e+01,1.4565055630209477e+01
branch0_seg43,6.3913043478260860e+00,3.9779000066650597e-02,3.9778975124132684e-02,1.5999792448593254e+01,1.5842713623023727e+01
branch0_seg43,6.4927536231884062e+00,4.0922395900814444e-02,4.0922362848275509e-02,1.7858321006794487e+01,1.7677260842972210e+01
branch0_seg43,6.5942028985507264e+00,4.3245772215465661e-02,4.3245733188473835e-02,2.0170590936516280e+01,1.9961465623669181e+01
branch0_seg43,6.6956521739130466e+00,4.6673772813104156e-02,4.6673730603740790e-02,2.2779049462279811e+01,2.2539928239302867e+01
branch0_seg43,6.7971014492753667e+00,5.1020761949733241e-02,5.1020719825616609e-02,2.5489287815432260e+01,2.5220717762988855e+01
branch0_seg43,6.8985507246376869e+00,5.6012556366270436e-02,5.6012516965078862e-02,2.8113524617665753e+01,2.7818249102440291e+01
branch0_seg43,7.0000000000000000e+00,6.1307820755875451e-02,6.1307787726232778e-02,3.0445265794777796e+01,3.0128308445794243e+01
branch0_seg44,0.0000000000000000e+00,6.1307787726232639e-02,6.1307754953457666e-02,3.0128308445794818e+01,2.9811908981311763e+01
branch0_seg44,1.0144927536232018e-01,6.5108074430536511e-02,6.5108157184005519e-02,2.8312299530287270e+01,2.8030224609372009e+01
branch0_seg44,2.0289855072464036e-01,7.0727270803102663e-02,7.0726944656249541e-02,3.7282224433751225e+01,3.6884245621126290e+01
branch0_seg44,3.0434782608695699e-01,7.4587363185370376e-02,7.4587825816290448e-02,3.0144720362108025e+01,2.9858528112179346e+01
branch0_seg44,4.0579710144927716e-01,7.7971104325328250e-02,7.7970570073361070e-02,3.6812726889654584e+01,3.6437309481673836e+01
branch0_seg44,5.0724637681159734e-01,8.0030499009025938e-02,8.0031030622475616e-02,3.1633570742400885e+01,3.1339566270154226e+01
branch0_seg44,6.0869565217391397e-01,8.0971310589011330e-02,8.0970882302992889e-02,3.3705930906456707e+01,3.3381453086375750e+01
branch0_seg44,7.1014492753623415e-01,8.0780319622846319e-02,8.0780694427390193e-02,3.0581922944870932e+01,3.0304829855534628e+01
branch0_seg44,8.1159420289855433e-01,7.9590644762718363e-02,7.9590412411228439e-02,2.9995100742640886e+01,2.9720490147300332e+01
branch0_seg44,9.1304347826087096e-01,7.7663811265326690e-02,7.7664011136064443e-02,2.8015853898610995e+01,2.7767677091460680e+01
branch0_seg44,1.0144927536231911e+00,7.5219188018678579e-02,7.5219096193618704e-02,2.6696850631673488e+01,2.6459591750895587e+01
branch0_seg44,1.1159420289855078e+00,7.2559489501231325e-02,7.2559574603634380e-02,2.5473625534497234e+01,2.5249453420067649e+01
branch0_seg44,1.2173913043478279e+00,6.9901031377488501e-02,6.9901006500876411e-02,2.4434947470358146e+01,2.4218284183006901e+01
branch0_seg44,1.3188405797101481e+00,6.7444741641274092e-02,6.7444769510500185e-02,2.3803659435363492e+01,2.3591408680571050e+01
branch0_seg44,1.4202898550724647e+00,6.5291717868978985e-02,6.5291716143648759e-02,2.3240350238212692e+01,2.3030750950427969e+01
branch0_seg44,1.5217391304347849e+00,6.3476450415744512e-02,6.3476457499703320e-02,2.2924163071062214e+01,2.2715483992084106e+01
branch0_seg44,1.6231884057971016e+00,6.1947946422488784e-02,6.1947952575454102e-02,2.2543503841453571e+01,2.2336682211998788e+01
branch0_seg44,1.7246376811594217e+00,6.0598198732885238e-02,6.0598204679500917e-02,2.2140283654956548e+01,2.1936435103248595e+01
branch0_seg44,1.8260869565217419e+00,5.9280221962311745e-02,5.9280234560847238e-02,2.1529872326415273e+01,2.1331822459744778e+01
branch0_seg44,1.9275362318840585e+00,5.7841720973475709e-02,5.7841733957219102e-02,2.0722159239850573e+01,2.0532597797911308e+01
branch0_seg44,2.0289855072463787e+00,5.6154889471137545e-02,5.6154908529080845e-02,1.9675794408307762e+01,1.9497569833308173e+01
branch0_seg44,2.1304347826086989e+00,5.4143611555498801e-02,5.4143630940394399e-02,1.8454105736818729e+01,1.8289087662230134e+01
branch0_seg44,2.2318840579710155e+00,5.1803863048767898e-02,5.1803884267824611e-02,1.7140486779024624e+01,1.6989345590623888e+01
branch0_seg44,2.3333333333333357e+00,4.9212705802911656e-02,4.9212724414121729e-02,1.5867682215157700e+01,1.5729372464043658e+01
branch0_seg44,2.4347826086956559e+00,4.6526282443190563e-02,4.6526297341487825e-02,1.4786167277670909e+01,1.4657843389422510e+01
branch0_seg44,2.5362318840579725e+00,4.3965818146147910e-02,4.3965826203900576e-02,1.4049071131410237e+01,1.3926136570009572e+01
branch0_seg44,2.6376811594202927e+00,4.1791543668539294e-02,4.1791543608338040e-02,1.3786604534610650e+01,1.3663118270830113e+01
branch0_seg44,2.7391304347826093e+00,4.0271883225879671e-02,4.0271873565406541e-02,1.4094740725242040e+01,1.3963879262006168e+01
branch0_seg44,2.8405797101449295e+00,3.9648387464584649e-02,3.9648368282659885e-02,1.5014157760555861e+01,1.4868962183044257e+01
branch0_seg44,2.9420289855072497e+00,4.0102669760846130e-02,4.0102641605634516e-02,1.6528826642381404e+01,1.6362896869763311e+01
branch0_seg44,3.0434782608695663e+00,4.1729141629625960e-02,4.1729106290991240e-02,1.8562003283419386e+01,1.8370238286810178e+01
branch0_seg44,3.1449275362318865e+00,4.4519212154755919e-02,4.4519171786714148e-02,2.0989851666041574e+01,2.0768956479486445e+01
branch0_seg44,3.2463768115942031e+00,4.8349571751811753e-02,4.8349529829788261e-02,2.3629357251287807e+01,2.3378501528050666e+01
branch0_seg44,3.3478260869565233e+00,5.2997376369190996e-02,5.2997335092619509e-02,2.6304230993210840e+01,2.6024757366134551e+01
branch0_seg44,3.4492753623188435e+00,5.8156660851846495e-02,5.8156624335296184e-02,2.8803381103909860e+01,2.8499114315537327e+01
branch0_seg44,3.5507246376811601e+00,6.3469501688657975e-02,6.3469471553707912e-02,3.0953018247690519e+01,3.0629555940568480e+01
branch0_seg44,3.6521739130434803e+00,6.8562097141011052e-02,6.8562076287034660e-02,3.2596918140959964e+01,3.2261280595948016e+01
branch0_seg44,3.7536231884058004e+00,7.3083220380025821e-02,7.3083209257073400e-02,3.3636645406749373e+01,3.3296411508124898e+01
branch0_seg44,3.8550724637681171e+00,7.6738078852282191e-02,7.6738078270096211e-02,3.4022824109158599e+01,3.3685516537957795e+01
branch0_seg44,3.9565217391304373e+00,7.9322355050785776e-02,7.9322363381388081e-02,3.3788427639031838e+01,3.3460512485342015e+01
branch0_seg44,4.0579710144927574e+00,8.0734592577106454e-02,8.0734609091159773e-02,3.2999847670994725e+01,3.2686523027606071e+01
branch0_seg44,4.1594202898550776e+00,8.0984180328111874e-02,8.0984201719314225e-02,3.1795328483164084e+01,3.1499784103134566e+01
branch0_seg44,4.2608695652173907e+00,8.0182702555567087e-02,8.0182727108102744e-02,3.0325195682948952e+01,3.0048737658269360e+01
branch0_seg44,4.3623188405797109e+00,7.8524771015519954e-02,7.8524795397006755e-02,2.8760611366133407e+01,2.8502579326408298e+01
branch0_seg44,4.4637681159420310e+00,7.6259376073020441e-02,7.6259398672341161e-02,2.7251697052851075e+01,2.7009916884954492e+01
branch0_seg44,4.5652173913043512e+00,7.3655689385527870e-02,7.3655708275207538e-02,2.5918756023146919e+01,2.5689991165701475e+01
branch0_seg44,4.6666666666666714e+00,7.0970711026033861e-02,7.0970725591804520e-02,2.4839336373095460e+01,2.4619857494379190e+01
branch0_seg44,4.7681159420289845e+00,6.8414190977396150e-02,6.8414201563878646e-02,2.4024536947122332e+01,2.3810928980527311e+01
branch0_seg44,4.8695652173913047e+00,6.6129152651427187e-02,6.6129159665077653e-02,2.3452440651093056e+01,2.3241908979159039e+01
branch0_seg44,4.9710144927536248e+00,6.4177927565264692e-02,6.4177932993085399e-02,2.3043175175045626e+01,2.2834182545596533e+01
branch0_seg44,5.0724637681159450e+00,6.2542570992325436e-02,6.2542575963047534e-02,2.2702932886470329e+01,2.2495219613755417e+01
branch0_seg44,5.1739130434782652e+00,6.1136116534809548e-02,6.1136123203741913e-02,2.2321154997934759e+01,2.2115837595645445e+01
branch0_seg44,5.2753623188405783e+00,5.9824016784732821e-02,5.9824026116224921e-02,2.1803333025880388e+01,2.1602574144607512e+01
branch0_seg44,5.3768115942028984e+00,5.8452156323706310e-02,5.8452169391177797e-02,2.1079794116287680e+01,2.0886420446524120e+01
branch0_seg44,5.4782608695652186e+00,5.6879298408731647e-02,5.6879314942509043e-02,2.0128188599584796e+01,1.9945045519748891e+01
branch0_seg44,5.5797101449275388e+00,5.5005266838141401e-02,5.5005286343058270e-02,1.8969447265689148e+01,1.8798883087721812e+01
branch0_seg44,5.6811594202898590e+00,5.2794872204919185e-02,5.2794892889129967e-02,1.7679501634018290e+01,1.7522722795993342e+01
branch0_seg44,5.7826086956521792e+00,5.0291699899366875e-02,5.0291719887598729e-02,1.6372630332467178e+01,1.6229327411553534e+01
branch0_seg44,5.8840579710144922e+00,4.7620668743566470e-02,4.7620685442584021e-02,1.5194202343183633e+01,1.5062265480009922e+01
branch0_seg44,5.9855072463768124e+00,4.4978919044333668e-02,4.4978930149840932e-02,1.4299045188482680e+01,1.4174565092673671e+01
branch0_seg44,6.0869565217391326e+00,4.2614405999863200e-02,4.2614409422935838e-02,1.3829255640090862e+01,1.3706781023963533e+01
branch0_seg44,6.1884057971014528e+00,4.0796238111253505e-02,4.0796232455025221e-02,1.3896171095664466e+01,1.3769168405884265e+01
branch0_seg44,6.2898550724637730e+00,3.9781175409049643e-02,3.9781160060699629e-02,1.4565055630209477e+01,1.4426527049141717e+01
branch0_seg44,6.3913043478260860e+00,3.9778975124132684e-02,3.9778950492071419e-02,1.5842713623023727e+01,1.5685946434495762e+01
branch0_seg44,6.4927536231884062e+00,4.0922362848275509e-02,4.0922330177262163e-02,1.7677260842972210e+01,1.7496541058658384e+01
branch0_seg44,6.5942028985507264e+00,4.3245733188473835e-02,4.3245694585634681e-02,1.9961465623669181e+01,1.9752718150654676e+01
branch0_seg44,6.6956521739130466e+00,4.6673730603740790e-02,4.6673688827034342e-02,2.2539928239302867e+01,2.2301228601358641e+01
branch0_seg44,6.7971014492753667e+00,5.1020719825616609e-02,5.1020678105368131e-02,2.5220717762988855e+01,2.4952616117211626e+01
branch0_seg44,6.8985507246376869e+00,5.6012516965078862e-02,5.6012477912647726e-02,2.7818249102440291e+01,2.7523488664648823e+01
branch0_seg44,7.0000000000000000e+00,6.1307787726232778e-02,6.1307754953457805e-02,3.0128308445794243e+01,2.9811908981311191e+01
branch0_seg45,0.0000000000000000e+00,6.1307754953457666e-02,6.1307722469382049e-02,2.9811908981311763e+01,2.9495538637761850e+01
branch0_seg45,1.0144927536232018e-01,6.5108157184005519e-02,6.5108238674776261e-02,2.8030224609372009e+01,2.7748174328134521e+01
branch0_seg45,2.0289855072464036e-01,7.0726944656249541e-02,7.0726622883485385e-02,3.6884245621126290e+01,3.6486318853208701e+01
branch0_seg45,3.0434782608695699e-01,7.4587825816290448e-02,7.4588281799348233e-02,2.9858528112179346e+01,2.9572329137286715e+01
branch0_seg45,4.0579710144927716e-01,7.7970570073361070e-02,7.7970043328033353e-02,3.6437309481673836e+01,3.6061988203321292e+01
branch0_seg45,5.0724637681159734e-01,8.0031030622475616e-02,8.0031554533582183e-02,3.1339566270154226e+01,3.1045517342157432e+01
branch0_seg45,6.0869565217391397e-01,8.0970882302992889e-02,8.0970460257022231e-02,3.3381453086375750e+01,3.3057095054972635e+01
branch0_seg45,7.1014492753623415e-01,8.0780694427390193e-02,8.0781063711167306e-02,3.0304829855534628e+01,3.0027684054413434e+01
branch0_seg45,8.1159420289855433e-01,7.9590412411228439e-02,7.9590183671663609e-02,2.9720490147300332e+01,2.9445988303110102e+01
branch0_seg45,9.1304347826087096e-01,7.7664011136064443e-02,7.7664207988782180e-02,2.7767677091460680e+01,2.7519464613347207e+01
branch0_seg45,1.0144927536231911e+00,7.5219096193618704e-02,7.5219006011103623e-02,2.6459591750895587e+01,2.6222413905998817e+01
branch0_seg45,1.1159420289855078e+00,7.2559574603634380e-02,7.2559658372594454e-02,2.5249453420067649e+01,2.5025268909280729e+01
branch0_seg45,1.2173913043478279e+00,6.9901006500876411e-02,6.9900982252141211e-02,2.4218284183006901e+01,2.4001675960509566e+01
branch0_seg45,1.3188405797101481e+00,6.7444769510500185e-02,6.7444796913101401e-02,2.3591408680571050e+01,2.3379163500022852e+01
branch0_seg45,1.4202898550724647e+00,6.5291716143648759e-02,6.5291714625413111e-02,2.3030750950427969e+01,2.2821189604983310e+01
branch0_seg45,1.5217391304347849e+00,6.3476457499703320e-02,6.3476464451352285e-02,2.2715483992084106e+01,2.2506820846996014e+01
branch0_seg45,1.6231884057971016e+00,6.1947952575454102e-02,6.1947958749779382e-02,2.2336682211998788e+01,2.2129889348348470e+01
branch0_seg45,1.7246376811594217e+00,6.0598204679500917e-02,6.0598210540510282e-02,2.1936435103248595e+01,2.1732606949558946e+01
branch0_seg45,1.8260869565217419e+00,5.9280234560847238e-02,5.9280247053267794e-02,2.1331822459744778e+01,2.1133796697131281e+01
branch0_seg45,1.9275362318840585e+00,5.7841733957219102e-02,5.7841746787037740e-02,2.0532597797911308e+01,2.0343057461803575e+01
branch0_seg45,2.0289855072463787e+00,5.6154908529080845e-02,5.6154927387180836e-02,1.9497569833308173e+01,1.9319366361484839e+01
branch0_seg45,2.1304347826086989e+00,5.4143630940394399e-02,5.4143650112142783e-02,1.8289087662230134e+01,1.8124089243472547e+01
branch0_seg45,2.2318840579710155e+00,5.1803884267824611e-02,5.1803905268094697e-02,1.6989345590623888e+01,1.6838222837074511e+01
branch0_seg45,2.3333333333333357e+00,4.9212724414121722e-02,4.9212742842194658e-02,1.5729372464043658e+01,1.5591080065501684e+01
branch0_seg45,2.4347826086956559e+00,4.6526297341487825e-02,4.6526312111658419e-02,1.4657843389422510e+01,1.4529535628765482e+01
branch0_seg45,2.5362318840579725e+00,4.3965826203900576e-02,4.3965834220462865e-02,1.3926136570009572e+01,1.3803217474767875e+01
branch0_seg45,2.6376811594202927e+00,4.1791543608338040e-02,4.1791543606555355e-02,1.3663118270830113e+01,1.3539646948046027e+01
branch0_seg45,2.7391304347826093e+00,4.0271873565406541e-02,4.0271864075875879e-02,1.3963879262006168e+01,1.3833032899367154e+01
branch0_seg45,2.8405797101449295e+00,3.9648368282659885e-02,3.9648349377171793e-02,1.4868962183044257e+01,1.4723782252357870e+01
branch0_seg45,2.9420289855072497e+00,4.0102641605634516e-02,4.0102613820577476e-02,1.6362896869763311e+01,1.6196983947784087e+01
branch0_seg45,3.0434782608695663e+00,4.1729106290991240e-02,4.1729071388523505e-02,1.8370238286810178e+01,1.8178491764268667e+01
branch0_seg45,3.1449275362318865e+00,4.4519171786714148e-02,4.4519131891147874e-02,2.0768956479486445e+01,2.0548081869162043e+01
branch0_seg45,3.2463768115942031e+00,4.8349529829788261e-02,4.8349488370650340e-02,2.3378501528050666e+01,2.3127668690394998e+01
branch0_seg45,3.3478260869565233e+00,5.2997335092619509e-02,5.2997294244835486e-02,2.6024757366134551e+01,2.5745309155855090e+01
branch0_seg45,3.4492753623188435e+00,5.8156624335296184e-02,5.8156588164283818e-02,2.8499114315537327e+01,2.8194875291257048e+01
branch0_seg45,3.5507246376811601e+00,6.3469471553707912e-02,6.3469441670123264e-02,3.0629555940568480e+01,3.0306123686145597e+01
branch0_seg45,3.6521739130434803e+00,6.8562076287034660e-02,6.8562055561649751e-02,3.2261280595948016e+01,3.1925674843642970e+01
branch0_seg45,3.7536231884058004e+00,7.3083209257073400e-02,7.3083198146749420e-02,3.3296411508124898e+01,3.2956210821599598e+01
branch0_seg45,3.8550724637681171e+00,7.6738078270096211e-02,7.6738077583392350e-02,3.3685516537957795e+01,3.3348242871079222e+01
branch0_seg45,3.9565217391304373e+00,7.9322363381388081e-02,7.9322371521076754e-02,3.3460512485342015e+01,3.3132631506298026e+01
branch0_seg45,4.0579710144927574e+00,8.0734609091159773e-02,8.0734625340706953e-02,3.2686523027606071e+01,3.2373232122176539e+01
branch0_seg45,4.1594202898550776e+00,8.0984201719314225e-02,8.0984222818009599e-02,3.1499784103134566e+01,3.1204272744904493e+01
branch0_seg45,4.2608695652173907e+00,8.0182727108102744e-02,8.0182751358066628e-02,3.0048737658269360e+01,2.9772311429180792e+01
branch0_seg45,4.3623188405797109e+00,7.8524795397006755e-02,7.8524819504912358e-02,2.8502579326408298e+01,2.8244577844926702e+01
branch0_seg45,4.4637681159420310e+00,7.6259398672341161e-02,7.6259421039160433e-02,2.7009916884954492e+01,2.6768165829667531e+01
branch0_seg45,4.5652173913043512e+00,7.3655708275207538e-02,7.3655726991407447e-02,2.5689991165701475e+01,2.5461254187442467e+01
branch0_seg45,4.6666666666666714e+00,7.0970725591804520e-02,7.0970740042674757e-02,2.4619857494379190e+01,2.4400405315864759e+01
branch0_seg45,4.7681159420289845e+00,6.8414201563878646e-02,6.8414212083632631e-02,2.3810928980527311e+01,2.3597346797347587e+01
branch0_seg45,4.8695652173913047e+00,6.6129159665077666e-02,6.6129166650687132e-02,2.3241908979159039e+01,2.3031402357077337e+01
branch0_seg45,4.9710144927536248e+00,6.4177932993085385e-02,6.4177938403267118e-02,2.2834182545596533e+01,2.2625214358391055e+01
branch0_seg45,5.0724637681159450e+00,6.2542575963047534e-02,6.2542580912529275e-02,2.2495219613755417e+01,2.2287530322072755e+01
branch0_seg45,5.1739130434782652e+00,6.1136123203741906e-02,6.1136129821267128e-02,2.2115837595645445e+01,2.1910543633815664e+01
branch0_seg45,5.2753623188405783e+00,5.9824026116224928e-02,5.9824035357647735e-02,2.1602574144607512e+01,2.1401838166172713e+01
branch0_seg45,5.3768115942028984e+00,5.8452169391177797e-02,5.8452182319587612e-02,2.0886420446524120e+01,2.0693068915443284e+01
branch0_seg45,5.4782608695652186e+00,5.6879314942509043e-02,5.6879331296300059e-02,1.9945045519748891e+01,1.9761923711304497e+01
branch0_seg45,5.5797101449275388e+00,5.5005286343058270e-02,5.5005305636016771e-02,1.8798883087721812e+01,1.8628339074400426e+01
branch0_seg45,5.6811594202898590e+00,5.2794892889129967e-02,5.2794913354709580e-02,1.7522722795993342e+01,1.7365962958439390e+01
branch0_seg45,5.7826086956521792e+00,5.0291719887598729e-02,5.0291739673928117e-02,1.6229327411553534e+01,1.6086042236074146e+01
branch0_seg45,5.8840579710144922e+00,4.7620685442584021e-02,4.7620701988117138e-02,1.5062265480009922e+01,1.4930345243306483e+01
branch0_seg45,5.9855072463768124e+00,4.4978930149840932e-02,4.4978941175773085e-02,1.4174565092673671e+01,1.4050100677513147e+01
branch0_seg45,6.0869565217391326e+00,4.2614409422935838e-02,4.2614412862423477e-02,1.3706781023963533e+01,1.3584321517981010e+01
branch0_seg45,6.1884057971014528e+00,4.0796232455025221e-02,4.0796226923306131e-02,1.3769168405884265e+01,1.3642180682967201e+01
branch0_seg45,6.2898550724637730e+00,3.9781160060699629e-02,3.9781144947152271e-02,1.4426527049141717e+01,1.4288013829642265e+01
branch0_seg45,6.3913043478260860e+00,3.9778950492071419e-02,3.9778926194214741e-02,1.5685946434495762e+01,1.5529195538042071e+01
branch0_seg45,6.4927536231884062e+00,4.0922330177262163e-02,4.0922297919322649e-02,1.7496541058658384e+01,1.7315839033401058e+01
branch0_seg45,6.5942028985507264e+00,4.3245694585634681e-02,4.3245656444269732e-02,1.9752718150654676e+01,1.9543990349805473e+01
branch0_seg45,6.6956521739130466e+00,4.6673688827034342e-02,4.6673647523414449e-02,2.2301228601358641e+01,2.2062550891807756e+01
branch0_seg45,6.7971014492753667e+00,5.1020678105368131e-02,5.1020636829404317e-02,2.4952616117211626e+01,2.4684538834633685e+01
branch0_seg45,6.8985507246376869e+00,5.6012477912647726e-02,5.6012439246847547e-02,2.7523488664648823e+01,2.7228755077559821e+01
branch0_seg45,7.0000000000000000e+00,6.1307754953457805e-02,6.1307722469382181e-02,2.9811908981311191e+01,2.9495538637761285e+01
branch0_seg46,0.0000000000000000e+00,6.1307722469382049e-02,6.1307690213108966e-02,2.9495538637761850e+01,2.9180196335304064e+01
branch0_seg46,1.0144927536232018e-01,6.5108238674776261e-02,6.5108319051287028e-02,2.7748174328134521e+01,2.7467109110334530e+01
branch0_seg46,2.0289855072464036e-01,7.0726622883485385e-02,7.0726304893445960e-02,3.6486318853208701e+01,3.6089655876355522e+01
branch0_seg46,3.0434782608695699e-01,7.4588281799348233e-02,7.4588731970262681e-02,2.9572329137286715e+01,2.9287154229422779e+01
branch0_seg46,4.0579710144927716e-01,7.7970043328033353e-02,7.7969523120311093e-02,3.6061988203321292e+01,3.5687979659583767e+01
branch0_seg46,5.0724637681159734e-01,8.0031554533582183e-02,8.0032071707596714e-02,3.1045517342157432e+01,3.0752505409766577e+01
branch0_seg46,6.0869565217391397e-01,8.0970460257022231e-02,8.0970043669035513e-02,3.3057095054972635e+01,3.2733998167213052e+01
branch0_seg46,7.1014492753623415e-01,8.0781063711167306e-02,8.0781428161851923e-02,3.0027684054413434e+01,2.9751540690710307e+01
branch0_seg46,8.1159420289855433e-01,7.9590183671663609e-02,7.9589958112965542e-02,2.9445988303110102e+01,2.9172635304257142e+01
branch0_seg46,9.1304347826087096e-01,7.7664207988782180e-02,7.7664402197402491e-02,2.7519464613347207e+01,2.7272197428424395e+01
branch0_seg46,1.0144927536231911e+00,7.5219006011103623e-02,7.5218917294440621e-02,2.6222413905998817e+01,2.5986259856339302e+01
branch0_seg46,1.1159420289855078e+00,7.2559658372594454e-02,7.2559740973195563e-02,2.5025268909280729e+01,2.4801974711083524e+01
branch0_seg46,1.2173913043478279e+00,6.9900982252141211e-02,6.9900958578253153e-02,2.4001675960509566e+01,2.3785992967290035e+01
branch0_seg46,1.3188405797101481e+00,6.7444796913101401e-02,6.7444823907463536e-02,2.3379163500022852e+01,2.3167770634420798e+01
branch0_seg46,1.4202898550724647e+00,6.5291714625413111e-02,6.5291713306121754e-02,2.2821189604983310e+01,2.2612493257038789e+01
branch0_seg46,1.5217391304347849e+00,6.3476464451352285e-02,6.3476471288309147e-02,2.2506820846996014e+01,2.2298987448850188e+01
branch0_seg46,1.6231884057971016e+00,6.1947958749779382e-02,6.1947964953929180e-02,2.2129889348348470e+01,2.1923925275596432e+01
branch0_seg46,1.7246376811594217e+00,6.0598210540510282e-02,6.0598216329245294e-02,2.1732606949558946e+01,2.1529584976750289e+01
branch0_seg46,1.8260869565217419e+00,5.9280247053267794e-02,5.9280259461262301e-02,2.1133796697131281e+01,2.0936561271224488e+01
branch0_seg46,1.9275362318840585e+00,5.7841746787037740e-02,5.7841759487822220e-02,2.0343057461803575e+01,2.0154279291836190e+01
branch0_seg46,2.0289855072463787e+00,5.6154927387180836e-02,5.6154946079796646e-02,1.9319366361484839e+01,1.9141892855368560e+01
branch0_seg46,2.1304347826086989e+00,5.4143650112142783e-02,5.4143669106796910e-02,1.8124089243472547e+01,1.7959781571143477e+01
branch0_seg46,2.2318840579710155e+00,5.1803905268094697e-02,5.1803926088442864e-02,1.6838222837074511e+01,1.6687748368965757e+01
branch0_seg46,2.3333333333333357e+00,4.9212742842194658e-02,4.9212761121698728e-02,1.5591080065501684e+01,1.5453393883763358e+01
branch0_seg46,2.4347826086956559e+00,4.6526312111658419e-02,4.6526326781385345e-02,1.4529535628765482e+01,1.4401796474631665e+01
branch0_seg46,2.5362318840579725e+00,4.3965834220462865e-02,4.3965842211195878e-02,1.3803217474767875e+01,1.3680839264986252e+01
branch0_seg46,2.6376811594202927e+00,4.1791543606555355e-02,4.1791543663700408e-02,1.3539646948046027e+01,1.3416702484103508e+01
branch0_seg46,2.7391304347826093e+00,4.0271864075875879e-02,4.0271854740246478e-02,1.3833032899367154e+01,1.3702717053818919e+01
branch0_seg46,2.8405797101449295e+00,3.9648349377171793e-02,3.9648330713583736e-02,1.4723782252357870e+01,1.4579155766726966e+01
branch0_seg46,2.9420289855072497e+00,4.0102613820577476e-02,4.0102586354581006e-02,1.6196983947784087e+01,1.6031667125713362e+01
branch0_seg46,3.0434782608695663e+00,4.1729071388523505e-02,4.1729036857792182e-02,1.8178491764268667e+01,1.7987401705571653e+01
branch0_seg46,3.1449275362318865e+00,4.4519131891147874e-02,4.4519092394175806e-02,2.0548081869162043e+01,2.0327938424824200e+01
branch0_seg46,3.2463768115942031e+00,4.8349488370650340e-02,4.8349447297398825e-02,2.3127668690394998e+01,2.2877650359442207e+01
branch0_seg46,3.3478260869565233e+00,5.2997294244835486e-02,5.2997253749755176e-02,2.5745309155855090e+01,2.5466761886396679e+01
branch0_seg46,3.4492753623188435e+00,5.8156588164283818e-02,5.8156552271185151e-02,2.8194875291257048e+01,2.7891619661024563e+01
branch0_seg46,3.5507246376811601e+00,6.3469441670123264e-02,6.3469411981768295e-02,3.0306123686145597e+01,2.9983747740807754e+01
branch0_seg46,3.6521739130434803e+00,6.8562055561649751e-02,6.8562034925587684e-02,3.1925674843642970e+01,3.1591183192315039e+01
branch0_seg46,3.7536231884058004e+00,7.3083198146749420e-02,7.3083187027556507e-02,3.2956210821599598e+01,3.2617163808415881e+01
branch0_seg46,3.8550724637681171e+00,7.6738077583392350e-02,7.6738076790027060e-02,3.3348242871079222e+01,3.3012142043441770e+01
branch0_seg46,3.9565217391304373e+00,7.9322371521076754e-02,7.9322379484158420e-02,3.3132631506298026e+01,3.2805923094107179e+01
branch0_seg46,4.0579710144927574e+00,8.0734625340706953e-02,8.0734641355239237e-02,3.2373232122176539e+01,3.2061095518516538e+01
branch0_seg46,4.1594202898550776e+00,8.0984222818009599e-02,8.0984243662863442e-02,3.1204272744904493e+01,3.0909883656351269e+01
branch0_seg46,4.2608695652173907e+00,8.0182751358066628e-02,8.0182775350178592e-02,2.9772311429180792e+01,2.9496965666220319e+01
branch0_seg46,4.3623188405797109e+00,7.8524819504912358e-02,7.8524843383891110e-02,2.8244577844926702e+01,2.7987610648353467e+01
branch0_seg46,4.4637681159420310e+00,7.6259421039160433e-02,7.6259443215096798e-02,2.6768165829667531e+01,2.6527402720679888e+01
branch0_seg46,4.5652173913043512e+00,7.3655726991407447e-02,7.3655745569111433e-02,2.5461254187442467e+01,2.5233462786230490e+01
branch0_seg46,4.6666666666666714e+00,7.0970740042674757e-02,7.0970754405827716e-02,2.4400405315864759e+01,2.4181862747144216e+01
branch0_seg46,4.7681159420289845e+00,6.8414212083632631e-02,6.8414222556578974e-02,2.3597346797347587e+01,2.3384645656039062e+01
branch0_seg46,4.8695652173913047e+00,6.6129166650687132e-02,6.6129173621628054e-02,2.3031402357077337e+01,2.2821755326723302e+01
branch0_seg46,4.9710144927536248e+00,6.4177938403267118e-02,6.4177943806199941e-02,2.2625214358391055e+01,2.2417089462793477e+01
branch0_seg46,5.0724637681159450e+00,6.2542580912529275e-02,6.2542585850237212e-02,2.2287530322072755e+01,2.2080670714668937e+01
branch0_seg46,5.1739130434782652e+00,6.1136129821267128e-02,6.1136136399856107e-02,2.1910543633815664e+01,2.1706065101536943e+01
branch0_seg46,5.2753623188405783e+00,5.9824035357647735e-02,5.9824044526260271e-02,2.1401838166172713e+01,2.1201899972396127e+01
branch0_seg46,5.3768115942028984e+00,5.8452182319587612e-02,5.8452195132980653e-02,2.0693068915443284e+01,2.0500491659757142e+01
branch0_seg46,5.4782608695652186e+00,5.6879331296300059e-02,5.6879347500480369e-02,1.9761923711304497e+01,1.9579545955155567e+01
branch0_seg46,5.5797101449275388e+00,5.5005305636016771e-02,5.5005324752866840e-02,1.8628339074400426e+01,1.8458502295397839e+01
branch0_seg46,5.6811594202898590e+00,5.2794913354709580e-02,5.2794933639738181e-02,1.7365962958439390e+01,1.7209868996553435e+01
branch0_seg46,5.7826086956521792e+00,5.0291739673928124e-02,5.0291759295266900e-02,1.6086042236074146e+01,1.5943380093496284e+01
branch0_seg46,5.8840579710144922e+00,4.7620701988117138e-02,4.7620718411167939e-02,1.4930345243306483e+01,1.4799008094995243e+01
branch0_seg46,5.9855072463768124e+00,4.4978941175773085e-02,4.4978952143002390e-02,1.4050100677513147e+01,1.3926186985637163e+01
branch0_seg46,6.0869565217391326e+00,4.2614412862423477e-02,4.2614416325206933e-02,1.3584321517981010e+01,1.3462392664659149e+01
branch0_seg46,6.1884057971014528e+00,4.0796226923306131e-02,4.0796221506387335e-02,1.3642180682967201e+01,1.3515719703370191e+01
branch0_seg46,6.2898550724637730e+00,3.9781144947152271e-02,3.9781130040920730e-02,1.4288013829642265e+01,1.4150042307758129e+01
branch0_seg46,6.3913043478260860e+00,3.9778926194214741e-02,3.9778902185981374e-02,1.5529195538042071e+01,1.5373021042643092e+01
branch0_seg46,6.4927536231884062e+00,4.0922297919322649e-02,4.0922266014991590e-02,1.7315839033401058e+01,1.7135766900010942e+01
branch0_seg46,6.5942028985507264e+00,4.3245656444269732e-02,4.3245618693833553e-02,1.9543990349805473e+01,1.9335961805383832e+01
branch0_seg46,6.6956521739130466e+00,4.6673647523414449e-02,4.6673606616263068e-02,2.2062550891807756e+01,2.1824653051028331e+01
branch0_seg46,6.7971014492753667e+00,5.1020636829404317e-02,5.1020595920932638e-02,2.4684538834633685e+01,2.4417327248314436e+01
branch0_seg46,6.8985507246376869e+00,5.6012439246847547e-02,5.6012400895515131e-02,2.7228755077559821e+01,2.6934972171216675e+01
branch0_seg46,7.0000000000000000e+00,6.1307722469382181e-02,6.1307690213109098e-02,2.9495538637761285e+01,2.9180196335303517e+01
branch0_seg47,0.0000000000000000e+00,6.1307690213108966e-02,6.1307658202382855e-02,2.9180196335304064e+01,2.8865595290866050e+01
branch0_seg47,1.0144927536232018e-01,6.5108319051287028e-02,6.5108398267895856e-02,2.7467109110334530e+01,2.7186755062788812e+01
branch0_seg47,2.0289855072464036e-01,7.0726304893445960e-02,7.0725990864696678e-02,3.6089655876355522e+01,3.5693909850281578e+01
branch0_seg47,3.0434782608695699e-01,7.4588731970262681e-02,7.4589176076152383e-02,2.9287154229422779e+01,2.9002713031186090e+01
branch0_seg47,4.0579710144927716e-01,7.7969523120311093e-02,7.7969009739858791e-02,3.5687979659583767e+01,3.5314937787536373e+01
branch0_seg47,5.0724637681159734e-01,8.0032071707596714e-02,8.0032581858874352e-02,3.0752505409766577e+01,3.0460228271038812e+01
branch0_seg47,6.0869565217391397e-01,8.0970043669035513e-02,8.0969632764871693e-02,3.2733998167213052e+01,3.2411839570602226e+01
branch0_seg47,7.1014492753623415e-01,8.0781428161851923e-02,8.0781787585220186e-02,2.9751540690710307e+01,2.9476105901759212e+01
branch0_seg47,8.1159420289855433e-01,7.9589958112965542e-02,7.9589735849853391e-02,2.9172635304257142e+01,2.8900137899688033e+01
branch0_seg47,9.1304347826087096e-01,7.7664402197402491e-02,7.7664593665452905e-02,2.7272197428424395e+01,2.7025601940589588e+01
branch0_seg47,1.0144927536231911e+00,7.5218917294440621e-02,7.5218830081638557e-02,2.5986259856339302e+01,2.5750863824362277e+01
branch0_seg47,1.1159420289855078e+00,7.2559740973195563e-02,7.2559822370049334e-02,2.4801974711083524e+01,2.4579317786333874e+01
branch0_seg47,1.2173913043478279e+00,6.9900958578253153e-02,6.9900935483477741e-02,2.3785992967290035e+01,2.3570989274545919e+01
branch0_seg47,1.3188405797101481e+00,6.7444823907463536e-02,6.7444850486138075e-02,2.3167770634420798e+01,2.2956991236678064e+01
branch0_seg47,1.4202898550724647e+00,6.5291713306121754e-02,6.5291712180802486e-02,2.2612493257038789e+01,2.2404427344077511e+01
branch0_seg47,1.5217391304347849e+00,6.3476471288309147e-02,6.3476478011295565e-02,2.2298987448850188e+01,2.2091753019673178e+01
branch0_seg47,1.6231884057971016e+00,6.1947964953929180e-02,6.1947971181320394e-02,2.1923925275596432e+01,2.1718562437947480e+01
branch0_seg47,1.7246376811594217e+00,6.0598216329245294e-02,6.0598222044799116e-02,2.1529584976750289e+01,2.1327145605244429e+01
branch0_seg47,1.8260869565217419e+00,5.9280259461262301e-02,5.9280271776413970e-02,2.0936561271224488e+01,2.0739897838350942e+01
branch0_seg47,1.9275362318840585e+00,5.7841759487822220e-02,5.7841772053526634e-02,2.0154279291836190e+01,1.9966052025461423e+01
branch0_seg47,2.0289855072463787e+00,5.6154946079796646e-02,5.6154964595889048e-02,1.9141892855368560e+01,1.8964947036783329e+01
branch0_seg47,2.1304347826086989e+00,5.4143669106796910e-02,5.4143687914195895e-02,1.7959781571143477e+01,1.7795972990432691e+01
branch0_seg47,2.2318840579710155e+00,5.1803926088442864e-02,5.1803946717090876e-02,1.6687748368965757e+01,1.6537742079379111e+01
branch0_seg47,2.3333333333333357e+00,4.9212761121698728e-02,4.9212779242661840e-02,1.5453393883763358e+01,1.5316145263982552e+01
branch0_seg47,2.4347826086956559e+00,4.6526326781385345e-02,4.6526341342546546e-02,1.4401796474631665e+01,1.4274467365048444e+01
branch0_seg47,2.5362318840579725e+00,4.3965842211195878e-02,4.3965850171830426e-02,1.3680839264986252e+01,1.3558850776574374e+01
branch0_seg47,2.6376811594202927e+00,4.1791543663700408e-02,4.1791543779903059e-02,1.3416702484103508e+01,1.3294137211350863e+01
branch0_seg47,2.7391304347826093e+00,4.0271854740246478e-02,4.0271845563908386e-02,1.3702717053818919e+01,1.3572782673372716e+01
branch0_seg47,2.8405797101449295e+00,3.9648330713583736e-02,3.9648312302474509e-02,1.4579155766726966e+01,1.4434926885388014e+01
branch0_seg47,2.9420289855072497e+00,4.0102586354581006e-02,4.0102559223097821e-02,1.6031667125713362e+01,1.5866778341469033e+01
branch0_seg47,3.0434782608695663e+00,4.1729036857792182e-02,4.1729002718147286e-02,1.7987401705571653e+01,1.7796782955975956e+01
branch0_seg47,3.1449275362318865e+00,4.4519092394175806e-02,4.4519053317846481e-02,2.0327938424824200e+01,2.0108320077156606e+01
branch0_seg47,3.2463768115942031e+00,4.8349447297398825e-02,4.8349406632889447e-02,2.2877650359442207e+01,2.2628217370099076e+01
branch0_seg47,3.3478260869565233e+00,5.2997253749755176e-02,5.2997213629829065e-02,2.5466761886396679e+01,2.5188862770728505e+01
branch0_seg47,3.4492753623188435e+00,5.8156552271185151e-02,5.8156516675814098e-02,2.7891619661024563e+01,2.7589072444178168e+01
branch0_seg47,3.5507246376811601e+00,6.3469411981768295e-02,6.3469382504928326e-02,2.9983747740807754e+01,2.9662133960161309e+01
branch0_seg47,3.6521739130434803e+00,6.8562034925587684e-02,6.8562014390053952e-02,3.1591183192315039e+01,3.1257496753061716e+01
branch0_seg47,3.7536231884058004e+00,7.3083187027556507e-02,7.3083175905365949e-02,3.2617163808415881e+01,3.2278952067816086e+01
branch0_seg47,3.8550724637681171e+00,7.6738076790027060e-02,7.6738075890136426e-02,3.3012142043441770e+01,3.2676891734182732e+01
branch0_seg47,3.9565217391304373e+00,7.9322379484158420e-02,7.9322387265912495e-02,3.2805923094107179e+01,3.2480066245442409e+01
branch0_seg47,4.0579710144927574e+00,8.0734641355239237e-02,8.0734657125613937e-02,3.2061095518516538e+01,3.1749798163510921e+01
branch0_seg47,4.1594202898550776e+00,8.0984243662863442e-02,8.0984264242099716e-02,3.0909883656351269e+01,3.0616311206147394e+01
branch0_seg47,4.2608695652173907e+00,8.0182775350178592e-02,8.0182799070995334e-02,2.9496965666220319e+01,2.9222406429048913e+01
branch0_seg47,4.3623188405797109e+00,7.8524843383891110e-02,7.8524867020623376e-02,2.7987610648353467e+01,2.7731396397562012e+01
branch0_seg47,4.4637681159420310e+00,7.6259443215096798e-02,7.6259465187856451e-02,2.6527402720679888e+01,2.6287358558883867e+01
branch0_seg47,4.5652173913043512e+00,7.3655745569111433e-02,7.3655763998066962e-02,2.5233462786230490e+01,2.5006359072037906e+01
branch0_seg47,4.6666666666666714e+00,7.0970754405827716e-02,7.0970768673403586e-02,2.4181862747144216e+01,2.3963981131301125e+01
branch0_seg47,4.7681159420289845e+00,6.8414222556578974e-02,6.8414232977026243e-02,2.3384645656039062e+01,2.3172584103655822e+01
branch0_seg47,4.8695652173913047e+00,6.6129173621628054e-02,6.6129180574165475e-02,2.2821755326723302e+01,2.2612731719603850e+01
branch0_seg47,4.9710144927536248e+00,6.4177943806199941e-02,6.4177949198998011e-02,2.2417089462793477e+01,2.2209575634283492e+01
branch0_seg47,5.0724637681159450e+00,6.2542585850237212e-02,6.2542590773520396e-02,2.2080670714668937e+01,2.1874411887179942e+01
branch0_seg47,5.1739130434782652e+00,6.1136136399856107e-02,6.1136142935914295e-02,2.1706065101536943e+01,2.1502176679628871e+01
branch0_seg47,5.2753623188405783e+00,5.9824044526260271e-02,5.9824053616994853e-02,2.1201899972396127e+01,2.1002538879428435e+01
branch0_seg47,5.3768115942028984e+00,5.8452195132980653e-02,5.8452207824244075e-02,2.0500491659757142e+01,2.0308474298271221e+01
branch0_seg47,5.4782608695652186e+00,5.6879347500480369e-02,5.6879363546035934e-02,1.9579545955155567e+01,1.9397706082135613e+01
branch0_seg47,5.5797101449275388e+00,5.5005324752866840e-02,5.5005343682982877e-02,1.8458502295397839e+01,1.8289176604459623e+01
branch0_seg47,5.6811594202898590e+00,5.2794933639738181e-02,5.2794953732953079e-02,1.7209868996553435e+01,1.7054256038439512e+01
branch0_seg47,5.7826086956521792e+00,5.0291759295266900e-02,5.0291778740755688e-02,1.5943380093496284e+01,1.5801167747623211e+01
branch0_seg47,5.8840579710144922e+00,4.7620718411167939e-02,4.7620734702688204e-02,1.4799008094995243e+01,1.4668091605213068e+01
branch0_seg47,5.9855072463768124e+00,4.4978952143002390e-02,4.4978963045558901e-02,1.3926186985637163e+01,1.3802670243446768e+01
branch0_seg47,6.0869565217391326e+00,4.2614416325206933e-02,4.2614419809521319e-02,1.3462392664659149e+01,1.3340845910842475e+01
branch0_seg47,6.1884057971014528e+00,4.0796221506387335e-02,4.0796216207471286e-02,1.3515719703370191e+01,1.3389637614450578e+01
branch0_seg47,6.2898550724637730e+00,3.9781130040920730e-02,3.9781115350492877e-02,1.4150042307758129e+01,1.4012460078160734e+01
branch0_seg47,6.3913043478260860e+00,3.9778902185981374e-02,3.9778878480914416e-02,1.5373021042643092e+01,1.5217260504503766e+01
branch0_seg47,6.4927536231884062e+00,4.0922266014991590e-02,4.0922234482172387e-02,1.7135766900010942e+01,1.6956147005307496e+01
branch0_seg47,6.5942028985507264e+00,4.3245618693833553e-02,4.3245581355432182e-02,1.9335961805383832e+01,1.9128435354936109e+01
branch0_seg47,6.6956521739130466e+00,4.6673606616263068e-02,4.6673566128373277e-02,2.1824653051028331e+01,2.1587315481111577e+01
branch0_seg47,6.7971014492753667e+00,5.1020595920932638e-02,5.1020555402667679e-02,2.4417327248314436e+01,2.4150738158347568e+01
branch0_seg47,6.8985507246376869e+00,5.6012400895515131e-02,5.6012362879862547e-02,2.6934972171216675e+01,2.6641873725182112e+01
branch0_seg47,7.0000000000000000e+00,6.1307690213109098e-02,6.1307658202382993e-02,2.9180196335303517e+01,2.8865595290865507e+01
branch0_seg48,0.0000000000000000e+00,6.1307658202382855e-02,6.1307626497695791e-02,2.8865595290866050e+01,2.8550714809118819e+01
branch0_seg48,1.0144927536232018e-01,6.5108398267895856e-02,6.5108476177469204e-02,2.7186755062788812e+01,2.6906128477894576e+01
branch0_seg48,2.0289855072464036e-01,7.0725990864696678e-02,7.0725681383044123e-02,3.5693909850281578e+01,3.5297840294509548e+01
branch0_seg48,3.0434782608695699e-01,7.4589176076152383e-02,7.4589613291603657e-02,2.9002713031186090e+01,2.8717946583331468e+01
branch0_seg48,4.0579710144927716e-01,7.7969009739858791e-02,7.7968504139756492e-02,3.5314937787536373e+01,3.4941611780943681e+01
branch0_seg48,5.0724637681159734e-01,8.0032581858874352e-02,8.0033084044004679e-02,3.0460228271038812e+01,3.0167573651144910e+01
branch0_seg48,6.0869565217391397e-01,8.0969632764871693e-02,8.0969228300404136e-02,3.2411839570602226e+01,3.2089441687136180e+01
branch0_seg48,7.1014492753623415e-01,8.0781787585220186e-02,8.0782141323481341e-02,2.9476105901759212e+01,2.9200293688583631e+01
branch0_seg48,8.1159420289855433e-01,7.9589735849853391e-02,7.9589517282936353e-02,2.8900137899688033e+01,2.8627421618624961e+01
branch0_seg48,9.1304347826087096e-01,7.7664593665452905e-02,7.7664782049245026e-02,2.7025601940589588e+01,2.6778668397520299e+01
branch0_seg48,1.0144927536231911e+00,7.5218830081638557e-02,7.5218744522094705e-02,2.5750863824362277e+01,2.5515252748728319e+01
branch0_seg48,1.1159420289855078e+00,7.2559822370049334e-02,7.2559902422360434e-02,2.4579317786333874e+01,2.4356369607323195e+01
branch0_seg48,1.2173913043478279e+00,6.9900935483477741e-02,6.9900913000867218e-02,2.3570989274545919e+01,2.3355768655076943e+01
branch0_seg48,1.3188405797101481e+00,6.7444850486138075e-02,6.7444876606983520e-02,2.2956991236678064e+01,2.2745955465852376e+01
branch0_seg48,1.4202898550724647e+00,6.5291712180802486e-02,6.5291711245216461e-02,2.2404427344077511e+01,2.2196141964285395e+01
branch0_seg48,1.5217391304347849e+00,6.3476478011295565e-02,6.3476484612040168e-02,2.2091753019673178e+01,2.1884282614373557e+01
branch0_seg48,1.6231884057971016e+00,6.1947971181320394e-02,6.1947977416864371e-02,2.1718562437947480e+01,2.1512980080462221e+01
branch0_seg48,1.7246376811594217e+00,6.0598222044799116e-02,6.0598227678604663e-02,2.1327145605244429e+01,2.1124483372151630e+01
branch0_seg48,1.8260869565217419e+00,5.9280271776413970e-02,5.9280283974018820e-02,2.0739897838350942e+01,2.0543021077929556e+01
branch0_seg48,1.9275362318840585e+00,5.7841772053526634e-02,5.7841784461509310e-02,1.9966052025461423e+01,1.9777616476533485e+01
branch0_seg48,2.0289855072463787e+00,5.6154964595889048e-02,5.6154982900026705e-02,1.8964947036783329e+01,1.8787802858832531e+01
branch0_seg48,2.1304347826086989e+00,5.4143687914195888e-02,5.4143706499342845e-02,1.7795972990432691e+01,1.7631976419707879e+01
branch0_seg48,2.2318840579710155e+00,5.1803946717090883e-02,5.1803967114980816e-02,1.6537742079379111e+01,1.6387559395215412e+01
branch0_seg48,2.3333333333333357e+00,4.9212779242661826e-02,4.9212797171024100e-02,1.5316145263982552e+01,1.5178731962216659e+01
branch0_seg48,2.4347826086956559e+00,4.6526341342546552e-02,4.6526355767523980e-02,1.4274467365048444e+01,1.4146983713982589e+01
branch0_seg48,2.5362318840579725e+00,4.3965850171830412e-02,4.3965858087184138e-02,1.3558850776574374e+01,1.3436715584824942e+01
branch0_seg48,2.6376811594202927e+00,4.1791543779903066e-02,4.1791543954637529e-02,1.3294137211350863e+01,1.3171429023094182e+01
branch0_seg48,2.7391304347826093e+00,4.0271845563908386e-02,4.0271836563788480e-02,1.3572782673372716e+01,1.3442704597739800e+01
branch0_seg48,2.8405797101449295e+00,3.9648312302474509e-02,3.9648294178135368e-02,1.4434926885388014e+01,1.4290548079460550e+01
branch0_seg48,2.9420289855072497e+00,4.0102559223097821e-02,4.0102532476841889e-02,1.5866778341469033e+01,1.5701728152259586e+01
branch0_seg48,3.0434782608695663e+00,4.1729002718147286e-02,4.1728969033555274e-02,1.7796782955975956e+01,1.7605986368223782e+01
branch0_seg48,3.1449275362318865e+00,4.4519053317846481e-02,4.4519014735494765e-02,2.0108320077156606e+01,1.9888503594020182e+01
branch0_seg48,3.2463768115942031e+00,4.8349406632889447e-02,4.8349366453572670e-02,2.2628217370099076e+01,2.2378563463107330e+01
branch0_seg48,3.3478260869565233e+00,5.2997213629829065e-02,5.2997173960593856e-02,2.5188862770728505e+01,2.4910719171572691e+01
branch0_seg48,3.4492753623188435e+00,5.8156516675814098e-02,5.8156481445340268e-02,2.7589072444178168e+01,2.7286258044750006e+01
branch0_seg48,3.5507246376811601e+00,6.3469382504928326e-02,6.3469353295357619e-02,2.9662133960161309e+01,2.9340233040527867e+01
branch0_seg48,3.6521739130434803e+00,6.8562014390053952e-02,6.8561993994091755e-02,3.1257496753061716e+01,3.0923507091222778e+01
branch0_seg48,3.7536231884058004e+00,7.3083175905365949e-02,7.3083164801551206e-02,3.2278952067816086e+01,3.1940426183484103e+01
branch0_seg48,3.8550724637681171e+00,7.6738075890136426e-02,7.6738074885902910e-02,3.2676891734182732e+01,3.2341321742462384e+01
branch0_seg48,3.9565217391304373e+00,7.9322387265912495e-02,7.9322394852148051e-02,3.2480066245442409e+01,3.2153889703676683e+01
branch0_seg48,4.0579710144927574e+00,8.0734657125613937e-02,8.0734672622578524e-02,3.1749798163510921e+01,3.1438185872223656e+01
branch0_seg48,4.1594202898550776e+00,8.0984264242099716e-02,8.0984284517310795e-02,3.0616311206147394e+01,3.0322432606777557e+01
branch0_seg48,4.2608695652173907e+00,8.0182799070995334e-02,8.0182822476116536e-02,2.9222406429048913e+01,2.8947552339619492e+01
branch0_seg48,4.3623188405797109e+00,7.8524867020623376e-02,7.8524890370732917e-02,2.7731396397562012e+01,2.7474900050641217e+01
branch0_seg48,4.4637681159420310e+00,7.6259465187856451e-02,7.6259486916105332e-02,2.6287358558883867e+01,2.6047044936629479e+01
branch0_seg48,4.5652173913043512e+00,7.3655763998066962e-02,7.3655782243498127e-02,2.5006359072037906e+01,2.4778997635203609e+01
branch0_seg48,4.6666666666666714e+00,7.0970768673403586e-02,7.0970782818401537e-02,2.3963981131301125e+01,2.3745851651338228e+01
branch0_seg48,4.7681159420289845e+00,6.8414232977026243e-02,6.8414243325167379e-02,2.3172584103655822e+01,2.2960282591993654e+01
branch0_seg48,4.8695652173913047e+00,6.6129180574165475e-02,6.6129187495014105e-02,2.2612731719603850e+01,2.2403474073599970e+01
branch0_seg48,4.9710144927536248e+00,6.4177949198998011e-02,6.4177954571333129e-02,2.2209575634283492e+01,2.2001832223779740e+01
branch0_seg48,5.0724637681159450e+00,6.2542590773520396e-02,6.2542595672971810e-02,2.1874411887179942e+01,2.1667927250642844e+01
branch0_seg48,5.1739130434782652e+00,6.1136142935914295e-02,6.1136149417058520e-02,2.1502176679628871e+01,2.1298066282908795e+01
branch0_seg48,5.2753623188405783e+00,5.9824053616994853e-02,5.9824062612706223e-02,2.1002538879428435e+01,2.0802960663325596e+01
branch0_seg48,5.3768115942028984e+00,5.8452207824244075e-02,5.8452220369507209e-02,2.0308474298271221e+01,2.0116246165682121e+01
branch0_seg48,5.4782608695652186e+00,5.6879363546035934e-02,5.6879379402797747e-02,1.9397706082135613e+01,1.9215663720009463e+01
branch0_seg48,5.5797101449275388e+00,5.5005343682982877e-02,5.5005362390773992e-02,1.8289176604459623e+01,1.8119658438478250e+01
branch0_seg48,5.6811594202898590e+00,5.2794953732953079e-02,5.2794973596537467e-02,1.7054256038439512e+01,1.6898461956135773e+01
branch0_seg48,5.7826086956521792e+00,5.0291778740755688e-02,5.0291797973751697e-02,1.5801167747623211e+01,1.5658785985191082e+01
branch0_seg48,5.8840579710144922e+00,4.7620734702688204e-02,4.7620750831893960e-02,1.4668091605213068e+01,1.4537016699605308e+01
branch0_seg48,5.9855072463768124e+00,4.4978963045558901e-02,4.4978973862728533e-02,1.3802670243446768e+01,1.3679003982572947e+01
branch0_seg48,6.0869565217391326e+00,4.2614419809521319e-02,4.2614423308536063e-02,1.3340845910842475e+01,1.3219155232158954e+01
branch0_seg48,6.1884057971014528e+00,4.0796216207471286e-02,4.0796211036204261e-02,1.3389637614450578e+01,1.3263412763977421e+01
branch0_seg48,6.2898550724637730e+00,3.9781115350492877e-02,3.9781100903156293e-02,1.4012460078160734e+01,1.3874731123931291e+01
branch0_seg48,6.3913043478260860e+00,3.9778878480914416e-02,3.9778855123272887e-02,1.5217260504503766e+01,1.5061343869408873e+01
branch0_seg48,6.4927536231884062e+00,4.0922234482172387e-02,4.0922203379893635e-02,1.6956147005307496e+01,1.6776356514047219e+01
branch0_seg48,6.5942028985507264e+00,4.3245581355432182e-02,4.3245544499096220e-02,1.9128435354936109e+01,1.8920719440923939e+01
branch0_seg48,6.6956521739130466e+00,4.6673566128373277e-02,4.6673526135806186e-02,2.1587315481111577e+01,2.1349766477640635e+01
branch0_seg48,6.7971014492753667e+00,5.1020555402667679e-02,5.1020515350854161e-02,2.4150738158347568e+01,2.3883914181752413e+01
branch0_seg48,6.8985507246376869e+00,5.6012362879862547e-02,5.6012325271548223e-02,2.6641873725182112e+01,2.6348517143597341e+01
branch0_seg48,7.0000000000000000e+00,6.1307658202383000e-02,6.1307626497695930e-02,2.8865595290865507e+01,2.8550714809118279e+01
branch0_seg49,0.0000000000000000e+00,6.1307626497695791e-02,6.1307595090012393e-02,2.8550714809118819e+01,2.8235707537572772e+01
branch0_seg49,1.0144927536232018e-01,6.5108476177469204e-02,6.5108552802405115e-02,2.6906128477894576e+01,2.6625376341865781e+01
branch0_seg49,2.0289855072464036e-01,7.0725681383044123e-02,7.0725376359373135e-02,3.5297840294509548e+01,3.4901632342865518e+01
branch0_seg49,3.0434782608695699e-01,7.4589613291603657e-02,7.4590043743703857e-02,2.8717946583331468e+01,2.8433013368281067e+01
branch0_seg49,4.0579710144927716e-01,7.7968504139756492e-02,7.7968006171110452e-02,3.4941611780943681e+01,3.4568187291812798e+01
branch0_seg49,5.0724637681159734e-01,8.0033084044004679e-02,8.0033578413742451e-02,3.0167573651144910e+01,2.9874708478789344e+01
branch0_seg49,6.0869565217391397e-01,8.0969228300404136e-02,8.0968830150103768e-02,3.2089441687136180e+01,3.1766978553355223e+01
branch0_seg49,7.1014492753623415e-01,8.0782141323481341e-02,8.0782489489754902e-02,2.9200293688583631e+01,2.8924267132170641e+01
branch0_seg49,8.1159420289855433e-01,7.9589517282936353e-02,7.9589302336596071e-02,2.8627421618624961e+01,2.8354645139066768e+01
branch0_seg49,9.1304347826087096e-01,7.7664782049245026e-02,7.7664967415858085e-02,2.6778668397520299e+01,2.6531548237108641e+01
branch0_seg49,1.0144927536231911e+00,7.5218744522094705e-02,7.5218660578864782e-02,2.5515252748728319e+01,2.5279570622733772e+01
branch0_seg49,1.1159420289855078e+00,7.2559902422360434e-02,7.2559981164090362e-02,2.4356369607323195e+01,2.4133269180723659e+01
branch0_seg49,1.2173913043478279e+00,6.9900913000867218e-02,6.9900891114599933e-02,2.3355768655076943e+01,2.3140464143179084e+01
branch0_seg49,1.3188405797101481e+00,6.7444876606983520e-02,6.7444902285044073e-02,2.2745955465852376e+01,2.2534793365599796e+01
branch0_seg49,1.4202898550724647e+00,6.5291711245216461e-02,6.5291710493188923e-02,2.2196141964285395e+01,2.1987763623029469e+01
branch0_seg49,1.5217391304347849e+00,6.3476484612040168e-02,6.3476491096837534e-02,2.1884282614373557e+01,2.1676700972527826e+01
branch0_seg49,1.6231884057971016e+00,6.1947977416864371e-02,6.1947983659144237e-02,2.1512980080462221e+01,2.1307300589665999e+01
branch0_seg49,1.7246376811594217e+00,6.0598227678604663e-02,6.0598233234499609e-02,2.1124483372151630e+01,2.0921718581110689e+01
branch0_seg49,1.8260869565217419e+00,5.9280283974018820e-02,5.9280296056047510e-02,2.0543021077929556e+01,2.0346048201740786e+01
branch0_seg49,1.9275362318840585e+00,5.7841784461509310e-02,5.7841796716299729e-02,1.9777616476533485e+01,1.9589086030207859e+01
branch0_seg49,2.0289855072463787e+00,5.6154982900026705e-02,5.6155000996809645e-02,1.8787802858832531e+01,1.8610568736543915e+01
branch0_seg49,2.1304347826086989e+00,5.4143706499342845e-02,5.4143724867921836e-02,1.7631976419707879e+01,1.7467894486767449e+01
branch0_seg49,2.2318840579710155e+00,5.1803967114980816e-02,5.1803987287711142e-02,1.6387559395215412e+01,1.6237296603918541e+01
branch0_seg49,2.3333333333333357e+00,4.9212797171024100e-02,4.9212814912021577e-02,1.5178731962216659e+01,1.5041243969564970e+01
branch0_seg49,2.4347826086956559e+00,4.6526355767523980e-02,4.6526370060365634e-02,1.4146983713982589e+01,1.4019429913372333e+01
branch0_seg49,2.5362318840579725e+00,4.3965858087184138e-02,4.3965865959537803e-02,1.3436715584824942e+01,1.3314513907630825e+01
branch0_seg49,2.6376811594202927e+00,4.1791543954637529e-02,4.1791544187932857e-02,1.3171429023094182e+01,1.3048656035711193e+01
branch0_seg49,2.7391304347826093e+00,4.0271836563788480e-02,4.0271827737308898e-02,1.3442704597739800e+01,1.3312561440256257e+01
branch0_seg49,2.8405797101449295e+00,3.9648294178135368e-02,3.9648276335384258e-02,1.4290548079460550e+01,1.4146101348309191e+01
branch0_seg49,2.9420289855072497e+00,4.0102532476841889e-02,4.0102506108164883e-02,1.5701728152259586e+01,1.5536604861975606e+01
branch0_seg49,3.0434782608695663e+00,4.1728969033555274e-02,4.1728935794397064e-02,1.7605986368223782e+01,1.7415109203458108e+01
branch0_seg49,3.1449275362318865e+00,4.4519014735494772e-02,4.4518976636099321e-02,1.9888503594020182e+01,1.9668597327872078e+01
branch0_seg49,3.2463768115942031e+00,4.8349366453572670e-02,4.8349326747982944e-02,2.2378563463107330e+01,2.2128809396456170e+01
branch0_seg49,3.3478260869565233e+00,5.2997173960593856e-02,5.2997134730726862e-02,2.4910719171572691e+01,2.4632464721646777e+01
branch0_seg49,3.4492753623188435e+00,5.8156481445340268e-02,5.8156446569722228e-02,2.7286258044750006e+01,2.6983322426685213e+01
branch0_seg49,3.5507246376811601e+00,6.3469353295357619e-02,6.3469324344726838e-02,2.9340233040527867e+01,2.9018201858907240e+01
branch0_seg49,3.6521739130434803e+00,6.8561993994091755e-02,6.8561973731903661e-02,3.0923507091222778e+01,3.0589379795499596e+01
branch0_seg49,3.7536231884058004e+00,7.3083164801551206e-02,7.3083153712954887e-02,3.1940426183484103e+01,3.1601757727598784e+01
branch0_seg49,3.8550724637681171e+00,7.6738074885902910e-02,7.6738073777065902e-02,3.2341321742462384e+01,3.2005606610722850e+01
branch0_seg49,3.9565217391304373e+00,7.9322394852148051e-02,7.9322402245040197e-02,3.2153889703676683e+01,3.1827568048820677e+01
branch0_seg49,4.0579710144927574e+00,8.0734672622578524e-02,8.0734687850577025e-02,3.1438185872223656e+01,3.1126430585931519e+01
branch0_seg49,4.1594202898550776e+00,8.0984284517310795e-02,8.0984304494285411e-02,3.0322432606777557e+01,3.0028415054248491e+01
branch0_seg49,4.2608695652173907e+00,8.0182822476116536e-02,8.0182845572234984e-02,2.8947552339619492e+01,2.8672564393319671e+01
branch0_seg49,4.3623188405797109e+00,7.8524890370732917e-02,7.8524913440876865e-02,2.7474900050641217e+01,2.7218275696818356e+01
branch0_seg49,4.4637681159420310e+00,7.6259486916105332e-02,7.6259508406049309e-02,2.6047044936629479e+01,2.5806609020923446e+01
branch0_seg49,4.5652173913043512e+00,7.3655782243498127e-02,7.3655800310599637e-02,2.4778997635203609e+01,2.4551519278031655e+01
branch0_seg49,4.6666666666666714e+00,7.0970782818401537e-02,7.0970796844857131e-02,2.3745851651338228e+01,2.3527609711583306e+01
branch0_seg49,4.7681159420289845e+00,6.8414243325167379e-02,6.8414253603943320e-02,2.2960282591993654e+01,2.2747872220586828e+01
branch0_seg49,4.8695652173913047e+00,6.6129187495014105e-02,6.6129194386144341e-02,2.2403474073599970e+01,2.2194110251904430e+01
branch0_seg49,4.9710144927536248e+00,6.4177954571333129e-02,6.4177959924731257e-02,2.2001832223779740e+01,2.1793984637445661e+01
branch0_seg49,5.0724637681159450e+00,6.2542595672971810e-02,6.2542600549984409e-02,2.1667927250642844e+01,2.1461340154240915e+01
branch0_seg49,5.1739130434782652e+00,6.1136149417058520e-02,6.1136155845137492e-02,2.1298066282908795e+01,2.1093855128102764e+01
branch0_seg49,5.2753623188405783e+00,5.9824062612706223e-02,5.9824071515957901e-02,2.0802960663325596e+01,2.0603283896493604e+01
branch0_seg49,5.3768115942028984e+00,5.8452220369507209e-02,5.8452232772353487e-02,2.0116246165682121e+01,1.9923922333826518e+01
branch0_seg49,5.4782608695652186e+00,5.6879379402797747e-02,5.6879395075288615e-02,1.9215663720009463e+01,1.9033529429621812e+01
branch0_seg49,5.5797101449275388e+00,5.5005362390773992e-02,5.5005380881582688e-02,1.8119658438478250e+01,1.7950052874891135e+01
branch0_seg49,5.6811594202898590e+00,5.2794973596537467e-02,5.2794993236156523e-02,1.6898461956135773e+01,1.6742585653997104e+01
branch0_seg49,5.7826086956521792e+00,5.0291797973751697e-02,5.0291816999744311e-02,1.5658785985191082e+01,1.5516327321390609e+01
branch0_seg49,5.8840579710144922e+00,4.7620750831893960e-02,4.7620766803381273e-02,1.4537016699605308e+01,1.4405869922646444e+01
branch0_seg49,5.9855072463768124e+00,4.4978973862728533e-02,4.4978984597593960e-02,1.3679003982572947e+01,1.3555269907623375e+01
branch0_seg49,6.0869565217391326e+00,4.2614423308536063e-02,4.2614426823238960e-02,1.3219155232158954e+01,1.3097399314252126e+01
branch0_seg49,6.1884057971014528e+00,4.0796211036204261e-02,4.0796205991101266e-02,1.3263412763977421e+01,1.3137123224285684e+01
branch0_seg49,6.2898550724637730e+00,3.9781100903156293e-02,3.9781086694774988e-02,1.3874731123931291e+01,1.3736935706289291e+01
branch0_seg49,6.3913043478260860e+00,3.9778855123272887e-02,3.9778832106379912e-02,1.5061343869408873e+01,1.4905356527667628e+01
branch0_seg49,6.4927536231884062e+00,4.0922203379893635e-02,4.0922172699267734e-02,1.6776356514047219e+01,1.6596488742213982e+01
branch0_seg49,6.5942028985507264e+00,4.3245544499096220e-02,4.3245508114299717e-02,1.8920719440923939e+01,1.8712917676476870e+01
branch0_seg49,6.6956521739130466e+00,4.6673526135806186e-02,4.6673486627143615e-02,2.1349766477640635e+01,2.1112121638775779e+01
branch0_seg49,6.7971014492753667e+00,5.1020515350854168e-02,5.1020475754062683e-02,2.3883914181752413e+01,2.3616983700785049e+01
branch0_seg49,6.8985507246376869e+00,5.6012325271548216e-02,5.6012288059843929e-02,2.6348517143597341e+01,2.6055043489683516e+01
branch0_seg49,7.0000000000000000e+00,6.1307626497695937e-02,6.1307595090012539e-02,2.8550714809118279e+01,2.8235707537572235e+01
branch0_seg50,0.0000000000000000e+00,6.1307595090012393e-02,6.1307563967545255e-02,2.8235707537572772e+01,2.7920774556102803e+01
branch0_seg50,1.0144927536232018e-01,6.5108552802405115e-02,6.5108628171034286e-02,2.6625376341865781e+01,2.6344692257807726e+01
branch0_seg50,2.0289855072464036e-01,7.0725376359373135e-02,7.0725075680050500e-02,3.4901632342865518e+01,3.4505529907352475e+01
branch0_seg50,3.0434782608695699e-01,7.4590043743703857e-02,7.4590467593492679e-02,2.8433013368281067e+01,2.8148121987176108e+01
branch0_seg50,4.0579710144927716e-01,7.7968006171110452e-02,7.7967515645497476e-02,3.4568187291812798e+01,3.4194909059714959e+01
branch0_seg50,5.0724637681159734e-01,8.0033578413742451e-02,8.0034065157755005e-02,2.9874708478789344e+01,2.9581852314328387e+01
branch0_seg50,6.0869565217391397e-01,8.0968830150103768e-02,8.0968438157144093e-02,3.1766978553355223e+01,3.1444679702280180e+01
branch0_seg50,7.1014492753623415e-01,8.0782489489754902e-02,8.0782832224448056e-02,2.8924267132170641e+01,2.8648240686179367e+01
branch0_seg50,8.1159420289855433e-01,7.9589302336596071e-02,7.9589090918630367e-02,2.8354645139066768e+01,2.8082017743950008e+01
branch0_seg50,9.1304347826087096e-01,7.7664967415858085e-02,7.7665149846805240e-02,2.6531548237108641e+01,2.6284440651356977e+01
branch0_seg50,1.0144927536231911e+00,7.5218660578864782e-02,7.5218578208829670e-02,2.5279570622733772e+01,2.5044007308942373e+01
branch0_seg50,1.1159420289855078e+00,7.2559981164090362e-02,7.2560058635271818e-02,2.4133269180723659e+01,2.3910199431533506e+01
branch0_seg50,1.2173913043478279e+00,6.9900891114599933e-02,6.9900869807507787e-02,2.3140464143179084e+01,2.2925251089563197e+01
branch0_seg50,1.3188405797101481e+00,6.7444902285044073e-02,6.7444927537306867e-02,2.2534793365599796e+01,2.2323676142183533e+01
branch0_seg50,1.4202898550724647e+00,6.5291710493188923e-02,6.5291709918746679e-02,2.1987763623029469e+01,2.1779459018802516e+01
branch0_seg50,1.5217391304347849e+00,6.3476491096837534e-02,6.3476497472456039e-02,2.1676700972527826e+01,2.1469172368169126e+01
branch0_seg50,1.6231884057971016e+00,6.1947983659144237e-02,6.1947989907395938e-02,2.1307300589665999e+01,2.1101685210204160e+01
branch0_seg50,1.7246376811594217e+00,6.0598233234499609e-02,6.0598238716762225e-02,2.0921718581110689e+01,2.0719009691889784e+01
branch0_seg50,1.8260869565217419e+00,5.9280296056047510e-02,5.9280308025536105e-02,2.0346048201740786e+01,2.0149133626029929e+01
branch0_seg50,1.9275362318840585e+00,5.7841796716299729e-02,5.7841808823443516e-02,1.9589086030207859e+01,1.9400610047965650e+01
branch0_seg50,2.0289855072463787e+00,5.6155000996809645e-02,5.6155018892378547e-02,1.8610568736543915e+01,1.8433387496643554e+01
branch0_seg50,2.1304347826086989e+00,5.4143724867921836e-02,5.4143743027165243e-02,1.7467894486767449e+01,1.7303862392542513e+01
branch0_seg50,2.2318840579710155e+00,5.1803987287711142e-02,5.1804007242605074e-02,1.6237296603918541e+01,1.6087080560564115e+01
branch0_seg50,2.3333333333333357e+00,4.9212814912021577e-02,4.9212832472420046e-02,1.5041243969564970e+01,1.4903799848711264e+01
branch0_seg50,2.4347826086956559e+00,4.6526370060365634e-02,4.6526384226382299e-02,1.4019429913372333e+01,1.3891917153799096e+01
branch0_seg50,2.5362318840579725e+00,4.3965865959537803e-02,4.3965873791910887e-02,1.3314513907630825e+01,1.3192351439100523e+01
branch0_seg50,2.6376811594202927e+00,4.1791544187932857e-02,4.1791544479928999e-02,1.3048656035711193e+01,1.2925921176641006e+01
branch0_seg50,2.7391304347826093e+00,4.0271827737308898e-02,4.0271819081247467e-02,1.3312561440256257e+01,1.3182456783788709e+01
branch0_seg50,2.8405797101449295e+00,3.9648276335384258e-02,3.9648258767634122e-02,1.4146101348309191e+01,1.4001694735220434e+01
branch0_seg50,2.9420289855072497e+00,4.0102506108164883e-02,4.0102480107284483e-02,1.5536604861975606e+01,1.5371524818293539e+01
branch0_seg50,3.0434782608695663e+00,4.1728935794397064e-02,4.1728902988318800e-02,1.7415109203458108e+01,1.7224279607223654e+01
branch0_seg50,3.1449275362318865e+00,4.4518976636099321e-02,4.4518939005464504e-02,1.9668597327872078e+01,1.9448744032379935e+01
branch0_seg50,3.2463768115942031e+00,4.8349326747982944e-02,4.8349287501305654e-02,2.2128809396456170e+01,2.1879114261439053e+01
branch0_seg50,3.3478260869565233e+00,5.2997134730726862e-02,5.2997095925558090e-02,2.4632464721646777e+01,2.4354275466390870e+01
branch0_seg50,3.4492753623188435e+00,5.8156446569722228e-02,5.8156412035895451e-02,2.6983322426685213e+01,2.6680457871115024e+01
branch0_seg50,3.5507246376811601e+00,6.3469324344726838e-02,6.3469295642150786e-02,2.9018201858907240e+01,2.8696247062799699e+01
branch0_seg50,3.6521739130434803e+00,6.8561973731903661e-02,6.8561953595840525e-02,3.0589379795499596e+01,3.0255332978210404e+01
branch0_seg50,3.7536231884058004e+00,7.3083153712954887e-02,7.3083142635329196e-02,3.1601757727598784e+01,3.1263172684119223e+01
branch0_seg50,3.8550724637681171e+00,7.6738073777065902e-02,7.6738072563113144e-02,3.2005606610722850e+01,3.1669976225954827e+01
branch0_seg50,3.9565217391304373e+00,7.9322402245040197e-02,7.9322409447243877e-02,3.1827568048820677e+01,3.1501331210713218e+01
branch0_seg50,4.0579710144927574e+00,8.0734687850577025e-02,8.0734702815215040e-02,3.1126430585931519e+01,3.0814758754420033e+01
branch0_seg50,4.1594202898550776e+00,8.0984304494285411e-02,8.0984324180408809e-02,3.0028415054248491e+01,2.9734478747457143e+01
branch0_seg50,4.2608695652173907e+00,8.0182845572234984e-02,8.0182868367937116e-02,2.8672564393319671e+01,2.8397654623439788e+01
branch0_seg50,4.3623188405797109e+00,7.8524913440876865e-02,7.8524936239642781e-02,2.7218275696818356e+01,2.6961726277411856e+01
branch0_seg50,4.4637681159420310e+00,7.6259508406049309e-02,7.6259529665723205e-02,2.5806609020923446e+01,2.5566244640711076e+01
branch0_seg50,4.5652173913043512e+00,7.3655800310599637e-02,7.3655818206134496e-02,2.4551519278031655e+01,2.4324109452511127e+01
branch0_seg50,4.6666666666666714e+00,7.0970796844857131e-02,7.0970810758051298e-02,2.3527609711583306e+01,2.3309433659764647e+01
branch0_seg50,4.7681159420289845e+00,6.8414253603943320e-02,6.8414263817232493e-02,2.2747872220586828e+01,2.2535525672416750e+01
branch0_seg50,4.8695652173913047e+00,6.6129194386144341e-02,6.6129201250178765e-02,2.2194110251904430e+01,2.1984808679087024e+01
branch0_seg50,4.9710144927536248e+00,6.4177959924731257e-02,6.4177965261231179e-02,2.1793984637445661e+01,2.1586198066953944e+01
branch0_seg50,5.0724637681159450e+00,6.2542600549984409e-02,6.2542605406411392e-02,2.1461340154240915e+01,2.1254813083118190e+01
branch0_seg50,5.1739130434782652e+00,6.1136155845137492e-02,6.1136162222574016e-02,2.1093855128102764e+01,2.0889702893593139e+01
branch0_seg50,5.2753623188405783e+00,5.9824071515957901e-02,5.9824080330082199e-02,2.0603283896493604e+01,2.0403664776373244e+01
branch0_seg50,5.3768115942028984e+00,5.8452232772353487e-02,5.8452245037418436e-02,1.9923922333826518e+01,1.9731654391051681e+01
branch0_seg50,5.4782608695652186e+00,5.6879395075288615e-02,5.6879410569355110e-02,1.9033529429621812e+01,1.8851448859767430e+01
branch0_seg50,5.5797101449275388e+00,5.5005380881582688e-02,5.5005399162314374e-02,1.7950052874891135e+01,1.7780498342083757e+01
branch0_seg50,5.6811594202898590e+00,5.2794993236156523e-02,5.2795012659145366e-02,1.6742585653997104e+01,1.6586757432021461e+01
branch0_seg50,5.7826086956521792e+00,5.0291816999744318e-02,5.0291835825855856e-02,1.5516327321390609e+01,1.5373913643023128e+01
branch0_seg50,5.8840579710144922e+00,4.7620766803381273e-02,4.7620782623141122e-02,1.4405869922646444e+01,1.4274765299131500e+01
branch0_seg50,5.9855072463768124e+00,4.4978984597593960e-02,4.4978995254210820e-02,1.3555269907623375e+01,1.3431575670353004e+01
branch0_seg50,6.0869565217391326e+00,4.2614426823238960e-02,4.2614430354999552e-02,1.3097399314252126e+01,1.2975681833925195e+01
branch0_seg50,6.1884057971014528e+00,4.0796205991101266e-02,4.0796201070349120e-02,1.3137123224285684e+01,1.3010871865316689e+01
branch0_seg50,6.2898550724637730e+00,3.9781086694774988e-02,3.9781072720115968e-02,1.3736935706289291e+01,1.3599179578969851e+01
branch0_seg50,6.3913043478260860e+00,3.9778832106379912e-02,3.9778809421712517e-02,1.4905356527667628e+01,1.4749410989192032e+01
branch0_seg50,6.4927536231884062e+00,4.0922172699267734e-02,4.0922142428898099e-02,1.6596488742213982e+01,1.6416666639143727e+01
branch0_seg50,6.5942028985507264e+00,4.3245508114299717e-02,4.3245472187499925e-02,1.8712917676476870e+01,1.8505166573292723e+01
branch0_seg50,6.6956521739130466e+00,4.6673486627143615e-02,4.6673447587652149e-02,2.1112121638775779e+01,2.0874533260712798e+01
branch0_seg50,6.7971014492753667e+00,5.1020475754062683e-02,5.1020436597500475e-02,2.3616983700785049e+01,2.3350115846975793e+01
branch0_seg50,6.8985507246376869e+00,5.6012288059843936e-02,5.6012251230819751e-02,2.6055043489683516e+01,2.5761638592541875e+01
branch0_seg50,7.0000000000000000e+00,6.1307595090012532e-02,6.1307563967545387e-02,2.8235707537572235e+01,2.7920774556102280e+01
branch0_seg51,0.0000000000000000e+00,6.1307563967545255e-02,6.1307533131338424e-02,2.7920774556102803e+01,2.7605897950225341e+01
branch0_seg51,1.0144927536232018e-01,6.5108628171034286e-02,6.5108702280811753e-02,2.6344692257807726e+01,2.6064059043493462e+01
branch0_seg51,2.0289855072464036e-01,7.0725075680050500e-02,7.0724779354851150e-02,3.4505529907352475e+01,3.4109511014947486e+01
branch0_seg51,3.0434782608695699e-01,7.4590467593492679e-02,7.4590884828176718e-02,2.8148121987176108e+01,2.7863254466978532e+01
branch0_seg51,4.0579710144927716e-01,7.7967515645497476e-02,7.7967032575782386e-02,3.4194909059714959e+01,3.3821754375418664e+01
branch0_seg51,5.0724637681159734e-01,8.0034065157755005e-02,8.0034544265975865e-02,2.9581852314328387e+01,2.9288986850399869e+01
branch0_seg51,6.0869565217391397e-01,8.0968438157144093e-02,8.0968052325650144e-02,3.1444679702280180e+01,3.1122523377397162e+01
branch0_seg51,7.1014492753623415e-01,8.0782832224448056e-02,8.0783169527172072e-02,2.8648240686179367e+01,2.8372196640411445e+01
branch0_seg51,8.1159420289855433e-01,7.9589090918630367e-02,7.9588883023779700e-02,2.8082017743950008e+01,2.7809519593374109e+01
branch0_seg51,9.1304347826087096e-01,7.7665149846805240e-02,7.7665329348495127e-02,2.6284440651356977e+01,2.6037328997358703e+01
branch0_seg51,1.0144927536231911e+00,7.5218578208829670e-02,7.5218497402870718e-02,2.5044007308942373e+01,2.4808545069876356e+01
branch0_seg51,1.1159420289855078e+00,7.2560058635271818e-02,7.2560134843907678e-02,2.3910199431533506e+01,2.3687144756735389e+01
branch0_seg51,1.2173913043478279e+00,6.9900869807507787e-02,6.9900849071322282e-02,2.2925251089563197e+01,2.2710113411492017e+01
branch0_seg51,1.3188405797101481e+00,6.7444927537306867e-02,6.7444952370215791e-02,2.2323676142183533e+01,2.2112588910851734e+01
branch0_seg51,1.4202898550724647e+00,6.5291709918746679e-02,6.5291709516251600e-02,2.1779459018802516e+01,2.1571213083913904e+01
branch0_seg51,1.5217391304347849e+00,6.3476497472456039e-02,6.3476503742933787e-02,2.1469172368169126e+01,2.1261682337059540e+01
branch0_seg51,1.6231884057971016e+00,6.1947989907395938e-02,6.1947996158344655e-02,2.1101685210204160e+01,2.0896119492478768e+01
branch0_seg51,1.7246376811594217e+00,6.0598238716762225e-02,6.0598244127356468e-02,2.0719009691889784e+01,2.0516342659654306e+01
branch0_seg51,1.8260869565217419e+00,5.9280308025536105e-02,5.9280319880629255e-02,2.0149133626029929e+01,1.9952263569676273e+01
branch0_seg51,1.9275362318840585e+00,5.7841808823443516e-02,5.7841820783478520e-02,1.9400610047965650e+01,1.9212175252756040e+01
branch0_seg51,2.0289855072463787e+00,5.6155018892378547e-02,5.6155036585526730e-02,1.8433387496643554e+01,1.8256246412677463e+01
branch0_seg51,2.1304347826086989e+00,5.4143743027165243e-02,5.4143760976820360e-02,1.7303862392542513e+01,1.7139868103744863e+01
branch0_seg51,2.2318840579710155e+00,5.1804007242605074e-02,5.1804026978775466e-02,1.6087080560564115e+01,1.5936899965829520e+01
branch0_seg51,2.3333333333333357e+00,4.9212832472420046e-02,4.9212849851744178e-02,1.4903799848711264e+01,1.4766389039462796e+01
branch0_seg51,2.4347826086956559e+00,4.6526384226382299e-02,4.6526398265040764e-02,1.3891917153799096e+01,1.3764435528065196e+01
branch0_seg51,2.5362318840579725e+00,4.3965873791910887e-02,4.3965881584075606e-02,1.3192351439100523e+01,1.3070218758547362e+01
branch0_seg51,2.6376811594202927e+00,4.1791544479928999e-02,4.1791544830619504e-02,1.2925921176641006e+01,1.2803215269075583e+01
branch0_seg51,2.7391304347826093e+00,4.0271819081247467e-02,4.0271810595914823e-02,1.3182456783788709e+01,1.3052381389639949e+01
branch0_seg51,2.8405797101449295e+00,3.9648258767634122e-02,3.9648241475499807e-02,1.4001694735220434e+01,1.3857318602045169e+01
branch0_seg51,2.9420289855072497e+00,4.0102480107284483e-02,4.0102454475094494e-02,1.5371524818293539e+01,1.5206477640625158e+01
branch0_seg51,3.0434782608695663e+00,4.1728902988318800e-02,4.1728870616450156e-02,1.7224279607223654e+01,1.7033486146987975e+01
branch0_seg51,3.1449275362318865e+00,4.4518939005464504e-02,4.4518901844872186e-02,1.9448744032379935e+01,1.9228930973135480e+01
branch0_seg51,3.2463768115942031e+00,4.8349287501305654e-02,4.8349248714878598e-02,2.1879114261439053e+01,2.1629463870349532e+01
branch0_seg51,3.3478260869565233e+00,5.2997095925558090e-02,5.2997057546397108e-02,2.4354275466390870e+01,2.4076135710471792e+01
branch0_seg51,3.4492753623188435e+00,5.8156412035895451e-02,5.8156377845026294e-02,2.6680457871115024e+01,2.6377647243285363e+01
branch0_seg51,3.5507246376811601e+00,6.3469295642150786e-02,6.3469267188582049e-02,2.8696247062799699e+01,2.8374350243986374e+01
branch0_seg51,3.6521739130434803e+00,6.8561953595840525e-02,6.8561933586571436e-02,3.0255332978210404e+01,2.9921347220279713e+01
branch0_seg51,3.7536231884058004e+00,7.3083142635329196e-02,7.3083131569019938e-02,3.1263172684119223e+01,3.0924650940938712e+01
branch0_seg51,3.8550724637681171e+00,7.6738072563113144e-02,7.6738071244068146e-02,3.1669976225954827e+01,3.1334410138539944e+01
branch0_seg51,3.9565217391304373e+00,7.9322409447243877e-02,7.9322416458485048e-02,3.1501331210713218e+01,3.1175158742038324e+01
branch0_seg51,4.0579710144927574e+00,8.0734702815215040e-02,8.0734717515971499e-02,3.0814758754420033e+01,3.0503150246792480e+01
branch0_seg51,4.1594202898550776e+00,8.0984324180408809e-02,8.0984343574990583e-02,2.9734478747457143e+01,2.9440604113347611e+01
branch0_seg51,4.2608695652173907e+00,8.0182868367937116e-02,8.0182890862446676e-02,2.8397654623439788e+01,2.8122804185626197e+01
branch0_seg51,4.3623188405797109e+00,7.8524936239642781e-02,7.8524958766245462e-02,2.6961726277411856e+01,2.6705233754305301e+01
branch0_seg51,4.4637681159420310e+00,7.6259529665723205e-02,7.6259550694413841e-02,2.5566244640711076e+01,2.5325934567016123e+01
branch0_seg51,4.5652173913043512e+00,7.3655818206134496e-02,7.3655835929494540e-02,2.4324109452511127e+01,2.4096751670190301e+01
branch0_seg51,4.6666666666666714e+00,7.0970810758051298e-02,7.0970824557526554e-02,2.3309433659764647e+01,2.3091307636161460e+01
branch0_seg51,4.7681159420289845e+00,6.8414263817232493e-02,6.8414273964694572e-02,2.2535525672416750e+01,2.2323227587442240e+01
branch0_seg51,4.8695652173913047e+00,6.6129201250178765e-02,6.6129208086898220e-02,2.1984808679087024e+01,2.1775554370484087e+01
branch0_seg51,4.9710144927536248e+00,6.4177965261231179e-02,6.4177970580660493e-02,2.1586198066953944e+01,2.1378457812776656e+01
branch0_seg51,5.0724637681159450e+00,6.2542605406411392e-02,6.2542610242095370e-02,2.1254813083118190e+01,2.1048331575876674e+01
branch0_seg51,5.1739130434782652e+00,6.1136162222574016e-02,6.1136168549158626e-02,2.0889702893593139e+01,2.0685595366883415e+01
branch0_seg51,5.2753623188405783e+00,5.9824080330082199e-02,5.9824089054780288e-02,2.0403664776373244e+01,2.0204089398563418e+01
branch0_seg51,5.3768115942028984e+00,5.8452245037418436e-02,5.8452257164289381e-02,1.9731654391051681e+01,1.9539428842979426e+01
branch0_seg51,5.4782608695652186e+00,5.6879410569355110e-02,5.6879425884467996e-02,1.8851448859767430e+01,1.8669409043357902e+01
branch0_seg51,5.5797101449275388e+00,5.5005399162314374e-02,5.5005417232351098e-02,1.7780498342083757e+01,1.7610982515146009e+01
branch0_seg51,5.6811594202898590e+00,5.2795012659145366e-02,5.2795031864842711e-02,1.6586757432021461e+01,1.6430965686929557e+01
branch0_seg51,5.7826086956521792e+00,5.0291835825855856e-02,5.0291854451453018e-02,1.5373913643023128e+01,1.5231534094315432e+01
branch0_seg51,5.8840579710144922e+00,4.7620782623141122e-02,4.7620798290640108e-02,1.4274765299131500e+01,1.4143692670495987e+01
branch0_seg51,5.9855072463768124e+00,4.4978995254210820e-02,4.4979005832228927e-02,1.3431575670353004e+01,1.3307911677250964e+01
branch0_seg51,6.0869565217391326e+00,4.2614430354999552e-02,4.2614433903708553e-02,1.2975681833925195e+01,1.2853993548479442e+01
branch0_seg51,6.1884057971014528e+00,4.0796201070349120e-02,4.0796196274131100e-02,1.3010871865316689e+01,1.2884649513411357e+01
branch0_seg51,6.2898550724637730e+00,3.9781072720115968e-02,3.9781058979668424e-02,1.3599179578969851e+01,1.3461453308506766e+01
branch0_seg51,6.3913043478260860e+00,3.9778809421712517e-02,3.9778787070057227e-02,1.4749410989192032e+01,1.4593497216353526e+01
branch0_seg51,6.4927536231884062e+00,4.0922142428898099e-02,4.0922112569825114e-02,1.6416666639143727e+01,1.6236879235404555e+01
branch0_seg51,6.5942028985507264e+00,4.3245472187499925e-02,4.3245436719926825e-02,1.8505166573292723e+01,1.8297453953128347e+01
branch0_seg51,6.6956521739130466e+00,4.6673447587652149e-02,4.6673409018661335e-02,2.0874533260712798e+01,2.0636987759855494e+01
branch0_seg51,6.7971014492753667e+00,5.1020436597500475e-02,5.1020397882495648e-02,2.3350115846975793e+01,2.3083295539794598e+01
branch0_seg51,6.8985507246376869e+00,5.6012251230819751e-02,5.6012214785717329e-02,2.5761638592541875e+01,2.5468285888703573e+01
branch0_seg51,7.0000000000000000e+00,6.1307563967545387e-02,6.1307533131338562e-02,2.7920774556102280e+01,2.7605897950224829e+01
branch0_seg52,0.0000000000000000e+00,6.1307533131338424e-02,6.1307502586124850e-02,2.7605897950225341e+01,2.7290995527418982e+01
branch0_seg52,1.0144927536232018e-01,6.5108702280811753e-02,6.5108775120670911e-02,2.6064059043493462e+01,2.5783397625974214e+01
branch0_seg52,2.0289855072464036e-01,7.0724779354851150e-02,7.0724487428033112e-02,3.4109511014947486e+01,3.3713475641977020e+01
branch0_seg52,3.0434782608695699e-01,7.4590884828176718e-02,7.4591295386671766e-02,2.7863254466978532e+01,2.7578326260231304e+01
branch0_seg52,4.0579710144927716e-01,7.7967032575782386e-02,7.7966557030898428e-02,3.3821754375418664e+01,3.3448622001354003e+01
branch0_seg52,5.0724637681159734e-01,8.0034544265975865e-02,8.0035015672809753e-02,2.9288986850399869e+01,2.8996023852868163e+01
branch0_seg52,6.0869565217391397e-01,8.0968052325650144e-02,8.0967672704544177e-02,3.1122523377397162e+01,3.0800414021795262e+01
branch0_seg52,7.1014492753623415e-01,8.0783169527172072e-02,8.0783501358331289e-02,2.8372196640411445e+01,2.8096049021879871e+01
branch0_seg52,8.1159420289855433e-01,7.9588883023779700e-02,7.9588678670970275e-02,2.7809519593374109e+01,2.7537063545993544e+01
branch0_seg52,9.1304347826087096e-01,7.7665329348495127e-02,7.7665505906347548e-02,2.6037328997358703e+01,2.5790133177248713e+01
branch0_seg52,1.0144927536231911e+00,7.5218497402870718e-02,7.5218418161314901e-02,2.4808545069876356e+01,2.4573105185922000e+01
branch0_seg52,1.1159420289855078e+00,7.2560134843907678e-02,7.2560209788981367e-02,2.3687144756735389e+01,2.3464031204439472e+01
branch0_seg52,1.2173913043478279e+00,6.9900849071322282e-02,6.9900828900233664e-02,2.2710113411492017e+01,2.2494978797443011e+01
branch0_seg52,1.3188405797101481e+00,6.7444952370215791e-02,6.7444976787191316e-02,2.2112588910851734e+01,2.1901462113448190e+01
branch0_seg52,1.4202898550724647e+00,6.5291709516251600e-02,6.5291709280143967e-02,2.1571213083913904e+01,2.1362957368806640e+01
branch0_seg52,1.5217391304347849e+00,6.3476503742933787e-02,6.3476509911487566e-02,2.1261682337059540e+01,2.1054163917763766e+01
branch0_seg52,1.6231884057971016e+00,6.1947996158344655e-02,6.1948002408003987e-02,2.0896119492478768e+01,2.0690537394669011e+01
branch0_seg52,1.7246376811594217e+00,6.0598244127356468e-02,6.0598249467559991e-02,2.0516342659654306e+01,2.0313652782951472e+01
branch0_seg52,1.8260869565217419e+00,5.9280319880629255e-02,5.9280331618091715e-02,1.9952263569676273e+01,1.9755374864832845e+01
branch0_seg52,1.9275362318840585e+00,5.7841820783478520e-02,5.7841832595509381e-02,1.9212175252756040e+01,1.9023720613335282e+01
branch0_seg52,2.0289855072463787e+00,5.6155036585526730e-02,5.6155054072969057e-02,1.8256246412677463e+01,1.8079087087199536e+01
branch0_seg52,2.1304347826086989e+00,5.4143760976820360e-02,5.4143778714502308e-02,1.7139868103744863e+01,1.6975856360152086e+01
branch0_seg52,2.2318840579710155e+00,5.1804026978775466e-02,5.1804046493000043e-02,1.5936899965829520e+01,1.5786702962145796e+01
branch0_seg52,2.3333333333333357e+00,4.9212849851744178e-02,4.9212867047445506e-02,1.4766389039462796e+01,1.4628963077882439e+01
branch0_seg52,2.4347826086956559e+00,4.6526398265040764e-02,4.6526412174125550e-02,1.3764435528065196e+01,1.3636939584929619e+01
branch0_seg52,2.5362318840579725e+00,4.3965881584075606e-02,4.3965889334848095e-02,1.3070218758547362e+01,1.2948072661655472e+01
branch0_seg52,2.6376811594202927e+00,4.1791544830619504e-02,4.1791545239915906e-02,1.2803215269075583e+01,1.2680496240675218e+01
branch0_seg52,2.7391304347826093e+00,4.0271810595914816e-02,4.0271802282578539e-02,1.3052381389639949e+01,1.2922292917455994e+01
branch0_seg52,2.8405797101449295e+00,3.9648241475499807e-02,3.9648224461594592e-02,1.3857318602045169e+01,1.3712928786750096e+01
branch0_seg52,2.9420289855072497e+00,4.0102454475094494e-02,4.0102429215477110e-02,1.5206477640625158e+01,1.5041415772829094e+01
branch0_seg52,3.0434782608695663e+00,4.1728870616450156e-02,4.1728838683715463e-02,1.7033486146987975e+01,1.6842676445673607e+01
branch0_seg52,3.1449275362318865e+00,4.4518901844872186e-02,4.4518865159977980e-02,1.9228930973135480e+01,1.9009099802142924e+01
branch0_seg52,3.2463768115942031e+00,4.8349248714878598e-02,4.8349210394622914e-02,2.1629463870349532e+01,2.1379793197957536e+01
branch0_seg52,3.3478260869565233e+00,5.2997057546397108e-02,5.2997019599105681e-02,2.4076135710471792e+01,2.3797973496712121e+01
branch0_seg52,3.4492753623188435e+00,5.8156377845026294e-02,5.8156344002357072e-02,2.6377647243285363e+01,2.6074811949193666e+01
branch0_seg52,3.5507246376811601e+00,6.3469267188582049e-02,6.3469238988385634e-02,2.8374350243986374e+01,2.8052426931397573e+01
branch0_seg52,3.6521739130434803e+00,6.8561933586571436e-02,6.8561913707192210e-02,2.9921347220279713e+01,2.9587333362137059e+01
branch0_seg52,3.7536231884058004e+00,7.3083131569019938e-02,7.3083120515748806e-02,3.0924650940938712e+01,3.0586100114690229e+01
branch0_seg52,3.8550724637681171e+00,7.6738071244068146e-02,7.6738069820179777e-02,3.1334410138539944e+01,3.0998814366706387e+01
branch0_seg52,3.9565217391304373e+00,7.9322416458485048e-02,7.9322423277724902e-02,3.1175158742038324e+01,3.0848956637843116e+01
branch0_seg52,4.0579710144927574e+00,8.0734717515971499e-02,8.0734731950642888e-02,3.0503150246792480e+01,3.0191512479116987e+01
branch0_seg52,4.1594202898550776e+00,8.0984343574990583e-02,8.0984362675088670e-02,2.9440604113347611e+01,2.9146701119314343e+01
branch0_seg52,4.2608695652173907e+00,8.0182890862446676e-02,8.0182913052354365e-02,2.8122804185626197e+01,2.7847926386158967e+01
branch0_seg52,4.3623188405797109e+00,7.8524958766245462e-02,7.8524981017246101e-02,2.6705233754305301e+01,2.6448715148913770e+01
branch0_seg52,4.4637681159420310e+00,7.6259550694413841e-02,7.6259571488916877e-02,2.5325934567016123e+01,2.5085599548988860e+01
branch0_seg52,4.5652173913043512e+00,7.3655835929494540e-02,7.3655853477958749e-02,2.4096751670190301e+01,2.3869370105137200e+01
branch0_seg52,4.6666666666666714e+00,7.0970824557526554e-02,7.0970838241167636e-02,2.3091307636161460e+01,2.2873158722191064e+01
branch0_seg52,4.7681159420289845e+00,6.8414273964694572e-02,6.8414284044759369e-02,2.2323227587442240e+01,2.2110907364741397e+01
branch0_seg52,4.8695652173913047e+00,6.6129208086898220e-02,6.6129214895244287e-02,2.1775554370484087e+01,2.1566278468412609e+01
branch0_seg52,4.9710144927536248e+00,6.4177970580660493e-02,6.4177975882191193e-02,2.1378457812776656e+01,2.1170696341528899e+01
branch0_seg52,5.0724637681159450e+00,6.2542610242095370e-02,6.2542615056285819e-02,2.1048331575876674e+01,2.0841829206876813e+01
branch0_seg52,5.1739130434782652e+00,6.1136168549158626e-02,6.1136174823920107e-02,2.0685595366883415e+01,2.0481467272227640e+01
branch0_seg52,5.2753623188405783e+00,5.9824089054780288e-02,5.9824097688714620e-02,2.0204089398563418e+01,2.0004493910789229e+01
branch0_seg52,5.3768115942028984e+00,5.8452257164289381e-02,5.8452269151118091e-02,1.9539428842979426e+01,1.9347183723206374e+01
branch0_seg52,5.4782608695652186e+00,5.6879425884467996e-02,5.6879441018287819e-02,1.8669409043357902e+01,1.8487350441944123e+01
branch0_seg52,5.5797101449275388e+00,5.5005417232351105e-02,5.5005435088938362e-02,1.7610982515146009e+01,1.7441448808302752e+01
branch0_seg52,5.6811594202898590e+00,5.2795031864842711e-02,5.2795050850312025e-02,1.6430965686929557e+01,1.6275157155331645e+01
branch0_seg52,5.7826086956521792e+00,5.0291854451453018e-02,5.0291872873688921e-02,1.5231534094315432e+01,1.5089138851772669e+01
branch0_seg52,5.8840579710144922e+00,4.7620798290640108e-02,4.7620813803471926e-02,1.4143692670495987e+01,1.4012605426725429e+01
branch0_seg52,5.9855072463768124e+00,4.4979005832228927e-02,4.4979016330017434e-02,1.3307911677250964e+01,1.3184233924065058e+01
branch0_seg52,6.0869565217391326e+00,4.2614433903708553e-02,4.2614437468798678e-02,1.2853993548479442e+01,1.2732292078578807e+01
branch0_seg52,6.1884057971014528e+00,4.0796196274131100e-02,4.0796191603153106e-02,1.2884649513411357e+01,1.2758414119803435e+01
branch0_seg52,6.2898550724637730e+00,3.9781058979668424e-02,3.9781045475499460e-02,1.3461453308506766e+01,1.3323713667966903e+01
branch0_seg52,6.3913043478260860e+00,3.9778787070057227e-02,3.9778765054798916e-02,1.4593497216353526e+01,1.4437569221652181e+01
branch0_seg52,6.4927536231884062e+00,4.0922112569825114e-02,4.0922083126582298e-02,1.6236879235404555e+01,1.6057076277220560e+01
branch0_seg52,6.5942028985507264e+00,4.3245436719926818e-02,4.3245401716978292e-02,1.8297453953128347e+01,1.8089724019467713e+01
branch0_seg52,6.6956521739130466e+00,4.6673409018661342e-02,4.6673370926050797e-02,2.0636987759855494e+01,2.0399422888090371e+01
branch0_seg52,6.7971014492753667e+00,5.1020397882495641e-02,5.1020359614961569e-02,2.3083295539794598e+01,2.2816453649357708e+01
branch0_seg52,6.8985507246376869e+00,5.6012214785717329e-02,5.6012178730112702e-02,2.5468285888703573e+01,2.5174909421259379e+01
branch0_seg52,7.0000000000000000e+00,6.1307533131338562e-02,6.1307502586124989e-02,2.7605897950224829e+01,2.7290995527418481e+01
branch0_seg53,0.0000000000000000e+00,6.1307502586124850e-02,6.1307472359971270e-02,2.7290995527418982e+01,2.6975572337734711e+01
branch0_seg53,1.0144927536232018e-01,6.5108775120670911e-02,6.5108846625999542e-02,2.5783397625974214e+01,2.5502231163179328e+01
branch0_seg53,2.0289855072464036e-01,7.0724487428033112e-02,7.0724200160945619e-02,3.3713475641977020e+01,3.3316822373373888e+01
branch0_seg53,3.0434782608695699e-01,7.4591295386671766e-02,7.4591698904265910e-02,2.7578326260231304e+01,2.7292824405513997e+01
branch0_seg53,4.0579710144927716e-01,7.7966557030898428e-02,7.7966089432289651e-02,3.3448622001354003e+01,3.3074905705118034e+01
branch0_seg53,5.0724637681159734e-01,8.0035015672809753e-02,8.0035478963915344e-02,2.8996023852868163e+01,2.8702424793196542e+01
branch0_seg53,6.0869565217391397e-01,8.0967672704544177e-02,8.0967299623772387e-02,3.0800414021795262e+01,3.0477781042319215e+01
branch0_seg53,7.1014492753623415e-01,8.0783501358331289e-02,8.0783827432662686e-02,2.8096049021879871e+01,2.7819272129852447e+01
branch0_seg53,8.1159420289855433e-01,7.9588678670970275e-02,7.9588478030118329e-02,2.7537063545993544e+01,2.7264129047941431e+01
branch0_seg53,9.1304347826087096e-01,7.7665505906347548e-02,7.7665679374827268e-02,2.5790133177248713e+01,2.5542364354835758e+01
branch0_seg53,1.0144927536231911e+00,7.5218418161314901e-02,7.5218340542754003e-02,2.4573105185922000e+01,2.4337216235713509e+01
branch0_seg53,1.1159420289855078e+00,7.2560209788981367e-02,7.2560283413646232e-02,2.3464031204439472e+01,2.3240409125174857e+01
branch0_seg53,1.2173913043478279e+00,6.9900828900233664e-02,6.9900809302997871e-02,2.2494978797443011e+01,2.2279412996397848e+01
branch0_seg53,1.3188405797101481e+00,6.7444976787191316e-02,6.7445000773263333e-02,2.1901462113448190e+01,2.1689874364108153e+01
branch0_seg53,1.4202898550724647e+00,6.5291709280143967e-02,6.5291709204770149e-02,2.1362957368806640e+01,2.1154279996766661e+01
branch0_seg53,1.5217391304347849e+00,6.3476509911487566e-02,6.3476515976538250e-02,2.1054163917763766e+01,2.0846212503898727e+01
branch0_seg53,1.6231884057971016e+00,6.1948002408003987e-02,6.1948008647576436e-02,2.0690537394669011e+01,2.0484541106317394e+01
branch0_seg53,1.7246376811594217e+00,6.0598249467559991e-02,6.0598254734518388e-02,2.0313652782951472e+01,2.0110549664658816e+01
branch0_seg53,1.8260869565217419e+00,5.9280331618091715e-02,5.9280343225825934e-02,1.9755374864832845e+01,1.9558086838267059e+01
branch0_seg53,1.9275362318840585e+00,5.7841832595509381e-02,5.7841844249689862e-02,1.9023720613335282e+01,1.8834878118333787e+01
branch0_seg53,2.0289855072463787e+00,5.6155054072969057e-02,5.6155071338236044e-02,1.8079087087199536e+01,1.7901557549543565e+01
branch0_seg53,2.1304347826086989e+00,5.4143778714502308e-02,5.4143796224405336e-02,1.6975856360152086e+01,1.6811494064756655e+01
branch0_seg53,2.2318840579710155e+00,5.1804046493000043e-02,5.1804065767283802e-02,1.5786702962145796e+01,1.5636177035004168e+01
branch0_seg53,2.3333333333333357e+00,4.9212867047445506e-02,4.9212884043890459e-02,1.4628963077882439e+01,1.4491229944682139e+01
branch0_seg53,2.4347826086956559e+00,4.6526412174125557e-02,4.6526425940770978e-02,1.3636939584929619e+01,1.3509155531148942e+01
branch0_seg53,2.5362318840579725e+00,4.3965889334848088e-02,4.3965897036983413e-02,1.2948072661655472e+01,1.2825652975744184e+01
branch0_seg53,2.6376811594202927e+00,4.1791545239915920e-02,4.1791545707171425e-02,1.2680496240675218e+01,1.2557510826105030e+01
branch0_seg53,2.7391304347826093e+00,4.0271802282578532e-02,4.0271794148505277e-02,1.2922292917455994e+01,1.2791936586307449e+01
branch0_seg53,2.8405797101449295e+00,3.9648224461594599e-02,3.9648207741101615e-02,1.3712928786750096e+01,1.3568259628735403e+01
branch0_seg53,2.9420289855072497e+00,4.0102429215477096e-02,4.0102404351137051e-02,1.5041415772829094e+01,1.4876053201198024e+01
branch0_seg53,3.0434782608695663e+00,4.1728838683715470e-02,4.1728807218958164e-02,1.6842676445673607e+01,1.6651535518583398e+01
branch0_seg53,3.1449275362318865e+00,4.4518865159977973e-02,4.4518828984025233e-02,1.9009099802142924e+01,1.8788899605581847e+01
branch0_seg53,3.2463768115942031e+00,4.8349210394622928e-02,4.8349172575388295e-02,2.1379793197957536e+01,2.1129711088146195e+01
branch0_seg53,3.3478260869565233e+00,5.2997019599105674e-02,5.2996982118295670e-02,2.3797973496712121e+01,2.3519355830511529e+01
branch0_seg53,3.4492753623188435e+00,5.8156344002357072e-02,5.8156310538895944e-02,2.6074811949193666e+01,2.5771478846446968e+01
branch0_seg53,3.5507246376811601e+00,6.3469238988385634e-02,6.3469211067520001e-02,2.8052426931397573e+01,2.7729968350334477e+01
branch0_seg53,3.6521739130434803e+00,6.8561913707192210e-02,6.8561893976185770e-02,2.9587333362137059e+01,2.9252754087685052e+01
branch0_seg53,3.7536231884058004e+00,7.3083120515748806e-02,7.3083109485997014e-02,3.0586100114690229e+01,3.0246963157185288e+01
branch0_seg53,3.8550724637681171e+00,7.6738069820179777e-02,7.6738068293195544e-02,3.0998814366706387e+01,3.0662621917741898e+01
branch0_seg53,3.9565217391304373e+00,7.9322423277724902e-02,7.9322429899164590e-02,3.0848956637843116e+01,3.0522157505211752e+01
branch0_seg53,4.0579710144927574e+00,8.0734731950642888e-02,8.0734746106462599e-02,3.0191512479116987e+01,2.9879286415786833e+01
branch0_seg53,4.1594202898550776e+00,8.0984362675088670e-02,8.0984381463586247e-02,2.9146701119314343e+01,2.8852225994226433e+01
branch0_seg53,4.2608695652173907e+00,8.0182913052354365e-02,8.0182934917652424e-02,2.7847926386158967e+01,2.7572497535273474e+01
branch0_seg53,4.3623188405797109e+00,7.8524981017246101e-02,7.8525002972458097e-02,2.6448715148913770e+01,2.6191669208417377e+01
branch0_seg53,4.4637681159420310e+00,7.6259571488916877e-02,7.6259592030291923e-02,2.5085599548988860e+01,2.4844760891766033e+01
branch0_seg53,4.5652173913043512e+00,7.3655853477958749e-02,7.3655870835444393e-02,2.3869370105137200e+01,2.3641506842822064e+01
branch0_seg53,4.6666666666666714e+00,7.0970838241167636e-02,7.0970851796364101e-02,2.2873158722191064e+01,2.2654546673117224e+01
branch0_seg53,4.7681159420289845e+00,6.8414284044759369e-02,6.8414294048059335e-02,2.2110907364741397e+01,2.1898138880370489e+01
branch0_seg53,4.8695652173913047e+00,6.6129214895244287e-02,6.6129221668827981e-02,2.1566278468412609e+01,2.1356565494138067e+01
branch0_seg53,4.9710144927536248e+00,6.4177975882191193e-02,6.4177981160827957e-02,2.1170696341528899e+01,2.0962506272821031e+01
branch0_seg53,5.0724637681159450e+00,6.2542615056285819e-02,6.2542619844465921e-02,2.0841829206876813e+01,2.0634905369568255e+01
branch0_seg53,5.1739130434782652e+00,6.1136174823920107e-02,6.1136181041064455e-02,2.0481467272227640e+01,2.0276925001801228e+01
branch0_seg53,5.2753623188405783e+00,5.9824097688714620e-02,5.9824106223982529e-02,2.0004493910789229e+01,1.9804493339075862e+01
branch0_seg53,5.3768115942028984e+00,5.8452269151118091e-02,5.8452280986992310e-02,1.9347183723206374e+01,1.9154545458777580e+01
branch0_seg53,5.4782608695652186e+00,5.6879441018287819e-02,5.6879455957047180e-02,1.8487350441944123e+01,1.8304914149992577e+01
branch0_seg53,5.5797101449275388e+00,5.5005435088938362e-02,5.5005452715833930e-02,1.7441448808302752e+01,1.7271556141705368e+01
branch0_seg53,5.6811594202898590e+00,5.2795050850312025e-02,5.2795069598249096e-02,1.6275157155331645e+01,1.6119010822834717e+01
branch0_seg53,5.7826086956521792e+00,5.0291872873688921e-02,5.0291891075732821e-02,1.5089138851772669e+01,1.4946427680476388e+01
branch0_seg53,5.8840579710144922e+00,4.7620813803471926e-02,4.7620829147388410e-02,1.4012605426725429e+01,1.3881222763319546e+01
branch0_seg53,5.9855072463768124e+00,4.4979016330017434e-02,4.4979026737834334e-02,1.3184233924065058e+01,1.3060277382306449e+01
branch0_seg53,6.0869565217391326e+00,4.2614437468798678e-02,4.2614441046776176e-02,1.2732292078578807e+01,1.2610322273619301e+01
branch0_seg53,6.1884057971014528e+00,4.0796191603153106e-02,4.0796187061379038e-02,1.2758414119803435e+01,1.2631912618766187e+01
branch0_seg53,6.2898550724637730e+00,3.9781045475499460e-02,3.9781032219591922e-02,1.3323713667966903e+01,1.3185700592073170e+01
branch0_seg53,6.3913043478260860e+00,3.9778765054798916e-02,3.9778743395681021e-02,1.4437569221652181e+01,1.4281350404024648e+01
branch0_seg53,6.4927536231884062e+00,4.0922083126582298e-02,4.0922054125715444e-02,1.6057076277220560e+01,1.5876955545436225e+01
branch0_seg53,6.5942028985507264e+00,4.3245401716978292e-02,4.3245367210334874e-02,1.8089724019467713e+01,1.7881641217421581e+01
branch0_seg53,6.6956521739130466e+00,4.6673370926050797e-02,4.6673333344410491e-02,2.0399422888090371e+01,2.0161464234530548e+01
branch0_seg53,6.7971014492753667e+00,5.1020359614961569e-02,5.1020321829763515e-02,2.2816453649357708e+01,2.2549174253285987e+01
branch0_seg53,6.8985507246376869e+00,5.6012178730112702e-02,5.6012143096969599e-02,2.5174909421259379e+01,2.4881052013406830e+01
branch0_seg53,7.0000000000000000e+00,6.1307502586124989e-02,6.1307472359971409e-02,2.7290995527418481e+01,2.6975572337734206e+01
branch0_seg54,0.0000000000000000e+00,6.1307472359971270e-02,6.1307442481327606e-02,2.6975572337734711e+01,2.6659124155776166e+01
branch0_seg54,1.0144927536232018e-01,6.5108846625999542e-02,6.5108916733153846e-02,2.5502231163179328e+01,2.5220074773246530e+01
branch0_seg54,2.0289855072464036e-01,7.0724200160945619e-02,7.0723917813301243e-02,3.3316822373373888e+01,3.2918939345918247e+01
branch0_seg54,3.0434782608695699e-01,7.4591698904265910e-02,7.4592095020080809e-02,2.7292824405513997e+01,2.7006228784762961e+01
branch0_seg54,4.0579710144927716e-01,7.7966089432289651e-02,7.7965630197692079e-02,3.3074905705118034e+01,3.2699990395788276e+01
branch0_seg54,5.0724637681159734e-01,8.0035478963915344e-02,8.0035933729284706e-02,2.8702424793196542e+01,2.8407644447548662e+01
branch0_seg54,6.0869565217391397e-01,8.0967299623772387e-02,8.0966933409921463e-02,3.0477781042319215e+01,3.0154046794590357e+01
branch0_seg54,7.1014492753623415e-01,8.0783827432662686e-02,8.0784147467847872e-02,2.7819272129852447e+01,2.7541334105219853e+01
branch0_seg54,8.1159420289855433e-01,7.9588478030118329e-02,7.9588281269004288e-02,2.7264129047941431e+01,2.6990189579042212e+01
branch0_seg54,9.1304347826087096e-01,7.7665679374827268e-02,7.7665849609802731e-02,2.5542364354835758e+01,2.5293527882817241e+01
branch0_seg54,1.0144927536231911e+00,7.5218340542754003e-02,7.5218264604631893e-02,2.4337216235713509e+01,2.4100401165928375e+01
branch0_seg54,1.1159420289855078e+00,7.2560283413646232e-02,7.2560355661478296e-02,2.3240409125174857e+01,2.3015823076774154e+01
branch0_seg54,1.2173913043478279e+00,6.9900809302997871e-02,6.9900790287787631e-02,2.2279412996397848e+01,2.2062975981657939e+01
branch0_seg54,1.3188405797101481e+00,6.7445000773263333e-02,6.7445024313451410e-02,2.1689874364108153e+01,2.1477398261888208e+01
branch0_seg54,1.4202898550724647e+00,6.5291709204770149e-02,6.5291709284184110e-02,2.1154279996766661e+01,2.0944762993687643e+01
branch0_seg54,1.5217391304347849e+00,6.3476515976538250e-02,6.3476521936390459e-02,2.0846212503898727e+01,2.0637417205466200e+01
branch0_seg54,1.6231884057971016e+00,6.1948008647576436e-02,6.1948014868126809e-02,2.0484541106317394e+01,2.0277726473807032e+01
branch0_seg54,1.7246376811594217e+00,6.0598254734518388e-02,6.0598259925281270e-02,2.0110549664658816e+01,1.9906636514132760e+01
branch0_seg54,1.8260869565217419e+00,5.9280343225825934e-02,5.9280354691668619e-02,1.9558086838267059e+01,1.9360012479543212e+01
branch0_seg54,1.9275362318840585e+00,5.7841844249689862e-02,5.7841855736098798e-02,1.8834878118333787e+01,1.8645273528618887e+01
branch0_seg54,2.0289855072463787e+00,5.6155071338236044e-02,5.6155088364791203e-02,1.7901557549543565e+01,1.7723299782271592e+01
branch0_seg54,2.1304347826086989e+00,5.4143796224405336e-02,5.4143813490621466e-02,1.6811494064756655e+01,1.6646442289657010e+01
branch0_seg54,2.2318840579710155e+00,5.1804065767283802e-02,5.1804084783508335e-02,1.5636177035004168e+01,1.5485004069493598e+01
branch0_seg54,2.3333333333333357e+00,4.9212884043890459e-02,4.9212900825279779e-02,1.4491229944682139e+01,1.4352892229929294e+01
branch0_seg54,2.4347826086956559e+00,4.6526425940770978e-02,4.6526439551918715e-02,1.3509155531148942e+01,1.3380804337053368e+01
branch0_seg54,2.5362318840579725e+00,4.3965897036983413e-02,4.3965904683018926e-02,1.2825652975744184e+01,1.2702694353622983e+01
branch0_seg54,2.6376811594202927e+00,4.1791545707171425e-02,4.1791546231518525e-02,1.2557510826105030e+01,1.2434000521257150e+01
branch0_seg54,2.7391304347826093e+00,4.0271794148505277e-02,4.0271786200753980e-02,1.2791936586307449e+01,1.2661052158967159e+01
branch0_seg54,2.8405797101449295e+00,3.9648207741101615e-02,3.9648191329035201e-02,1.3568259628735403e+01,1.3423039629113443e+01
branch0_seg54,2.9420289855072497e+00,4.0102404351137051e-02,4.0102379904669222e-02,1.4876053201198024e+01,1.4710097538873155e+01
branch0_seg54,3.0434782608695663e+00,4.1728807218958164e-02,4.1728776250992014e-02,1.6651535518583398e+01,1.6459741360071341e+01
branch0_seg54,3.1449275362318865e+00,4.4518828984025233e-02,4.4518793350319996e-02,1.8788899605581847e+01,1.8567971753761743e+01
branch0_seg54,3.2463768115942031e+00,4.8349172575388295e-02,4.8349135292189663e-02,2.1129711088146195e+01,2.0878818018035606e+01
branch0_seg54,3.3478260869565233e+00,5.2996982118295670e-02,5.2996945138836550e-02,2.3519355830511529e+01,2.3239840827622380e+01
branch0_seg54,3.4492753623188435e+00,5.8156310538895944e-02,5.8156277485995868e-02,2.5771478846446968e+01,2.5467165587796323e+01
branch0_seg54,3.5507246376811601e+00,6.3469211067520001e-02,6.3469183452344397e-02,2.7729968350334477e+01,2.7406456454205671e+01
branch0_seg54,3.6521739130434803e+00,6.8561893976185770e-02,6.8561874412469082e-02,2.9252754087685052e+01,2.8917062994403452e+01
branch0_seg54,3.7536231884058004e+00,7.3083109485997014e-02,7.3083098490673071e-02,3.0246963157185288e+01,2.9906674332760396e+01
branch0_seg54,3.8550724637681171e+00,7.6738068293195544e-02,7.6738066665254900e-02,3.0662621917741898e+01,3.0325257656420774e+01
branch0_seg54,3.9565217391304373e+00,7.9322429899164590e-02,7.9322436317326467e-02,3.0522157505211752e+01,3.0194186412001788e+01
branch0_seg54,4.0579710144927574e+00,8.0734746106462599e-02,8.0734759970900224e-02,2.9879286415786833e+01,2.9565906067525148e+01
branch0_seg54,4.1594202898550776e+00,8.0984381463586247e-02,8.0984399923498554e-02,2.8852225994226433e+01,2.8556628514390237e+01
branch0_seg54,4.2608695652173907e+00,8.0182934917652424e-02,8.0182956438367758e-02,2.7572497535273474e+01,2.7295987870995834e+01
branch0_seg54,4.3623188405797109e+00,7.8525002972458097e-02,7.8525024611635116e-02,2.6191669208417377e+01,2.5933588852432287e+01
branch0_seg54,4.4637681159420310e+00,7.6259592030291923e-02,7.6259612299466817e-02,2.4844760891766033e+01,2.4602934188798379e+01
branch0_seg54,4.5652173913043512e+00,7.3655870835444393e-02,7.3655887985683885e-02,2.3641506842822064e+01,2.3412698263833878e+01
branch0_seg54,4.6666666666666714e+00,7.0970851796364101e-02,7.0970865210293235e-02,2.2654546673117224e+01,2.2435025461805516e+01
branch0_seg54,4.7681159420289845e+00,6.8414294048059335e-02,6.8414303965011414e-02,2.1898138880370489e+01,2.1684490098924634e+01
branch0_seg54,4.8695652173913047e+00,6.6129221668827981e-02,6.6129228401057741e-02,2.1356565494138067e+01,2.1145993903609938e+01
branch0_seg54,4.9710144927536248e+00,6.4177981160827957e-02,6.4177986411403223e-02,2.0962506272821031e+01,2.0753474014601125e+01
branch0_seg54,5.0724637681159450e+00,6.2542619844465921e-02,6.2542624601978861e-02,2.0634905369568255e+01,2.0427153132367078e+01
branch0_seg54,5.1739130434782652e+00,6.1136181041064455e-02,6.1136187194692639e-02,2.0276925001801228e+01,2.0071568565729237e+01
branch0_seg54,5.2753623188405783e+00,5.9824106223982529e-02,5.9824114652600471e-02,1.9804493339075862e+01,1.9603696340629540e+01
branch0_seg54,5.3768115942028984e+00,5.8452280986992310e-02,5.8452292660932971e-02,1.9154545458777580e+01,1.8961134195791722e+01
branch0_seg54,5.4782608695652186e+00,5.6879455957047180e-02,5.6879470686908754e-02,1.8304914149992577e+01,1.8121735135352782e+01
branch0_seg54,5.5797101449275388e+00,5.5005452715833930e-02,5.5005470096710092e-02,1.7271556141705368e+01,1.7100957513233286e+01
branch0_seg54,5.6811594202898590e+00,5.2795069598249096e-02,5.2795088091235169e-02,1.6119010822834717e+01,1.5962199981206172e+01
branch0_seg54,5.7826086956521792e+00,5.0291891075732821e-02,5.0291909040605876e-02,1.4946427680476388e+01,1.4803094873884771e+01
branch0_seg54,5.8840579710144922e+00,4.7620829147388410e-02,4.7620844307958800e-02,1.3881222763319546e+01,1.3749258585554923e+01
branch0_seg54,5.9855072463768124e+00,4.4979026737834334e-02,4.4979037045728608e-02,1.3060277382306449e+01,1.2935771837142610e+01
branch0_seg54,6.0869565217391326e+00,4.2614441046776176e-02,4.2614444633925400e-02,1.2610322273619301e+01,1.2487823787641439e+01
branch0_seg54,6.1884057971014528e+00,4.0796187061379038e-02,4.0796182652557196e-02,1.2631912618766187e+01,1.2504886596693447e+01
branch0_seg54,6.2898550724637730e+00,3.9781032219591922e-02,3.9781019223741068e-02,1.3185700592073170e+01,1.3047148352771249e+01
branch0_seg54,6.3913043478260860e+00,3.9778743395681021e-02,3.9778722112310622e-02,1.4281350404024648e+01,1.4124558023997569e+01
branch0_seg54,6.4927536231884062e+00,4.0922054125715444e-02,4.0922025593705794e-02,1.5876955545436225e+01,1.5696208074051336e+01
branch0_seg54,6.5942028985507264e+00,4.3245367210334874e-02,4.3245333231701211e-02,1.7881641217421581e+01,1.7672862560302040e+01
branch0_seg54,6.6956521739130466e+00,4.6673333344410491e-02,4.6673296308452843e-02,2.0161464234530548e+01,1.9922729275537144e+01
branch0_seg54,6.7971014492753667e+00,5.1020321829763515e-02,5.1020284561989204e-02,2.2549174253285987e+01,2.2281032732353292e+01
branch0_seg54,6.8985507246376869e+00,5.6012143096969599e-02,5.6012107919561398e-02,2.4881052013406830e+01,2.4586247383046409e+01
branch0_seg54,7.0000000000000000e+00,6.1307472359971409e-02,6.1307442481327745e-02,2.6975572337734206e+01,2.6659124155775675e+01
branch0_seg55,0.0000000000000000e+00,6.1307442481327606e-02,6.1307412931614985e-02,2.6659124155776166e+01,2.6341980878938525e+01
branch0_seg55,1.0144927536232018e-01,6.5108916733153846e-02,6.5108985487147636e-02,2.5220074773246530e+01,2.4937245796376921e+01
branch0_seg55,2.0289855072464036e-01,7.0723917813301243e-02,7.0723640205195906e-02,3.2918939345918247e+01,3.2520226720481823e+01
branch0_seg55,3.0434782608695699e-01,7.4592095020080809e-02,7.4592483988631136e-02,2.7006228784762961e+01,2.6718880677904266e+01
branch0_seg55,4.0579710144927716e-01,7.7965630197692079e-02,7.7965179030767676e-02,3.2699990395788276e+01,3.2324277504683110e+01
branch0_seg55,5.0724637681159734e-01,8.0035933729284706e-02,8.0036380265444768e-02,2.8407644447548662e+01,2.8112041518061584e+01
branch0_seg55,6.0869565217391397e-01,8.0966933409921463e-02,8.0966573820534612e-02,3.0154046794590357e+01,2.9829587649810616e+01
branch0_seg55,7.1014492753623415e-01,8.0784147467847872e-02,8.0784461678825192e-02,2.7541334105219853e+01,2.7262585104281737e+01
branch0_seg55,8.1159420289855433e-01,7.9588281269004288e-02,7.9588088250006253e-02,2.6990189579042212e+01,2.6715588151210216e+01
branch0_seg55,9.1304347826087096e-01,7.7665849609802731e-02,7.7666016731739104e-02,2.5293527882817241e+01,2.5043949080861413e+01
branch0_seg55,1.0144927536231911e+00,7.5218264604631893e-02,7.5218190286859568e-02,2.4100401165928375e+01,2.3862971044192882e+01
branch0_seg55,1.1159420289855078e+00,7.2560355661478296e-02,7.2560426588461638e-02,2.3015823076774154e+01,2.2790572054160787e+01
branch0_seg55,1.2173913043478279e+00,6.9900790287787631e-02,6.9900771833654271e-02,2.2062975981657939e+01,2.1845955011859740e+01
branch0_seg55,1.3188405797101481e+00,6.7445024313451410e-02,6.7445047429502331e-02,2.1477398261888208e+01,2.1264313922159250e+01
branch0_seg55,1.4202898550724647e+00,6.5291709284184110e-02,6.5291709512872304e-02,2.0944762993687643e+01,2.0734679471918831e+01
branch0_seg55,1.5217391304347849e+00,6.3476521936390459e-02,6.3476527798728505e-02,2.0637417205466200e+01,2.0428047013983260e+01
branch0_seg55,1.6231884057971016e+00,6.1948014868126809e-02,6.1948021070591552e-02,2.0277726473807032e+01,2.0070357715610008e+01
branch0_seg55,1.7246376811594217e+00,6.0598259925281270e-02,6.0598265045074137e-02,1.9906636514132760e+01,1.9702172930288853e+01
branch0_seg55,1.8260869565217419e+00,5.9280354691668619e-02,5.9280366021446616e-02,1.9360012479543212e+01,1.9161404842855632e+01
branch0_seg55,1.9275362318840585e+00,5.7841855736098798e-02,5.7841867062818964e-02,1.8645273528618887e+01,1.8455151594635524e+01
branch0_seg55,2.0289855072463787e+00,5.6155088364791203e-02,5.6155105162771675e-02,1.7723299782271592e+01,1.7544547859454887e+01
branch0_seg55,2.1304347826086989e+00,5.4143813490621466e-02,5.4143830524310835e-02,1.6646442289657010e+01,1.6480922611713009e+01
branch0_seg55,2.2318840579710155e+00,5.1804084783508335e-02,5.1804103553389366e-02,1.5485004069493598e+01,1.5333391988742541e+01
branch0_seg55,2.3333333333333357e+00,4.9212900825279779e-02,4.9212917402191657e-02,1.4352892229929294e+01,1.4214144287157200e+01
branch0_seg55,2.4347826086956559e+00,4.6526439551918715e-02,4.6526453015966543e-02,1.3380804337053368e+01,1.3252068309127111e+01
branch0_seg55,2.5362318840579725e+00,4.3965904683018926e-02,4.3965912277649399e-02,1.2702694353622983e+01,1.2579370135414536e+01
branch0_seg55,2.6376811594202927e+00,4.1791546231518525e-02,4.1791546813123741e-02,1.2434000521257150e+01,1.2310134184722580e+01
branch0_seg55,2.7391304347826093e+00,4.0271786200753980e-02,4.0271778434163394e-02,1.2661052158967159e+01,1.2529809629721798e+01
branch0_seg55,2.8405797101449295e+00,3.9648191329035201e-02,3.9648175214923254e-02,1.3423039629113443e+01,1.3277446160862638e+01
branch0_seg55,2.9420289855072497e+00,4.0102379904669222e-02,4.0102355860566638e-02,1.4710097538873155e+01,1.4543739839825522e+01
branch0_seg55,3.0434782608695663e+00,4.1728776250992014e-02,4.1728745760259638e-02,1.6459741360071341e+01,1.6267504424445640e+01
branch0_seg55,3.1449275362318865e+00,4.4518793350319996e-02,4.4518758236418841e-02,1.8567971753761743e+01,1.8346550690615135e+01
branch0_seg55,3.2463768115942031e+00,4.8349135292189663e-02,4.8349098521622461e-02,2.0878818018035606e+01,2.0627375225282034e+01
branch0_seg55,3.3478260869565233e+00,5.2996945138836550e-02,5.2996908637574038e-02,2.3239840827622380e+01,2.2959717490273153e+01
branch0_seg55,3.4492753623188435e+00,5.8156277485995868e-02,5.8156244823050506e-02,2.5467165587796323e+01,2.5162187713907361e+01
branch0_seg55,3.5507246376811601e+00,6.3469183452344397e-02,6.3469156125713813e-02,2.7406456454205671e+01,2.7082230213028506e+01
branch0_seg55,3.6521739130434803e+00,6.8561874412469082e-02,6.8561855004012601e-02,2.8917062994403452e+01,2.8580617686544198e+01
branch0_seg55,3.7536231884058004e+00,7.3083098490673071e-02,7.3083087523136636e-02,2.9906674332760396e+01,2.9565603970037941e+01
branch0_seg55,3.8550724637681171e+00,7.6738066665254900e-02,7.6738064935615552e-02,3.0325257656420774e+01,2.9987098127787533e+01
branch0_seg55,3.9565217391304373e+00,7.9322436317326467e-02,7.9322442536481588e-02,3.0194186412001788e+01,2.9865419812991451e+01
branch0_seg55,4.0579710144927574e+00,8.0734759970900224e-02,8.0734773552877337e-02,2.9565906067525148e+01,2.9251742058396353e+01
branch0_seg55,4.1594202898550776e+00,8.0984399923498554e-02,8.0984418066559150e-02,2.8556628514390237e+01,2.8260268978785064e+01
branch0_seg55,4.2608695652173907e+00,8.0182956438367758e-02,8.0182977628109595e-02,2.7295987870995834e+01,2.7018744275433335e+01
branch0_seg55,4.3623188405797109e+00,7.8525024611635116e-02,7.8525045948380223e-02,2.5933588852432287e+01,2.5674806073327336e+01
branch0_seg55,4.4637681159420310e+00,7.6259612299466817e-02,7.6259632309143024e-02,2.4602934188798379e+01,2.4360436542962663e+01
branch0_seg55,4.5652173913043512e+00,7.3655887985683885e-02,7.3655904939360389e-02,2.3412698263833878e+01,2.3183247811962634e+01
branch0_seg55,4.6666666666666714e+00,7.0970865210293235e-02,7.0970878491273259e-02,2.2435025461805516e+01,2.2214886970797565e+01
branch0_seg55,4.7681159420289845e+00,6.8414303965011414e-02,6.8414313801716045e-02,2.1684490098924634e+01,2.1470243704127963e+01
branch0_seg55,4.8695652173913047e+00,6.6129228401057741e-02,6.6129235096040684e-02,2.1145993903609938e+01,2.0934839481678356e+01
branch0_seg55,4.9710144927536248e+00,6.4177986411403223e-02,6.4177991637107398e-02,2.0753474014601125e+01,2.0543870122882272e+01
branch0_seg55,5.0724637681159450e+00,6.2542624601978861e-02,6.2542629331727426e-02,2.0427153132367078e+01,2.0218838672136108e+01
branch0_seg55,5.1739130434782652e+00,6.1136187194692639e-02,6.1136193288615165e-02,2.0071568565729237e+01,1.9865659582462662e+01
branch0_seg55,5.2753623188405783e+00,5.9824114652600471e-02,5.9824122979827483e-02,1.9603696340629540e+01,1.9402358858176267e+01
branch0_seg55,5.3768115942028984e+00,5.8452292660932971e-02,5.8452304180261705e-02,1.8961134195791722e+01,1.8767198341685621e+01
branch0_seg55,5.4782608695652186e+00,5.6879470686908754e-02,5.6879485217114362e-02,1.8121735135352782e+01,1.7938052084675434e+01
branch0_seg55,5.5797101449275388e+00,5.5005470096710092e-02,5.5005487242475969e-02,1.7100957513233286e+01,1.6929879787878303e+01
branch0_seg55,5.6811594202898590e+00,5.2795088091235169e-02,5.2795106340854867e-02,1.5962199981206172e+01,1.5804938189315298e+01
branch0_seg55,5.7826086956521792e+00,5.0291909040605876e-02,5.0291926779541120e-02,1.4803094873884771e+01,1.4659340223615988e+01
branch0_seg55,5.8840579710144922e+00,4.7620844307958800e-02,4.7620859294617297e-02,1.3749258585554923e+01,1.3616899829717193e+01
branch0_seg55,5.9855072463768124e+00,4.4979037045728608e-02,4.4979047260058524e-02,1.2935771837142610e+01,1.2810893818690575e+01
branch0_seg55,6.0869565217391326e+00,4.2614444633925400e-02,4.2614448232351165e-02,1.2487823787641439e+01,1.2364966684796935e+01
branch0_seg55,6.1884057971014528e+00,4.0796182652557196e-02,4.0796178373754710e-02,1.2504886596693447e+01,1.2377504853268798e+01
branch0_seg55,6.2898550724637730e+00,3.9781019223741068e-02,3.9781006479613128e-02,1.3047148352771249e+01,1.2908230542200437e+01
branch0_seg55,6.3913043478260860e+00,3.9778722112310622e-02,3.9778701191162683e-02,1.4124558023997569e+01,1.3967376817023244e+01
branch0_seg55,6.4927536231884062e+00,4.0922025593705794e-02,4.0921997512503784e-02,1.5696208074051336e+01,1.5515035776270022e+01
branch0_seg55,6.5942028985507264e+00,4.3245333231701211e-02,4.3245299759654791e-02,1.7672862560302040e+01,1.7463612245106152e+01
branch0_seg55,6.6956521739130466e+00,4.6673296308452843e-02,4.6673259794895200e-02,1.9922729275537144e+01,1.9683468109452161e+01
branch0_seg55,6.7971014492753667e+00,5.1020284561989204e-02,5.1020247788281486e-02,2.2281032732353292e+01,2.2012306771637668e+01
branch0_seg55,6.8985507246376869e+00,5.6012107919561398e-02,5.6012073175910899e-02,2.4586247383046409e+01,2.4290800531417297e+01
branch0_seg55,7.0000000000000000e+00,6.1307442481327745e-02,6.1307412931615124e-02,2.6659124155775675e+01,2.6341980878938045e+01
branch0_seg56,0.0000000000000000e+00,6.1307412931614985e-02,6.1307383671974192e-02,2.6341980878938525e+01,2.6024850632214513e+01
branch0_seg56,1.0144927536232018e-01,6.5108985487147636e-02,6.5109052977332091e-02,2.4937245796376921e+01,2.4654426114207027e+01
branch0_seg56,2.0289855072464036e-01,7.0723640205195906e-02,7.0723366974243279e-02,3.2520226720481823e+01,3.2121543788812069e+01
branch0_seg56,3.0434782608695699e-01,7.4592483988631136e-02,7.4592866317739454e-02,2.6718880677904266e+01,2.6431513950533724e+01
branch0_seg56,4.0579710144927716e-01,7.7965179030767676e-02,7.7964735340298699e-02,3.2324277504683110e+01,3.1948630713409099e+01
branch0_seg56,5.0724637681159734e-01,8.0036380265444768e-02,8.0036819159690756e-02,2.8112041518061584e+01,2.7816387335437902e+01
branch0_seg56,6.0869565217391397e-01,8.0966573820534612e-02,8.0966220378919679e-02,2.9829587649810616e+01,2.9505214763247572e+01
branch0_seg56,7.1014492753623415e-01,8.0784461678825192e-02,8.0784770485101257e-02,2.7262585104281737e+01,2.6983778266760524e+01
branch0_seg56,8.1159420289855433e-01,7.9588088250006253e-02,7.9587898710491545e-02,2.6715588151210216e+01,2.6441064575476695e+01
branch0_seg56,9.1304347826087096e-01,7.7666016731739104e-02,7.7666180969960100e-02,2.5043949080861413e+01,2.4794327919360047e+01
branch0_seg56,1.0144927536231911e+00,7.5218190286859568e-02,7.5218117481919936e-02,2.3862971044192882e+01,2.3625596654404127e+01
branch0_seg56,1.1159420289855078e+00,7.2560426588461638e-02,7.2560496296886490e-02,2.2790572054160787e+01,2.2565299488862980e+01
branch0_seg56,1.2173913043478279e+00,6.9900771833654271e-02,6.9900753908508625e-02,2.1845955011859740e+01,2.1628969055776633e+01
branch0_seg56,1.3188405797101481e+00,6.7445047429502331e-02,6.7445070158363249e-02,2.1264313922159250e+01,2.1051224062528963e+01
branch0_seg56,1.4202898550724647e+00,6.5291709512872304e-02,6.5291709886094118e-02,2.0734679471918831e+01,2.0524617398019068e+01
branch0_seg56,1.5217391304347849e+00,6.3476527798728505e-02,6.3476533575188898e-02,2.0428047013983260e+01,2.0218680545197142e+01
branch0_seg56,1.6231884057971016e+00,6.1948021070591552e-02,6.1948027260349557e-02,2.0070357715610008e+01,1.9863003277594085e+01
branch0_seg56,1.7246376811594217e+00,6.0598265045074137e-02,6.0598270102611186e-02,1.9702172930288853e+01,1.9497717206949609e+01
branch0_seg56,1.8260869565217419e+00,5.9280366021446616e-02,5.9280377228687772e-02,1.9161404842855632e+01,1.8962808185856268e+01
branch0_seg56,1.9275362318840585e+00,5.7841867062818964e-02,5.7841878245563576e-02,1.8455151594635524e+01,1.8265038655041895e+01
branch0_seg56,2.0289855072463787e+00,5.6155105162771675e-02,5.6155121753635358e-02,1.7544547859454887e+01,1.7365805190047702e+01
branch0_seg56,2.1304347826086989e+00,5.4143830524310835e-02,5.4143847348129499e-02,1.6480922611713009e+01,1.6315411557761422e+01
branch0_seg56,2.2318840579710155e+00,5.1804103553389366e-02,5.1804122101352573e-02,1.5333391988742541e+01,1.5181787959602474e+01
branch0_seg56,2.3333333333333357e+00,4.9212917402191657e-02,4.9212933796503648e-02,1.4214144287157200e+01,1.4075404071511068e+01
branch0_seg56,2.4347826086956559e+00,4.6526453015966543e-02,4.6526466350588463e-02,1.3252068309127111e+01,1.3123339435299865e+01
branch0_seg56,2.5362318840579725e+00,4.3965912277649399e-02,4.3965919830967481e-02,1.2579370135414536e+01,1.2456052925699673e+01
branch0_seg56,2.6376811594202927e+00,4.1791546813123741e-02,4.1791547452884943e-02,1.2310134184722580e+01,1.2186274638774179e+01
branch0_seg56,2.7391304347826093e+00,4.0271778434163394e-02,4.0271770838716837e-02,1.2529809629721798e+01,1.2398574076590732e+01
branch0_seg56,2.8405797101449295e+00,3.9648175214923254e-02,3.9648159377813783e-02,1.3277446160862638e+01,1.3131859947513293e+01
branch0_seg56,2.9420289855072497e+00,4.0102355860566638e-02,4.0102332187463903e-02,1.4543739839825522e+01,1.4377390007425976e+01
branch0_seg56,3.0434782608695663e+00,4.1728745760259638e-02,4.1728715706923540e-02,1.6267504424445640e+01,1.6075276098703888e+01
branch0_seg56,3.1449275362318865e+00,4.4518758236418841e-02,4.4518723596374106e-02,1.8346550690615135e+01,1.8125139193122756e+01
branch0_seg56,3.2463768115942031e+00,4.8349098521622461e-02,4.8349062215516561e-02,2.0627375225282034e+01,2.0375942980478314e+01
branch0_seg56,3.3478260869565233e+00,5.2996908637574038e-02,5.2996872566628196e-02,2.2959717490273153e+01,2.2679605774549206e+01
branch0_seg56,3.4492753623188435e+00,5.8156244823050506e-02,5.8156212507155136e-02,2.5162187713907361e+01,2.4857222353784891e+01
branch0_seg56,3.5507246376811601e+00,6.3469156125713813e-02,6.3469129051659037e-02,2.7082230213028506e+01,2.6758017371801227e+01
branch0_seg56,3.6521739130434803e+00,6.8561855004012601e-02,6.8561835725191408e-02,2.8580617686544198e+01,2.8244186322013835e+01
branch0_seg56,3.7536231884058004e+00,7.3083087523136636e-02,7.3083076568789554e-02,2.9565603970037941e+01,2.9224548007953299e+01
branch0_seg56,3.8550724637681171e+00,7.6738064935615552e-02,7.6738063101787768e-02,2.9987098127787533e+01,2.9648953083209083e+01
branch0_seg56,3.9565217391304373e+00,7.9322442536481588e-02,7.9322448564558320e-02,2.9865419812991451e+01,2.9536667688168844e+01
branch0_seg56,4.0579710144927574e+00,8.0734773552877351e-02,8.0734786870007097e-02,2.9251742058396353e+01,2.8937592185576811e+01
branch0_seg56,4.1594202898550776e+00,8.0984418066559136e-02,8.0984435916390055e-02,2.8260268978785064e+01,2.7963923242083890e+01
branch0_seg56,4.2608695652173907e+00,8.0182977628109608e-02,8.0182998514552739e-02,2.7018744275433335e+01,2.6741513900320868e+01
branch0_seg56,4.3623188405797109e+00,7.8525045948380237e-02,7.8525067010603578e-02,2.5674806073327336e+01,2.5416036046755913e+01
branch0_seg56,4.4637681159420310e+00,7.6259632309143011e-02,7.6259652085554477e-02,2.4360436542962663e+01,2.4117951059134057e+01
branch0_seg56,4.5652173913043512e+00,7.3655904939360389e-02,7.3655921718735223e-02,2.3183247811962634e+01,2.2953809097967778e+01
branch0_seg56,4.6666666666666714e+00,7.0970878491273259e-02,7.0970891656795515e-02,2.2214886970797565e+01,2.1994759780014082e+01
branch0_seg56,4.7681159420289845e+00,6.8414313801716045e-02,6.8414323571157551e-02,2.1470243704127963e+01,2.1256008306010056e+01
branch0_seg56,4.8695652173913047e+00,6.6129235096040684e-02,6.6129241762654931e-02,2.0934839481678356e+01,2.0723695814278113e+01
branch0_seg56,4.9710144927536248e+00,6.4177991637107398e-02,6.4177996844876947e-02,2.0543870122882272e+01,2.0334276770116105e+01
branch0_seg56,5.0724637681159450e+00,6.2542629331727426e-02,6.2542634039980685e-02,2.0218838672136108e+01,2.0010534607227644e+01
branch0_seg56,5.1739130434782652e+00,6.1136193288615165e-02,6.1136199330864803e-02,1.9865659582462662e+01,1.9659760768837799e+01
branch0_seg56,5.2753623188405783e+00,5.9824122979827483e-02,5.9824131216596334e-02,1.9402358858176267e+01,1.9201031344602786e+01
branch0_seg56,5.3768115942028984e+00,5.8452304180261705e-02,5.8452315560079869e-02,1.8767198341685621e+01,1.8573272119354680e+01
branch0_seg56,5.4782608695652186e+00,5.6879485217114362e-02,5.6879499566697515e-02,1.7938052084675434e+01,1.7754378314613039e+01
branch0_seg56,5.5797101449275388e+00,5.5005487242475969e-02,5.5005504175599657e-02,1.6929879787878303e+01,1.6758810866734350e+01
branch0_seg56,5.6811594202898590e+00,5.2795106340854867e-02,5.2795124371033023e-02,1.5804938189315298e+01,1.5647684735711337e+01
branch0_seg56,5.7826086956521792e+00,5.0291926779541120e-02,5.0291944315823574e-02,1.4659340223615988e+01,1.4515593394744828e+01
branch0_seg56,5.8840579710144922e+00,4.7620859294617297e-02,4.7620874127070147e-02,1.3616899829717193e+01,1.3484548469515650e+01
branch0_seg56,5.9855072463768124e+00,4.4979047260058524e-02,4.4979057394314632e-02,1.2810893818690575e+01,1.2686022837812468e+01
branch0_seg56,6.0869565217391326e+00,4.2614448232351165e-02,4.2614451846901234e-02,1.2364966684796935e+01,1.2242116444404299e+01
branch0_seg56,6.1884057971014528e+00,4.0796178373754710e-02,4.0796174219521024e-02,1.2377504853268798e+01,1.2250129978347980e+01
branch0_seg56,6.2898550724637730e+00,3.9781006479613128e-02,3.9780993970669969e-02,1.2908230542200437e+01,1.2769319847399425e+01
branch0_seg56,6.3913043478260860e+00,3.9778701191162683e-02,3.9778680604976961e-02,1.3967376817023244e+01,1.3810203197791367e+01
branch0_seg56,6.4927536231884062e+00,4.0921997512503784e-02,4.0921969845439964e-02,1.5515035776270022e+01,1.5333871765549207e+01
branch0_seg56,6.5942028985507264e+00,4.3245299759654791e-02,4.3245266750422784e-02,1.7463612245106152e+01,1.7254371087595963e+01
branch0_seg56,6.6956521739130466e+00,4.6673259794895200e-02,4.6673223755926030e-02,1.9683468109452161e+01,1.9444217092083377e+01
branch0_seg56,6.7971014492753667e+00,5.1020247788281486e-02,5.1020211460428844e-02,2.2012306771637668e+01,2.1743591984635554e+01
branch0_seg56,6.8985507246376869e+00,5.6012073175910899e-02,5.6012038820408491e-02,2.4290800531417297e+01,2.3995365865216559e+01
branch0_seg56,7.0000000000000000e+00,6.1307412931615124e-02,6.1307383671974330e-02,2.6341980878938045e+01,2.6024850632214040e+01
branch0_seg57,0.0000000000000000e+00,6.1307383671974192e-02,6.1307350377763213e-02,2.6024850632214513e+01,2.5749593727655082e+01
branch0_seg57,1.0144927536232018e-01,6.5109052977332077e-02,6.5109129070813176e-02,2.4654426114207027e+01,2.4407387085638010e+01
branch0_seg57,2.0289855072464036e-01,7.0723366974243293e-02,7.0723058063840397e-02,3.2121543788812069e+01,3.1771012076169736e+01
branch0_seg57,3.0434782608695699e-01,7.4592866317739467e-02,7.4593297991476459e-02,2.6431513950533724e+01,2.6175627946244607e+01
branch0_seg57,4.0579710144927716e-01,7.7964735340298699e-02,7.7964234136172109e-02,3.1948630713409099e+01,3.1614004654420640e+01
branch0_seg57,5.0724637681159734e-01,8.0036819159690756e-02,8.0037314677174509e-02,2.7816387335437902e+01,2.7549925175115195e+01
branch0_seg57,6.0869565217391397e-01,8.0966220378919679e-02,8.0965821331938734e-02,2.9505214763247572e+01,2.9213291357620427e+01
branch0_seg57,7.1014492753623415e-01,8.0784770485101257e-02,8.0785119101516520e-02,2.6983778266760524e+01,2.6731485449441507e+01
branch0_seg57,8.1159420289855433e-01,7.9587898710491545e-02,7.9587684910588374e-02,2.6441064575476695e+01,2.6193415687053225e+01
branch0_seg57,9.1304347826087096e-01,7.7666180969960100e-02,7.7666366373565096e-02,2.4794327919360047e+01,2.4569444794054576e+01
branch0_seg57,1.0144927536231911e+00,7.5218117481919936e-02,7.5218035550259160e-02,2.3625596654404127e+01,2.3412940278533796e+01
branch0_seg57,1.1159420289855078e+00,7.2560496296886490e-02,7.2560574999546656e-02,2.2565299488862980e+01,2.2364603152882804e+01
branch0_seg57,1.2173913043478279e+00,6.9900753908508625e-02,6.9900733909649362e-02,2.1628969055776633e+01,2.1436949903034481e+01
branch0_seg57,1.3188405797101481e+00,6.7445070158363249e-02,6.7445095836662777e-02,2.1051224062528963e+01,2.0863771623287512e+01
branch0_seg57,1.4202898550724647e+00,6.5291709886094118e-02,6.5291710476318737e-02,2.0524617398019068e+01,2.0340826294465614e+01
branch0_seg57,1.5217391304347849e+00,6.3476533575188898e-02,6.3476540119737107e-02,2.0218680545197142e+01,2.0036271803953564e+01
branch0_seg57,1.6231884057971016e+00,6.1948027260349557e-02,6.1948034356568732e-02,1.9863003277594085e+01,1.9682991382281298e+01
branch0_seg57,1.7246376811594217e+00,6.0598270102611186e-02,6.0598275846579924e-02,1.9497717206949609e+01,1.9320757362333861e+01
branch0_seg57,1.8260869565217419e+00,5.9280377228687772e-02,5.9280389966207624e-02,1.8962808185856268e+01,1.8791450800982993e+01
branch0_seg57,1.9275362318840585e+00,5.7841878245563576e-02,5.7841890933657068e-02,1.8265038655041895e+01,1.8101582943145303e+01
branch0_seg57,2.0289855072463787e+00,5.6155121753635365e-02,5.6155140582977978e-02,1.7365805190047702e+01,1.7212820724300624e+01
branch0_seg57,2.1304347826086989e+00,5.4143847348129492e-02,5.4143866444950485e-02,1.6315411557761422e+01,1.6174578828694802e+01
branch0_seg57,2.2318840579710155e+00,5.1804122101352580e-02,5.1804143167211568e-02,1.5181787959602474e+01,1.5053730761332782e+01
branch0_seg57,2.3333333333333357e+00,4.9212933796503648e-02,4.9212952435749073e-02,1.4075404071511068e+01,1.3959200997821048e+01
branch0_seg57,2.4347826086956559e+00,4.6526466350588463e-02,4.6526481536942700e-02,1.3123339435299865e+01,1.3016435857597214e+01
branch0_seg57,2.5362318840579725e+00,4.3965919830967481e-02,4.3965928476205875e-02,1.2456052925699673e+01,1.2354327025851831e+01
branch0_seg57,2.6376811594202927e+00,4.1791547452884943e-02,4.1791548266766523e-02,1.2186274638774179e+01,1.2084403283029417e+01
branch0_seg57,2.7391304347826093e+00,4.0271770838716837e-02,4.0271762315707303e-02,1.2398574076590732e+01,1.2290472847124775e+01
branch0_seg57,2.8405797101449295e+00,3.9648159377813783e-02,3.9648141500140434e-02,1.3131859947513293e+01,1.3011337212233586e+01
branch0_seg57,2.9420289855072497e+00,4.0102332187463903e-02,4.0102305406540840e-02,1.4377390007425976e+01,1.4238746819020617e+01
branch0_seg57,3.0434782608695663e+00,4.1728715706923540e-02,4.1728681664293450e-02,1.6075276098703888e+01,1.5913911694704415e+01
branch0_seg57,3.1449275362318865e+00,4.4518723596374106e-02,4.4518684320630941e-02,1.8125139193122756e+01,1.7937953187186764e+01
branch0_seg57,3.2463768115942031e+00,4.8349062215516561e-02,4.8349021013343922e-02,2.0375942980478314e+01,2.0161877911133573e+01
branch0_seg57,3.3478260869565233e+00,5.2996872566628196e-02,5.2996831597832236e-02,2.2679605774549206e+01,2.2439402479740082e+01
branch0_seg57,3.4492753623188435e+00,5.8156212507155136e-02,5.8156175762730550e-02,2.4857222353784891e+01,2.4593738173358268e+01
branch0_seg57,3.5507246376811601e+00,6.3469129051659037e-02,6.3469098228470008e-02,2.6758017371801227e+01,2.6475705324678266e+01
branch0_seg57,3.6521739130434803e+00,6.8561835725191408e-02,6.8561813723952494e-02,2.8244186322013835e+01,2.7948890315348613e+01
branch0_seg57,3.7536231884058004e+00,7.3083076568789554e-02,7.3083064002953141e-02,2.9224548007953299e+01,2.8922846117398016e+01
branch0_seg57,3.8550724637681171e+00,7.6738063101787754e-02,7.6738060882043754e-02,2.9648953083209083e+01,2.9347656949972542e+01
branch0_seg57,3.9565217391304373e+00,7.9322448564558307e-02,7.9322455276989140e-02,2.9536667688168844e+01,2.9241932755589932e+01
branch0_seg57,4.0579710144927574e+00,8.0734786870007097e-02,8.0734801869667430e-02,2.8937592185576811e+01,2.8654645501036587e+01
branch0_seg57,4.1594202898550776e+00,8.0984435916390055e-02,8.0984456087868500e-02,2.7963923242083890e+01,2.7696305792174414e+01
branch0_seg57,4.2608695652173907e+00,8.0182998514552739e-02,8.0183022160644407e-02,2.6741513900320868e+01,2.6491059293074649e+01
branch0_seg57,4.3623188405797109e+00,7.8525067010603578e-02,7.8525090890295482e-02,2.5416036046755913e+01,2.5182709661721006e+01
branch0_seg57,4.4637681159420310e+00,7.6259652085554477e-02,7.6259674535422192e-02,2.4117951059134057e+01,2.3900187441703110e+01
branch0_seg57,4.5652173913043512e+00,7.3655921718735223e-02,7.3655940794057184e-02,2.2953809097967778e+01,2.2748911532771949e+01
branch0_seg57,4.6666666666666714e+00,7.0970891656795515e-02,7.0970906649240051e-02,2.1994759780014082e+01,2.1799427832977457e+01
branch0_seg57,4.7681159420289845e+00,6.8414323571157551e-02,6.8414334718565728e-02,2.1256008306010056e+01,2.1067105005696149e+01
branch0_seg57,4.8695652173913047e+00,6.6129241762654931e-02,6.6129249390838377e-02,2.0723695814278113e+01,2.0538571433578127e+01
branch0_seg57,4.9710144927536248e+00,6.4177996844876947e-02,6.4178002809526277e-02,2.0334276770116105e+01,2.0151375459976610e+01
branch0_seg57,5.0724637681159450e+00,6.2542634039980685e-02,6.2542639426921370e-02,2.0010534607227644e+01,1.9829448874139032e+01
branch0_seg57,5.1739130434782652e+00,6.1136199330864803e-02,6.1136206216112654e-02,1.9659760768837799e+01,1.9481336627696688e+01
branch0_seg57,5.2753623188405783e+00,5.9824131216596334e-02,5.9824140579141621e-02,1.9201031344602786e+01,1.9027092631587369e+01
branch0_seg57,5.3768115942028984e+00,5.8452315560079869e-02,5.8452328478350003e-02,1.8573272119354680e+01,1.8406280862961047e+01
branch0_seg57,5.4782608695652186e+00,5.6879499566697515e-02,5.6879515851196383e-02,1.7754378314613039e+01,1.7596859810125206e+01
branch0_seg57,5.5797101449275388e+00,5.5005504175599657e-02,5.5005523393584006e-02,1.6758810866734350e+01,1.6612875050425451e+01
branch0_seg57,5.6811594202898590e+00,5.2795124371033023e-02,5.2795144843994335e-02,1.5647684735711337e+01,1.5514435125722825e+01
branch0_seg57,5.7826086956521792e+00,5.0291944315823574e-02,5.0291964243085338e-02,1.4515593394744828e+01,1.4394769740762937e+01
branch0_seg57,5.8840579710144922e+00,4.7620874127070147e-02,4.7620891005425658e-02,1.3484548469515650e+01,1.3374265119351270e+01
branch0_seg57,5.9855072463768124e+00,4.4979057394314632e-02,4.4979068960610706e-02,1.2686022837812468e+01,1.2582770252996761e+01
branch0_seg57,6.0869565217391326e+00,4.2614451846901234e-02,4.2614456031616899e-02,1.2242116444404299e+01,1.2141007576108173e+01
branch0_seg57,6.1884057971014528e+00,4.0796174219521024e-02,4.0796169599074263e-02,1.2250129978347980e+01,1.2145326980418828e+01
branch0_seg57,6.2898550724637730e+00,3.9780993970669969e-02,3.9780979871915402e-02,1.2769319847399425e+01,1.2654592984828618e+01
branch0_seg57,6.3913043478260860e+00,3.9778680604976961e-02,3.9778657332686949e-02,1.3810203197791367e+01,1.3679581663771586e+01
branch0_seg57,6.4927536231884062e+00,4.0921969845439964e-02,4.0921938520628656e-02,1.5333871765549207e+01,1.5182239756940012e+01
branch0_seg57,6.5942028985507264e+00,4.3245266750422784e-02,4.3245229337421927e-02,1.7254371087595963e+01,1.7077983153847839e+01
branch0_seg57,6.6956521739130466e+00,4.6673223755926030e-02,4.6673182872398827e-02,1.9444217092083377e+01,1.9241106718686463e+01
branch0_seg57,6.7971014492753667e+00,5.1020211460428844e-02,5.1020170212893012e-02,2.1743591984635554e+01,2.1513844313580591e+01
branch0_seg57,6.8985507246376869e+00,5.6012038820408491e-02,5.6011999777170689e-02,2.3995365865216559e+01,2.3740906105178535e+01
branch0_seg57,7.0000000000000000e+00,6.1307383671974330e-02,6.1307350377763352e-02,2.6024850632214040e+01,2.5749593727654609e+01
branch0_seg58,0.0000000000000000e+00,6.1307350377763213e-02,6.1307312908879058e-02,2.5749593727655082e+01,2.5546286591106625e+01
branch0_seg58,1.0144927536232018e-01,6.5109129070813176e-02,6.5109213717618880e-02,2.4407387085638010e+01,2.4232966652546125e+01
branch0_seg58,2.0289855072464036e-01,7.0723058063840397e-02,7.0722713198629633e-02,3.1771012076169736e+01,3.1511243002365777e+01
branch0_seg58,3.0434782608695699e-01,7.4593297991476459e-02,7.4593779067346766e-02,2.6175627946244607e+01,2.6003921775140658e+01
branch0_seg58,4.0579710144927716e-01,7.7964234136172109e-02,7.7963675184513304e-02,3.1614004654420640e+01,3.1376795978925216e+01
branch0_seg58,5.0724637681159734e-01,8.0037314677174509e-02,8.0037866904847252e-02,2.7549925175115195e+01,2.7375380021710082e+01
branch0_seg58,6.0869565217391397e-01,8.0965821331938734e-02,8.0965376573609554e-02,2.9213291357620427e+01,2.9017527749585778e+01
branch0_seg58,7.1014492753623415e-01,8.0785119101516520e-02,8.0785507622851416e-02,2.6731485449441507e+01,2.6570376412635742e+01
branch0_seg58,8.1159420289855433e-01,7.9587684910588374e-02,7.9587446857107016e-02,2.6193415687053225e+01,2.6035058588758321e+01
branch0_seg58,9.1304347826087096e-01,7.7666366373565096e-02,7.7666573038503287e-02,2.4569444794054576e+01,2.4428747813794843e+01
branch0_seg58,1.0144927536231911e+00,7.5218035550259160e-02,7.5217944555499086e-02,2.3412940278533796e+01,2.3280224067084479e+01
branch0_seg58,1.1159420289855078e+00,7.2560574999546656e-02,7.2560662781088373e-02,2.2364603152882804e+01,2.2239296643671054e+01
branch0_seg58,1.2173913043478279e+00,6.9900733909649362e-02,6.9900711907956506e-02,2.1436949903034481e+01,2.1316362953914403e+01
branch0_seg58,1.3188405797101481e+00,6.7445095836662777e-02,6.7445124527119468e-02,2.0863771623287512e+01,2.0744484955974254e+01
branch0_seg58,1.4202898550724647e+00,6.5291710476318737e-02,6.5291711337764832e-02,2.0340826294465614e+01,2.0222495329577303e+01
branch0_seg58,1.5217391304347849e+00,6.3476540119737107e-02,6.3476547473773237e-02,2.0036271803953564e+01,1.9917244651055203e+01
branch0_seg58,1.6231884057971016e+00,6.1948034356568732e-02,6.1948042397162971e-02,1.9682991382281298e+01,1.9564521361982244e+01
branch0_seg58,1.7246376811594217e+00,6.0598275846579924e-02,6.0598282309153227e-02,1.9320757362333861e+01,1.9203613120195733e+01
branch0_seg58,1.8260869565217419e+00,5.9280389966207624e-02,5.9280404269619523e-02,1.8791450800982993e+01,1.8677947177323070e+01
branch0_seg58,1.9275362318840585e+00,5.7841890933657068e-02,5.7841905165997069e-02,1.8101582943145303e+01,1.7993649173082787e+01
branch0_seg58,2.0289855072463787e+00,5.6155140582977978e-02,5.6155161697976623e-02,1.7212820724300624e+01,1.7112516458445718e+01
branch0_seg58,2.1304347826086989e+00,5.4143866444950485e-02,5.4143887868929319e-02,1.6174578828694802e+01,1.6083119338435193e+01
branch0_seg58,2.2318840579710155e+00,5.1804143167211568e-02,5.1804166811619499e-02,1.5053730761332782e+01,1.4971418421278022e+01
branch0_seg58,2.3333333333333357e+00,4.9212952435749073e-02,4.9212973382904646e-02,1.3959200997821048e+01,1.3885067870465717e+01
branch0_seg58,2.4347826086956559e+00,4.6526481536942700e-02,4.6526498635826190e-02,1.3016435857597214e+01,1.2948224984463831e+01
branch0_seg58,2.5362318840579725e+00,4.3965928476205875e-02,4.3965938266228882e-02,1.2354327025851831e+01,1.2288585347254401e+01
branch0_seg58,2.6376811594202927e+00,4.1791548266766516e-02,4.1791549294396151e-02,1.2084403283029417e+01,1.2016807399209194e+01
branch0_seg58,2.7391304347826093e+00,4.0271762315707310e-02,4.0271752886637674e-02,1.2290472847124775e+01,1.2216201254456838e+01
branch0_seg58,2.8405797101449295e+00,3.9648141500140427e-02,3.9648121581477180e-02,1.3011337212233586e+01,1.2925619125925873e+01
branch0_seg58,2.9420289855072497e+00,4.0102305406540840e-02,4.0102275492662050e-02,1.4238746819020617e+01,1.4137363866734184e+01
branch0_seg58,3.0434782608695663e+00,4.1728681664293450e-02,4.1728643581013976e-02,1.5913911694704415e+01,1.5793705659664361e+01
branch0_seg58,3.1449275362318865e+00,4.4518684320630941e-02,4.4518640331451344e-02,1.7937953187186764e+01,1.7797152158325300e+01
branch0_seg58,3.2463768115942031e+00,4.8349021013343922e-02,4.8348974813033588e-02,2.0161877911133573e+01,2.0000525053891131e+01
branch0_seg58,3.3478260869565233e+00,5.2996831597832236e-02,5.2996785608608134e-02,2.2439402479740082e+01,2.2259069041260133e+01
branch0_seg58,3.4492753623188435e+00,5.8156175762730550e-02,5.8156134453637466e-02,2.4593738173358268e+01,2.4397703092488257e+01
branch0_seg58,3.5507246376811601e+00,6.3469098228470008e-02,6.3469063515272622e-02,2.6475705324678266e+01,2.6268380306075684e+01
branch0_seg58,3.6521739130434803e+00,6.8561813723952494e-02,6.8561788865545412e-02,2.7948890315348613e+01,2.7735533657121874e+01
branch0_seg58,3.7536231884058004e+00,7.3083064002953141e-02,7.3083049707843573e-02,2.8922846117398016e+01,2.8708919199956519e+01
branch0_seg58,3.8550724637681171e+00,7.6738060882043754e-02,7.6738058185392269e-02,2.9347656949972542e+01,2.9138381283891945e+01
branch0_seg58,3.9565217391304373e+00,7.9322455276989140e-02,7.9322462615980166e-02,2.9241932755589932e+01,2.9041585586474081e+01
branch0_seg58,4.0579710144927574e+00,8.0734801869667430e-02,8.0734818530270300e-02,2.8654645501036587e+01,2.8466458243468757e+01
branch0_seg58,4.1594202898550776e+00,8.0984456087868500e-02,8.0984478593770573e-02,2.7696305792174414e+01,2.7521973116977872e+01
branch0_seg58,4.2608695652173907e+00,8.0183022160644407e-02,8.0183048608393370e-02,2.6491059293074649e+01,2.6330895291322243e+01
branch0_seg58,4.3623188405797109e+00,7.8525090890295482e-02,7.8525117650611723e-02,2.5182709661721006e+01,2.5035645524658403e+01
branch0_seg58,4.4637681159420310e+00,7.6259674535422192e-02,7.6259699734151531e-02,2.3900187441703110e+01,2.3764148811647878e+01
branch0_seg58,4.5652173913043512e+00,7.3655940794057184e-02,7.3655962244337375e-02,2.2748911532771949e+01,2.2621185594525777e+01
branch0_seg58,4.6666666666666714e+00,7.0970906649240051e-02,7.0970923544122683e-02,2.1799427832977457e+01,2.1677088543226862e+01
branch0_seg58,4.7681159420289845e+00,6.8414334718565728e-02,6.8414347311374232e-02,2.1067105005696149e+01,2.0947607693022498e+01
branch0_seg58,4.8695652173913047e+00,6.6129249390838377e-02,6.6129258037552263e-02,2.0538571433578127e+01,2.0419942246174415e+01
branch0_seg58,4.9710144927536248e+00,6.4178002809526277e-02,6.4178009577870510e-02,2.0151375459976610e+01,2.0032649526349353e+01
branch0_seg58,5.0724637681159450e+00,6.2542639426921370e-02,6.2542645531221241e-02,1.9829448874139032e+01,1.9710634138990262e+01
branch0_seg58,5.1739130434782652e+00,6.1136206216112654e-02,6.1136213978492858e-02,1.9481336627696688e+01,1.9363442192241898e+01
branch0_seg58,5.2753623188405783e+00,5.9824140579141621e-02,5.9824151101128549e-02,1.9027092631587369e+01,1.8911846402350761e+01
branch0_seg58,5.3768115942028984e+00,5.8452328478350003e-02,5.8452342972282710e-02,1.8406280862961047e+01,1.8295819208319632e+01
branch0_seg58,5.4782608695652186e+00,5.6879515851196383e-02,5.6879534114233792e-02,1.7596859810125206e+01,1.7493242299101404e+01
branch0_seg58,5.5797101449275388e+00,5.5005523393584006e-02,5.5005544947811229e-02,1.6612875050425451e+01,1.6517711334707364e+01
branch0_seg58,5.6811594202898590e+00,5.2795144843994335e-02,5.2795167818070317e-02,1.5514435125722825e+01,1.5428433848661612e+01
branch0_seg58,5.7826086956521792e+00,5.0291964243085338e-02,5.0291986623876329e-02,1.4394769740762937e+01,1.4317499795532504e+01
branch0_seg58,5.8840579710144922e+00,4.7620891005425658e-02,4.7620909992024209e-02,1.3374265119351270e+01,1.3303992256519782e+01
branch0_seg58,5.9855072463768124e+00,4.4979068960610706e-02,4.4979082015720956e-02,1.2582770252996761e+01,1.2516503283196419e+01
branch0_seg58,6.0869565217391326e+00,4.2614456031616899e-02,4.2614460832151334e-02,1.2141007576108173e+01,1.2074731695327912e+01
branch0_seg58,6.1884057971014528e+00,4.0796169599074263e-02,4.0796164541835753e-02,1.2145326980418828e+01,1.2074370386208576e+01
branch0_seg58,6.2898550724637730e+00,3.9780979871915402e-02,3.9780964192263013e-02,1.2654592984828618e+01,1.2574095546881688e+01
branch0_seg58,6.3913043478260860e+00,3.9778657332686949e-02,3.9778631359495734e-02,1.3679581663771586e+01,1.3585040340488138e+01
branch0_seg58,6.4927536231884062e+00,4.0921938520628656e-02,4.0921903497505629e-02,1.5182239756940012e+01,1.5070007895700750e+01
branch0_seg58,6.5942028985507264e+00,4.3245229337421927e-02,4.3245187453597615e-02,1.7077983153847839e+01,1.6945698275046833e+01
branch0_seg58,6.6956521739130466e+00,4.6673182872398827e-02,4.6673137051758476e-02,1.9241106718686463e+01,1.9088012644875253e+01
branch0_seg58,6.7971014492753667e+00,5.1020170212893012e-02,5.1020123930869750e-02,2.1513844313580591e+01,2.1340967917071097e+01
branch0_seg58,6.8985507246376869e+00,5.6011999777170689e-02,5.6011955914551548e-02,2.3740906105178535e+01,2.3550782812638982e+01
branch0_seg58,7.0000000000000000e+00,6.1307350377763352e-02,6.1307312908879197e-02,2.5749593727654609e+01,2.5546286591106163e+01
branch0_seg59,0.0000000000000000e+00,6.1307312908879058e-02,6.1307276124918555e-02,2.5546286591106625e+01,2.5338720931798953e+01
branch0_seg59,1.0144927536232018e-01,6.5109213717618880e-02,6.5109296039830053e-02,2.4232966652546125e+01,2.4054539123657243e+01
branch0_seg59,2.0289855072464036e-01,7.0722713198629633e-02,7.0722376821701308e-02,3.1511243002365777e+01,3.1246257728850050e+01
branch0_seg59,3.0434782608695699e-01,7.4593779067346766e-02,7.4594247633490554e-02,2.6003921775140658e+01,2.5827948448855402e+01
branch0_seg59,4.0579710144927716e-01,7.7963675184513304e-02,7.7963130456526711e-02,3.1376795978925216e+01,3.1134484105728351e+01
branch0_seg59,5.0724637681159734e-01,8.0037866904847252e-02,8.0038404776104785e-02,2.7375380021710082e+01,2.7196347260545188e+01
branch0_seg59,6.0869565217391397e-01,8.0965376573609554e-02,8.0964943343667717e-02,2.9017527749585778e+01,2.8817114997944561e+01
branch0_seg59,7.1014492753623415e-01,8.0785507622851416e-02,8.0785886050932690e-02,2.6570376412635742e+01,2.6404920740227933e+01
branch0_seg59,8.1159420289855433e-01,7.9587446857107016e-02,7.9587215162947783e-02,2.6035058588758321e+01,2.5872552293758421e+01
branch0_seg59,9.1304347826087096e-01,7.7666573038503287e-02,7.7666774366223282e-02,2.4428747813794843e+01,2.4284062905538651e+01
branch0_seg59,1.0144927536231911e+00,7.5217944555499086e-02,7.5217856175689310e-02,2.3280224067084479e+01,2.3143782478152737e+01
branch0_seg59,1.1159420289855078e+00,7.2560662781088373e-02,7.2560748338329706e-02,2.2239296643671054e+01,2.2110359140058669e+01
branch0_seg59,1.2173913043478279e+00,6.9900711907956506e-02,6.9900690705475513e-02,2.1316362953914403e+01,2.1192333050088241e+01
branch0_seg59,1.3188405797101481e+00,6.7445124527119468e-02,6.7445152530140912e-02,2.0744484955974254e+01,2.0621802378251431e+01
branch0_seg59,1.4202898550724647e+00,6.5291711337764832e-02,6.5291712338530830e-02,2.0222495329577303e+01,2.0100866798930621e+01
branch0_seg59,1.5217391304347849e+00,6.3476547473773237e-02,6.3476554684578301e-02,1.9917244651055203e+01,1.9794945571043673e+01
branch0_seg59,1.6231884057971016e+00,6.1948042397162971e-02,6.1948050333686534e-02,1.9564521361982244e+01,1.9442839537337871e+01
branch0_seg59,1.7246376811594217e+00,6.0598282309153227e-02,6.0598288652263493e-02,1.9203613120195733e+01,1.9083305639963481e+01
branch0_seg59,1.8260869565217419e+00,5.9280404269619523e-02,5.9280418287020846e-02,1.8677947177323070e+01,1.8561366038588080e+01
branch0_seg59,1.9275362318840585e+00,5.7841905165997069e-02,5.7841919101442006e-02,1.7993649173082787e+01,1.7882746396210351e+01
branch0_seg59,2.0289855072463787e+00,5.6155161697976623e-02,5.6155182367739101e-02,1.7112516458445718e+01,1.7009386587640908e+01
branch0_seg59,2.1304347826086989e+00,5.4143887868929319e-02,5.4143908848162697e-02,1.6083119338435193e+01,1.5989001205550387e+01
branch0_seg59,2.2318840579710155e+00,5.1804166811619499e-02,5.1804189974053165e-02,1.4971418421278022e+01,1.4886627452054560e+01
branch0_seg59,2.3333333333333357e+00,4.9212973382904646e-02,4.9212993923585906e-02,1.3885067870465717e+01,1.3808631309535961e+01
branch0_seg59,2.4347826086956559e+00,4.6526498635826190e-02,4.6526515427869578e-02,1.2948224984463831e+01,1.2877859985569154e+01
branch0_seg59,2.5362318840579725e+00,4.3965938266228882e-02,4.3965947924068022e-02,1.2288585347254401e+01,1.2220792409734504e+01
branch0_seg59,2.6376811594202927e+00,4.1791549294396151e-02,4.1791550390047887e-02,1.2016807399209194e+01,1.1947197962995965e+01
branch0_seg59,2.7391304347826093e+00,4.0271752886637674e-02,4.0271743756998948e-02,1.2216201254456838e+01,1.2139875334691135e+01
branch0_seg59,2.8405797101449295e+00,3.9648121581477180e-02,3.9648102184339618e-02,1.2925619125925873e+01,1.2837721008712684e+01
branch0_seg59,2.9420289855072497e+00,4.0102275492662050e-02,4.0102246302776548e-02,1.4137363866734184e+01,1.4033592307044700e+01
branch0_seg59,3.0434782608695663e+00,4.1728643581013976e-02,4.1728606373852471e-02,1.5793705659664361e+01,1.5670830004714846e+01
branch0_seg59,3.1449275362318865e+00,4.4518640331451344e-02,4.4518597313653985e-02,1.7797152158325300e+01,1.7653345741840624e+01
branch0_seg59,3.2463768115942031e+00,4.8348974813033588e-02,4.8348929590654191e-02,2.0000525053891131e+01,1.9835802301728840e+01
branch0_seg59,3.3478260869565233e+00,5.2996785608608134e-02,5.2996740552631531e-02,2.2259069041260133e+01,2.2074997916074260e+01
branch0_seg59,3.4492753623188435e+00,5.8156134453637466e-02,5.8156093933563441e-02,2.4397703092488257e+01,2.4197588981508936e+01
branch0_seg59,3.5507246376811601e+00,6.3469063515272622e-02,6.3469029416569664e-02,2.6268380306075684e+01,2.6056685797183302e+01
branch0_seg59,3.6521739130434803e+00,6.8561788865545412e-02,6.8561764383295809e-02,2.7735533657121874e+01,2.7517588763097379e+01
branch0_seg59,3.7536231884058004e+00,7.3083049707843573e-02,7.3083035552128445e-02,2.8708919199956519e+01,2.8490269733321337e+01
branch0_seg59,3.8550724637681171e+00,7.6738058185392269e-02,7.6738055380878661e-02,2.9138381283891945e+01,2.8924338257824555e+01
branch0_seg59,3.9565217391304373e+00,7.9322462615980166e-02,7.9322469651037356e-02,2.9041585586474081e+01,2.8836509982779141e+01
branch0_seg59,4.0579710144927574e+00,8.0734818530270300e-02,8.0734834713356712e-02,2.8466458243468757e+01,2.8273654772700485e+01
branch0_seg59,4.1594202898550776e+00,8.0984478593770573e-02,8.0984500535492415e-02,2.7521973116977872e+01,2.7343190544392503e+01
branch0_seg59,4.2608695652173907e+00,8.0183048608393370e-02,8.0183074445112731e-02,2.6330895291322243e+01,2.6166481114597858e+01
branch0_seg59,4.3623188405797109e+00,7.8525117650611723e-02,7.8525143833408945e-02,2.5035645524658403e+01,2.4884541833559748e+01
branch0_seg59,4.4637681159420310e+00,7.6259699734151531e-02,7.6259724421222447e-02,2.3764148811647878e+01,2.3624272272725410e+01
branch0_seg59,4.5652173913043512e+00,7.3655962244337375e-02,7.3655983289981186e-02,2.2621185594525777e+01,2.2489799075014840e+01
branch0_seg59,4.6666666666666714e+00,7.0970923544122683e-02,7.0970940148376085e-02,2.1677088543226862e+01,2.1551231575739806e+01
branch0_seg59,4.7681159420289845e+00,6.8414347311374232e-02,6.8414359711686315e-02,2.0947607693022498e+01,2.0824700183854812e+01
branch0_seg59,4.8695652173913047e+00,6.6129258037552263e-02,6.6129266575052678e-02,2.0419942246174415e+01,2.0297977977435409e+01
branch0_seg59,4.9710144927536248e+00,6.4178009577870510e-02,6.4178016266344270e-02,2.0032649526349353e+01,1.9910642124958194e+01
branch0_seg59,5.0724637681159450e+00,6.2542645531221241e-02,6.2542651556831932e-02,1.9710634138990262e+01,1.9588582799804943e+01
branch0_seg59,5.1739130434782652e+00,6.1136213978492858e-02,6.1136221609798730e-02,1.9363442192241898e+01,1.9242362127624659e+01
branch0_seg59,5.2753623188405783e+00,5.9824151101128549e-02,5.9824161419352893e-02,1.8911846402350761e+01,1.8793484539028121e+01
branch0_seg59,5.3768115942028984e+00,5.8452342972282710e-02,5.8452357166567576e-02,1.8295819208319632e+01,1.8182340246256441e+01
branch0_seg59,5.4782608695652186e+00,5.6879534114233792e-02,5.6879551993597184e-02,1.7493242299101404e+01,1.7386737271459783e+01
branch0_seg59,5.5797101449275388e+00,5.5005544947811229e-02,5.5005566050169291e-02,1.6517711334707364e+01,1.6419818429713601e+01
branch0_seg59,5.6811594202898590e+00,5.2795167818070317e-02,5.2795190320074965e-02,1.5428433848661612e+01,1.5339880065259033e+01
branch0_seg59,5.7826086956521792e+00,5.0291986623876329e-02,5.0292008559604036e-02,1.4317499795532504e+01,1.4237856800636733e+01
branch0_seg59,5.8840579710144922e+00,4.7620909992024209e-02,4.7620928624445745e-02,1.3303992256519782e+01,1.3231508849337724e+01
branch0_seg59,5.9855072463768124e+00,4.4979082015720956e-02,4.4979094861534522e-02,1.2516503283196419e+01,1.2448149991347099e+01
branch0_seg59,6.0869565217391326e+00,4.2614460832151334e-02,4.2614465615526918e-02,1.2074731695327912e+01,1.2006435734856977e+01
branch0_seg59,6.1884057971014528e+00,4.0796164541835753e-02,4.0796159688215705e-02,1.2074370386208576e+01,1.2001386175079316e+01
branch0_seg59,6.2898550724637730e+00,3.9780964192263013e-02,3.9780948945641596e-02,1.2574095546881688e+01,1.2491479661590777e+01
branch0_seg59,6.3913043478260860e+00,3.9778631359495734e-02,3.9778606031820131e-02,1.3585040340488138e+01,1.3488205017517764e+01
branch0_seg59,6.4927536231884062e+00,4.0921903497505629e-02,4.0921869295569992e-02,1.5070007895700750e+01,1.4955228766902437e+01
branch0_seg59,6.5942028985507264e+00,4.3245187453597615e-02,4.3245146509664684e-02,1.6945698275046833e+01,1.6810550210726532e+01
branch0_seg59,6.6956521739130466e+00,4.6673137051758476e-02,4.6673092218695041e-02,1.9088012644875253e+01,1.8931698999931328e+01
branch0_seg59,6.7971014492753667e+00,5.1020123930869750e-02,5.1020078604029753e-02,2.1340967917071097e+01,2.1164502556253723e+01
branch0_seg59,6.8985507246376869e+00,5.6011955914551548e-02,5.6011912914240763e-02,2.3550782812638982e+01,2.3356714706825887e+01
branch0_seg59,7.0000000000000000e+00,6.1307312908879197e-02,6.1307276124918694e-02,2.5546286591106163e+01,2.5338720931798505e+01
branch0_seg60,0.0000000000000000e+00,6.1307276124918549e-02,6.1307240067425821e-02,2.5338720931798953e+01,2.5126353204819214e+01
branch0_seg60,1.0144927536232018e-01,6.5109296039830053e-02,6.5109375965227936e-02,2.4054539123657243e+01,2.3871588890377886e+01
branch0_seg60,2.0289855072464036e-01,7.0722376821701308e-02,7.0722049254036773e-02,3.1246257728850050e+01,3.0975393388375583e+01
branch0_seg60,3.0434782608695699e-01,7.4594247633490554e-02,7.4594703261484277e-02,2.5827948448855402e+01,2.5647160076601367e+01
branch0_seg60,4.0579710144927716e-01,7.7963130456526711e-02,7.7962600456543435e-02,3.1134484105728351e+01,3.0886411889980600e+01
branch0_seg60,5.0724637681159734e-01,8.0038404776104785e-02,8.0038927803593285e-02,2.7196347260545188e+01,2.7012254174782633e+01
branch0_seg60,6.0869565217391397e-01,8.0964943343667717e-02,8.0964522031659616e-02,2.8817114997944561e+01,2.8611445663400186e+01
branch0_seg60,7.1014492753623415e-01,8.0785886050932690e-02,8.0786254049233536e-02,2.6404920740227933e+01,2.6234562713060939e+01
branch0_seg60,8.1159420289855433e-01,7.9587215162947783e-02,7.9586990024171578e-02,2.5872552293758421e+01,2.5705349675053405e+01
branch0_seg60,9.1304347826087096e-01,7.7666774366223282e-02,7.7666970183290704e-02,2.4284062905538651e+01,2.4134876253614166e+01
branch0_seg60,1.0144927536231911e+00,7.5217856175689310e-02,7.5217770473795104e-02,2.3143782478152737e+01,2.3003122728201255e+01
branch0_seg60,1.1159420289855078e+00,7.2560748338329706e-02,7.2560831601531789e-02,2.2110359140058669e+01,2.1977318924021567e+01
branch0_seg60,1.2173913043478279e+00,6.9900690705475513e-02,6.9900670306923443e-02,2.1192333050088241e+01,2.1064405548538865e+01
branch0_seg60,1.3188405797101481e+00,6.7445152530140912e-02,6.7445179825513110e-02,2.0621802378251431e+01,2.0495280594785697e+01
branch0_seg60,1.4202898550724647e+00,6.5291712338530830e-02,6.5291713467916859e-02,2.0100866798930621e+01,1.9975507048006754e+01
branch0_seg60,1.5217391304347849e+00,6.3476554684578301e-02,6.3476561748329566e-02,1.9794945571043673e+01,1.9668946887277478e+01
branch0_seg60,1.6231884057971016e+00,6.1948050333686534e-02,6.1948058153095183e-02,1.9442839537337871e+01,1.9317524918268859e+01
branch0_seg60,1.7246376811594217e+00,6.0598288652263493e-02,6.0598294870829413e-02,1.9083305639963481e+01,1.8959421107238775e+01
branch0_seg60,1.8260869565217419e+00,5.9280418287020846e-02,5.9280432001848807e-02,1.8561366038588080e+01,1.8441304012197556e+01
branch0_seg60,1.9275362318840585e+00,5.7841919101442006e-02,5.7841932726117616e-02,1.7882746396210351e+01,1.7768485020350692e+01
branch0_seg60,2.0289855072463787e+00,5.6155182367739101e-02,5.6155202569914825e-02,1.7009386587640908e+01,1.6903059289762407e+01
branch0_seg60,2.1304347826086989e+00,5.4143908848162697e-02,5.4143929360673783e-02,1.5989001205550387e+01,1.5891873452285170e+01
branch0_seg60,2.2318840579710155e+00,5.1804189974053165e-02,5.1804212629426381e-02,1.4886627452054560e+01,1.4799029453003852e+01
branch0_seg60,2.3333333333333357e+00,4.9212993923585906e-02,4.9213014035247395e-02,1.3808631309535961e+01,1.3729585074391048e+01
branch0_seg60,2.4347826086956559e+00,4.6526515427869578e-02,4.6526531893803832e-02,1.2877859985569154e+01,1.2805053851038991e+01
branch0_seg60,2.5362318840579725e+00,4.3965947924068022e-02,4.3965957437485638e-02,1.2220792409734504e+01,1.2150674882873886e+01
branch0_seg60,2.6376811594202927e+00,4.1791550390047887e-02,4.1791551550069181e-02,1.1947197962995965e+01,1.1875307457711784e+01
branch0_seg60,2.7391304347826093e+00,4.0271743756998948e-02,4.0271734933654747e-02,1.2139875334691135e+01,1.2061223719190293e+01
branch0_seg60,2.8405797101449295e+00,3.9648102184339618e-02,3.9648083326436490e-02,1.2837721008712684e+01,1.2747357082530586e+01
branch0_seg60,2.9420289855072497e+00,4.0102246302776548e-02,4.0102217865181020e-02,1.4033592307044700e+01,1.3927121486779443e+01
branch0_seg60,3.0434782608695663e+00,4.1728606373852471e-02,4.1728570080150768e-02,1.5670830004714846e+01,1.5544939931718732e+01
branch0_seg60,3.1449275362318865e+00,4.4518597313653985e-02,4.4518555311506794e-02,1.7653345741840624e+01,1.7506147824560760e+01
branch0_seg60,3.2463768115942031e+00,4.8348929590654191e-02,4.8348885393871943e-02,1.9835802301728840e+01,1.9667278252257553e+01
branch0_seg60,3.3478260869565233e+00,5.2996740552631531e-02,5.2996696478424324e-02,2.2074997916074260e+01,2.1886711605706218e+01
branch0_seg60,3.4492753623188435e+00,5.8156093933563441e-02,5.8156054247415483e-02,2.4197588981508936e+01,2.3992875185282024e+01
branch0_seg60,3.5507246376811601e+00,6.3469029416569664e-02,6.3468995971370151e-02,2.6056685797183302e+01,2.5840064004380903e+01
branch0_seg60,3.6521739130434803e+00,6.8561764383295809e-02,6.8561740306851832e-02,2.7517588763097379e+01,2.7294469407163785e+01
branch0_seg60,3.7536231884058004e+00,7.3083035552128445e-02,7.3083021554909353e-02,2.8490269733321337e+01,2.8266293388290880e+01
branch0_seg60,3.8550724637681171e+00,7.6738055380878661e-02,7.6738052475737256e-02,2.8924338257824555e+01,2.8704916502283005e+01
branch0_seg60,3.9565217391304373e+00,7.9322469651037356e-02,7.9322476378638304e-02,2.8836509982779141e+01,2.8626097940635269e+01
branch0_seg60,4.0579710144927574e+00,8.0734834713356712e-02,8.0734850405223560e-02,2.8273654772700485e+01,2.8075639664817263e+01
branch0_seg60,4.1594202898550776e+00,8.0984500535492415e-02,8.0984521892332809e-02,2.7343190544392503e+01,2.7159382124866948e+01
branch0_seg60,4.2608695652173907e+00,8.0183074445112731e-02,8.0183099645091127e-02,2.6166481114597858e+01,2.5997264722264386e+01
branch0_seg60,4.3623188405797109e+00,7.8525143833408945e-02,7.8525169411552451e-02,2.4884541833559748e+01,2.4728872126711721e+01
branch0_seg60,4.4637681159420310e+00,7.6259724421222447e-02,7.6259748570215252e-02,2.3624272272725410e+01,2.3480056202170584e+01
branch0_seg60,4.5652173913043512e+00,7.3655983289981186e-02,7.3656003907631482e-02,2.2489799075014840e+01,2.2354272501347413e+01
branch0_seg60,4.6666666666666714e+00,7.0970940148376099e-02,7.0970956442832411e-02,2.1551231575739806e+01,2.1421395633425476e+01
branch0_seg60,4.7681159420289845e+00,6.8414359711686315e-02,6.8414371904531701e-02,2.0824700183854812e+01,2.0697935144045630e+01
branch0_seg60,4.8695652173913047e+00,6.6129266575052678e-02,6.6129274992423812e-02,2.0297977977435409e+01,2.0172241331593451e+01
branch0_seg60,4.9710144927536248e+00,6.4178016266344270e-02,6.4178022866237028e-02,1.9910642124958194e+01,1.9784923313172079e+01
branch0_seg60,5.0724637681159450e+00,6.2542651556831932e-02,6.2542657496076098e-02,1.9588582799804943e+01,1.9462871076868883e+01
branch0_seg60,5.1739130434782652e+00,6.1136221609798730e-02,6.1136229101124991e-02,1.9242362127624659e+01,1.9117679431294761e+01
branch0_seg60,5.2753623188405783e+00,5.9824161419352893e-02,5.9824171522459307e-02,1.8793484539028121e+01,1.8671599005774308e+01
branch0_seg60,5.3768115942028984e+00,5.8452357166567576e-02,5.8452371046091939e-02,1.8182340246256441e+01,1.8065448293707462e+01
branch0_seg60,5.4782608695652186e+00,5.6879551993597184e-02,5.6879569470401022e-02,1.7386737271459783e+01,1.7276965218076302e+01
branch0_seg60,5.5797101449275388e+00,5.5005566050169291e-02,5.5005586678339373e-02,1.6419818429713601e+01,1.6318836551038746e+01
branch0_seg60,5.6811594202898590e+00,5.2795190320074965e-02,5.2795212325931339e-02,1.5339880065259033e+01,1.5248436082644924e+01
branch0_seg60,5.7826086956521792e+00,5.0292008559604036e-02,5.0292030026383730e-02,1.4237856800636733e+01,1.4155525681013062e+01
branch0_seg60,5.8840579710144922e+00,4.7620928624445745e-02,4.7620946881741462e-02,1.3231508849337724e+01,1.3156520566841930e+01
branch0_seg60,5.9855072463768124e+00,4.4979094861534522e-02,4.4979107482658105e-02,1.2448149991347099e+01,1.2377432296908253e+01
branch0_seg60,6.0869565217391326e+00,4.2614465615526918e-02,4.2614470374356186e-02,1.2006435734856977e+01,1.1935850886590467e+01
branch0_seg60,6.1884057971014528e+00,4.0796159688215705e-02,4.0796155040657318e-02,1.2001386175079316e+01,1.1926105797058190e+01
branch0_seg60,6.2898550724637730e+00,3.9780948945641596e-02,3.9780934145337163e-02,1.2491479661590777e+01,1.2406466720423435e+01
branch0_seg60,6.3913043478260860e+00,3.9778606031820131e-02,3.9778581373746180e-02,1.3488205017517764e+01,1.3388776399875598e+01
branch0_seg60,6.4927536231884062e+00,4.0921869295569992e-02,4.0921835948716699e-02,1.4955228766902437e+01,1.4837572500016469e+01
branch0_seg60,6.5942028985507264e+00,4.3245146509664684e-02,4.3245106547356721e-02,1.6810550210726532e+01,1.6672170398585788e+01
branch0_seg60,6.6956521739130466e+00,4.6673092218695041e-02,4.6673048419994326e-02,1.8931698999931328e+01,1.8771753108823642e+01
branch0_seg60,6.7971014492753667e+00,5.1020078604029753e-02,5.1020034280782153e-02,2.1164502556253723e+01,2.0983989419549005e+01
branch0_seg60,6.8985507246376869e+00,5.6011912914240763e-02,5.6011870823260410e-02,2.3356714706825887e+01,2.3158198150705029e+01
branch0_seg60,7.0000000000000000e+00,6.1307276124918694e-02,6.1307240067425960e-02,2.5338720931798505e+01,2.5126353204818766e+01
branch0_seg61,0.0000000000000000e+00,6.1307240067425821e-02,6.1307204695907981e-02,2.5126353204819214e+01,2.4909407698381081e+01
branch0_seg61,1.0144927536232018e-01,6.5109375965227936e-02,6.5109453601471176e-02,2.3871588890377886e+01,2.3684321230744985e+01
branch0_seg61,2.0289855072464036e-01,7.0722049254036773e-02,7.0721730076930236e-02,3.0975393388375583e+01,3.0698928747369354e+01
branch0_seg61,3.0434782608695699e-01,7.4594703261484277e-02,7.4595146550089461e-02,2.5647160076601367e+01,2.5461769570676772e+01
branch0_seg61,4.0579710144927716e-01,7.7962600456543435e-02,7.7962084493326270e-02,3.0886411889980600e+01,3.0632847588638565e+01
branch0_seg61,5.0724637681159734e-01,8.0038927803593285e-02,8.0039436679009618e-02,2.7012254174782633e+01,2.6823321603839325e+01
branch0_seg61,6.0869565217391397e-01,8.0964522031659616e-02,8.0964112077371031e-02,2.8611445663400186e+01,2.8400758149802606e+01
branch0_seg61,7.1014492753623415e-01,8.0786254049233536e-02,8.0786612110684330e-02,2.6234562713060939e+01,2.6059513315291404e+01
branch0_seg61,8.1159420289855433e-01,7.9586990024171578e-02,7.9586771129909778e-02,2.5705349675053405e+01,2.5533658033370138e+01
branch0_seg61,9.1304347826087096e-01,7.7666970183290704e-02,7.7667160757587533e-02,2.4134876253614166e+01,2.3981379422258058e+01
branch0_seg61,1.0144927536231911e+00,7.5217770473795104e-02,7.5217687320401683e-02,2.3003122728201255e+01,2.2858427308873242e+01
branch0_seg61,1.1159420289855078e+00,7.2560831601531789e-02,7.2560912688616142e-02,2.1977318924021567e+01,2.1840350058109980e+01
branch0_seg61,1.2173913043478279e+00,6.9900670306923443e-02,6.9900650671763806e-02,2.1064405548538865e+01,2.0932747884858131e+01
branch0_seg61,1.3188405797101481e+00,6.7445179825513110e-02,6.7445206454571888e-02,2.0495280594785697e+01,2.0365083594527800e+01
branch0_seg61,1.4202898550724647e+00,6.5291713467916859e-02,6.5291714718285015e-02,1.9975507048006754e+01,1.9846577010313297e+01
branch0_seg61,1.5217391304347849e+00,6.3476561748329566e-02,6.3476568677174064e-02,1.9668946887277478e+01,1.9539408276852321e+01
branch0_seg61,1.6231884057971016e+00,6.1948058153095183e-02,6.1948065860300376e-02,1.9317524918268859e+01,1.9188735126800140e+01
branch0_seg61,1.7246376811594217e+00,6.0598294870829413e-02,6.0598300973875037e-02,1.8959421107238775e+01,1.8832114731166445e+01
branch0_seg61,1.8260869565217419e+00,5.9280432001848807e-02,5.9280445428710804e-02,1.8441304012197556e+01,1.8317912044971788e+01
branch0_seg61,1.9275362318840585e+00,5.7841932726117616e-02,5.7841946057039101e-02,1.7768485020350692e+01,1.7651010105327533e+01
branch0_seg61,2.0289855072463787e+00,5.6155202569914825e-02,5.6155222327982791e-02,1.6903059289762407e+01,1.6793671829233329e+01
branch0_seg61,2.1304347826086989e+00,5.4143929360673783e-02,5.4143949431020917e-02,1.5891873452285170e+01,1.5791864261953302e+01
branch0_seg61,2.2318840579710155e+00,5.1804212629426381e-02,5.1804234804088266e-02,1.4799029453003852e+01,1.4708742941674092e+01
branch0_seg61,2.3333333333333357e+00,4.9213014035247395e-02,4.9213033741055817e-02,1.3729585074391048e+01,1.3648038530930405e+01
branch0_seg61,2.4347826086956559e+00,4.6526531893803832e-02,4.6526548051859989e-02,1.2805053851038991e+01,1.2729908485651359e+01
branch0_seg61,2.5362318840579725e+00,4.3965957437485638e-02,4.3965966816029552e-02,1.2150674882873886e+01,1.2078330081171693e+01
branch0_seg61,2.6376811594202927e+00,4.1791551550069181e-02,4.1791552773688033e-02,1.1875307457711784e+01,1.1801232434125824e+01
branch0_seg61,2.7391304347826093e+00,4.0271734933654747e-02,4.0271726403729773e-02,1.2061223719190293e+01,1.1980346693640552e+01
branch0_seg61,2.8405797101449295e+00,3.9648083326436490e-02,3.9648064982973227e-02,1.2747357082530586e+01,1.2654636073912792e+01
branch0_seg61,2.9420289855072497e+00,4.0102217865181020e-02,4.0102190143910157e-02,1.3927121486779443e+01,1.3818073027761576e+01
branch0_seg61,3.0434782608695663e+00,4.1728570080150768e-02,4.1728534655109825e-02,1.5544939931718732e+01,1.5416173668151020e+01
branch0_seg61,3.1449275362318865e+00,4.4518555311506794e-02,4.4518514274109723e-02,1.7506147824560760e+01,1.7355715841438435e+01
branch0_seg61,3.2463768115942031e+00,4.8348885393871943e-02,4.8348842170106134e-02,1.9667278252257553e+01,1.9495130583386363e+01
branch0_seg61,3.3478260869565233e+00,5.2996696478424324e-02,5.2996653334444428e-02,2.1886711605706218e+01,2.1694407625326381e+01
branch0_seg61,3.4492753623188435e+00,5.8156054247415483e-02,5.8156015349884613e-02,2.3992875185282024e+01,2.3783776981750677e+01
branch0_seg61,3.5507246376811601e+00,6.3468995971370151e-02,6.3468963142544965e-02,2.5840064004380903e+01,2.5618744626931825e+01
branch0_seg61,3.6521739130434803e+00,6.8561740306851832e-02,6.8561716610904391e-02,2.7294469407163785e+01,2.7066415312826322e+01
branch0_seg61,3.7536231884058004e+00,7.3083021554909353e-02,7.3083007703159134e-02,2.8266293388290880e+01,2.8037234992324510e+01
branch0_seg61,3.8550724637681171e+00,7.6738052475737256e-02,7.6738049470220102e-02,2.8704916502283005e+01,2.8480360915607406e+01
branch0_seg61,3.9565217391304373e+00,7.9322476378638304e-02,7.9322482810155609e-02,2.8626097940635269e+01,2.8410589934180486e+01
branch0_seg61,4.0579710144927574e+00,8.0734850405223560e-02,8.0734865627438493e-02,2.8075639664817263e+01,2.7872645200192309e+01
branch0_seg61,4.1594202898550776e+00,8.0984521892332809e-02,8.0984542691789396e-02,2.7159382124866948e+01,2.6970769403618561e+01
branch0_seg61,4.2608695652173907e+00,8.0183099645091127e-02,8.0183124239613823e-02,2.5997264722264386e+01,2.5823455593699357e+01
branch0_seg61,4.3623188405797109e+00,7.8525169411552451e-02,7.8525194415858882e-02,2.4728872126711721e+01,2.4568833783916720e+01
branch0_seg61,4.4637681159420310e+00,7.6259748570215252e-02,7.6259772209503210e-02,2.3480056202170584e+01,2.3331686901230679e+01
branch0_seg61,4.5652173913043512e+00,7.3656003907631482e-02,7.3656024120790323e-02,2.2354272501347413e+01,2.2214782900331976e+01
branch0_seg61,4.6666666666666714e+00,7.0970956442832411e-02,7.0970972445428937e-02,2.1421395633425476e+01,2.1287750706932798e+01
branch0_seg61,4.7681159420289845e+00,6.8414371904531701e-02,6.8414383902767786e-02,2.0697935144045630e+01,2.0567477679182947e+01
branch0_seg61,4.8695652173913047e+00,6.6129274992423812e-02,6.6129283298019675e-02,2.0172241331593451e+01,2.0042894374744055e+01
branch0_seg61,4.9710144927536248e+00,6.4178022866237028e-02,6.4178029383963095e-02,1.9784923313172079e+01,1.9655653226574962e+01
branch0_seg61,5.0724637681159450e+00,6.2542657496076098e-02,6.2542663354871811e-02,1.9462871076868883e+01,1.9333657493865005e+01
branch0_seg61,5.1739130434782652e+00,6.1136229101124991e-02,6.1136236460638142e-02,1.9117679431294761e+01,1.8989550449998220e+01
branch0_seg61,5.2753623188405783e+00,5.9824171522459307e-02,5.9824181422050732e-02,1.8671599005774308e+01,1.8546342698465516e+01
branch0_seg61,5.3768115942028984e+00,5.8452371046091939e-02,5.8452384627235343e-02,1.8065448293707462e+01,1.7945291039447270e+01
branch0_seg61,5.4782608695652186e+00,5.6879569470401022e-02,5.6879586565399771e-02,1.7276965218076302e+01,1.7164066779875331e+01
branch0_seg61,5.5797101449275388e+00,5.5005586678339373e-02,5.5005606856794821e-02,1.6318836551038746e+01,1.6214897705253772e+01
branch0_seg61,5.6811594202898590e+00,5.2795212325931345e-02,5.2795233861507834e-02,1.5248436082644924e+01,1.5154224365062971e+01
branch0_seg61,5.7826086956521792e+00,5.0292030026383723e-02,5.0292051049095080e-02,1.4155525681013062e+01,1.4070619399981913e+01
branch0_seg61,5.8840579710144922e+00,4.7620946881741476e-02,4.7620964784502867e-02,1.3156520566841930e+01,1.3079132075029699e+01
branch0_seg61,5.9855072463768124e+00,4.4979107482658098e-02,4.4979119892510681e-02,1.2377432296908253e+01,1.2304448972250567e+01
branch0_seg61,6.0869565217391326e+00,4.2614470374356186e-02,4.2614475112280115e-02,1.1935850886590467e+01,1.1863073499751552e+01
branch0_seg61,6.1884057971014528e+00,4.0796155040657318e-02,4.0796150591328816e-02,1.1926105797058190e+01,1.1848627446541844e+01
branch0_seg61,6.2898550724637730e+00,3.9780934145337163e-02,3.9780919771341246e-02,1.2406466720423435e+01,1.2319161444324429e+01
branch0_seg61,6.3913043478260860e+00,3.9778581373746180e-02,3.9778557353686045e-02,1.3388776399875598e+01,1.3286870348632611e+01
branch0_seg61,6.4927536231884062e+00,4.0921835948716699e-02,4.0921803415411490e-02,1.4837572500016469e+01,1.4717170166708625e+01
branch0_seg61,6.5942028985507264e+00,4.3245106547356721e-02,4.3245067517900318e-02,1.6672170398585788e+01,1.6530708208049802e+01
branch0_seg61,6.6956521739130466e+00,4.6673048419994326e-02,4.6673005603141943e-02,1.8771753108823642e+01,1.8608344374302604e+01
branch0_seg61,6.7971014492753667e+00,5.1020034280782153e-02,5.1019990908943526e-02,2.0983989419549005e+01,2.0799618073562378e+01
branch0_seg61,6.8985507246376869e+00,5.6011870823260410e-02,5.6011829593006879e-02,2.3158198150705029e+01,2.2955441526904881e+01
branch0_seg61,7.0000000000000000e+00,6.1307240067425960e-02,6.1307204695908120e-02,2.5126353204818766e+01,2.4909407698380637e+01
branch0_seg62,0.0000000000000000e+00,6.1307204695907981e-02,6.1307169986133760e-02,2.4909407698381081e+01,2.4687974698482659e+01
branch0_seg62,1.0144927536232018e-01,6.5109453601471176e-02,6.5109529019154636e-02,2.3684321230744985e+01,2.3492815769263089e+01
branch0_seg62,2.0289855072464036e-01,7.0721730076930236e-02,7.0721419022282364e-02,3.0698928747369354e+01,3.0416977706796949e+01
branch0_seg62,3.0434782608695699e-01,7.4595146550089461e-02,7.4595577887659748e-02,2.5461769570676772e+01,2.5271857104919185e+01
branch0_seg62,4.0579710144927716e-01,7.7962084493326270e-02,7.7961582120050610e-02,3.0632847588638565e+01,3.0373897369066356e+01
branch0_seg62,5.0724637681159734e-01,8.0039436679009618e-02,8.0039931852348215e-02,2.6823321603839325e+01,2.6629631811864382e+01
branch0_seg62,6.0869565217391397e-01,8.0964112077371031e-02,8.0963713115390676e-02,2.8400758149802606e+01,2.8185142827996852e+01
branch0_seg62,7.1014492753623415e-01,8.0786612110684330e-02,8.0786960557910167e-02,2.6059513315291404e+01,2.5879849718452721e+01
branch0_seg62,8.1159420289855433e-01,7.9586771129909778e-02,7.9586558273928659e-02,2.5533658033370138e+01,2.5357552893783062e+01
branch0_seg62,9.1304347826087096e-01,7.7667160757587533e-02,7.7667346266163131e-02,2.3981379422258058e+01,2.3823641070839461e+01
branch0_seg62,1.0144927536231911e+00,7.5217687320401683e-02,7.5217606626443792e-02,2.2858427308873242e+01,2.2709761062905454e+01
branch0_seg62,1.1159420289855078e+00,7.2560912688616142e-02,7.2560991678736142e-02,2.1840350058109980e+01,2.1699514299966729e+01
branch0_seg62,1.2173913043478279e+00,6.9900650671763806e-02,6.9900631769522825e-02,2.0932747884858131e+01,2.0797419346296859e+01
branch0_seg62,1.3188405797101481e+00,6.7445206454571888e-02,6.7445232445850212e-02,2.0365083594527800e+01,2.0231269894025811e+01
branch0_seg62,1.4202898550724647e+00,6.5291714718285015e-02,6.5291716081908091e-02,1.9846577010313297e+01,1.9714134371083187e+01
branch0_seg62,1.5217391304347849e+00,6.3476568677174064e-02,6.3476575479898156e-02,1.9539408276852321e+01,1.9406387466712598e+01
branch0_seg62,1.6231884057971016e+00,6.1948065860300376e-02,6.1948073456861458e-02,1.9188735126800140e+01,1.9056527369907950e+01
branch0_seg62,1.7246376811594217e+00,6.0598300973875037e-02,6.0598306967535216e-02,1.8832114731166445e+01,1.8701443006164425e+01
branch0_seg62,1.8260869565217419e+00,5.9280445428710804e-02,5.9280458576053144e-02,1.8317912044971788e+01,1.8191244967635527e+01
branch0_seg62,1.9275362318840585e+00,5.7841946057039101e-02,5.7841959104992333e-02,1.7651010105327533e+01,1.7530374075189034e+01
branch0_seg62,2.0289855072463787e+00,5.6155222327982791e-02,5.6155241656257127e-02,1.6793671829233329e+01,1.6681273356370031e+01
branch0_seg62,2.1304347826086989e+00,5.4143949431020917e-02,5.4143969074428117e-02,1.5791864261953302e+01,1.5689018991952153e+01
branch0_seg62,2.2318840579710155e+00,5.1804234804088266e-02,5.1804256514114390e-02,1.4708742941674092e+01,1.4615809300891174e+01
branch0_seg62,2.3333333333333357e+00,4.9213033741055817e-02,4.9213053055072890e-02,1.3648038530930405e+01,1.3564029424975287e+01
branch0_seg62,2.4347826086956559e+00,4.6526548051859989e-02,4.6526563912853779e-02,1.2729908485651359e+01,1.2652458860335550e+01
branch0_seg62,2.5362318840579725e+00,4.3965966816029552e-02,4.3965976065017953e-02,1.2078330081171693e+01,1.2003791571032080e+01
branch0_seg62,2.6376811594202927e+00,4.1791552773688033e-02,4.1791554059723811e-02,1.1801232434125824e+01,1.1725006808615236e+01
branch0_seg62,2.7391304347826093e+00,4.0271726403729773e-02,4.0271718158494382e-02,1.1980346693640552e+01,1.1897280521469090e+01
branch0_seg62,2.8405797101449295e+00,3.9648064982973227e-02,3.9648047137865565e-02,1.2654636073912792e+01,1.2559598613261917e+01
branch0_seg62,2.9420289855072497e+00,4.0102190143910157e-02,4.0102163116054891e-02,1.3818073027761576e+01,1.3706493763292164e+01
branch0_seg62,3.0434782608695663e+00,4.1728534655109825e-02,4.1728500070532713e-02,1.5416173668151020e+01,1.5284585687699554e+01
branch0_seg62,3.1449275362318865e+00,4.4518514274109723e-02,4.4518474169722801e-02,1.7355715841438435e+01,1.7202112798654465e+01
branch0_seg62,3.2463768115942031e+00,4.8348842170106134e-02,4.8348799886881337e-02,1.9495130583386363e+01,1.9319430992419374e+01
branch0_seg62,3.3478260869565233e+00,5.2996653334444428e-02,5.2996611089147078e-02,2.1694407625326381e+01,2.1498165882893520e+01
branch0_seg62,3.4492753623188435e+00,5.8156015349884613e-02,5.8155977213603771e-02,2.3783776981750677e+01,2.3570381286995605e+01
branch0_seg62,3.5507246376811601e+00,6.3468963142544965e-02,6.3468930908022844e-02,2.5618744626931825e+01,2.5392819881190743e+01
branch0_seg62,3.6521739130434803e+00,6.8561716610904391e-02,6.8561693280900921e-02,2.7066415312826322e+01,2.6833521896388941e+01
branch0_seg62,3.7536231884058004e+00,7.3083007703159134e-02,7.3082993990005354e-02,2.8037234992324510e+01,2.7803190924973702e+01
branch0_seg62,3.8550724637681171e+00,7.6738049470220102e-02,7.6738046365685014e-02,2.8480360915607406e+01,2.8250766653150848e+01
branch0_seg62,3.9565217391304373e+00,7.9322482810155609e-02,7.9322488953707151e-02,2.8410589934180486e+01,2.8190078045607123e+01
branch0_seg62,4.0579710144927574e+00,8.0734865627438493e-02,8.0734880394266420e-02,2.7872645200192309e+01,2.7664758934745539e+01
branch0_seg62,4.1594202898550776e+00,8.0984542691789396e-02,8.0984562951528755e-02,2.6970769403618561e+01,2.6777434560274603e+01
branch0_seg62,4.2608695652173907e+00,8.0183124239613823e-02,8.0183148248433783e-02,2.5823455593699357e+01,2.5645130240927045e+01
branch0_seg62,4.3623188405797109e+00,7.8525194415858882e-02,7.8525218865493421e-02,2.4568833783916720e+01,2.4404497928700852e+01
branch0_seg62,4.4637681159420310e+00,7.6259772209503210e-02,7.6259795356500917e-02,2.3331686901230679e+01,2.3179230816965077e+01
branch0_seg62,4.5652173913043512e+00,7.3656024120790323e-02,7.3656043943644570e-02,2.2214782900331976e+01,2.2071393046003806e+01
branch0_seg62,4.6666666666666714e+00,7.0970972445428937e-02,7.0970988166777244e-02,2.1287750706932798e+01,2.1150357025982768e+01
branch0_seg62,4.7681159420289845e+00,6.8414383902767786e-02,6.8414395713802187e-02,2.0567477679182947e+01,2.0433386488098119e+01
branch0_seg62,4.8695652173913047e+00,6.6129283298019675e-02,6.6129291496461573e-02,2.0042894374744055e+01,1.9909995089376761e+01
branch0_seg62,4.9710144927536248e+00,6.4178029383963095e-02,6.4178035823017426e-02,1.9655653226574962e+01,1.9522889562224933e+01
branch0_seg62,5.0724637681159450e+00,6.2542663354871811e-02,6.2542669136501639e-02,1.9333657493865005e+01,1.9200999510567080e+01
branch0_seg62,5.1739130434782652e+00,6.1136236460638142e-02,6.1136243693140101e-02,1.8989550449998220e+01,1.8858032049203981e+01
branch0_seg62,5.2753623188405783e+00,5.9824181422050732e-02,5.9824191125158917e-02,1.8546342698465516e+01,1.8417771227734448e+01
branch0_seg62,5.3768115942028984e+00,5.8452384627235343e-02,5.8452397920072376e-02,1.7945291039447270e+01,1.7821921993723844e+01
branch0_seg62,5.4782608695652186e+00,5.6879586565399771e-02,5.6879603291401175e-02,1.7164066779875331e+01,1.7048092527063702e+01
branch0_seg62,5.5797101449275388e+00,5.5005606856794821e-02,5.5005626600630429e-02,1.6214897705253772e+01,1.6108048841922599e+01
branch0_seg62,5.6811594202898590e+00,5.2795233861507834e-02,5.2795254942680767e-02,1.5154224365062971e+01,1.5057287906305083e+01
branch0_seg62,5.7826086956521792e+00,5.0292051049095080e-02,5.0292071642890013e-02,1.4070619399981913e+01,1.3983177113023064e+01
branch0_seg62,5.8840579710144922e+00,4.7620964784502867e-02,4.7620982345079027e-02,1.3079132075029699e+01,1.2999379338377034e+01
branch0_seg62,5.9855072463768124e+00,4.4979119892510681e-02,4.4979132098858315e-02,1.2304448972250567e+01,1.2229233963209758e+01
branch0_seg62,6.0869565217391326e+00,4.2614475112280115e-02,4.2614479830886551e-02,1.1863073499751552e+01,1.1788137116696662e+01
branch0_seg62,6.1884057971014528e+00,4.0796150591328816e-02,4.0796146334640224e-02,1.1848627446541844e+01,1.1768986181749042e+01
branch0_seg62,6.2898550724637730e+00,3.9780919771341246e-02,3.9780905810511635e-02,1.2319161444324429e+01,1.2229602445679353e+01
branch0_seg62,6.3913043478260860e+00,3.9778557353686045e-02,3.9778533951395210e-02,1.3286870348632611e+01,1.3182530966274079e+01
branch0_seg62,6.4927536231884062e+00,4.0921803415411490e-02,4.0921771669394910e-02,1.4717170166708625e+01,1.4594072983623793e+01
branch0_seg62,6.5942028985507264e+00,4.3245067517900318e-02,4.3245029390771163e-02,1.6530708208049802e+01,1.6386223096725502e+01
branch0_seg62,6.6956521739130466e+00,4.6673005603141943e-02,4.6672963735571095e-02,1.8608344374302604e+01,1.8441540978269451e+01
branch0_seg62,6.7971014492753667e+00,5.1019990908943526e-02,5.1019948456461468e-02,2.0799618073562378e+01,2.0611465175703049e+01
branch0_seg62,6.8985507246376869e+00,5.6011829593006879e-02,5.6011789193937754e-02,2.2955441526904881e+01,2.2748529079868170e+01
branch0_seg62,7.0000000000000000e+00,6.1307204695908120e-02,6.1307169986133898e-02,2.4909407698380637e+01,2.4687974698482218e+01
branch0_seg63,0.0000000000000000e+00,6.1307169986133760e-02,6.1307135993348368e-02,2.4687974698482659e+01,2.4461281514907245e+01
branch0_seg63,1.0144927536232018e-01,6.5109529019154636e-02,6.5109602119762328e-02,2.3492815769263089e+01,2.3296334729563480e+01
branch0_seg63,2.0289855072464036e-01,7.0721419022282364e-02,7.0721116524146879e-02,3.0416977706796949e+01,3.0128596230020346e+01
branch0_seg63,3.0434782608695699e-01,7.4595577887659748e-02,7.4595996691899494e-02,2.5271857104919185e+01,2.5076631852013453e+01
branch0_seg63,4.0579710144927716e-01,7.7961582120050610e-02,7.7961094021967867e-02,3.0373897369066356e+01,3.0108618083833953e+01
branch0_seg63,5.0724637681159734e-01,8.0039931852348215e-02,8.0040412658934107e-02,2.6629631811864382e+01,2.6430354372574975e+01
branch0_seg63,6.0869565217391397e-01,8.0963713115390676e-02,8.0963325678861969e-02,2.8185142827996852e+01,2.7963721482463416e+01
branch0_seg63,7.1014492753623415e-01,8.0786960557910167e-02,8.0787298928605950e-02,2.5879849718452721e+01,2.5694763915832766e+01
branch0_seg63,8.1159420289855433e-01,7.9586558273928659e-02,7.9586351729121096e-02,2.5357552893783062e+01,2.5176239900128888e+01
branch0_seg63,9.1304347826087096e-01,7.7667346266163131e-02,7.7667526467515915e-02,2.3823641070839461e+01,2.3660913771213419e+01
branch0_seg63,1.0144927536231911e+00,7.5217606626443792e-02,7.5217528484206791e-02,2.2709761062905454e+01,2.2556408250062347e+01
branch0_seg63,1.1159420289855078e+00,7.2560991678736142e-02,7.2561068472206905e-02,2.1699514299966729e+01,2.1554126904569454e+01
branch0_seg63,1.2173913043478279e+00,6.9900631769522825e-02,6.9900613611908247e-02,2.0797419346296859e+01,2.0657761323251673e+01
branch0_seg63,1.3188405797101481e+00,6.7445232445850212e-02,6.7445257768544320e-02,2.0231269894025811e+01,2.0093198425686271e+01
branch0_seg63,1.4202898550724647e+00,6.5291716081908091e-02,6.5291717547677916e-02,1.9714134371083187e+01,1.9577553295386277e+01
branch0_seg63,1.5217391304347849e+00,6.3476575479898156e-02,6.3476582149414387e-02,1.9406387466712598e+01,1.9269268263104312e+01
branch0_seg63,1.6231884057971016e+00,6.1948073456861458e-02,6.1948080926990751e-02,1.9056527369907950e+01,1.8920295948952226e+01
branch0_seg63,1.7246376811594217e+00,6.0598306967535216e-02,6.0598312844055188e-02,1.8701443006164425e+01,1.8566811122283379e+01
branch0_seg63,1.8260869565217419e+00,5.9280458576053144e-02,5.9280471422445496e-02,1.8191244967635527e+01,1.8060723341003527e+01
branch0_seg63,1.9275362318840585e+00,5.7841959104992333e-02,5.7841971850978245e-02,1.7530374075189034e+01,1.7406017464847352e+01
branch0_seg63,2.0289855072463787e+00,5.6155241656257127e-02,5.6155260525111265e-02,1.6681273356370031e+01,1.6565330024047828e+01
branch0_seg63,2.1304347826086989e+00,5.4143969074428117e-02,5.4143988261349071e-02,1.5689018991952153e+01,1.5582833816932093e+01
branch0_seg63,2.2318840579710155e+00,5.1804256514114390e-02,5.1804277726102771e-02,1.4615809300891174e+01,1.4519757293685739e+01
branch0_seg63,2.3333333333333357e+00,4.9213053055072890e-02,4.9213071947216899e-02,1.3564029424975287e+01,1.3477118648119028e+01
branch0_seg63,2.4347826086956559e+00,4.6526563912853779e-02,4.6526579451237525e-02,1.2652458860335550e+01,1.2572293978113288e+01
branch0_seg63,2.5362318840579725e+00,4.3965976065017953e-02,4.3965985168347113e-02,1.2003791571032080e+01,1.1926668715436849e+01
branch0_seg63,2.6376811594202927e+00,4.1791554059723811e-02,4.1791555403627369e-02,1.1725006808615236e+01,1.1646249241407158e+01
branch0_seg63,2.7391304347826093e+00,4.0271718158494382e-02,4.0271710207495745e-02,1.1897280521469090e+01,1.1811639508054478e+01
branch0_seg63,2.8405797101449295e+00,3.9648047137865565e-02,3.9648029815159573e-02,1.2559598613261917e+01,1.2461839673330411e+01
branch0_seg63,2.9420289855072497e+00,4.0102163116054891e-02,4.0102136819786874e-02,1.3706493763292164e+01,1.3591944395128206e+01
branch0_seg63,3.0434782608695663e+00,4.1728500070532713e-02,4.1728466376606259e-02,1.5284585687699554e+01,1.5149689043820425e+01
branch0_seg63,3.1449275362318865e+00,4.4518474169722801e-02,4.4518435057696190e-02,1.7202112798654465e+01,1.7044793535723308e+01
branch0_seg63,3.2463768115942031e+00,4.8348799886881337e-02,4.8348758607957121e-02,1.9319430992419374e+01,1.9139569880683482e+01
branch0_seg63,3.3478260869565233e+00,5.2996611089147078e-02,5.2996569807316374e-02,2.1498165882893520e+01,2.1297310474926839e+01
branch0_seg63,3.4492753623188435e+00,5.8155977213603771e-02,5.8155939898381505e-02,2.3570381286995605e+01,2.3351949259093068e+01
branch0_seg63,3.5507246376811601e+00,6.3468930908022844e-02,6.3468899319627514e-02,2.5392819881190743e+01,2.5161495778669032e+01
branch0_seg63,3.6521739130434803e+00,6.8561693280900921e-02,6.8561670356048099e-02,2.6833521896388941e+01,2.6594951801376755e+01
branch0_seg63,3.7536231884058004e+00,7.3082993990005354e-02,7.3082980440509371e-02,2.7803190924973702e+01,2.7563294838976571e+01
branch0_seg63,3.8550724637681171e+00,7.6738046365685014e-02,7.6738043171294734e-02,2.8250766653150848e+01,2.8015254141292299e+01
branch0_seg63,3.9565217391304373e+00,7.9322488953707151e-02,7.9322494804107163e-02,2.8190078045607123e+01,2.7963684663468879e+01
branch0_seg63,4.0579710144927574e+00,8.0734880394266420e-02,8.0734894686950137e-02,2.7664758934745539e+01,2.7451118979228397e+01
branch0_seg63,4.1594202898550776e+00,8.0984562951528755e-02,8.0984582643539083e-02,2.6777434560274603e+01,2.6578542064436505e+01
branch0_seg63,4.2608695652173907e+00,8.0183148248433783e-02,8.0183171636934530e-02,2.5645130240927045e+01,2.5461486657785638e+01
branch0_seg63,4.3623188405797109e+00,7.8525218865493421e-02,7.8525242724068703e-02,2.4404497928700852e+01,2.4235099237836117e+01
branch0_seg63,4.4637681159420310e+00,7.6259795356500917e-02,7.6259817975880564e-02,2.3179230816965077e+01,2.3021958874114389e+01
branch0_seg63,4.5652173913043512e+00,7.3656043943644570e-02,7.3656063345070202e-02,2.2071393046003806e+01,2.1923406704904462e+01
branch0_seg63,4.6666666666666714e+00,7.0970988166777244e-02,7.0971003581421707e-02,2.1150357025982768e+01,2.1008545764135857e+01
branch0_seg63,4.7681159420289845e+00,6.8414395713802187e-02,6.8414407317834020e-02,2.0433386488098119e+01,2.0295014193331035e+01
branch0_seg63,4.8695652173913047e+00,6.6129291496461573e-02,6.6129299573378042e-02,1.9909995089376761e+01,1.9772911868155042e+01
branch0_seg63,4.9710144927536248e+00,6.4178035823017426e-02,6.4178042171951000e-02,1.9522889562224933e+01,1.9386012466164448e+01
branch0_seg63,5.0724637681159450e+00,6.2542669136501639e-02,6.2542674830858347e-02,1.9200999510567080e+01,1.9064287091230483e+01
branch0_seg63,5.1739130434782652e+00,6.1136243693140101e-02,6.1136250786821784e-02,1.8858032049203981e+01,1.8722524632021607e+01
branch0_seg63,5.2753623188405783e+00,5.9824191125158917e-02,5.9824200616649822e-02,1.8417771227734448e+01,1.8285298330611734e+01
branch0_seg63,5.3768115942028984e+00,5.8452397920072376e-02,5.8452410904398400e-02,1.7821921993723844e+01,1.7694772884810451e+01
branch0_seg63,5.4782608695652186e+00,5.6879603291401175e-02,5.6879619623141149e-02,1.7048092527063702e+01,1.6928497539388573e+01
branch0_seg63,5.5797101449275388e+00,5.5005626600630429e-02,5.5005645879992703e-02,1.6108048841922599e+01,1.5997773447704464e+01
branch0_seg63,5.6811594202898590e+00,5.2795254942680767e-02,5.2795275537285524e-02,1.5057287906305083e+01,1.4957142043963026e+01
branch0_seg63,5.7826086956521792e+00,5.0292071642890013e-02,5.0292091775914871e-02,1.3983177113023064e+01,1.3892746879746969e+01
branch0_seg63,5.8840579710144922e+00,4.7620982345079027e-02,4.7620999535620739e-02,1.2999379338377034e+01,1.2916840619450211e+01
branch0_seg63,5.9855072463768124e+00,4.4979132098858315e-02,4.4979144081356358e-02,1.2229233963209758e+01,1.2151389491461673e+01
branch0_seg63,6.0869565217391326e+00,4.2614479830886551e-02,4.2614484520607870e-02,1.1788137116696662e+01,1.1710658127939558e+01
branch0_seg63,6.1884057971014528e+00,4.0796146334640224e-02,4.0796142274215068e-02,1.1768986181749042e+01,1.1686799849983263e+01
branch0_seg63,6.2898550724637730e+00,3.9780905810511635e-02,3.9780892280988071e-02,1.2229602445679353e+01,1.2137394420855793e+01
branch0_seg63,6.3913043478260860e+00,3.9778533951395210e-02,3.9778511199431488e-02,1.3182530966274079e+01,1.3075334671239617e+01
branch0_seg63,6.4927536231884062e+00,4.0921771669394910e-02,4.0921740756282292e-02,1.4594072983623793e+01,1.4467814896106322e+01
branch0_seg63,6.5942028985507264e+00,4.3245029390771163e-02,4.3244992221972547e-02,1.6386223096725502e+01,1.6238194699559831e+01
branch0_seg63,6.6956521739130466e+00,4.6672963735571095e-02,4.6672922879922980e-02,1.8441540978269451e+01,1.8270760048890534e+01
branch0_seg63,6.7971014492753667e+00,5.1019948456461468e-02,5.1019906988014237e-02,2.0611465175703049e+01,2.0418881797364364e+01
branch0_seg63,6.8985507246376869e+00,5.6011789193937754e-02,5.6011749688751604e-02,2.2748529079868170e+01,2.2536746907278172e+01
branch0_seg63,7.0000000000000000e+00,6.1307169986133898e-02,6.1307135993348499e-02,2.4687974698482218e+01,2.4461281514906819e+01
branch0_seg64,0.0000000000000000e+00,6.1307135993348368e-02,6.1307102615982954e-02,2.4461281514907245e+01,2.4230328615679181e+01
branch0_seg64,1.0144927536232018e-01,6.5109602119762328e-02,6.5109673135766113e-02,2.3296334729563480e+01,2.3095826039072939e+01
branch0_seg64,2.0289855072464036e-01,7.0721116524146879e-02,7.0720821638716555e-02,3.0128596230020346e+01,2.9835016910996554e+01
branch0_seg64,3.0434782608695699e-01,7.4595996691899494e-02,7.4596404282716480e-02,2.5076631852013453e+01,2.4877108406332628e+01
branch0_seg64,4.0579710144927716e-01,7.7961094021967867e-02,7.7960618664823345e-02,3.0108618083833953e+01,2.9838235227515938e+01
branch0_seg64,5.0724637681159734e-01,8.0040412658934107e-02,8.0040880618062013e-02,2.6430354372574975e+01,2.6226555722503790e+01
branch0_seg64,6.0869565217391397e-01,8.0963325678861969e-02,8.0962948540684893e-02,2.7963721482463416e+01,2.7737626118897921e+01
branch0_seg64,7.1014492753623415e-01,8.0787298928605950e-02,8.0787628297695327e-02,2.5694763915832766e+01,2.5505290436464808e+01
branch0_seg64,8.1159420289855433e-01,7.9586351729121096e-02,7.9586150831287131e-02,2.5176239900128888e+01,2.4990734264970612e+01
branch0_seg64,9.1304347826087096e-01,7.7667526467515915e-02,7.7667701939257067e-02,2.3660913771213419e+01,2.3494149119653940e+01
branch0_seg64,1.0144927536231911e+00,7.5217528484206791e-02,7.5217452632736756e-02,2.2556408250062347e+01,2.2399277036167263e+01
branch0_seg64,1.1159420289855078e+00,7.2561068472206905e-02,7.2561143318925311e-02,2.1554126904569454e+01,2.1405055224923348e+01
branch0_seg64,1.2173913043478279e+00,6.9900613611908247e-02,6.9900596129753953e-02,2.0657761323251673e+01,2.0514606177660610e+01
branch0_seg64,1.3188405797101481e+00,6.7445257768544320e-02,6.7445282507573312e-02,2.0093198425686271e+01,1.9951679381875888e+01
branch0_seg64,1.4202898550724647e+00,6.5291717547677916e-02,6.5291719112312477e-02,1.9577553295386277e+01,1.9437624250732412e+01
branch0_seg64,1.5217391304347849e+00,6.3476582149414387e-02,6.3476588709461157e-02,1.9269268263104312e+01,1.9128829433647219e+01
branch0_seg64,1.6231884057971016e+00,6.1948080926990751e-02,6.1948088289612013e-02,1.8920295948952226e+01,1.8780806216197345e+01
branch0_seg64,1.7246376811594217e+00,6.0598312844055188e-02,6.0598318622845045e-02,1.8566811122283379e+01,1.8428970509762564e+01
branch0_seg64,1.8260869565217419e+00,5.9280471422445496e-02,5.9280484005481235e-02,1.8060723341003527e+01,1.7927078252942579e+01
branch0_seg64,1.9275362318840585e+00,5.7841971850978245e-02,5.7841984334533803e-02,1.7406017464847352e+01,1.7278644772910749e+01
branch0_seg64,2.0289855072463787e+00,5.6155260525111265e-02,5.6155278991477507e-02,1.6565330024047828e+01,1.6446512056074557e+01
branch0_seg64,2.1304347826086989e+00,5.4143988261349071e-02,5.4144007050346214e-02,1.5582833816932093e+01,1.5473938907106220e+01
branch0_seg64,2.2318840579710155e+00,5.1804277726102771e-02,5.1804298504121174e-02,1.4519757293685739e+01,1.4421173831807298e+01
branch0_seg64,2.3333333333333357e+00,4.9213071947216899e-02,4.9213090474402123e-02,1.3477118648119028e+01,1.3387850864293073e+01
branch0_seg64,2.4347826086956559e+00,4.6526579451237525e-02,4.6526594713227308e-02,1.2572293978113288e+01,1.2489922097368195e+01
branch0_seg64,2.5362318840579725e+00,4.3965985168347113e-02,4.3965994152326486e-02,1.1926668715436849e+01,1.1847444203844322e+01
branch0_seg64,2.6376811594202927e+00,4.1791555403627369e-02,4.1791556807785089e-02,1.1646249241407158e+01,1.1565432004630324e+01
branch0_seg64,2.7391304347826093e+00,4.0271710207495745e-02,4.0271702524648879e-02,1.1811639508054478e+01,1.1723903925124667e+01
branch0_seg64,2.8405797101449295e+00,3.9648029815159573e-02,3.9648012960260368e-02,1.2461839673330411e+01,1.2361867457652879e+01
branch0_seg64,2.9420289855072497e+00,4.0102136819786874e-02,4.0102111173374977e-02,1.3591944395128206e+01,1.3474980682780007e+01
branch0_seg64,3.0434782608695663e+00,4.1728466376606259e-02,4.1728433469489026e-02,1.5149689043820425e+01,1.5012104387700376e+01
branch0_seg64,3.1449275362318865e+00,4.4518435057696190e-02,4.4518396818241712e-02,1.7044793535723308e+01,1.6884457071244626e+01
branch0_seg64,3.2463768115942031e+00,4.8348758607957121e-02,4.8348718207686270e-02,1.9139569880683482e+01,1.8956332289562930e+01
branch0_seg64,3.3478260869565233e+00,5.2996569807316374e-02,5.2996529364001094e-02,2.1297310474926839e+01,2.1092714406553995e+01
branch0_seg64,3.4492753623188435e+00,5.8155939898381505e-02,5.8155903292141931e-02,2.3351949259093068e+01,2.3129436925718920e+01
branch0_seg64,3.5507246376811601e+00,6.3468899319627514e-02,6.3468868283310137e-02,2.5161495778669032e+01,2.4925800654583970e+01
branch0_seg64,3.6521739130434803e+00,6.8561670356048099e-02,6.8561647769201928e-02,2.6594951801376755e+01,2.6351789713152932e+01
branch0_seg64,3.7536231884058004e+00,7.3082980440509371e-02,7.3082967016293035e-02,2.7563294838976571e+01,2.7318668392874997e+01
branch0_seg64,3.8550724637681171e+00,7.6738043171294734e-02,7.6738039880258374e-02,2.8015254141292299e+01,2.7774960799491659e+01
branch0_seg64,3.9565217391304373e+00,7.9322494804107163e-02,7.9322500381826797e-02,2.7963684663468879e+01,2.7732542574687059e+01
branch0_seg64,4.0579710144927574e+00,8.0734894686950137e-02,8.0734908551288953e-02,2.7451118979228397e+01,2.7232835056775770e+01
branch0_seg64,4.1594202898550776e+00,8.0984582643539083e-02,8.0984601829413666e-02,2.6578542064436505e+01,2.6375164453153932e+01
branch0_seg64,4.2608695652173907e+00,8.0183171636934530e-02,8.0183194477342942e-02,2.5461486657785638e+01,2.5273550860215362e+01
branch0_seg64,4.3623188405797109e+00,7.8525242724068703e-02,7.8525266064514432e-02,2.4235099237836117e+01,2.4061613390915991e+01
branch0_seg64,4.4637681159420310e+00,7.6259817975880564e-02,7.6259840136213911e-02,2.3021958874114389e+01,2.2860797521258309e+01
branch0_seg64,4.5652173913043512e+00,7.3656063345070202e-02,7.3656082383312102e-02,2.1923406704904462e+01,2.1771706215145496e+01
branch0_seg64,4.6666666666666714e+00,7.0971003581421707e-02,7.0971018735139446e-02,2.1008545764135857e+01,2.0863162943609225e+01
branch0_seg64,4.7681159420289845e+00,6.8414407317834020e-02,6.8414418748881517e-02,2.0295014193331035e+01,2.0153178856679666e+01
branch0_seg64,4.8695652173913047e+00,6.6129299573378042e-02,6.6129307552042091e-02,1.9772911868155042e+01,1.9632442634478096e+01
branch0_seg64,4.9710144927536248e+00,6.4178042171951000e-02,6.4178048448952571e-02,1.9386012466164448e+01,1.9245805127392469e+01
branch0_seg64,5.0724637681159450e+00,6.2542674830858347e-02,6.2542680454367200e-02,1.9064287091230483e+01,1.8924291160806863e+01
branch0_seg64,5.1739130434782652e+00,6.1136250786821784e-02,6.1136257762686011e-02,1.8722524632021607e+01,1.8583785803540675e+01
branch0_seg64,5.2753623188405783e+00,5.9824200616649822e-02,5.9824209925084845e-02,1.8285298330611734e+01,1.8149664160301622e+01
branch0_seg64,5.3768115942028984e+00,5.8452410904398400e-02,5.8452423619631710e-02,1.7694772884810451e+01,1.7564559956953641e+01
branch0_seg64,5.4782608695652186e+00,5.6879619623141149e-02,5.6879635610301751e-02,1.6928497539388573e+01,1.6805966854409569e+01
branch0_seg64,5.5797101449275388e+00,5.5005645879992703e-02,5.5005664753512463e-02,1.5997773447704464e+01,1.5884718602320202e+01
branch0_seg64,5.6811594202898590e+00,5.2795275537285524e-02,5.2795295707762355e-02,1.4957142043963026e+01,1.4854391472228578e+01
branch0_seg64,5.7826086956521792e+00,5.0292091775914871e-02,5.0292111508930364e-02,1.3892746879746969e+01,1.3799890177773362e+01
branch0_seg64,5.8840579710144922e+00,4.7620999535620739e-02,4.7621016407559363e-02,1.2916840619450211e+01,1.2832037995908397e+01
branch0_seg64,5.9855072463768124e+00,4.4979144081356358e-02,4.4979155875214109e-02,1.2151389491461673e+01,1.2071407068184396e+01
branch0_seg64,6.0869565217391326e+00,4.2614484520607870e-02,4.2614489194118796e-02,1.1710658127939558e+01,1.1631110986369880e+01
branch0_seg64,6.1884057971014528e+00,4.0796142274215068e-02,4.0796138395871102e-02,1.1686799849983263e+01,1.1602543095271919e+01
branch0_seg64,6.2898550724637730e+00,3.9780892280988071e-02,3.9780879139688030e-02,1.2137394420855793e+01,1.2043031751139825e+01
branch0_seg64,6.3913043478260860e+00,3.9778511199431488e-02,3.9778489026758589e-02,1.3075334671239617e+01,1.2965815558620408e+01
branch0_seg64,6.4927536231884062e+00,4.0921740756282292e-02,4.0921710580505109e-02,1.4467814896106322e+01,1.4338988214754874e+01
branch0_seg64,6.5942028985507264e+00,4.3244992221972547e-02,4.3244955897394272e-02,1.6238194699559831e+01,1.6087288745475117e+01
branch0_seg64,6.6956521739130466e+00,4.6672922879922980e-02,4.6672882911516222e-02,1.8270760048890534e+01,1.8096751024691944e+01
branch0_seg64,6.7971014492753667e+00,5.1019906988014237e-02,5.1019866377810433e-02,2.0418881797364364e+01,2.0222705215647196e+01
branch0_seg64,6.8985507246376869e+00,5.6011749688751604e-02,5.6011710958363103e-02,2.2536746907278172e+01,2.2321018197332187e+01
branch0_seg64,7.0000000000000000e+00,6.1307135993348499e-02,6.1307102615983100e-02,2.4461281514906819e+01,2.4230328615678754e+01
branch0_seg65,0.0000000000000000e+00,6.1307102615982954e-02,6.1307084985119158e-02,2.4230328615679181e+01,2.2423299363671127e+01
branch0_seg65,1.0144927536232018e-01,6.5109673135766113e-02,6.5109717659929511e-02,2.3095826039072939e+01,2.1163116397133553e+01
branch0_seg65,2.0289855072464036e-01,7.0720821638716555e-02,7.0720646802043721e-02,2.9835016910996554e+01,2.7480875926117360e+01
branch0_seg65,3.0434782608695699e-01,7.4596404282716480e-02,7.4596652745273662e-02,2.4877108406332628e+01,2.2470239624752846e+01
branch0_seg65,4.0579710144927716e-01,7.7960618664823345e-02,7.7960332579046207e-02,2.9838235227515938e+01,2.7134817283033467e+01
branch0_seg65,5.0724637681159734e-01,8.0040880618062013e-02,8.0041165322645019e-02,2.6226555722503790e+01,2.3512155434147818e+01
branch0_seg65,6.0869565217391397e-01,8.0962948540684893e-02,8.0962719936861299e-02,2.7737626118897921e+01,2.4934720397890899e+01
branch0_seg65,7.1014492753623415e-01,8.0787628297695327e-02,8.0787827841598853e-02,2.5505290436464808e+01,2.2771332679739171e+01
branch0_seg65,8.1159420289855433e-01,7.9586150831287131e-02,7.9586027751396463e-02,2.4990734264970612e+01,2.2332229207298333e+01
branch0_seg65,9.1304347826087096e-01,7.7667701939257067e-02,7.7667807186940413e-02,2.3494149119653940e+01,2.0973514789436749e+01
branch0_seg65,1.0144927536231911e+00,7.5217452632736756e-02,7.5217404927960127e-02,2.2399277036167263e+01,2.0028243624946249e+01
branch0_seg65,1.1159420289855078e+00,7.2561143318925311e-02,7.2561187247486336e-02,2.1405055224923348e+01,1.9187364768287651e+01
branch0_seg65,1.2173913043478279e+00,6.9900596129753953e-02,6.9900584026679591e-02,2.0514606177660610e+01,1.8442299283546788e+01
branch0_seg65,1.3188405797101481e+00,6.7445282507573312e-02,6.7445296289225326e-02,1.9951679381875888e+01,1.8002891720870544e+01
branch0_seg65,1.4202898550724647e+00,6.5291719112312477e-02,6.5291719015688324e-02,1.9437624250732412e+01,1.7594105815376746e+01
branch0_seg65,1.5217391304347849e+00,6.3476588709461157e-02,6.3476591850571432e-02,1.9128829433647219e+01,1.7368541058835802e+01
branch0_seg65,1.6231884057971016e+00,6.1948088289612013e-02,6.1948092064416080e-02,1.8780806216197345e+01,1.7091145820573178e+01
branch0_seg65,1.7246376811594217e+00,6.0598318622845045e-02,6.0598321501381572e-02,1.8428970509762564e+01,1.6801676519670533e+01
branch0_seg65,1.8260869565217419e+00,5.9280484005481235e-02,5.9280491016460220e-02,1.7927078252942579e+01,1.6363701858354592e+01
branch0_seg65,1.9275362318840585e+00,5.7841984334533803e-02,5.7841991205356706e-02,1.7278644772910749e+01,1.5786451607687299e+01
branch0_seg65,2.0289855072463787e+00,5.6155278991477507e-02,5.6155289384414338e-02,1.6446512056074557e+01,1.5037962747926761e+01
branch0_seg65,2.1304347826086989e+00,5.4144007050346214e-02,5.4144017512229962e-02,1.5473938907106220e+01,1.4162165086236959e+01
branch0_seg65,2.2318840579710155e+00,5.1804298504121174e-02,5.1804310083981536e-02,1.4421173831807298e+01,1.3216516996485282e+01
branch0_seg65,2.3333333333333357e+00,4.9213090474402123e-02,4.9213100656418603e-02,1.3387850864293073e+01,1.2294036805273267e+01
branch0_seg65,2.4347826086956559e+00,4.6526594713227308e-02,4.6526602966175883e-02,1.2489922097368195e+01,1.1501662168642810e+01
branch0_seg65,2.5362318840579725e+00,4.3965994152326486e-02,4.3965998730859074e-02,1.1847444203844322e+01,1.0949585551593961e+01
branch0_seg65,2.6376811594202927e+00,4.1791556807785089e-02,4.1791556997833761e-02,1.1565432004630324e+01,1.0733843988846983e+01
branch0_seg65,2.7391304347826093e+00,4.0271702524648879e-02,4.0271697472415061e-02,1.1723903925124667e+01,1.0927264470524905e+01
branch0_seg65,2.8405797101449295e+00,3.9648012960260368e-02,3.9648002664385174e-02,1.2361867457652879e+01,1.1563874415307129e+01
branch0_seg65,2.9420289855072497e+00,4.0102111173374977e-02,4.0102095910512045e-02,1.3474980682780007e+01,1.2636068181006129e+01
branch0_seg65,3.0434782608695663e+00,4.1728433469489026e-02,4.1728414214457991e-02,1.5012104387700376e+01,1.4090660054747271e+01
branch0_seg65,3.1449275362318865e+00,4.4518396818241712e-02,4.4518374783424269e-02,1.6884457071244626e+01,1.5837664295615411e+01
branch0_seg65,3.2463768115942031e+00,4.8348718207686270e-02,4.8348695336947675e-02,1.8956332289562930e+01,1.7742228566598392e+01
branch0_seg65,3.3478260869565233e+00,5.2996529364001094e-02,5.2996506922669155e-02,2.1092714406553995e+01,1.9672419090852767e+01
branch0_seg65,3.4492753623188435e+00,5.8155903292141931e-02,5.8155883550759596e-02,2.3129436925718920e+01,2.1472155894252985e+01
branch0_seg65,3.5507246376811601e+00,6.3468868283310137e-02,6.3468852138251319e-02,2.4925800654583970e+01,2.3013765975108907e+01
branch0_seg65,3.6521739130434803e+00,6.8561647769201928e-02,6.8561636752072608e-02,2.6351789713152932e+01,2.4185590406160465e+01
branch0_seg65,3.7536231884058004e+00,7.3082967016293035e-02,7.3082961312173428e-02,2.7318668392874997e+01,2.4920140823708099e+01
branch0_seg65,3.8550724637681171e+00,7.6738039880258374e-02,7.6738039841745084e-02,2.7774960799491659e+01,2.5187203305306792e+01
branch0_seg65,3.9565217391304373e+00,7.9322500381826797e-02,7.9322505066748844e-02,2.7732542574687059e+01,2.5015257709328928e+01
branch0_seg65,4.0579710144927574e+00,8.0734908551288953e-02,8.0734917517470819e-02,2.7232835056775770e+01,2.4455516292858515e+01
branch0_seg65,4.1594202898550776e+00,8.0984601829413666e-02,8.0984613294399460e-02,2.6375164453153932e+01,2.3607498529706369e+01
branch0_seg65,4.2608695652173907e+00,8.0183194477342942e-02,8.0183207536823786e-02,2.5273550860215362e+01,2.2576955077239255e+01
branch0_seg65,4.3623188405797109e+00,7.8525266064514432e-02,7.8525278974687293e-02,2.4061613390915991e+01,2.1482343438319866e+01
branch0_seg65,4.4637681159420310e+00,7.6259840136213911e-02,7.6259852073104581e-02,2.2860797521258309e+01,2.0426740647506968e+01
branch0_seg65,4.5652173913043512e+00,7.3656082383312102e-02,7.3656092352207950e-02,2.1771706215145496e+01,1.9492524638799789e+01
branch0_seg65,4.6666666666666714e+00,7.0971018735139446e-02,7.0971026422241609e-02,2.0863162943609225e+01,1.8733198299222344e+01
branch0_seg65,4.7681159420289845e+00,6.8414418748881517e-02,6.8414424346364897e-02,2.0153178856679666e+01,1.8156666126114782e+01
branch0_seg65,4.8695652173913047e+00,6.6129307552042091e-02,6.6129311268428775e-02,1.9632442634478096e+01,1.7748484647653658e+01
branch0_seg65,4.9710144927536248e+00,6.4178048448952571e-02,6.4178051342077366e-02,1.9245805127392469e+01,1.7453672252331764e+01
branch0_seg65,5.0724637681159450e+00,6.2542680454367200e-02,6.2542683119695783e-02,1.8924291160806863e+01,1.7207120834840769e+01
branch0_seg65,5.1739130434782652e+00,6.1136257762686011e-02,6.1136261351891971e-02,1.8583785803540675e+01,1.6931391124472491e+01
branch0_seg65,5.2753623188405783e+00,5.9824209925084845e-02,5.9824214955892838e-02,1.8149664160301622e+01,1.6559638536639635e+01
branch0_seg65,5.3768115942028984e+00,5.8452423619631710e-02,5.8452430670696991e-02,1.7564559956953641e+01,1.6042039294592911e+01
branch0_seg65,5.4782608695652186e+00,5.6879635610301751e-02,5.6879644545981274e-02,1.6805966854409569e+01,1.5361668382400154e+01
branch0_seg65,5.5797101449275388e+00,5.5005664753512463e-02,5.5005675316896693e-02,1.5884718602320202e+01,1.4531968484776591e+01
branch0_seg65,5.6811594202898590e+00,5.2795295707762355e-02,5.2795306949359314e-02,1.4854391472228578e+01,1.3605145969790430e+01
branch0_seg65,5.7826086956521792e+00,5.0292111508930364e-02,5.0292122426621760e-02,1.3799890177773362e+01,1.2660950771181971e+01
branch0_seg65,5.8840579710144922e+00,4.7621016407559363e-02,4.7621025605777662e-02,1.2832037995908397e+01,1.1801993307683794e+01
branch0_seg65,5.9855072463768124e+00,4.4979155875214109e-02,4.4979162093835755e-02,1.2071407068184396e+01,1.1139113603933072e+01
branch0_seg65,6.0869565217391326e+00,4.2614489194118796e-02,4.2614491273817397e-02,1.1631110986369880e+01,1.0775912108577391e+01
branch0_seg65,6.1884057971014528e+00,4.0796138395871102e-02,4.0796135534820262e-02,1.1602543095271919e+01,1.0795796660363592e+01
branch0_seg65,6.2898550724637730e+00,3.9780879139688030e-02,3.9780870960291981e-02,1.2043031751139825e+01,1.1250213842271238e+01
branch0_seg65,6.3913043478260860e+00,3.9778489026758589e-02,3.9778475716249657e-02,1.2965815558620408e+01,1.2148524341642219e+01
branch0_seg65,6.4927536231884062e+00,4.0921710580505109e-02,4.0921692808655090e-02,1.4338988214754874e+01,1.3456325488088858e+01
branch0_seg65,6.5942028985507264e+00,4.3244955897394272e-02,4.3244934834155223e-02,1.6087288745475117e+01,1.5096826110748907e+01
branch0_seg65,6.6956521739130466e+00,4.6672882911516222e-02,4.6672860109003463e-02,1.8096751024691944e+01,1.6955811721456158e+01
branch0_seg65,6.7971014492753667e+00,5.1019866377810433e-02,5.1019843655217959e-02,2.0222705215647196e+01,1.8890847654107311e+01
branch0_seg65,6.8985507246376869e+00,5.6011710958363103e-02,5.6011689791323781e-02,2.2321018197332187e+01,2.0763389424091720e+01
branch0_seg65,7.0000000000000000e+00,6.1307102615983100e-02,6.1307084985119296e-02,2.4230328615678754e+01,2.2423299363670708e+01
branch0_seg66,0.0000000000000000e+00,6.1307084985119158e-02,6.1307076110198519e-02,2.2423299363671127e+01,2.0824464287148576e+01
branch0_seg66,1.0144927536232018e-01,6.5109717659929511e-02,6.5109741600572493e-02,2.1163116397133553e+01,1.9597341002378620e+01
branch0_seg66,2.0289855072464036e-01,7.0720646802043721e-02,7.0720554492173071e-02,2.7480875926117360e+01,2.5555538741520497e+01
branch0_seg66,3.0434782608695699e-01,7.4596652745273662e-02,7.4596785082406927e-02,2.2470239624752846e+01,2.0764925379728151e+01
branch0_seg66,4.0579710144927716e-01,7.7960332579046207e-02,7.7960180778158666e-02,2.7134817283033467e+01,2.5169489965430525e+01
branch0_seg66,5.0724637681159734e-01,8.0041165322645019e-02,8.0041316843740468e-02,2.3512155434147818e+01,2.1712315346274970e+01
branch0_seg66,6.0869565217391397e-01,8.0962719936861299e-02,8.0962598406073769e-02,2.4934720397890899e+01,2.3055383929915465e+01
branch0_seg66,7.1014492753623415e-01,8.0787827841598853e-02,8.0787933891072292e-02,2.2771332679739171e+01,2.1002648819909787e+01
branch0_seg66,8.1159420289855433e-01,7.9586027751396463e-02,7.9585962142853781e-02,2.2332229207298333e+01,2.0593682031046672e+01
branch0_seg66,9.1304347826087096e-01,7.7667807186940413e-02,7.7667862943991195e-02,2.0973514789436749e+01,1.9318958303803630e+01
branch0_seg66,1.0144927536231911e+00,7.5217404927960127e-02,7.5217379316019309e-02,2.0028243624946249e+01,1.8439244524529151e+01
branch0_seg66,1.1159420289855078e+00,7.2561187247486336e-02,7.2561210349117083e-02,1.9187364768287651e+01,1.7661915345762750e+01
branch0_seg66,1.2173913043478279e+00,6.9900584026679591e-02,6.9900577353928572e-02,1.8442299283546788e+01,1.6974435405789382e+01
branch0_seg66,1.3188405797101481e+00,6.7445296289225326e-02,6.7445303395828132e-02,1.8002891720870544e+01,1.6576615300910500e+01
branch0_seg66,1.4202898550724647e+00,6.5291719015688324e-02,6.5291718785311509e-02,1.7594105815376746e+01,1.6204906923470460e+01
branch0_seg66,1.5217391304347849e+00,6.3476591850571432e-02,6.3476593362832900e-02,1.7368541058835802e+01,1.6005013176044081e+01
branch0_seg66,1.6231884057971016e+00,6.1948092064416080e-02,6.1948093944799026e-02,1.7091145820573178e+01,1.5753370908154274e+01
branch0_seg66,1.7246376811594217e+00,6.0598321501381572e-02,6.0598322909089841e-02,1.6801676519670533e+01,1.5489001639974788e+01
branch0_seg66,1.8260869565217419e+00,5.9280491016460220e-02,5.9280494622074874e-02,1.6363701858354592e+01,1.5083203342120020e+01
branch0_seg66,1.9275362318840585e+00,5.7841991205356706e-02,5.7841994714752071e-02,1.5786451607687299e+01,1.4546068592079211e+01
branch0_seg66,2.0289855072463787e+00,5.6155289384414338e-02,5.6155294740550928e-02,1.5037962747926761e+01,1.3848169140521106e+01
branch0_seg66,2.1304347826086989e+00,5.4144017512229962e-02,5.4144022870854083e-02,1.4162165086236959e+01,1.3031864250148296e+01
branch0_seg66,2.2318840579710155e+00,5.1804310083981536e-02,5.1804316008869720e-02,1.3216516996485282e+01,1.2151768113548952e+01
branch0_seg66,2.3333333333333357e+00,4.9213100656418603e-02,4.9213105819629933e-02,1.2294036805273267e+01,1.1295647428719212e+01
branch0_seg66,2.4347826086956559e+00,4.6526602966175883e-02,4.6526607104431537e-02,1.1501662168642810e+01,1.0563882966639838e+01
branch0_seg66,2.5362318840579725e+00,4.3965998730859074e-02,4.3966000938850607e-02,1.0949585551593961e+01,1.0059426819502674e+01
branch0_seg66,2.6376811594202927e+00,4.1791556997833761e-02,4.1791556921028268e-02,1.0733843988846983e+01,9.8714904505767134e+00
branch0_seg66,2.7391304347826093e+00,4.0271697472415061e-02,4.0271694680659491e-02,1.0927264470524905e+01,1.0067161522534860e+01
branch0_seg66,2.8405797101449295e+00,3.9648002664385174e-02,3.9647997176485351e-02,1.1563874415307129e+01,1.0676883132337448e+01
branch0_seg66,2.9420289855072497e+00,4.0102095910512045e-02,4.0102087886468699e-02,1.2636068181006129e+01,1.1692005957992597e+01
branch0_seg66,3.0434782608695663e+00,4.1728414214457991e-02,4.1728404176848220e-02,1.4090660054747271e+01,1.3061259449097745e+01
branch0_seg66,3.1449275362318865e+00,4.4518374783424269e-02,4.4518363372020558e-02,1.5837664295615411e+01,1.4699210014429033e+01
branch0_seg66,3.2463768115942031e+00,4.8348695336947675e-02,4.8348683569965668e-02,1.7742228566598392e+01,1.6478694622127833e+01
branch0_seg66,3.3478260869565233e+00,5.2996506922669155e-02,5.2996495449855449e-02,1.9672419090852767e+01,1.8276100469252238e+01
branch0_seg66,3.4492753623188435e+00,5.8155883550759596e-02,5.8155873548842052e-02,2.1472155894252985e+01,1.9945530099953082e+01
branch0_seg66,3.5507246376811601e+00,6.3468852138251319e-02,6.3468844049429637e-02,2.3013765975108907e+01,2.1368484678023101e+01
branch0_seg66,3.6521739130434803e+00,6.8561636752072608e-02,6.8561631355458966e-02,2.4185590406160465e+01,2.2441815742260051e+01
branch0_seg66,3.7536231884058004e+00,7.3082961312173428e-02,7.3082958673902160e-02,2.4920140823708099e+01,2.3104165566470389e+01
branch0_seg66,3.8550724637681171e+00,7.6738039841745084e-02,7.6738040123351128e-02,2.5187203305306792e+01,2.3329156438191415e+01
branch0_seg66,3.9565217391304373e+00,7.9322505066748844e-02,7.9322507751449889e-02,2.5015257709328928e+01,2.3145460965486151e+01
branch0_seg66,4.0579710144927574e+00,8.0734917517470819e-02,8.0734922364693124e-02,2.4455516292858515e+01,2.2602543528729509e+01
branch0_seg66,4.1594202898550776e+00,8.0984613294399460e-02,8.0984619362424834e-02,2.3607498529706369e+01,2.1794885040074139e+01
branch0_seg66,4.2608695652173907e+00,8.0183207536823786e-02,8.0183214360251498e-02,2.2576955077239255e+01,2.0822083258952073e+01
branch0_seg66,4.3623188405797109e+00,7.8525278974687293e-02,7.8525285648742824e-02,2.1482343438319866e+01,1.9795147674587636e+01
branch0_seg66,4.4637681159420310e+00,7.6259852073104581e-02,7.6259858185547730e-02,2.0426740647506968e+01,1.8810050823527597e+01
branch0_seg66,4.5652173913043512e+00,7.3656092352207950e-02,7.3656097399862203e-02,1.9492524638799789e+01,1.7942936802585653e+01
branch0_seg66,4.6666666666666714e+00,7.0971026422241609e-02,7.0971030261033768e-02,1.8733198299222344e+01,1.7242617397713900e+01
branch0_seg66,4.7681159420289845e+00,6.8414424346364897e-02,6.8414427094773106e-02,1.8156666126114782e+01,1.6714952425062570e+01
branch0_seg66,4.8695652173913047e+00,6.6129311268428775e-02,6.6129313047117680e-02,1.7748484647653658e+01,1.6345097261841218e+01
branch0_seg66,4.9710144927536248e+00,6.4178051342077366e-02,6.4178052715032380e-02,1.7453672252331764e+01,1.6080326447464017e+01
branch0_seg66,5.0724637681159450e+00,6.2542683119695783e-02,6.2542684398407031e-02,1.7207120834840769e+01,1.5858923564963147e+01
branch0_seg66,5.1739130434782652e+00,6.1136261351891971e-02,6.1136263137758662e-02,1.6931391124472491e+01,1.5607999462918626e+01
branch0_seg66,5.2753623188405783e+00,5.9824214955892838e-02,5.9824217510121715e-02,1.6559638536639635e+01,1.5265101787367019e+01
branch0_seg66,5.3768115942028984e+00,5.8452430670696991e-02,5.8452434286260430e-02,1.6042039294592911e+01,1.4784104691495219e+01
branch0_seg66,5.4782608695652186e+00,5.6879644545981274e-02,5.6879649138829050e-02,1.5361668382400154e+01,1.4150035059496968e+01
branch0_seg66,5.5797101449275388e+00,5.5005675316896693e-02,5.5005680743413950e-02,1.4531968484776591e+01,1.3376450872606380e+01
branch0_seg66,5.6811594202898590e+00,5.2795306949359314e-02,5.2795312705000194e-02,1.3605145969790430e+01,1.2513226551618578e+01
branch0_seg66,5.7826086956521792e+00,5.0292122426621760e-02,5.0292127986632948e-02,1.2660950771181971e+01,1.1635788791844400e+01
branch0_seg66,5.8840579710144922e+00,4.7621025605777662e-02,4.7621030243784453e-02,1.1801993307683794e+01,1.0840644688923103e+01
branch0_seg66,5.9855072463768124e+00,4.4979162093835755e-02,4.4979165161302154e-02,1.1139113603933072e+01,1.0231556673063126e+01
branch0_seg66,6.0869565217391326e+00,4.2614491273817397e-02,4.2614492178937188e-02,1.0775912108577391e+01,9.9050114162225622e+00
branch0_seg66,6.1884057971014528e+00,4.0796135534820262e-02,4.0796133875912167e-02,1.0795796660363592e+01,9.9381480246912339e+00
branch0_seg66,6.2898550724637730e+00,3.9780870960291981e-02,3.9780866558268756e-02,1.1250213842271238e+01,1.0377836756525424e+01
branch0_seg66,6.3913043478260860e+00,3.9778475716249657e-02,3.9778468686480294e-02,1.2148524341642219e+01,1.1231330629098021e+01
branch0_seg66,6.4927536231884062e+00,4.0921692808655090e-02,4.0921683515242863e-02,1.3456325488088858e+01,1.2464904170084013e+01
branch0_seg66,6.5942028985507264e+00,4.3244934834155223e-02,4.3244923898009303e-02,1.5096826110748907e+01,1.4005325921669940e+01
branch0_seg66,6.6956521739130466e+00,4.6672860109003463e-02,4.6672848344520464e-02,1.6955811721456158e+01,1.5744664939894847e+01
branch0_seg66,6.7971014492753667e+00,5.1019843655217959e-02,5.1019832009235364e-02,1.8890847654107311e+01,1.7549041043867131e+01
branch0_seg66,6.8985507246376869e+00,5.6011689791323781e-02,5.6011679021013158e-02,2.0763389424091720e+01,1.9288964988365539e+01
branch0_seg66,7.0000000000000000e+00,6.1307084985119296e-02,6.1307076110198651e-02,2.2423299363670708e+01,2.0824464287148182e+01
branch0_seg67,0.0000000000000000e+00,6.1307076110198519e-02,6.1307067591050222e-02,2.0824464287148576e+01,1.9339830242566020e+01
branch0_seg67,1.0144927536232018e-01,6.5109741600572493e-02,6.5109765394345182e-02,1.9597341002378620e+01,1.8147601998866481e+01
branch0_seg67,2.0289855072464036e-01,7.0720554492173071e-02,7.0720463595078636e-02,2.5555538741520497e+01,2.3765014634217405e+01
branch0_seg67,3.0434782608695699e-01,7.4596785082406927e-02,7.4596915982919745e-02,2.0764925379728151e+01,1.9188918216336496e+01
branch0_seg67,4.0579710144927716e-01,7.7960180778158666e-02,7.7960030911843531e-02,2.5169489965430525e+01,2.3346524025301299e+01
branch0_seg67,5.0724637681159734e-01,8.0041316843740468e-02,8.0041466665641922e-02,2.1712315346274970e+01,2.0049938572544963e+01
branch0_seg67,6.0869565217391397e-01,8.0962598406073769e-02,8.0962478312337688e-02,2.3055383929915465e+01,2.1317504529262774e+01
branch0_seg67,7.1014492753623415e-01,8.0787933891072292e-02,8.0788038669223419e-02,2.1002648819909787e+01,1.9370810414513365e+01
branch0_seg67,8.1159420289855433e-01,7.9585962142853781e-02,7.9585897235711758e-02,2.0593682031046672e+01,1.8989921828027978e+01
branch0_seg67,9.1304347826087096e-01,7.7667862943991195e-02,7.7667917928256808e-02,1.9318958303803630e+01,1.7794216334269699e+01
branch0_seg67,1.0144927536231911e+00,7.5217379316019309e-02,7.5217353902254008e-02,1.8439244524529151e+01,1.6975551284867304e+01
branch0_seg67,1.1159420289855078e+00,7.2561210349117083e-02,7.2561233029126843e-02,1.7661915345762750e+01,1.6257028538714582e+01
branch0_seg67,1.2173913043478279e+00,6.9900577353928572e-02,6.9900570659153685e-02,1.6974435405789382e+01,1.5622727228725109e+01
branch0_seg67,1.3188405797101481e+00,6.7445303395828132e-02,6.7445310288542643e-02,1.6576615300910500e+01,1.5262805029800665e+01
branch0_seg67,1.4202898550724647e+00,6.5291718785311509e-02,6.5291718480429153e-02,1.6204906923470460e+01,1.4924962706562411e+01
branch0_seg67,1.5217391304347849e+00,6.3476593362832900e-02,6.3476594765460276e-02,1.6005013176044081e+01,1.4748218953915522e+01
branch0_seg67,1.6231884057971016e+00,6.1948093944799026e-02,6.1948095746917821e-02,1.5753370908154274e+01,1.4520063478974851e+01
branch0_seg67,1.7246376811594217e+00,6.0598322909089841e-02,6.0598324232385703e-02,1.5489001639974788e+01,1.4278687191267572e+01
branch0_seg67,1.8260869565217419e+00,5.9280494622074874e-02,5.9280498128349117e-02,1.5083203342120020e+01,1.3902713240602173e+01
branch0_seg67,1.9275362318840585e+00,5.7841994714752071e-02,5.7841998108826842e-02,1.4546068592079211e+01,1.3402925499084807e+01
branch0_seg67,2.0289855072463787e+00,5.6155294740550928e-02,5.6155299951361766e-02,1.3848169140521106e+01,1.2752230606633185e+01
branch0_seg67,2.1304347826086989e+00,5.4144022870854083e-02,5.4144028064371068e-02,1.3031864250148296e+01,1.1991413019676994e+01
branch0_seg67,2.2318840579710155e+00,5.1804316008869720e-02,5.1804321749227236e-02,1.2151768113548952e+01,1.1172351201448866e+01
branch0_seg67,2.3333333333333357e+00,4.9213105819629933e-02,4.9213110796431155e-02,1.1295647428719212e+01,1.0377830012419249e+01
branch0_seg67,2.4347826086956559e+00,4.6526607104431537e-02,4.6526611068144680e-02,1.0563882966639838e+01,9.7020597915629949e+00
branch0_seg67,2.5362318840579725e+00,4.3966000938850607e-02,4.3966003005345838e-02,1.0059426819502674e+01,9.2412213520537669e+00
branch0_seg67,2.6376811594202927e+00,4.1791556921028268e-02,4.1791556753057513e-02,9.8714904505767134e+00,9.0781857263140999e+00
branch0_seg67,2.7391304347826093e+00,4.0271694680659491e-02,4.0271691865412219e-02,1.0067161522534860e+01,9.2747520637211398e+00
branch0_seg67,2.8405797101449295e+00,3.9647997176485351e-02,3.9647991743041920e-02,1.0676883132337448e+01,9.8581224234947573e+00
branch0_seg67,2.9420289855072497e+00,4.0102087886468699e-02,4.0102080000065765e-02,1.1692005957992597e+01,1.0818797155895798e+01
branch0_seg67,3.0434782608695663e+00,4.1728404176848220e-02,4.1728394356428916e-02,1.3061259449097745e+01,1.2107423607371922e+01
branch0_seg67,3.1449275362318865e+00,4.4518363372020558e-02,4.4518352247459737e-02,1.4699210014429033e+01,1.3642932218738325e+01
branch0_seg67,3.2463768115942031e+00,4.8348683569965668e-02,4.8348672139490512e-02,1.6478694622127833e+01,1.5305440801555527e+01
branch0_seg67,3.3478260869565233e+00,5.2996495449855449e-02,5.2996484343483613e-02,1.8276100469252238e+01,1.6979141249370841e+01
branch0_seg67,3.4492753623188435e+00,5.8155873548842052e-02,5.8155863913717257e-02,1.9945530099953082e+01,1.8527660788716119e+01
branch0_seg67,3.5507246376811601e+00,6.3468844049429637e-02,6.3468836305025422e-02,2.1368484678023101e+01,1.9841015854747379e+01
branch0_seg67,3.6521739130434803e+00,6.8561631355458966e-02,6.8561626254150770e-02,2.2441815742260051e+01,2.0823924905168521e+01
branch0_seg67,3.7536231884058004e+00,7.3082958673902160e-02,7.3082956265209359e-02,2.3104165566470389e+01,2.1420632610840983e+01
branch0_seg67,3.8550724637681171e+00,7.6738040123351128e-02,7.6738040554300821e-02,2.3329156438191415e+01,2.1608207421044327e+01
branch0_seg67,3.9565217391304373e+00,7.9322507751449889e-02,7.9322510503692240e-02,2.3145460965486151e+01,2.1415343367596648e+01
branch0_seg67,4.0579710144927574e+00,8.0734922364693124e-02,8.0734927197694428e-02,2.2602543528729509e+01,2.0889745447814363e+01
branch0_seg67,4.1594202898550776e+00,8.0984619362424834e-02,8.0984625348204525e-02,2.1794885040074139e+01,2.0121063827852282e+01
branch0_seg67,4.2608695652173907e+00,8.0183214360251498e-02,8.0183221046042558e-02,2.0822083258952073e+01,1.9203076804710996e+01
branch0_seg67,4.3623188405797109e+00,7.8525285648742824e-02,7.8525292151077161e-02,1.9795147674587636e+01,1.8239797531894038e+01
branch0_seg67,4.4637681159420310e+00,7.6259858185547730e-02,7.6259864109596190e-02,1.8810050823527597e+01,1.7320575963290615e+01
branch0_seg67,4.5652173913043512e+00,7.3656097399862203e-02,7.3656102261211900e-02,1.7942936802585653e+01,1.6515787322982970e+01
branch0_seg67,4.6666666666666714e+00,7.0971030261033768e-02,7.0971033928873467e-02,1.7242617397713900e+01,1.5869947068271934e+01
branch0_seg67,4.7681159420289845e+00,6.8414427094773106e-02,6.8414429694899762e-02,1.6714952425062570e+01,1.5387123390077893e+01
branch0_seg67,4.8695652173913047e+00,6.6129313047117680e-02,6.6129314703993122e-02,1.6345097261841218e+01,1.5052204530221127e+01
branch0_seg67,4.9710144927536248e+00,6.4178052715032380e-02,6.4178053987310468e-02,1.6080326447464017e+01,1.4814684611298723e+01
branch0_seg67,5.0724637681159450e+00,6.2542684398407031e-02,6.2542685591453567e-02,1.5858923564963147e+01,1.4616091498039815e+01
branch0_seg67,5.1739130434782652e+00,6.1136263137758662e-02,6.1136264840609682e-02,1.5607999462918626e+01,1.4387835880773967e+01
branch0_seg67,5.2753623188405783e+00,5.9824217510121715e-02,5.9824219973809684e-02,1.5265101787367019e+01,1.4071574150988683e+01
branch0_seg67,5.3768115942028984e+00,5.8452434286260430e-02,5.8452437792925360e-02,1.4784104691495219e+01,1.3624605534002622e+01
branch0_seg67,5.4782608695652186e+00,5.6879649138829050e-02,5.6879653599287809e-02,1.4150035059496968e+01,1.3033715155421710e+01
branch0_seg67,5.5797101449275388e+00,5.5005680743413950e-02,5.5005686012035641e-02,1.3376450872606380e+01,1.2312488328258155e+01
branch0_seg67,5.6811594202898590e+00,5.2795312705000194e-02,5.2795318282980973e-02,1.2513226551618578e+01,1.1508529486881537e+01
branch0_seg67,5.7826086956521792e+00,5.0292127986632948e-02,5.0292133359042923e-02,1.1635788791844400e+01,1.0693147353718985e+01
branch0_seg67,5.8840579710144922e+00,4.7621030243784453e-02,4.7621034700238089e-02,1.0840644688923103e+01,9.9570887543402495e+00
branch0_seg67,5.9855072463768124e+00,4.4979165161302154e-02,4.4979168071407907e-02,1.0231556673063126e+01,9.3974802959864707e+00
branch0_seg67,6.0869565217391326e+00,4.2614492178937188e-02,4.2614492970247844e-02,9.9050114162225622e+00,9.1041812695291018e+00
branch0_seg67,6.1884057971014528e+00,4.0796133875912167e-02,4.0796132164179245e-02,9.9381480246912339e+00,9.1485335910356529e+00
branch0_seg67,6.2898550724637730e+00,3.9780866558268756e-02,3.9780862178004216e-02,1.0377836756525424e+01,9.5732264430742546e+00
branch0_seg67,6.3913043478260860e+00,3.9778468686480294e-02,3.9778461760301691e-02,1.1231330629098021e+01,1.0383663924968307e+01
branch0_seg67,6.4927536231884062e+00,4.0921683515242863e-02,4.0921674407495050e-02,1.2464904170084013e+01,1.1546881842374315e+01
branch0_seg67,6.5942028985507264e+00,4.3244923898009303e-02,4.3244913221908383e-02,1.4005325921669940e+01,1.2993095701858035e+01
branch0_seg67,6.6956521739130466e+00,4.6672848344520464e-02,4.6672836899259294e-02,1.5744664939894847e+01,1.4620345372352480e+01
branch0_seg67,6.7971014492753667e+00,5.1019832009235364e-02,5.1019820719803113e-02,1.7549041043867131e+01,1.6302810542763734e+01
branch0_seg67,6.8985507246376869e+00,5.6011679021013158e-02,5.6011668621400189e-02,1.9288964988365539e+01,1.7919469699428952e+01
branch0_seg67,7.0000000000000000e+00,6.1307076110198651e-02,6.1307067591050361e-02,2.0824464287148182e+01,1.9339830242565643e+01
branch0_seg68,0.0000000000000000e+00,6.1307067591050222e-02,6.1307059392011538e-02,1.9339830242566020e+01,1.7967672130418272e+01
branch0_seg68,1.0144927536232018e-01,6.5109765394345182e-02,6.5109789070783242e-02,1.8147601998866481e+01,1.6812104903614191e+01
branch0_seg68,2.0289855072464036e-01,7.0720463595078636e-02,7.0720373927348187e-02,2.3765014634217405e+01,2.2107589671342765e+01
branch0_seg68,3.0434782608695699e-01,7.4596915982919745e-02,7.4597045661201053e-02,1.9188918216336496e+01,1.7740387681110413e+01
branch0_seg68,4.0579710144927716e-01,7.7960030911843531e-02,7.7959882710764150e-02,2.3346524025301299e+01,2.1664171087977095e+01
branch0_seg68,5.0724637681159734e-01,8.0041466665641922e-02,8.0041615037745276e-02,2.0049938572544963e+01,1.8523210907966977e+01
branch0_seg68,6.0869565217391397e-01,8.0962478312337688e-02,8.0962359449965479e-02,2.1317504529262774e+01,1.9719287794068297e+01
branch0_seg68,7.1014492753623415e-01,8.0788038669223419e-02,8.0788142356571072e-02,1.9370810414513365e+01,1.7873988580471924e+01
branch0_seg68,8.1159420289855433e-01,7.9585897235711758e-02,7.9585832925966896e-02,1.8989921828027978e+01,1.7519099439914836e+01
branch0_seg68,9.1304347826087096e-01,7.7667917928256808e-02,7.7667972242449548e-02,1.7794216334269699e+01,1.6397420957296696e+01
branch0_seg68,1.0144927536231911e+00,7.5217353902254008e-02,7.5217328653138404e-02,1.6975551284867304e+01,1.5635274055920616e+01
branch0_seg68,1.1159420289855078e+00,7.2561233029126843e-02,7.2561255337772065e-02,1.6257028538714582e+01,1.4970813095535826e+01
branch0_seg68,1.2173913043478279e+00,6.9900570659153685e-02,6.9900563940374333e-02,1.5622727228725109e+01,1.4385279693808208e+01
branch0_seg68,1.3188405797101481e+00,6.7445310288542643e-02,6.7445316989267853e-02,1.5262805029800665e+01,1.4059578916436111e+01
branch0_seg68,1.4202898550724647e+00,6.5291718480429153e-02,6.5291718107659269e-02,1.4924962706562411e+01,1.3752401322316189e+01
branch0_seg68,1.5217391304347849e+00,6.3476594765460276e-02,6.3476596068059638e-02,1.4748218953915522e+01,1.3596303139644515e+01
branch0_seg68,1.6231884057971016e+00,6.1948095746917821e-02,6.1948097478922888e-02,1.4520063478974851e+01,1.3389380454143639e+01
branch0_seg68,1.7246376811594217e+00,6.0598324232385703e-02,6.0598325478972370e-02,1.4278687191267572e+01,1.3168902434324581e+01
branch0_seg68,1.8260869565217419e+00,5.9280498128349117e-02,5.9280501546226071e-02,1.3902713240602173e+01,1.2820410196986199e+01
branch0_seg68,1.9275362318840585e+00,5.7841998108826842e-02,5.7842001399489126e-02,1.3402925499084807e+01,1.2355210936988611e+01
branch0_seg68,2.0289855072463787e+00,5.6155299951361766e-02,5.6155305032731133e-02,1.2752230606633185e+01,1.1748347659247980e+01
branch0_seg68,2.1304347826086989e+00,5.4144028064371068e-02,5.4144033110176175e-02,1.1991413019676994e+01,1.1039029228908667e+01
branch0_seg68,2.2318840579710155e+00,5.1804321749227236e-02,5.1804327324504837e-02,1.1172351201448866e+01,1.0276509507187802e+01
branch0_seg68,2.3333333333333357e+00,4.9213110796431155e-02,4.9213115605825843e-02,1.0377830012419249e+01,9.5388632712583181e+00
branch0_seg68,2.4347826086956559e+00,4.6526611068144680e-02,4.6526614874602884e-02,9.7020597915629949e+00,8.9145168656020193e+00
branch0_seg68,2.5362318840579725e+00,4.3966003005345838e-02,4.3966004943501821e-02,9.2412213520537669e+00,8.4933460087233232e+00
branch0_seg68,2.6376811594202927e+00,4.1791556753057513e-02,4.1791556501290149e-02,9.0781857263140999e+00,8.3523605655157276e+00
branch0_seg68,2.7391304347826093e+00,4.0271691865412219e-02,4.0271689026527613e-02,9.2747520637211398e+00,8.5485138392972893e+00
branch0_seg68,2.8405797101449295e+00,3.9647991743041920e-02,3.9647986355574011e-02,9.8581224234947573e+00,9.1061015163246104e+00
branch0_seg68,2.9420289855072497e+00,4.0102080000065765e-02,4.0102072234182128e-02,1.0818797155895798e+01,1.0014960218038709e+01
branch0_seg68,3.0434782608695663e+00,4.1728394356428916e-02,4.1728384728111585e-02,1.2107423607371922e+01,1.1227655231223558e+01
branch0_seg68,3.1449275362318865e+00,4.4518352247459737e-02,4.4518341377955711e-02,1.3642932218738325e+01,1.2667295456697111e+01
branch0_seg68,3.2463768115942031e+00,4.8348672139490512e-02,4.8348661009401342e-02,1.5305440801555527e+01,1.4220878332370896e+01
branch0_seg68,3.3478260869565233e+00,5.2996484343483613e-02,5.2996473565174222e-02,1.6979141249370841e+01,1.5779894624909852e+01
branch0_seg68,3.4492753623188435e+00,5.8155863913717264e-02,5.8155854608017449e-02,1.8527660788716119e+01,1.7216848412568847e+01
branch0_seg68,3.5507246376811601e+00,6.3468836305025408e-02,6.3468828870866842e-02,1.9841015854747379e+01,1.8429619859486358e+01
branch0_seg68,3.6521739130434803e+00,6.8561626254150798e-02,6.8561621419937463e-02,2.0823924905168521e+01,1.9330153196370791e+01
branch0_seg68,3.7536231884058004e+00,7.3082956265209345e-02,7.3082954065273639e-02,2.1420632610840983e+01,1.9867764829412270e+01
branch0_seg68,3.8550724637681171e+00,7.6738040554300835e-02,7.6738041122485459e-02,2.1608207421044327e+01,2.0022573401092206e+01
branch0_seg68,3.9565217391304373e+00,7.9322510503692226e-02,7.9322513319850144e-02,2.1415343367596648e+01,1.9823116466267447e+01
branch0_seg68,4.0579710144927574e+00,8.0734927197694428e-02,8.0734932021160943e-02,2.0889745447814363e+01,1.9315322912582101e+01
branch0_seg68,4.1594202898550776e+00,8.0984625348204525e-02,8.0984631262927251e-02,2.0121063827852282e+01,1.8584218365078964e+01
branch0_seg68,4.2608695652173907e+00,8.0183221046042558e-02,8.0183227610503588e-02,1.9203076804710996e+01,1.7718096800002041e+01
branch0_seg68,4.3623188405797109e+00,7.8525292151077161e-02,7.8525298500699781e-02,1.8239797531894038e+01,1.6814430988645032e+01
branch0_seg68,4.4637681159420310e+00,7.6259864109596190e-02,7.6259869865218433e-02,1.7320575963290615e+01,1.5956435038435492e+01
branch0_seg68,4.5652173913043512e+00,7.3656102261211900e-02,7.3656106955272513e-02,1.6515787322982970e+01,1.5209183920442902e+01
branch0_seg68,4.6666666666666714e+00,7.0971033928873467e-02,7.0971037442621968e-02,1.5869947068271934e+01,1.4613293027363818e+01
branch0_seg68,4.7681159420289845e+00,6.8414429694899762e-02,6.8414432160939606e-02,1.5387123390077893e+01,1.4171290891144844e+01
branch0_seg68,4.8695652173913047e+00,6.6129314703993122e-02,6.6129316250359740e-02,1.5052204530221127e+01,1.3867930172990416e+01
branch0_seg68,4.9710144927536248e+00,6.4178053987310468e-02,6.4178055168179315e-02,1.4814684611298723e+01,1.3654884755672908e+01
branch0_seg68,5.0724637681159450e+00,6.2542685591453567e-02,6.2542686706798231e-02,1.4616091498039815e+01,1.3476776773147586e+01
branch0_seg68,5.1739130434782652e+00,6.1136264840609682e-02,6.1136266468557882e-02,1.4387835880773967e+01,1.3269064884400352e+01
branch0_seg68,5.2753623188405783e+00,5.9824219973809684e-02,5.9824222356246196e-02,1.4071574150988683e+01,1.2977230548526460e+01
branch0_seg68,5.3768115942028984e+00,5.8452437792925360e-02,5.8452441202258509e-02,1.3624605534002622e+01,1.2561726257141467e+01
branch0_seg68,5.4782608695652186e+00,5.6879653599287809e-02,5.6879657941560594e-02,1.3033715155421710e+01,1.2010903855573702e+01
branch0_seg68,5.5797101449275388e+00,5.5005686012035641e-02,5.5005691139657462e-02,1.2312488328258155e+01,1.1338290795835148e+01
branch0_seg68,5.6811594202898590e+00,5.2795318282980973e-02,5.2795323702048987e-02,1.1508529486881537e+01,1.0589286513062055e+01
branch0_seg68,5.7826086956521792e+00,5.0292133359042923e-02,5.0292138563258502e-02,1.0693147353718985e+01,9.8312894382523748e+00
branch0_seg68,5.8840579710144922e+00,4.7621034700238089e-02,4.7621038993365027e-02,9.9570887543402495e+00,9.1496300650640734e+00
branch0_seg68,5.9855072463768124e+00,4.4979168071407907e-02,4.4979170839240877e-02,9.3974802959864707e+00,8.6352393119308175e+00
branch0_seg68,6.0869565217391326e+00,4.2614492970247844e-02,4.2614493657688414e-02,9.1041812695291018e+00,8.3718307730459767e+00
branch0_seg68,6.1884057971014528e+00,4.0796132164179245e-02,4.0796130402699353e-02,9.1485335910356529e+00,8.4254133337463664e+00
branch0_seg68,6.2898550724637730e+00,3.9780862178004216e-02,3.9780857814480750e-02,9.5732264430742546e+00,8.8348816649049446e+00
branch0_seg68,6.3913043478260860e+00,3.9778461760301691e-02,3.9778454924097199e-02,1.0383663924968307e+01,9.6040418851763985e+00
branch0_seg68,6.4927536231884062e+00,4.0921674407495050e-02,4.0921665463442211e-02,1.1546881842374315e+01,1.0700770600443271e+01
branch0_seg68,6.5942028985507264e+00,4.3244913221908383e-02,4.3244902776605601e-02,1.2993095701858035e+01,1.2058617885485983e+01
branch0_seg68,6.6956521739130466e+00,4.6672836899259294e-02,4.6672825738521724e-02,1.4620345372352480e+01,1.3581287214844206e+01
branch0_seg68,6.7971014492753667e+00,5.1019820719803113e-02,5.1019809749235964e-02,1.6302810542763734e+01,1.5150532885086870e+01
branch0_seg68,6.8985507246376869e+00,5.6011668621400189e-02,5.6011658554250762e-02,1.7919469699428952e+01,1.6653224336568709e+01
branch0_seg68,7.0000000000000000e+00,6.1307067591050361e-02,6.1307059392011677e-02,1.9339830242565643e+01,1.7967672130417917e+01
branch0_seg69,0.0000000000000000e+00,6.1307059392011538e-02,6.1307051511820719e-02,1.7967672130418272e+01,1.6695152060191926e+01
branch0_seg69,1.0144927536232018e-01,6.5109789070783242e-02,6.5109812575809181e-02,1.6812104903614191e+01,1.5577582507593826e+01
branch0_seg69,2.0289855072464036e-01,7.0720373927348187e-02,7.0720285637650010e-02,2.2107589671342765e+01,2.0568123971112339e+01
branch0_seg69,3.0434782608695699e-01,7.4597045661201053e-02,7.4597173862447352e-02,1.7740387681110413e+01,1.6404311969781208e+01
branch0_seg69,4.0579710144927716e-01,7.7959882710764150e-02,7.7959736447016773e-02,2.1664171087977095e+01,2.0106139807568301e+01
branch0_seg69,5.0724637681159734e-01,8.0041615037745276e-02,8.0041761671939521e-02,1.8523210907966977e+01,1.7116050618157285e+01
branch0_seg69,6.0869565217391397e-01,8.0962359449965479e-02,8.0962242044997246e-02,1.9719287794068297e+01,1.8244270135780010e+01
branch0_seg69,7.1014492753623415e-01,8.0788142356571072e-02,8.0788244756929334e-02,1.7873988580471924e+01,1.6496088832809885e+01
branch0_seg69,8.1159420289855433e-01,7.9585832925966896e-02,7.9585769341292953e-02,1.7519099439914836e+01,1.6165374311423811e+01
branch0_seg69,9.1304347826087096e-01,7.7667972242449548e-02,7.7668025790449680e-02,1.6397420957296696e+01,1.5113267787239041e+01
branch0_seg69,1.0144927536231911e+00,7.5217328653138404e-02,7.5217303624232221e-02,1.5635274055920616e+01,1.4403648681197840e+01
branch0_seg69,1.1159420289855078e+00,7.2561255337772065e-02,7.2561277242111380e-02,1.4970813095535826e+01,1.3789078586110117e+01
branch0_seg69,1.2173913043478279e+00,6.9900563940374333e-02,6.9900557217584244e-02,1.4385279693808208e+01,1.3248447747284636e+01
branch0_seg69,1.3188405797101481e+00,6.7445316989267853e-02,6.7445323493608586e-02,1.4059578916436111e+01,1.2953764988788796e+01
branch0_seg69,1.4202898550724647e+00,6.5291718107659269e-02,6.5291717673187560e-02,1.3752401322316189e+01,1.2674462046778597e+01
branch0_seg69,1.5217391304347849e+00,6.3476596068059638e-02,6.3476597274087512e-02,1.3596303139644515e+01,1.2536836592421949e+01
branch0_seg69,1.6231884057971016e+00,6.1948097478922888e-02,6.1948099141445417e-02,1.3389380454143639e+01,1.2349182032740858e+01
branch0_seg69,1.7246376811594217e+00,6.0598325478972370e-02,6.0598326650917446e-02,1.3168902434324581e+01,1.2147770764001280e+01
branch0_seg69,1.8260869565217419e+00,5.9280501546226071e-02,5.9280504873096773e-02,1.2820410196986199e+01,1.1824696652322540e+01
branch0_seg69,1.9275362318840585e+00,5.7842001399489126e-02,5.7842004585397996e-02,1.2355210936988611e+01,1.1391646872113002e+01
branch0_seg69,2.0289855072463787e+00,5.6155305032731133e-02,5.6155309980544535e-02,1.1748347659247980e+01,1.0825626804145019e+01
branch0_seg69,2.1304347826086989e+00,5.4144033110176175e-02,5.4144038005501251e-02,1.1039029228908667e+01,1.0164274521954157e+01
branch0_seg69,2.2318840579710155e+00,5.1804327324504837e-02,5.1804332731809490e-02,1.0276509507187802e+01,9.4543217844743523e+00
branch0_seg69,2.3333333333333357e+00,4.9213115605825843e-02,4.9213120247090653e-02,9.5388632712583181e+00,8.7693781499523880e+00
branch0_seg69,2.4347826086956559e+00,4.6526614874602884e-02,4.6526618525009208e-02,8.9145168656020193e+00,8.1924310842895309e+00
branch0_seg69,2.5362318840579725e+00,4.3966004943501821e-02,4.3966006757378787e-02,8.4933460087233232e+00,7.8074656347889988e+00
branch0_seg69,2.6376811594202927e+00,4.1791556501290149e-02,4.1791556172378501e-02,8.3523605655157276e+00,7.6860546984709437e+00
branch0_seg69,2.7391304347826093e+00,4.0271689026527613e-02,4.0271686173182282e-02,8.5485138392972893e+00,7.8806959808217112e+00
branch0_seg69,2.8405797101449295e+00,3.9647986355574011e-02,3.9647981025004130e-02,9.1061015163246104e+00,8.4130713407013840e+00
branch0_seg69,2.9420289855072497e+00,4.0102072234182128e-02,4.0102064600687375e-02,1.0014960218038709e+01,9.2725133953104315e+00
branch0_seg69,3.0434782608695663e+00,4.1728384728111585e-02,4.1728375303561473e-02,1.1227655231223558e+01,1.0413498241419626e+01
branch0_seg69,3.1449275362318865e+00,4.4518341377955711e-02,4.4518330773948414e-02,1.2667295456697111e+01,1.1763141077084455e+01
branch0_seg69,3.2463768115942031e+00,4.8348661009401342e-02,4.8348650187583796e-02,1.4220878332370896e+01,1.3214955104384110e+01
branch0_seg69,3.3478260869565233e+00,5.2996473565174222e-02,5.2996463119905184e-02,1.5779894624909852e+01,1.4667276535771519e+01
branch0_seg69,3.4492753623188435e+00,5.8155854608017449e-02,5.8155845632735535e-02,1.7216848412568847e+01,1.6000908392286583e+01
branch0_seg69,3.5507246376811601e+00,6.3468828870866842e-02,6.3468821744379122e-02,1.8429619859486358e+01,1.7121018447844328e+01
branch0_seg69,3.6521739130434803e+00,6.8561621419937463e-02,6.8561616846468276e-02,1.9330153196370791e+01,1.7946213142818916e+01
branch0_seg69,3.7536231884058004e+00,7.3082954065273639e-02,7.3082952064966442e-02,1.9867764829412270e+01,1.8430419088298301e+01
branch0_seg69,3.8550724637681171e+00,7.6738041122485459e-02,7.6738041816587943e-02,2.0022573401092206e+01,1.8556464818619101e+01
branch0_seg69,3.9565217391304373e+00,7.9322513319850144e-02,7.9322516187921827e-02,1.9823116466267447e+01,1.8352585839331745e+01
branch0_seg69,4.0579710144927574e+00,8.0734932021160943e-02,8.0734936823049247e-02,1.9315322912582101e+01,1.7862929677396519e+01
branch0_seg69,4.1594202898550776e+00,8.0984631262927251e-02,8.0984637096073189e-02,1.8584218365078964e+01,1.7168088340264465e+01
branch0_seg69,4.2608695652173907e+00,8.0183227610503588e-02,8.0183234044996388e-02,1.7718096800002041e+01,1.6351172275823973e+01
branch0_seg69,4.3623188405797109e+00,7.8525298500699781e-02,7.8525304691784689e-02,1.6814430988645032e+01,1.5503518825516213e+01
branch0_seg69,4.4637681159420310e+00,7.6259869865218433e-02,7.6259875449278050e-02,1.5956435038435492e+01,1.4702634978217233e+01
branch0_seg69,4.5652173913043512e+00,7.3656106955272513e-02,7.3656111481626624e-02,1.5209183920442902e+01,1.4008706012634569e+01
branch0_seg69,4.6666666666666714e+00,7.0971037442621968e-02,7.0971040804029911e-02,1.4613293027363818e+01,1.3458792445132163e+01
branch0_seg69,4.7681159420289845e+00,6.8414432160939606e-02,6.8414434495976451e-02,1.4171290891144844e+01,1.3054099330795976e+01
branch0_seg69,4.8695652173913047e+00,6.6129316250359740e-02,6.6129317690040268e-02,1.3867930172990416e+01,1.2779354373802160e+01
branch0_seg69,4.9710144927536248e+00,6.4178055168179315e-02,6.4178056261060198e-02,1.3654884755672908e+01,1.2588370011547703e+01
branch0_seg69,5.0724637681159450e+00,6.2542686706798231e-02,6.2542687747054876e-02,1.3476776773147586e+01,1.2428725871064064e+01
branch0_seg69,5.1739130434782652e+00,6.1136266468557882e-02,6.1136268022664725e-02,1.3269064884400352e+01,1.2239702894168856e+01
branch0_seg69,5.2753623188405783e+00,5.9824222356246196e-02,5.9824224656956755e-02,1.2977230548526460e+01,1.1970356021970240e+01
branch0_seg69,5.3768115942028984e+00,5.8452441202258509e-02,5.8452444512226080e-02,1.2561726257141467e+01,1.1584051717407741e+01
branch0_seg69,5.4782608695652186e+00,5.6879657941560594e-02,5.6879662162644146e-02,1.2010903855573702e+01,1.1070542260062023e+01
branch0_seg69,5.5797101449275388e+00,5.5005691139657462e-02,5.5005696122835200e-02,1.1338290795835148e+01,1.0443225881767328e+01
branch0_seg69,5.6811594202898590e+00,5.2795323702048987e-02,5.2795328959271963e-02,1.0589286513062055e+01,9.7453593223926323e+00
branch0_seg69,5.7826086956521792e+00,5.0292138563258502e-02,5.0292143597576763e-02,9.8312894382523748e+00,9.0406188606982472e+00
branch0_seg69,5.8840579710144922e+00,4.7621038993365027e-02,4.7621043123516983e-02,9.1496300650640734e+00,8.4092267206198823e+00
branch0_seg69,5.9855072463768124e+00,4.4979170839240877e-02,4.4979173467669685e-02,8.6352393119308175e+00,7.9363100630127779e+00
branch0_seg69,6.0869565217391326e+00,4.2614493657688414e-02,4.2614494246869299e-02,8.3718307730459767e+00,7.6998638899991434e+00
branch0_seg69,6.1884057971014528e+00,4.0796130402699353e-02,4.0796128599673000e-02,8.4254133337463664e+00,7.7609739527183743e+00
branch0_seg69,6.2898550724637730e+00,3.9780857814480750e-02,3.9780853478010067e-02,8.8348816649049446e+00,8.1550798022204454e+00
branch0_seg69,6.3913043478260860e+00,3.9778454924097199e-02,3.9778448189466610e-02,9.6040418851763985e+00,8.8846069160954784e+00
branch0_seg69,6.4927536231884062e+00,4.0921665463442211e-02,4.0921656694975453e-02,1.0700770600443271e+01,9.9183365989999093e+00
branch0_seg69,6.5942028985507264e+00,4.3244902776605601e-02,4.3244892573155710e-02,1.2058617885485983e+01,1.1193046231621334e+01
branch0_seg69,6.6956521739130466e+00,4.6672825738521724e-02,4.6672814871408896e-02,1.3581287214844206e+01,1.2617822674235423e+01
branch0_seg69,6.7971014492753667e+00,5.1019809749235964e-02,5.1019799103677016e-02,1.5150532885086870e+01,1.4081557659595086e+01
branch0_seg69,6.8985507246376869e+00,5.6011658554250762e-02,5.6011648822350546e-02,1.6653224336568709e+01,1.5478496632428403e+01
branch0_seg69,7.0000000000000000e+00,6.1307059392011677e-02,6.1307051511820858e-02,1.7967672130417917e+01,1.6695152060191582e+01
branch0_seg70,0.0000000000000000e+00,6.1307051511820719e-02,6.1307043954095142e-02,1.6695152060191926e+01,1.5510670210110497e+01
branch0_seg70,1.0144927536232018e-01,6.5109812575809181e-02,6.5109835843516886e-02,1.5577582507593826e+01,1.4432157774014499e+01
branch0_seg70,2.0289855072464036e-01,7.0720285637650010e-02,7.0720198921511671e-02,2.0568123971112339e+01,1.9133028451878765e+01
branch0_seg70,3.0434782608695699e-01,7.4597173862447352e-02,7.4597300265523983e-02,1.6404311969781208e+01,1.5167423557139973e+01
branch0_seg70,4.0579710144927716e-01,7.7959736447016773e-02,7.7959592469090788e-02,2.0106139807568301e+01,1.8657994077125629e+01
branch0_seg70,5.0724637681159734e-01,8.0041761671939521e-02,8.0041906204201485e-02,1.7116050618157285e+01,1.5814353262734038e+01
branch0_seg70,6.0869565217391397e-01,8.0962242044997246e-02,8.0962126384351948e-02,1.8244270135780010e+01,1.6877994008951596e+01
branch0_seg70,7.1014492753623415e-01,8.0788244756929334e-02,8.0788345621041119e-02,1.6496088832809885e+01,1.5223033234825179e+01
branch0_seg70,8.1159420289855433e-01,7.9585769341292953e-02,7.9585706641971177e-02,1.6165374311423811e+01,1.4914874288436481e+01
branch0_seg70,9.1304347826087096e-01,7.7668025790449680e-02,7.7668078448261027e-02,1.5113267787239041e+01,1.3928349102406592e+01
branch0_seg70,1.0144927536231911e+00,7.5217303624232221e-02,7.5217278883557892e-02,1.4403648681197840e+01,1.3267712803165633e+01
branch0_seg70,1.1159420289855078e+00,7.2561277242111380e-02,7.2561298697639637e-02,1.3789078586110117e+01,1.2699333737137483e+01
branch0_seg70,1.2173913043478279e+00,6.9900557217584244e-02,6.9900550513773099e-02,1.3248447747284636e+01,1.2200185561783064e+01
branch0_seg70,1.3188405797101481e+00,6.7445323493608586e-02,6.7445329793579936e-02,1.2953764988788796e+01,1.1933698203610154e+01
branch0_seg70,1.4202898550724647e+00,6.5291717673187560e-02,6.5291717183058276e-02,1.2674462046778597e+01,1.1679812749719467e+01
branch0_seg70,1.5217391304347849e+00,6.3476597274087512e-02,6.3476598386198249e-02,1.2536836592421949e+01,1.1558752951669563e+01
branch0_seg70,1.6231884057971016e+00,6.1948099141445417e-02,6.1948100734003884e-02,1.2349182032740858e+01,1.1388637727523900e+01
branch0_seg70,1.7246376811594217e+00,6.0598326650917446e-02,6.0598327749519759e-02,1.2147770764001280e+01,1.1204678758923135e+01
branch0_seg70,1.8260869565217419e+00,5.9280504873096773e-02,5.9280508104405903e-02,1.1824696652322540e+01,1.0905195316859112e+01
branch0_seg70,1.9275362318840585e+00,5.7842004585397996e-02,5.7842007663340578e-02,1.1391646872113002e+01,1.0502130333558210e+01
branch0_seg70,2.0289855072463787e+00,5.6155309980544535e-02,5.6155314787830736e-02,1.0825626804145019e+01,9.9742983168161992e+00
branch0_seg70,2.1304347826086989e+00,5.4144038005501251e-02,5.4144042744701866e-02,1.0164274521954157e+01,9.3577745187941055e+00
branch0_seg70,2.2318840579710155e+00,5.1804332731809490e-02,5.1804337965042684e-02,9.4543217844743523e+00,8.6968626649804275e+00
branch0_seg70,2.3333333333333357e+00,4.9213120247090653e-02,4.9213124716657855e-02,8.7693781499523880e+00,8.0609276148889872e+00
branch0_seg70,2.4347826086956559e+00,4.6526618525009208e-02,4.6526622018225071e-02,8.1924310842895309e+00,7.5278263170521633e+00
branch0_seg70,2.5362318840579725e+00,4.3966006757378787e-02,4.3966008449681890e-02,7.8074656347889988e+00,7.1760215633547970e+00
branch0_seg70,2.6376811594202927e+00,4.1791556172378501e-02,4.1791555772814057e-02,7.6860546984709437e+00,7.0720244444587177e+00
branch0_seg70,2.7391304347826093e+00,4.0271686173182289e-02,4.0271683315834313e-02,7.8806959808217112e+00,7.2642205234764328e+00
branch0_seg70,2.8405797101449295e+00,3.9647981025004123e-02,3.9647975764996249e-02,8.4130713407013840e+00,7.7719332137945525e+00
branch0_seg70,2.9420289855072497e+00,4.0102064600687382e-02,4.0102057115587286e-02,9.2725133953104315e+00,8.5841282539395110e+00
branch0_seg70,3.0434782608695663e+00,4.1728375303561466e-02,4.1728366099713129e-02,1.0413498241419626e+01,9.6571819265282315e+00
branch0_seg70,3.1449275362318865e+00,4.4518330773948421e-02,4.4518320451942449e-02,1.1763141077084455e+01,1.0922059881294279e+01
branch0_seg70,3.2463768115942031e+00,4.8348650187583796e-02,4.8348639688241331e-02,1.3214955104384110e+01,1.2278466043450953e+01
branch0_seg70,3.3478260869565233e+00,5.2996463119905184e-02,5.2996453018860655e-02,1.4667276535771519e+01,1.3631179929189962e+01
branch0_seg70,3.4492753623188435e+00,5.8155845632735535e-02,5.8155836994328386e-02,1.6000908392286583e+01,1.4868791018755415e+01
branch0_seg70,3.5507246376811601e+00,6.3468821744379122e-02,6.3468814927452807e-02,1.7121018447844328e+01,1.5903245189270601e+01
branch0_seg70,3.6521739130434803e+00,6.8561616846468276e-02,6.8561612530444127e-02,1.7946213142818916e+01,1.6659312478559368e+01
branch0_seg70,3.7536231884058004e+00,7.3082952064966442e-02,7.3082950256750615e-02,1.8430419088298301e+01,1.7095122064915042e+01
branch0_seg70,3.8550724637681171e+00,7.6738041816587943e-02,7.6738042625338732e-02,1.8556464818619101e+01,1.7195912202454650e+01
branch0_seg70,3.9565217391304373e+00,7.9322516187921827e-02,7.9322519094671112e-02,1.8352585839331745e+01,1.6989489952323602e+01
branch0_seg70,4.0579710144927574e+00,8.0734936823049247e-02,8.0734941588927314e-02,1.7862929677396519e+01,1.6518219299234392e+01
branch0_seg70,4.1594202898550776e+00,8.0984637096073189e-02,8.0984642834059165e-02,1.7168088340264465e+01,1.5858431748569808e+01
branch0_seg70,4.2608695652173907e+00,8.0183234044996388e-02,8.0183240337386427e-02,1.6351172275823973e+01,1.5088324290896349e+01
branch0_seg70,4.3623188405797109e+00,7.8525304691784689e-02,7.8525310715039126e-02,1.5503518825516213e+01,1.4293461235533540e+01
branch0_seg70,4.4637681159420310e+00,7.6259875449278050e-02,7.6259880855419848e-02,1.4702634978217233e+01,1.3546024580860188e+01
branch0_seg70,4.5652173913043512e+00,7.3656111481626624e-02,7.3656115837151218e-02,1.4008706012634569e+01,1.2901674495064096e+01
branch0_seg70,4.6666666666666714e+00,7.0971040804029911e-02,7.0971044012743095e-02,1.3458792445132163e+01,1.2394221639454646e+01
branch0_seg70,4.7681159420289845e+00,6.8414434495976451e-02,6.8414436701543013e-02,1.3054099330795976e+01,1.2023736346347615e+01
branch0_seg70,4.8695652173913047e+00,6.6129317690040268e-02,6.6129319025810138e-02,1.2779354373802160e+01,1.1775016188298553e+01
branch0_seg70,4.9710144927536248e+00,6.4178056261060198e-02,6.4178057268551233e-02,1.2588370011547703e+01,1.1603971581578547e+01
branch0_seg70,5.0724637681159450e+00,6.2542687747054876e-02,6.2542688714080252e-02,1.2428725871064064e+01,1.1461015202646442e+01
branch0_seg70,5.1739130434782652e+00,6.1136268022664725e-02,6.1136269502990871e-02,1.2239702894168856e+01,1.1289047683686025e+01
branch0_seg70,5.2753623188405783e+00,5.9824224656956755e-02,5.9824226874079602e-02,1.1970356021970240e+01,1.1040473371958484e+01
branch0_seg70,5.3768115942028984e+00,5.8452444512226080e-02,5.8452447718860635e-02,1.1584051717407741e+01,1.0681360821237586e+01
branch0_seg70,5.4782608695652186e+00,5.6879662162644146e-02,5.6879666257085404e-02,1.1070542260062023e+01,1.0202717105430196e+01
branch0_seg70,5.5797101449275388e+00,5.5005696122835200e-02,5.5005700955222836e-02,1.0443225881767328e+01,9.6177506281667569e+00
branch0_seg70,5.6811594202898590e+00,5.2795328959271963e-02,5.2795334048614334e-02,9.7453593223926323e+00,8.9676341561924779e+00
branch0_seg70,5.7826086956521792e+00,5.0292143597576763e-02,5.0292148457258705e-02,9.0406188606982472e+00,8.3124920235771143e+00
branch0_seg70,5.8840579710144922e+00,4.7621043123516983e-02,4.7621047088454972e-02,8.4092267206198823e+00,7.7277141990401130e+00
branch0_seg70,5.9855072463768124e+00,4.4979173467669685e-02,4.4979175957766016e-02,7.9363100630127779e+00,7.2929731914693328e+00
branch0_seg70,6.0869565217391326e+00,4.2614494246869299e-02,4.2614494742723733e-02,7.6998638899991434e+00,7.0809239526718937e+00
branch0_seg70,6.1884057971014528e+00,4.0796128599673000e-02,4.0796126763977467e-02,7.7609739527183743e+00,7.1480905801748031e+00
branch0_seg70,6.2898550724637730e+00,3.9780853478010067e-02,3.9780849181054040e-02,8.1550798022204454e+00,7.5267549631449544e+00
branch0_seg70,6.3913043478260860e+00,3.9778448189466610e-02,3.9778441571596296e-02,8.8846069160954784e+00,8.2181502238049120e+00
branch0_seg70,6.4927536231884062e+00,4.0921656694975453e-02,4.0921648118832733e-02,9.9183365989999093e+00,9.1920145620643900e+00
branch0_seg70,6.5942028985507264e+00,4.3244892573155710e-02,4.3244882628399366e-02,1.1193046231621334e+01,1.0388253805442954e+01
branch0_seg70,6.6956521739130466e+00,4.6672814871408896e-02,4.6672804313312569e-02,1.2617822674235423e+01,1.1721087135479214e+01
branch0_seg70,6.7971014492753667e+00,5.1019799103677016e-02,5.1019788795552683e-02,1.4081557659595086e+01,1.3086154739407746e+01
branch0_seg70,6.8985507246376869e+00,5.6011648822350546e-02,5.6011639434341183e-02,1.5478496632428403e+01,1.4384621886802297e+01
branch0_seg70,7.0000000000000000e+00,6.1307051511820858e-02,6.1307043954095281e-02,1.6695152060191582e+01,1.5510670210110179e+01
branch0_seg71,0.0000000000000000e+00,6.1307043954095142e-02,6.1307036706628806e-02,1.5510670210110497e+01,1.4407167304797957e+01
branch0_seg71,1.0144927536232018e-01,6.5109835843516886e-02,6.5109858855978017e-02,1.4432157774014499e+01,1.3368421624387985e+01
branch0_seg71,2.0289855072464036e-01,7.0720198921511671e-02,7.0720113795381567e-02,1.9133028451878765e+01,1.7793881262331993e+01
branch0_seg71,3.0434782608695699e-01,7.4597300265523983e-02,7.4597424810292717e-02,1.5167423557139973e+01,1.4021146714481544e+01
branch0_seg71,4.0579710144927716e-01,7.7959592469090788e-02,7.7959450828327462e-02,1.8657994077125629e+01,1.7310477905992887e+01
branch0_seg71,5.0724637681159734e-01,8.0041906204201485e-02,8.0042048568938234e-02,1.5814353262734038e+01,1.4608835184601039e+01
branch0_seg71,6.0869565217391397e-01,8.0962126384351935e-02,8.0962012516156770e-02,1.6877994008951596e+01,1.5610970374084207e+01
branch0_seg71,7.1014492753623415e-01,8.0788345621041119e-02,8.0788444907910026e-02,1.5223033234825179e+01,1.4045492248484560e+01
branch0_seg71,8.1159420289855433e-01,7.9585706641971177e-02,7.9585644858710905e-02,1.4914874288436481e+01,1.3758431322210406e+01
branch0_seg71,9.1304347826087096e-01,7.7668078448261027e-02,7.7668130200631305e-02,1.3928349102406592e+01,1.2833815810495711e+01
branch0_seg71,1.0144927536231911e+00,7.5217278883557892e-02,7.5217254447935200e-02,1.3267712803165633e+01,1.2218957128249608e+01
branch0_seg71,1.1159420289855078e+00,7.2561298697639637e-02,7.2561319704216407e-02,1.2699333737137483e+01,1.1693435871159052e+01
branch0_seg71,1.2173913043478279e+00,6.9900550513773099e-02,6.9900543838039689e-02,1.2200185561783064e+01,1.1232698546417845e+01
branch0_seg71,1.3188405797101481e+00,6.7445329793579936e-02,6.7445335894298408e-02,1.1933698203610154e+01,1.0991893507875030e+01
branch0_seg71,1.4202898550724647e+00,6.5291717183058276e-02,6.5291716642310524e-02,1.1679812749719467e+01,1.0761234149609871e+01
branch0_seg71,1.5217391304347849e+00,6.3476598386198249e-02,6.3476599409428486e-02,1.1558752951669563e+01,1.0655050737740057e+01
branch0_seg71,1.6231884057971016e+00,6.1948100734003884e-02,6.1948102259435353e-02,1.1388637727523900e+01,1.0500931488694276e+01
branch0_seg71,1.7246376811594217e+00,6.0598327749519759e-02,6.0598328778419114e-02,1.1204678758923135e+01,1.0332976802253667e+01
branch0_seg71,1.8260869565217419e+00,5.9280508104405903e-02,5.9280511242323961e-02,1.0905195316859112e+01,1.0055426682350710e+01
branch0_seg71,1.9275362318840585e+00,5.7842007663340578e-02,5.7842010636549215e-02,1.0502130333558210e+01,9.6803726748552972e+00
branch0_seg71,2.0289855072463787e+00,5.6155314787830736e-02,5.6155319457651606e-02,9.9742983168161992e+00,9.1882999911545529e+00
branch0_seg71,2.1304347826086989e+00,5.4144042744701866e-02,5.4144047332071912e-02,9.3577745187941055e+00,8.6137340705436518e+00
branch0_seg71,2.2318840579710155e+00,5.1804337965042684e-02,5.1804343029105332e-02,8.6968626649804275e+00,7.9986405307482320e+00
branch0_seg71,2.3333333333333357e+00,4.9213124716657855e-02,4.9213129020428049e-02,8.0609276148889872e+00,7.4083452555942761e+00
branch0_seg71,2.4347826086956559e+00,4.6526622018225071e-02,4.6526625360592704e-02,7.5278263170521633e+00,6.9158596778689372e+00
branch0_seg71,2.5362318840579725e+00,4.3966008449681890e-02,4.3966010026879908e-02,7.1760215633547970e+00,6.5944634501475203e+00
branch0_seg71,2.6376811594202927e+00,4.1791555772814050e-02,4.1791555308492476e-02,7.0720244444587177e+00,6.5059500024618080e+00
branch0_seg71,2.7391304347826093e+00,4.0271683315834320e-02,4.0271680459185118e-02,7.2642205234764328e+00,6.6949067998677148e+00
branch0_seg71,2.8405797101449295e+00,3.9647975764996242e-02,3.9647970578371612e-02,7.7719332137945525e+00,7.1785301484384183e+00
branch0_seg71,2.9420289855072497e+00,4.0102057115587300e-02,4.0102049779305565e-02,8.5841282539395110e+00,7.9455395482836746e+00
branch0_seg71,3.0434782608695663e+00,4.1728366099713123e-02,4.1728357114234137e-02,9.6571819265282315e+00,8.9541938447050402e+00
branch0_seg71,3.1449275362318865e+00,4.4518320451942442e-02,4.4518310406768374e-02,1.0922059881294279e+01,1.0139156333899244e+01
branch0_seg71,3.2463768115942031e+00,4.8348639688241331e-02,4.8348629503500266e-02,1.2278466043450953e+01,1.1406011929049976e+01
branch0_seg71,3.3478260869565233e+00,5.2996453018860655e-02,5.2996443251999002e-02,1.3631179929189962e+01,1.2665606026761298e+01
branch0_seg71,3.4492753623188435e+00,5.8155836994328379e-02,5.8155828681131984e-02,1.4868791018755415e+01,1.3813838217529330e+01
branch0_seg71,3.5507246376811601e+00,6.3468814927452821e-02,6.3468808407732821e-02,1.5903245189270601e+01,1.4768966051297024e+01
branch0_seg71,3.6521739130434803e+00,6.8561612530444099e-02,6.8561608459596995e-02,1.6659312478559368e+01,1.5461472594332511e+01
branch0_seg71,3.7536231884058004e+00,7.3082950256750628e-02,7.3082948629381722e-02,1.7095122064915042e+01,1.5853328894834597e+01
branch0_seg71,3.8550724637681171e+00,7.6738042625338704e-02,7.6738043539203937e-02,1.7195912202454650e+01,1.5931923964463644e+01
branch0_seg71,3.9565217391304373e+00,7.9322519094671126e-02,7.9322522032925655e-02,1.6989489952323602e+01,1.5724538225438222e+01
branch0_seg71,4.0579710144927574e+00,8.0734941588927300e-02,8.0734946314232239e-02,1.6518219299234392e+01,1.5271763831125552e+01
branch0_seg71,4.1594202898550776e+00,8.0984642834059178e-02,8.0984648475135840e-02,1.5858431748569808e+01,1.4645840603593559e+01
branch0_seg71,4.2608695652173907e+00,8.0183240337386399e-02,8.0183246488484988e-02,1.5088324290896349e+01,1.3920302880482273e+01
branch0_seg71,4.3623188405797109e+00,7.8525310715039140e-02,7.8525316573548443e-02,1.4293461235533540e+01,1.3175272548318400e+01
branch0_seg71,4.4637681159420310e+00,7.6259880855419834e-02,7.6259886088402520e-02,1.3546024580860188e+01,1.2477950747507853e+01
branch0_seg71,4.5652173913043512e+00,7.3656115837151218e-02,7.3656120027692951e-02,1.2901674495064096e+01,1.1879798407203616e+01
branch0_seg71,4.6666666666666714e+00,7.0971044012743095e-02,7.0971047075038707e-02,1.2394221639454646e+01,1.1411647036918552e+01
branch0_seg71,4.7681159420289845e+00,6.8414436701543013e-02,6.8414438783757026e-02,1.2023736346347615e+01,1.1072596236949947e+01
branch0_seg71,4.8695652173913047e+00,6.6129319025810138e-02,6.6129320263249289e-02,1.1775016188298553e+01,1.0847593557299639e+01
branch0_seg71,4.9710144927536248e+00,6.4178057268551233e-02,6.4178058195383594e-02,1.1603971581578547e+01,1.0694604153333833e+01
branch0_seg71,5.0724637681159450e+00,6.2542688714080252e-02,6.2542689611781527e-02,1.1461015202646442e+01,1.0566756242607019e+01
branch0_seg71,5.1739130434782652e+00,6.1136269502990871e-02,6.1136270912708270e-02,1.1289047683686025e+01,1.0410382591711661e+01
branch0_seg71,5.2753623188405783e+00,5.9824226874079602e-02,5.9824229010391132e-02,1.1040473371958484e+01,1.0181032095962552e+01
branch0_seg71,5.3768115942028984e+00,5.8452447718860628e-02,5.8452450824890041e-02,1.0681360821237586e+01,9.8472834493660830e+00
branch0_seg71,5.4782608695652186e+00,5.6879666257085411e-02,5.6879670227983924e-02,1.0202717105430196e+01,9.4012689857170777e+00
branch0_seg71,5.5797101449275388e+00,5.5005700955222829e-02,5.5005705640585580e-02,9.6177506281667569e+00,8.8559560720926118e+00
branch0_seg71,5.6811594202898590e+00,5.2795334048614341e-02,5.2795338974725554e-02,8.9676341561924779e+00,8.2504919047190803e+00
branch0_seg71,5.7826086956521792e+00,5.0292148457258691e-02,5.0292153147821560e-02,8.3124920235771143e+00,7.6416085703529122e+00
branch0_seg71,5.8840579710144922e+00,4.7621047088454979e-02,4.7621050894385765e-02,7.7277141990401130e+00,7.1001196335683492e+00
branch0_seg71,5.9855072463768124e+00,4.4979175957766009e-02,4.4979178316016326e-02,7.2929731914693328e+00,6.7005647565806221e+00
branch0_seg71,6.0869565217391326e+00,4.2614494742723739e-02,4.2614495151459854e-02,7.0809239526718937e+00,6.5106065686860459e+00
branch0_seg71,6.1884057971014528e+00,4.0796126763977467e-02,4.0796124900883454e-02,7.1480905801748031e+00,6.5825385266020691e+00
branch0_seg71,6.2898550724637730e+00,3.9780849181054040e-02,3.9780844927275079e-02,7.5267549631449544e+00,6.9457556899863722e+00
branch0_seg71,6.3913043478260860e+00,3.9778441571596296e-02,3.9778435071941044e-02,8.2181502238049120e+00,7.6004673275094135e+00
branch0_seg71,6.4927536231884062e+00,4.0921648118832733e-02,4.0921639733833559e-02,9.1920145620643900e+00,8.5174096780039683e+00
branch0_seg71,6.5942028985507264e+00,4.3244882628399366e-02,4.3244872938315977e-02,1.0388253805442954e+01,9.6395171096195682e+00
branch0_seg71,6.6956521739130466e+00,4.6672804313312569e-02,4.6672794057432861e-02,1.1721087135479214e+01,1.0885899972867028e+01
branch0_seg71,6.7971014492753667e+00,5.1019788795552683e-02,5.1019778815616611e-02,1.3086154739407746e+01,1.2158579469630872e+01
branch0_seg71,6.8985507246376869e+00,5.6011639434341183e-02,5.6011630379155630e-02,1.4384621886802297e+01,1.3365215499389663e+01
branch0_seg71,7.0000000000000000e+00,6.1307043954095274e-02,6.1307036706628952e-02,1.5510670210110179e+01,1.4407167304797653e+01
branch0_seg72,0.0000000000000000e+00,6.1307036706628813e-02,6.1307029757184696e-02,1.4407167304797957e+01,1.3379904142587602e+01
branch0_seg72,1.0144927536232018e-01,6.5109858855978017e-02,6.5109881591343455e-02,1.3368421624387985e+01,1.2381581959320945e+01
branch0_seg72,2.0289855072464036e-01,7.0720113795381567e-02,7.0720030286204855e-02,1.7793881262331993e+01,1.6545312131485225e+01
branch0_seg72,3.0434782608695699e-01,7.4597424810292717e-02,7.4597547418156371e-02,1.4021146714481544e+01,1.2960315946614973e+01
branch0_seg72,4.0579710144927716e-01,7.7959450828327462e-02,7.7959311595439590e-02,1.7310477905992887e+01,1.6058036584507136e+01
branch0_seg72,5.0724637681159734e-01,8.0042048568938234e-02,8.0042188679676315e-02,1.4608835184601039e+01,1.3494123684581309e+01
branch0_seg72,6.0869565217391397e-01,8.0962012516156770e-02,8.0961900504861614e-02,1.5610970374084207e+01,1.4437705310739194e+01
branch0_seg72,7.1014492753623415e-01,8.0788444907910026e-02,8.0788542562345120e-02,1.4045492248484560e+01,1.2958121184226661e+01
branch0_seg72,8.1159420289855433e-01,7.9585644858710905e-02,7.9585584031669196e-02,1.3758431322210406e+01,1.2690748389541980e+01
branch0_seg72,9.1304347826087096e-01,7.7668130200631305e-02,7.7668181025384309e-02,1.2833815810495711e+01,1.1824513107937944e+01
branch0_seg72,1.0144927536231911e+00,7.5217254447935200e-02,7.5217230338451485e-02,1.2218957128249608e+01,1.1252345294705028e+01
branch0_seg72,1.1159420289855078e+00,7.2561319704216407e-02,7.2561340259325383e-02,1.1693435871159052e+01,1.0766482246190487e+01
branch0_seg72,1.2173913043478279e+00,6.9900543838039689e-02,6.9900537201087992e-02,1.1232698546417845e+01,1.0341206953858679e+01
branch0_seg72,1.3188405797101481e+00,6.7445335894298408e-02,6.7445341800532951e-02,1.0991893507875030e+01,1.0123679279499948e+01
branch0_seg72,1.4202898550724647e+00,6.5291716642310524e-02,6.5291716056498306e-02,1.0761234149609871e+01,9.9141497018569780e+00
branch0_seg72,1.5217391304347849e+00,6.3476599409428486e-02,6.3476600349023693e-02,1.0655050737740057e+01,9.8212309935568367e+00
branch0_seg72,1.6231884057971016e+00,6.1948102259435353e-02,6.1948103720639497e-02,1.0500931488694276e+01,9.6816349548645348e+00
branch0_seg72,1.7246376811594217e+00,6.0598328778419114e-02,6.0598329741366613e-02,1.0332976802253667e+01,9.5283038312442763e+00
branch0_seg72,1.8260869565217419e+00,5.9280511242323961e-02,5.9280514288818448e-02,1.0055426682350710e+01,9.2711054768197165e+00
branch0_seg72,1.9275362318840585e+00,5.7842010636549215e-02,5.7842013508108851e-02,9.6803726748552972e+00,8.9221790397406942e+00
branch0_seg72,2.0289855072463787e+00,5.6155319457651606e-02,5.6155323992712697e-02,9.1882999911545529e+00,8.4635488371169778e+00
branch0_seg72,2.1304347826086989e+00,5.4144047332071912e-02,5.4144051771605313e-02,8.6137340705436518e+00,7.9282048007671140e+00
branch0_seg72,2.2318840579710155e+00,5.1804343029105332e-02,5.1804347928554616e-02,7.9986405307482320e+00,7.3558620846475318e+00
branch0_seg72,2.3333333333333357e+00,4.9213129020428049e-02,4.9213133164069889e-02,7.4083452555942761e+00,6.8080055766408298e+00
branch0_seg72,2.4347826086956559e+00,4.6526625360592704e-02,4.6526628558331180e-02,6.9158596778689372e+00,6.3530737446314562e+00
branch0_seg72,2.5362318840579725e+00,4.3966010026879908e-02,4.3966011495515885e-02,6.5944634501475203e+00,6.0594854849770128e+00
branch0_seg72,2.6376811594202927e+00,4.1791555308492476e-02,4.1791554785600156e-02,6.5059500024618080e+00,5.9846417117849091e+00
branch0_seg72,2.7391304347826093e+00,4.0271680459185118e-02,4.0271677608480237e-02,6.6949067998677148e+00,6.1696266093290326e+00
branch0_seg72,2.8405797101449295e+00,3.9647970578371612e-02,3.9647965468728980e-02,7.1785301484384183e+00,6.6297248722786541e+00
branch0_seg72,2.9420289855072497e+00,4.0102049779305565e-02,4.0102042593235653e-02,7.9455395482836746e+00,7.3535208981692417e+00
branch0_seg72,3.0434782608695663e+00,4.1728357114234137e-02,4.1728348345858618e-02,8.9541938447050402e+00,8.3011381089364757e+00
branch0_seg72,3.1449275362318865e+00,4.4518310406768374e-02,4.4518300634305452e-02,1.0139156333899244e+01,9.4107940738230536e+00
branch0_seg72,3.2463768115942031e+00,4.8348629503500259e-02,4.8348619626358683e-02,1.1406011929049976e+01,1.0593664689416947e+01
branch0_seg72,3.3478260869565233e+00,5.2996443251999009e-02,5.2996433809882872e-02,1.2665606026761298e+01,1.1766308445398019e+01
branch0_seg72,3.4492753623188435e+00,5.8155828681131984e-02,5.8155820681690153e-02,1.3813838217529330e+01,1.2831486988713156e+01
branch0_seg72,3.5507246376811601e+00,6.3468808407732821e-02,6.3468802172685621e-02,1.4768966051297024e+01,1.3713328307573811e+01
branch0_seg72,3.6521739130434803e+00,6.8561608459596995e-02,6.8561604621093536e-02,1.5461472594332511e+01,1.4347598225092398e+01
branch0_seg72,3.7536231884058004e+00,7.3082948629381722e-02,7.3082947170779858e-02,1.5853328894834597e+01,1.4699761250826151e+01
branch0_seg72,3.8550724637681171e+00,7.6738043539203937e-02,7.6738044547645101e-02,1.5931923964463644e+01,1.4759103244460242e+01
branch0_seg72,3.9565217391304373e+00,7.9322522032925655e-02,7.9322524994502569e-02,1.5724538225438222e+01,1.4552277358890754e+01
branch0_seg72,4.0579710144927574e+00,8.0734946314232239e-02,8.0734950993466309e-02,1.5271763831125552e+01,1.4118109884568561e+01
branch0_seg72,4.1594202898550776e+00,8.0984648475135840e-02,8.0984654016816565e-02,1.4645840603593559e+01,1.3524908329258730e+01
branch0_seg72,4.2608695652173907e+00,8.0183246488484988e-02,8.0183252498573401e-02,1.3920302880482273e+01,1.2841785350517686e+01
branch0_seg72,4.3623188405797109e+00,7.8525316573548443e-02,7.8525322270111955e-02,1.3175272548318400e+01,1.2143740165804845e+01
branch0_seg72,4.4637681159420310e+00,7.6259886088402520e-02,7.6259891152899592e-02,1.2477950747507853e+01,1.1493326623573612e+01
branch0_seg72,4.5652173913043512e+00,7.3656120027692951e-02,7.3656124059190087e-02,1.1879798407203616e+01,1.0938121897376709e+01
branch0_seg72,4.6666666666666714e+00,7.0971047075038707e-02,7.0971049997408220e-02,1.1411647036918552e+01,1.0506239501433432e+01
branch0_seg72,4.7681159420289845e+00,6.8414438783757026e-02,6.8414440749011596e-02,1.1072596236949947e+01,1.0195965459814829e+01
branch0_seg72,4.8695652173913047e+00,6.6129320263249289e-02,6.6129321408237643e-02,1.0847593557299639e+01,9.9924729255340292e+00
branch0_seg72,4.9710144927536248e+00,6.4178058195383594e-02,6.4178059046539684e-02,1.0694604153333833e+01,9.8557386845225405e+00
branch0_seg72,5.0724637681159450e+00,6.2542689611781527e-02,6.2542690444247109e-02,1.0566756242607019e+01,9.7414924873334332e+00
branch0_seg72,5.1739130434782652e+00,6.1136270912708270e-02,6.1136272255049917e-02,1.0410382591711661e+01,9.5993187312746020e+00
branch0_seg72,5.2753623188405783e+00,5.9824229010391132e-02,5.9824231068610102e-02,1.0181032095962552e+01,9.3877145611230102e+00
branch0_seg72,5.3768115942028984e+00,5.8452450824890041e-02,5.8452453832859887e-02,9.8472834493660830e+00,9.0775855805785319e+00
branch0_seg72,5.4782608695652186e+00,5.6879670227983924e-02,5.6879674078168185e-02,9.4012689857170777e+00,8.6620665134669572e+00
branch0_seg72,5.5797101449275388e+00,5.5005705640585580e-02,5.5005710182357385e-02,8.8559560720926118e+00,8.1538362138130740e+00
branch0_seg72,5.6811594202898590e+00,5.2795338974725554e-02,5.2795343741923580e-02,8.2504919047190803e+00,7.5900739232073411e+00
branch0_seg72,5.7826086956521792e+00,5.0292153147821560e-02,5.0292157674497621e-02,7.6416085703529122e+00,7.0242737122036489e+00
branch0_seg72,5.8840579710144922e+00,4.7621050894385765e-02,4.7621054547341883e-02,7.1001196335683492e+00,6.5229180013516643e+00
branch0_seg72,5.9855072463768124e+00,4.4979178316016326e-02,4.4979180548894986e-02,6.7005647565806221e+00,6.1557202826253219e+00
branch0_seg72,6.0869565217391326e+00,4.2614495151459854e-02,4.2614495479484316e-02,6.5106065686860459e+00,5.9856802431573746e+00
branch0_seg72,6.1884057971014528e+00,4.0796124900883454e-02,4.0796123016101221e-02,6.5825385266020691e+00,6.0611722553385476e+00
branch0_seg72,6.2898550724637730e+00,3.9780844927275079e-02,3.9780840721021865e-02,6.9457556899863722e+00,6.4089577133147433e+00
branch0_seg72,6.3913043478260860e+00,3.9778435071941044e-02,3.9778428692855070e-02,7.6004673275094135e+00,7.0283781075779101e+00
branch0_seg72,6.4927536231884062e+00,4.0921639733833559e-02,4.0921631539838250e-02,8.5174096780039683e+00,7.8912045121209022e+00
branch0_seg72,6.5942028985507264e+00,4.3244872938315984e-02,4.3244863499955821e-02,9.6395171096195682e+00,8.9433054391164770e+00
branch0_seg72,6.6956521739130466e+00,4.6672794057432868e-02,4.6672784097934690e-02,1.0885899972867028e+01,1.0108456730303775e+01
branch0_seg72,6.7971014492753667e+00,5.1019778815616597e-02,5.1019769155341538e-02,1.2158579469630872e+01,1.1294716791996215e+01
branch0_seg72,6.8985507246376869e+00,5.6011630379155637e-02,5.6011621646112987e-02,1.3365215499389663e+01,1.2415841646575503e+01
branch0_seg72,7.0000000000000000e+00,6.1307036706628945e-02,6.1307029757184835e-02,1.4407167304797653e+01,1.3379904142587312e+01
branch0_seg73,0.0000000000000000e+00,6.1307029757184696e-02,6.1307023105910040e-02,1.3379904142587602e+01,1.2420410733296707e+01
branch0_seg73,1.0144927536232018e-01,6.5109881591343455e-02,6.5109903996115770e-02,1.2381581959320945e+01,1.1462911568125554e+01
branch0_seg73,2.0289855072464036e-01,7.0720030286204855e-02,7.0719948544970615e-02,1.6545312131485225e+01,1.5377272201855572e+01
branch0_seg73,3.0434782608695699e-01,7.4597547418156371e-02,7.4597667834221254e-02,1.2960315946614973e+01,1.1975038517930644e+01
branch0_seg73,4.0579710144927716e-01,7.7959311595439590e-02,7.7959175044080564e-02,1.6058036584507136e+01,1.4889871669311345e+01
branch0_seg73,5.0724637681159734e-01,8.0042188679676315e-02,8.0042326248155549e-02,1.3494123684581309e+01,1.2459613543892180e+01
branch0_seg73,6.0869565217391397e-01,8.0961900504861614e-02,8.0961790576812256e-02,1.4437705310739194e+01,1.3347319964486559e+01
branch0_seg73,7.1014492753623415e-01,8.0788542562345120e-02,8.0788638387981018e-02,1.2958121184226661e+01,1.1950317641711969e+01
branch0_seg73,8.1159420289855433e-01,7.9585584031669196e-02,7.9585524287866832e-02,1.2690748389541980e+01,1.1701396537693441e+01
branch0_seg73,9.1304347826087096e-01,7.7668181025384309e-02,7.7668230826111656e-02,1.1824513107937944e+01,1.0890386137715375e+01
branch0_seg73,1.0144927536231911e+00,7.5217230338451485e-02,7.5217206609609497e-02,1.1252345294705028e+01,1.0358191352902267e+01
branch0_seg73,1.1159420289855078e+00,7.2561340259325383e-02,7.2561360329657501e-02,1.0766482246190487e+01,9.9091762744149392e+00
branch0_seg73,1.2173913043478279e+00,6.9900537201087992e-02,6.9900530621911816e-02,1.0341206953858679e+01,9.5167820363417466e+00
branch0_seg73,1.3188405797101481e+00,6.7445341800532951e-02,6.7445347507543260e-02,1.0123679279499948e+01,9.3204423073926392e+00
branch0_seg73,1.4202898550724647e+00,6.5291716056498306e-02,6.5291715431079755e-02,9.9141497018569780e+00,9.1302200412157966e+00
branch0_seg73,1.5217391304347849e+00,6.3476600349023707e-02,6.3476601208168851e-02,9.8212309935568367e+00,9.0491732556638365e+00
branch0_seg73,1.6231884057971016e+00,6.1948103720639490e-02,6.1948105117765891e-02,9.6816349548645348e+00,8.9228195931487146e+00
branch0_seg73,1.7246376811594217e+00,6.0598329741366620e-02,6.0598330640171789e-02,9.5283038312442763e+00,8.7829064042066012e+00
branch0_seg73,1.8260869565217419e+00,5.9280514288818441e-02,5.9280517240874256e-02,9.2711054768197165e+00,8.5446658738213070e+00
branch0_seg73,1.9275362318840585e+00,5.7842013508108844e-02,5.7842016276308514e-02,8.9221790397406942e+00,8.2201995424937113e+00
branch0_seg73,2.0289855072463787e+00,5.6155323992712690e-02,5.6155328388393308e-02,8.4635488371169778e+00,7.7929554721205854e+00
branch0_seg73,2.1304347826086989e+00,5.4144051771605320e-02,5.4144056059970996e-02,7.9282048007671140e+00,7.2944050687415576e+00
branch0_seg73,2.2318840579710155e+00,5.1804347928554609e-02,5.1804352659835115e-02,7.3558620846475318e+00,6.7620938862850837e+00
branch0_seg73,2.3333333333333357e+00,4.9213133164069896e-02,4.9213137146160234e-02,6.8080055766408298e+00,6.2538446697886823e+00
branch0_seg73,2.4347826086956559e+00,4.6526628558331180e-02,4.6526631611942454e-02,6.3530737446314562e+00,5.8337669832835743e+00
branch0_seg73,2.5362318840579725e+00,4.3966011495515885e-02,4.3966012859019923e-02,6.0594854849770128e+00,5.5657063519650025e+00
branch0_seg73,2.6376811594202927e+00,4.1791554785600156e-02,4.1791554210298433e-02,5.9846417117849091e+00,5.5029597759223714e+00
branch0_seg73,2.7391304347826093e+00,4.0271677608480237e-02,4.0271674772612683e-02,6.1696266093290326e+00,5.6833687734480307e+00
branch0_seg73,2.8405797101449295e+00,3.9647965468728980e-02,3.9647960446971275e-02,6.6297248722786541e+00,6.1204950551628130e+00
branch0_seg73,2.9420289855072497e+00,4.0102042593235653e-02,4.0102035569526961e-02,7.3535208981692417e+00,6.8028824399098342e+00
branch0_seg73,3.0434782608695663e+00,4.1728348345858618e-02,4.1728339806843304e-02,8.3011381089364757e+00,7.6924972583625664e+00
branch0_seg73,3.1449275362318865e+00,4.4518300634305452e-02,4.4518291145879685e-02,9.4107940738230536e+00,8.7309775176296487e+00
branch0_seg73,3.2463768115942031e+00,4.8348619626358683e-02,4.8348610065835962e-02,1.0593664689416947e+01,9.8348252513546122e+00
branch0_seg73,3.3478260869565233e+00,5.2996433809882872e-02,5.2996424698803127e-02,1.1766308445398019e+01,1.0925993805016251e+01
branch0_seg73,3.4492753623188435e+00,5.8155820681690153e-02,5.8155812998398011e-02,1.2831486988713156e+01,1.1913705282499524e+01
branch0_seg73,3.5507246376811601e+00,6.3468802172685621e-02,6.3468796221130039e-02,1.3713328307573811e+01,1.2727566995961428e+01
branch0_seg73,3.6521739130434803e+00,6.8561604621093536e-02,6.8561601009869438e-02,1.4347598225092398e+01,1.3308249342618094e+01
branch0_seg73,3.7536231884058004e+00,7.3082947170779858e-02,7.3082945872907187e-02,1.4699761250826151e+01,1.3624408579364756e+01
branch0_seg73,3.8550724637681171e+00,7.6738044547645101e-02,7.6738045640171518e-02,1.4759103244460242e+01,1.3667011408222345e+01
branch0_seg73,3.9565217391304373e+00,7.9322524994502569e-02,7.9322527967920914e-02,1.4552277358890754e+01,1.3462004996629734e+01
branch0_seg73,4.0579710144927574e+00,8.0734950993466309e-02,8.0734955614788620e-02,1.4118109884568561e+01,1.3046463455580710e+01
branch0_seg73,4.1594202898550776e+00,8.0984654016816565e-02,8.0984659448484222e-02,1.3524908329258730e+01,1.2484910316975146e+01
branch0_seg73,4.2608695652173907e+00,8.0183252498573401e-02,8.0183258358659720e-02,1.2841785350517686e+01,1.1842253386395088e+01
branch0_seg73,4.3623188405797109e+00,7.8525322270111955e-02,7.8525327798355735e-02,1.2143740165804845e+01,1.1188653312979142e+01
branch0_seg73,4.4637681159420310e+00,7.6259891152899592e-02,7.6259896045105288e-02,1.1493326623573612e+01,1.0582310065454260e+01
branch0_seg73,4.5652173913043512e+00,7.3656124059190087e-02,7.3656127930505869e-02,1.0938121897376709e+01,1.0067192771967134e+01
branch0_seg73,4.6666666666666714e+00,7.0971049997408220e-02,7.0971052780898214e-02,1.0506239501433432e+01,9.6689236088541080e+00
branch0_seg73,4.7681159420289845e+00,6.8414440749011596e-02,6.8414442599746592e-02,1.0195965459814829e+01,9.3851086775101784e+00
branch0_seg73,4.8695652173913047e+00,6.6129321408237643e-02,6.6129322464042503e-02,9.9924729255340292e+00,9.2012091144002017e+00
branch0_seg73,4.9710144927536248e+00,6.4178059046539684e-02,6.4178059824976319e-02,9.8557386845225405e+00,9.0791704618544653e+00
branch0_seg73,5.0724637681159450e+00,6.2542690444247109e-02,6.2542691213702206e-02,9.7414924873334332e+00,8.9772198819370921e+00
branch0_seg73,5.1739130434782652e+00,6.1136272255049917e-02,6.1136273530732359e-02,9.5993187312746020e+00,8.8480313168130760e+00
branch0_seg73,5.2753623188405783e+00,5.9824231068610102e-02,5.9824233047920387e-02,9.3877145611230102e+00,8.6528758295595392e+00
branch0_seg73,5.3768115942028984e+00,5.8452453832859887e-02,5.8452456740357199e-02,9.0775855805785319e+00,8.3648245609584091e+00
branch0_seg73,5.4782608695652186e+00,5.6879674078168185e-02,5.6879677804185111e-02,8.6620665134669572e+00,7.9779082606922254e+00
branch0_seg73,5.5797101449275388e+00,5.5005710182357385e-02,5.5005714576555544e-02,8.1538362138130740e+00,7.5044783331631777e+00
branch0_seg73,5.6811594202898590e+00,5.2795343741923580e-02,5.2795348346650554e-02,7.5900739232073411e+00,6.9798008350758378e+00
branch0_seg73,5.7826086956521792e+00,5.0292157674497621e-02,5.0292162034895033e-02,7.0242737122036489e+00,6.4542718642784642e+00
branch0_seg73,5.8840579710144922e+00,4.7621054547341883e-02,4.7621058046966640e-02,6.5229180013516643e+00,5.9902629607146585e+00
branch0_seg73,5.9855072463768124e+00,4.4979180548894986e-02,4.4979182658603581e-02,6.1557202826253219e+00,5.6529352840994527e+00
branch0_seg73,6.0869565217391326e+00,4.2614495479484316e-02,4.2614495731850971e-02,5.9856802431573746e+00,5.5009184614409632e+00
branch0_seg73,6.1884057971014528e+00,4.0796123016101221e-02,4.0796121117455578e-02,6.0611722553385476e+00,5.5789436879292902e+00
branch0_seg73,6.2898550724637730e+00,3.9780840721021865e-02,3.9780836572473055e-02,6.4089577133147433e+00,5.9113614537933206e+00
branch0_seg73,6.3913043478260860e+00,3.9778428692855070e-02,3.9778422446093059e-02,7.0283781075779101e+00,6.4967804635364015e+00
branch0_seg73,6.4927536231884062e+00,4.0921631539838250e-02,4.0921623549202646e-02,7.8912045121209022e+00,7.3080342222206305e+00
branch0_seg73,6.5942028985507264e+00,4.3244863499955821e-02,4.3244854325143245e-02,8.9433054391164770e+00,8.2938352451818727e+00
branch0_seg73,6.6956521739130466e+00,4.6672784097934690e-02,4.6672774444959500e-02,1.0108456730303775e+01,9.3824175217500319e+00
branch0_seg73,6.7971014492753667e+00,5.1019769155341538e-02,5.1019759822119815e-02,1.1294716791996215e+01,1.0487564858859821e+01
branch0_seg73,6.8985507246376869e+00,5.6011621646112987e-02,5.6011613239376742e-02,1.2415841646575503e+01,1.1528771696822508e+01
branch0_seg73,7.0000000000000000e+00,6.1307029757184835e-02,6.1307023105910179e-02,1.3379904142587312e+01,1.2420410733296430e+01
branch0_seg74,0.0000000000000000e+00,6.1307023105910040e-02,6.1307016740026268e-02,1.2420410733296707e+01,1.1524387021015782e+01
branch0_seg74,1.0144927536232018e-01,6.5109903996115770e-02,6.5109926057581174e-02,1.1462911568125554e+01,1.0607916839801380e+01
branch0_seg74,2.0289855072464036e-01,7.0719948544970615e-02,7.0719868571744907e-02,1.5377272201855572e+01,1.4284675694069495e+01
branch0_seg74,3.0434782608695699e-01,7.4597667834221254e-02,7.4597786024405185e-02,1.1975038517930644e+01,1.1060163680053176e+01
branch0_seg74,4.0579710144927716e-01,7.7959175044080564e-02,7.7959041196883030e-02,1.4889871669311345e+01,1.3800435149903240e+01
branch0_seg74,5.0724637681159734e-01,8.0042326248155549e-02,8.0042461238454071e-02,1.2459613543892180e+01,1.1499759095015785e+01
branch0_seg74,6.0869565217391397e-01,8.0961790576812256e-02,8.0961682756580194e-02,1.3347319964486559e+01,1.2334147070870396e+01
branch0_seg74,7.1014492753623415e-01,8.0788638387981018e-02,8.0788732364357144e-02,1.1950317641711969e+01,1.1016513997833394e+01
branch0_seg74,8.1159420289855433e-01,7.9585524287866832e-02,7.9585465644860839e-02,1.1701396537693441e+01,1.0784896327653346e+01
branch0_seg74,9.1304347826087096e-01,7.7668230826111656e-02,7.7668279598032852e-02,1.0890386137715375e+01,1.0026139220919966e+01
branch0_seg74,1.0144927536231911e+00,7.5217206609609497e-02,7.5217183272646787e-02,1.0358191352902267e+01,9.5313897349302383e+00
branch0_seg74,1.1159420289855078e+00,7.2561360329657501e-02,7.2561379919067165e-02,9.9091762744149392e+00,9.1166208319853705e+00
branch0_seg74,1.2173913043478279e+00,6.9900530621911816e-02,6.9900524107725584e-02,9.5167820363417466e+00,8.7547228284788936e+00
branch0_seg74,1.3188405797101481e+00,6.7445347507543260e-02,6.7445353021373972e-02,9.3204423073926392e+00,8.5776575215992494e+00
branch0_seg74,1.4202898550724647e+00,6.5291715431079755e-02,6.5291714770603332e-02,9.1302200412157966e+00,8.4050707193020422e+00
branch0_seg74,1.5217391304347849e+00,6.3476601208168851e-02,6.3476601991858686e-02,9.0491732556638365e+00,8.3346272172450071e+00
branch0_seg74,1.6231884057971016e+00,6.1948105117765891e-02,6.1948106453704577e-02,8.9228195931487146e+00,8.2203409289796205e+00
branch0_seg74,1.7246376811594217e+00,6.0598330640171789e-02,6.0598331478476951e-02,8.7829064042066012e+00,8.0927356525974758e+00
branch0_seg74,1.8260869565217419e+00,5.9280517240874256e-02,5.9280520101070190e-02,8.5446658738213070e+00,7.8721572153899828e+00
branch0_seg74,1.9275362318840585e+00,5.7842016276308514e-02,5.7842018944733072e-02,8.2201995424937113e+00,7.5705942959415475e+00
branch0_seg74,2.0289855072463787e+00,5.6155328388393308e-02,5.6155332648395166e-02,7.7929554721205854e+00,7.1728118854104945e+00
branch0_seg74,2.1304347826086989e+00,5.4144056059970996e-02,5.4144060202024155e-02,7.2944050687415576e+00,6.7087828219131120e+00
branch0_seg74,2.2318840579710155e+00,5.1804352659835115e-02,5.1804357228443884e-02,6.7620938862850837e+00,6.2139616086008909e+00
branch0_seg74,2.3333333333333357e+00,4.9213137146160234e-02,4.9213140972996831e-02,6.2538446697886823e+00,5.7426791533218839e+00
branch0_seg74,2.4347826086956559e+00,4.6526631611942454e-02,4.6526634527959160e-02,5.8337669832835743e+00,5.3549465393053888e+00
branch0_seg74,2.5362318840579725e+00,4.3966012859019923e-02,4.3966014123725000e-02,5.5657063519650025e+00,5.1103059402463318e+00
branch0_seg74,2.6376811594202927e+00,4.1791554210298433e-02,4.1791553588018060e-02,5.5029597759223714e+00,5.0582204204729644e+00
branch0_seg74,2.7391304347826093e+00,4.0271674772612683e-02,4.0271671955470233e-02,5.6833687734480307e+00,5.2335315382364707e+00
branch0_seg74,2.8405797101449295e+00,3.9647960446971275e-02,3.9647955514815779e-02,6.1204950551628130e+00,5.6482519158153668e+00
branch0_seg74,2.9420289855072497e+00,4.0102035569526961e-02,4.0102028707274133e-02,6.8028824399098342e+00,6.2909693148361576e+00
branch0_seg74,3.0434782608695663e+00,4.1728339806843304e-02,4.1728331493411590e-02,7.6924972583625664e+00,7.1254674501320485e+00
branch0_seg74,3.1449275362318865e+00,4.4518291145879685e-02,4.4518281934866101e-02,8.7309775176296487e+00,8.0966736245402995e+00
branch0_seg74,3.2463768115942031e+00,4.8348610065835962e-02,4.8348600812739499e-02,9.8348252513546122e+00,9.1261616170653888e+00
branch0_seg74,3.3478260869565233e+00,5.2996424698803127e-02,5.2996415907593401e-02,1.0925993805016251e+01,1.0140977471504272e+01
branch0_seg74,3.4492753623188435e+00,5.8155812998398011e-02,5.8155805618807302e-02,1.1913705282499524e+01,1.1056424630183983e+01
branch0_seg74,3.5507246376811601e+00,6.3468796221130039e-02,6.3468790540269646e-02,1.2727566995961428e+01,1.1807224328074389e+01
branch0_seg74,3.6521739130434803e+00,6.8561601009869438e-02,6.8561597613632938e-02,1.3308249342618094e+01,1.2338600976823383e+01
branch0_seg74,3.7536231884058004e+00,7.3082945872907187e-02,7.3082944724863597e-02,1.3624408579364756e+01,1.2622126862260002e+01
branch0_seg74,3.8550724637681171e+00,7.6738045640171518e-02,7.6738046807948740e-02,1.3667011408222345e+01,1.2650255591318302e+01
branch0_seg74,3.9565217391304373e+00,7.9322527967920914e-02,7.9322530946939432e-02,1.3462004996629734e+01,1.2448164007916704e+01
branch0_seg74,4.0579710144927574e+00,8.0734955614788620e-02,8.0734960174748099e-02,1.3046463455580710e+01,1.2051194257779718e+01
branch0_seg74,4.1594202898550776e+00,8.0984659448484222e-02,8.0984664769513715e-02,1.2484910316975146e+01,1.1520230912832794e+01
branch0_seg74,4.2608695652173907e+00,8.0183258358659720e-02,8.0183264070631699e-02,1.1842253386395088e+01,1.0916182623293638e+01
branch0_seg74,4.3623188405797109e+00,7.8525327798355735e-02,7.8525333162260652e-02,1.1188653312979142e+01,1.0304637815567363e+01
branch0_seg74,4.4637681159420310e+00,7.6259896045105274e-02,7.6259900770463310e-02,1.0582310065454260e+01,9.7397150108383634e+00
branch0_seg74,4.5652173913043512e+00,7.3656127930505882e-02,7.3656131647916165e-02,1.0067192771967134e+01,9.2620296060829101e+00
branch0_seg74,4.6666666666666714e+00,7.0971052780898214e-02,7.0971055431980748e-02,9.6689236088541080e+00,8.8949200214719841e+00
branch0_seg74,4.7681159420289845e+00,6.8414442599746592e-02,6.8414444342101338e-02,9.3851086775101784e+00,8.6354322323313255e+00
branch0_seg74,4.8695652173913047e+00,6.6129322464042503e-02,6.6129323436140308e-02,9.2012091144002017e+00,8.4693693825756018e+00
branch0_seg74,4.9710144927536248e+00,6.4178059824976319e-02,6.4178060535312054e-02,9.0791704618544653e+00,8.3606013581428584e+00
branch0_seg74,5.0724637681159450e+00,6.2542691213702206e-02,6.2542691923983013e-02,8.9772198819370921e+00,8.2697525270343206e+00
branch0_seg74,5.1739130434782652e+00,6.1136273530732359e-02,6.1136274742990979e-02,8.8480313168130760e+00,8.1524329054686344e+00
branch0_seg74,5.2753623188405783e+00,5.9824233047920387e-02,5.9824234951314913e-02,8.6528758295595392e+00,7.9725241857128726e+00
branch0_seg74,5.3768115942028984e+00,5.8452456740357199e-02,5.8452459550501996e-02,8.3648245609584091e+00,7.7051131656317420e+00
branch0_seg74,5.4782608695652186e+00,5.6879677804185111e-02,5.6879681409657025e-02,7.9779082606922254e+00,7.3450295585132910e+00
branch0_seg74,5.5797101449275388e+00,5.5005714576555544e-02,5.5005718827552619e-02,7.5044783331631777e+00,6.9042638638708027e+00
branch0_seg74,5.6811594202898590e+00,5.2795348346650554e-02,5.2795352794147848e-02,6.9798008350758378e+00,6.4162236046184793e+00
branch0_seg74,5.7826086956521792e+00,5.0292162034895033e-02,5.0292166235022036e-02,6.4542718642784642e+00,5.9283409309757857e+00
branch0_seg74,5.8840579710144922e+00,4.7621058046966640e-02,4.7621061399751100e-02,5.9902629607146585e+00,5.4990850416814867e+00
branch0_seg74,5.9855072463768124e+00,4.4979182658603581e-02,4.4979184651632267e-02,5.6529352840994527e+00,5.1893225244873253e+00
branch0_seg74,6.0869565217391326e+00,4.2614495731850971e-02,4.2614495914438860e-02,5.5009184614409632e+00,5.0535874230745446e+00
branch0_seg74,6.1884057971014528e+00,4.0796121117455578e-02,4.0796119209543430e-02,5.5789436879292902e+00,5.1332252098370867e+00
branch0_seg74,6.2898550724637730e+00,3.9780836572473055e-02,3.9780832484297333e-02,5.9113614537933206e+00,5.4503819396063511e+00
branch0_seg74,6.3913043478260860e+00,3.9778422446093059e-02,3.9778416331862160e-02,6.4967804635364015e+00,6.0030564299414522e+00
branch0_seg74,6.4927536231884062e+00,4.0921623549202646e-02,4.0921615759334937e-02,7.3080342222206305e+00,6.7651657160186183e+00
branch0_seg74,6.5942028985507264e+00,4.3244854325143245e-02,4.3244845408394482e-02,8.2938352451818727e+00,7.6881762061211321e+00
branch0_seg74,6.6956521739130466e+00,4.6672774444959500e-02,4.6672765090312776e-02,9.3824175217500319e+00,8.7045797782581751e+00
branch0_seg74,6.7971014492753667e+00,5.1019759822119815e-02,5.1019750805499926e-02,1.0487564858859821e+01,9.7335880843166134e+00
branch0_seg74,6.8985507246376869e+00,5.6011613239376742e-02,5.6011605146934401e-02,1.1528771696822508e+01,1.0700095897593560e+01
branch0_seg74,7.0000000000000000e+00,6.1307023105910179e-02,6.1307016740026400e-02,1.2420410733296430e+01,1.1524387021015523e+01
branch0_seg75,0.0000000000000000e+00,6.1307016740026268e-02,6.1307010648693122e-02,1.1524387021015782e+01,1.0688199726248154e+01
branch0_seg75,1.0144927536232018e-01,6.5109926057581174e-02,6.5109947754128122e-02,1.0607916839801380e+01,9.8129170004854132e+00
branch0_seg75,2.0289855072464036e-01,7.0719868571744907e-02,7.0719790396770926e-02,1.4284675694069495e+01,1.3263370906999294e+01
branch0_seg75,3.0434782608695699e-01,7.4597786024405185e-02,7.4597901908360575e-02,1.1060163680053176e+01,1.0211693163788055e+01
branch0_seg75,4.0579710144927716e-01,7.7959041196883030e-02,7.7958910127980313e-02,1.3800435149903240e+01,1.2785409159406150e+01
branch0_seg75,5.0724637681159734e-01,8.0042461238454071e-02,8.0042593561931982e-02,1.1499759095015785e+01,1.0610380960677913e+01
branch0_seg75,6.0869565217391397e-01,8.0961682756580194e-02,8.0961577110635383e-02,1.2334147070870396e+01,1.1393907489338911e+01
branch0_seg75,7.1014492753623415e-01,8.0788732364357144e-02,8.0788824434515391e-02,1.1016513997833394e+01,1.0152550792494436e+01
branch0_seg75,8.1159420289855433e-01,7.9585465644860839e-02,7.9585408143330677e-02,1.0784896327653346e+01,9.9371300879772786e+00
branch0_seg75,9.1304347826087096e-01,7.7668279598032852e-02,7.7668327317681043e-02,1.0026139220919966e+01,9.2277741415886645e+00
branch0_seg75,1.0144927536231911e+00,7.5217183272646787e-02,7.5217160348295523e-02,9.5313897349302383e+00,8.7680434830483360e+00
branch0_seg75,1.1159420289855078e+00,7.2561379919067165e-02,7.2561399024129822e-02,9.1166208319853705e+00,8.3850323374475533e+00
branch0_seg75,1.2173913043478279e+00,6.9900524107725584e-02,6.9900517668626802e-02,8.7547228284788936e+00,8.0513496782640530e+00
branch0_seg75,1.3188405797101481e+00,6.7445353021373972e-02,6.7445358346195930e-02,8.5776575215992494e+00,7.8917362886570270e+00
branch0_seg75,1.4202898550724647e+00,6.5291714770603332e-02,6.5291714080104549e-02,8.4050707193020422e+00,7.7351924804304693e+00
branch0_seg75,1.5217391304347849e+00,6.3476601991858686e-02,6.3476602704960569e-02,8.3346272172450071e+00,7.6741481368755187e+00
branch0_seg75,1.6231884057971016e+00,6.1948106453704577e-02,6.1948107730970377e-02,8.2203409289796205e+00,7.5708124239054841e+00
branch0_seg75,1.7246376811594217e+00,6.0598331478476951e-02,6.0598332259725586e-02,8.0927356525974758e+00,7.4544601899584499e+00
branch0_seg75,1.8260869565217419e+00,5.9280520101070190e-02,5.9280522870996048e-02,7.8721572153899828e+00,7.2503097984783729e+00
branch0_seg75,1.9275362318840585e+00,5.7842018944733072e-02,5.7842021516064691e-02,7.5705942959415475e+00,6.9701668402208767e+00
branch0_seg75,2.0289855072463787e+00,5.6155332648395166e-02,5.6155336774913953e-02,7.1728118854104945e+00,6.6000118672299370e+00
branch0_seg75,2.1304347826086989e+00,5.4144060202024155e-02,5.4144064201175977e-02,6.7087828219131120e+00,6.1683400216733970e+00
branch0_seg75,2.2318840579710155e+00,5.1804357228443884e-02,5.1804361638274135e-02,6.2139616086008909e+00,5.7085912634093612e+00
branch0_seg75,2.3333333333333357e+00,4.9213140972996831e-02,4.9213144649555458e-02,5.7426791533218839e+00,5.2717685452808087e+00
branch0_seg75,2.4347826086956559e+00,4.6526634527959160e-02,4.6526637311925106e-02,5.3549465393053888e+00,4.9140048295841829e+00
branch0_seg75,2.5362318840579725e+00,4.3966014123725000e-02,4.3966015295586691e-02,5.1103059402463318e+00,4.6907957152877175e+00
branch0_seg75,2.6376811594202927e+00,4.1791553588018060e-02,4.1791552924511512e-02,5.0582204204729644e+00,4.6480255636977166e+00
branch0_seg75,2.7391304347826093e+00,4.0271671955470233e-02,4.0271669162082170e-02,5.2335315382364707e+00,4.8177639892522661e+00
branch0_seg75,2.8405797101449295e+00,3.9647955514815779e-02,3.9647950675911002e-02,5.6482519158153668e+00,5.2106364731340502e+00
branch0_seg75,2.9420289855072497e+00,4.0102028707274133e-02,4.0102022008216255e-02,6.2909693148361576e+00,5.8153521049059567e+00
branch0_seg75,3.0434782608695663e+00,4.1728331493411590e-02,4.1728323404944312e-02,7.1254674501320485e+00,6.5974861174405710e+00
branch0_seg75,3.1449275362318865e+00,4.4518281934866101e-02,4.4518272998072241e-02,8.0966736245402995e+00,7.5051308288171050e+00
branch0_seg75,3.2463768115942031e+00,4.8348600812739506e-02,4.8348591861226600e-02,9.1261616170653888e+00,8.4646919393105939e+00
branch0_seg75,3.3478260869565233e+00,5.2996415907593394e-02,5.2996407428141483e-02,1.0140977471504272e+01,9.4080243372594978e+00
branch0_seg75,3.4492753623188435e+00,5.8155805618807302e-02,5.8155798532859744e-02,1.1056424630183983e+01,1.0256155163614748e+01
branch0_seg75,3.5507246376811601e+00,6.3468790540269646e-02,6.3468785118948587e-02,1.1807224328074389e+01,1.0948573842685017e+01
branch0_seg75,3.6521739130434803e+00,6.8561597613632938e-02,6.8561594420806213e-02,1.2338600976823383e+01,1.1434724875458432e+01
branch0_seg75,3.7536231884058004e+00,7.3082944724863597e-02,7.3082943715617632e-02,1.2622126862260002e+01,1.1688831916492997e+01
branch0_seg75,3.8550724637681171e+00,7.6738046807948740e-02,7.6738048041208776e-02,1.2650255591318302e+01,1.1704647318593468e+01
branch0_seg75,3.9565217391304373e+00,7.9322530946939432e-02,7.9322533923832858e-02,1.2448164007916704e+01,1.1506513070411653e+01
branch0_seg75,4.0579710144927574e+00,8.0734960174748099e-02,8.0734964667979081e-02,1.2051194257779718e+01,1.1128056282837433e+01
branch0_seg75,4.1594202898550776e+00,8.0984664769513715e-02,8.0984669977253287e-02,1.1520230912832794e+01,1.0626660586712235e+01
branch0_seg75,4.2608695652173907e+00,8.0183264070631699e-02,8.0183269634354598e-02,1.0916182623293638e+01,1.0059433064758823e+01
branch0_seg75,4.3623188405797109e+00,7.8525333162260652e-02,7.8525338364030417e-02,1.0304637815567363e+01,9.4876467162376521e+00
branch0_seg75,4.4637681159420310e+00,7.6259900770463310e-02,7.6259905332945979e-02,9.7397150108383634e+00,8.9616014291026573e+00
branch0_seg75,4.5652173913043512e+00,7.3656131647916165e-02,7.3656135216627130e-02,9.2620296060829101e+00,8.5188037505636807e+00
branch0_seg75,4.6666666666666714e+00,7.0971055431980748e-02,7.0971057956446357e-02,8.8949200214719841e+00,8.1805074489505500e+00
branch0_seg75,4.7681159420289845e+00,6.8414444342101338e-02,6.8414445981839822e-02,8.6354322323313255e+00,7.9433122506890594e+00
branch0_seg75,4.8695652173913047e+00,6.6129323436140308e-02,6.6129324329877018e-02,8.4693693825756018e+00,7.7934136391018871e+00
branch0_seg75,4.9710144927536248e+00,6.4178060535312054e-02,6.4178061182085716e-02,8.3606013581428584e+00,7.6965616637434167e+00
branch0_seg75,5.0724637681159450e+00,6.2542691923983013e-02,6.2542692578806111e-02,8.2697525270343206e+00,7.6156807311793875e+00
branch0_seg75,5.1739130434782652e+00,6.1136274742990979e-02,6.1136275894721558e-02,8.1524329054686344e+00,7.5091693554917223e+00
branch0_seg75,5.2753623188405783e+00,5.9824234951314913e-02,5.9824236781169632e-02,7.9725241857128726e+00,7.3433636300536582e+00
branch0_seg75,5.3768115942028984e+00,5.8452459550501996e-02,5.8452462265450540e-02,7.7051131656317420e+00,7.0952232469145171e+00
branch0_seg75,5.4782608695652186e+00,5.6879681409657025e-02,5.6879684896948064e-02,7.3450295585132910e+00,6.7602851938887119e+00
branch0_seg75,5.5797101449275388e+00,5.5005718827552619e-02,5.5005722938228890e-02,6.9042638638708027e+00,6.3501485188871021e+00
branch0_seg75,5.6811594202898590e+00,5.2795352794147848e-02,5.2795357088099078e-02,6.4162236046184793e+00,5.8964160461726598e+00
branch0_seg75,5.7826086956521792e+00,5.0292166235022036e-02,5.0292170279424217e-02,5.9283409309757857e+00,5.4436853937250298e+00
branch0_seg75,5.8840579710144922e+00,4.7621061399751100e-02,4.7621064611037746e-02,5.4990850416814867e+00,5.0467233140412295e+00
branch0_seg75,5.9855072463768124e+00,4.4979184651632267e-02,4.4979186533823934e-02,5.1893225244873253e+00,4.7623475108410283e+00
branch0_seg75,6.0869565217391326e+00,4.2614495914438860e-02,4.2614496033150061e-02,5.0535874230745446e+00,4.6412565717112955e+00
branch0_seg75,6.1884057971014528e+00,4.0796119209543430e-02,4.0796117297763078e-02,5.1332252098370867e+00,4.7216527486762283e+00
branch0_seg75,6.2898550724637730e+00,3.9780832484297333e-02,3.9780828460779891e-02,5.4503819396063511e+00,5.0236707390571027e+00
branch0_seg75,6.3913043478260860e+00,3.9778416331862160e-02,3.9778410352739386e-02,6.0030564299414522e+00,5.5448130397776936e+00
branch0_seg75,6.4927536231884062e+00,4.0921615759334937e-02,4.0921608170620384e-02,6.7651657160186183e+00,6.2600980222181821e+00
branch0_seg75,6.5942028985507264e+00,4.3244845408394482e-02,4.3244836747577085e-02,7.6881762061211321e+00,7.1236598592371845e+00
branch0_seg75,6.6956521739130466e+00,4.6672765090312776e-02,4.6672756029232550e-02,8.7045797782581751e+00,8.0720594122944167e+00
branch0_seg75,6.7971014492753667e+00,5.1019750805499926e-02,5.1019742098220723e-02,9.7335880843166134e+00,9.0296561442259620e+00
branch0_seg75,6.8985507246376869e+00,5.6011605146934401e-02,5.6011597359486041e-02,1.0700095897593560e+01,9.9264271154418342e+00
branch0_seg75,7.0000000000000000e+00,6.1307016740026407e-02,6.1307010648693254e-02,1.1524387021015523e+01,1.0688199726247909e+01
branch0_seg76,0.0000000000000000e+00,6.1307010648693122e-02,6.1307004837943872e-02,1.0688199726248154e+01,9.9042679461991661e+00
branch0_seg76,1.0144927536232018e-01,6.5109947754128122e-02,6.5109969014510702e-02,9.8129170004854132e+00,9.0701862959440547e+00
branch0_seg76,2.0289855072464036e-01,7.0719790396770926e-02,7.0719714237444359e-02,1.3263370906999294e+01,1.2304367967807442e+01
branch0_seg76,3.0434782608695699e-01,7.4597901908360575e-02,7.4598015134587914e-02,1.0211693163788055e+01,9.4209645331350949e+00
branch0_seg76,4.0579710144927716e-01,7.7958910127980313e-02,7.7958782221060258e-02,1.2785409159406150e+01,1.1835253877453471e+01
branch0_seg76,5.0724637681159734e-01,8.0042593561931982e-02,8.0042722819987519e-02,1.0610380960677913e+01,9.7822381266667424e+00
branch0_seg76,6.0869565217391397e-01,8.0961577110635383e-02,8.0961473953518409e-02,1.1393907489338911e+01,1.0517094560776307e+01
branch0_seg76,7.1014492753623415e-01,8.0788824434515391e-02,8.0788914325270869e-02,1.0152550792494436e+01,9.3492206479452626e+00
branch0_seg76,8.1159420289855433e-01,7.9585408143330677e-02,7.9585351957879524e-02,9.9371300879772786e+00,9.1490382751295112e+00
branch0_seg76,9.1304347826087096e-01,7.7668327317681043e-02,7.7668373848721203e-02,9.2277741415886645e+00,8.4865696757176821e+00
branch0_seg76,1.0144927536231911e+00,7.5217160348295523e-02,7.5217137909609294e-02,8.7680434830483360e+00,8.0597479519283155e+00
branch0_seg76,1.1159420289855078e+00,7.2561399024129822e-02,7.2561417595402619e-02,8.3850323374475533e+00,7.7063350556147014e+00
branch0_seg76,1.2173913043478279e+00,6.9900517668626802e-02,6.9900511328440315e-02,8.0513496782640530e+00,7.3988957281821257e+00
branch0_seg76,1.3188405797101481e+00,6.7445358346195930e-02,6.7445363472625156e-02,7.8917362886570270e+00,7.2551693586912549e+00
branch0_seg76,1.4202898550724647e+00,6.5291714080104549e-02,6.5291713365219634e-02,7.7351924804304693e+00,7.1133010577721576e+00
branch0_seg76,1.5217391304347849e+00,6.3476602704960569e-02,6.3476603349900171e-02,7.6741481368755187e+00,7.0606279249869406e+00
branch0_seg76,1.6231884057971016e+00,6.1948107730970377e-02,6.1948108948380695e-02,7.5708124239054841e+00,6.9672838810255469e+00
branch0_seg76,1.7246376811594217e+00,6.0598332259725586e-02,6.0598332984921163e-02,7.4544601899584499e+00,6.8612755780403560e+00
branch0_seg76,1.8260869565217419e+00,5.9280522870996048e-02,5.9280525545097024e-02,7.2503097984783729e+00,6.6724806907534759e+00
branch0_seg76,1.9275362318840585e+00,5.7842021516064691e-02,5.7842023986230333e-02,6.9701668402208767e+00,6.4124632942452831e+00
branch0_seg76,2.0289855072463787e+00,5.6155336774913953e-02,5.6155340759593823e-02,6.6000118672299370e+00,6.0683319554570891e+00
branch0_seg76,2.1304347826086989e+00,5.4144064201175977e-02,5.4144068050426174e-02,6.1683400216733970e+00,5.6671254488989478e+00
branch0_seg76,2.2318840579710155e+00,5.1804361638274135e-02,5.1804365881697206e-02,5.7085912634093612e+00,5.2403383870505138e+00
branch0_seg76,2.3333333333333357e+00,4.9213144649555458e-02,4.9213148170921261e-02,5.2717685452808087e+00,4.8357913842136755e+00
branch0_seg76,2.4347826086956559e+00,4.6526637311925106e-02,4.6526639961588491e-02,4.9140048295841829e+00,4.5059334782007170e+00
branch0_seg76,2.5362318840579725e+00,4.3966015295586691e-02,4.3966016376663093e-02,4.6907957152877175e+00,4.3024389089420261e+00
branch0_seg76,2.6376811594202927e+00,4.1791552924511512e-02,4.1791552226181319e-02,4.6480255636977166e+00,4.2678360958725321e+00
branch0_seg76,2.7391304347826093e+00,4.0271669162082170e-02,4.0271666403487144e-02,4.8177639892522661e+00,4.4316207600199053e+00
branch0_seg76,2.8405797101449295e+00,3.9647950675911002e-02,3.9647945945178044e-02,5.2106364731340502e+00,4.8031704012806857e+00
branch0_seg76,2.9420289855072497e+00,4.0102022008216255e-02,4.0102015490262093e-02,5.8153521049059567e+00,5.3713798416313736e+00
branch0_seg76,3.0434782608695663e+00,4.1728323404944312e-02,4.1728315560811316e-02,6.5974861174405710e+00,6.1035892561617882e+00
branch0_seg76,3.1449275362318865e+00,4.4518272998072241e-02,4.4518264354823540e-02,7.5051308288171050e+00,6.9509432369803381e+00
branch0_seg76,3.2463768115942031e+00,4.8348591861226600e-02,4.8348583228470465e-02,8.4646919393105939e+00,7.8444654577635795e+00
branch0_seg76,3.3478260869565233e+00,5.2996407428141483e-02,5.2996399274590864e-02,9.4080243372594978e+00,8.7205689973821627e+00
branch0_seg76,3.4492753623188435e+00,5.8155798532859744e-02,5.8155791749674272e-02,1.0256155163614748e+01,9.5056901980314858e+00
branch0_seg76,3.5507246376811601e+00,6.3468785118948587e-02,6.3468779961295838e-02,1.0948573842685017e+01,1.0143785199685270e+01
branch0_seg76,3.6521739130434803e+00,6.8561594420806213e-02,6.8561591429697921e-02,1.1434724875458432e+01,1.0588229025463942e+01
branch0_seg76,3.7536231884058004e+00,7.3082943715617632e-02,7.3082942838562287e-02,1.1688831916492997e+01,1.0815669733713619e+01
branch0_seg76,3.8550724637681171e+00,7.6738048041208776e-02,7.6738049328871266e-02,1.1704647318593468e+01,1.0820999231603688e+01
branch0_seg76,3.9565217391304373e+00,7.9322533923832858e-02,7.9322536884911740e-02,1.1506513070411653e+01,1.0627674383026875e+01
branch0_seg76,4.0579710144927574e+00,8.0734964667979081e-02,8.0734969079001406e-02,1.1128056282837433e+01,1.0267626972676672e+01
branch0_seg76,4.1594202898550776e+00,8.0984669977253287e-02,8.0984675056695876e-02,1.0626660586712235e+01,9.7948647470749535e+00
branch0_seg76,4.2608695652173907e+00,8.0183269634354598e-02,8.0183275036016230e-02,1.0059433064758823e+01,9.2628681777405646e+00
branch0_seg76,4.3623188405797109e+00,7.8525338364030417e-02,7.8525343392669061e-02,9.4876467162376521e+00,8.7288201506912717e+00
branch0_seg76,4.4637681159420310e+00,7.6259905332945979e-02,7.6259909724590111e-02,8.9616014291026573e+00,8.2394306455510868e+00
branch0_seg76,4.5652173913043512e+00,7.3656135216627130e-02,7.3656138632140808e-02,8.5188037505636807e+00,7.8293092213724513e+00
branch0_seg76,4.6666666666666714e+00,7.0971057956446357e-02,7.0971060352853166e-02,8.1805074489505500e+00,7.5177960455344284e+00
branch0_seg76,4.7681159420289845e+00,6.8414445981839822e-02,6.8414447519678734e-02,7.9433122506890594e+00,7.3011403753362716e+00
branch0_seg76,4.8695652173913047e+00,6.6129324329877018e-02,6.6129325147463572e-02,7.7934136391018871e+00,7.1659707766352732e+00
branch0_seg76,4.9710144927536248e+00,6.4178061182085716e-02,6.4178061767451902e-02,7.6965616637434167e+00,7.0798755129378268e+00
branch0_seg76,5.0724637681159450e+00,6.2542692578806111e-02,6.2542693179629058e-02,7.6156807311793875e+00,7.0079918630925784e+00
branch0_seg76,5.1739130434782652e+00,6.1136275894721558e-02,6.1136276985482310e-02,7.5091693554917223e+00,6.9113763399394079e+00
branch0_seg76,5.2753623188405783e+00,5.9824236781169632e-02,5.9824238534945832e-02,7.3433636300536582e+00,6.7586826522821655e+00
branch0_seg76,5.3768115942028984e+00,5.8452462265450540e-02,5.8452464880306344e-02,7.0952232469145171e+00,6.5286193771068124e+00
branch0_seg76,5.4782608695652186e+00,5.6879684896948064e-02,5.6879688259434943e-02,6.7602851938887119e+00,6.2173524923073371e+00
branch0_seg76,5.5797101449275388e+00,5.5005722938228890e-02,5.5005726900856755e-02,6.3501485188871021e+00,5.8360651983010285e+00
branch0_seg76,5.6811594202898590e+00,5.2795357088099078e-02,5.2795361220992973e-02,5.8964160461726598e+00,5.4146053655808037e+00
branch0_seg76,5.7826086956521792e+00,5.0292170279424217e-02,5.0292174161920881e-02,5.4436853937250298e+00,4.9948515877718807e+00
branch0_seg76,5.8840579710144922e+00,4.7621064611037746e-02,4.7621067677357652e-02,5.0467233140412295e+00,4.6280448330432300e+00
branch0_seg76,5.9855072463768124e+00,4.4979186533823934e-02,4.4979188305395337e-02,4.7623475108410283e+00,4.3671698006118014e+00
branch0_seg76,6.0869565217391326e+00,4.2614496033150061e-02,4.2614496092587710e-02,4.6412565717112955e+00,4.2593171245933501e+00
branch0_seg76,6.1884057971014528e+00,4.0796117297763078e-02,4.0796115391292374e-02,4.7216527486762283e+00,4.3397569106183953e+00
branch0_seg76,6.2898550724637730e+00,3.9780828460779891e-02,3.9780824515365729e-02,5.0236707390571027e+00,4.6267793491680207e+00
branch0_seg76,6.3913043478260860e+00,3.9778410352739386e-02,3.9778404525559259e-02,5.5448130397776936e+00,5.1174869477720843e+00
branch0_seg76,6.4927536231884062e+00,4.0921608170620384e-02,4.0921600802032387e-02,6.2600980222181821e+00,5.7880112861663671e+00
branch0_seg76,6.5942028985507264e+00,4.3244836747577085e-02,4.3244828362214952e-02,7.1236598592371845e+00,6.5950748730289313e+00
branch0_seg76,6.6956521739130466e+00,4.6672756029232550e-02,4.6672747280053113e-02,8.0720594122944167e+00,7.4791382576597334e+00
branch0_seg76,6.7971014492753667e+00,5.1019742098220723e-02,5.1019733715685946e-02,9.0296561442259620e+00,8.3694603035417980e+00
branch0_seg76,6.8985507246376869e+00,5.6011597359486041e-02,5.6011589888497824e-02,9.9264271154418342e+00,9.2008205275110377e+00
branch0_seg76,7.0000000000000000e+00,6.1307010648693254e-02,6.1307004837944011e-02,1.0688199726247909e+01,9.9042679461989298e+00
branch0_seg77,0.0000000000000000e+00,6.1307004837943872e-02,6.1306999308956771e-02,9.9042679461991661e+00,9.1671011238634090e+00
branch0_seg77,1.0144927536232018e-01,6.5109969014510702e-02,6.5109989786408445e-02,9.0701862959440547e+00,8.3741105416256350e+00
branch0_seg77,2.0289855072464036e-01,7.0719714237444373e-02,7.0719640244373633e-02,1.2304367967807442e+01,1.1401144709353952e+01
branch0_seg77,3.0434782608695699e-01,7.4598015134587914e-02,7.4598125451689118e-02,9.4209645331350949e+00,8.6816553396897955e+00
branch0_seg77,4.0579710144927716e-01,7.7958782221060258e-02,7.7958657747138102e-02,1.1835253877453471e+01,1.0943017618693418e+01
branch0_seg77,5.0724637681159734e-01,8.0042722819987519e-02,8.0042848728257870e-02,9.7822381266667424e+00,9.0085711883772017e+00
branch0_seg77,6.0869565217391397e-01,8.0961473953518409e-02,8.0961373508666515e-02,1.0517094560776307e+01,9.6967575958899666e+00
branch0_seg77,7.1014492753623415e-01,8.0788914325270869e-02,8.0789001842836980e-02,9.3492206479452626e+00,8.5997820214219978e+00
branch0_seg77,8.1159420289855433e-01,7.9585351957879524e-02,7.9585297213280157e-02,9.1490382751295112e+00,8.4139885018715788e+00
branch0_seg77,9.1304347826087096e-01,7.7668373848721203e-02,7.7668419095850760e-02,8.4865696757176821e+00,7.7961416722229764e+00
branch0_seg77,1.0144927536231911e+00,7.5217137909609294e-02,7.5217116009548113e-02,8.0597479519283155e+00,7.4003533655629301e+00
branch0_seg77,1.1159420289855078e+00,7.2561417595402619e-02,7.2561435599755544e-02,7.7063350556147014e+00,7.0746250053629911e+00
branch0_seg77,1.2173913043478279e+00,6.9900511328440315e-02,6.9900505105156233e-02,7.3988957281821257e+00,6.7916871516407413e+00
branch0_seg77,1.3188405797101481e+00,6.7445363472625156e-02,6.7445368395729038e-02,7.2551693586912549e+00,6.6624770015799522e+00
branch0_seg77,1.4202898550724647e+00,6.5291713365219634e-02,6.5291712630795362e-02,7.1133010577721576e+00,6.5340853374762986e+00
branch0_seg77,1.5217391304347849e+00,6.3476603349900171e-02,6.3476603929618472e-02,7.0606279249869406e+00,6.4888885307081559e+00
branch0_seg77,1.6231884057971016e+00,6.1948108948380695e-02,6.1948110105730023e-02,6.9672838810255469e+00,6.4046954564843039e+00
branch0_seg77,1.7246376811594217e+00,6.0598332984921163e-02,6.0598333655659246e-02,6.8612755780403560e+00,6.3082307746317845e+00
branch0_seg77,1.8260869565217419e+00,5.9280525545097024e-02,5.9280528120102954e-02,6.6724806907534759e+00,6.1338381135468421e+00
branch0_seg77,1.9275362318840585e+00,5.7842023986230333e-02,5.7842026353272902e-02,6.4124632942452831e+00,5.8927907989991892e+00
branch0_seg77,2.0289855072463787e+00,5.6155340759593823e-02,5.6155344597510003e-02,6.0683319554570891e+00,5.5732480339576265e+00
branch0_seg77,2.1304347826086989e+00,5.4144068050426174e-02,5.4144071746082108e-02,5.6671254488989478e+00,5.2008142579449155e+00
branch0_seg77,2.2318840579710155e+00,5.1804365881697206e-02,5.1804369954729777e-02,5.2403383870505138e+00,4.8051027886639801e+00
branch0_seg77,2.3333333333333357e+00,4.9213148170921261e-02,4.9213151535189709e-02,4.8357913842136755e+00,4.4308843668950129e+00
branch0_seg77,2.4347826086956559e+00,4.6526639961588491e-02,4.6526642476945844e-02,4.5059334782007170e+00,4.1270993345487286e+00
branch0_seg77,2.5362318840579725e+00,4.3966016376663086e-02,4.3966017369891877e-02,4.3024389089420261e+00,3.9418028485733880e+00
branch0_seg77,2.6376811594202927e+00,4.1791552226181312e-02,4.1791551498759301e-02,4.2678360958725321e+00,3.9143665351067747e+00
branch0_seg77,2.7391304347826093e+00,4.0271666403487144e-02,4.0271663688257714e-02,4.4316207600199053e+00,4.0718884545230676e+00
branch0_seg77,2.8405797101449295e+00,3.9647945945178044e-02,3.9647941333356744e-02,4.8031704012806857e+00,4.4226205954279374e+00
branch0_seg77,2.9420289855072497e+00,4.0102015490262093e-02,4.0102009165590105e-02,5.3713798416313736e+00,4.9556981890954219e+00
branch0_seg77,3.0434782608695663e+00,4.1728315560811316e-02,4.1728307973516086e-02,6.1035892561617882e+00,5.6401987401490530e+00
branch0_seg77,3.1449275362318865e+00,4.4518264354823540e-02,4.4518256016915898e-02,6.9509432369803381e+00,6.4302140340786638e+00
branch0_seg77,3.2463768115942031e+00,4.8348583228470465e-02,4.8348574924173882e-02,7.8444654577635795e+00,7.2611896902528139e+00
branch0_seg77,3.3478260869565233e+00,5.2996399274590864e-02,5.2996391454090672e-02,8.7205689973821627e+00,8.0738697509401298e+00
branch0_seg77,3.4492753623188435e+00,5.8155791749674272e-02,5.8155785272633889e-02,9.5056901980314858e+00,8.7998161408945634e+00
branch0_seg77,3.5507246376811601e+00,6.3468779961295838e-02,6.3468775067173216e-02,1.0143785199685270e+01,9.3871825171449981e+00
branch0_seg77,3.6521739130434803e+00,6.8561591429697921e-02,6.8561588636271750e-02,1.0588229025463942e+01,9.7930177462453845e+00
branch0_seg77,3.7536231884058004e+00,7.3082942838562287e-02,7.3082942086591107e-02,1.0815669733713619e+01,9.9961959097976241e+00
branch0_seg77,3.8550724637681171e+00,7.6738049328871266e-02,7.6738050661216473e-02,1.0820999231603688e+01,9.9926117921244693e+00
branch0_seg77,3.9565217391304373e+00,7.9322536884911740e-02,7.9322539819250498e-02,1.0627674383026875e+01,9.8047987317881375e+00
branch0_seg77,4.0579710144927574e+00,8.0734969079001406e-02,8.0734973396292306e-02,1.0267626972676672e+01,9.4630160473745253e+00
branch0_seg77,4.1594202898550776e+00,8.0984675056695876e-02,8.0984679997296444e-02,9.7948647470749535e+00,9.0180119451039449e+00
branch0_seg77,4.2608695652173907e+00,8.0183275036016230e-02,8.0183280266478890e-02,9.2628681777405646e+00,8.5197988829756675e+00
branch0_seg77,4.3623188405797109e+00,7.8525343392669061e-02,7.8525348241474460e-02,8.7288201506912717e+00,8.0216716977982347e+00
branch0_seg77,4.4637681159420310e+00,7.6259909724590111e-02,7.6259913941136570e-02,8.2394306455510868e+00,7.5669536877892281e+00
branch0_seg77,4.5652173913043512e+00,7.3656138632140808e-02,7.3656141892795873e-02,7.8293092213724513e+00,7.1875444303661604e+00
branch0_seg77,4.6666666666666714e+00,7.0971060352853166e-02,7.0971062621707451e-02,7.5177960455344284e+00,6.9010203315465022e+00
branch0_seg77,4.7681159420289845e+00,6.8414447519678734e-02,6.8414448957546059e-02,7.3011403753362716e+00,6.7033620758953765e+00
branch0_seg77,4.8695652173913047e+00,6.6129325147463572e-02,6.6129325891711624e-02,7.1659707766352732e+00,6.5816645923113617e+00
branch0_seg77,4.9710144927536248e+00,6.4178061767451902e-02,6.4178062293984608e-02,7.0798755129378268e+00,6.5053136681687675e+00
branch0_seg77,5.0724637681159450e+00,6.2542693179629058e-02,6.2542693728361118e-02,7.0079918630925784e+00,6.4415794109225599e+00
branch0_seg77,5.1739130434782652e+00,6.1136276985482310e-02,6.1136278015727200e-02,6.9113763399394079e+00,6.3540582306596605e+00
branch0_seg77,5.2753623188405783e+00,5.9824238534945832e-02,5.9824240211588921e-02,6.7586826522821655e+00,6.2135989367731037e+00
branch0_seg77,5.3768115942028984e+00,5.8452464880306344e-02,5.8452467392413013e-02,6.5286193771068124e+00,6.0005488514392837e+00
branch0_seg77,5.4782608695652186e+00,5.6879688259434943e-02,5.6879691493384954e-02,6.2173524923073371e+00,5.7116347112475427e+00
branch0_seg77,5.5797101449275388e+00,5.5005726900856755e-02,5.5005730711117980e-02,5.8360651983010285e+00,5.3576042346278712e+00
branch0_seg77,5.6811594202898590e+00,5.2795361220992973e-02,5.2795365188869285e-02,5.4146053655808037e+00,4.9665973586274177e+00
branch0_seg77,5.7826086956521792e+00,5.0292174161920881e-02,5.0292177879658700e-02,4.9948515877718807e+00,4.5778792008033937e+00
branch0_seg77,5.8840579710144922e+00,4.7621067677357652e-02,4.7621070597853886e-02,4.6280448330432300e+00,4.2393247923591035e+00
branch0_seg77,5.9855072463768124e+00,4.4979188305395337e-02,4.4979189968045209e-02,4.3671698006118014e+00,4.0002800603285591e+00
branch0_seg77,6.0869565217391326e+00,4.2614496092587710e-02,4.2614496097344315e-02,4.2593171245933501e+00,3.9044314666469222e+00
branch0_seg77,6.1884057971014528e+00,4.0796115391292374e-02,4.0796113497585558e-02,4.3397569106183953e+00,3.9843051782427841e+00
branch0_seg77,6.2898550724637730e+00,3.9780824515365729e-02,3.9780820658001016e-02,4.6267793491680207e+00,4.2564945873570617e+00
branch0_seg77,6.3913043478260860e+00,3.9778404525559259e-02,3.9778398862023515e-02,5.1174869477720843e+00,4.7177857986558651e+00
branch0_seg77,6.4927536231884062e+00,4.0921600802032387e-02,4.0921593666082744e-02,5.7880112861663671e+00,5.3454307367220526e+00
branch0_seg77,6.5942028985507264e+00,4.3244828362214952e-02,4.3244820264511798e-02,6.5950748730289313e+00,6.0986650331238259e+00
branch0_seg77,6.6956521739130466e+00,4.6672747280053113e-02,4.6672738853514625e-02,7.4791382576597334e+00,6.9216930555685883e+00
branch0_seg77,6.7971014492753667e+00,5.1019733715685946e-02,5.1019725666081192e-02,8.3694603035417980e+00,7.7484468042455878e+00
branch0_seg77,6.8985507246376869e+00,5.6011589888497824e-02,5.6011582739074167e-02,9.2008205275110377e+00,8.5182556432276542e+00
branch0_seg77,7.0000000000000000e+00,6.1307004837944011e-02,6.1306999308956910e-02,9.9042679461989298e+00,9.1671011238631905e+00
branch0_seg78,0.0000000000000000e+00,6.1306999308956771e-02,6.1306994050224627e-02,9.1671011238634090e+00,8.4747519004494638e+00
branch0_seg78,1.0144927536232018e-01,6.5109989786408445e-02,6.5110010058775300e-02,8.3741105416256350e+00,7.7226728997361445e+00
branch0_seg78,2.0289855072464036e-01,7.0719640244373633e-02,7.0719568416317560e-02,1.1401144709353952e+01,1.0551448578559203e+01
branch0_seg78,3.0434782608695699e-01,7.4598125451689104e-02,7.4598232830977676e-02,8.6816553396897955e+00,7.9915073786672908e+00
branch0_seg78,4.0579710144927716e-01,7.7958657747138102e-02,7.7958536724245034e-02,1.0943017618693418e+01,1.0106285102940035e+01
branch0_seg78,5.0724637681159734e-01,8.0042848728257870e-02,8.0042971256791995e-02,9.0085711883772017e+00,8.2869819192783520e+00
branch0_seg78,6.0869565217391397e-01,8.0961373508666515e-02,8.0961275796188170e-02,9.6967575958899666e+00,8.9304481123310424e+00
branch0_seg78,7.1014492753623415e-01,8.0789001842836980e-02,8.0789086970623855e-02,8.5997820214219978e+00,7.9018320793883836e+00
branch0_seg78,8.1159420289855433e-01,7.9585297213280157e-02,7.9585243924098742e-02,8.4139885018715788e+00,7.7296062926526385e+00
branch0_seg78,9.1304347826087096e-01,7.7668419095850760e-02,7.7668463055877185e-02,7.7961416722229764e+00,7.1541868122488834e+00
branch0_seg78,1.0144927536231911e+00,7.5217116009548113e-02,7.5217094657580391e-02,7.4003533655629301e+00,6.7876236199241458e+00
branch0_seg78,1.1159420289855078e+00,7.2561435599755544e-02,7.2561453041220580e-02,7.0746250053629911e+00,6.4877444958146828e+00
branch0_seg78,1.2173913043478279e+00,6.9900505105156233e-02,6.9900499004943786e-02,6.7916871516407413e+00,6.2276377717372666e+00
branch0_seg78,1.3188405797101481e+00,6.7445368395729038e-02,6.7445373121183247e-02,6.6624770015799522e+00,6.1116394610658675e+00
branch0_seg78,1.4202898550724647e+00,6.5291712630795362e-02,6.5291711880762673e-02,6.5340853374762986e+00,5.9955817859962668e+00
branch0_seg78,1.5217391304347849e+00,6.3476603929618472e-02,6.3476604448693894e-02,6.4888885307081559e+00,5.9570138532820955e+00
branch0_seg78,1.6231884057971016e+00,6.1948110105730023e-02,6.1948111205548731e-02,6.4046954564843039e+00,5.8811714736232537e+00
branch0_seg78,1.7246376811594217e+00,6.0598333655659246e-02,6.0598334275253699e-02,6.3082307746317845e+00,5.7934873211621465e+00
branch0_seg78,1.8260869565217419e+00,5.9280528120102954e-02,5.9280530598321821e-02,6.1338381135468421e+00,5.6325821853611613e+00
branch0_seg78,1.9275362318840585e+00,5.7842026353272902e-02,5.7842028620446441e-02,5.8927907989991892e+00,5.4093935417829107e+00
branch0_seg78,2.0289855072463787e+00,5.6155344597510003e-02,5.6155348292003630e-02,5.5732480339576265e+00,5.1130571890902479e+00
branch0_seg78,2.1304347826086989e+00,5.4144071746082108e-02,5.4144075292524206e-02,5.2008142579449155e+00,4.7677666055141721e+00
branch0_seg78,2.2318840579710155e+00,5.1804369954729777e-02,5.1804373862307324e-02,4.8051027886639801e+00,4.4013171210983932e+00
branch0_seg78,2.3333333333333357e+00,4.9213151535189709e-02,4.9213154747992677e-02,4.4308843668950129e+00,4.0555587887762456e+00
branch0_seg78,2.4347826086956559e+00,4.6526642476945844e-02,4.6526644863810918e-02,4.1270993345487286e+00,3.7760930211446833e+00
branch0_seg78,2.5362318840579725e+00,4.3966017369891877e-02,4.3966018280881043e-02,3.9418028485733880e+00,3.6075508683302475e+00
branch0_seg78,2.6376811594202927e+00,4.1791551498759301e-02,4.1791550747027291e-02,3.9143665351067747e+00,3.5863381764989031e+00
branch0_seg78,2.7391304347826093e+00,4.0271663688257714e-02,4.0271661019786659e-02,4.0718884545230676e+00,3.7373234420508248e+00
branch0_seg78,2.8405797101449295e+00,3.9647941333356744e-02,3.9647936841904069e-02,4.4226205954279374e+00,4.0677487799363226e+00
branch0_seg78,2.9420289855072497e+00,4.0102009165590105e-02,4.0102003033325027e-02,4.9556981890954219e+00,4.5670399282889518e+00
branch0_seg78,3.0434782608695663e+00,4.1728307973516086e-02,4.1728300639632544e-02,5.6401987401490530e+00,5.2059827004462438e+00
branch0_seg78,3.1449275362318865e+00,4.4518256016915898e-02,4.4518247978386286e-02,6.4302140340786638e+00,5.9415130304614827e+00
branch0_seg78,3.2463768115942031e+00,4.8348574924173882e-02,4.8348566940079218e-02,7.2611896902528139e+00,6.7133083226711125e+00
branch0_seg78,3.3478260869565233e+00,5.2996391454090672e-02,5.2996383956604214e-02,8.0738697509401298e+00,7.4662246989209482e+00
branch0_seg78,3.4492753623188435e+00,5.8155785272633889e-02,5.8155779090538449e-02,8.7998161408945634e+00,8.1366766912024193e+00
branch0_seg78,3.5507246376811601e+00,6.3468775067173216e-02,6.3468770425049156e-02,9.3871825171449981e+00,8.6767573446634341e+00
branch0_seg78,3.6521739130434803e+00,6.8561588636271764e-02,6.8561586029442484e-02,9.7930177462453845e+00,9.0469434271347282e+00
branch0_seg78,3.7536231884058004e+00,7.3082942086591107e-02,7.3082941449873040e-02,9.9961959097976241e+00,9.2281456548660028e+00
branch0_seg78,3.8550724637681171e+00,7.6738050661216473e-02,7.6738052030293130e-02,9.9926117921244693e+00,9.2171317676339939e+00
branch0_seg78,3.9565217391304373e+00,7.9322539819250498e-02,7.9322542721260353e-02,9.8047987317881375e+00,9.0354767388516883e+00
branch0_seg78,4.0579710144927574e+00,8.0734973396292306e-02,8.0734977616811546e-02,9.4630160473745253e+00,8.7117912255370520e+00
branch0_seg78,4.1594202898550776e+00,8.0984679997296444e-02,8.0984684798584880e-02,9.0180119451039449e+00,8.2936780763946611e+00
branch0_seg78,4.2608695652173907e+00,8.0183280266478890e-02,8.0183285327551923e-02,8.5197988829756675e+00,7.8278360387523263e+00
branch0_seg78,4.3623188405797109e+00,7.8525348241474460e-02,7.8525352914136856e-02,8.0216716977982347e+00,7.3638677497589891e+00
branch0_seg78,4.4637681159420310e+00,7.6259913941136570e-02,7.6259917987577017e-02,7.5669536877892281e+00,6.9419059473261031e+00
branch0_seg78,4.5652173913043512e+00,7.3656141892795873e-02,7.3656145004305479e-02,7.1875444303661604e+00,6.5913199246227245e+00
branch0_seg78,4.6666666666666714e+00,7.0971062621707451e-02,7.0971064768869899e-02,6.9010203315465022e+00,6.3280654877723608e+00
branch0_seg78,4.7681159420289845e+00,6.8414448957546059e-02,6.8414450300978355e-02,6.7033620758953765e+00,6.1479316329613996e+00
branch0_seg78,4.8695652173913047e+00,6.6129325891711624e-02,6.6129326567543001e-02,6.5816645923113617e+00,6.0385097335901579e+00
branch0_seg78,4.9710144927536248e+00,6.4178062293984608e-02,6.4178062765827409e-02,6.5053136681687675e+00,5.9709417097627435e+00
branch0_seg78,5.0724637681159450e+00,6.2542693728361118e-02,6.2542694228441928e-02,6.4415794109225599e+00,5.9145518148181253e+00
branch0_seg78,5.1739130434782652e+00,6.1136278015727200e-02,6.1136278988363504e-02,6.3540582306596605e+00,5.8353615012528168e+00
branch0_seg78,5.2753623188405783e+00,5.9824240211588921e-02,5.9824241813796988e-02,6.2135989367731037e+00,5.7062964122261342e+00
branch0_seg78,5.3768115942028984e+00,5.8452467392413013e-02,5.8452469804592282e-02,6.0005488514392837e+00,5.5092369767279639e+00
branch0_seg78,5.4782608695652186e+00,5.6879691493384954e-02,5.6879694602074593e-02,5.7116347112475427e+00,5.2414061549866222e+00
branch0_seg78,5.5797101449275388e+00,5.5005730711117980e-02,5.5005734372960434e-02,5.3576042346278712e+00,4.9130988252265340e+00
branch0_seg78,5.6811594202898590e+00,5.2795365188869285e-02,5.2795368996442903e-02,4.9665973586274177e+00,4.5507941218742456e+00
branch0_seg78,5.7826086956521792e+00,5.0292177879658700e-02,5.0292181438020181e-02,4.5778792008033937e+00,4.1912470107063857e+00
branch0_seg78,5.8840579710144922e+00,4.7621070597853886e-02,4.7621073378314442e-02,4.2393247923591035e+00,3.8791218082672567e+00
branch0_seg78,5.9855072463768124e+00,4.4979189968045209e-02,4.4979191527532998e-02,4.0002800603285591e+00,3.6603132758944459e+00
branch0_seg78,6.0869565217391326e+00,4.2614496097344315e-02,4.2614496052609141e-02,3.9044314666469222e+00,3.5752995663116494e+00
branch0_seg78,6.1884057971014528e+00,4.0796113497585558e-02,4.0796111620671822e-02,3.9843051782427841e+00,3.6540428570972705e+00
branch0_seg78,6.2898550724637730e+00,3.9780820658001009e-02,3.9780816890989862e-02,4.2564945873570617e+00,3.9115799374169997e+00
branch0_seg78,6.3913043478260860e+00,3.9778398862023515e-02,3.9778393362245777e-02,4.7177857986558651e+00,4.3444584889709787e+00
branch0_seg78,6.4927536231884062e+00,4.0921593666082744e-02,4.0921586760398178e-02,5.3454307367220526e+00,4.9310551314091224e+00
branch0_seg78,6.5942028985507264e+00,4.3244820264511805e-02,4.3244812449522198e-02,6.0986650331238259e+00,5.6330440438999103e+00
branch0_seg78,6.6956521739130466e+00,4.6672738853514625e-02,4.6672730742252491e-02,6.9216930555685883e+00,6.3982217946506248e+00
branch0_seg78,6.7971014492753667e+00,5.1019725666081192e-02,5.1019717940016793e-02,7.7484468042455878e+00,7.1649748546006373e+00
branch0_seg78,6.8985507246376869e+00,5.6011582739074167e-02,5.6011575900411038e-02,8.5182556432276542e+00,7.8769394838656526e+00
branch0_seg78,7.0000000000000000e+00,6.1306999308956910e-02,6.1306994050224758e-02,9.1671011238631905e+00,8.4747519004492560e+00
branch0_seg79,0.0000000000000000e+00,6.1306994050224627e-02,6.1306989067735594e-02,8.4747519004494638e+00,7.8219233525675955e+00
branch0_seg79,1.0144927536232018e-01,6.5110010058775300e-02,6.5110029761903943e-02,7.7226728997361445e+00,7.1105501494241512e+00
branch0_seg79,2.0289855072464036e-01,7.0719568416317560e-02,7.0719498966136080e-02,1.0551448578559203e+01,9.7490332614798962e+00
branch0_seg79,3.0434782608695699e-01,7.4598232830977676e-02,7.4598336928421452e-02,7.9915073786672908e+00,7.3446575036805584e+00
branch0_seg79,4.0579710144927716e-01,7.7958536724245034e-02,7.7958419527899100e-02,1.0106285102940035e+01,9.3185451887063202e+00
branch0_seg79,5.0724637681159734e-01,8.0042971256791995e-02,8.0043090015542703e-02,8.2869819192783520e+00,7.6112712226785995e+00
branch0_seg79,6.0869565217391397e-01,8.0961275796188170e-02,8.0961181123788292e-02,8.9304481123310424e+00,8.2117694921845299e+00
branch0_seg79,7.1014492753623415e-01,8.0789086970623855e-02,8.0789169441452188e-02,7.9018320793883836e+00,7.2492216843543620e+00
branch0_seg79,8.1159420289855433e-01,7.9585243924098742e-02,7.9585192260981583e-02,7.7296062926526385e+00,7.0898334756400327e+00
branch0_seg79,9.1304347826087096e-01,7.7668463055877185e-02,7.7668505595607742e-02,7.1541868122488834e+00,6.5548778671468293e+00
branch0_seg79,1.0144927536231911e+00,7.5217094657580391e-02,7.5217073924944394e-02,6.7876236199241458e+00,6.2159310179083835e+00
branch0_seg79,1.1159420289855078e+00,7.2561453041220580e-02,7.2561469871611911e-02,6.4877444958146828e+00,5.9402707242739723e+00
branch0_seg79,1.2173913043478279e+00,6.9900499004943786e-02,6.9900493050904219e-02,6.2276377717372666e+00,5.7015147582521699e+00
branch0_seg79,1.3188405797101481e+00,6.7445373121183247e-02,6.7445377639937507e-02,6.1116394610658675e+00,5.5975769637784811e+00
branch0_seg79,1.4202898550724647e+00,6.5291711880762673e-02,6.5291711120490217e-02,5.9955817859962668e+00,5.4928454116040681e+00
branch0_seg79,1.5217391304347849e+00,6.3476604448693894e-02,6.3476604909571632e-02,5.9570138532820955e+00,5.4601617145832675e+00
branch0_seg79,1.6231884057971016e+00,6.1948111205548731e-02,6.1948112246591795e-02,5.8811714736232537e+00,5.3919650557112977e+00
branch0_seg79,1.7246376811594217e+00,6.0598334275253699e-02,6.0598334844712623e-02,5.7934873211621465e+00,5.3123881867138563e+00
branch0_seg79,1.8260869565217419e+00,5.9280530598321821e-02,5.9280532974262654e-02,5.6325821853611613e+00,5.1641602428243063e+00
branch0_seg79,1.9275362318840585e+00,5.7842028620446441e-02,5.7842030783755924e-02,5.4093935417829107e+00,4.9578439631382709e+00
branch0_seg79,2.0289855072463787e+00,5.6155348292003630e-02,5.6155351834847586e-02,5.1130571890902479e+00,4.6834865191096053e+00
branch0_seg79,2.1304347826086989e+00,5.4144075292524206e-02,5.4144078682861523e-02,4.7677666055141721e+00,4.3638926668557865e+00
branch0_seg79,2.2318840579710155e+00,5.1804373862307324e-02,5.1804377596902200e-02,4.4013171210983932e+00,4.0250972147071389e+00
branch0_seg79,2.3333333333333357e+00,4.9213154747992677e-02,4.9213157804455621e-02,4.0555587887762456e+00,3.7061454745691975e+00
branch0_seg79,2.4347826086956559e+00,4.6526644863810918e-02,4.6526647119908289e-02,3.7760930211446833e+00,3.4494513688490827e+00
branch0_seg79,2.5362318840579725e+00,4.3966018280881043e-02,4.3966019111577499e-02,3.6075508683302475e+00,3.2963949483048700e+00
branch0_seg79,2.6376811594202927e+00,4.1791550747027291e-02,4.1791549977196654e-02,3.5863381764989031e+00,3.2805849646243996e+00
branch0_seg79,2.7391304347826093e+00,4.0271661019786659e-02,4.0271658408845633e-02,3.7373234420508248e+00,3.4248079755706078e+00
branch0_seg79,2.8405797101449295e+00,3.9647936841904069e-02,3.9647932485423365e-02,4.0677487799363226e+00,3.7353967720407493e+00
branch0_seg79,2.9420289855072497e+00,4.0102003033325027e-02,4.0101997111029720e-02,4.5670399282889518e+00,4.2021099994308075e+00
branch0_seg79,3.0434782608695663e+00,4.1728300639632544e-02,4.1728293578188004e-02,5.2059827004462438e+00,4.7974143976463868e+00
branch0_seg79,3.1449275362318865e+00,4.4518247978386286e-02,4.4518240258244642e-02,5.9415130304614827e+00,5.4809978141811140e+00
branch0_seg79,3.2463768115942031e+00,4.8348566940079218e-02,4.8348559293103874e-02,6.7133083226711125e+00,6.1966005684092922e+00
branch0_seg79,3.3478260869565233e+00,5.2996383956604214e-02,5.2996376796082899e-02,7.4662246989209482e+00,6.8929975373154395e+00
branch0_seg79,3.4492753623188435e+00,5.8155779090538449e-02,5.8155773212408439e-02,8.1366766912024193e+00,7.5112144831816066e+00
branch0_seg79,3.5507246376811601e+00,6.3468770425049156e-02,6.3468766039038435e-02,8.6767573446634341e+00,8.0070558279913975e+00
branch0_seg79,3.6521739130434803e+00,6.8561586029442484e-02,6.8561583607603963e-02,9.0469434271347282e+00,8.3442084904021971e+00
branch0_seg79,3.7536231884058004e+00,7.3082941449873040e-02,7.3082940921968709e-02,9.2281456548660028e+00,8.5054519717499772e+00
branch0_seg79,3.8550724637681171e+00,7.6738052030293130e-02,7.6738053425267697e-02,9.2171317676339939e+00,8.4883115564472611e+00
branch0_seg79,3.9565217391304373e+00,7.9322542721260353e-02,7.9322545577544881e-02,9.0354767388516883e+00,8.3133731395997597e+00
branch0_seg79,4.0579710144927574e+00,8.0734977616811546e-02,8.0734981725406080e-02,8.7117912255370520e+00,8.0076201237886533e+00
branch0_seg79,4.1594202898550776e+00,8.0984684798584880e-02,8.0984689445869437e-02,8.2936780763946611e+00,7.6156124165620502e+00
branch0_seg79,4.2608695652173907e+00,8.0183285327551923e-02,8.0183290205711924e-02,7.8278360387523263e+00,7.1808732552071781e+00
branch0_seg79,4.3623188405797109e+00,7.8525352914136856e-02,7.8525357399885892e-02,7.3638677497589891e+00,6.7494884021465742e+00
branch0_seg79,4.4637681159420310e+00,7.6259917987577017e-02,7.6259921856105028e-02,6.9419059473261031e+00,6.3585752224086978e+00
branch0_seg79,4.5652173913043512e+00,7.3656145004305479e-02,7.3656147962249438e-02,6.5913199246227245e+00,6.0351327702454949e+00
branch0_seg79,4.6666666666666714e+00,7.0971064768869899e-02,7.0971066792907475e-02,6.3280654877723608e+00,5.7936231475628812e+00
branch0_seg79,4.7681159420289845e+00,6.8414450300978355e-02,6.8414451550652733e-02,6.1479316329613996e+00,5.6297108828153748e+00
branch0_seg79,4.8695652173913047e+00,6.6129326567543001e-02,6.6129327177097560e-02,6.0385097335901579e+00,5.5315092286779262e+00
branch0_seg79,4.9710144927536248e+00,6.4178062765827409e-02,6.4178063185066261e-02,5.9709417097627435e+00,5.4718779042897898e+00
branch0_seg79,5.0724637681159450e+00,6.2542694228441928e-02,6.2542694681277072e-02,5.9145518148181253e+00,5.4221242104454657e+00
branch0_seg79,5.1739130434782652e+00,6.1136278988363504e-02,6.1136279902938552e-02,5.8353615012528168e+00,5.3505917460680132e+00
branch0_seg79,5.2753623188405783e+00,5.9824241813796988e-02,5.9824243339063464e-02,5.7062964122261342e+00,5.2321776687302535e+00
branch0_seg79,5.3768115942028984e+00,5.8452469804592282e-02,5.8452472112025811e-02,5.5092369767279639e+00,5.0502019331548036e+00
branch0_seg79,5.4782608695652186e+00,5.6879694602074593e-02,5.6879697578988281e-02,5.2414061549866222e+00,4.8023272118252880e+00
branch0_seg79,5.5797101449275388e+00,5.5005734372960434e-02,5.5005737878778438e-02,4.9130988252265340e+00,4.4983812423837408e+00
branch0_seg79,5.6811594202898590e+00,5.2795368996442903e-02,5.2795372636309242e-02,4.5507941218742456e+00,4.1632255868274148e+00
branch0_seg79,5.7826086956521792e+00,5.0292181438020181e-02,5.0292184830893212e-02,4.1912470107063857e+00,3.8311980834786237e+00
branch0_seg79,5.8840579710144922e+00,4.7621073378314442e-02,4.7621076015274551e-02,3.8791218082672567e+00,3.5438911160214146e+00
branch0_seg79,5.9855072463768124e+00,4.4979191527532998e-02,4.4979192984000917e-02,3.6603132758944459e+00,3.3439151621992367e+00
branch0_seg79,6.0869565217391326e+00,4.2614496052609141e-02,4.2614495962825946e-02,3.5752995663116494e+00,3.2687134279320742e+00
branch0_seg79,6.1884057971014528e+00,4.0796111620671822e-02,4.0796109769491253e-02,3.6540428570972705e+00,3.3458425089014843e+00
branch0_seg79,6.2898550724637730e+00,3.9780816890989862e-02,3.9780813227477049e-02,3.9115799374169997e+00,3.5889051071909952e+00
branch0_seg79,6.3913043478260860e+00,3.9778393362245777e-02,3.9778388042722913e-02,4.3444584889709787e+00,3.9942775520278477e+00
branch0_seg79,6.4927536231884062e+00,4.0921586760398178e-02,4.0921580103604478e-02,4.9310551314091224e+00,4.5414631705732136e+00
branch0_seg79,6.5942028985507264e+00,4.3244812449522198e-02,4.3244804936440957e-02,5.6330440438999103e+00,5.1945073373990525e+00
branch0_seg79,6.6956521739130466e+00,4.6672730742252491e-02,4.6672722964316557e-02,6.3982217946506248e+00,5.9046639415557189e+00
branch0_seg79,6.7971014492753667e+00,5.1019717940016793e-02,5.1019710552679565e-02,7.1649748546006373e+00,6.6145802902563080e+00
branch0_seg79,6.8985507246376869e+00,5.6011575900411038e-02,5.6011569383832976e-02,7.8769394838656526e+00,7.2719850384391762e+00
branch0_seg79,7.0000000000000000e+00,6.1306994050224758e-02,6.1306989067735733e-02,8.4747519004492560e+00,7.8219233525674019e+00
branch0_seg80,0.0000000000000000e+00,6.1306989067735594e-02,6.1306984348130922e-02,7.8219233525675955e+00,7.2072142881946046e+00
branch0_seg80,1.0144927536232018e-01,6.5110029761903943e-02,6.5110048897326231e-02,7.1105501494241512e+00,6.5361832480098681e+00
branch0_seg80,2.0289855072464036e-01,7.0719498966136080e-02,7.0719431852207096e-02,9.7490332614798962e+00,8.9921828936987236e+00
branch0_seg80,3.0434782608695699e-01,7.4598336928421452e-02,7.4598437778969975e-02,7.3446575036805584e+00,6.7391790174876123e+00
branch0_seg80,4.0579710144927716e-01,7.7958419527899100e-02,7.7958306105994454e-02,9.3185451887063202e+00,8.5777732528187549e+00
branch0_seg80,5.0724637681159734e-01,8.0043090015542703e-02,8.0043205046937349e-02,7.6112712226785995e+00,6.9792909420049050e+00
branch0_seg80,6.0869565217391397e-01,8.0961181123788292e-02,8.0961089454226948e-02,8.2117694921845299e+00,7.5385423421707252e+00
branch0_seg80,7.1014492753623415e-01,8.0789169441452188e-02,8.0789249288646545e-02,7.2492216843543620e+00,6.6397625805997906e+00
branch0_seg80,8.1159420289855433e-01,7.9585192260981583e-02,7.9585142206675202e-02,7.0898334756400327e+00,6.4925247870770928e+00
branch0_seg80,9.1304347826087096e-01,7.7668505595607742e-02,7.7668546737138772e-02,6.5548778671468293e+00,5.9961435396796645e+00
branch0_seg80,1.0144927536231911e+00,7.5217073924944394e-02,7.5217053807846906e-02,6.2159310179083835e+00,5.6832950875727315e+00
branch0_seg80,1.1159420289855078e+00,7.2561469871611911e-02,7.2561486104522330e-02,5.9402707242739723e+00,5.4303283139570873e+00
branch0_seg80,1.2173913043478279e+00,6.9900493050904219e-02,6.9900487244972762e-02,5.7015147582521699e+00,5.2115412621413224e+00
branch0_seg80,1.3188405797101481e+00,6.7445377639937507e-02,6.7445381959857817e-02,5.5975769637784811e+00,5.1186075154534292e+00
branch0_seg80,1.4202898550724647e+00,6.5291711120490217e-02,6.5291710353002477e-02,5.4928454116040681e+00,5.0242730120580443e+00
branch0_seg80,1.5217391304347849e+00,6.3476604909571632e-02,6.3476605316726886e-02,5.4601617145832675e+00,4.9967968484501473e+00
branch0_seg80,1.6231884057971016e+00,6.1948112246591795e-02,6.1948113231720288e-02,5.3919650557112977e+00,4.9355953894985021e+00
branch0_seg80,1.7246376811594217e+00,6.0598334844712623e-02,6.0598335367407712e-02,5.3123881867138563e+00,4.8635001280534187e+00
branch0_seg80,1.8260869565217419e+00,5.9280532974262654e-02,5.9280535251397419e-02,5.1641602428243063e+00,4.7271829468372308e+00
branch0_seg80,1.9275362318840585e+00,5.7842030783755924e-02,5.7842032847445164e-02,4.9578439631382709e+00,4.5367991571902460e+00
branch0_seg80,2.0289855072463787e+00,5.6155351834847586e-02,5.6155355231161573e-02,4.6834865191096053e+00,4.2832458360553689e+00
branch0_seg80,2.1304347826086989e+00,5.4144078682861523e-02,5.4144081923093557e-02,4.3638926668557865e+00,3.9879640305997031e+00
branch0_seg80,2.2318840579710155e+00,5.1804377596902200e-02,5.1804381165230166e-02,4.0250972147071389e+00,3.6752854961520693e+00
branch0_seg80,2.3333333333333357e+00,4.9213157804455621e-02,4.9213160711552531e-02,3.7061454745691975e+00,3.3815643213826050e+00
branch0_seg80,2.4347826086956559e+00,4.6526647119908289e-02,4.6526649251922521e-02,3.4494513688490827e+00,3.1461737795032567e+00
branch0_seg80,2.5362318840579725e+00,4.3966019111577499e-02,4.3966019867650821e-02,3.2963949483048700e+00,3.0074099437634052e+00
branch0_seg80,2.6376811594202927e+00,4.1791549977196654e-02,4.1791549193238964e-02,3.2805849646243996e+00,2.9962465826785118e+00
branch0_seg80,2.7391304347826093e+00,4.0271658408845633e-02,4.0271655857037167e-02,3.4248079755706078e+00,3.1335295444527413e+00
branch0_seg80,2.8405797101449295e+00,3.9647932485423365e-02,3.9647928262691742e-02,3.7353967720407493e+00,3.4247771195909311e+00
branch0_seg80,2.9420289855072497e+00,4.0101997111029720e-02,4.0101991394393480e-02,4.2021099994308075e+00,3.8601183806694528e+00
branch0_seg80,3.0434782608695663e+00,4.1728293578188004e-02,4.1728286781841976e-02,4.7974143976463868e+00,4.4136697167800465e+00
branch0_seg80,3.1449275362318865e+00,4.4518240258244642e-02,4.4518232846434129e-02,5.4809978141811140e+00,5.0477759992518161e+00
branch0_seg80,3.2463768115942031e+00,4.8348559293103874e-02,4.8348551971153148e-02,6.1966005684092922e+00,5.7100708211315157e+00
branch0_seg80,3.3478260869565233e+00,5.2996376796082899e-02,5.2996369959134378e-02,6.8929975373154395e+00,6.3530565742294964e+00
branch0_seg80,3.4492753623188435e+00,5.8155773212408439e-02,5.8155767624601881e-02,7.5112144831816066e+00,6.9221343281581236e+00
branch0_seg80,3.5507246376811601e+00,6.3468766039038435e-02,6.3468761896134887e-02,8.0070558279913975e+00,7.3766013884963195e+00
branch0_seg80,3.6521739130434803e+00,6.8561583607603963e-02,6.8561581359358859e-02,8.3442084904021971e+00,7.6831499904149654e+00
branch0_seg80,3.7536231884058004e+00,7.3082940921968709e-02,7.3082940493757645e-02,8.5054519717499772e+00,7.8262756400133862e+00
branch0_seg80,3.8550724637681171e+00,7.6738053425267697e-02,7.6738054839851105e-02,8.4883115564472611e+00,7.8041608161213114e+00
branch0_seg80,3.9565217391304373e+00,7.9322545577544895e-02,7.9322548384786348e-02,8.3133731395997597e+00,7.6363841961288150e+00
branch0_seg80,4.0579710144927574e+00,8.0734981725406080e-02,8.0734985721758509e-02,8.0076201237886533e+00,7.3483312804487388e+00
branch0_seg80,4.1594202898550776e+00,8.0984689445869437e-02,8.0984693941430944e-02,7.6156124165620502e+00,6.9816237918520683e+00
branch0_seg80,4.2608695652173907e+00,8.0183290205711924e-02,8.0183294905402921e-02,7.1808732552071781e+00,6.5767441385856138e+00
branch0_seg80,4.3623188405797109e+00,7.8525357399885892e-02,7.8525361704618477e-02,6.7494884021465742e+00,6.1764283930200277e+00
branch0_seg80,4.4637681159420310e+00,7.6259921856105028e-02,7.6259925553431460e-02,6.3585752224086978e+00,5.8149426976564484e+00
branch0_seg80,4.5652173913043512e+00,7.3656147962249438e-02,7.3656150773468779e-02,6.0351327702454949e+00,5.5170640950860559e+00
branch0_seg80,4.6666666666666714e+00,7.0971066792907475e-02,7.0971068700265413e-02,5.7936231475628812e+00,5.2958770676359057e+00
branch0_seg80,4.7681159420289845e+00,6.8414451550652733e-02,6.8414452712285481e-02,5.6297108828153748e+00,5.1469804245373174e+00
branch0_seg80,4.8695652173913047e+00,6.6129327177097560e-02,6.6129327725175130e-02,5.5315092286779262e+00,5.0590293829027946e+00
branch0_seg80,4.9710144927536248e+00,6.4178063185066261e-02,6.4178063555694845e-02,5.4718779042897898e+00,5.0065608482217350e+00
branch0_seg80,5.0724637681159450e+00,6.2542694681277072e-02,6.2542695090248498e-02,5.4221242104454657e+00,4.9627947713205698e+00
branch0_seg80,5.1739130434782652e+00,6.1136279902938552e-02,6.1136280762626331e-02,5.3505917460680132e+00,4.8982969951163247e+00
branch0_seg80,5.2753623188405783e+00,5.9824243339063464e-02,5.9824244790733873e-02,5.2321776687302535e+00,4.7898354689966354e+00
branch0_seg80,5.3768115942028984e+00,5.8452472112025811e-02,5.8452474318634325e-02,5.0502019331548036e+00,4.6220813136183567e+00
branch0_seg80,5.4782608695652186e+00,5.6879697578988281e-02,5.6879700428859065e-02,4.8023272118252880e+00,4.3930851917808518e+00
branch0_seg80,5.5797101449275388e+00,5.5005737878778438e-02,5.5005741234235940e-02,4.4983812423837408e+00,4.1121967289572074e+00
branch0_seg80,5.6811594202898590e+00,5.2795372636309242e-02,5.2795376114923138e-02,4.1632255868274148e+00,3.8027042866422107e+00
branch0_seg80,5.7826086956521792e+00,5.0292184830893212e-02,5.0292188065213288e-02,3.8311980834786237e+00,3.4966201690835073e+00
branch0_seg80,5.8840579710144922e+00,4.7621076015274551e-02,4.7621078515613244e-02,3.5438911160214146e+00,3.2325998074723699e+00
branch0_seg80,5.9855072463768124e+00,4.4979192984000924e-02,4.4979194343621645e-02,3.3439151621992367e+00,3.0501307042733634e+00
branch0_seg80,6.0869565217391326e+00,4.2614495962825946e-02,4.2614495832740969e-02,3.2687134279320742e+00,2.9837879952212729e+00
branch0_seg80,6.1884057971014528e+00,4.0796109769491253e-02,4.0796107946683619e-02,3.3458425089014843e+00,3.0588745621124236e+00
branch0_seg80,6.2898550724637730e+00,3.9780813227477049e-02,3.9780809667434747e-02,3.5889051071909952e+00,3.2876755030124851e+00
branch0_seg80,6.3913043478260860e+00,3.9778388042722913e-02,3.9778382900416909e-02,3.9942775520278477e+00,3.6664576231282604e+00
branch0_seg80,6.4927536231884062e+00,4.0921580103604478e-02,4.0921573689571333e-02,4.5414631705732136e+00,4.1758486545677060e+00
branch0_seg80,6.5942028985507264e+00,4.3244804936440957e-02,4.3244797716264348e-02,5.1945073373990525e+00,4.7821946041949221e+00
branch0_seg80,6.6956521739130466e+00,4.6672722964316557e-02,4.6672715508341324e-02,5.9046639415557189e+00,5.4400701645572438e+00
branch0_seg80,6.7971014492753667e+00,5.1019710552679565e-02,5.1019703491115072e-02,6.6145802902563080e+00,6.0961906283643117e+00
branch0_seg80,6.8985507246376869e+00,5.6011569383832976e-02,5.6011563175659161e-02,7.2719850384391762e+00,6.7021666082792812e+00
branch0_seg80,7.0000000000000000e+00,6.1306989067735733e-02,6.1306984348131068e-02,7.8219233525674019e+00,7.2072142881944243e+00
branch0_seg81,0.0000000000000000e+00,6.1306984348130922e-02,6.1306979880594525e-02,7.2072142881946046e+00,6.6295827175044977e+00
branch0_seg81,1.0144927536232018e-01,6.5110048897326231e-02,6.5110067453670872e-02,6.5361832480098681e+00,5.9985241661874573e+00
branch0_seg81,2.0289855072464036e-01,7.0719431852207096e-02,7.0719367076114828e-02,8.9921828936987236e+00,8.2797619995715639e+00
branch0_seg81,3.0434782608695699e-01,7.4598437778969975e-02,7.4598535350958770e-02,6.7391790174876123e+00,6.1739793135715759e+00
branch0_seg81,4.0579710144927716e-01,7.7958306105994454e-02,7.7958196480499550e-02,8.5777732528187549e+00,7.8828198384979267e+00
branch0_seg81,5.0724637681159734e-01,8.0043205046937349e-02,8.0043316317497587e-02,6.9792909420049050e+00,6.3899307462123565e+00
branch0_seg81,6.0869565217391397e-01,8.0961089454226948e-02,8.0961000810580094e-02,7.5385423421707252e+00,6.9096358740927979e+00
branch0_seg81,7.1014492753623415e-01,8.0789249288646545e-02,8.0789326492989241e-02,6.6397625805997906e+00,6.0723515005558033e+00
branch0_seg81,8.1159420289855433e-01,7.9585142206675202e-02,7.9585093777226543e-02,6.4925247870770928e+00,5.9365770860204234e+00
branch0_seg81,9.1304347826087096e-01,7.7668546737138772e-02,7.7668586475702808e-02,5.9961435396796645e+00,5.4769012964603068e+00
branch0_seg81,1.0144927536231911e+00,7.5217053807846906e-02,7.5217034316203288e-02,5.6832950875727315e+00,5.1886433809146641e+00
branch0_seg81,1.1159420289855078e+00,7.2561486104522330e-02,7.2561501743143630e-02,5.4303283139570873e+00,4.9568626680436649e+00
branch0_seg81,1.2173913043478279e+00,6.9900487244972762e-02,6.9900481593302227e-02,5.2115412621413224e+00,4.7566762975305013e+00
branch0_seg81,1.3188405797101481e+00,6.7445381959857817e-02,6.7445386086204095e-02,5.1186075154534292e+00,4.6737053127714274e+00
branch0_seg81,1.4202898550724647e+00,6.5291710353002477e-02,6.5291709582094432e-02,5.0242730120580443e+00,4.5888512352271862e+00
branch0_seg81,1.5217391304347849e+00,6.3476605316726886e-02,6.3476605674528619e-02,4.9967968484501473e+00,4.5659176212114385e+00
branch0_seg81,1.6231884057971016e+00,6.1948113231720288e-02,6.1948114163313750e-02,4.9355953894985021e+00,4.5110712762849108e+00
branch0_seg81,1.7246376811594217e+00,6.0598335367407712e-02,6.0598335846489652e-02,4.8635001280534187e+00,4.4458426677413092e+00
branch0_seg81,1.8260869565217419e+00,5.9280535251397419e-02,5.9280537431838046e-02,4.7271829468372308e+00,4.3206819401121015e+00
branch0_seg81,1.9275362318840585e+00,5.7842032847445164e-02,5.7842034814540401e-02,4.5367991571902460e+00,4.1453056699187023e+00
branch0_seg81,2.0289855072463787e+00,5.6155355231161573e-02,5.6155358483997407e-02,4.2832458360553689e+00,3.9114004465564949e+00
branch0_seg81,2.1304347826086989e+00,5.4144081923093557e-02,5.4144085017271311e-02,3.9879640305997031e+00,3.6390691602361502e+00
branch0_seg81,2.2318840579710155e+00,5.1804381165230166e-02,5.1804384571857279e-02,3.6752854961520693e+00,3.3509979124406710e+00
branch0_seg81,2.3333333333333357e+00,4.9213160711552531e-02,4.9213163474540828e-02,3.3815643213826050e+00,3.0809620618602667e+00
branch0_seg81,2.4347826086956559e+00,4.6526649251922521e-02,4.6526651265315910e-02,3.1461737795032567e+00,2.8654390735039645e+00
branch0_seg81,2.5362318840579725e+00,4.3966019867650821e-02,4.3966020554423502e-02,3.0074099437634052e+00,2.7398049221366110e+00
branch0_seg81,2.6376811594202927e+00,4.1791549193238964e-02,4.1791548399752715e-02,2.9962465826785118e+00,2.7325565717689710e+00
branch0_seg81,2.7391304347826093e+00,4.0271655857037167e-02,4.0271653367708785e-02,3.1335295444527413e+00,2.8627360536935256e+00
branch0_seg81,2.8405797101449295e+00,3.9647928262691742e-02,3.9647924175280742e-02,3.4247771195909311e+00,3.1351381942856924e+00
branch0_seg81,2.9420289855072497e+00,4.0101991394393480e-02,4.0101985882825597e-02,3.8601183806694528e+00,3.5402976361006737e+00
branch0_seg81,3.0434782608695663e+00,4.1728286781841976e-02,4.1728280247614047e-02,4.4136697167800465e+00,4.0539490381121546e+00
branch0_seg81,3.1449275362318865e+00,4.4518232846434129e-02,4.4518225737575461e-02,5.0477759992518161e+00,4.6410018351889049e+00
branch0_seg81,3.2463768115942031e+00,4.8348551971153148e-02,4.8348544966647443e-02,5.7100708211315157e+00,5.2528181888312666e+00
branch0_seg81,3.3478260869565233e+00,5.2996369959134378e-02,5.2996363436451345e-02,6.3530565742294964e+00,5.8454428522329254e+00
branch0_seg81,3.4492753623188435e+00,5.8155767624601881e-02,5.8155762316638063e-02,6.9221343281581236e+00,6.3684227209518172e+00
branch0_seg81,3.5507246376811601e+00,6.3468761896134887e-02,6.3468757985471469e-02,7.3766013884963195e+00,6.7843345847501118e+00
branch0_seg81,3.6521739130434803e+00,6.8561581359358859e-02,6.8561579274180565e-02,7.6831499904149654e+00,7.0626743077642358e+00
branch0_seg81,3.7536231884058004e+00,7.3082940493757645e-02,7.3082940155833234e-02,7.8262756400133862e+00,7.1895013243347794e+00
branch0_seg81,3.8550724637681171e+00,7.6738054839851105e-02,7.6738056266358462e-02,7.8041608161213114e+00,7.1635537685698036e+00
branch0_seg81,3.9565217391304373e+00,7.9322548384786348e-02,7.9322551137506497e-02,7.6363841961288150e+00,7.0033824332508487e+00
branch0_seg81,4.0579710144927574e+00,8.0734985721758509e-02,8.0734989602785759e-02,7.3483312804487388e+00,6.7328017105911782e+00
branch0_seg81,4.1594202898550776e+00,8.0984693941430944e-02,8.0984698284632228e-02,6.9816237918520683e+00,6.3905976150141326e+00
branch0_seg81,4.2608695652173907e+00,8.0183294905402921e-02,8.0183299428166599e-02,6.5767441385856138e+00,6.0143450532393681e+00
branch0_seg81,4.3623188405797109e+00,7.8525361704618477e-02,7.8525365831696781e-02,6.1764283930200277e+00,5.6435968035893262e+00
branch0_seg81,4.4637681159420310e+00,7.6259925553431460e-02,7.6259929084190783e-02,5.8149426976564484e+00,5.3099315490319361e+00
branch0_seg81,4.5652173913043512e+00,7.3656150773468779e-02,7.3656153443324796e-02,5.5170640950860559e+00,5.0360520899119798e+00
branch0_seg81,4.6666666666666714e+00,7.0971068700265413e-02,7.0971070496482200e-02,5.2958770676359057e+00,4.8337806917857140e+00
branch0_seg81,4.7681159420289845e+00,6.8414452712285481e-02,6.8414453791133367e-02,5.1469804245373174e+00,4.6987084592458128e+00
branch0_seg81,4.8695652173913047e+00,6.6129327725175130e-02,6.6129328216467692e-02,5.0590293829027946e+00,4.6200519148075578e+00
branch0_seg81,4.9710144927536248e+00,6.4178063555694845e-02,6.4178063881665720e-02,5.0065608482217350e+00,4.5739843048537052e+00
branch0_seg81,5.0724637681159450e+00,6.2542695090248498e-02,6.2542695458632225e-02,4.9627947713205698e+00,4.5355680812668071e+00
branch0_seg81,5.1739130434782652e+00,6.1136280762626331e-02,6.1136281570173492e-02,4.8982969951163247e+00,4.4774923109145464e+00
branch0_seg81,5.2753623188405783e+00,5.9824244790733873e-02,5.9824246171329115e-02,4.7898354689966354e+00,4.3782962396507790e+00
branch0_seg81,5.3768115942028984e+00,5.8452474318634325e-02,5.8452476427024475e-02,4.6220813136183567e+00,4.2239151785146580e+00
branch0_seg81,5.4782608695652186e+00,5.6879700428859065e-02,5.6879703154700562e-02,4.3930851917808518e+00,4.0127372301431947e+00
branch0_seg81,5.5797101449275388e+00,5.5005741234235940e-02,5.5005744442966048e-02,4.1121967289572074e+00,3.7536237612539494e+00
branch0_seg81,5.6811594202898590e+00,5.2795376114923138e-02,5.2795379436644294e-02,3.8027042866422107e+00,3.4683344768052193e+00
branch0_seg81,5.7826086956521792e+00,5.0292188065213288e-02,5.0292191145986626e-02,3.4966201690835073e+00,3.1866471477812741e+00
branch0_seg81,5.8840579710144922e+00,4.7621078515613244e-02,4.7621080884753281e-02,3.2325998074723699e+00,2.9444136339305338e+00
branch0_seg81,5.9855072463768124e+00,4.4979194343621645e-02,4.4979195611837296e-02,3.0501307042733634e+00,2.7781570917511167e+00
branch0_seg81,6.0869565217391326e+00,4.2614495832740969e-02,4.2614495667314026e-02,2.9837879952212729e+00,2.7197478012914318e+00
branch0_seg81,6.1884057971014528e+00,4.0796107946683619e-02,4.0796106156172920e-02,3.0588745621124236e+00,2.7923825489436527e+00
branch0_seg81,6.2898550724637730e+00,3.9780809667434754e-02,3.9780806213214601e-02,3.2876755030124851e+00,3.0071411792838134e+00
branch0_seg81,6.3913043478260860e+00,3.9778382900416902e-02,3.9778377935656438e-02,3.6664576231282604e+00,3.3602397435019991e+00
branch0_seg81,6.4927536231884062e+00,4.0921573689571333e-02,4.0921567516307565e-02,4.1758486545677060e+00,3.8334269678587813e+00
branch0_seg81,6.5942028985507264e+00,4.3244797716264348e-02,4.3244790784578040e-02,4.7821946041949221e+00,4.3952803361455119e+00
branch0_seg81,6.6956521739130466e+00,4.6672715508341324e-02,4.6672708367608187e-02,5.4400701645572438e+00,5.0035627660226876e+00
branch0_seg81,6.7971014492753667e+00,5.1019703491115072e-02,5.1019696746647032e-02,6.0961906283643117e+00,5.6088705382333170e+00
branch0_seg81,6.8985507246376869e+00,5.6011563175659161e-02,5.6011557265817268e-02,6.7021666082792812e+00,6.1664921373372099e+00
branch0_seg81,7.0000000000000000e+00,6.1306984348131068e-02,6.1306979880594657e-02,7.2072142881944243e+00,6.6295827175043289e+00
branch0_seg82,0.0000000000000000e+00,6.1306979880594525e-02,6.1306975679179698e-02,6.6295827175044977e+00,6.0828763413492180e+00
branch0_seg82,1.0144927536232018e-01,6.5110067453670872e-02,6.5110085331814879e-02,5.9985241661874573e+00,5.4914392054887928e+00
branch0_seg82,2.0289855072464036e-01,7.0719367076114828e-02,7.0719304956160939e-02,8.2797619995715639e+00,7.6044589785353933e+00
branch0_seg82,3.0434782608695699e-01,7.4598535350958770e-02,7.4598629143671602e-02,6.1739793135715759e+00,5.6423193890695291e+00
branch0_seg82,4.0579710144927716e-01,7.7958196480499550e-02,7.7958091203919430e-02,7.8828198384979267e+00,7.2261103623382716e+00
branch0_seg82,5.0724637681159734e-01,8.0043316317497587e-02,8.0043423258399138e-02,6.3899307462123565e+00,5.8360646662825948e+00
branch0_seg82,6.0869565217391397e-01,8.0961000810580094e-02,8.0960915643152664e-02,6.9096358740927979e+00,6.3176707072036029e+00
branch0_seg82,7.1014492753623415e-01,8.0789326492989241e-02,8.0789400663109287e-02,6.0723515005558033e+00,5.5399399721612026e+00
branch0_seg82,8.1159420289855433e-01,7.9585093777226543e-02,7.9585047220783772e-02,5.9365770860204234e+00,5.4150540018318400e+00
branch0_seg82,9.1304347826087096e-01,7.7668586475702808e-02,7.7668624613956141e-02,5.4769012964603068e+00,4.9905011538408264e+00
branch0_seg82,1.0144927536231911e+00,7.5217034316203288e-02,7.5217015552047087e-02,5.1886433809146641e+00,4.7255679445855536e+00
branch0_seg82,1.1159420289855078e+00,7.2561501743143630e-02,7.2561516713796737e-02,4.9568626680436649e+00,4.5137071601701946e+00
branch0_seg82,1.2173913043478279e+00,6.9900481593302227e-02,6.9900476127567945e-02,4.7566762975305013e+00,4.3309770847681230e+00
branch0_seg82,1.3188405797101481e+00,6.7445386086204095e-02,6.7445390002973518e-02,4.6737053127714274e+00,4.2571008166871875e+00
branch0_seg82,1.4202898550724647e+00,6.5291709582094432e-02,6.5291708813996652e-02,4.5888512352271862e+00,4.1809644146773843e+00
branch0_seg82,1.5217391304347849e+00,6.3476605674528619e-02,6.3476605984610773e-02,4.5659176212114385e+00,4.1620219854641611e+00
branch0_seg82,1.6231884057971016e+00,6.1948114163313750e-02,6.1948115038372650e-02,4.5110712762849108e+00,4.1129986630006687e+00
branch0_seg82,1.7246376811594217e+00,6.0598335846489652e-02,6.0598336282001307e-02,4.4458426677413092e+00,4.0541242882952311e+00
branch0_seg82,1.8260869565217419e+00,5.9280537431838046e-02,5.9280539506357650e-02,4.3206819401121015e+00,3.9394885748492836e+00
branch0_seg82,1.9275362318840585e+00,5.7842034814540401e-02,5.7842036677640214e-02,4.1453056699187023e+00,3.7783438926290343e+00
branch0_seg82,2.0289855072463787e+00,5.6155358483997407e-02,5.6155361579594054e-02,3.9114004465564949e+00,3.5631161789387438e+00
branch0_seg82,2.1304347826086989e+00,5.4144085017271311e-02,5.4144087953174283e-02,3.6390691602361502e+00,3.3125928264326205e+00
branch0_seg82,2.2318840579710155e+00,5.1804384571857279e-02,5.1804387803369344e-02,3.3509979124406710e+00,3.0478635066348452e+00
branch0_seg82,2.3333333333333357e+00,4.9213163474540828e-02,4.9213166083663704e-02,3.0809620618602667e+00,2.8002203126619958e+00
branch0_seg82,2.4347826086956559e+00,4.6526651265315910e-02,4.6526653154134789e-02,2.8654390735039645e+00,2.6033670665904189e+00
branch0_seg82,2.5362318840579725e+00,4.3966020554423502e-02,4.3966021172337229e-02,2.7398049221366110e+00,2.4898972538417814e+00
branch0_seg82,2.6376811594202927e+00,4.1791548399752715e-02,4.1791547603908706e-02,2.7325565717689710e+00,2.4859631254121384e+00
branch0_seg82,2.7391304347826093e+00,4.0271653367708785e-02,4.0271650955445819e-02,2.8627360536935256e+00,2.6089165725061680e+00
branch0_seg82,2.8405797101449295e+00,3.9647924175280742e-02,3.9647920244340967e-02,3.1351381942856924e+00,2.8629037054659934e+00
branch0_seg82,2.9420289855072497e+00,4.0101985882825597e-02,4.0101980602913735e-02,3.5402976361006737e+00,3.2388925575976582e+00
branch0_seg82,3.0434782608695663e+00,4.1728280247614047e-02,4.1728274005396665e-02,4.0539490381121546e+00,3.7142083218823347e+00
branch0_seg82,3.1449275362318865e+00,4.4518225737575461e-02,4.4518218962654107e-02,4.6410018351889049e+00,4.2562466084615620e+00
branch0_seg82,3.2463768115942031e+00,4.8348544966647443e-02,4.8348538308469323e-02,5.2528181888312666e+00,4.8199596106346636e+00
branch0_seg82,3.3478260869565233e+00,5.2996363436451345e-02,5.2996357253290327e-02,5.8454428522329254e+00,5.3647796025170491e+00
branch0_seg82,3.4492753623188435e+00,5.8155762316638063e-02,5.8155757306948080e-02,6.3684227209518172e+00,5.8442072738293147e+00
branch0_seg82,3.5507246376811601e+00,6.3468757985471469e-02,6.3468754318324064e-02,6.7843345847501118e+00,6.2239206628316124e+00
branch0_seg82,3.6521739130434803e+00,6.8561579274180565e-02,6.8561577354624550e-02,7.0626743077642358e+00,6.4760505474600842e+00
branch0_seg82,3.7536231884058004e+00,7.3082940155833234e-02,7.3082939902988656e-02,7.1895013243347794e+00,6.5880931291359426e+00
branch0_seg82,3.8550724637681171e+00,7.6738056266358462e-02,7.6738057692188832e-02,7.1635537685698036e+00,6.5592572455701923e+00
branch0_seg82,3.9565217391304373e+00,7.9322551137506497e-02,7.9322553818219746e-02,7.0033824332508487e+00,6.4070489931977148e+00
branch0_seg82,4.0579710144927574e+00,8.0734989602785759e-02,8.0734993347233858e-02,6.7328017105911782e+00,6.1537346356885667e+00
branch0_seg82,4.1594202898550776e+00,8.0984698284632228e-02,8.0984702453749710e-02,6.3905976150141326e+00,5.8353515078104028e+00
branch0_seg82,4.2608695652173907e+00,8.0183299428166599e-02,8.0183303752997453e-02,6.0143450532393681e+00,5.4866799142264746e+00
branch0_seg82,4.3623188405797109e+00,7.8525365831696781e-02,7.8525369763380856e-02,5.6435968035893262e+00,5.1442300873641029e+00
branch0_seg82,4.4637681159420310e+00,7.6259929084190797e-02,7.6259932434486796e-02,5.3099315490319361e+00,4.8370313972911863e+00
branch0_seg82,4.5652173913043512e+00,7.3656153443324796e-02,7.3656155962657455e-02,5.0360520899119798e+00,4.5858366601544045e+00
branch0_seg82,4.6666666666666714e+00,7.0971070496482200e-02,7.0971072176795880e-02,4.8337806917857140e+00,4.4013024531322023e+00
branch0_seg82,4.7681159420289845e+00,6.8414453791133367e-02,6.8414454785733991e-02,4.6987084592458128e+00,4.2790599008279102e+00
branch0_seg82,4.8695652173913047e+00,6.6129328216467692e-02,6.6129328651974101e-02,4.6200519148075578e+00,4.2089019575517606e+00
branch0_seg82,4.9710144927536248e+00,6.4178063881665720e-02,6.4178064164246942e-02,4.5739843048537052e+00,4.1686025930525217e+00
branch0_seg82,5.0724637681159450e+00,6.2542695458632225e-02,6.2542695786995769e-02,4.5355680812668071e+00,4.1350068609928563e+00
branch0_seg82,5.1739130434782652e+00,6.1136281570173492e-02,6.1136282323612130e-02,4.4774923109145464e+00,4.0828431882482334e+00
branch0_seg82,5.2753623188405783e+00,5.9824246171329115e-02,5.9824247475909774e-02,4.3782962396507790e+00,3.9923383681868079e+00
branch0_seg82,5.3768115942028984e+00,5.8452476427024475e-02,5.8452478428752938e-02,4.2239151785146580e+00,3.8506190943837222e+00
branch0_seg82,5.4782608695652186e+00,5.6879703154700562e-02,5.6879705745336358e-02,4.0127372301431947e+00,3.6563691558541169e+00
branch0_seg82,5.5797101449275388e+00,5.5005744442966048e-02,5.5005747491870517e-02,3.7536237612539494e+00,3.4179540754919810e+00
branch0_seg82,5.6811594202898590e+00,5.2795379436644294e-02,5.2795382588338526e-02,3.4683344768052193e+00,3.1556434434622500e+00
branch0_seg82,5.7826086956521792e+00,5.0292191145986626e-02,5.0292194061717380e-02,3.1866471477812741e+00,2.8970579420307536e+00
branch0_seg82,5.8840579710144922e+00,4.7621080884753281e-02,4.7621083114975517e-02,2.9444136339305338e+00,2.6753586228740556e+00
branch0_seg82,5.9855072463768124e+00,4.4979195611837296e-02,4.4979196786328536e-02,2.7781570917511167e+00,2.5242377351001850e+00
branch0_seg82,6.0869565217391326e+00,4.2614495667314026e-02,4.2614495470898503e-02,2.7197478012914318e+00,2.4729973249452719e+00
branch0_seg82,6.1884057971014528e+00,4.0796106156172920e-02,4.0796104409532380e-02,2.7923825489436527e+00,2.5428509615011645e+00
branch0_seg82,6.2898550724637730e+00,3.9780806213214601e-02,3.9780802883419925e-02,3.0071411792838134e+00,2.7437660255805301e+00
branch0_seg82,6.3913043478260860e+00,3.9778377935656438e-02,3.9778373173005491e-02,3.3602397435019991e+00,3.0719554200124346e+00
branch0_seg82,6.4927536231884062e+00,4.0921567516307565e-02,4.0921561612643924e-02,3.8334269678587813e+00,3.5102844577487873e+00
branch0_seg82,6.5942028985507264e+00,4.3244790784578040e-02,4.3244784172193663e-02,4.3952803361455119e+00,4.0295029870144514e+00
branch0_seg82,6.6956521739130466e+00,4.6672708367608187e-02,4.6672701572291718e-02,5.0035627660226876e+00,4.5904504263356189e+00
branch0_seg82,6.7971014492753667e+00,5.1019696746647032e-02,5.1019690346083127e-02,5.6088705382333170e+00,5.1474472280812043e+00
branch0_seg82,6.8985507246376869e+00,5.6011557265817268e-02,5.6011551675993691e-02,6.1664921373372099e+00,5.6592891955838676e+00
branch0_seg82,7.0000000000000000e+00,6.1306979880594657e-02,6.1306975679179837e-02,6.6295827175043289e+00,6.0828763413490625e+00
branch0_seg83,0.0000000000000000e+00,6.1306975679179698e-02,6.1306971734011673e-02,6.0828763413492180e+00,5.5659730523352966e+00
branch0_seg83,1.0144927536232018e-01,6.5110085331814879e-02,6.5110102525582442e-02,5.4914392054887928e+00,5.0136831573848477e+00
branch0_seg83,2.0289855072464036e-01,7.0719304956160939e-02,7.0719245482164711e-02,7.6044589785353933e+00,6.9648961654405115e+00
branch0_seg83,3.0434782608695699e-01,7.4598629143671602e-02,7.4598719148179213e-02,5.6423193890695291e+00,5.1426613487656718e+00
branch0_seg83,4.0579710144927716e-01,7.7958091203919430e-02,7.7957990275025132e-02,7.2261103623382716e+00,6.6060228930750737e+00
branch0_seg83,5.0724637681159734e-01,8.0043423258399138e-02,8.0043525861768730e-02,5.8360646662825948e+00,5.3159779380659167e+00
branch0_seg83,6.0869565217391397e-01,8.0960915643152664e-02,8.0960833955153827e-02,6.3176707072036029e+00,5.7609050569074496e+00
branch0_seg83,7.1014492753623415e-01,8.0789400663109287e-02,8.0789471797034662e-02,5.5399399721612026e+00,5.0407824497935412e+00
branch0_seg83,8.1159420289855433e-01,7.9585047220783772e-02,7.9585002541709152e-02,5.4150540018318400e+00,4.9262443379324594e+00
branch0_seg83,9.1304347826087096e-01,7.7668624613956141e-02,7.7668661155300411e-02,4.9905011538408264e+00,4.5352927029392500e+00
branch0_seg83,1.0144927536231911e+00,7.5217015552047087e-02,7.5216997519799669e-02,4.7255679445855536e+00,4.2924913691792730e+00
branch0_seg83,1.1159420289855078e+00,7.2561516713796723e-02,7.2561531022180076e-02,4.5137071601701946e+00,4.0993689651446488e+00
branch0_seg83,1.2173913043478279e+00,6.9900476127567945e-02,6.9900470851633673e-02,4.3309770847681230e+00,3.9330296489859276e+00
branch0_seg83,1.3188405797101481e+00,6.7445390002973518e-02,6.7445393715472424e-02,4.2571008166871875e+00,3.8674558023927008e+00
branch0_seg83,1.4202898550724647e+00,6.5291708813996652e-02,6.5291708051592290e-02,4.1809644146773843e+00,3.7993371089686878e+00
branch0_seg83,1.5217391304347849e+00,6.3476605984610773e-02,6.3476606250798581e-02,4.1620219854641611e+00,3.7838885479542119e+00
branch0_seg83,1.6231884057971016e+00,6.1948115038372650e-02,6.1948115858982092e-02,4.1129986630006687e+00,3.7401995213910806e+00
branch0_seg83,1.7246376811594217e+00,6.0598336282001307e-02,6.0598336676725248e-02,4.0541242882952311e+00,3.6872049331755501e+00
branch0_seg83,1.8260869565217419e+00,5.9280539506357650e-02,5.9280541477091254e-02,3.9394885748492836e+00,3.5824980290306900e+00
branch0_seg83,1.9275362318840585e+00,5.7842036677640214e-02,5.7842038439671221e-02,3.7783438926290343e+00,3.4348464141200519e+00
branch0_seg83,2.0289855072463787e+00,5.6155361579594054e-02,5.6155364521104173e-02,3.5631161789387438e+00,3.2373681933613150e+00
branch0_seg83,2.1304347826086989e+00,5.4144087953174283e-02,5.4144090734799900e-02,3.3125928264326205e+00,3.0075600460036664e+00
branch0_seg83,2.2318840579710155e+00,5.1804387803369344e-02,5.1804390864256603e-02,3.0478635066348452e+00,2.7649643494094223e+00
branch0_seg83,2.3333333333333357e+00,4.9213166083663704e-02,4.9213168543900634e-02,2.8002203126619958e+00,2.5384833411561956e+00
branch0_seg83,2.4347826086956559e+00,4.6526653154134789e-02,4.6526654923406859e-02,2.6033670665904189e+00,2.3591655984177313e+00
branch0_seg83,2.5362318840579725e+00,4.3966021172337229e-02,4.3966021726069587e-02,2.4898972538417814e+00,2.2569547946358277e+00
branch0_seg83,2.6376811594202927e+00,4.1791547603908706e-02,4.1791546809499043e-02,2.4859631254121384e+00,2.2557852882420986e+00
branch0_seg83,2.7391304347826093e+00,4.0271650955445819e-02,4.0271648622655969e-02,2.6089165725061680e+00,2.3714274197003196e+00
branch0_seg83,2.8405797101449295e+00,3.9647920244340967e-02,3.9647916470457900e-02,2.8629037054659934e+00,2.6074488280586201e+00
branch0_seg83,2.9420289855072497e+00,4.0101980602913735e-02,4.0101975553121130e-02,3.2388925575976582e+00,2.9552749549242296e+00
branch0_seg83,3.0434782608695663e+00,4.1728274005396665e-02,4.1728268051419180e-02,3.7142083218823347e+00,3.3937907884692402e+00
branch0_seg83,3.1449275362318865e+00,4.4518218962654107e-02,4.4518212515757168e-02,4.2562466084615620e+00,3.8927977024951543e+00
branch0_seg83,3.2463768115942031e+00,4.8348538308469323e-02,4.8348531988881435e-02,4.8199596106346636e+00,4.4106988671498728e+00
branch0_seg83,3.3478260869565233e+00,5.2996357253290327e-02,5.2996351400582599e-02,5.3647796025170491e+00,4.9101609509008952e+00
branch0_seg83,3.4492753623188435e+00,5.8155757306948080e-02,5.8155752585751182e-02,5.8442072738293147e+00,5.3484508251550285e+00
branch0_seg83,3.5507246376811601e+00,6.3468754318324064e-02,6.3468750884899755e-02,6.2239206628316124e+00,5.6941771722242320e+00
branch0_seg83,3.6521739130434803e+00,6.8561577354624550e-02,6.8561575591564047e-02,6.4760505474600842e+00,5.9219473212200970e+00
branch0_seg83,3.7536231884058004e+00,7.3082939902988656e-02,7.3082939727379739e-02,6.5880931291359426e+00,6.0205791287540791e+00
branch0_seg83,3.8550724637681171e+00,7.6738057692188832e-02,7.6738059111260110e-02,6.5592572455701923e+00,5.9896792160927879e+00
branch0_seg83,3.9565217391304373e+00,7.9322553818219746e-02,7.9322556422906781e-02,6.4070489931977148e+00,5.8457021668755491e+00
branch0_seg83,4.0579710144927574e+00,8.0734993347233858e-02,8.0734996953252314e-02,6.1537346356885667e+00,5.6093953838259090e+00
branch0_seg83,4.1594202898550776e+00,8.0984702453749710e-02,8.0984706449019894e-02,5.8353515078104028e+00,5.3141363041065048e+00
branch0_seg83,4.2608695652173907e+00,8.0183303752997453e-02,8.0183307881952867e-02,5.4866799142264746e+00,4.9920206015975044e+00
branch0_seg83,4.3623188405797109e+00,7.8525369763380856e-02,7.8525373503159634e-02,5.1442300873641029e+00,4.6766500792908490e+00
branch0_seg83,4.4637681159420310e+00,7.6259932434486796e-02,7.6259935608762125e-02,4.8370313972911863e+00,4.3946340269063633e+00
branch0_seg83,4.5652173913043512e+00,7.3656155962657455e-02,7.3656158336371305e-02,4.5858366601544045e+00,4.1648900335984065e+00
branch0_seg83,4.6666666666666714e+00,7.0971072176795880e-02,7.0971073746118316e-02,4.4013024531322023e+00,3.9969968683694392e+00
branch0_seg83,4.7681159420289845e+00,6.8414454785733991e-02,6.8414455700651244e-02,4.2790599008279102e+00,3.8866666816500754e+00
branch0_seg83,4.8695652173913047e+00,6.6129328651974101e-02,6.6129329035694198e-02,4.2089019575517606e+00,3.8242797821429715e+00
branch0_seg83,4.9710144927536248e+00,6.4178064164246942e-02,6.4178064406799726e-02,4.1686025930525217e+00,3.7891735306016701e+00
branch0_seg83,5.0724637681159450e+00,6.2542695786995769e-02,6.2542696078148052e-02,4.1350068609928563e+00,3.7599163374666311e+00
branch0_seg83,5.1739130434782652e+00,6.1136282323612130e-02,6.1136283025391258e-02,4.0828431882482334e+00,3.7131946040646193e+00
branch0_seg83,5.2753623188405783e+00,5.9824247475909774e-02,5.9824248706842692e-02,3.9923383681868079e+00,3.6308426466789645e+00
branch0_seg83,5.3768115942028984e+00,5.8452478428752938e-02,5.8452480326394850e-02,3.8506190943837222e+00,3.5011099233719207e+00
branch0_seg83,5.4782608695652186e+00,5.6879705745336358e-02,5.6879708203801664e-02,3.6563691558541169e+00,3.3229379547810018e+00
branch0_seg83,5.5797101449275388e+00,5.5005747491870517e-02,5.5005750384602904e-02,3.4179540754919810e+00,3.1041914351820630e+00
branch0_seg83,5.6811594202898590e+00,5.2795382588338526e-02,5.2795385574304757e-02,3.1556434434622500e+00,2.8636891995280003e+00
branch0_seg83,5.7826086956521792e+00,5.0292194061717380e-02,5.0292196817221912e-02,2.8970579420307536e+00,2.6269710375287754e+00
branch0_seg83,5.8840579710144922e+00,4.7621083114975517e-02,4.7621085211334353e-02,2.6753586228740556e+00,2.4246168141542657e+00
branch0_seg83,5.9855072463768124e+00,4.4979196786328536e-02,4.4979197871977399e-02,2.5242377351001850e+00,2.2876167752789573e+00
branch0_seg83,6.0869565217391326e+00,4.2614495470898503e-02,4.2614495247709418e-02,2.4729973249452719e+00,2.2428361324834531e+00
branch0_seg83,6.1884057971014528e+00,4.0796104409532380e-02,4.0796102709793565e-02,2.5428509615011645e+00,2.3096228976851290e+00
branch0_seg83,6.2898550724637730e+00,3.9780802883419925e-02,3.9780799679424161e-02,2.7437660255805301e+00,2.4969200097079662e+00
branch0_seg83,6.3913043478260860e+00,3.9778373173005491e-02,3.9778368611818340e-02,3.0719554200124346e+00,2.8009807293709179e+00
branch0_seg83,6.4927536231884062e+00,4.0921561612643924e-02,4.0921555975721273e-02,3.5102844577487873e+00,3.2057792068515392e+00
branch0_seg83,6.5942028985507264e+00,4.3244784172193663e-02,4.3244777874047485e-02,4.0295029870144514e+00,3.6841760821464544e+00
branch0_seg83,6.6956521739130466e+00,4.6672701572291718e-02,4.6672695115347530e-02,4.5904504263356189e+00,4.1999743358457504e+00
branch0_seg83,6.7971014492753667e+00,5.1019690346083127e-02,5.1019684280828141e-02,5.1474472280812043e+00,4.7110624804583843e+00
branch0_seg83,6.8985507246376869e+00,5.6011551675993691e-02,5.6011546396618185e-02,5.6592891955838676e+00,5.1795763746745065e+00
branch0_seg83,7.0000000000000000e+00,6.1306975679179837e-02,6.1306971734011811e-02,6.0828763413490625e+00,5.5659730523351518e+00
branch0_seg84,0.0000000000000000e+00,6.1306971734011673e-02,6.1306968035212982e-02,5.5659730523352966e+00,5.0784500727462092e+00
branch0_seg84,1.0144927536232018e-01,6.5110102525582442e-02,6.5110119024916605e-02,5.0136831573848477e+00,4.5648259472159065e+00
branch0_seg84,2.0289855072464036e-01,7.0719245482164711e-02,7.0719188654657553e-02,6.9648961654405115e+00,6.3606505472178023e+00
branch0_seg84,3.0434782608695699e-01,7.4598719148179213e-02,7.4598805337128191e-02,5.1426613487656718e+00,4.6745766391696124e+00
branch0_seg84,4.0579710144927716e-01,7.7957990275025132e-02,7.7957893712196885e-02,6.6060228930750737e+00,6.0221376996096980e+00
branch0_seg84,5.0724637681159734e-01,8.0043525861768730e-02,8.0043624098828883e-02,5.3159779380659167e+00,4.8292515540881462e+00
branch0_seg84,6.0869565217391397e-01,8.0960833955153827e-02,8.0960755766223275e-02,5.7609050569074496e+00,5.2389195350129008e+00
branch0_seg84,7.1014492753623415e-01,8.0789471797034662e-02,8.0789539878481934e-02,5.0407824497935412e+00,4.5744600595594838e+00
branch0_seg84,8.1159420289855433e-01,7.9585002541709152e-02,7.9584959753800116e-02,4.9262443379324594e+00,4.4697217585548170e+00
branch0_seg84,9.1304347826087096e-01,7.7668661155300411e-02,7.7668696096049525e-02,4.5352927029392500e+00,4.1108482686965129e+00
branch0_seg84,1.0144927536231911e+00,7.5216997519799669e-02,7.5216980228100749e-02,4.2924913691792730e+00,3.8889784275038193e+00
branch0_seg84,1.1159420289855078e+00,7.2561531022180076e-02,7.2561544671480405e-02,4.0993689651446488e+00,3.7134123689520568e+00
branch0_seg84,1.2173913043478279e+00,6.9900470851633673e-02,6.9900465770939058e-02,3.9330296489859276e+00,3.5623949187760102e+00
branch0_seg84,1.3188405797101481e+00,6.7445393715472424e-02,6.7445397228581144e-02,3.8674558023927008e+00,3.5043327879760278e+00
branch0_seg84,1.4202898550724647e+00,6.5291708051592290e-02,6.5291707298274160e-02,3.7993371089686878e+00,3.4435320924758095e+00
branch0_seg84,1.5217391304347849e+00,6.3476606250798581e-02,6.3476606477090511e-02,3.7838885479542119e+00,3.4310825007411649e+00
branch0_seg84,1.6231884057971016e+00,6.1948115858982092e-02,6.1948116627293298e-02,3.7401995213910806e+00,3.3922405756240797e+00
branch0_seg84,1.7246376811594217e+00,6.0598336676725248e-02,6.0598337033541741e-02,3.6872049331755501e+00,3.3446534525126155e+00
branch0_seg84,1.8260869565217419e+00,5.9280541477091254e-02,5.9280543345976544e-02,3.5824980290306900e+00,3.2492809699358398e+00
branch0_seg84,1.9275362318840585e+00,5.7842038439671221e-02,5.7842040103413643e-02,3.4348464141200519e+00,3.1143862257413120e+00
branch0_seg84,2.0289855072463787e+00,5.6155364521104173e-02,5.6155367311339820e-02,3.2373681933613150e+00,2.9337324869475401e+00
branch0_seg84,2.1304347826086989e+00,5.4144090734799900e-02,5.4144093365870956e-02,3.0075600460036664e+00,2.7235511451758705e+00
branch0_seg84,2.2318840579710155e+00,5.1804390864256603e-02,5.1804393758710987e-02,2.7649643494094223e+00,2.5018868957731311e+00
branch0_seg84,2.3333333333333357e+00,4.9213168543900634e-02,4.9213170860064173e-02,2.5384833411561956e+00,2.2953458152851298e+00
branch0_seg84,2.4347826086956559e+00,4.6526654923406859e-02,4.6526656578119809e-02,2.3591655984177313e+00,2.1324395159755434e+00
branch0_seg84,2.5362318840579725e+00,4.3966021726069587e-02,4.3966022220463100e-02,2.2569547946358277e+00,2.0405937414818780e+00
branch0_seg84,2.6376811594202927e+00,4.1791546809499043e-02,4.1791546020688117e-02,2.2557852882420986e+00,2.0416503608437253e+00
branch0_seg84,2.7391304347826093e+00,4.0271648622655969e-02,4.0271646372343456e-02,2.3714274197003196e+00,2.1499048308260815e+00
branch0_seg84,2.8405797101449295e+00,3.9647916470457900e-02,3.9647912855000342e-02,2.6074488280586201e+00,2.3684146290541679e+00
branch0_seg84,2.9420289855072497e+00,4.0101975553121130e-02,4.0101970732832455e-02,2.9552749549242296e+00,2.6890852060708501e+00
branch0_seg84,3.0434782608695663e+00,4.1728268051419180e-02,4.1728262382882006e-02,3.3937907884692402e+00,3.0923302568019571e+00
branch0_seg84,3.1449275362318865e+00,4.4518212515757168e-02,4.4518206391899150e-02,3.8927977024951543e+00,3.5502774568876809e+00
branch0_seg84,3.2463768115942031e+00,4.8348531988881435e-02,4.8348526000903280e-02,4.4106988671498728e+00,4.0246440289471446e+00
branch0_seg84,3.3478260869565233e+00,5.2996351400582599e-02,5.2996345869787735e-02,4.9101609509008952e+00,4.4811806892411807e+00
branch0_seg84,3.4492753623188435e+00,5.8155752585751182e-02,5.8155748143461118e-02,5.3484508251550285e+00,4.8807355021891352e+00
branch0_seg84,3.5507246376811601e+00,6.3468750884899755e-02,6.3468747675283529e-02,5.6941771722242320e+00,5.1946789486800391e+00
branch0_seg84,3.6521739130434803e+00,6.8561575591564047e-02,6.8561573975420453e-02,5.9219473212200970e+00,5.3999369671986361e+00
branch0_seg84,3.7536231884058004e+00,7.3082939727379739e-02,7.3082939620469745e-02,6.0205791287540791e+00,5.4865330195070037e+00
branch0_seg84,3.8550724637681171e+00,7.6738059111260110e-02,7.6738060516622783e-02,5.9896792160927879e+00,5.4543967247117306e+00
branch0_seg84,3.9565217391304373e+00,7.9322556422906781e-02,7.9322558946637908e-02,5.8457021668755491e+00,5.3189222333162292e+00
branch0_seg84,4.0579710144927574e+00,8.0734996953252314e-02,8.0735000418099501e-02,5.6093953838259090e+00,5.0993656862049663e+00
branch0_seg84,4.1594202898550776e+00,8.0984706449019894e-02,8.0984710269925250e-02,5.3141363041065048e+00,4.8265326557966297e+00
branch0_seg84,4.2608695652173907e+00,8.0183307881952867e-02,8.0183311816493644e-02,4.9920206015975044e+00,4.5299444012610293e+00
branch0_seg84,4.3623188405797109e+00,7.8525373503159634e-02,7.8525377054139464e-02,4.6766500792908490e+00,4.2404293913592745e+00
branch0_seg84,4.4637681159420310e+00,7.6259935608762125e-02,7.6259938611269076e-02,4.3946340269063633e+00,3.9823073335674368e+00
branch0_seg84,4.5652173913043512e+00,7.3656158336371305e-02,7.3656160569366275e-02,4.1648900335984065e+00,3.7727764117674951e+00
branch0_seg84,4.6666666666666714e+00,7.0971073746118316e-02,7.0971075209498427e-02,3.9969968683694392e+00,3.6204260674599240e+00
branch0_seg84,4.7681159420289845e+00,6.8414455700651244e-02,6.8414456540668953e-02,3.8866666816500754e+00,3.5210905043215281e+00
branch0_seg84,4.8695652173913047e+00,6.6129329035694198e-02,6.6129329371891685e-02,3.8242797821429715e+00,3.4657479559847997e+00
branch0_seg84,4.9710144927536248e+00,6.4178064406799726e-02,6.4178064612914823e-02,3.7891735306016701e+00,3.4352613010977131e+00
branch0_seg84,5.0724637681159450e+00,6.2542696078148052e-02,6.2542696335066705e-02,3.7599163374666311e+00,3.4098625951776698e+00
branch0_seg84,5.1739130434782652e+00,6.1136283025391258e-02,6.1136283678014575e-02,3.7131946040646193e+00,3.3681145571809994e+00
branch0_seg84,5.2753623188405783e+00,5.9824248706842692e-02,5.9824249866434906e-02,3.6308426466789645e+00,3.2933789731889838e+00
branch0_seg84,5.3768115942028984e+00,5.8452480326394850e-02,5.8452482122345488e-02,3.5011099233719207e+00,3.1749596506593822e+00
branch0_seg84,5.4782608695652186e+00,5.6879708203801664e-02,5.6879710532870033e-02,3.3229379547810018e+00,3.0120182683214036e+00
branch0_seg84,5.5797101449275388e+00,5.5005750384602904e-02,5.5005753124506118e-02,3.1041914351820630e+00,2.8119142121469083e+00
branch0_seg84,5.6811594202898590e+00,5.2795385574304757e-02,5.2795388398547347e-02,2.8636891995280003e+00,2.5920554546495933e+00
branch0_seg84,5.7826086956521792e+00,5.0292196817221912e-02,5.0292199417088450e-02,2.6269710375287754e+00,2.3759774967566667e+00
branch0_seg84,5.8840579710144922e+00,4.7621085211334353e-02,4.7621087178786582e-02,2.4246168141542657e+00,2.1917886997917351e+00
branch0_seg84,5.9855072463768124e+00,4.4979197871977399e-02,4.4979198873743194e-02,2.2876167752789573e+00,2.0679057151200135e+00
branch0_seg84,6.0869565217391326e+00,4.2614495247709418e-02,4.2614495002248044e-02,2.2428361324834531e+00,2.0288871415250465e+00
branch0_seg84,6.1884057971014528e+00,4.0796102709793565e-02,4.0796101060494236e-02,2.3096228976851290e+00,2.0923313397796193e+00
branch0_seg84,6.2898550724637730e+00,3.9780799679424161e-02,3.9780796603313483e-02,2.4969200097079662e+00,2.2662428330728113e+00
branch0_seg84,6.3913043478260860e+00,3.9778368611818340e-02,3.9778364252322451e-02,2.8009807293709179e+00,2.5469570479321217e+00
branch0_seg84,6.4927536231884062e+00,4.0921555975721273e-02,4.0921550603643282e-02,3.2057792068515392e+00,2.9195483871113002e+00
branch0_seg84,6.5942028985507264e+00,4.3244777874047485e-02,4.3244771886032408e-02,3.6841760821464544e+00,3.3589271230174327e+00
branch0_seg84,6.6956521739130466e+00,4.6672695115347530e-02,4.6672688990574300e-02,4.1999743358457504e+00,3.8317485518534982e+00
branch0_seg84,6.7971014492753667e+00,5.1019684280828141e-02,5.1019678542910583e-02,4.7110624804583843e+00,4.2993157309347358e+00
branch0_seg84,6.8985507246376869e+00,5.6011546396618185e-02,5.6011541418465857e-02,5.1795763746745065e+00,4.7269401054843874e+00
branch0_seg84,7.0000000000000000e+00,6.1306971734011811e-02,6.1306968035213114e-02,5.5659730523351518e+00,5.0784500727460768e+00
branch0_seg85,0.0000000000000000e+00,6.1306968035212982e-02,6.1306964585694505e-02,5.0784500727462092e+00,4.6170908182313539e+00
branch0_seg85,1.0144927536232018e-01,6.5110119024916605e-02,6.5110134771555542e-02,4.5648259472159065e+00,4.1416555111892466e+00
branch0_seg85,2.0289855072464036e-01,7.0719188654657553e-02,7.0719134645710238e-02,6.3606505472178023e+00,5.7878991962319670e+00
branch0_seg85,3.0434782608695699e-01,7.4598805337128204e-02,7.4598887427302113e-02,4.6745766391696124e+00,4.2345305618483327e+00
branch0_seg85,4.0579710144927716e-01,7.7957893712196885e-02,7.7957801822372122e-02,6.0221376996096980e+00,5.4704866729768948e+00
branch0_seg85,5.0724637681159734e-01,8.0043624098828883e-02,8.0043717648922222e-02,4.8292515540881462e+00,4.3721452664737157e+00
branch0_seg85,6.0869565217391397e-01,8.0960755766223275e-02,8.0960681328729717e-02,5.2389195350129008e+00,4.7478414410854635e+00
branch0_seg85,7.1014492753623415e-01,8.0789539878481934e-02,8.0789604688480857e-02,4.5744600595594838e+00,4.1372712222245784e+00
branch0_seg85,8.1159420289855433e-01,7.9584959753800116e-02,7.9584918997542414e-02,4.4697217585548170e+00,4.0418424592714874e+00
branch0_seg85,9.1304347826087096e-01,7.7668696096049525e-02,7.7668729327918670e-02,4.1108482686965129e+00,3.7136746324782157e+00
branch0_seg85,1.0144927536231911e+00,7.5216980228100749e-02,7.5216963736126033e-02,3.8889784275038193e+00,3.5116623135545315e+00
branch0_seg85,1.1159420289855078e+00,7.2561544671480405e-02,7.2561557623417011e-02,3.7134123689520568e+00,3.3525986125334328e+00
branch0_seg85,1.2173913043478279e+00,6.9900465770939058e-02,6.9900460905166009e-02,3.5623949187760102e+00,3.2159518511374596e+00
branch0_seg85,1.3188405797101481e+00,6.7445397228581144e-02,6.7445400535958003e-02,3.5043327879760278e+00,3.1647031712024272e+00
branch0_seg85,1.4202898550724647e+00,6.5291707298274160e-02,6.5291706559018212e-02,3.4435320924758095e+00,3.1106021732993723e+00
branch0_seg85,1.5217391304347849e+00,6.3476606477090511e-02,6.3476606666253085e-02,3.4310825007411649e+00,3.1007174100390649e+00
branch0_seg85,1.6231884057971016e+00,6.1948116627293298e-02,6.1948117342709892e-02,3.3922405756240797e+00,3.0662925959115577e+00
branch0_seg85,1.7246376811594217e+00,6.0598337033541741e-02,6.0598337353833499e-02,3.3446534525126155e+00,3.0236949396067727e+00
branch0_seg85,1.8260869565217419e+00,5.9280543345976544e-02,5.9280545108953205e-02,3.2492809699358398e+00,2.9371270815491277e+00
branch0_seg85,1.9275362318840585e+00,5.7842040103413643e-02,5.7842041666187602e-02,3.1143862257413120e+00,2.8143311893169023e+00
branch0_seg85,2.0289855072463787e+00,5.6155367311339820e-02,5.6155369944207015e-02,2.9337324869475401e+00,2.6496740175877167e+00
branch0_seg85,2.1304347826086989e+00,5.4144093365870956e-02,5.4144095841555009e-02,2.7235511451758705e+00,2.4581457259369270e+00
branch0_seg85,2.2318840579710155e+00,5.1804393758710987e-02,5.1804396481479852e-02,2.5018868957731311e+00,2.2563387403100901e+00
branch0_seg85,2.3333333333333357e+00,4.9213170860064173e-02,4.9213173029169631e-02,2.2953458152851298e+00,2.0686478351887208e+00
branch0_seg85,2.4347826086956559e+00,4.6526656578119809e-02,4.6526658117425609e-02,2.1324395159755434e+00,1.9211541335382087e+00
branch0_seg85,2.5362318840579725e+00,4.3966022220463100e-02,4.3966022658052550e-02,2.0405937414818780e+00,1.8388836055771887e+00
branch0_seg85,2.6376811594202927e+00,4.1791546020688117e-02,4.1791545243321009e-02,2.0416503608437253e+00,1.8416973877162979e+00
branch0_seg85,2.7391304347826093e+00,4.0271646372343456e-02,4.0271644213804289e-02,2.1499048308260815e+00,1.9425105373351033e+00
branch0_seg85,2.8405797101449295e+00,3.9647912855000342e-02,3.9647909410031393e-02,2.3684146290541679e+00,2.1439300896375229e+00
branch0_seg85,2.9420289855072497e+00,4.0101970732832455e-02,4.0101966156103751e-02,2.6890852060708501e+00,2.4383601570698925e+00
branch0_seg85,3.0434782608695663e+00,4.1728262382882006e-02,4.1728257014588904e-02,3.0923302568019571e+00,2.8077138004606463e+00
branch0_seg85,3.1449275362318865e+00,4.4518206391899150e-02,4.4518200605438152e-02,3.5502774568876809e+00,3.2263727079705458e+00
branch0_seg85,3.2463768115942031e+00,4.8348526000903280e-02,4.8348520356814105e-02,4.0246440289471446e+00,3.6592447084183970e+00
branch0_seg85,3.3478260869565233e+00,5.2996345869787735e-02,5.2996340670491408e-02,4.4811806892411807e+00,4.0750299286643337e+00
branch0_seg85,3.4492753623188435e+00,5.8155748143461118e-02,5.8155743985487618e-02,4.8807355021891352e+00,4.4379921233235127e+00
branch0_seg85,3.5507246376811601e+00,6.3468747675283529e-02,6.3468744690870674e-02,5.1946789486800391e+00,4.7221131440256974e+00
branch0_seg85,3.6521739130434803e+00,6.8561573975420453e-02,6.8561572503044288e-02,5.3999369671986361e+00,4.9064969730220769e+00
branch0_seg85,3.7536231884058004e+00,7.3082939620469745e-02,7.3082939575414244e-02,5.4865330195070037e+00,4.9822698962866117e+00
branch0_seg85,3.8550724637681171e+00,7.6738060516622783e-02,7.6738061898192766e-02,5.4543967247117306e+00,4.9496187172034896e+00
branch0_seg85,3.9565217391304373e+00,7.9322558946637908e-02,7.9322561377647371e-02,5.3189222333162292e+00,4.8228705684719948e+00
branch0_seg85,4.0579710144927574e+00,8.0735000418099501e-02,8.0735003729008770e-02,5.0993656862049663e+00,4.6198161859399258e+00
branch0_seg85,4.1594202898550776e+00,8.0984710269925250e-02,8.0984713904495839e-02,4.8265326557966297e+00,4.3687694204489800e+00
branch0_seg85,4.2608695652173907e+00,8.0183311816493644e-02,8.0183315545971467e-02,4.5299444012610293e+00,4.0967767203948284e+00
branch0_seg85,4.3623188405797109e+00,7.8525377054139464e-02,7.8525380408211665e-02,4.2404293913592745e+00,3.8320148823718787e+00
branch0_seg85,4.4637681159420310e+00,7.6259938611269076e-02,7.6259941436515224e-02,3.9823073335674368e+00,3.5966310320915329e+00
branch0_seg85,4.5652173913043512e+00,7.3656160569366275e-02,7.3656162659012980e-02,3.7727764117674951e+00,3.4062073227154421e+00
branch0_seg85,4.6666666666666714e+00,7.0971075209498427e-02,7.0971076566751765e-02,3.6204260674599240e+00,3.2684223137943582e+00
branch0_seg85,4.7681159420289845e+00,6.8414456540668953e-02,6.8414457307259050e-02,3.5210905043215281e+00,3.1792677303825192e+00
branch0_seg85,4.8695652173913047e+00,6.6129329371891685e-02,6.6129329663121503e-02,3.4657479559847997e+00,3.1303279601741898e+00
branch0_seg85,4.9710144927536248e+00,6.4178064612914823e-02,6.4178064784974842e-02,3.4352613010977131e+00,3.1039561348519418e+00
branch0_seg85,5.0724637681159450e+00,6.2542696335066705e-02,6.2542696559466690e-02,3.4098625951776698e+00,3.0819935288306977e+00
branch0_seg85,5.1739130434782652e+00,6.1136283678014575e-02,6.1136284281604662e-02,3.3681145571809994e+00,3.0448054082987341e+00
branch0_seg85,5.2753623188405783e+00,5.9824249866434906e-02,5.9824250953112404e-02,3.2933789731889838e+00,2.9772092186488943e+00
branch0_seg85,5.3768115942028984e+00,5.8452482122345488e-02,5.8452483813181903e-02,3.1749596506593822e+00,2.8695021581888258e+00
branch0_seg85,5.4782608695652186e+00,5.6879710532870033e-02,5.6879712727822884e-02,3.0120182683214036e+00,2.7210331714823721e+00
branch0_seg85,5.5797101449275388e+00,5.5005753124506118e-02,5.5005755706094506e-02,2.8119142121469083e+00,2.5386532886303197e+00
branch0_seg85,5.6811594202898590e+00,5.2795388398547347e-02,5.2795391055875163e-02,2.5920554546495933e+00,2.3383964693690062e+00
branch0_seg85,5.7826086956521792e+00,5.0292199417088450e-02,5.0292201857287493e-02,2.3759774967566667e+00,2.1418635193519635e+00
branch0_seg85,5.8840579710144922e+00,4.7621087178786582e-02,4.7621089015516309e-02,2.1917886997917351e+00,1.9747902543445364e+00
branch0_seg85,5.9855072463768124e+00,4.4979198873743194e-02,4.4979199792725848e-02,2.0679057151200135e+00,1.8631349980839567e+00
branch0_seg85,6.0869565217391326e+00,4.2614495002248044e-02,4.2614494738998657e-02,2.0288871415250465e+00,1.8292660531655394e+00
branch0_seg85,6.1884057971014528e+00,4.0796101060494236e-02,4.0796099469558013e-02,2.0923313397796193e+00,1.8891350714281068e+00
branch0_seg85,6.2898550724637730e+00,3.9780796603313483e-02,3.9780793666116684e-02,2.2662428330728113e+00,2.0498838982968191e+00
branch0_seg85,6.3913043478260860e+00,3.9778364252322451e-02,3.9778360107881557e-02,2.5469570479321217e+00,2.3079659953221956e+00
branch0_seg85,6.4927536231884062e+00,4.0921550603643282e-02,4.0921545511068934e-02,2.9195483871113002e+00,2.6495467699616966e+00
branch0_seg85,6.5942028985507264e+00,4.3244771886032408e-02,4.3244766222828697e-02,3.3589271230174327e+00,3.0515300413883635e+00
branch0_seg85,6.6956521739130466e+00,4.6672688990574300e-02,4.6672683211317088e-02,3.8317485518534982e+00,3.4833228829428369e+00
branch0_seg85,6.7971014492753667e+00,5.1019678542910583e-02,5.1019673143021707e-02,4.2993157309347358e+00,3.9095049800294102e+00
branch0_seg85,6.8985507246376869e+00,5.6011541418465857e-02,5.6011536748873096e-02,4.7269401054843874e+00,4.2984163243798186e+00
branch0_seg85,7.0000000000000000e+00,6.1306968035213114e-02,6.1306964585694644e-02,5.0784500727460768e+00,4.6170908182312322e+00
branch0_seg86,0.0000000000000000e+00,6.1306964585694505e-02,6.1306961394159920e-02,4.6170908182313539e+00,4.1778753593252649e+00
branch0_seg86,1.0144927536232018e-01,6.5110134771555542e-02,6.5110149688278468e-02,4.1416555111892466e+00,3.7401780656445456e+00
branch0_seg86,2.0289855072464036e-01,7.0719134645710238e-02,7.0719083697025883e-02,5.7878991962319670e+00,5.2418304178074759e+00
branch0_seg86,3.0434782608695699e-01,7.4598887427302113e-02,7.4598965033278508e-02,4.2345305618483327e+00,3.8181282206338092e+00
branch0_seg86,4.0579710144927716e-01,7.7957801822372122e-02,7.7957715028513536e-02,5.4704866729768948e+00,4.9460909308507519e+00
branch0_seg86,5.0724637681159734e-01,8.0043717648922222e-02,8.0043806074701490e-02,4.3721452664737157e+00,3.9400031639983761e+00
branch0_seg86,6.0869565217391397e-01,8.0960681328729717e-02,8.0960610988239937e-02,4.7478414410854635e+00,4.2828373971448315e+00
branch0_seg86,7.1014492753623415e-01,8.0789604688480857e-02,8.0789665926883497e-02,4.1372712222245784e+00,3.7246167351006010e+00
branch0_seg86,8.1159420289855433e-01,7.9584918997542414e-02,7.9584880463860447e-02,4.0418424592714874e+00,3.6380842216010456e+00
branch0_seg86,9.1304347826087096e-01,7.7668729327918670e-02,7.7668760700525197e-02,3.7136746324782157e+00,3.3394480037469445e+00
branch0_seg86,1.0144927536231911e+00,7.5216963736126033e-02,7.5216948122883542e-02,3.5116623135545315e+00,3.1563848485270691e+00
branch0_seg86,1.1159420289855078e+00,7.2561557623417011e-02,7.2561569822807481e-02,3.3525986125334328e+00,3.0129333979539528e+00
branch0_seg86,1.2173913043478279e+00,6.9900460905166009e-02,6.9900456279326784e-02,3.2159518511374596e+00,2.8898573107657222e+00
branch0_seg86,1.3188405797101481e+00,6.7445400535958003e-02,6.7445403626499603e-02,3.1647031712024272e+00,2.8448391112858595e+00
branch0_seg86,1.4202898550724647e+00,6.5291706559018212e-02,6.5291705839162023e-02,3.1106021732993723e+00,2.7969217474431263e+00
branch0_seg86,1.5217391304347849e+00,6.3476606666253085e-02,6.3476606820364073e-02,3.1007174100390649e+00,2.7892421422314180e+00
branch0_seg86,1.6231884057971016e+00,6.1948117342709892e-02,6.1948118003349650e-02,3.0662925959115577e+00,2.7588757634655261e+00
branch0_seg86,1.7246376811594217e+00,6.0598337353833499e-02,6.0598337638227827e-02,3.0236949396067727e+00,2.7209174895500405e+00
branch0_seg86,1.8260869565217419e+00,5.9280545108953205e-02,5.9280546759389971e-02,2.9371270815491277e+00,2.6427068140719174e+00
branch0_seg86,1.9275362318840585e+00,5.7842041666187602e-02,5.7842043122940119e-02,2.8143311893169023e+00,2.5314520992795733e+00
branch0_seg86,2.0289855072463787e+00,5.6155369944207015e-02,5.6155372409819347e-02,2.6496740175877167e+00,2.3820886476456593e+00
branch0_seg86,2.1304347826086989e+00,5.4144095841555009e-02,5.4144098153327401e-02,2.4581457259369270e+00,2.2083869901987780e+00
branch0_seg86,2.2318840579710155e+00,5.1804396481479852e-02,5.1804399023224250e-02,2.2563387403100901e+00,2.0255267478415457e+00
branch0_seg86,2.3333333333333357e+00,4.9213173029169631e-02,4.9213175044783217e-02,2.0686478351887208e+00,1.8557643476482404e+00
branch0_seg86,2.4347826086956559e+00,4.6526658117425609e-02,4.6526659537813292e-02,1.9211541335382087e+00,1.7228413878592466e+00
branch0_seg86,2.5362318840579725e+00,4.3966022658052550e-02,4.3966023040152999e-02,1.8388836055771887e+00,1.6494845775797617e+00
branch0_seg86,2.6376811594202927e+00,4.1791545243321009e-02,4.1791544483682608e-02,1.8416973877162979e+00,1.6536689063112358e+00
branch0_seg86,2.7391304347826093e+00,4.0271644213804289e-02,4.0271642158713795e-02,1.9425105373351033e+00,1.7470085594699436e+00
branch0_seg86,2.8405797101449295e+00,3.9647909410031393e-02,3.9647906151875217e-02,2.1439300896375229e+00,1.9317097173660458e+00
branch0_seg86,2.9420289855072497e+00,4.0101966156103751e-02,4.0101961842980809e-02,2.4383601570698925e+00,2.2006896428031526e+00
branch0_seg86,3.0434782608695663e+00,4.1728257014588904e-02,4.1728251968650938e-02,2.8077138004606463e+00,2.5373343755527249e+00
branch0_seg86,3.1449275362318865e+00,4.4518200605438152e-02,4.4518195178875133e-02,3.2263727079705458e+00,2.9182168864164377e+00
branch0_seg86,3.2463768115942031e+00,4.8348520356814105e-02,4.8348515077123247e-02,3.6592447084183970e+00,3.3113295216788261e+00
branch0_seg86,3.3478260869565233e+00,5.2996340670491408e-02,5.2996335820147344e-02,4.0750299286643337e+00,3.6882069551658021e+00
branch0_seg86,3.4492753623188435e+00,5.8155743985487618e-02,5.8155740123907416e-02,4.4379921233235127e+00,4.0163877665125094e+00
branch0_seg86,3.5507246376811601e+00,6.3468744690870674e-02,6.3468741938254344e-02,4.7221131440256974e+00,4.2723379371209784e+00
branch0_seg86,3.6521739130434803e+00,6.8561572503044288e-02,6.8561571174487898e-02,4.9064969730220769e+00,4.4372210078305070e+00
branch0_seg86,3.7536231884058004e+00,7.3082939575414244e-02,7.3082939586587112e-02,4.9822698962866117e+00,4.5031802465586752e+00
branch0_seg86,3.8550724637681171e+00,7.6738061898192753e-02,7.6738063245047811e-02,4.9496187172034896e+00,4.4706053845752409e+00
branch0_seg86,3.9565217391304373e+00,7.9322561377647385e-02,7.9322563701701793e-02,4.8228705684719948e+00,4.3527528578797439e+00
branch0_seg86,4.0579710144927574e+00,8.0735003729008784e-02,8.0735006869312828e-02,4.6198161859399258e+00,4.1659714839151318e+00
branch0_seg86,4.1594202898550776e+00,8.0984713904495825e-02,8.0984717336140169e-02,4.3687694204489800e+00,3.9361529319250930e+00
branch0_seg86,4.2608695652173907e+00,8.0183315545971467e-02,8.0183319054725075e-02,4.0967767203948284e+00,3.6879542603223006e+00
branch0_seg86,4.3623188405797109e+00,7.8525380408211665e-02,7.8525383552515246e-02,3.8320148823718787e+00,3.4470043512656146e+00
branch0_seg86,4.4637681159420310e+00,7.6259941436515224e-02,7.6259944074783162e-02,3.5966310320915329e+00,3.2333769198833702e+00
branch0_seg86,4.5652173913043512e+00,7.3656162659012980e-02,7.3656164599318230e-02,3.4062073227154421e+00,3.0611252392504120e+00
branch0_seg86,4.6666666666666714e+00,7.0971076566751765e-02,7.0971077815255953e-02,3.2684223137943582e+00,2.9370826150430527e+00
branch0_seg86,4.7681159420289845e+00,6.8414457307259050e-02,6.8414458000253919e-02,3.1792677303825192e+00,2.8574270706759766e+00
branch0_seg86,4.8695652173913047e+00,6.6129329663121503e-02,6.6129329910983761e-02,3.1303279601741898e+00,2.8143549224893536e+00
branch0_seg86,4.9710144927536248e+00,6.4178064784974842e-02,6.4178064924652750e-02,3.1039561348519418e+00,2.7916783398926146e+00
branch0_seg86,5.0724637681159450e+00,6.2542696559466690e-02,6.2542696752369120e-02,3.0819935288306977e+00,2.7728007335842331e+00
branch0_seg86,5.1739130434782652e+00,6.1136284281604662e-02,6.1136284835165297e-02,3.0448054082987341e+00,2.7398266935482267e+00
branch0_seg86,5.2753623188405783e+00,5.9824250953112404e-02,5.9824251963585616e-02,2.9772092186488943e+00,2.6789682577903675e+00
branch0_seg86,5.3768115942028984e+00,5.8452483813181903e-02,5.8452485392973957e-02,2.8695021581888258e+00,2.5814645545892341e+00
branch0_seg86,5.4782608695652186e+00,5.6879712727822884e-02,5.6879714780732497e-02,2.7210331714823721e+00,2.4468245815867813e+00
branch0_seg86,5.5797101449275388e+00,5.5005755706094506e-02,5.5005758120097351e-02,2.5386532886303197e+00,2.2813893190123395e+00
branch0_seg86,5.6811594202898590e+00,5.2795391055875163e-02,5.2795393537124743e-02,2.3383964693690062e+00,2.0998510438372442e+00
branch0_seg86,5.7826086956521792e+00,5.0292201857287493e-02,5.0292204130018649e-02,2.1418635193519635e+00,1.9219358762079211e+00
branch0_seg86,5.8840579710144922e+00,4.7621089015516309e-02,4.7621090716665863e-02,1.9747902543445364e+00,1.7710918250803549e+00
branch0_seg86,5.9855072463768124e+00,4.4979199792725848e-02,4.4979200628168133e-02,1.8631349980839567e+00,1.6709171072797300e+00
branch0_seg86,6.0869565217391326e+00,4.2614494738998657e-02,4.2614494462176168e-02,1.8292660531655394e+00,1.6416883914448319e+00
branch0_seg86,6.1884057971014528e+00,4.0796099469558013e-02,4.0796097946483263e-02,1.8891350714281068e+00,1.6977974787749837e+00
branch0_seg86,6.2898550724637730e+00,3.9780793666116684e-02,3.9780790882371138e-02,2.0498838982968191e+00,1.8455868944911420e+00
branch0_seg86,6.3913043478260860e+00,3.9778360107881557e-02,3.9778356197177386e-02,2.3079659953221956e+00,2.0816573110698831e+00
branch0_seg86,6.4927536231884062e+00,4.0921545511068934e-02,4.0921540719486289e-02,2.6495467699616966e+00,2.3932558502924413e+00
branch0_seg86,6.5942028985507264e+00,4.3244766222828697e-02,4.3244760906981539e-02,3.0515300413883635e+00,2.7592308210711427e+00
branch0_seg86,6.6956521739130466e+00,4.6672683211317088e-02,4.6672677799219527e-02,3.4833228829428369e+00,3.1516544314292116e+00
branch0_seg86,6.7971014492753667e+00,5.1019673143021707e-02,5.1019668099902334e-02,3.9095049800294102e+00,3.5382649275536058e+00
branch0_seg86,6.8985507246376869e+00,5.6011536748873103e-02,5.6011532402454191e-02,4.2984163243798186e+00,3.8903057071111360e+00
branch0_seg86,7.0000000000000000e+00,6.1306964585694651e-02,6.1306961394160059e-02,4.6170908182312322e+00,4.1778753593251547e+00
branch0_seg87,0.0000000000000000e+00,6.1306961394159920e-02,6.1306958455424346e-02,4.1778753593252649e+00,3.7598935410882777e+00
branch0_seg87,1.0144927536232018e-01,6.5110149688278468e-02,6.5110163756746345e-02,3.7401780656445456e+00,3.3594126286185859e+00
branch0_seg87,2.0289855072464036e-01,7.0719083697025883e-02,7.0719035845793143e-02,5.2418304178074759e+00,4.7213354875895046e+00
branch0_seg87,3.0434782608695699e-01,7.4598965033278508e-02,7.4599038078536462e-02,3.8181282206338092e+00,3.4241923172039539e+00
branch0_seg87,4.0579710144927716e-01,7.7957715028513536e-02,7.7957633407054042e-02,4.9460909308507519e+00,4.4476878469901955e+00
branch0_seg87,5.0724637681159734e-01,8.0043806074701490e-02,8.0043889290899672e-02,3.9400031639983761e+00,3.5315283843850391e+00
branch0_seg87,6.0869565217391397e-01,8.0960610988239937e-02,8.0960544810049107e-02,4.2828373971448315e+00,3.8425831051652852e+00
branch0_seg87,7.1014492753623415e-01,8.0789665926883497e-02,8.0789723537551553e-02,3.7246167351006010e+00,3.3351851497227365e+00
branch0_seg87,8.1159420289855433e-01,7.9584880463860447e-02,7.9584844190553602e-02,3.6380842216010456e+00,3.2571596555028526e+00
branch0_seg87,9.1304347826087096e-01,7.7668760700525197e-02,7.7668790188783546e-02,3.3394480037469445e+00,2.9869294519871694e+00
branch0_seg87,1.0144927536231911e+00,7.5216948122883542e-02,7.5216933405763742e-02,3.1563848485270691e+00,2.8219594783835391e+00
branch0_seg87,1.1159420289855078e+00,7.2561569822807481e-02,7.2561581263528879e-02,3.0129333979539528e+00,2.6932902885080376e+00
branch0_seg87,1.2173913043478279e+00,6.9900456279326784e-02,6.9900451900584151e-02,2.8898573107657222e+00,2.5830400732726004e+00
branch0_seg87,1.3188405797101481e+00,6.7445403626499603e-02,6.7445406501854765e-02,2.8448391112858595e+00,2.5437211722617024e+00
branch0_seg87,1.4202898550724647e+00,6.5291705839162023e-02,6.5291705141624495e-02,2.7969217474431263e+00,2.5015143719448361e+00
branch0_seg87,1.5217391304347849e+00,6.3476606820364073e-02,6.3476606942450442e-02,2.7892421422314180e+00,2.4957166848597554e+00
branch0_seg87,1.6231884057971016e+00,6.1948118003349650e-02,6.1948118610281912e-02,2.7588757634655261e+00,2.4690798658059050e+00
branch0_seg87,1.7246376811594217e+00,6.0598337638227834e-02,6.0598337888760630e-02,2.7209174895500405e+00,2.4354374078531613e+00
branch0_seg87,1.8260869565217419e+00,5.9280546759389964e-02,5.9280548297533098e-02,2.6427068140719174e+00,2.3651622118847695e+00
branch0_seg87,1.9275362318840585e+00,5.7842043122940126e-02,5.7842044474762579e-02,2.5314520992795733e+00,2.2649191456091100e+00
branch0_seg87,2.0289855072463787e+00,5.6155372409819340e-02,5.6155374708533483e-02,2.3820886476456593e+00,2.1301792532848252e+00
branch0_seg87,2.1304347826086989e+00,5.4144098153327394e-02,5.4144100302379955e-02,2.2083869901987780e+00,1.9735161598365478e+00
branch0_seg87,2.2318840579710155e+00,5.1804399023224257e-02,5.1804401385325362e-02,2.0255267478415457e+00,1.8087357359659690e+00
branch0_seg87,2.3333333333333357e+00,4.9213175044783210e-02,4.9213176909156942e-02,1.8557643476482404e+00,1.6560270821004739e+00
branch0_seg87,2.4347826086956559e+00,4.6526659537813292e-02,4.6526660842103912e-02,1.7228413878592466e+00,1.5368800795055673e+00
branch0_seg87,2.5362318840579725e+00,4.3966023040152999e-02,4.3966023370228209e-02,1.6494845775797617e+00,1.4718186984949819e+00
branch0_seg87,2.6376811594202927e+00,4.1791544483682608e-02,4.1791543745535731e-02,1.6536689063112358e+00,1.4770222077152588e+00
branch0_seg87,2.7391304347826093e+00,4.0271642158713795e-02,4.0271640210865205e-02,1.7470085594699436e+00,1.5628795179535377e+00
branch0_seg87,2.8405797101449295e+00,3.9647906151875217e-02,3.9647903083917212e-02,1.9317097173660458e+00,1.7312422548084896e+00
branch0_seg87,2.9420289855072497e+00,4.0101961842980809e-02,4.0101957796064382e-02,2.2006896428031526e+00,1.9755528110459633e+00
branch0_seg87,3.0434782608695663e+00,4.1728251968650938e-02,4.1728247246506166e-02,2.5373343755527249e+00,2.2806422305499345e+00
branch0_seg87,3.1449275362318865e+00,4.4518195178875127e-02,4.4518190112244990e-02,2.9182168864164377e+00,2.6252114425825339e+00
branch0_seg87,3.2463768115942031e+00,4.8348515077123254e-02,4.8348510160250130e-02,3.3113295216788261e+00,2.9802320047179549e+00
branch0_seg87,3.3478260869565233e+00,5.2996335820147344e-02,5.2996331315708071e-02,3.6882069551658021e+00,3.3199605228528868e+00
branch0_seg87,3.4492753623188435e+00,5.8155740123907416e-02,5.8155736554210649e-02,4.0163877665125094e+00,3.6150736716203760e+00
branch0_seg87,3.5507246376811601e+00,6.3468741938254344e-02,6.3468739411924185e-02,4.2723379371209784e+00,3.8444002420656425e+00
branch0_seg87,3.6521739130434803e+00,6.8561571174487898e-02,6.8561569983511206e-02,4.4372210078305070e+00,3.9910522866084288e+00
branch0_seg87,3.7536231884058004e+00,7.3082939586587112e-02,7.3082939647595394e-02,4.5031802465586752e+00,4.0481123139291126e+00
branch0_seg87,3.8550724637681171e+00,7.6738063245047811e-02,7.6738064551036336e-02,4.4706053845752409e+00,4.0161264802609109e+00
branch0_seg87,3.9565217391304373e+00,7.9322563701701793e-02,7.9322565913455267e-02,4.3527528578797439e+00,3.9072828689162402e+00
branch0_seg87,4.0579710144927574e+00,8.0735006869312828e-02,8.0735009834702276e-02,4.1659714839151318e+00,3.7365153961778668e+00
branch0_seg87,4.1594202898550776e+00,8.0984717336140169e-02,8.0984720561986939e-02,3.9361529319250930e+00,3.5273634619687462e+00
branch0_seg87,4.2608695652173907e+00,8.0183319054725075e-02,8.0183322341296270e-02,3.6879542603223006e+00,3.3021775738639230e+00
branch0_seg87,4.3623188405797109e+00,7.8525383552515246e-02,7.8525386487082252e-02,3.4470043512656146e+00,3.0841374784520874e+00
branch0_seg87,4.4637681159420310e+00,7.6259944074783162e-02,7.6259946527332992e-02,3.2333769198833702e+00,2.8913363426179610e+00
branch0_seg87,4.5652173913043512e+00,7.3656164599318230e-02,7.3656166392540995e-02,3.0611252392504120e+00,2.7363791488700429e+00
branch0_seg87,4.6666666666666714e+00,7.0971077815255953e-02,7.0971078957893410e-02,2.9370826150430527e+00,2.6253137214328830e+00
branch0_seg87,4.7681159420289845e+00,6.8414458000253919e-02,6.8414458622748614e-02,2.8574270706759766e+00,2.5545288017796008e+00
branch0_seg87,4.8695652173913047e+00,6.6129329910983761e-02,6.6129330118511936e-02,2.8143549224893536e+00,2.5168357851313372e+00
branch0_seg87,4.9710144927536248e+00,6.4178064924652750e-02,6.4178065034558848e-02,2.7916783398926146e+00,2.4974738957813223e+00
branch0_seg87,5.0724637681159450e+00,6.2542696752369120e-02,6.2542696915887194e-02,2.7728007335842331e+00,2.4813624243643893e+00
branch0_seg87,5.1739130434782652e+00,6.1136284835165297e-02,6.1136285340194878e-02,2.7398266935482267e+00,2.4522841584619144e+00
branch0_seg87,5.2753623188405783e+00,5.9824251963585616e-02,5.9824252898877987e-02,2.6789682577903675e+00,2.3977875052010593e+00
branch0_seg87,5.3768115942028984e+00,5.8452485392973957e-02,5.8452486862406242e-02,2.5814645545892341e+00,2.3100051070982439e+00
branch0_seg87,5.4782608695652186e+00,5.6879714780732497e-02,5.6879716692235238e-02,2.4468245815867813e+00,2.1885813852666267e+00
branch0_seg87,5.5797101449275388e+00,5.5005758120097351e-02,5.5005760367331624e-02,2.2813893190123395e+00,2.0393471938710825e+00
branch0_seg87,5.6811594202898590e+00,5.2795393537124743e-02,5.2795395843577814e-02,2.0998510438372442e+00,1.8756856681850258e+00
branch0_seg87,5.7826086956521792e+00,5.0292204130018649e-02,5.0292206237170692e-02,1.9219358762079211e+00,1.7155069399010678e+00
branch0_seg87,5.8840579710144922e+00,4.7621090716665863e-02,4.7621092284827783e-02,1.7710918250803549e+00,1.5800532360382167e+00
branch0_seg87,5.9855072463768124e+00,4.4979200628168133e-02,4.4979201383295343e-02,1.6709171072797300e+00,1.4906571763428573e+00
branch0_seg87,6.0869565217391326e+00,4.2614494462176168e-02,4.2614494175456229e-02,1.6416883914448319e+00,1.4655982957474964e+00
branch0_seg87,6.1884057971014528e+00,4.0796097946483263e-02,4.0796096495095760e-02,1.6977974787749837e+00,1.5177913329442074e+00
branch0_seg87,6.2898550724637730e+00,3.9780790882371138e-02,3.9780788255679433e-02,1.8455868944911420e+00,1.6528392673183989e+00
branch0_seg87,6.3913043478260860e+00,3.9778356197177386e-02,3.9778352523176311e-02,2.0816573110698831e+00,1.8675163190594246e+00
branch0_seg87,6.4927536231884062e+00,4.0921540719486289e-02,4.0921536230847697e-02,2.3932558502924413e+00,2.1501400565180768e+00
branch0_seg87,6.5942028985507264e+00,4.3244760906981539e-02,4.3244755939117883e-02,2.7592308210711427e+00,2.4814532098507200e+00
branch0_seg87,6.6956521739130466e+00,4.6672677799219527e-02,4.6672672753383070e-02,3.1516544314292116e+00,2.8361066351608288e+00
branch0_seg87,6.7971014492753667e+00,5.1019668099902334e-02,5.1019663411062538e-02,3.5382649275536058e+00,3.1848807309523743e+00
branch0_seg87,6.8985507246376869e+00,5.6011532402454191e-02,5.6011528375303501e-02,3.8903057071111360e+00,3.5018004655554300e+00
branch0_seg87,7.0000000000000000e+00,6.1306961394160059e-02,6.1306958455424491e-02,4.1778753593251547e+00,3.7598935410881764e+00
branch0_seg88,0.0000000000000000e+00,6.1306958455424346e-02,6.1306955749579027e-02,3.7598935410882777e+00,3.3656145011680412e+00
branch0_seg88,1.0144927536232018e-01,6.5110163756746345e-02,6.5110177012744325e-02,3.3594126286185859e+00,3.0017319262671407e+00
branch0_seg88,2.0289855072464036e-01,7.0719035845793143e-02,7.0718990935472667e-02,4.7213354875895046e+00,4.2294359015590244e+00
branch0_seg88,3.0434782608695699e-01,7.4599038078536462e-02,7.4599106774591320e-02,3.4241923172039539e+00,3.0552893831712478e+00
branch0_seg88,4.0579710144927716e-01,7.7957633407054042e-02,7.7957556709175993e-02,4.4476878469901955e+00,3.9783165394702289e+00
branch0_seg88,5.0724637681159734e-01,8.0043889290899672e-02,8.0043967540789004e-02,3.5315283843850391e+00,3.1494296567954310e+00
branch0_seg88,6.0869565217391397e-01,8.0960544810049107e-02,8.0960482597485964e-02,3.8425831051652852e+00,3.4299267142760650e+00
branch0_seg88,7.1014492753623415e-01,8.0789723537551553e-02,8.0789777692432604e-02,3.3351851497227365e+00,2.9716193874696502e+00
branch0_seg88,8.1159420289855433e-01,7.9584844190553602e-02,7.9584810073162274e-02,3.2571596555028526e+00,2.9016551071203955e+00
branch0_seg88,9.1304347826087096e-01,7.7668790188783546e-02,7.7668817885283625e-02,2.9869294519871694e+00,2.6585640222188998e+00
branch0_seg88,1.0144927536231911e+00,7.5216933405763742e-02,7.5216919545728386e-02,2.8219594783835391e+00,2.5107182116274611e+00
branch0_seg88,1.1159420289855078e+00,7.2561581263528879e-02,7.2561591986098323e-02,2.6932902885080376e+00,2.3959036556366828e+00
branch0_seg88,1.2173913043478279e+00,6.9900451900584151e-02,6.9900447760458825e-02,2.5830400732726004e+00,2.2976415960665277e+00
branch0_seg88,1.3188405797101481e+00,6.7445406501854765e-02,6.7445409176289800e-02,2.5437211722617024e+00,2.2634327867716557e+00
branch0_seg88,1.4202898550724647e+00,6.5291705141624495e-02,6.5291704467804204e-02,2.5015143719448361e+00,2.2264083284939824e+00
branch0_seg88,1.5217391304347849e+00,6.3476606942450442e-02,6.3476607036928243e-02,2.4957166848597554e+00,2.2221359874282638e+00
branch0_seg88,1.6231884057971016e+00,6.1948118610281912e-02,6.1948119167827533e-02,2.4690798658059050e+00,2.1988625534209922e+00
branch0_seg88,1.7246376811594217e+00,6.0598337888760630e-02,6.0598338109180479e-02,2.4354374078531613e+00,2.1691757553454059e+00
branch0_seg88,1.8260869565217419e+00,5.9280548297533098e-02,5.9280549730494535e-02,2.3651622118847695e+00,2.1063633531586445e+00
branch0_seg88,1.9275362318840585e+00,5.7842044474762579e-02,5.7842045728960005e-02,2.2649191456091100e+00,2.0165374422730507e+00
branch0_seg88,2.0289855072463787e+00,5.6155374708533483e-02,5.6155376850849419e-02,2.1301792532848252e+00,1.8956679042448206e+00
branch0_seg88,2.1304347826086989e+00,5.4144100302379955e-02,5.4144102299645565e-02,1.9735161598365478e+00,1.7551581160998213e+00
branch0_seg88,2.2318840579710155e+00,5.1804401385325362e-02,5.1804403579929312e-02,1.8087357359659690e+00,1.6074848775488910e+00
branch0_seg88,2.3333333333333357e+00,4.9213176909156942e-02,4.9213178633447568e-02,1.6560270821004739e+00,1.4708505392873317e+00
branch0_seg88,2.4347826086956559e+00,4.6526660842103912e-02,4.6526662039809645e-02,1.5368800795055673e+00,1.3645924493822525e+00
branch0_seg88,2.5362318840579725e+00,4.3966023370228209e-02,4.3966023654440210e-02,1.4718186984949819e+00,1.3071402729611978e+00
branch0_seg88,2.6376811594202927e+00,4.1791543745535731e-02,4.1791543030824108e-02,1.4770222077152588e+00,1.3129786724130432e+00
branch0_seg88,2.7391304347826093e+00,4.0271640210865205e-02,4.0271638367007284e-02,1.5628795179535377e+00,1.3913552195508490e+00
branch0_seg88,2.8405797101449295e+00,3.9647903083917212e-02,3.9647900197502937e-02,1.7312422548084896e+00,1.5438177228864480e+00
branch0_seg88,2.9420289855072497e+00,4.0101957796064382e-02,4.0101954001394990e-02,1.9755528110459633e+00,1.7643458240818708e+00
branch0_seg88,3.0434782608695663e+00,4.1728247246506166e-02,4.1728242829682530e-02,2.2806422305499345e+00,2.0391830515722082e+00
branch0_seg88,3.1449275362318865e+00,4.4518190112244990e-02,4.4518185383659446e-02,2.6252114425825339e+00,2.3490865175044293e+00
branch0_seg88,3.2463768115942031e+00,4.8348510160250130e-02,4.8348505582727574e-02,2.9802320047179549e+00,2.6678884505680793e+00
branch0_seg88,3.3478260869565233e+00,5.2996331315708071e-02,5.2996327133459385e-02,3.3199605228528868e+00,2.9724412958123856e+00
branch0_seg88,3.4492753623188435e+00,5.8155736554210649e-02,5.8155733254697722e-02,3.6150736716203760e+00,3.2364066719213951e+00
branch0_seg88,3.5507246376811601e+00,6.3468739411924185e-02,6.3468737093301295e-02,3.8444002420656425e+00,3.4408405474688819e+00
branch0_seg88,3.6521739130434803e+00,6.8561569983511206e-02,6.8561568916300192e-02,3.9910522866084288e+00,3.5706791922572751e+00
branch0_seg88,3.7536231884058004e+00,7.3082939647595394e-02,7.3082939749836304e-02,4.0481123139291126e+00,3.6198573742308224e+00
branch0_seg88,3.8550724637681171e+00,7.6738064551036336e-02,7.6738065813292552e-02,4.0161264802609109e+00,3.5890256679064896e+00
branch0_seg88,3.9565217391304373e+00,7.9322565913455267e-02,7.9322568015100028e-02,3.9072828689162402e+00,3.4893068448436457e+00
branch0_seg88,4.0579710144927574e+00,8.0735009834702276e-02,8.0735012632091388e-02,3.7365153961778668e+00,3.3342506840010828e+00
branch0_seg88,4.1594202898550776e+00,8.0984720561986939e-02,8.0984723592088886e-02,3.5273634619687462e+00,3.1451236474994593e+00
branch0_seg88,4.2608695652173907e+00,8.0183322341296270e-02,8.0183325417968951e-02,3.3021775738639230e+00,2.9420635676681131e+00
branch0_seg88,4.3623188405797109e+00,7.8525386487082252e-02,7.8525389224736078e-02,3.0841374784520874e+00,2.7459128692009935e+00
branch0_seg88,4.4637681159420310e+00,7.6259946527332992e-02,7.6259948806590913e-02,2.8913363426179610e+00,2.5728890690293764e+00
branch0_seg88,4.5652173913043512e+00,7.3656166392540995e-02,7.3656168049619206e-02,2.7363791488700429e+00,2.4342395637237093e+00
branch0_seg88,4.6666666666666714e+00,7.0971078957893410e-02,7.0971080003628506e-02,2.6253137214328830e+00,2.3352936015158141e+00
branch0_seg88,4.7681159420289845e+00,6.8414458622748614e-02,6.8414459181733903e-02,2.5545288017796008e+00,2.2726773019783768e+00
branch0_seg88,4.8695652173913047e+00,6.6129330118511936e-02,6.6129330290802008e-02,2.5168357851313372e+00,2.2398198096491466e+00
branch0_seg88,4.9710144927536248e+00,6.4178065034558848e-02,6.4178065118775968e-02,2.4974738957813223e+00,2.2233504184177120e+00
branch0_seg88,5.0724637681159450e+00,6.2542696915887194e-02,6.2542697053647303e-02,2.4813624243643893e+00,2.2096515185088341e+00
branch0_seg88,5.1739130434782652e+00,6.1136285340194878e-02,6.1136285800951963e-02,2.4522841584619144e+00,2.1841148335604772e+00
branch0_seg88,5.2753623188405783e+00,5.9824252898877987e-02,5.9824253764459531e-02,2.3977875052010593e+00,2.1355595261938300e+00
branch0_seg88,5.3768115942028984e+00,5.8452486862406242e-02,5.8452488228797540e-02,2.3100051070982439e+00,2.0569575201985320e+00
branch0_seg88,5.4782608695652186e+00,5.6879716692235231e-02,5.6879718471499092e-02,2.1885813852666267e+00,1.9480615116011932e+00
branch0_seg88,5.5797101449275388e+00,5.5005760367331631e-02,5.5005762458665550e-02,2.0393471938710825e+00,1.8141928859567968e+00
branch0_seg88,5.6811594202898590e+00,5.2795395843577814e-02,5.2795397986992842e-02,1.8756856681850258e+00,1.6674630997516062e+00
branch0_seg88,5.7826086956521792e+00,5.0292206237170692e-02,5.0292208190463886e-02,1.7155069399010678e+00,1.5240330900500567e+00
branch0_seg88,5.8840579710144922e+00,4.7621092284827783e-02,4.7621093730344455e-02,1.5800532360382167e+00,1.4030320922910093e+00
branch0_seg88,5.9855072463768124e+00,4.4979201383295343e-02,4.4979202065787191e-02,1.4906571763428573e+00,1.3236335519426754e+00
branch0_seg88,6.0869565217391326e+00,4.2614494175456229e-02,4.2614493882618863e-02,1.4655982957474964e+00,1.3022257480554260e+00
branch0_seg88,6.1884057971014528e+00,4.0796096495095760e-02,4.0796095114336947e-02,1.5177913329442074e+00,1.3503385687801659e+00
branch0_seg88,6.2898550724637730e+00,3.9780788255679433e-02,3.9780785779592910e-02,1.6528392673183989e+00,1.4729014139516403e+00
branch0_seg88,6.3913043478260860e+00,3.9778352523176311e-02,3.9778349074030800e-02,1.8675163190594246e+00,1.6668902861677719e+00
branch0_seg88,6.4927536231884062e+00,4.0921536230847697e-02,4.0921532028395963e-02,2.1501400565180768e+00,1.9216793213612227e+00
branch0_seg88,6.5942028985507264e+00,4.3244755939117883e-02,4.3244751298590296e-02,2.4814532098507200e+00,2.2198485754296233e+00
branch0_seg88,6.6956521739130466e+00,4.6672672753383070e-02,4.6672668050723572e-02,2.8361066351608288e+00,2.5385300273240685e+00
branch0_seg88,6.7971014492753667e+00,5.1019663411062538e-02,5.1019659052763927e-02,3.1848807309523743e+00,2.8514155456828574e+00
branch0_seg88,6.8985507246376869e+00,5.6011528375303501e-02,5.6011524644580708e-02,3.5018004655554300e+00,3.1351753659097148e+00
branch0_seg88,7.0000000000000000e+00,6.1306958455424491e-02,6.1306955749579166e-02,3.7598935410881764e+00,3.3656145011679501e+00
branch0_seg89,0.0000000000000000e+00,6.1306955749579027e-02,6.1306953283044571e-02,3.3656145011680412e+00,2.9917228134508846e+00
branch0_seg89,1.0144927536232018e-01,6.5110177012744325e-02,6.5110189381942032e-02,3.0017319262671407e+00,2.6639061411966085e+00
branch0_seg89,2.0289855072464036e-01,7.0718990935472667e-02,7.0718949193149264e-02,4.2294359015590244e+00,3.7621995353810136e+00
branch0_seg89,3.0434782608695699e-01,7.4599106774591320e-02,7.4599170754481275e-02,3.0552893831712478e+00,2.7079607333563507e+00
branch0_seg89,4.0579710144927716e-01,7.7957556709175993e-02,7.7957485335508891e-02,3.9783165394702289e+00,3.5340120054712183e+00
branch0_seg89,5.0724637681159734e-01,8.0043967540789004e-02,8.0044040408217484e-02,3.1494296567954310e+00,2.7900944690359686e+00
branch0_seg89,6.0869565217391397e-01,8.0960482597485964e-02,8.0960424678937853e-02,3.4299267142760650e+00,3.0411013200460038e+00
branch0_seg89,7.1014492753623415e-01,8.0789777692432604e-02,8.0789828106327177e-02,2.9716193874696502e+00,2.6303761163718811e+00
branch0_seg89,8.1159420289855433e-01,7.9584810073162274e-02,7.9584778293924782e-02,2.9016551071203955e+00,2.5680799599805439e+00
branch0_seg89,9.1304347826087096e-01,7.7668817885283625e-02,7.7668843647714522e-02,2.6585640222188998e+00,2.3510175976077816e+00
branch0_seg89,1.0144927536231911e+00,7.5216919545728386e-02,7.5216906618960008e-02,2.5107182116274611e+00,2.2194437349846372e+00
branch0_seg89,1.1159420289855078e+00,7.2561591986098323e-02,7.2561601938915768e-02,2.3959036556366828e+00,2.1176679802663467e+00
branch0_seg89,1.2173913043478279e+00,6.9900447760458825e-02,6.9900443883731914e-02,2.2976415960665277e+00,2.0306577352614776e+00
branch0_seg89,1.3188405797101481e+00,6.7445409176289800e-02,6.7445411640011943e-02,2.2634327867716557e+00,2.0010405661892929e+00
branch0_seg89,1.4202898550724647e+00,6.5291704467804204e-02,6.5291703823511890e-02,2.2264083284939824e+00,1.9687346180721577e+00
branch0_seg89,1.5217391304347849e+00,6.3476607036928256e-02,6.3476607106323468e-02,2.2221359874282638e+00,1.9656744196319460e+00
branch0_seg89,1.6231884057971016e+00,6.1948119167827526e-02,6.1948119674701575e-02,2.1988625534209922e+00,1.9454436788267306e+00
branch0_seg89,1.7246376811594217e+00,6.0598338109180486e-02,6.0598338300518285e-02,2.1691757553454059e+00,1.9193976218145858e+00
branch0_seg89,1.8260869565217419e+00,5.9280549730494535e-02,5.9280551052433635e-02,2.1063633531586445e+00,1.8636354562333439e+00
branch0_seg89,1.9275362318840585e+00,5.7842045728960005e-02,5.7842046881245335e-02,2.0165374422730507e+00,1.7837083286436952e+00
branch0_seg89,2.0289855072463787e+00,5.6155376850849419e-02,5.6155378827990585e-02,1.8956679042448206e+00,1.6760528922399764e+00
branch0_seg89,2.1304347826086989e+00,5.4144102299645565e-02,5.4144104137753710e-02,1.7551581160998213e+00,1.5509256998626457e+00
branch0_seg89,2.2318840579710155e+00,5.1804403579929312e-02,5.1804405598994720e-02,1.6074848775488910e+00,1.4195137019805120e+00
branch0_seg89,2.3333333333333357e+00,4.9213178633447568e-02,4.9213180212436140e-02,1.4708505392873317e+00,1.2981029587851245e+00
branch0_seg89,2.4347826086956559e+00,4.6526662039809645e-02,4.6526663128487245e-02,1.3645924493822525e+00,1.2039647374288391e+00
branch0_seg89,2.5362318840579725e+00,4.3966023654440210e-02,4.3966023894849146e-02,1.3071402729611978e+00,1.1535285191186240e+00
branch0_seg89,2.6376811594202927e+00,4.1791543030824108e-02,4.1791542346160754e-02,1.3129786724130432e+00,1.1596716474023641e+00
branch0_seg89,2.7391304347826093e+00,4.0271638367007284e-02,4.0271636638621724e-02,1.3913552195508490e+00,1.2305723373148498e+00
branch0_seg89,2.8405797101449295e+00,3.9647900197502937e-02,3.9647897508207471e-02,1.5438177228864480e+00,1.3675176188195417e+00
branch0_seg89,2.9420289855072497e+00,4.0101954001394990e-02,4.0101950477711513e-02,1.7643458240818708e+00,1.5650341862863260e+00
branch0_seg89,3.0434782608695663e+00,4.1728242829682530e-02,4.1728238738488195e-02,2.0391830515722082e+00,1.8107497668978367e+00
branch0_seg89,3.1449275362318865e+00,4.4518185383659446e-02,4.4518181013415231e-02,2.3490865175044293e+00,2.0874161365495403e+00
branch0_seg89,3.2463768115942031e+00,4.8348505582727574e-02,4.8348501362626223e-02,2.6678884505680793e+00,2.3716247673439792e+00
branch0_seg89,3.3478260869565233e+00,5.2996327133459385e-02,5.2996323288312941e-02,2.9724412958123856e+00,2.6427162517931713e+00
branch0_seg89,3.4492753623188435e+00,5.8155733254697722e-02,5.8155730235023156e-02,3.2364066719213951e+00,2.8772055796889942e+00
branch0_seg89,3.5507246376811601e+00,6.3468737093301295e-02,6.3468734986808023e-02,3.4408405474688819e+00,3.0582586437303640e+00
branch0_seg89,3.6521739130434803e+00,6.8561568916300192e-02,6.8561567971172771e-02,3.5706791922572751e+00,3.1725272882089990e+00
branch0_seg89,3.7536231884058004e+00,7.3082939749836304e-02,7.3082939886468315e-02,3.6198573742308224e+00,3.2147211885700826e+00
branch0_seg89,3.8550724637681171e+00,7.6738065813292552e-02,7.6738067020281756e-02,3.5890256679064896e+00,3.1855476884790179e+00
branch0_seg89,3.9565217391304373e+00,7.9322568015100028e-02,7.9322569992360495e-02,3.4893068448436457e+00,3.0950644678953445e+00
branch0_seg89,4.0579710144927574e+00,8.0735012632091388e-02,8.0735015245323283e-02,3.3342506840010828e+00,2.9554621236061678e+00
branch0_seg89,4.1594202898550776e+00,8.0984723592088886e-02,8.0984726410774172e-02,3.1451236474994593e+00,2.7858024514867261e+00
branch0_seg89,4.2608695652173907e+00,8.0183325417968951e-02,8.0183328270310980e-02,2.9420635676681131e+00,2.6040926575868291e+00
branch0_seg89,4.3623188405797109e+00,7.8525389224736078e-02,7.8525391753976770e-02,2.7459128692009935e+00,2.4289363696139632e+00
branch0_seg89,4.4637681159420310e+00,7.6259948806590913e-02,7.6259950904215237e-02,2.5728890690293764e+00,2.2747683633625826e+00
branch0_seg89,4.5652173913043512e+00,7.3656168049619206e-02,7.3656169565821938e-02,2.4342395637237093e+00,2.1515589282710712e+00
branch0_seg89,4.6666666666666714e+00,7.0971080003628506e-02,7.0971080950916421e-02,2.3352936015158141e+00,2.0639780916372805e+00
branch0_seg89,4.7681159420289845e+00,6.8414459181733903e-02,6.8414459677917275e-02,2.2726773019783768e+00,2.0089131229587265e+00
branch0_seg89,4.8695652173913047e+00,6.6129330290802008e-02,6.6129330430123215e-02,2.2398198096491466e+00,1.9804133303445419e+00
branch0_seg89,4.9710144927536248e+00,6.4178065118775968e-02,6.4178065179518101e-02,2.2233504184177120e+00,1.9664656595815593e+00
branch0_seg89,5.0724637681159450e+00,6.2542697053647303e-02,6.2542697167139338e-02,2.2096515185088341e+00,1.9548693051525419e+00
branch0_seg89,5.1739130434782652e+00,6.1136285800951963e-02,6.1136286216945460e-02,2.1841148335604772e+00,1.9325642883409810e+00
branch0_seg89,5.2753623188405783e+00,5.9824253764459531e-02,5.9824254557648490e-02,2.1355595261938300e+00,1.8895831424472889e+00
branch0_seg89,5.3768115942028984e+00,5.8452488228797540e-02,5.8452489486999396e-02,2.0569575201985320e+00,1.8196897107204526e+00
branch0_seg89,5.4782608695652186e+00,5.6879718471499092e-02,5.6879720111563614e-02,1.9480615116011932e+00,1.7227213245952333e+00
branch0_seg89,5.5797101449275388e+00,5.5005762458665550e-02,5.5005764385973613e-02,1.8141928859567968e+00,1.6034906275708962e+00
branch0_seg89,5.6811594202898590e+00,5.2795397986992842e-02,5.2795399959456639e-02,1.6674630997516062e+00,1.4728703033062949e+00
branch0_seg89,5.7826086956521792e+00,5.0292208190463886e-02,5.0292209983361848e-02,1.5240330900500567e+00,1.3453305797094373e+00
branch0_seg89,5.8840579710144922e+00,4.7621093730344455e-02,4.7621095049502661e-02,1.4030320922910093e+00,1.2379686954602660e+00
branch0_seg89,5.9855072463768124e+00,4.4979202065787191e-02,4.4979202675778686e-02,1.3236335519426754e+00,1.1678914663958133e+00
branch0_seg89,6.0869565217391326e+00,4.2614493882618863e-02,4.2614493588389868e-02,1.3022257480554260e+00,1.1496875366448021e+00
branch0_seg89,6.1884057971014528e+00,4.0796095114336947e-02,4.0796093813732746e-02,1.3503385687801659e+00,1.1935812470692759e+00
branch0_seg89,6.2898550724637730e+00,3.9780785779592910e-02,3.9780783468128245e-02,1.4729014139516403e+00,1.3038846835515994e+00
branch0_seg89,6.3913043478260860e+00,3.9778349074030800e-02,3.9778345867339734e-02,1.6668902861677719e+00,1.4777992545319762e+00
branch0_seg89,6.4927536231884062e+00,4.0921532028395963e-02,4.0921528132008077e-02,1.9216793213612227e+00,1.7057432544396511e+00
branch0_seg89,6.5942028985507264e+00,4.3244751298590303e-02,4.3244747005889886e-02,2.2198485754296233e+00,1.9720849410052366e+00
branch0_seg89,6.6956521739130466e+00,4.6672668050723572e-02,4.6672663710517447e-02,2.5385300273240685e+00,2.2563539936452437e+00
branch0_seg89,6.7971014492753667e+00,5.1019659052763927e-02,5.1019655041234208e-02,2.8514155456828574e+00,2.5350420138405734e+00
branch0_seg89,6.8985507246376869e+00,5.6011524644580708e-02,5.6011521222397255e-02,3.1351753659097148e+00,2.7873478087172261e+00
branch0_seg89,7.0000000000000000e+00,6.1306955749579166e-02,6.1306953283044710e-02,3.3656145011679501e+00,2.9917228134508016e+00
branch0_seg90,0.0000000000000000e+00,6.1306953283044571e-02,6.1306951065036669e-02,2.9917228134508846e+00,2.6343320706388860e+00
branch0_seg90,1.0144927536232018e-01,6.5110189381942032e-02,6.5110200785435557e-02,2.6639061411966085e+00,2.3420930829334212e+00
branch0_seg90,2.0289855072464036e-01,7.0718949193149264e-02,7.0718910866743867e-02,3.7621995353810136e+00,3.3149299284708849e+00
branch0_seg90,3.0434782608695699e-01,7.4599170754481275e-02,7.4599229623679278e-02,2.7079607333563507e+00,2.3779696634036465e+00
branch0_seg90,4.0579710144927716e-01,7.7957485335508891e-02,7.7957419719412294e-02,3.5340120054712183e+00,3.1099235637920817e+00
branch0_seg90,5.0724637681159734e-01,8.0044040408217484e-02,8.0044107445370799e-02,2.7900944690359686e+00,2.4490232592715673e+00
branch0_seg90,6.0869565217391397e-01,8.0960424678937853e-02,8.0960371408400941e-02,3.0411013200460038e+00,2.6714214332507833e+00
branch0_seg90,7.1014492753623415e-01,8.0789828106327177e-02,8.0789874471697901e-02,2.6303761163718811e+00,2.3070187192343026e+00
branch0_seg90,8.1159420289855433e-01,7.9584778293924782e-02,7.9584749048425538e-02,2.5680799599805439e+00,2.2520781730798483e+00
branch0_seg90,9.1304347826087096e-01,7.7668843647714522e-02,7.7668867321752974e-02,2.3510175976077816e+00,2.0601395908616573e+00
branch0_seg90,1.0144927536231911e+00,7.5216906618960008e-02,7.5216894706394130e-02,2.2194437349846372e+00,1.9441561760811721e+00
branch0_seg90,1.1159420289855078e+00,7.2561601938915768e-02,7.2561611065129830e-02,2.1176679802663467e+00,1.8547690100892213e+00
branch0_seg90,1.2173913043478279e+00,6.9900443883731914e-02,6.9900440296014943e-02,2.0306577352614776e+00,1.7784271662099100e+00
branch0_seg90,1.3188405797101481e+00,6.7445411640011943e-02,6.7445413881382976e-02,2.0010405661892929e+00,1.7529967984946644e+00
branch0_seg90,1.4202898550724647e+00,6.5291703823511890e-02,6.5291703214198013e-02,1.9687346180721577e+00,1.7250466809303986e+00
branch0_seg90,1.5217391304347849e+00,6.3476607106323468e-02,6.3476607152589778e-02,1.9656744196319460e+00,1.7229573917403298e+00
branch0_seg90,1.6231884057971016e+00,6.1948119674701575e-02,6.1948120128952365e-02,1.9454436788267306e+00,1.7055185664488219e+00
branch0_seg90,1.7246376811594217e+00,6.0598338300518285e-02,6.0598338463304126e-02,1.9193976218145858e+00,1.6828650394874303e+00
branch0_seg90,1.8260869565217419e+00,5.9280551052433635e-02,5.9280552256513346e-02,1.8636354562333439e+00,1.6338228555900474e+00
branch0_seg90,1.9275362318840585e+00,5.7842046881245335e-02,5.7842047926344217e-02,1.7837083286436952e+00,1.5633769692232518e+00
branch0_seg90,2.0289855072463787e+00,5.6155378827990585e-02,5.6155380629746857e-02,1.6760528922399764e+00,1.4684053740441678e+00
branch0_seg90,2.1304347826086989e+00,5.4144104137753710e-02,5.4144105807853948e-02,1.5509256998626457e+00,1.3580380784982002e+00
branch0_seg90,2.2318840579710155e+00,5.1804405598994720e-02,5.1804407432832711e-02,1.4195137019805120e+00,1.2422048562900467e+00
branch0_seg90,2.3333333333333357e+00,4.9213180212436140e-02,4.9213181639394372e-02,1.2981029587851245e+00,1.1353334079762782e+00
branch0_seg90,2.4347826086956559e+00,4.6526663128487245e-02,4.6526664104405757e-02,1.2039647374288391e+00,1.0526994556385374e+00
branch0_seg90,2.5362318840579725e+00,4.3966023894849146e-02,4.3966024092677664e-02,1.1535285191186240e+00,1.0088087399245897e+00
branch0_seg90,2.6376811594202927e+00,4.1791542346160754e-02,4.1791541697883662e-02,1.1596716474023641e+00,1.0150018035506214e+00
branch0_seg90,2.7391304347826093e+00,4.0271636638621724e-02,4.0271635037603601e-02,1.2305723373148498e+00,1.0784453144847401e+00
branch0_seg90,2.8405797101449295e+00,3.9647897508207471e-02,3.9647895032733547e-02,1.3675176188195417e+00,1.2001994418907880e+00
branch0_seg90,2.9420289855072497e+00,4.0101950477711513e-02,4.0101947245582602e-02,1.5650341862863260e+00,1.3753445377270808e+00
branch0_seg90,3.0434782608695663e+00,4.1728238738488195e-02,4.1728234995665678e-02,1.8107497668978367e+00,1.5928678657222308e+00
branch0_seg90,3.1449275362318865e+00,4.4518181013415231e-02,4.4518177024714119e-02,2.0874161365495403e+00,1.8374640904721589e+00
branch0_seg90,3.2463768115942031e+00,4.8348501362626223e-02,4.8348497521163825e-02,2.3716247673439792e+00,2.0883996452499956e+00
branch0_seg90,3.3478260869565233e+00,5.2996323288312941e-02,5.2996319798403850e-02,2.6427162517931713e+00,2.3274146719982598e+00
branch0_seg90,3.4492753623188435e+00,5.8155730235023156e-02,5.8155727507847178e-02,2.8772055796889942e+00,2.5337700083004360e+00
branch0_seg90,3.5507246376811601e+00,6.3468734986808023e-02,6.3468733099500990e-02,3.0582586437303640e+00,2.6926469070324193e+00
branch0_seg90,3.6521739130434803e+00,6.8561567971172771e-02,6.8561567148476277e-02,3.1725272882089990e+00,2.7923261700134434e+00
branch0_seg90,3.7536231884058004e+00,7.3082939886468315e-02,7.3082940051989717e-02,3.2147211885700826e+00,2.8282322341567214e+00
branch0_seg90,3.8550724637681171e+00,7.6738067020281756e-02,7.6738068161023923e-02,3.1855476884790179e+00,2.8010936318606521e+00
branch0_seg90,3.9565217391304373e+00,7.9322569992360495e-02,7.9322571830797092e-02,3.0950644678953445e+00,2.7199064447331085e+00
branch0_seg90,4.0579710144927574e+00,8.0735015245323283e-02,8.0735017657390329e-02,2.9554621236061678e+00,2.5955248742103203e+00
branch0_seg90,4.1594202898550776e+00,8.0984726410774172e-02,8.0984729001039757e-02,2.7858024514867261e+00,2.4448633824776591e+00
branch0_seg90,4.2608695652173907e+00,8.0183328270310980e-02,8.0183330882208345e-02,2.6040926575868291e+00,2.2838657841630829e+00
branch0_seg90,4.3623188405797109e+00,7.8525391753976770e-02,7.8525394061510115e-02,2.4289363696139632e+00,2.1289766352808805e+00
branch0_seg90,4.4637681159420310e+00,7.6259950904215237e-02,7.6259952810100895e-02,2.2747683633625826e+00,1.9929222293530102e+00
branch0_seg90,4.5652173913043512e+00,7.3656169565821938e-02,7.3656170934846471e-02,2.1515589282710712e+00,1.8844594410286275e+00
branch0_seg90,4.6666666666666714e+00,7.0971080950916421e-02,7.0971081796909710e-02,2.0639780916372805e+00,1.8076454279390679e+00
branch0_seg90,4.7681159420289845e+00,6.8414459677917275e-02,6.8414460110979902e-02,2.0089131229587265e+00,1.7596459800661886e+00
branch0_seg90,4.8695652173913047e+00,6.6129330430123215e-02,6.6129330537987654e-02,1.9804133303445419e+00,1.7351310189738931e+00
branch0_seg90,4.9710144927536248e+00,6.4178065179518101e-02,6.4178065218393768e-02,1.9664656595815593e+00,1.7234174834764242e+00
branch0_seg90,5.0724637681159450e+00,6.2542697167139338e-02,6.2542697257322630e-02,1.9548693051525419e+00,1.7136830308324631e+00
branch0_seg90,5.1739130434782652e+00,6.1136286216945460e-02,6.1136286587080278e-02,1.9325642883409810e+00,1.6943663827252400e+00
branch0_seg90,5.2753623188405783e+00,5.9824254557648490e-02,5.9824255275004345e-02,1.8895831424472889e+00,1.6566670390282219e+00
branch0_seg90,5.3768115942028984e+00,5.8452489486999396e-02,5.8452490630861255e-02,1.8196897107204526e+00,1.5951028888494185e+00
branch0_seg90,5.4782608695652186e+00,5.6879720111563614e-02,5.6879721604220050e-02,1.7227213245952333e+00,1.5095776510417971e+00
branch0_seg90,5.5797101449275388e+00,5.5005764385973613e-02,5.5005766139654938e-02,1.6034906275708962e+00,1.4043968308370460e+00
branch0_seg90,5.6811594202898590e+00,5.2795399959456639e-02,5.2795401751461843e-02,1.4728703033062949e+00,1.2892220833945081e+00
branch0_seg90,5.7826086956521792e+00,5.0292209983361848e-02,5.0292211607741347e-02,1.3453305797094373e+00,1.1768811886080928e+00
branch0_seg90,5.8840579710144922e+00,4.7621095049502661e-02,4.7621096237189589e-02,1.2379686954602660e+00,1.0825056537071922e+00
branch0_seg90,5.9855072463768124e+00,4.4979202675778686e-02,4.4979203212363913e-02,1.1678914663958133e+00,1.0212109595751615e+00
branch0_seg90,6.0869565217391326e+00,4.2614493588389868e-02,4.2614493296975538e-02,1.1496875366448021e+00,1.0058603054188562e+00
branch0_seg90,6.1884057971014528e+00,4.0796093813732746e-02,4.0796092602932432e-02,1.1935812470692759e+00,1.0454363482480922e+00
branch0_seg90,6.2898550724637730e+00,3.9780783468128245e-02,3.9780781336138167e-02,1.3038846835515994e+00,1.1436786881171639e+00
branch0_seg90,6.3913043478260860e+00,3.9778345867339734e-02,3.9778342922251790e-02,1.4777992545319762e+00,1.2980320900629720e+00
branch0_seg90,6.4927536231884062e+00,4.0921528132008077e-02,4.0921524563764203e-02,1.7057432544396511e+00,1.4999473706555875e+00
branch0_seg90,6.5942028985507264e+00,4.3244747005889886e-02,4.3244743084239354e-02,1.9720849410052366e+00,1.7355392934464595e+00
branch0_seg90,6.6956521739130466e+00,4.6672663710517447e-02,4.6672659755122255e-02,2.2563539936452437e+00,1.9866656290801137e+00
branch0_seg90,6.7971014492753667e+00,5.1019655041234208e-02,5.1019651395909027e-02,2.5350420138405734e+00,2.2325253574756339e+00
branch0_seg90,6.8985507246376869e+00,5.6011521222397255e-02,5.6011518124001222e-02,2.7873478087172261e+00,2.4547503341218944e+00
branch0_seg90,7.0000000000000000e+00,6.1306953283044710e-02,6.1306951065036808e-02,2.9917228134508016e+00,2.6343320706388096e+00
branch0_seg91,0.0000000000000000e+00,6.1306951065036669e-02,6.1306949092797020e-02,2.6343320706388860e+00,2.2927610713760633e+00
branch0_seg91,1.0144927536232018e-01,6.5110200785435557e-02,6.5110211197239865e-02,2.3420930829334212e+00,2.0355836416490618e+00
branch0_seg91,2.0289855072464036e-01,7.0718910866743867e-02,7.0718876021690011e-02,3.3149299284708849e+00,2.8868105890932645e+00
branch0_seg91,3.0434782608695699e-01,7.4599229623679278e-02,7.4599283264252234e-02,2.3779696634036465e+00,2.0644995539719626e+00
branch0_seg91,4.0579710144927716e-01,7.7957419719412294e-02,7.7957359984378125e-02,3.1099235637920817e+00,2.7051602344897416e+00
branch0_seg91,5.0724637681159734e-01,8.0044107445370799e-02,8.0044168519572384e-02,2.4490232592715673e+00,2.1253336178660756e+00
branch0_seg91,6.0869565217391397e-01,8.0960371408400941e-02,8.0960322889141470e-02,2.6714214332507833e+00,2.3199804916590514e+00
branch0_seg91,7.1014492753623415e-01,8.0789874471697901e-02,8.0789916699242903e-02,2.3070187192343026e+00,2.0006626918162564e+00
branch0_seg91,8.1159420289855433e-01,7.9584749048425538e-02,7.9584722395228916e-02,2.2520781730798483e+00,1.9527788848304808e+00
branch0_seg91,9.1304347826087096e-01,7.7668867321752974e-02,7.7668888864927704e-02,2.0601395908616573e+00,1.7850931105011709e+00
branch0_seg91,1.0144927536231911e+00,7.5216894706394130e-02,7.5216883833775408e-02,1.9441561760811721e+00,1.6840501409019792e+00
branch0_seg91,1.1159420289855078e+00,7.2561611065129830e-02,7.2561619351472192e-02,1.8547690100892213e+00,1.6064375767917236e+00
branch0_seg91,1.2173913043478279e+00,6.9900440296014943e-02,6.9900437006858870e-02,1.7784271662099100e+00,1.5402130098194160e+00
branch0_seg91,1.3188405797101481e+00,6.7445413881382976e-02,6.7445415899903119e-02,1.7529967984946644e+00,1.5185940634310811e+00
branch0_seg91,1.4202898550724647e+00,6.5291703214198013e-02,6.5291702643060098e-02,1.7250466809303986e+00,1.4946615373425616e+00
branch0_seg91,1.5217391304347849e+00,6.3476607152589778e-02,6.3476607178338321e-02,1.7229573917403298e+00,1.4933222374760509e+00
branch0_seg91,1.6231884057971016e+00,6.1948120128952365e-02,6.1948120531191003e-02,1.7055185664488219e+00,1.4784416843165478e+00
branch0_seg91,1.7246376811594217e+00,6.0598338463304126e-02,6.0598338599190005e-02,1.6828650394874303e+00,1.4589481808451927e+00
branch0_seg91,1.8260869565217419e+00,5.9280552256513346e-02,5.9280553341954714e-02,1.6338228555900474e+00,1.4163120063786634e+00
branch0_seg91,1.9275362318840585e+00,5.7842047926344217e-02,5.7842048864333973e-02,1.5633769692232518e+00,1.3549483777204891e+00
branch0_seg91,2.0289855072463787e+00,5.6155380629746857e-02,5.6155382254917952e-02,1.4684053740441678e+00,1.2721525072323010e+00
branch0_seg91,2.1304347826086989e+00,5.4144105807853948e-02,5.4144107309585493e-02,1.3580380784982002e+00,1.1759484988786417e+00
branch0_seg91,2.2318840579710155e+00,5.1804407432832711e-02,5.1804409081113813e-02,1.2422048562900467e+00,1.0750410893584674e+00
branch0_seg91,2.3333333333333357e+00,4.9213181639394372e-02,4.9213182915101607e-02,1.1353334079762782e+00,9.8205596915073812e-01
branch0_seg91,2.4347826086956559e+00,4.6526664104405757e-02,4.6526664969228478e-02,1.0526994556385374e+00,9.1034149975266376e-01
branch0_seg91,2.5362318840579725e+00,4.3966024092677664e-02,4.3966024250815146e-02,1.0088087399245897e+00,8.7255321924025409e-01
branch0_seg91,2.6376811594202927e+00,4.1791541697883662e-02,4.1791541089866338e-02,1.0150018035506214e+00,8.7856240275790587e-01
branch0_seg91,2.7391304347826093e+00,4.0271635037603601e-02,4.0271633568667496e-02,1.0784453144847401e+00,9.3457919074918194e-01
branch0_seg91,2.8405797101449295e+00,3.9647895032733547e-02,3.9647892776185932e-02,1.2001994418907880e+00,1.0414686147939414e+00
branch0_seg91,2.9420289855072497e+00,4.0101947245582602e-02,4.0101944310070692e-02,1.3753445377270808e+00,1.1948698575066381e+00
branch0_seg91,3.0434782608695663e+00,4.1728234995665678e-02,4.1728231605687928e-02,1.5928678657222308e+00,1.3851045770877402e+00
branch0_seg91,3.1449275362318865e+00,4.4518177024714119e-02,4.4518173420994782e-02,1.8374640904721589e+00,1.5987590331425969e+00
branch0_seg91,3.2463768115942031e+00,4.8348497521163825e-02,4.8348494060212750e-02,2.0883996452499956e+00,1.8176920125029774e+00
branch0_seg91,3.3478260869565233e+00,5.2996319798403843e-02,5.2996316663987415e-02,2.3274146719982598e+00,2.0259571013140198e+00
branch0_seg91,3.4492753623188435e+00,5.8155727507847185e-02,5.8155725071456825e-02,2.5337700083004360e+00,2.2054570477418451e+00
branch0_seg91,3.5507246376811601e+00,6.3468733099500990e-02,6.3468731428043393e-02,2.6926469070324193e+00,2.3432980478328407e+00
branch0_seg91,3.6521739130434803e+00,6.8561567148476277e-02,6.8561566443305633e-02,2.7923261700134434e+00,2.4293078313639556e+00
branch0_seg91,3.7536231884058004e+00,7.3082940051989717e-02,7.3082940240515343e-02,2.8282322341567214e+00,2.4595698458821160e+00
branch0_seg91,3.8550724637681171e+00,7.6738068161023923e-02,7.6738069229027400e-02,2.8010936318606521e+00,2.4348020465209279e+00
branch0_seg91,3.9565217391304373e+00,7.9322571830797092e-02,7.9322573524060067e-02,2.7199064447331085e+00,2.3629449043229749e+00
branch0_seg91,4.0579710144927574e+00,8.0735017657390329e-02,8.0735019862401031e-02,2.5955248742103203e+00,2.2535401649861537e+00
branch0_seg91,4.1594202898550776e+00,8.0984729001039757e-02,8.0984731358145823e-02,2.4448633824776591e+00,2.1214116604191471e+00
branch0_seg91,4.2608695652173907e+00,8.0183330882208345e-02,8.0183333250178970e-02,2.2838657841630829e+00,1.9805050496523453e+00
branch0_seg91,4.3623188405797109e+00,7.8525394061510115e-02,7.8525396145449400e-02,2.1289766352808805e+00,1.8451823638908071e+00
branch0_seg91,4.4637681159420310e+00,7.6259952810100895e-02,7.6259954523797371e-02,1.9929222293530102e+00,1.7265319809553401e+00
branch0_seg91,4.5652173913043512e+00,7.3656170934846471e-02,7.3656172157582855e-02,1.8844594410286275e+00,1.6321573459617300e+00
branch0_seg91,4.6666666666666714e+00,7.0971081796909710e-02,7.0971082543489050e-02,1.8076454279390679e+00,1.5655458758665095e+00
branch0_seg91,4.7681159420289845e+00,6.8414460110979902e-02,6.8414460483333356e-02,1.7596459800661886e+00,1.5241570096682624e+00
branch0_seg91,4.8695652173913047e+00,6.6129330537987654e-02,6.6129330617019935e-02,1.7351310189738931e+00,1.5032804593257287e+00
branch0_seg91,4.9710144927536248e+00,6.4178065218393768e-02,6.4178065237703891e-02,1.7234174834764242e+00,1.4935354120591242e+00
branch0_seg91,5.0724637681159450e+00,6.2542697257322630e-02,6.2542697326008520e-02,1.7136830308324631e+00,1.4854404440752782e+00
branch0_seg91,5.1739130434782652e+00,6.1136286587080278e-02,6.1136286912381571e-02,1.6943663827252400e+00,1.4688849342659402e+00
branch0_seg91,5.2753623188405783e+00,5.9824255275004345e-02,5.9824255916834386e-02,1.6566670390282219e+00,1.4361908373153209e+00
branch0_seg91,5.3768115942028984e+00,5.8452490630861255e-02,5.8452491660026910e-02,1.5951028888494185e+00,1.3825941263700565e+00
branch0_seg91,5.4782608695652186e+00,5.6879721604220050e-02,5.6879722948772402e-02,1.5095776510417971e+00,1.3080481362315821e+00
branch0_seg91,5.5797101449275388e+00,5.5005766139654938e-02,5.5005767718950403e-02,1.4043968308370460e+00,1.2163536364458871e+00
branch0_seg91,5.6811594202898590e+00,5.2795401751461843e-02,5.2795403362625878e-02,1.2892220833945081e+00,1.1159888220857384e+00
branch0_seg91,5.7826086956521792e+00,5.0292211607741347e-02,5.0292213063895468e-02,1.1768811886080928e+00,1.0181861322354606e+00
branch0_seg91,5.8840579710144922e+00,4.7621096237189589e-02,4.7621097294687643e-02,1.0825056537071922e+00,9.3617553467190651e-01
branch0_seg91,5.9855072463768124e+00,4.4979203212363913e-02,4.4979203677934468e-02,1.0212109595751615e+00,8.8315375053704814e-01
branch0_seg91,6.0869565217391326e+00,4.2614493296975538e-02,4.2614493011868398e-02,1.0058603054188562e+00,8.7032972075112625e-01
branch0_seg91,6.1884057971014528e+00,4.0796092602932432e-02,4.0796091486345332e-02,1.0454363482480922e+00,9.0550537546159149e-01
branch0_seg91,6.2898550724637730e+00,3.9780781336138167e-02,3.9780779388624267e-02,1.1436786881171639e+00,9.9189018097648218e-01
branch0_seg91,6.3913043478260860e+00,3.9778342922251790e-02,3.9778340243905461e-02,1.2980320900629720e+00,1.1271884494272515e+00
branch0_seg91,6.4927536231884062e+00,4.0921524563764203e-02,4.0921521328442532e-02,1.4999473706555875e+00,1.3038709987405002e+00
branch0_seg91,6.5942028985507264e+00,4.3244743084239354e-02,4.3244739537546019e-02,1.7355392934464595e+00,1.5097574973209744e+00
branch0_seg91,6.6956521739130466e+00,4.6672659755122255e-02,4.6672656187116711e-02,1.9866656290801137e+00,1.7289653434165175e+00
branch0_seg91,6.7971014492753667e+00,5.1019651395909020e-02,5.1019648117678243e-02,2.2325253574756339e+00,1.9433107822674698e+00
branch0_seg91,6.8985507246376869e+00,5.6011518124001229e-02,5.6011515348540847e-02,2.4547503341218944e+00,2.1367662670222174e+00
branch0_seg91,7.0000000000000000e+00,6.1306951065036808e-02,6.1306949092797158e-02,2.6343320706388096e+00,2.2927610713759958e+00
branch0_seg92,0.0000000000000000e+00,6.1306949092797013e-02,6.1306947356479805e-02,2.2927610713760633e+00,1.9681452948841625e+00
branch0_seg92,1.0144927536232018e-01,6.5110211197239865e-02,6.5110220619009410e-02,2.0355836416490618e+00,1.7454280284163990e+00
branch0_seg92,2.0289855072464036e-01,7.0718876021690011e-02,7.0718844625791588e-02,2.8868105890932645e+00,2.4792313904360976e+00
branch0_seg92,3.0434782608695699e-01,7.4599283264252234e-02,7.4599331704425342e-02,2.0644995539719626e+00,1.7686405366485460e+00
branch0_seg92,4.0579710144927716e-01,7.7957359984378125e-02,7.7957306089374359e-02,2.7051602344897416e+00,2.3210627117011660e+00
branch0_seg92,5.0724637681159734e-01,8.0044168519572384e-02,8.0044223664739525e-02,2.1253336178660756e+00,1.8201543089713275e+00
branch0_seg92,6.0869565217391397e-01,8.0960322889141470e-02,8.0960279091742124e-02,2.3199804916590514e+00,1.9879806606664299e+00
branch0_seg92,7.1014492753623415e-01,8.0789916699242903e-02,8.0789954815138676e-02,2.0006626918162564e+00,1.7123916240782739e+00
branch0_seg92,8.1159420289855433e-01,7.9584722395228916e-02,7.9584698320739999e-02,1.9527788848304808e+00,1.6712415744402920e+00
branch0_seg92,9.1304347826087096e-01,7.7668888864927704e-02,7.7668908294132630e-02,1.7850931105011709e+00,1.5268713670925382e+00
branch0_seg92,1.0144927536231911e+00,7.5216883833775408e-02,7.5216873998126085e-02,1.6840501409019792e+00,1.4400717425924590e+00
branch0_seg92,1.1159420289855078e+00,7.2561619351472192e-02,7.2561626808007998e-02,1.6064375767917236e+00,1.3735843621466874e+00
branch0_seg92,1.2173913043478279e+00,6.9900437006858870e-02,6.9900434017763247e-02,1.5402130098194160e+00,1.3168918448123610e+00
branch0_seg92,1.3188405797101481e+00,6.7445415899903119e-02,6.7445417701224142e-02,1.5185940634310811e+00,1.2986941067535629e+00
branch0_seg92,1.4202898550724647e+00,6.5291702643060098e-02,6.5291702112431640e-02,1.4946615373425616e+00,1.2784246053253332e+00
branch0_seg92,1.5217391304347849e+00,6.3476607178338321e-02,6.3476607186723252e-02,1.4933222374760509e+00,1.2776084386949387e+00
branch0_seg92,1.6231884057971016e+00,6.1948120531191003e-02,6.1948120883607183e-02,1.4784416843165478e+00,1.2650417095149669e+00
branch0_seg92,1.7246376811594217e+00,6.0598338599190005e-02,6.0598338710585176e-02,1.4589481808451927e+00,1.2484640143961141e+00
branch0_seg92,1.8260869565217419e+00,5.9280553341954714e-02,5.9280554311382856e-02,1.4163120063786634e+00,1.2118992580861183e+00
branch0_seg92,1.9275362318840585e+00,5.7842048864333973e-02,5.7842049698330796e-02,1.3549483777204891e+00,1.1591908068948118e+00
branch0_seg92,2.0289855072463787e+00,5.6155382254917952e-02,5.6155383707332508e-02,1.2721525072323010e+00,1.0880253558030579e+00
branch0_seg92,2.1304347826086989e+00,5.4144107309585493e-02,5.4144108647384177e-02,1.1759484988786417e+00,1.0053445216321568e+00
branch0_seg92,2.2318840579710155e+00,5.1804409081113813e-02,5.1804410548814551e-02,1.0750410893584674e+00,9.1866335463913773e-01
branch0_seg92,2.3333333333333357e+00,4.9213182915101607e-02,4.9213184044690772e-02,9.8205596915073812e-01,8.3886686376569586e-01
branch0_seg92,2.4347826086956559e+00,4.6526664969228478e-02,4.6526665727856992e-02,9.1034149975266376e-01,7.7744983594536976e-01
branch0_seg92,2.5362318840579725e+00,4.3966024250815146e-02,4.3966024373383178e-02,8.7255321924025409e-01,7.4529675802288242e-01
branch0_seg92,2.6376811594202927e+00,4.1791541089866338e-02,4.1791540524955928e-02,8.7856240275790587e-01,7.5088199233289521e-01
branch0_seg92,2.7391304347826093e+00,4.0271633568667496e-02,4.0271632232894802e-02,9.3457919074918194e-01,7.9951768260068823e-01
branch0_seg92,2.8405797101449295e+00,3.9647892776185932e-02,3.9647890737554890e-02,1.0414686147939414e+00,8.9190686426548982e-01
branch0_seg92,2.9420289855072497e+00,4.0101944310070692e-02,4.0101941667890918e-02,1.1948698575066381e+00,1.0242518573769148e+00
branch0_seg92,3.0434782608695663e+00,4.1728231605687928e-02,4.1728228563047025e-02,1.3851045770877402e+00,1.1881802335731220e+00
branch0_seg92,3.1449275362318865e+00,4.4518173420994782e-02,4.4518170194763271e-02,1.5987590331425969e+00,1.3721132347346001e+00
branch0_seg92,3.2463768115942031e+00,4.8348494060212743e-02,4.8348490970799428e-02,1.8176920125029774e+00,1.5604117183710409e+00
branch0_seg92,3.3478260869565233e+00,5.2996316663987422e-02,5.2996313875153633e-02,2.0259571013140198e+00,1.7393493471372574e+00
branch0_seg92,3.4492753623188435e+00,5.8155725071456825e-02,5.8155722915783775e-02,2.2054570477418451e+00,1.8933585486402362e+00
branch0_seg92,3.5507246376811601e+00,6.3468731428043393e-02,6.3468729962856810e-02,2.3432980478328407e+00,2.0113737267920686e+00
branch0_seg92,3.6521739130434803e+00,6.8561566443305633e-02,6.8561565847293712e-02,2.4293078313639556e+00,2.0846824415898908e+00
branch0_seg92,3.7536231884058004e+00,7.3082940240515357e-02,7.3082940445378872e-02,2.4595698458821160e+00,2.1099690194465954e+00
branch0_seg92,3.8550724637681171e+00,7.6738069229027400e-02,7.6738070219736151e-02,2.4348020465209279e+00,2.0879088131304862e+00
branch0_seg92,3.9565217391304373e+00,7.9322573524060067e-02,7.9322575069799395e-02,2.3629449043229749e+00,2.0253954662869069e+00
branch0_seg92,4.0579710144927574e+00,8.0735019862401031e-02,8.0735021860229753e-02,2.2535401649861537e+00,1.9306858568009200e+00
branch0_seg92,4.1594202898550776e+00,8.0984731358145823e-02,8.0984733483880939e-02,2.1214116604191471e+00,1.8165757010026455e+00
branch0_seg92,4.2608695652173907e+00,8.0183333250178970e-02,8.0183335377598364e-02,1.9805050496523453e+00,1.6950833535534702e+00
branch0_seg92,4.3623188405797109e+00,7.8525396145449400e-02,7.8525398010221070e-02,1.8451823638908071e+00,1.5785707400086733e+00
branch0_seg92,4.4637681159420310e+00,7.6259954523797371e-02,7.6259956050306818e-02,1.7265319809553401e+00,1.4765636385907934e+00
branch0_seg92,4.5652173913043512e+00,7.3656172157582855e-02,7.3656173239101355e-02,1.6321573459617300e+00,1.3955755537362300e+00
branch0_seg92,4.6666666666666714e+00,7.0971082543489050e-02,7.0971083195407500e-02,1.5655458758665095e+00,1.3385692854942852e+00
branch0_seg92,4.7681159420289845e+00,6.8414460483333342e-02,6.8414460799175653e-02,1.5241570096682624e+00,1.3033127018808135e+00
branch0_seg92,4.8695652173913047e+00,6.6129330617019949e-02,6.6129330670730721e-02,1.5032804593257287e+00,1.2857131804207158e+00
branch0_seg92,4.9710144927536248e+00,6.4178065237703891e-02,6.4178065240365317e-02,1.4935354120591242e+00,1.2776611208896929e+00
branch0_seg92,5.0724637681159450e+00,6.2542697326008520e-02,6.2542697375668505e-02,1.4854404440752782e+00,1.2709748885305718e+00
branch0_seg92,5.1739130434782652e+00,6.1136286912381571e-02,6.1136287195181042e-02,1.4688849342659402e+00,1.2569424130463327e+00
branch0_seg92,5.2753623188405783e+00,5.9824255916834386e-02,5.9824256485611106e-02,1.4361908373153209e+00,1.2289602626025879e+00
branch0_seg92,5.3768115942028984e+00,5.8452491660026910e-02,5.8452492577406923e-02,1.3825941263700565e+00,1.1829442207167129e+00
branch0_seg92,5.4782608695652186e+00,5.6879722948772402e-02,5.6879724148738375e-02,1.3080481362315821e+00,1.1188799524394255e+00
branch0_seg92,5.5797101449275388e+00,5.5005767718950403e-02,5.5005769128065846e-02,1.2163536364458871e+00,1.0400669541463199e+00
branch0_seg92,5.6811594202898590e+00,5.2795403362625878e-02,5.2795404797729442e-02,1.1159888220857384e+00,9.5383055625118762e-01
branch0_seg92,5.7826086956521792e+00,5.0292213063895468e-02,5.0292214356943032e-02,1.0181861322354606e+00,8.6985930619671148e-01
branch0_seg92,5.8840579710144922e+00,4.7621097294687643e-02,4.7621098227049991e-02,9.3617553467190651e-01,7.9955122992428196e-01
branch0_seg92,5.9855072463768124e+00,4.4979203677934468e-02,4.4979204076995453e-02,8.8315375053704814e-01,7.5426258004343805e-01
branch0_seg92,6.0869565217391326e+00,4.2614493011868398e-02,4.2614492736495486e-02,8.7032972075112625e-01,7.4362445730608506e-01
branch0_seg92,6.1884057971014528e+00,4.0796091486345332e-02,4.0796090465824247e-02,9.0550537546159149e-01,7.7432312622970245e-01
branch0_seg92,6.2898550724637730e+00,3.9780779388624267e-02,3.9780777625459986e-02,9.9189018097648218e-01,8.4908262961850900e-01
branch0_seg92,6.3913043478260860e+00,3.9778340243905461e-02,3.9778337829952423e-02,1.1271884494272515e+00,9.6588308217052699e-01
branch0_seg92,6.4927536231884062e+00,4.0921521328442532e-02,4.0921518421422068e-02,1.3038709987405002e+00,1.1182004613056100e+00
branch0_seg92,6.5942028985507264e+00,4.3244739537546019e-02,4.3244736359085115e-02,1.5097574973209744e+00,1.2955131218677800e+00
branch0_seg92,6.6956521739130466e+00,4.6672656187116711e-02,4.6672652998054676e-02,1.7289653434165175e+00,1.4841230327226183e+00
branch0_seg92,6.7971014492753667e+00,5.1019648117678243e-02,5.1019645196947301e-02,1.9433107822674698e+00,1.6683656248322496e+00
branch0_seg92,6.8985507246376869e+00,5.6011515348540847e-02,5.6011512885907409e-02,2.1367662670222174e+00,1.8344540514931349e+00
branch0_seg92,7.0000000000000000e+00,6.1306949092797158e-02,6.1306947356479943e-02,2.2927610713759958e+00,1.9681452948841041e+00
branch0_seg93,0.0000000000000000e+00,6.1306947356479805e-02,6.1306945858116142e-02,1.9681452948841625e+00,1.6586785030459703e+00
branch0_seg93,1.0144927536232018e-01,6.5110220619009410e-02,6.5110228999156139e-02,1.7454280284163990e+00,1.4698857782486370e+00
branch0_seg93,2.0289855072464036e-01,7.0718844625791588e-02,7.0718816829868011e-02,2.4792313904360976e+00,2.0900520805171539e+00
branch0_seg93,3.0434782608695699e-01,7.4599331704425342e-02,7.4599374694504519e-02,1.7686405366485460e+00,1.4885522145089412e+00
branch0_seg93,4.0579710144927716e-01,7.7957306089374359e-02,7.7957258304475432e-02,2.3210627117011660e+00,1.9555001808447465e+00
branch0_seg93,5.0724637681159734e-01,8.0044223664739525e-02,8.0044272598111060e-02,1.8201543089713275e+00,1.5315751301586296e+00
branch0_seg93,6.0869565217391397e-01,8.0960279091742124e-02,8.0960240238729039e-02,1.9879806606664299e+00,1.6734224440157557e+00
branch0_seg93,7.1014492753623415e-01,8.0789954815138676e-02,8.0789988626231143e-02,1.7123916240782739e+00,1.4403399691439571e+00
branch0_seg93,8.1159420289855433e-01,7.9584698320739986e-02,7.9584676949247271e-02,1.6712415744402920e+00,1.4056268022887159e+00
branch0_seg93,9.1304347826087096e-01,7.7668908294132630e-02,7.7668925513840109e-02,1.5268713670925382e+00,1.2837213166621457e+00
branch0_seg93,1.0144927536231911e+00,7.5216873998126085e-02,7.5216865252183185e-02,1.4400717425924590e+00,1.2105276445622970e+00
branch0_seg93,1.1159420289855078e+00,7.2561626808007998e-02,7.2561633400995251e-02,1.3735843621466874e+00,1.1545726929562912e+00
branch0_seg93,1.2173913043478279e+00,6.9900434017763247e-02,6.9900431346577072e-02,1.3168918448123610e+00,1.1068770812867070e+00
branch0_seg93,1.3188405797101481e+00,6.7445417701224142e-02,6.7445419279799620e-02,1.2986941067535629e+00,1.0917433639072618e+00
branch0_seg93,1.4202898550724647e+00,6.5291702112431640e-02,6.5291701627046103e-02,1.2784246053253332e+00,1.0748125825851396e+00
branch0_seg93,1.5217391304347849e+00,6.3476607186723252e-02,6.3476607180237510e-02,1.2776084386949387e+00,1.0743118865920518e+00
branch0_seg93,1.6231884057971016e+00,6.1948120883607183e-02,6.1948121185894441e-02,1.2650417095149669e+00,1.0638360462527421e+00
branch0_seg93,1.7246376811594217e+00,6.0598338710585176e-02,6.0598338798781563e-02,1.2484640143961141e+00,1.0499520844896693e+00
branch0_seg93,1.8260869565217419e+00,5.9280554311382856e-02,5.9280555161388485e-02,1.2118992580861183e+00,1.0191553594246121e+00
branch0_seg93,1.9275362318840585e+00,5.7842049698330796e-02,5.7842050426100279e-02,1.1591908068948118e+00,9.7471542223815644e-01
branch0_seg93,2.0289855072463787e+00,5.6155383707332508e-02,5.6155384981814965e-02,1.0880253558030579e+00,9.1468714964143794e-01
branch0_seg93,2.1304347826086989e+00,5.4144108647384177e-02,5.4144109817195918e-02,1.0053445216321568e+00,8.4495091399365063e-01
branch0_seg93,2.2318840579710155e+00,5.1804410548814551e-02,5.1804411831553807e-02,9.1866335463913773e-01,7.7186418884655328e-01
branch0_seg93,2.3333333333333357e+00,4.9213184044690772e-02,4.9213185025789356e-02,8.3886686376569586e-01,7.0462687712714434e-01
branch0_seg93,2.4347826086956559e+00,4.6526665727856992e-02,4.6526666379804606e-02,7.7744983594536976e-01,6.5294691580703634e-01
branch0_seg93,2.5362318840579725e+00,4.3966024373383178e-02,4.3966024462849487e-02,7.4529675802288242e-01,6.2600905105460625e-01
branch0_seg93,2.6376811594202927e+00,4.1791540524955928e-02,4.1791540008487588e-02,7.5088199233289521e-01,6.3095561590263816e-01
branch0_seg93,2.7391304347826093e+00,4.0271632232894802e-02,4.0271631038586518e-02,7.9951768260068823e-01,6.7225291441184454e-01
branch0_seg93,2.8405797101449295e+00,3.9647890737554883e-02,3.9647888927484054e-02,8.9190686426548982e-01,7.5047120759166230e-01
branch0_seg93,2.9420289855072497e+00,4.0101941667890925e-02,4.0101939331333686e-02,1.0242518573769148e+00,8.6237940961786308e-01
branch0_seg93,3.0434782608695663e+00,4.1728228563047018e-02,4.1728225880577063e-02,1.1881802335731220e+00,1.0008854063067496e+00
branch0_seg93,3.1449275362318865e+00,4.4518170194763271e-02,4.4518167358350402e-02,1.3721132347346001e+00,1.1561950722302974e+00
branch0_seg93,3.2463768115942031e+00,4.8348490970799428e-02,4.8348488263327383e-02,1.5604117183710409e+00,1.3150911375388747e+00
branch0_seg93,3.3478260869565233e+00,5.2996313875153633e-02,5.2996311439860985e-02,1.7393493471372574e+00,1.4659845204507869e+00
branch0_seg93,3.4492753623188435e+00,5.8155722915783768e-02,5.8155721045067124e-02,1.8933585486402362e+00,1.5957372067082565e+00
branch0_seg93,3.5507246376811601e+00,6.3468729962856810e-02,6.3468728704640404e-02,2.0113737267920686e+00,1.6950249399333626e+00
branch0_seg93,3.6521739130434803e+00,6.8561565847293712e-02,6.8561565357169924e-02,2.0846824415898908e+00,1.7565160053190638e+00
branch0_seg93,3.7536231884058004e+00,7.3082940445378858e-02,7.3082940660124385e-02,2.1099690194465954e+00,1.7774417609535091e+00
branch0_seg93,3.8550724637681171e+00,7.6738070219736151e-02,7.6738071123938142e-02,2.0879088131304862e+00,1.7584041488333397e+00
branch0_seg93,3.9565217391304373e+00,7.9322575069799395e-02,7.9322576457438038e-02,2.0253954662869069e+00,1.7052559914931873e+00
branch0_seg93,4.0579710144927574e+00,8.0735021860229753e-02,8.0735023639540590e-02,1.9306858568009200e+00,1.6249927744067787e+00
branch0_seg93,4.1594202898550776e+00,8.0984733483880939e-02,8.0984735367728738e-02,1.8165757010026455e+00,1.5284378943553905e+00
branch0_seg93,4.2608695652173907e+00,8.0183335377598364e-02,8.0183337255215356e-02,1.6950833535534702e+00,1.4257466041583362e+00
branch0_seg93,4.3623188405797109e+00,7.8525398010221070e-02,7.8525399648888938e-02,1.5785707400086733e+00,1.3273560363460832e+00
branch0_seg93,4.4637681159420310e+00,7.6259956050306818e-02,7.6259957385046373e-02,1.4765636385907934e+00,1.2412986141120601e+00
branch0_seg93,4.5652173913043512e+00,7.3656173239101355e-02,7.3656174177362269e-02,1.3955755537362300e+00,1.1730564359594207e+00
branch0_seg93,4.6666666666666714e+00,7.0971083195407500e-02,7.0971083752774319e-02,1.3385692854942852e+00,1.1251093591875925e+00
branch0_seg93,4.7681159420289845e+00,6.8414460799175653e-02,6.8414461060052500e-02,1.3033127018808135e+00,1.0955475586494083e+00
branch0_seg93,4.8695652173913047e+00,6.6129330670730735e-02,6.6129330701585859e-02,1.2857131804207158e+00,1.0808943230465433e+00
branch0_seg93,4.9710144927536248e+00,6.4178065240365303e-02,6.4178065228656392e-02,1.2776611208896929e+00,1.0742831600832938e+00
branch0_seg93,5.0724637681159450e+00,6.2542697375668505e-02,6.2542697407962755e-02,1.2709748885305718e+00,1.0687948700358010e+00
branch0_seg93,5.1739130434782652e+00,6.1136287195181042e-02,6.1136287435717869e-02,1.2569424130463327e+00,1.0570686407666676e+00
branch0_seg93,5.2753623188405783e+00,5.9824256485611106e-02,5.9824256980076117e-02,1.2289602626025879e+00,1.0335322300402636e+00
branch0_seg93,5.3768115942028984e+00,5.8452492577406923e-02,5.8452493380126480e-02,1.1829442207167129e+00,9.9474650899791273e-01
branch0_seg93,5.4782608695652186e+00,5.6879724148738375e-02,5.6879725200127018e-02,1.1188799524394255e+00,9.4071378680969975e-01
branch0_seg93,5.5797101449275388e+00,5.5005769128065846e-02,5.5005770362366695e-02,1.0400669541463199e+00,8.7423545572177952e-01
branch0_seg93,5.6811594202898590e+00,5.2795404797729442e-02,5.2795406052429689e-02,9.5383055625118762e-01,8.0151175922452622e-01
branch0_seg93,5.7826086956521792e+00,5.0292214356943032e-02,5.0292215483588060e-02,8.6985930619671148e-01,7.3073402264334020e-01
branch0_seg93,5.8840579710144922e+00,4.7621098227049991e-02,4.7621099032938867e-02,7.9955122992428196e-01,6.7153132778557845e-01
branch0_seg93,5.9855072463768124e+00,4.4979204076995453e-02,4.4979204410763828e-02,7.5426258004343805e-01,6.3349011282598555e-01
branch0_seg93,6.0869565217391326e+00,4.2614492736495486e-02,4.2614492475016322e-02,7.4362445730608506e-01,6.2473230767777088e-01
branch0_seg93,6.1884057971014528e+00,4.0796090465824247e-02,4.0796089548494154e-02,7.7432312622970245e-01,6.5088664722931255e-01
branch0_seg93,6.2898550724637730e+00,3.9780777625459986e-02,3.9780776056418742e-02,8.4908262961850900e-01,7.1423138859841639e-01
branch0_seg93,6.3913043478260860e+00,3.9778337829952423e-02,3.9778335692118749e-02,9.6588308217052699e-01,8.1303654789907620e-01
branch0_seg93,6.4927536231884062e+00,4.0921518421422068e-02,4.0921515855456406e-02,1.1182004613056100e+00,9.4176972858552199e-01
branch0_seg93,6.5942028985507264e+00,4.3244736359085115e-02,4.3244733561515335e-02,1.2955131218677800e+00,1.0915267439410008e+00
branch0_seg93,6.6956521739130466e+00,4.6672652998054676e-02,4.6672650199315199e-02,1.4841230327226183e+00,1.2507274841960145e+00
branch0_seg93,6.7971014492753667e+00,5.1019645196947301e-02,5.1019642642674730e-02,1.6683656248322496e+00,1.4061394855925822e+00
branch0_seg93,6.8985507246376869e+00,5.6011512885907409e-02,5.6011510742049631e-02,1.8344540514931349e+00,1.5461277753661713e+00
branch0_seg93,7.0000000000000000e+00,6.1306947356479943e-02,6.1306945858116281e-02,1.9681452948841041e+00,1.6586785030459203e+00
branch0_seg94,0.0000000000000000e+00,6.1306945858116142e-02,6.1306944599671238e-02,1.6586785030459703e+00,1.3625011220667611e+00
branch0_seg94,1.0144927536232018e-01,6.5110228999156139e-02,6.5110236290069207e-02,1.4698857782486370e+00,1.2071254560311482e+00
branch0_seg94,2.0289855072464036e-01,7.0718816829868011e-02,7.0718792773405523e-02,2.0900520805171539e+00,1.7170258103547937e+00
branch0_seg94,3.0434782608695699e-01,7.4599374694504519e-02,7.4599412003848842e-02,1.4885522145089412e+00,1.2222233162661658e+00
branch0_seg94,4.0579710144927716e-01,7.7957258304475432e-02,7.7957216879277882e-02,1.9555001808447465e+00,1.6061616420733096e+00
branch0_seg94,5.0724637681159734e-01,8.0044272598111060e-02,8.0044315058491328e-02,1.5315751301586296e+00,1.2574641293641742e+00
branch0_seg94,6.0869565217391397e-01,8.0960240238729039e-02,8.0960206535690707e-02,1.6734224440157557e+00,1.3740823039243393e+00
branch0_seg94,7.1014492753623415e-01,8.0789988626231143e-02,8.0790017954066762e-02,1.4403399691439571e+00,1.1824084721103896e+00
branch0_seg94,8.1159420289855433e-01,7.9584676949247271e-02,7.9584658395534663e-02,1.4056268022887159e+00,1.1538723068048378e+00
branch0_seg94,9.1304347826087096e-01,7.7668925513840109e-02,7.7668940435746972e-02,1.2837213166621457e+00,1.0536800963868944e+00
branch0_seg94,1.0144927536231911e+00,7.5216865252183185e-02,7.5216857644614540e-02,1.2105276445622970e+00,9.9353485281737608e-01
branch0_seg94,1.1159420289855078e+00,7.2561633400995251e-02,7.2561639099197550e-02,1.1545726929562912e+00,9.4759773663366997e-01
branch0_seg94,1.2173913043478279e+00,6.9900431346577072e-02,6.9900429009744788e-02,1.1068770812867070e+00,9.0843498943826484e-01
branch0_seg94,1.3188405797101481e+00,6.7445419279799620e-02,6.7445420630452307e-02,1.0917433639072618e+00,8.9606070702280660e-01
branch0_seg94,1.4202898550724647e+00,6.5291701627046103e-02,6.5291701191245818e-02,1.0748125825851396e+00,8.8219090426465074e-01
branch0_seg94,1.5217391304347849e+00,6.3476607180237510e-02,6.3476607161148710e-02,1.0743118865920518e+00,8.8183095356140895e-01
branch0_seg94,1.6231884057971016e+00,6.1948121185894441e-02,6.1948121437749713e-02,1.0638360462527421e+00,8.7325530887459890e-01
branch0_seg94,1.7246376811594217e+00,6.0598338798781563e-02,6.0598338864948538e-02,1.0499520844896693e+00,8.6187406573677017e-01
branch0_seg94,1.8260869565217419e+00,5.9280555161388485e-02,5.9280555888803599e-02,1.0191553594246121e+00,8.3658081420239638e-01
branch0_seg94,1.9275362318840585e+00,5.7842050426100279e-02,5.7842051045554503e-02,9.7471542223815644e-01,8.0007063034698722e-01
branch0_seg94,2.0289855072463787e+00,5.6155384981814965e-02,5.6155386073559688e-02,9.1468714964143794e-01,7.5074634427970099e-01
branch0_seg94,2.1304347826086989e+00,5.4144109817195918e-02,5.4144110815246498e-02,8.4495091399365063e-01,6.9344668084142214e-01
branch0_seg94,2.2318840579710155e+00,5.1804411831553807e-02,5.1804412925253979e-02,7.7186418884655328e-01,6.3340041032530614e-01
branch0_seg94,2.3333333333333357e+00,4.9213185025789356e-02,4.9213185856174603e-02,7.0462687712714434e-01,5.7817181429930442e-01
branch0_seg94,2.4347826086956559e+00,4.6526666379804606e-02,4.6526666924592869e-02,6.5294691580703634e-01,5.3574104173342108e-01
branch0_seg94,2.5362318840579725e+00,4.3966024462849487e-02,4.3966024521468902e-02,6.2600905105460625e-01,5.1365592606000265e-01
branch0_seg94,2.6376811594202927e+00,4.1791540008487588e-02,4.1791539545370862e-02,6.3095561590263816e-01,5.1778365499745538e-01
branch0_seg94,2.7391304347826093e+00,4.0271631038586518e-02,4.0271629993399019e-02,6.7225291441184454e-01,5.5179011760676433e-01
branch0_seg94,2.8405797101449295e+00,3.9647888927484054e-02,3.9647887355802040e-02,7.5047120759166230e-01,6.1613776286878008e-01
branch0_seg94,2.9420289855072497e+00,4.0101939331333686e-02,4.0101937311758561e-02,8.6237940961786308e-01,7.0816417650444496e-01
branch0_seg94,3.0434782608695663e+00,4.1728225880577063e-02,4.1728223570151830e-02,1.0008854063067496e+00,8.2203390492189632e-01
branch0_seg94,3.1449275362318865e+00,4.4518167358350402e-02,4.4518164923179539e-02,1.1561950722302974e+00,9.4969201227654898e-01
branch0_seg94,3.2463768115942031e+00,4.8348488263327383e-02,4.8348485947456138e-02,1.3150911375388747e+00,1.0802713824103369e+00
branch0_seg94,3.3478260869565233e+00,5.2996311439860985e-02,5.2996309365527725e-02,1.4659845204507869e+00,1.2042466896292665e+00
branch0_seg94,3.4492753623188435e+00,5.8155721045067124e-02,5.8155719463304764e-02,1.5957372067082565e+00,1.3108209928347974e+00
branch0_seg94,3.5507246376811601e+00,6.3468728704640404e-02,6.3468727654132556e-02,1.6950249399333626e+00,1.3923353124279407e+00
branch0_seg94,3.6521739130434803e+00,6.8561565357169924e-02,6.8561564970008218e-02,1.7565160053190638e+00,1.4427699081802141e+00
branch0_seg94,3.7536231884058004e+00,7.3082940660124385e-02,7.3082940878876790e-02,1.7774417609535091e+00,1.4598572162489629e+00
branch0_seg94,3.8550724637681171e+00,7.6738071123938142e-02,7.6738071933196123e-02,1.7584041488333397e+00,1.4441003284699174e+00
branch0_seg94,3.9565217391304373e+00,7.9322576457438038e-02,7.9322577677254605e-02,1.7052559914931873e+00,1.4003183777420243e+00
branch0_seg94,4.0579710144927574e+00,8.0735023639540590e-02,8.0735025189883680e-02,1.6249927744067787e+00,1.3342675586113932e+00
branch0_seg94,4.1594202898550776e+00,8.0984735367728738e-02,8.0984736999969345e-02,1.5284378943553905e+00,1.2548492564277973e+00
branch0_seg94,4.2608695652173907e+00,8.0183337255215356e-02,8.0183338874455320e-02,1.4257466041583362e+00,1.1704126566389337e+00
branch0_seg94,4.3623188405797109e+00,7.8525399648888938e-02,7.8525401054999847e-02,1.3273560363460832e+00,1.0895364516902029e+00
branch0_seg94,4.4637681159420310e+00,7.6259957385046373e-02,7.6259958523727120e-02,1.2412986141120601e+00,1.0188201864575239e+00
branch0_seg94,4.5652173913043512e+00,7.3656174177362269e-02,7.3656174970423219e-02,1.1730564359594207e+00,9.6276526755951708e-01
branch0_seg94,4.6666666666666714e+00,7.0971083752774319e-02,7.0971084215635138e-02,1.1251093591875925e+00,9.2340429541429769e-01
branch0_seg94,4.7681159420289845e+00,6.8414461060052500e-02,6.8414461267343046e-02,1.0955475586494083e+00,8.9916080617830407e-01
branch0_seg94,4.8695652173913047e+00,6.6129330701585859e-02,6.6129330711822684e-02,1.0808943230465433e+00,8.8717149080961721e-01
branch0_seg94,4.9710144927536248e+00,6.4178065228656392e-02,6.4178065204649221e-02,1.0742831600832938e+00,8.8178730148428308e-01
branch0_seg94,5.0724637681159450e+00,6.2542697407962755e-02,6.2542697424398802e-02,1.0687948700358010e+00,8.7731801769582696e-01
branch0_seg94,5.1739130434782652e+00,6.1136287435717869e-02,6.1136287634190885e-02,1.0570686407666676e+00,8.6771212374083151e-01
branch0_seg94,5.2753623188405783e+00,5.9824256980076117e-02,5.9824257399046475e-02,1.0335322300402636e+00,8.4839037724093080e-01
branch0_seg94,5.3768115942028984e+00,5.8452493380126480e-02,5.8452494065508384e-02,9.9474650899791273e-01,8.1652848824685720e-01
branch0_seg94,5.4782608695652186e+00,5.6879725200127018e-02,5.6879726099227486e-02,9.4071378680969975e-01,7.7213219081513573e-01
branch0_seg94,5.5797101449275388e+00,5.5005770362366695e-02,5.5005771417544230e-02,8.7423545572177952e-01,7.1750824110995715e-01
branch0_seg94,5.6811594202898590e+00,5.2795406052429689e-02,5.2795407122684677e-02,8.0151175922452622e-01,6.5775697787003695e-01
branch0_seg94,5.7826086956521792e+00,5.0292215483588060e-02,5.0292216440754697e-02,7.3073402264334020e-01,5.9961418493517160e-01
branch0_seg94,5.8840579710144922e+00,4.7621099032938867e-02,4.7621099711088431e-02,6.7153132778557845e-01,5.5099588044204684e-01
branch0_seg94,5.9855072463768124e+00,4.4979204410763828e-02,4.4979204680337129e-02,6.3349011282598555e-01,5.1978105613354897e-01
branch0_seg94,6.0869565217391326e+00,4.2614492475016322e-02,4.2614492231251890e-02,6.2473230767777088e-01,5.1264280370721527e-01
branch0_seg94,6.1884057971014528e+00,4.0796089548494154e-02,4.0796088740922019e-02,6.5088664722931255e-01,5.3420311613949223e-01
branch0_seg94,6.2898550724637730e+00,3.9780776056418742e-02,3.9780774690521832e-02,7.1423138859841639e-01,5.8632870957587235e-01
branch0_seg94,6.3913043478260860e+00,3.9778335692118749e-02,3.9778333841238529e-02,8.1303654789907620e-01,6.6759101889887051e-01
branch0_seg94,6.4927536231884062e+00,4.0921515855456406e-02,4.0921513642339785e-02,9.4176972858552199e-01,7.7343629684401338e-01
branch0_seg94,6.5942028985507264e+00,4.3244733561515335e-02,4.3244731156556651e-02,1.0915267439410008e+00,8.9654037706036316e-01
branch0_seg94,6.6956521739130466e+00,4.6672650199315199e-02,4.6672647801452069e-02,1.2507274841960145e+00,1.0273812926165125e+00
branch0_seg94,6.7971014492753667e+00,5.1019642642674730e-02,5.1019640463195542e-02,1.4061394855925822e+00,1.1550811224971522e+00
branch0_seg94,6.8985507246376869e+00,5.6011510742049631e-02,5.6011508922538852e-02,1.5461277753661713e+00,1.2700782107776420e+00
branch0_seg94,7.0000000000000000e+00,6.1306945858116281e-02,6.1306944599671377e-02,1.6586785030459203e+00,1.3625011220667202e+00
branch0_seg95,0.0000000000000000e+00,6.1306944599671238e-02,6.1306943578856674e-02,1.3625011220667611e+00,1.0792030930880507e+00
branch0_seg95,1.0144927536232018e-01,6.5110236290069207e-02,6.5110242465767881e-02,1.2071254560311482e+00,9.5668367988346237e-01
branch0_seg95,2.0289855072464036e-01,7.0718792773405523e-02,7.0718772523279447e-02,1.7170258103547937e+00,1.3596437243568174e+00
branch0_seg95,3.0434782608695699e-01,7.4599412003848842e-02,7.4599443513474556e-02,1.2222233162661658e+00,9.6906997439674636e-01
branch0_seg95,4.0579710144927716e-01,7.7957216879277882e-02,7.7957181939109513e-02,1.6061616420733096e+00,1.2724347961754083e+00
branch0_seg95,5.0724637681159734e-01,8.0044315058491328e-02,8.0044350911733939e-02,1.2574641293641742e+00,9.9716470442965455e-01
branch0_seg95,6.0869565217391397e-01,8.0960206535690707e-02,8.0960178087358545e-02,1.3740823039243393e+00,1.0892938228711626e+00
branch0_seg95,7.1014492753623415e-01,8.0790017954066762e-02,8.0790042707921131e-02,1.1824084721103896e+00,9.3792643188069902e-01
branch0_seg95,8.1159420289855433e-01,7.9584658395534663e-02,7.9584642719056603e-02,1.1538723068048378e+00,9.1532056743386381e-01
branch0_seg95,9.1304347826087096e-01,7.7668940435746972e-02,7.7668953016208922e-02,1.0536800963868944e+00,8.3611428234892393e-01
branch0_seg95,1.0144927536231911e+00,7.5216857644614540e-02,7.5216851201607468e-02,9.9353485281737608e-01,7.8848873303331224e-01
branch0_seg95,1.1159420289855078e+00,7.2561639099197550e-02,7.2561643888500185e-02,9.4759773663366997e-01,7.5208947290643680e-01
branch0_seg95,1.2173913043478279e+00,6.9900429009744788e-02,6.9900427017005412e-02,9.0843498943826484e-01,7.2102717657480309e-01
branch0_seg95,1.3188405797101481e+00,6.7445420630452307e-02,6.7445421752148696e-02,8.9606070702280660e-01,7.1113896244899655e-01
branch0_seg95,1.4202898550724647e+00,6.5291701191245818e-02,6.5291700808295022e-02,8.8219090426465074e-01,7.0007785161511593e-01
branch0_seg95,1.5217391304347849e+00,6.3476607161148710e-02,6.3476607131763396e-02,8.8183095356140895e-01,6.9970619546955637e-01
branch0_seg95,1.6231884057971016e+00,6.1948121437749713e-02,6.1948121639782631e-02,8.7325530887459890e-01,6.9285762478121904e-01
branch0_seg95,1.7246376811594217e+00,6.0598338864948538e-02,6.0598338910549450e-02,8.6187406573677017e-01,6.8380345042640656e-01
branch0_seg95,1.8260869565217419e+00,5.9280555888803599e-02,5.9280556492779725e-02,8.3658081420239638e-01,6.6376304157681454e-01
branch0_seg95,1.9275362318840585e+00,5.7842051045554503e-02,5.7842051556599688e-02,8.0007063034698722e-01,6.3485845811457597e-01
branch0_seg95,2.0289855072463787e+00,5.6155386073559688e-02,5.6155386981220884e-02,7.5074634427970099e-01,5.9582140420511820e-01
branch0_seg95,2.1304347826086989e+00,5.4144110815246498e-02,5.4144111640975885e-02,6.9344668084142214e-01,5.5046949690196678e-01
branch0_seg95,2.2318840579710155e+00,5.1804412925253979e-02,5.1804413829388926e-02,6.3340041032530614e-01,5.0293170968678402e-01
branch0_seg95,2.3333333333333357e+00,4.9213185856174603e-02,4.9213186536420372e-02,5.7817181429930442e-01,4.5918546011699946e-01
branch0_seg95,2.4347826086956559e+00,4.6526666924592869e-02,4.6526667363702250e-02,5.3574104173342108e-01,4.2554078317864219e-01
branch0_seg95,2.5362318840579725e+00,4.3966024521468902e-02,4.3966024551982619e-02,5.1365592606000265e-01,4.0796958015650769e-01
branch0_seg95,2.6376811594202927e+00,4.1791539545370862e-02,4.1791539139382897e-02,5.1778365499745538e-01,4.1111880980403132e-01
branch0_seg95,2.7391304347826093e+00,4.0271629993399019e-02,4.0271629102013970e-02,5.5179011760676433e-01,4.3789745989476719e-01
branch0_seg95,2.8405797101449295e+00,3.9647887355802040e-02,3.9647886027650632e-02,6.1613776286878008e-01,4.8868340641746588e-01
branch0_seg95,2.9420289855072497e+00,4.0101937311758561e-02,4.0101935614341132e-02,7.0816417650444496e-01,5.6138345166834813e-01
branch0_seg95,3.0434782608695663e+00,4.1728223570151830e-02,4.1728221636435137e-02,8.2203390492189632e-01,6.5139382120681666e-01
branch0_seg95,3.1449275362318865e+00,4.4518164923179539e-02,4.4518162892960095e-02,9.4969201227654898e-01,7.5235227381497671e-01
branch0_seg95,3.2463768115942031e+00,4.8348485947456138e-02,4.8348484025402871e-02,1.0802713824103369e+00,8.5566956972944053e-01
branch0_seg95,3.3478260869565233e+00,5.2996309365527725e-02,5.2996307652820908e-02,1.2042466896292665e+00,9.5381098546168841e-01
branch0_seg95,3.4492753623188435e+00,5.8155719463304764e-02,5.8155718169239506e-02,1.3108209928347974e+00,1.0382336186298491e+00
branch0_seg95,3.5507246376811601e+00,6.3468727654132556e-02,6.3468726808470266e-02,1.3923353124279407e+00,1.1028705931496592e+00
branch0_seg95,3.6521739130434803e+00,6.8561564970008218e-02,6.8561564681355089e-02,1.4427699081802141e+00,1.1429495270299885e+00
branch0_seg95,3.7536231884058004e+00,7.3082940878876790e-02,7.3082941096142870e-02,1.4598572162489629e+00,1.1566629711676792e+00
branch0_seg95,3.8550724637681171e+00,7.6738071933196123e-02,7.6738072641312355e-02,1.4441003284699174e+00,1.1443948274198770e+00
branch0_seg95,3.9565217391304373e+00,7.9322577677254605e-02,7.9322578723073453e-02,1.4003183777420243e+00,1.1099420235701332e+00
branch0_seg95,4.0579710144927574e+00,8.0735025189883680e-02,8.0735026505409396e-02,1.3342675586113932e+00,1.0578463804319485e+00
branch0_seg95,4.1594202898550776e+00,8.0984736999969345e-02,8.0984738375784002e-02,1.2548492564277973e+00,9.9513852087850008e-01
branch0_seg95,4.2608695652173907e+00,8.0183338874455320e-02,8.0183340231655645e-02,1.1704126566389337e+00,9.2841753450912923e-01
branch0_seg95,4.3623188405797109e+00,7.8525401054999847e-02,7.8525402226419835e-02,1.0895364516902029e+00,8.6446738768755982e-01
branch0_seg95,4.4637681159420310e+00,7.6259958523727120e-02,7.6259959465616950e-02,1.0188201864575239e+00,8.0851158986033655e-01
branch0_seg95,4.5652173913043512e+00,7.3656174970423219e-02,7.3656175618891456e-02,9.6276526755951708e-01,7.6411766279018567e-01
branch0_seg95,4.6666666666666714e+00,7.0971084215635138e-02,7.0971084585609634e-02,9.2340429541429769e-01,7.3290306663142835e-01
branch0_seg95,4.7681159420289845e+00,6.8414461267343046e-02,6.8414461423233458e-02,8.9916080617830407e-01,7.1363294634847430e-01
branch0_seg95,4.8695652173913047e+00,6.6129330711822684e-02,6.6129330703880954e-02,8.8717149080961721e-01,7.0405311870390408e-01
branch0_seg95,4.9710144927536248e+00,6.4178065204649221e-02,6.4178065170495222e-02,8.8178730148428308e-01,6.9970553535479885e-01
branch0_seg95,5.0724637681159450e+00,6.2542697424398802e-02,6.2542697426664837e-02,8.7731801769582696e-01,6.9609568988059212e-01
branch0_seg95,5.1739130434782652e+00,6.1136287634190885e-02,6.1136287791513130e-02,8.6771212374083151e-01,6.8844032696640955e-01
branch0_seg95,5.2753623188405783e+00,5.9824257399046475e-02,5.9824257742715090e-02,8.4839037724093080e-01,6.7311646537610847e-01
branch0_seg95,5.3768115942028984e+00,5.8452494065508384e-02,5.8452494633065580e-02,8.1652848824685720e-01,6.4788606922155612e-01
branch0_seg95,5.4782608695652186e+00,5.6879726099227486e-02,5.6879726845189979e-02,7.7213219081513573e-01,6.1274662148643499e-01
branch0_seg95,5.5797101449275388e+00,5.5005771417544230e-02,5.5005772292659814e-02,7.1750824110995715e-01,5.6951479655069948e-01
branch0_seg95,5.6811594202898590e+00,5.2795407122684677e-02,5.2795408007913817e-02,6.5775697787003695e-01,5.2221661096217142e-01
branch0_seg95,5.7826086956521792e+00,5.0292216440754697e-02,5.0292217228531222e-02,5.9961418493517160e-01,4.7617357575406977e-01
branch0_seg95,5.8840579710144922e+00,4.7621099711088431e-02,4.7621100262587410e-02,5.5099588044204684e-01,4.3764337551696392e-01
branch0_seg95,5.9855072463768124e+00,4.4979204680337129e-02,4.4979204887942194e-02,5.1978105613354897e-01,4.1285823454425324e-01
branch0_seg95,6.0869565217391326e+00,4.2614492231251890e-02,4.2614492008575901e-02,5.1264280370721527e-01,4.0710078546024436e-01
branch0_seg95,6.1884057971014528e+00,4.0796088740922019e-02,4.0796088047457102e-02,5.3420311613949223e-01,4.2403511406560901e-01
branch0_seg95,6.2898550724637730e+00,3.9780774690521832e-02,3.9780773532778771e-02,5.8632870957587235e-01,4.6514883528749479e-01
branch0_seg95,6.3913043478260860e+00,3.9778333841238529e-02,3.9778332282531782e-02,6.6759101889887051e-01,5.2932470943854215e-01
branch0_seg95,6.4927536231884062e+00,4.0921513642339785e-02,4.0921511787009424e-02,7.7343629684401338e-01,6.1297324813657750e-01
branch0_seg95,6.5942028985507264e+00,4.3244731156556651e-02,4.3244729148354498e-02,8.9654037706036316e-01,7.1031168470417017e-01
branch0_seg95,6.6956521739130466e+00,4.6672647801452069e-02,4.6672645807359775e-02,1.0273812926165125e+00,8.1381562372826055e-01
branch0_seg95,6.7971014492753667e+00,5.1019640463195542e-02,5.1019638659785212e-02,1.1550811224971522e+00,9.1488404024289383e-01
branch0_seg95,6.8985507246376869e+00,5.6011508922538845e-02,5.6011507426964792e-02,1.2700782107776420e+00,1.0059510334600650e+00
branch0_seg95,7.0000000000000000e+00,6.1306944599671377e-02,6.1306943578856812e-02,1.3625011220667202e+00,1.0792030930880190e+00
branch0_seg96,0.0000000000000000e+00,6.1306943578856674e-02,6.1306942790424437e-02,1.0792030930880507e+00,8.0969998942106813e-01
branch0_seg96,1.0144927536232018e-01,6.5110242465767881e-02,6.5110247506139876e-02,9.5668367988346237e-01,7.1944909412274072e-01
branch0_seg96,2.0289855072464036e-01,7.0718772523279447e-02,7.0718756121331119e-02,1.3596437243568174e+00,1.0190681643686557e+00
branch0_seg96,3.0434782608695699e-01,7.4599443513474556e-02,7.4599469138481533e-02,9.6906997439674636e-01,7.3009151353720203e-01
branch0_seg96,4.0579710144927716e-01,7.7957181939109513e-02,7.7957153569330265e-02,1.2724347961754083e+00,9.5551860776346143e-01
branch0_seg96,5.0724637681159734e-01,8.0044350911733939e-02,8.0044380062708920e-02,9.9716470442965455e-01,7.5175671352547735e-01
branch0_seg96,6.0869565217391397e-01,8.0960178087358545e-02,8.0960154967070971e-02,1.0892938228711626e+00,8.2019483013753380e-01
branch0_seg96,7.1014492753623415e-01,8.0790042707921131e-02,8.0790062824392245e-02,9.3792643188069902e-01,7.0795142937197586e-01
branch0_seg96,8.1159420289855433e-01,7.9584642719056603e-02,7.9584629962870204e-02,9.1532056743386381e-01,6.9099980774498293e-01
branch0_seg96,9.1304347826087096e-01,7.7668953016208922e-02,7.7668963226026566e-02,8.3611428234892393e-01,6.3198877096366901e-01
branch0_seg96,1.0144927536231911e+00,7.5216851201607468e-02,7.5216845943458149e-02,7.8848873303331224e-01,5.9629806084875914e-01
branch0_seg96,1.1159420289855078e+00,7.2561643888500185e-02,7.2561647760870554e-02,7.5208947290643680e-01,5.6890820315265134e-01
branch0_seg96,1.2173913043478279e+00,6.9900427017005412e-02,6.9900425376994771e-02,7.2102717657480309e-01,5.4546686307460868e-01
branch0_seg96,1.3188405797101481e+00,6.7445421752148696e-02,6.7445422645809786e-02,7.1113896244899655e-01,5.3776042989499240e-01
branch0_seg96,1.4202898550724647e+00,6.5291700808295022e-02,6.5291700481818163e-02,7.0007785161511593e-01,5.2922691398750032e-01
branch0_seg96,1.5217391304347849e+00,6.3476607131763396e-02,6.3476607094875223e-02,6.9970619546955637e-01,5.2867278791234340e-01
branch0_seg96,1.6231884057971016e+00,6.1948121639782631e-02,6.1948121793348174e-02,6.9285762478121904e-01,5.2335916971552510e-01
branch0_seg96,1.7246376811594217e+00,6.0598338910549450e-02,6.0598338937511945e-02,6.8380345042640656e-01,5.1643855815045614e-01
branch0_seg96,1.8260869565217419e+00,5.9280556492779725e-02,5.9280556973598623e-02,6.6376304157681454e-01,5.0137703386038557e-01
branch0_seg96,1.9275362318840585e+00,5.7842051556599688e-02,5.7842051960202728e-02,6.3485845811457597e-01,4.7972503372185271e-01
branch0_seg96,2.0289855072463787e+00,5.6155386981220884e-02,5.6155387705059331e-02,5.9582140420511820e-01,4.5052218667860927e-01
branch0_seg96,2.1304347826086989e+00,5.4144111640975885e-02,5.4144112295436725e-02,5.5046949690196678e-01,4.1658712067766779e-01
branch0_seg96,2.2318840579710155e+00,5.1804413829388926e-02,5.1804414545226746e-02,5.0293170968678402e-01,3.8098035415177189e-01
branch0_seg96,2.3333333333333357e+00,4.9213186536420372e-02,4.9213187068695284e-02,4.5918546011699946e-01,3.4814531857441655e-01
branch0_seg96,2.4347826086956559e+00,4.6526667363702250e-02,4.6526667699931218e-02,4.2554078317864219e-01,3.2278446895094337e-01
branch0_seg96,2.5362318840579725e+00,4.3966024551982619e-02,4.3966024557912917e-02,4.0796958015650769e-01,3.0935966198777093e-01
branch0_seg96,2.6376811594202927e+00,4.1791539139382897e-02,4.1791538794437928e-02,4.1111880980403132e-01,3.1135673614894976e-01
branch0_seg96,2.7391304347826093e+00,4.0271629102013970e-02,4.0271628368480486e-02,4.3789745989476719e-01,3.3097431642201108e-01
branch0_seg96,2.8405797101449295e+00,3.9647886027650632e-02,3.9647884946762850e-02,4.8868340641746588e-01,3.6853036163918013e-01
branch0_seg96,2.9420289855072497e+00,4.0101935614341132e-02,4.0101934242103211e-02,5.6138345166834813e-01,4.2250130798772473e-01
branch0_seg96,3.0434782608695663e+00,4.1728221636435137e-02,4.1728220081314861e-02,6.5139382120681666e-01,4.8948848376617859e-01
branch0_seg96,3.1449275362318865e+00,4.4518162892960095e-02,4.4518161268157698e-02,7.5235227381497671e-01,5.6477317262425419e-01
branch0_seg96,3.2463768115942031e+00,4.8348484025402871e-02,4.8348482495929476e-02,8.5566956972944053e-01,6.4196752147413638e-01
branch0_seg96,3.3478260869565233e+00,5.2996307652820908e-02,5.2996306298912263e-02,9.5381098546168841e-01,7.1544997426724277e-01
branch0_seg96,3.4492753623188435e+00,5.8155718169239506e-02,5.8155717158402905e-02,1.0382336186298491e+00,7.7883881267151389e-01
branch0_seg96,3.5507246376811601e+00,6.3468726808470266e-02,6.3468726162016736e-02,1.1028705931496592e+00,8.2758035058754198e-01
branch0_seg96,3.6521739130434803e+00,6.8561564681355089e-02,6.8561564484677082e-02,1.1429495270299885e+00,8.5807872447510047e-01
branch0_seg96,3.7536231884058004e+00,7.3082941096142870e-02,7.3082941305125299e-02,1.1566629711676792e+00,8.6894019812445122e-01
branch0_seg96,3.8550724637681171e+00,7.6738072641312355e-02,7.6738073241663346e-02,1.1443948274198770e+00,8.6040476965390034e-01
branch0_seg96,3.9565217391304373e+00,7.9322578723073453e-02,7.9322579589084494e-02,1.1099420235701332e+00,8.3525684326630267e-01
branch0_seg96,4.0579710144927574e+00,8.0735026505409396e-02,8.0735027581385385e-02,1.0578463804319485e+00,7.9684879876479919e-01
branch0_seg96,4.1594202898550776e+00,8.0984738375784002e-02,8.0984739491975530e-02,9.9513852087850008e-01,7.5039492072624481e-01
branch0_seg96,4.2608695652173907e+00,8.0183340231655645e-02,8.0183341325130497e-02,9.2841753450912923e-01,7.0080496210152199e-01
branch0_seg96,4.3623188405797109e+00,7.8525402226419835e-02,7.8525403163069038e-02,8.6446738768755982e-01,6.5313820156868618e-01
branch0_seg96,4.4637681159420310e+00,7.6259959465616950e-02,7.6259960211956426e-02,8.0851158986033655e-01,6.1130527619428943e-01
branch0_seg96,4.5652173913043512e+00,7.3656175618891456e-02,7.3656176125088860e-02,7.6411766279018567e-01,5.7799217439386608e-01
branch0_seg96,4.6666666666666714e+00,7.0971084585609634e-02,7.0971084865697365e-02,7.3290306663142835e-01,5.5443740124343865e-01
branch0_seg96,4.7681159420289845e+00,6.8414461423233458e-02,6.8414461530962797e-02,7.1363294634847430e-01,5.3975762498396018e-01
branch0_seg96,4.8695652173913047e+00,6.6129330703880954e-02,6.6129330680946313e-02,7.0405311870390408e-01,5.3230365385385592e-01
branch0_seg96,4.9710144927536248e+00,6.4178065170495222e-02,6.4178065128932621e-02,6.9970553535479885e-01,5.2877998638251200e-01
branch0_seg96,5.0724637681159450e+00,6.2542697426664837e-02,6.2542697416968329e-02,6.9609568988059212e-01,5.2585171789448060e-01
branch0_seg96,5.1739130434782652e+00,6.1136287791513130e-02,6.1136287909222146e-02,6.8844032696640955e-01,5.1995921106973331e-01
branch0_seg96,5.2753623188405783e+00,5.9824257742715096e-02,5.9824258012091930e-02,6.7311646537610847e-01,5.0839565691590127e-01
branch0_seg96,5.3768115942028984e+00,5.8452494633065587e-02,5.8452495083414706e-02,6.4788606922155612e-01,4.8947800499066596e-01
branch0_seg96,5.4782608695652186e+00,5.6879726845189972e-02,5.6879727438546433e-02,6.1274662148643499e-01,4.6318254891746469e-01
branch0_seg96,5.5797101449275388e+00,5.5005772292659814e-02,5.5005772988402320e-02,5.6951479655069948e-01,4.3084064553472717e-01
branch0_seg96,5.6811594202898590e+00,5.2795408007913817e-02,5.2795408709274919e-02,5.2221661096217142e-01,3.9543164801877284e-01
branch0_seg96,5.7826086956521792e+00,5.0292217228531222e-02,5.0292217848706015e-02,4.7617357575406977e-01,3.6090757201151946e-01
branch0_seg96,5.8840579710144922e+00,4.7621100262587410e-02,4.7621100689979511e-02,4.3764337551696392e-01,3.3192712454185813e-01
branch0_seg96,5.9855072463768124e+00,4.4979204887942194e-02,4.4979205036826640e-02,4.1285823454425324e-01,3.1314143490196023e-01
branch0_seg96,6.0869565217391326e+00,4.2614492008575901e-02,4.2614491810776839e-02,4.0710078546024436e-01,3.0850561898429657e-01
branch0_seg96,6.1884057971014528e+00,4.0796088047457102e-02,4.0796087472137893e-02,4.2403511406560901e-01,3.2077823083615298e-01
branch0_seg96,6.2898550724637730e+00,3.9780773532778771e-02,3.9780772587104739e-02,4.6514883528749479e-01,3.5110233515766098e-01
branch0_seg96,6.3913043478260860e+00,3.9778332282531782e-02,3.9778331019359556e-02,5.2932470943854215e-01,3.9868239901241159e-01
branch0_seg96,6.4927536231884062e+00,4.0921511787009424e-02,4.0921510291861952e-02,6.1297324813657750e-01,4.6087779448301203e-01
branch0_seg96,6.5942028985507264e+00,4.3244729148354498e-02,4.3244727537980622e-02,7.1031168470417017e-01,5.3340623441410495e-01
branch0_seg96,6.6956521739130466e+00,4.6672645807359775e-02,4.6672644216527080e-02,8.1381562372826055e-01,6.1067686318950809e-01
branch0_seg96,6.7971014492753667e+00,5.1019638659785212e-02,5.1019637230225262e-02,9.1488404024289383e-01,6.8628334685754888e-01
branch0_seg96,6.8985507246376869e+00,5.6011507426964792e-02,5.6011506251542796e-02,1.0059510334600650e+00,7.5457313183571995e-01
branch0_seg96,7.0000000000000000e+00,6.1306943578856812e-02,6.1306942790424576e-02,1.0792030930880190e+00,8.0969998942104449e-01
branch0_seg97,0.0000000000000000e+00,6.1306942790424437e-02,6.1306942235573356e-02,8.0969998942106813e-01,5.5221224810044867e-01
branch0_seg97,1.0144927536232018e-01,6.5110247506139876e-02,6.5110251364931454e-02,7.1944909412274072e-01,4.9368990935740370e-01
branch0_seg97,2.0289855072464036e-01,7.0718756121331119e-02,7.0718743701075726e-02,1.0190681643686557e+00,6.9314956570472275e-01
branch0_seg97,3.0434782608695699e-01,7.4599469138481533e-02,7.4599488656218724e-02,7.3009151353720203e-01,5.0340973096738884e-01
branch0_seg97,4.0579710144927716e-01,7.7957153569330265e-02,7.7957132010189500e-02,9.5551860776346143e-01,6.5323154171580566e-01
branch0_seg97,5.0724637681159734e-01,8.0044380062708920e-02,8.0044402259226113e-02,7.5175671352547735e-01,5.1926062002650486e-01
branch0_seg97,6.0869565217391397e-01,8.0960154967070971e-02,8.0960137373289220e-02,8.2019483013753380e-01,5.6471322000203095e-01
branch0_seg97,7.1014492753623415e-01,8.0790062824392245e-02,8.0790078131128110e-02,7.0795142937197586e-01,4.9054280872700257e-01
branch0_seg97,8.1159420289855433e-01,7.9584629962870204e-02,7.9584620238287856e-02,6.9099980774498293e-01,4.7900327908822327e-01
branch0_seg97,9.1304347826087096e-01,7.7668963226026566e-02,7.7668970979926588e-02,6.3198877096366901e-01,4.3949269079599362e-01
branch0_seg97,1.0144927536231911e+00,7.5216845943458149e-02,7.5216841917835980e-02,5.9629806084875914e-01,4.1522538189735231e-01
branch0_seg97,1.1159420289855078e+00,7.2561647760870554e-02,7.2561650686199353e-02,5.6890820315265134e-01,3.9638645450347237e-01
branch0_seg97,1.2173913043478279e+00,6.9900425376994771e-02,6.9900424106201439e-02,5.4546686307460868e-01,3.8014986021187364e-01
branch0_seg97,1.3188405797101481e+00,6.7445422645809786e-02,6.7445423306517580e-02,5.3776042989499240e-01,3.7436519742980146e-01
branch0_seg97,1.4202898550724647e+00,6.5291700481818163e-02,6.5291700216439638e-02,5.2922691398750032e-01,3.6811793922899028e-01
branch0_seg97,1.5217391304347849e+00,6.3476607094875223e-02,6.3476607052755818e-02,5.2867278791234340e-01,3.6723728493999341e-01
branch0_seg97,1.6231884057971016e+00,6.1948121793348174e-02,6.1948121898430096e-02,5.2335916971552510e-01,3.6329401704639946e-01
branch0_seg97,1.7246376811594217e+00,6.0598338937511945e-02,6.0598338947066711e-02,5.1643855815045614e-01,3.5834053276163846e-01
branch0_seg97,1.8260869565217419e+00,5.9280556973598623e-02,5.9280557328420386e-02,5.0137703386038557e-01,3.4801957043496295e-01
branch0_seg97,1.9275362318840585e+00,5.7842051960202728e-02,5.7842052254519542e-02,4.7972503372185271e-01,3.3331198894561925e-01
branch0_seg97,2.0289855072463787e+00,5.6155387705059331e-02,5.6155388240692744e-02,4.5052218667860927e-01,3.1354717327614695e-01
branch0_seg97,2.1304347826086989e+00,5.4144112295436725e-02,5.4144112775258747e-02,4.1658712067766779e-01,2.9056482566756403e-01
branch0_seg97,2.2318840579710155e+00,5.1804414545226746e-02,5.1804415069159539e-02,3.8098035415177189e-01,2.6638494571915572e-01
branch0_seg97,2.3333333333333357e+00,4.9213187068695284e-02,4.9213187451196190e-02,3.4814531857441655e-01,2.4396374242934860e-01
branch0_seg97,2.4347826086956559e+00,4.6526667699931218e-02,4.6526667933162687e-02,3.2278446895094337e-01,2.2645112048756103e-01
branch0_seg97,2.5362318840579725e+00,4.3966024557912917e-02,4.3966024541745113e-02,3.0935966198777093e-01,2.1685660074051996e-01
branch0_seg97,2.6376811594202927e+00,4.1791538794437928e-02,4.1791538515516050e-02,3.1135673614894976e-01,2.1755640864540510e-01
branch0_seg97,2.7391304347826093e+00,4.0271628368480486e-02,4.0271627800328773e-02,3.3097431642201108e-01,2.3007906252890323e-01
branch0_seg97,2.8405797101449295e+00,3.9647884946762850e-02,3.9647884122636881e-02,3.6853036163918013e-01,2.5470349460687930e-01
branch0_seg97,2.9420289855072497e+00,4.0101934242103211e-02,4.0101933205874712e-02,4.2250130798772473e-01,2.9047533766398781e-01
branch0_seg97,3.0434782608695663e+00,4.1728220081314861e-02,4.1728218915964524e-02,4.8948848376617859e-01,3.3517694113755747e-01
branch0_seg97,3.1449275362318865e+00,4.4518161268157698e-02,4.4518160059366166e-02,5.6477317262425419e-01,3.8568937107959789e-01
branch0_seg97,3.2463768115942031e+00,4.8348482495929476e-02,4.8348481367803994e-02,6.4196752147413638e-01,4.3775860213056189e-01
branch0_seg97,3.3478260869565233e+00,5.2996306298912263e-02,5.2996305310316141e-02,7.1544997426724277e-01,4.8760828254772443e-01
branch0_seg97,3.4492753623188435e+00,5.8155717158402905e-02,5.8155716433960829e-02,7.7883881267151389e-01,5.3093653969514509e-01
branch0_seg97,3.5507246376811601e+00,6.3468726162016736e-02,6.3468725714793131e-02,8.2758035058754198e-01,5.6463416203592010e-01
branch0_seg97,3.6521739130434803e+00,6.8561564484677082e-02,6.8561564376508746e-02,8.5807872447510047e-01,5.8622033135849783e-01
branch0_seg97,3.7536231884058004e+00,7.3082941305125299e-02,7.3082941499607451e-02,8.6894019812445122e-01,5.9467519237700195e-01
branch0_seg97,3.8550724637681171e+00,7.6738073241663346e-02,7.6738073725689984e-02,8.6040476965390034e-01,5.9007407105845733e-01
branch0_seg97,3.9565217391304373e+00,7.9322579589084494e-02,7.9322580265641388e-02,8.3525684326630267e-01,5.7419831518185704e-01
branch0_seg97,4.0579710144927574e+00,8.0735027581385385e-02,8.0735028407621451e-02,7.9684879876479919e-01,5.4923348280578155e-01
branch0_seg97,4.1594202898550776e+00,8.0984739491975530e-02,8.0984740339209021e-02,7.5039492072624481e-01,5.1862593857868988e-01
branch0_seg97,4.2608695652173907e+00,8.0183341325130497e-02,8.0183342146779149e-02,7.0080496210152199e-01,4.8564974033872604e-01
branch0_seg97,4.3623188405797109e+00,7.8525403163069038e-02,7.8525403858992038e-02,6.5313820156868618e-01,4.5370103382190602e-01
branch0_seg97,4.4637681159420310e+00,7.6259960211956426e-02,7.6259960758939899e-02,6.1130527619428943e-01,4.2543279041194521e-01
branch0_seg97,4.5652173913043512e+00,7.3656176125088860e-02,7.3656176487499669e-02,5.7799217439386608e-01,4.0269494710397541e-01
branch0_seg97,4.6666666666666714e+00,7.0971084865697365e-02,7.0971085056293626e-02,5.5443740124343865e-01,3.8637818630923726e-01
branch0_seg97,4.7681159420289845e+00,6.8414461530962797e-02,6.8414461592183298e-02,5.3975762498396018e-01,3.7595862445405975e-01
branch0_seg97,4.8695652173913047e+00,6.6129330680946313e-02,6.6129330645454898e-02,5.3230365385385592e-01,3.7038775720386719e-01
branch0_seg97,4.9710144927536248e+00,6.4178065128932621e-02,6.4178065082192579e-02,5.2877998638251200e-01,3.6750701061427932e-01
branch0_seg97,5.0724637681159450e+00,6.2542697416968329e-02,6.2542697396957433e-02,5.2585171789448060e-01,3.6510898692912513e-01
branch0_seg97,5.1739130434782652e+00,6.1136287909222146e-02,6.1136287987680824e-02,5.1995921106973331e-01,3.6081827710591402e-01
branch0_seg97,5.2753623188405783e+00,5.9824258012091930e-02,5.9824258206204080e-02,5.0839565691590127e-01,3.5280911711362739e-01
branch0_seg97,5.3768115942028984e+00,5.8452495083414706e-02,5.8452495414158680e-02,4.8947800499066596e-01,3.3992626133938142e-01
branch0_seg97,5.4782608695652186e+00,5.6879727438546433e-02,5.6879727875936641e-02,4.6318254891746469e-01,3.2211390443894039e-01
branch0_seg97,5.5797101449275388e+00,5.5005772988402320e-02,5.5005773500877785e-02,4.3084064553472717e-01,3.0022277041463857e-01
branch0_seg97,5.6811594202898590e+00,5.2795408709274919e-02,5.2795409223174238e-02,3.9543164801877284e-01,2.7621034323082544e-01
branch0_seg97,5.7826086956521792e+00,5.0292217848706015e-02,5.0292218298648515e-02,3.6090757201151946e-01,2.5269884443828861e-01
branch0_seg97,5.8840579710144922e+00,4.7621100689979511e-02,4.7621100992390690e-02,3.3192712454185813e-01,2.3280033122301577e-01
branch0_seg97,5.9855072463768124e+00,4.4979205036826640e-02,4.4979205128377144e-02,3.1314143490196023e-01,2.1964247249956545e-01
branch0_seg97,6.0869565217391326e+00,4.2614491810776839e-02,4.2614491641816056e-02,3.0850561898429657e-01,2.1590783881410872e-01
branch0_seg97,6.1884057971014528e+00,4.0796087472137893e-02,4.0796087021487938e-02,3.2077823083615298e-01,2.2349491266501922e-01
branch0_seg97,6.2898550724637730e+00,3.9780772587104739e-02,3.9780771862273995e-02,3.5110233515766098e-01,2.4323184170818965e-01
branch0_seg97,6.3913043478260860e+00,3.9778331019359556e-02,3.9778330062105460e-02,3.9868239901241159e-01,2.7465311395465114e-01
branch0_seg97,6.4927536231884062e+00,4.0921510291861952e-02,4.0921509168056328e-02,4.6087779448301203e-01,3.1605266097539847e-01
branch0_seg97,6.5942028985507264e+00,4.3244727537980622e-02,4.3244726336372552e-02,5.3340623441410495e-01,3.6461208764468361e-01
branch0_seg97,6.6956521739130466e+00,4.6672644216527080e-02,4.6672643038631896e-02,6.1067686318950809e-01,4.1661739994141861e-01
branch0_seg97,6.7971014492753667e+00,5.1019637230225262e-02,5.1019636181947249e-02,6.8628334685754888e-01,4.6778458091930425e-01
branch0_seg97,6.8985507246376869e+00,5.6011506251542796e-02,5.6011505400970843e-02,7.5457313183571995e-01,5.1430225427382004e-01
branch0_seg97,7.0000000000000000e+00,6.1306942790424569e-02,6.1306942235573494e-02,8.0969998942104449e-01,5.5221224810043312e-01
branch0_seg98,0.0000000000000000e+00,6.1306942235573356e-02,6.1306941919489308e-02,5.5221224810044867e-01,3.0305756338826212e-01
branch0_seg98,1.0144927536232018e-01,6.5110251364931454e-02,6.5110253988921230e-02,4.9368990935740370e-01,2.7587749610271489e-01
branch0_seg98,2.0289855072464036e-01,7.0718743701075712e-02,7.0718735426811313e-02,6.9314956570472275e-01,3.7740960060883810e-01
branch0_seg98,3.0434782608695699e-01,7.4599488656218724e-02,7.4599501802652415e-02,5.0340973096738884e-01,2.8523897243681690e-01
branch0_seg98,4.0579710144927716e-01,7.7957132010189500e-02,7.7957117550678093e-02,6.5323154171580566e-01,3.6109311291445456e-01
branch0_seg98,5.0724637681159734e-01,8.0044402259226113e-02,8.0044417201572862e-02,5.1926062002650486e-01,2.9570137187540757e-01
branch0_seg98,6.0869565217391397e-01,8.0960137373289220e-02,8.0960125542839184e-02,5.6471322000203095e-01,3.1866366761920883e-01
branch0_seg98,7.1014492753623415e-01,8.0790078131128110e-02,8.0790088422293321e-02,4.9054280872700257e-01,2.8182673493580385e-01
branch0_seg98,8.1159420289855433e-01,7.9584620238287856e-02,7.9584613676821403e-02,4.7900327908822327e-01,2.7552999943666406e-01
branch0_seg98,9.1304347826087096e-01,7.7668970979926588e-02,7.7668976174701670e-02,4.3949269079599362e-01,2.5503350529029833e-01
branch0_seg98,1.0144927536231911e+00,7.5216841917835980e-02,7.5216839179787331e-02,4.1522538189735231e-01,2.4183257605418274e-01
branch0_seg98,1.1159420289855078e+00,7.2561650686199353e-02,7.2561652626598291e-02,3.9638645450347237e-01,2.3122573448831790e-01
branch0_seg98,1.2173913043478279e+00,6.9900424106201439e-02,6.9900423222561972e-02,3.8014986021187364e-01,2.2190455025665376e-01
branch0_seg98,1.3188405797101481e+00,6.7445423306517580e-02,6.7445423726659501e-02,3.7436519742980146e-01,2.1786238347234532e-01
branch0_seg98,1.4202898550724647e+00,6.5291700216439638e-02,6.5291700016371107e-02,3.6811793922899028e-01,2.1373469304250570e-01
branch0_seg98,1.5217391304347849e+00,6.3476607052755818e-02,6.3476607006864444e-02,3.6723728493999341e-01,2.1242897856528115e-01
branch0_seg98,1.6231884057971016e+00,6.1948121898430096e-02,6.1948121954086090e-02,3.6329401704639946e-01,2.0974257061231114e-01
branch0_seg98,1.7246376811594217e+00,6.0598338947066711e-02,6.0598338939728637e-02,3.5834053276163846e-01,2.0664121930934526e-01
branch0_seg98,1.8260869565217419e+00,5.9280557328420386e-02,5.9280557552963881e-02,3.4801957043496295e-01,2.0089514928573596e-01
branch0_seg98,1.9275362318840585e+00,5.7842052254519542e-02,5.7842052436267125e-02,3.3331198894561925e-01,1.9291737320275609e-01
branch0_seg98,2.0289855072463787e+00,5.6155388240692744e-02,5.6155388581641638e-02,3.1354717327614695e-01,1.8231444471606756e-01
branch0_seg98,2.1304347826086989e+00,5.4144112775258747e-02,5.4144113074900753e-02,2.9056482566756403e-01,1.6996142790053526e-01
branch0_seg98,2.2318840579710155e+00,5.1804415069159532e-02,5.1804415395156150e-02,2.6638494571915572e-01,1.5685751302761977e-01
branch0_seg98,2.3333333333333357e+00,4.9213187451196190e-02,4.9213187679892682e-02,2.4396374242934860e-01,1.4450451370385398e-01
branch0_seg98,2.4347826086956559e+00,4.6526667933162687e-02,4.6526668061371880e-02,2.2645112048756103e-01,1.3453828105621088e-01
branch0_seg98,2.5362318840579725e+00,4.3966024541745113e-02,4.3966024504718419e-02,2.1685660074051996e-01,1.2855623125925855e-01
branch0_seg98,2.6376811594202927e+00,4.1791538515516050e-02,4.1791538307185745e-02,2.1755640864540510e-01,1.2786073486362950e-01
branch0_seg98,2.7391304347826093e+00,4.0271627800328773e-02,4.0271627405707666e-02,2.3007906252890323e-01,1.3333798834750410e-01
branch0_seg98,2.8405797101449295e+00,3.9647884122636881e-02,3.9647883566464433e-02,2.5470349460687930e-01,1.4524208912216433e-01
branch0_seg98,2.9420289855072497e+00,4.0101933205874712e-02,4.0101932519236508e-02,2.9047533766398781e-01,1.6318717575887334e-01
branch0_seg98,3.0434782608695663e+00,4.1728218915964524e-02,4.1728218155212063e-02,3.3517694113755747e-01,1.8611949986124124e-01
branch0_seg98,3.1449275362318865e+00,4.4518160059366166e-02,4.4518159281521023e-02,3.8568937107959789e-01,2.1248920883359437e-01
branch0_seg98,3.2463768115942031e+00,4.8348481367803994e-02,4.8348480654461103e-02,4.3775860213056189e-01,2.4012890434668363e-01
branch0_seg98,3.3478260869565233e+00,5.2996305310316141e-02,5.2996304698272996e-02,4.8760828254772443e-01,2.6706015335018585e-01
branch0_seg98,3.4492753623188435e+00,5.8155716433960829e-02,5.8155716003416541e-02,5.3093653969514509e-01,2.9100433790737307e-01
branch0_seg98,3.5507246376811601e+00,6.3468725714793131e-02,6.3468725470546147e-02,5.6463416203592010e-01,3.1024902183031788e-01
branch0_seg98,3.6521739130434803e+00,6.8561564376508746e-02,6.8561564356170543e-02,5.8622033135849783e-01,3.2338574533768494e-01
branch0_seg98,3.7536231884058004e+00,7.3082941499607451e-02,7.3082941675125745e-02,5.9467519237700195e-01,3.2974093692485867e-01
branch0_seg98,3.8550724637681171e+00,7.6738073725689984e-02,7.6738074085446348e-02,5.9007407105845733e-01,3.2921091368203459e-01
branch0_seg98,3.9565217391304373e+00,7.9322580265641388e-02,7.9322580742701140e-02,5.7419831518185704e-01,3.2258076088142840e-01
branch0_seg98,4.0579710144927574e+00,8.0735028407621451e-02,8.0735028972586248e-02,5.4923348280578155e-01,3.1088515052449062e-01
branch0_seg98,4.1594202898550776e+00,8.0984740339209021e-02,8.0984740906174954e-02,5.1862593857868988e-01,2.9583653501224461e-01
branch0_seg98,4.2608695652173907e+00,8.0183342146779149e-02,8.0183342686073356e-02,4.8564974033872604e-01,2.7911089163750313e-01
branch0_seg98,4.3623188405797109e+00,7.8525403858992038e-02,7.8525404305688079e-02,4.5370103382190602e-01,2.6248435548389415e-01
branch0_seg98,4.4637681159420310e+00,7.6259960758939899e-02,7.6259961100286627e-02,4.2543279041194521e-01,2.4739082920504518e-01
branch0_seg98,4.5652173913043512e+00,7.3656176487499669e-02,7.3656176702421181e-02,4.0269494710397541e-01,2.3487590384720636e-01
branch0_seg98,4.6666666666666714e+00,7.0971085056293626e-02,7.0971085155994360e-02,3.8637818630923726e-01,2.2550402393535640e-01
branch0_seg98,4.7681159420289845e+00,6.8414461592183298e-02,6.8414461607137877e-02,3.7595862445405975e-01,2.1911602521297593e-01
branch0_seg98,4.8695652173913047e+00,6.6129330645454898e-02,6.6129330598810321e-02,3.7038775720386719e-01,2.1526082172377348e-01
branch0_seg98,4.9710144927536248e+00,6.4178065082192579e-02,6.4178065031677528e-02,3.6750701061427932e-01,2.1289859728537608e-01
branch0_seg98,5.0724637681159450e+00,6.2542697396957433e-02,6.2542697367545780e-02,3.6510898692912513e-01,2.1092685751500850e-01
branch0_seg98,5.1739130434782652e+00,6.1136287987680824e-02,6.1136288026396542e-02,3.6081827710591402e-01,2.0812680065121941e-01
branch0_seg98,5.2753623188405783e+00,5.9824258206204080e-02,5.9824258322986025e-02,3.5280911711362739e-01,2.0352917695060588e-01
branch0_seg98,5.3768115942028984e+00,5.8452495414158680e-02,5.8452495621443480e-02,3.3992626133938142e-01,1.9648765638044594e-01
branch0_seg98,5.4782608695652186e+00,5.6879727875936641e-02,5.6879728152176741e-02,3.2211390443894039e-01,1.8690689435441951e-01
branch0_seg98,5.5797101449275388e+00,5.5005773500877785e-02,5.5005773824030213e-02,3.0022277041463857e-01,1.7516046840419952e-01
branch0_seg98,5.6811594202898590e+00,5.2795409223174238e-02,5.2795409543675953e-02,2.7621034323082544e-01,1.6220154155467054e-01
branch0_seg98,5.7826086956521792e+00,5.0292218298648515e-02,5.0292218573389773e-02,2.5269884443828861e-01,1.4935045658598134e-01
branch0_seg98,5.8840579710144922e+00,4.7621100992390690e-02,4.7621101166876879e-02,2.3280033122301577e-01,1.3820927610666428e-01
branch0_seg98,5.9855072463768124e+00,4.4979205128377144e-02,4.4979205162434442e-02,2.1964247249956545e-01,1.3042244774951195e-01
branch0_seg98,6.0869565217391326e+00,4.2614491641816056e-02,4.2614491504879545e-02,2.1590783881410872e-01,1.2743823073323282e-01
branch0_seg98,6.1884057971014528e+00,4.0796087021487938e-02,4.0796086702214338e-02,2.2349491266501922e-01,1.3032649683885886e-01
branch0_seg98,6.2898550724637730e+00,3.9780771862273995e-02,3.9780771368315135e-02,2.4323184170818965e-01,1.3962079516685380e-01
branch0_seg98,6.3913043478260860e+00,3.9778330062105460e-02,3.9778329423482812e-02,2.7465311395465114e-01,1.5519103981371388e-01
branch0_seg98,6.4927536231884062e+00,4.0921509168056328e-02,4.0921508430062044e-02,3.1605266097539847e-01,1.7625539159723769e-01
branch0_seg98,6.5942028985507264e+00,4.3244726336372552e-02,4.3244725558559349e-02,3.6461208764468361e-01,2.0143357586739005e-01
branch0_seg98,6.6956521739130466e+00,4.6672643038631896e-02,4.6672642287937799e-02,4.1661739994141861e-01,2.2884881230998241e-01
branch0_seg98,6.7971014492753667e+00,5.1019636181947249e-02,5.1019635527109634e-02,4.6778458091930425e-01,2.5628894063805435e-01
branch0_seg98,6.8985507246376869e+00,5.6011505400970850e-02,5.6011504884506055e-02,5.1430225427382004e-01,2.8173359179659424e-01
branch0_seg98,7.0000000000000000e+00,6.1306942235573494e-02,6.1306941919489440e-02,5.5221224810043312e-01,3.0305756338825540e-01
branch0_seg99,0.0000000000000000e+00,6.1306941919489308e-02,6.1306941842385117e-02,3.0305756338826212e-01,6.1306941842385117e-02
branch0_seg99,1.0144927536232018e-01,6.5110253988921230e-02,6.5110255349984311e-02,2.7587749610271489e-01,6.5110255349984311e-02
branch0_seg99,2.0289855072464036e-01,7.0718735426811313e-02,7.0718731378263025e-02,3.7740960060883810e-01,7.0718731378263025e-02
branch0_seg99,3.0434782608695699e-01,7.4599501802652429e-02,7.4599508443457793e-02,2.8523897243681690e-01,7.4599508443457793e-02
branch0_seg99,4.0579710144927716e-01,7.7957117550678093e-02,7.7957110335182447e-02,3.6109311291445456e-01,7.7957110335182447e-02
branch0_seg99,5.0724637681159734e-01,8.0044417201572862e-02,8.0044424737663725e-02,2.9570137187540757e-01,8.0044424737663725e-02
branch0_seg99,6.0869565217391397e-01,8.0960125542839184e-02,8.0960119595298696e-02,3.1866366761920883e-01,8.0960119595298696e-02
branch0_seg99,7.1014492753623415e-01,8.0790088422293321e-02,8.0790093594042212e-02,2.8182673493580385e-01,8.0790093594042212e-02
branch0_seg99,8.1159420289855433e-01,7.9584613676821403e-02,7.9584610345776075e-02,2.7552999943666406e-01,7.9584610345776075e-02
branch0_seg99,9.1304347826087096e-01,7.7668976174701670e-02,7.7668978759111912e-02,2.5503350529029833e-01,7.7668978759111912e-02
branch0_seg99,1.0144927536231911e+00,7.5216839179787331e-02,7.5216837758359564e-02,2.4183257605418274e-01,7.5216837758359564e-02
branch0_seg99,1.1159420289855078e+00,7.2561652626598291e-02,7.2561653564128817e-02,2.3122573448831790e-01,7.2561653564128817e-02
branch0_seg99,1.2173913043478279e+00,6.9900423222561972e-02,6.9900422736309739e-02,2.2190455025665376e-01,6.9900422736309739e-02
branch0_seg99,1.3188405797101481e+00,6.7445423726659501e-02,6.7445423903459673e-02,2.1786238347234532e-01,6.7445423903459673e-02
branch0_seg99,1.4202898550724647e+00,6.5291700016371107e-02,6.5291699884616125e-02,2.1373469304250570e-01,6.5291699884616125e-02
branch0_seg99,1.5217391304347849e+00,6.3476607006864444e-02,6.3476606958708715e-02,2.1242897856528115e-01,6.3476606958708715e-02
branch0_seg99,1.6231884057971016e+00,6.1948121954086090e-02,6.1948121960453302e-02,2.0974257061231114e-01,6.1948121960453302e-02
branch0_seg99,1.7246376811594217e+00,6.0598338939728637e-02,6.0598338916352870e-02,2.0664121930934526e-01,6.0598338916352870e-02
branch0_seg99,1.8260869565217419e+00,5.9280557552963881e-02,5.9280557645649649e-02,2.0089514928573596e-01,5.9280557645649649e-02
branch0_seg99,1.9275362318840585e+00,5.7842052436267125e-02,5.7842052504474557e-02,1.9291737320275609e-01,5.7842052504474557e-02
branch0_seg99,2.0289855072463787e+00,5.6155388581641638e-02,5.6155388725439327e-02,1.8231444471606756e-01,5.6155388725439320e-02
branch0_seg99,2.1304347826086989e+00,5.4144113074900753e-02,5.4144113192534690e-02,1.6996142790053526e-01,5.4144113192534704e-02
branch0_seg99,2.2318840579710155e+00,5.1804415395156150e-02,5.1804415521275918e-02,1.5685751302761977e-01,5.1804415521275911e-02
branch0_seg99,2.3333333333333357e+00,4.9213187679892682e-02,4.9213187753948187e-02,1.4450451370385398e-01,4.9213187753948187e-02
branch0_seg99,2.4347826086956559e+00,4.6526668061371873e-02,4.6526668084738147e-02,1.3453828105621088e-01,4.6526668084738147e-02
branch0_seg99,2.5362318840579725e+00,4.3966024504718419e-02,4.3966024448556851e-02,1.2855623125925855e-01,4.3966024448556851e-02
branch0_seg99,2.6376811594202927e+00,4.1791538307185745e-02,4.1791538172626284e-02,1.2786073486362950e-01,4.1791538172626277e-02
branch0_seg99,2.7391304347826093e+00,4.0271627405707666e-02,4.0271627189261285e-02,1.3333798834750410e-01,4.0271627189261285e-02
branch0_seg99,2.8405797101449295e+00,3.9647883566464433e-02,3.9647883283983693e-02,1.4524208912216433e-01,3.9647883283983693e-02
branch0_seg99,2.9420289855072497e+00,4.0101932519236508e-02,4.0101932188624234e-02,1.6318717575887334e-01,4.0101932188624234e-02
branch0_seg99,3.0434782608695663e+00,4.1728218155212063e-02,4.1728217805589982e-02,1.8611949986124124e-01,4.1728217805589982e-02
branch0_seg99,3.1449275362318865e+00,4.4518159281521023e-02,4.4518158940699479e-02,2.1248920883359437e-01,4.4518158940699479e-02
branch0_seg99,3.2463768115942031e+00,4.8348480654461103e-02,4.8348480360786629e-02,2.4012890434668363e-01,4.8348480360786622e-02
branch0_seg99,3.3478260869565233e+00,5.2996304698272996e-02,5.2996304466242282e-02,2.6706015335018585e-01,5.2996304466242282e-02
branch0_seg99,3.4492753623188435e+00,5.8155716003416541e-02,5.8155715868174050e-02,2.9100433790737307e-01,5.8155715868174057e-02
branch0_seg99,3.5507246376811601e+00,6.3468725470546147e-02,6.3468725428782249e-02,3.1024902183031788e-01,6.3468725428782249e-02
branch0_seg99,3.6521739130434803e+00,6.8561564356170543e-02,6.8561564421101451e-02,3.2338574533768494e-01,6.8561564421101465e-02
branch0_seg99,3.7536231884058004e+00,7.3082941675125759e-02,7.3082941827528461e-02,3.2974093692485867e-01,7.3082941827528461e-02
branch0_seg99,3.8550724637681171e+00,7.6738074085446334e-02,7.6738074315463173e-02,3.2921091368203459e-01,7.6738074315463173e-02
branch0_seg99,3.9565217391304373e+00,7.9322580742701140e-02,7.9322581014250396e-02,3.2258076088142840e-01,7.9322581014250396e-02
branch0_seg99,4.0579710144927574e+00,8.0735028972586248e-02,8.0735029270055825e-02,3.1088515052449062e-01,8.0735029270055825e-02
branch0_seg99,4.1594202898550776e+00,8.0984740906174954e-02,8.0984741187276346e-02,2.9583653501224461e-01,8.0984741187276346e-02
branch0_seg99,4.2608695652173907e+00,8.0183342686073356e-02,8.0183342938255797e-02,2.7911089163750313e-01,8.0183342938255797e-02
branch0_seg99,4.3623188405797109e+00,7.8525404305688079e-02,7.8525404499765569e-02,2.6248435548389415e-01,7.8525404499765569e-02
branch0_seg99,4.4637681159420310e+00,7.6259961100286627e-02,7.6259961233946419e-02,2.4739082920504518e-01,7.6259961233946419e-02
branch0_seg99,4.5652173913043512e+00,7.3656176702421181e-02,7.3656176769202539e-02,2.3487590384720636e-01,7.3656176769202525e-02
branch0_seg99,4.6666666666666714e+00,7.0971085155994360e-02,7.0971085165295586e-02,2.2550402393535640e-01,7.0971085165295600e-02
branch0_seg99,4.7681159420289845e+00,6.8414461607137864e-02,6.8414461577058258e-02,2.1911602521297593e-01,6.8414461577058244e-02
branch0_seg99,4.8695652173913047e+00,6.6129330598810321e-02,6.6129330542684675e-02,2.1526082172377348e-01,6.6129330542684675e-02
branch0_seg99,4.9710144927536248e+00,6.4178065031677528e-02,6.4178064978902438e-02,2.1289859728537608e-01,6.4178064978902438e-02
branch0_seg99,5.0724637681159450e+00,6.2542697367545780e-02,6.2542697329868752e-02,2.1092685751500850e-01,6.2542697329868752e-02
branch0_seg99,5.1739130434782652e+00,6.1136288026396542e-02,6.1136288025713227e-02,2.0812680065121941e-01,6.1136288025713227e-02
branch0_seg99,5.2753623188405783e+00,5.9824258322986025e-02,5.9824258361974268e-02,2.0352917695060588e-01,5.9824258361974268e-02
branch0_seg99,5.3768115942028984e+00,5.8452495621443480e-02,5.8452495703959807e-02,1.9648765638044594e-01,5.8452495703959807e-02
branch0_seg99,5.4782608695652186e+00,5.6879728152176741e-02,5.6879728265401469e-02,1.8690689435441951e-01,5.6879728265401469e-02
branch0_seg99,5.5797101449275388e+00,5.5005773824030213e-02,5.5005773955704058e-02,1.7516046840419952e-01,5.5005773955704058e-02
branch0_seg99,5.6811594202898590e+00,5.2795409543675953e-02,5.2795409668836502e-02,1.6220154155467054e-01,5.2795409668836502e-02
branch0_seg99,5.7826086956521792e+00,5.0292218573389773e-02,5.0292218671589596e-02,1.4935045658598134e-01,5.0292218671589596e-02
branch0_seg99,5.8840579710144922e+00,4.7621101166876879e-02,4.7621101213163958e-02,1.3820927610666428e-01,4.7621101213163958e-02
branch0_seg99,5.9855072463768124e+00,4.4979205162434442e-02,4.4979205140073010e-02,1.3042244774951195e-01,4.4979205140073010e-02
branch0_seg99,6.0869565217391326e+00,4.2614491504879545e-02,4.2614491402555327e-02,1.2743823073323282e-01,4.2614491402555320e-02
branch0_seg99,6.1884057971014528e+00,4.0796086702214338e-02,4.0796086518386600e-02,1.3032649683885886e-01,4.0796086518386600e-02
branch0_seg99,6.2898550724637730e+00,3.9780771368315135e-02,3.9780771110569615e-02,1.3962079516685380e-01,3.9780771110569615e-02
branch0_seg99,6.3913043478260860e+00,3.9778329423482812e-02,3.9778329109702276e-02,1.5519103981371388e-01,3.9778329109702276e-02
branch0_seg99,6.4927536231884062e+00,4.0921508430062044e-02,4.0921508084447777e-02,1.7625539159723769e-01,4.0921508084447777e-02
branch0_seg99,6.5942028985507264e+00,4.3244725558559349e-02,4.3244725210867502e-02,2.0143357586739005e-01,4.3244725210867502e-02
branch0_seg99,6.6956521739130466e+00,4.6672642287937799e-02,4.6672641969913609e-02,2.2884881230998241e-01,4.6672641969913602e-02
branch0_seg99,6.7971014492753667e+00,5.1019635527109634e-02,5.1019635269749258e-02,2.5628894063805435e-01,5.1019635269749265e-02
branch0_seg99,6.8985507246376869e+00,5.6011504884506055e-02,5.6011504704486889e-02,2.8173359179659424e-01,5.6011504704486889e-02
branch0_seg99,7.0000000000000000e+00,6.1306941919489440e-02,6.1306941842385256e-02,3.0305756338825540e-01,6.1306941842385256e-02
