solid ASCII
  facet normal 0.000000e+00 -0.000000e+00 -1.000000e+00
    outer loop
      vertex   -1.498011e-01 -2.922782e-01 5.075000e-01
      vertex   1.498011e-01 -2.922782e-01 5.075000e-01
      vertex   -1.500000e-01 -3.000000e-01 5.075000e-01
    endloop
  endfacet
  facet normal 0.000000e+00 0.000000e+00 -1.000000e+00
    outer loop
      vertex   -1.500000e-01 -3.000000e-01 5.075000e-01
      vertex   1.498011e-01 -2.922782e-01 5.075000e-01
      vertex   1.500000e-01 -3.000000e-01 5.075000e-01
    endloop
  endfacet
  facet normal 0.000000e+00 0.000000e+00 -1.000000e+00
    outer loop
      vertex   -1.500000e-01 -3.000000e-01 5.075000e-01
      vertex   1.500000e-01 -3.000000e-01 5.075000e-01
      vertex   -1.498011e-01 -3.077218e-01 5.075000e-01
    endloop
  endfacet
  facet normal 0.000000e+00 0.000000e+00 -1.000000e+00
    outer loop
      vertex   -1.498011e-01 -3.077218e-01 5.075000e-01
      vertex   1.500000e-01 -3.000000e-01 5.075000e-01
      vertex   1.498011e-01 -3.077218e-01 5.075000e-01
    endloop
  endfacet
  facet normal 0.000000e+00 0.000000e+00 -1.000000e+00
    outer loop
      vertex   -1.498011e-01 -3.077218e-01 5.075000e-01
      vertex   1.498011e-01 -3.077218e-01 5.075000e-01
      vertex   -1.492050e-01 -3.154231e-01 5.075000e-01
    endloop
  endfacet
  facet normal 0.000000e+00 0.000000e+00 -1.000000e+00
    outer loop
      vertex   -1.492050e-01 -3.154231e-01 5.075000e-01
      vertex   1.498011e-01 -3.077218e-01 5.075000e-01
      vertex   1.492050e-01 -3.154231e-01 5.075000e-01
    endloop
  endfacet
  facet normal 0.000000e+00 0.000000e+00 -1.000000e+00
    outer loop
      vertex   -1.492050e-01 -3.154231e-01 5.075000e-01
      vertex   1.492050e-01 -3.154231e-01 5.075000e-01
      vertex   -1.482132e-01 -3.230836e-01 5.075000e-01
    endloop
  endfacet
  facet normal 0.000000e+00 0.000000e+00 -1.000000e+00
    outer loop
      vertex   -1.482132e-01 -3.230836e-01 5.075000e-01
      vertex   1.492050e-01 -3.154231e-01 5.075000e-01
      vertex   1.482132e-01 -3.230836e-01 5.075000e-01
    endloop
  endfacet
  facet normal 0.000000e+00 0.000000e+00 -1.000000e+00
    outer loop
      vertex   -1.482132e-01 -3.230836e-01 5.075000e-01
      vertex   1.482132e-01 -3.230836e-01 5.075000e-01
      vertex   -1.468284e-01 -3.306828e-01 5.075000e-01
    endloop
  endfacet
  facet normal 0.000000e+00 0.000000e+00 -1.000000e+00
    outer loop
      vertex   -1.468284e-01 -3.306828e-01 5.075000e-01
      vertex   1.482132e-01 -3.230836e-01 5.075000e-01
      vertex   1.468284e-01 -3.306828e-01 5.075000e-01
    endloop
  endfacet
  facet normal 0.000000e+00 0.000000e+00 -1.000000e+00
    outer loop
      vertex   -1.468284e-01 -3.306828e-01 5.075000e-01
      vertex   1.468284e-01 -3.306828e-01 5.075000e-01
      vertex   -1.450542e-01 -3.382007e-01 5.075000e-01
    endloop
  endfacet
  facet normal 0.000000e+00 0.000000e+00 -1.000000e+00
    outer loop
      vertex   -1.450542e-01 -3.382007e-01 5.075000e-01
      vertex   1.468284e-01 -3.306828e-01 5.075000e-01
      vertex   1.450542e-01 -3.382007e-01 5.075000e-01
    endloop
  endfacet
  facet normal 0.000000e+00 0.000000e+00 -1.000000e+00
    outer loop
      vertex   -1.450542e-01 -3.382007e-01 5.075000e-01
      vertex   1.450542e-01 -3.382007e-01 5.075000e-01
      vertex   -1.428953e-01 -3.456172e-01 5.075000e-01
    endloop
  endfacet
  facet normal 0.000000e+00 0.000000e+00 -1.000000e+00
    outer loop
      vertex   -1.428953e-01 -3.456172e-01 5.075000e-01
      vertex   1.450542e-01 -3.382007e-01 5.075000e-01
      vertex   1.428953e-01 -3.456172e-01 5.075000e-01
    endloop
  endfacet
  facet normal 0.000000e+00 0.000000e+00 -1.000000e+00
    outer loop
      vertex   -1.428953e-01 -3.456172e-01 5.075000e-01
      vertex   1.428953e-01 -3.456172e-01 5.075000e-01
      vertex   -1.403575e-01 -3.529128e-01 5.075000e-01
    endloop
  endfacet
  facet normal 0.000000e+00 0.000000e+00 -1.000000e+00
    outer loop
      vertex   -1.403575e-01 -3.529128e-01 5.075000e-01
      vertex   1.428953e-01 -3.456172e-01 5.075000e-01
      vertex   1.403575e-01 -3.529128e-01 5.075000e-01
    endloop
  endfacet
  facet normal 0.000000e+00 0.000000e+00 -1.000000e+00
    outer loop
      vertex   -1.403575e-01 -3.529128e-01 5.075000e-01
      vertex   1.403575e-01 -3.529128e-01 5.075000e-01
      vertex   -1.374475e-01 -3.600681e-01 5.075000e-01
    endloop
  endfacet
  facet normal 0.000000e+00 0.000000e+00 -1.000000e+00
    outer loop
      vertex   -1.374475e-01 -3.600681e-01 5.075000e-01
      vertex   1.403575e-01 -3.529128e-01 5.075000e-01
      vertex   1.374475e-01 -3.600681e-01 5.075000e-01
    endloop
  endfacet
  facet normal 0.000000e+00 0.000000e+00 -1.000000e+00
    outer loop
      vertex   -1.374475e-01 -3.600681e-01 5.075000e-01
      vertex   1.374475e-01 -3.600681e-01 5.075000e-01
      vertex   -1.341731e-01 -3.670641e-01 5.075000e-01
    endloop
  endfacet
  facet normal 0.000000e+00 0.000000e+00 -1.000000e+00
    outer loop
      vertex   -1.341731e-01 -3.670641e-01 5.075000e-01
      vertex   1.374475e-01 -3.600681e-01 5.075000e-01
      vertex   1.341731e-01 -3.670641e-01 5.075000e-01
    endloop
  endfacet
  facet normal 0.000000e+00 0.000000e+00 -1.000000e+00
    outer loop
      vertex   -1.341731e-01 -3.670641e-01 5.075000e-01
      vertex   1.341731e-01 -3.670641e-01 5.075000e-01
      vertex   -1.305428e-01 -3.738822e-01 5.075000e-01
    endloop
  endfacet
  facet normal 0.000000e+00 0.000000e+00 -1.000000e+00
    outer loop
      vertex   -1.305428e-01 -3.738822e-01 5.075000e-01
      vertex   1.341731e-01 -3.670641e-01 5.075000e-01
      vertex   1.305428e-01 -3.738822e-01 5.075000e-01
    endloop
  endfacet
  facet normal 0.000000e+00 0.000000e+00 -1.000000e+00
    outer loop
      vertex   -1.305428e-01 -3.738822e-01 5.075000e-01
      vertex   1.305428e-01 -3.738822e-01 5.075000e-01
      vertex   -1.265663e-01 -3.805044e-01 5.075000e-01
    endloop
  endfacet
  facet normal 0.000000e+00 0.000000e+00 -1.000000e+00
    outer loop
      vertex   -1.265663e-01 -3.805044e-01 5.075000e-01
      vertex   1.305428e-01 -3.738822e-01 5.075000e-01
      vertex   1.265663e-01 -3.805044e-01 5.075000e-01
    endloop
  endfacet
  facet normal 0.000000e+00 0.000000e+00 -1.000000e+00
    outer loop
      vertex   -1.265663e-01 -3.805044e-01 5.075000e-01
      vertex   1.265663e-01 -3.805044e-01 5.075000e-01
      vertex   -1.222543e-01 -3.869132e-01 5.075000e-01
    endloop
  endfacet
  facet normal 0.000000e+00 0.000000e+00 -1.000000e+00
    outer loop
      vertex   -1.222543e-01 -3.869132e-01 5.075000e-01
      vertex   1.265663e-01 -3.805044e-01 5.075000e-01
      vertex   1.222543e-01 -3.869132e-01 5.075000e-01
    endloop
  endfacet
  facet normal 0.000000e+00 0.000000e+00 -1.000000e+00
    outer loop
      vertex   -1.222543e-01 -3.869132e-01 5.075000e-01
      vertex   1.222543e-01 -3.869132e-01 5.075000e-01
      vertex   -1.176180e-01 -3.930914e-01 5.075000e-01
    endloop
  endfacet
  facet normal 0.000000e+00 0.000000e+00 -1.000000e+00
    outer loop
      vertex   -1.176180e-01 -3.930914e-01 5.075000e-01
      vertex   1.222543e-01 -3.869132e-01 5.075000e-01
      vertex   1.176180e-01 -3.930914e-01 5.075000e-01
    endloop
  endfacet
  facet normal 0.000000e+00 0.000000e+00 -1.000000e+00
    outer loop
      vertex   -1.176180e-01 -3.930914e-01 5.075000e-01
      vertex   1.176180e-01 -3.930914e-01 5.075000e-01
      vertex   -1.126698e-01 -3.990228e-01 5.075000e-01
    endloop
  endfacet
  facet normal 0.000000e+00 0.000000e+00 -1.000000e+00
    outer loop
      vertex   -1.126698e-01 -3.990228e-01 5.075000e-01
      vertex   1.176180e-01 -3.930914e-01 5.075000e-01
      vertex   1.126698e-01 -3.990228e-01 5.075000e-01
    endloop
  endfacet
  facet normal 0.000000e+00 0.000000e+00 -1.000000e+00
    outer loop
      vertex   -1.126698e-01 -3.990228e-01 5.075000e-01
      vertex   1.126698e-01 -3.990228e-01 5.075000e-01
      vertex   -1.074228e-01 -4.046916e-01 5.075000e-01
    endloop
  endfacet
  facet normal 0.000000e+00 0.000000e+00 -1.000000e+00
    outer loop
      vertex   -1.074228e-01 -4.046916e-01 5.075000e-01
      vertex   1.126698e-01 -3.990228e-01 5.075000e-01
      vertex   1.074228e-01 -4.046916e-01 5.075000e-01
    endloop
  endfacet
  facet normal 0.000000e+00 0.000000e+00 -1.000000e+00
    outer loop
      vertex   -1.074228e-01 -4.046916e-01 5.075000e-01
      vertex   1.074228e-01 -4.046916e-01 5.075000e-01
      vertex   -1.018910e-01 -4.100828e-01 5.075000e-01
    endloop
  endfacet
  facet normal 0.000000e+00 0.000000e+00 -1.000000e+00
    outer loop
      vertex   -1.018910e-01 -4.100828e-01 5.075000e-01
      vertex   1.074228e-01 -4.046916e-01 5.075000e-01
      vertex   1.018910e-01 -4.100828e-01 5.075000e-01
    endloop
  endfacet
  facet normal 0.000000e+00 0.000000e+00 -1.000000e+00
    outer loop
      vertex   -1.018910e-01 -4.100828e-01 5.075000e-01
      vertex   1.018910e-01 -4.100828e-01 5.075000e-01
      vertex   -9.608898e-02 -4.151821e-01 5.075000e-01
    endloop
  endfacet
  facet normal 0.000000e+00 0.000000e+00 -1.000000e+00
    outer loop
      vertex   -9.608898e-02 -4.151821e-01 5.075000e-01
      vertex   1.018910e-01 -4.100828e-01 5.075000e-01
      vertex   9.608898e-02 -4.151821e-01 5.075000e-01
    endloop
  endfacet
  facet normal 0.000000e+00 0.000000e+00 -1.000000e+00
    outer loop
      vertex   -9.608898e-02 -4.151821e-01 5.075000e-01
      vertex   9.608898e-02 -4.151821e-01 5.075000e-01
      vertex   -9.003214e-02 -4.199759e-01 5.075000e-01
    endloop
  endfacet
  facet normal 0.000000e+00 0.000000e+00 -1.000000e+00
    outer loop
      vertex   -9.003214e-02 -4.199759e-01 5.075000e-01
      vertex   9.608898e-02 -4.151821e-01 5.075000e-01
      vertex   9.003214e-02 -4.199759e-01 5.075000e-01
    endloop
  endfacet
  facet normal 0.000000e+00 0.000000e+00 -1.000000e+00
    outer loop
      vertex   -9.003214e-02 -4.199759e-01 5.075000e-01
      vertex   9.003214e-02 -4.199759e-01 5.075000e-01
      vertex   -8.373656e-02 -4.244516e-01 5.075000e-01
    endloop
  endfacet
  facet normal 0.000000e+00 0.000000e+00 -1.000000e+00
    outer loop
      vertex   -8.373656e-02 -4.244516e-01 5.075000e-01
      vertex   9.003214e-02 -4.199759e-01 5.075000e-01
      vertex   8.373656e-02 -4.244516e-01 5.075000e-01
    endloop
  endfacet
  facet normal 0.000000e+00 0.000000e+00 -1.000000e+00
    outer loop
      vertex   -8.373656e-02 -4.244516e-01 5.075000e-01
      vertex   8.373656e-02 -4.244516e-01 5.075000e-01
      vertex   -7.721892e-02 -4.285972e-01 5.075000e-01
    endloop
  endfacet
  facet normal 0.000000e+00 0.000000e+00 -1.000000e+00
    outer loop
      vertex   -7.721892e-02 -4.285972e-01 5.075000e-01
      vertex   8.373656e-02 -4.244516e-01 5.075000e-01
      vertex   7.721892e-02 -4.285972e-01 5.075000e-01
    endloop
  endfacet
  facet normal 0.000000e+00 0.000000e+00 -1.000000e+00
    outer loop
      vertex   -7.721892e-02 -4.285972e-01 5.075000e-01
      vertex   7.721892e-02 -4.285972e-01 5.075000e-01
      vertex   -7.049651e-02 -4.324018e-01 5.075000e-01
    endloop
  endfacet
  facet normal 0.000000e+00 0.000000e+00 -1.000000e+00
    outer loop
      vertex   -7.049651e-02 -4.324018e-01 5.075000e-01
      vertex   7.721892e-02 -4.285972e-01 5.075000e-01
      vertex   7.049651e-02 -4.324018e-01 5.075000e-01
    endloop
  endfacet
  facet normal 0.000000e+00 0.000000e+00 -1.000000e+00
    outer loop
      vertex   -7.049651e-02 -4.324018e-01 5.075000e-01
      vertex   7.049651e-02 -4.324018e-01 5.075000e-01
      vertex   -6.358716e-02 -4.358553e-01 5.075000e-01
    endloop
  endfacet
  facet normal 0.000000e+00 0.000000e+00 -1.000000e+00
    outer loop
      vertex   -6.358716e-02 -4.358553e-01 5.075000e-01
      vertex   7.049651e-02 -4.324018e-01 5.075000e-01
      vertex   6.358716e-02 -4.358553e-01 5.075000e-01
    endloop
  endfacet
  facet normal 0.000000e+00 0.000000e+00 -1.000000e+00
    outer loop
      vertex   -6.358716e-02 -4.358553e-01 5.075000e-01
      vertex   6.358716e-02 -4.358553e-01 5.075000e-01
      vertex   -5.650918e-02 -4.389486e-01 5.075000e-01
    endloop
  endfacet
  facet normal 0.000000e+00 0.000000e+00 -1.000000e+00
    outer loop
      vertex   -5.650918e-02 -4.389486e-01 5.075000e-01
      vertex   6.358716e-02 -4.358553e-01 5.075000e-01
      vertex   5.650918e-02 -4.389486e-01 5.075000e-01
    endloop
  endfacet
  facet normal 0.000000e+00 0.000000e+00 -1.000000e+00
    outer loop
      vertex   -5.650918e-02 -4.389486e-01 5.075000e-01
      vertex   5.650918e-02 -4.389486e-01 5.075000e-01
      vertex   -4.928136e-02 -4.416734e-01 5.075000e-01
    endloop
  endfacet
  facet normal 0.000000e+00 0.000000e+00 -1.000000e+00
    outer loop
      vertex   -4.928136e-02 -4.416734e-01 5.075000e-01
      vertex   5.650918e-02 -4.389486e-01 5.075000e-01
      vertex   4.928136e-02 -4.416734e-01 5.075000e-01
    endloop
  endfacet
  facet normal 0.000000e+00 0.000000e+00 -1.000000e+00
    outer loop
      vertex   -4.928136e-02 -4.416734e-01 5.075000e-01
      vertex   4.928136e-02 -4.416734e-01 5.075000e-01
      vertex   -4.192285e-02 -4.440225e-01 5.075000e-01
    endloop
  endfacet
  facet normal 0.000000e+00 0.000000e+00 -1.000000e+00
    outer loop
      vertex   -4.192285e-02 -4.440225e-01 5.075000e-01
      vertex   4.928136e-02 -4.416734e-01 5.075000e-01
      vertex   4.192285e-02 -4.440225e-01 5.075000e-01
    endloop
  endfacet
  facet normal 0.000000e+00 0.000000e+00 -1.000000e+00
    outer loop
      vertex   -4.192285e-02 -4.440225e-01 5.075000e-01
      vertex   4.192285e-02 -4.440225e-01 5.075000e-01
      vertex   -3.445316e-02 -4.459897e-01 5.075000e-01
    endloop
  endfacet
  facet normal 0.000000e+00 0.000000e+00 -1.000000e+00
    outer loop
      vertex   -3.445316e-02 -4.459897e-01 5.075000e-01
      vertex   4.192285e-02 -4.440225e-01 5.075000e-01
      vertex   3.445316e-02 -4.459897e-01 5.075000e-01
    endloop
  endfacet
  facet normal 0.000000e+00 0.000000e+00 -1.000000e+00
    outer loop
      vertex   -3.445316e-02 -4.459897e-01 5.075000e-01
      vertex   3.445316e-02 -4.459897e-01 5.075000e-01
      vertex   -2.689211e-02 -4.475697e-01 5.075000e-01
    endloop
  endfacet
  facet normal 0.000000e+00 0.000000e+00 -1.000000e+00
    outer loop
      vertex   -2.689211e-02 -4.475697e-01 5.075000e-01
      vertex   3.445316e-02 -4.459897e-01 5.075000e-01
      vertex   2.689211e-02 -4.475697e-01 5.075000e-01
    endloop
  endfacet
  facet normal 0.000000e+00 0.000000e+00 -1.000000e+00
    outer loop
      vertex   -2.689211e-02 -4.475697e-01 5.075000e-01
      vertex   2.689211e-02 -4.475697e-01 5.075000e-01
      vertex   -1.925975e-02 -4.487584e-01 5.075000e-01
    endloop
  endfacet
  facet normal 0.000000e+00 0.000000e+00 -1.000000e+00
    outer loop
      vertex   -1.925975e-02 -4.487584e-01 5.075000e-01
      vertex   2.689211e-02 -4.475697e-01 5.075000e-01
      vertex   1.925975e-02 -4.487584e-01 5.075000e-01
    endloop
  endfacet
  facet normal 0.000000e+00 0.000000e+00 -1.000000e+00
    outer loop
      vertex   -1.925975e-02 -4.487584e-01 5.075000e-01
      vertex   1.925975e-02 -4.487584e-01 5.075000e-01
      vertex   -1.157632e-02 -4.495526e-01 5.075000e-01
    endloop
  endfacet
  facet normal 0.000000e+00 0.000000e+00 -1.000000e+00
    outer loop
      vertex   -1.157632e-02 -4.495526e-01 5.075000e-01
      vertex   1.925975e-02 -4.487584e-01 5.075000e-01
      vertex   1.157632e-02 -4.495526e-01 5.075000e-01
    endloop
  endfacet
  facet normal 0.000000e+00 0.000000e+00 -1.000000e+00
    outer loop
      vertex   -1.157632e-02 -4.495526e-01 5.075000e-01
      vertex   1.157632e-02 -4.495526e-01 5.075000e-01
      vertex   -3.862187e-03 -4.499503e-01 5.075000e-01
    endloop
  endfacet
  facet normal 0.000000e+00 0.000000e+00 -1.000000e+00
    outer loop
      vertex   -3.862187e-03 -4.499503e-01 5.075000e-01
      vertex   1.157632e-02 -4.495526e-01 5.075000e-01
      vertex   3.862187e-03 -4.499503e-01 5.075000e-01
    endloop
  endfacet
  facet normal 0.000000e+00 0.000000e+00 -1.000000e+00
    outer loop
      vertex   1.498011e-01 -2.922782e-01 5.075000e-01
      vertex   -1.498011e-01 -2.922782e-01 5.075000e-01
      vertex   1.492050e-01 -2.845769e-01 5.075000e-01
    endloop
  endfacet
  facet normal -0.000000e+00 0.000000e+00 -1.000000e+00
    outer loop
      vertex   1.492050e-01 -2.845769e-01 5.075000e-01
      vertex   -1.498011e-01 -2.922782e-01 5.075000e-01
      vertex   -1.492050e-01 -2.845769e-01 5.075000e-01
    endloop
  endfacet
  facet normal 0.000000e+00 0.000000e+00 -1.000000e+00
    outer loop
      vertex   1.492050e-01 -2.845769e-01 5.075000e-01
      vertex   -1.492050e-01 -2.845769e-01 5.075000e-01
      vertex   1.482132e-01 -2.769164e-01 5.075000e-01
    endloop
  endfacet
  facet normal 0.000000e+00 0.000000e+00 -1.000000e+00
    outer loop
      vertex   1.482132e-01 -2.769164e-01 5.075000e-01
      vertex   -1.492050e-01 -2.845769e-01 5.075000e-01
      vertex   -1.482132e-01 -2.769164e-01 5.075000e-01
    endloop
  endfacet
  facet normal -0.000000e+00 0.000000e+00 -1.000000e+00
    outer loop
      vertex   1.482132e-01 -2.769164e-01 5.075000e-01
      vertex   -1.482132e-01 -2.769164e-01 5.075000e-01
      vertex   1.468284e-01 -2.693172e-01 5.075000e-01
    endloop
  endfacet
  facet normal 0.000000e+00 0.000000e+00 -1.000000e+00
    outer loop
      vertex   1.468284e-01 -2.693172e-01 5.075000e-01
      vertex   -1.482132e-01 -2.769164e-01 5.075000e-01
      vertex   -1.468284e-01 -2.693172e-01 5.075000e-01
    endloop
  endfacet
  facet normal -0.000000e+00 0.000000e+00 -1.000000e+00
    outer loop
      vertex   1.468284e-01 -2.693172e-01 5.075000e-01
      vertex   -1.468284e-01 -2.693172e-01 5.075000e-01
      vertex   1.450542e-01 -2.617993e-01 5.075000e-01
    endloop
  endfacet
  facet normal -0.000000e+00 0.000000e+00 -1.000000e+00
    outer loop
      vertex   1.450542e-01 -2.617993e-01 5.075000e-01
      vertex   -1.468284e-01 -2.693172e-01 5.075000e-01
      vertex   -1.450542e-01 -2.617993e-01 5.075000e-01
    endloop
  endfacet
  facet normal 0.000000e+00 0.000000e+00 -1.000000e+00
    outer loop
      vertex   1.450542e-01 -2.617993e-01 5.075000e-01
      vertex   -1.450542e-01 -2.617993e-01 5.075000e-01
      vertex   1.428953e-01 -2.543828e-01 5.075000e-01
    endloop
  endfacet
  facet normal -0.000000e+00 0.000000e+00 -1.000000e+00
    outer loop
      vertex   1.428953e-01 -2.543828e-01 5.075000e-01
      vertex   -1.450542e-01 -2.617993e-01 5.075000e-01
      vertex   -1.428953e-01 -2.543828e-01 5.075000e-01
    endloop
  endfacet
  facet normal 0.000000e+00 0.000000e+00 -1.000000e+00
    outer loop
      vertex   1.428953e-01 -2.543828e-01 5.075000e-01
      vertex   -1.428953e-01 -2.543828e-01 5.075000e-01
      vertex   1.403575e-01 -2.470872e-01 5.075000e-01
    endloop
  endfacet
  facet normal -0.000000e+00 0.000000e+00 -1.000000e+00
    outer loop
      vertex   1.403575e-01 -2.470872e-01 5.075000e-01
      vertex   -1.428953e-01 -2.543828e-01 5.075000e-01
      vertex   -1.403575e-01 -2.470872e-01 5.075000e-01
    endloop
  endfacet
  facet normal 0.000000e+00 0.000000e+00 -1.000000e+00
    outer loop
      vertex   1.403575e-01 -2.470872e-01 5.075000e-01
      vertex   -1.403575e-01 -2.470872e-01 5.075000e-01
      vertex   1.374475e-01 -2.399319e-01 5.075000e-01
    endloop
  endfacet
  facet normal 0.000000e+00 0.000000e+00 -1.000000e+00
    outer loop
      vertex   1.374475e-01 -2.399319e-01 5.075000e-01
      vertex   -1.403575e-01 -2.470872e-01 5.075000e-01
      vertex   -1.374475e-01 -2.399319e-01 5.075000e-01
    endloop
  endfacet
  facet normal -0.000000e+00 0.000000e+00 -1.000000e+00
    outer loop
      vertex   1.374475e-01 -2.399319e-01 5.075000e-01
      vertex   -1.374475e-01 -2.399319e-01 5.075000e-01
      vertex   1.341731e-01 -2.329359e-01 5.075000e-01
    endloop
  endfacet
  facet normal 0.000000e+00 0.000000e+00 -1.000000e+00
    outer loop
      vertex   1.341731e-01 -2.329359e-01 5.075000e-01
      vertex   -1.374475e-01 -2.399319e-01 5.075000e-01
      vertex   -1.341731e-01 -2.329359e-01 5.075000e-01
    endloop
  endfacet
  facet normal -0.000000e+00 0.000000e+00 -1.000000e+00
    outer loop
      vertex   1.341731e-01 -2.329359e-01 5.075000e-01
      vertex   -1.341731e-01 -2.329359e-01 5.075000e-01
      vertex   1.305428e-01 -2.261178e-01 5.075000e-01
    endloop
  endfacet
  facet normal 0.000000e+00 0.000000e+00 -1.000000e+00
    outer loop
      vertex   1.305428e-01 -2.261178e-01 5.075000e-01
      vertex   -1.341731e-01 -2.329359e-01 5.075000e-01
      vertex   -1.305428e-01 -2.261178e-01 5.075000e-01
    endloop
  endfacet
  facet normal -0.000000e+00 0.000000e+00 -1.000000e+00
    outer loop
      vertex   1.305428e-01 -2.261178e-01 5.075000e-01
      vertex   -1.305428e-01 -2.261178e-01 5.075000e-01
      vertex   1.265663e-01 -2.194956e-01 5.075000e-01
    endloop
  endfacet
  facet normal -0.000000e+00 0.000000e+00 -1.000000e+00
    outer loop
      vertex   1.265663e-01 -2.194956e-01 5.075000e-01
      vertex   -1.305428e-01 -2.261178e-01 5.075000e-01
      vertex   -1.265663e-01 -2.194956e-01 5.075000e-01
    endloop
  endfacet
  facet normal 0.000000e+00 0.000000e+00 -1.000000e+00
    outer loop
      vertex   1.265663e-01 -2.194956e-01 5.075000e-01
      vertex   -1.265663e-01 -2.194956e-01 5.075000e-01
      vertex   1.222543e-01 -2.130868e-01 5.075000e-01
    endloop
  endfacet
  facet normal -0.000000e+00 0.000000e+00 -1.000000e+00
    outer loop
      vertex   1.222543e-01 -2.130868e-01 5.075000e-01
      vertex   -1.265663e-01 -2.194956e-01 5.075000e-01
      vertex   -1.222543e-01 -2.130868e-01 5.075000e-01
    endloop
  endfacet
  facet normal 0.000000e+00 0.000000e+00 -1.000000e+00
    outer loop
      vertex   1.222543e-01 -2.130868e-01 5.075000e-01
      vertex   -1.222543e-01 -2.130868e-01 5.075000e-01
      vertex   1.176180e-01 -2.069086e-01 5.075000e-01
    endloop
  endfacet
  facet normal 0.000000e+00 0.000000e+00 -1.000000e+00
    outer loop
      vertex   1.176180e-01 -2.069086e-01 5.075000e-01
      vertex   -1.222543e-01 -2.130868e-01 5.075000e-01
      vertex   -1.176180e-01 -2.069086e-01 5.075000e-01
    endloop
  endfacet
  facet normal -0.000000e+00 0.000000e+00 -1.000000e+00
    outer loop
      vertex   1.176180e-01 -2.069086e-01 5.075000e-01
      vertex   -1.176180e-01 -2.069086e-01 5.075000e-01
      vertex   1.126698e-01 -2.009772e-01 5.075000e-01
    endloop
  endfacet
  facet normal -0.000000e+00 0.000000e+00 -1.000000e+00
    outer loop
      vertex   1.126698e-01 -2.009772e-01 5.075000e-01
      vertex   -1.176180e-01 -2.069086e-01 5.075000e-01
      vertex   -1.126698e-01 -2.009772e-01 5.075000e-01
    endloop
  endfacet
  facet normal 0.000000e+00 0.000000e+00 -1.000000e+00
    outer loop
      vertex   1.126698e-01 -2.009772e-01 5.075000e-01
      vertex   -1.126698e-01 -2.009772e-01 5.075000e-01
      vertex   1.074228e-01 -1.953084e-01 5.075000e-01
    endloop
  endfacet
  facet normal 0.000000e+00 0.000000e+00 -1.000000e+00
    outer loop
      vertex   1.074228e-01 -1.953084e-01 5.075000e-01
      vertex   -1.126698e-01 -2.009772e-01 5.075000e-01
      vertex   -1.074228e-01 -1.953084e-01 5.075000e-01
    endloop
  endfacet
  facet normal -0.000000e+00 0.000000e+00 -1.000000e+00
    outer loop
      vertex   1.074228e-01 -1.953084e-01 5.075000e-01
      vertex   -1.074228e-01 -1.953084e-01 5.075000e-01
      vertex   1.018910e-01 -1.899172e-01 5.075000e-01
    endloop
  endfacet
  facet normal -0.000000e+00 0.000000e+00 -1.000000e+00
    outer loop
      vertex   1.018910e-01 -1.899172e-01 5.075000e-01
      vertex   -1.074228e-01 -1.953084e-01 5.075000e-01
      vertex   -1.018910e-01 -1.899172e-01 5.075000e-01
    endloop
  endfacet
  facet normal 0.000000e+00 0.000000e+00 -1.000000e+00
    outer loop
      vertex   1.018910e-01 -1.899172e-01 5.075000e-01
      vertex   -1.018910e-01 -1.899172e-01 5.075000e-01
      vertex   9.608898e-02 -1.848179e-01 5.075000e-01
    endloop
  endfacet
  facet normal -0.000000e+00 0.000000e+00 -1.000000e+00
    outer loop
      vertex   9.608898e-02 -1.848179e-01 5.075000e-01
      vertex   -1.018910e-01 -1.899172e-01 5.075000e-01
      vertex   -9.608898e-02 -1.848179e-01 5.075000e-01
    endloop
  endfacet
  facet normal 0.000000e+00 0.000000e+00 -1.000000e+00
    outer loop
      vertex   9.608898e-02 -1.848179e-01 5.075000e-01
      vertex   -9.608898e-02 -1.848179e-01 5.075000e-01
      vertex   9.003214e-02 -1.800241e-01 5.075000e-01
    endloop
  endfacet
  facet normal 0.000000e+00 0.000000e+00 -1.000000e+00
    outer loop
      vertex   9.003214e-02 -1.800241e-01 5.075000e-01
      vertex   -9.608898e-02 -1.848179e-01 5.075000e-01
      vertex   -9.003214e-02 -1.800241e-01 5.075000e-01
    endloop
  endfacet
  facet normal -0.000000e+00 0.000000e+00 -1.000000e+00
    outer loop
      vertex   9.003214e-02 -1.800241e-01 5.075000e-01
      vertex   -9.003214e-02 -1.800241e-01 5.075000e-01
      vertex   8.373656e-02 -1.755484e-01 5.075000e-01
    endloop
  endfacet
  facet normal -0.000000e+00 0.000000e+00 -1.000000e+00
    outer loop
      vertex   8.373656e-02 -1.755484e-01 5.075000e-01
      vertex   -9.003214e-02 -1.800241e-01 5.075000e-01
      vertex   -8.373656e-02 -1.755484e-01 5.075000e-01
    endloop
  endfacet
  facet normal 0.000000e+00 0.000000e+00 -1.000000e+00
    outer loop
      vertex   8.373656e-02 -1.755484e-01 5.075000e-01
      vertex   -8.373656e-02 -1.755484e-01 5.075000e-01
      vertex   7.721892e-02 -1.714028e-01 5.075000e-01
    endloop
  endfacet
  facet normal 0.000000e+00 0.000000e+00 -1.000000e+00
    outer loop
      vertex   7.721892e-02 -1.714028e-01 5.075000e-01
      vertex   -8.373656e-02 -1.755484e-01 5.075000e-01
      vertex   -7.721892e-02 -1.714028e-01 5.075000e-01
    endloop
  endfacet
  facet normal -0.000000e+00 0.000000e+00 -1.000000e+00
    outer loop
      vertex   7.721892e-02 -1.714028e-01 5.075000e-01
      vertex   -7.721892e-02 -1.714028e-01 5.075000e-01
      vertex   7.049651e-02 -1.675982e-01 5.075000e-01
    endloop
  endfacet
  facet normal -0.000000e+00 0.000000e+00 -1.000000e+00
    outer loop
      vertex   7.049651e-02 -1.675982e-01 5.075000e-01
      vertex   -7.721892e-02 -1.714028e-01 5.075000e-01
      vertex   -7.049651e-02 -1.675982e-01 5.075000e-01
    endloop
  endfacet
  facet normal 0.000000e+00 0.000000e+00 -1.000000e+00
    outer loop
      vertex   7.049651e-02 -1.675982e-01 5.075000e-01
      vertex   -7.049651e-02 -1.675982e-01 5.075000e-01
      vertex   6.358716e-02 -1.641447e-01 5.075000e-01
    endloop
  endfacet
  facet normal -0.000000e+00 0.000000e+00 -1.000000e+00
    outer loop
      vertex   6.358716e-02 -1.641447e-01 5.075000e-01
      vertex   -7.049651e-02 -1.675982e-01 5.075000e-01
      vertex   -6.358716e-02 -1.641447e-01 5.075000e-01
    endloop
  endfacet
  facet normal 0.000000e+00 0.000000e+00 -1.000000e+00
    outer loop
      vertex   6.358716e-02 -1.641447e-01 5.075000e-01
      vertex   -6.358716e-02 -1.641447e-01 5.075000e-01
      vertex   5.650918e-02 -1.610514e-01 5.075000e-01
    endloop
  endfacet
  facet normal -0.000000e+00 0.000000e+00 -1.000000e+00
    outer loop
      vertex   5.650918e-02 -1.610514e-01 5.075000e-01
      vertex   -6.358716e-02 -1.641447e-01 5.075000e-01
      vertex   -5.650918e-02 -1.610514e-01 5.075000e-01
    endloop
  endfacet
  facet normal 0.000000e+00 0.000000e+00 -1.000000e+00
    outer loop
      vertex   5.650918e-02 -1.610514e-01 5.075000e-01
      vertex   -5.650918e-02 -1.610514e-01 5.075000e-01
      vertex   4.928136e-02 -1.583266e-01 5.075000e-01
    endloop
  endfacet
  facet normal -0.000000e+00 0.000000e+00 -1.000000e+00
    outer loop
      vertex   4.928136e-02 -1.583266e-01 5.075000e-01
      vertex   -5.650918e-02 -1.610514e-01 5.075000e-01
      vertex   -4.928136e-02 -1.583266e-01 5.075000e-01
    endloop
  endfacet
  facet normal 0.000000e+00 0.000000e+00 -1.000000e+00
    outer loop
      vertex   4.928136e-02 -1.583266e-01 5.075000e-01
      vertex   -4.928136e-02 -1.583266e-01 5.075000e-01
      vertex   4.192285e-02 -1.559775e-01 5.075000e-01
    endloop
  endfacet
  facet normal -0.000000e+00 0.000000e+00 -1.000000e+00
    outer loop
      vertex   4.192285e-02 -1.559775e-01 5.075000e-01
      vertex   -4.928136e-02 -1.583266e-01 5.075000e-01
      vertex   -4.192285e-02 -1.559775e-01 5.075000e-01
    endloop
  endfacet
  facet normal 0.000000e+00 0.000000e+00 -1.000000e+00
    outer loop
      vertex   4.192285e-02 -1.559775e-01 5.075000e-01
      vertex   -4.192285e-02 -1.559775e-01 5.075000e-01
      vertex   3.445316e-02 -1.540103e-01 5.075000e-01
    endloop
  endfacet
  facet normal -0.000000e+00 0.000000e+00 -1.000000e+00
    outer loop
      vertex   3.445316e-02 -1.540103e-01 5.075000e-01
      vertex   -4.192285e-02 -1.559775e-01 5.075000e-01
      vertex   -3.445316e-02 -1.540103e-01 5.075000e-01
    endloop
  endfacet
  facet normal 0.000000e+00 0.000000e+00 -1.000000e+00
    outer loop
      vertex   3.445316e-02 -1.540103e-01 5.075000e-01
      vertex   -3.445316e-02 -1.540103e-01 5.075000e-01
      vertex   2.689211e-02 -1.524303e-01 5.075000e-01
    endloop
  endfacet
  facet normal -0.000000e+00 0.000000e+00 -1.000000e+00
    outer loop
      vertex   2.689211e-02 -1.524303e-01 5.075000e-01
      vertex   -3.445316e-02 -1.540103e-01 5.075000e-01
      vertex   -2.689211e-02 -1.524303e-01 5.075000e-01
    endloop
  endfacet
  facet normal 0.000000e+00 0.000000e+00 -1.000000e+00
    outer loop
      vertex   2.689211e-02 -1.524303e-01 5.075000e-01
      vertex   -2.689211e-02 -1.524303e-01 5.075000e-01
      vertex   1.925975e-02 -1.512416e-01 5.075000e-01
    endloop
  endfacet
  facet normal -0.000000e+00 0.000000e+00 -1.000000e+00
    outer loop
      vertex   1.925975e-02 -1.512416e-01 5.075000e-01
      vertex   -2.689211e-02 -1.524303e-01 5.075000e-01
      vertex   -1.925975e-02 -1.512416e-01 5.075000e-01
    endloop
  endfacet
  facet normal 0.000000e+00 0.000000e+00 -1.000000e+00
    outer loop
      vertex   1.925975e-02 -1.512416e-01 5.075000e-01
      vertex   -1.925975e-02 -1.512416e-01 5.075000e-01
      vertex   1.157632e-02 -1.504474e-01 5.075000e-01
    endloop
  endfacet
  facet normal -0.000000e+00 0.000000e+00 -1.000000e+00
    outer loop
      vertex   1.157632e-02 -1.504474e-01 5.075000e-01
      vertex   -1.925975e-02 -1.512416e-01 5.075000e-01
      vertex   -1.157632e-02 -1.504474e-01 5.075000e-01
    endloop
  endfacet
  facet normal 0.000000e+00 0.000000e+00 -1.000000e+00
    outer loop
      vertex   1.157632e-02 -1.504474e-01 5.075000e-01
      vertex   -1.157632e-02 -1.504474e-01 5.075000e-01
      vertex   3.862187e-03 -1.500497e-01 5.075000e-01
    endloop
  endfacet
  facet normal -0.000000e+00 0.000000e+00 -1.000000e+00
    outer loop
      vertex   3.862187e-03 -1.500497e-01 5.075000e-01
      vertex   -1.157632e-02 -1.504474e-01 5.075000e-01
      vertex   -3.862187e-03 -1.500497e-01 5.075000e-01
    endloop
  endfacet
  facet normal -9.996685e-01 -2.574791e-02 4.764321e-17
    outer loop
      vertex   -1.498011e-01 -3.077218e-01 5.075000e-01
      vertex   -1.498011e-01 -3.077218e-01 5.675000e-01
      vertex   -1.500000e-01 -3.000000e-01 5.075000e-01
    endloop
  endfacet
  facet normal -9.996685e-01 -2.574791e-02 0.000000e+00
    outer loop
      vertex   -1.500000e-01 -3.000000e-01 5.075000e-01
      vertex   -1.498011e-01 -3.077218e-01 5.675000e-01
      vertex   -1.500000e-01 -3.000000e-01 5.675000e-01
    endloop
  endfacet
  facet normal -9.996685e-01 2.574791e-02 0.000000e+00
    outer loop
      vertex   -1.500000e-01 -3.000000e-01 5.075000e-01
      vertex   -1.500000e-01 -3.000000e-01 5.675000e-01
      vertex   -1.498011e-01 -2.922782e-01 5.075000e-01
    endloop
  endfacet
  facet normal -9.996685e-01 2.574791e-02 -4.764321e-17
    outer loop
      vertex   -1.498011e-01 -2.922782e-01 5.075000e-01
      vertex   -1.500000e-01 -3.000000e-01 5.675000e-01
      vertex   -1.498011e-01 -2.922782e-01 5.675000e-01
    endloop
  endfacet
  facet normal -9.970175e-01 7.717546e-02 -1.428033e-16
    outer loop
      vertex   -1.498011e-01 -2.922782e-01 5.075000e-01
      vertex   -1.498011e-01 -2.922782e-01 5.675000e-01
      vertex   -1.492050e-01 -2.845769e-01 5.075000e-01
    endloop
  endfacet
  facet normal -9.970175e-01 7.717546e-02 0.000000e+00
    outer loop
      vertex   -1.492050e-01 -2.845769e-01 5.075000e-01
      vertex   -1.498011e-01 -2.922782e-01 5.675000e-01
      vertex   -1.492050e-01 -2.845769e-01 5.675000e-01
    endloop
  endfacet
  facet normal -9.917227e-01 1.283984e-01 0.000000e+00
    outer loop
      vertex   -1.492050e-01 -2.845769e-01 5.075000e-01
      vertex   -1.492050e-01 -2.845769e-01 5.675000e-01
      vertex   -1.482132e-01 -2.769164e-01 5.075000e-01
    endloop
  endfacet
  facet normal -9.917227e-01 1.283984e-01 2.211792e-16
    outer loop
      vertex   -1.482132e-01 -2.769164e-01 5.075000e-01
      vertex   -1.492050e-01 -2.845769e-01 5.675000e-01
      vertex   -1.482132e-01 -2.769164e-01 5.675000e-01
    endloop
  endfacet
  facet normal -9.837980e-01 1.792808e-01 1.233619e-16
    outer loop
      vertex   -1.482132e-01 -2.769164e-01 5.075000e-01
      vertex   -1.482132e-01 -2.769164e-01 5.675000e-01
      vertex   -1.468284e-01 -2.693172e-01 5.075000e-01
    endloop
  endfacet
  facet normal -9.837980e-01 1.792808e-01 -1.658680e-16
    outer loop
      vertex   -1.468284e-01 -2.693172e-01 5.075000e-01
      vertex   -1.482132e-01 -2.769164e-01 5.675000e-01
      vertex   -1.468284e-01 -2.693172e-01 5.675000e-01
    endloop
  endfacet
  facet normal -9.732644e-01 2.296877e-01 -2.125038e-16
    outer loop
      vertex   -1.468284e-01 -2.693172e-01 5.075000e-01
      vertex   -1.468284e-01 -2.693172e-01 5.675000e-01
      vertex   -1.450542e-01 -2.617993e-01 5.075000e-01
    endloop
  endfacet
  facet normal -9.732644e-01 2.296877e-01 0.000000e+00
    outer loop
      vertex   -1.450542e-01 -2.617993e-01 5.075000e-01
      vertex   -1.468284e-01 -2.693172e-01 5.675000e-01
      vertex   -1.450542e-01 -2.617993e-01 5.675000e-01
    endloop
  endfacet
  facet normal -9.601499e-01 2.794856e-01 0.000000e+00
    outer loop
      vertex   -1.450542e-01 -2.617993e-01 5.075000e-01
      vertex   -1.450542e-01 -2.617993e-01 5.675000e-01
      vertex   -1.428953e-01 -2.543828e-01 5.075000e-01
    endloop
  endfacet
  facet normal -9.601499e-01 2.794856e-01 1.855824e-16
    outer loop
      vertex   -1.428953e-01 -2.543828e-01 5.075000e-01
      vertex   -1.450542e-01 -2.617993e-01 5.675000e-01
      vertex   -1.428953e-01 -2.543828e-01 5.675000e-01
    endloop
  endfacet
  facet normal -9.444892e-01 3.285424e-01 1.329513e-16
    outer loop
      vertex   -1.428953e-01 -2.543828e-01 5.075000e-01
      vertex   -1.428953e-01 -2.543828e-01 5.675000e-01
      vertex   -1.403575e-01 -2.470872e-01 5.075000e-01
    endloop
  endfacet
  facet normal -9.444892e-01 3.285424e-01 0.000000e+00
    outer loop
      vertex   -1.403575e-01 -2.470872e-01 5.075000e-01
      vertex   -1.428953e-01 -2.543828e-01 5.675000e-01
      vertex   -1.403575e-01 -2.470872e-01 5.675000e-01
    endloop
  endfacet
  facet normal -9.263240e-01 3.767279e-01 0.000000e+00
    outer loop
      vertex   -1.403575e-01 -2.470872e-01 5.075000e-01
      vertex   -1.403575e-01 -2.470872e-01 5.675000e-01
      vertex   -1.374475e-01 -2.399319e-01 5.075000e-01
    endloop
  endfacet
  facet normal -9.263240e-01 3.767279e-01 1.599352e-16
    outer loop
      vertex   -1.374475e-01 -2.399319e-01 5.075000e-01
      vertex   -1.403575e-01 -2.470872e-01 5.675000e-01
      vertex   -1.374475e-01 -2.399319e-01 5.675000e-01
    endloop
  endfacet
  facet normal -9.057023e-01 4.239144e-01 5.354373e-17
    outer loop
      vertex   -1.374475e-01 -2.399319e-01 5.075000e-01
      vertex   -1.374475e-01 -2.399319e-01 5.675000e-01
      vertex   -1.341731e-01 -2.329359e-01 5.075000e-01
    endloop
  endfacet
  facet normal -9.057023e-01 4.239144e-01 2.677186e-17
    outer loop
      vertex   -1.341731e-01 -2.329359e-01 5.075000e-01
      vertex   -1.374475e-01 -2.399319e-01 5.675000e-01
      vertex   -1.341731e-01 -2.329359e-01 5.675000e-01
    endloop
  endfacet
  facet normal -8.826788e-01 4.699767e-01 -2.649487e-17
    outer loop
      vertex   -1.341731e-01 -2.329359e-01 5.075000e-01
      vertex   -1.341731e-01 -2.329359e-01 5.675000e-01
      vertex   -1.305428e-01 -2.261178e-01 5.075000e-01
    endloop
  endfacet
  facet normal -8.826788e-01 4.699767e-01 0.000000e+00
    outer loop
      vertex   -1.305428e-01 -2.261178e-01 5.075000e-01
      vertex   -1.341731e-01 -2.329359e-01 5.675000e-01
      vertex   -1.305428e-01 -2.261178e-01 5.675000e-01
    endloop
  endfacet
  facet normal -8.573146e-01 5.147928e-01 0.000000e+00
    outer loop
      vertex   -1.305428e-01 -2.261178e-01 5.075000e-01
      vertex   -1.305428e-01 -2.261178e-01 5.675000e-01
      vertex   -1.265663e-01 -2.194956e-01 5.075000e-01
    endloop
  endfacet
  facet normal -8.573146e-01 5.147928e-01 -3.178308e-16
    outer loop
      vertex   -1.265663e-01 -2.194956e-01 5.075000e-01
      vertex   -1.305428e-01 -2.261178e-01 5.675000e-01
      vertex   -1.265663e-01 -2.194956e-01 5.675000e-01
    endloop
  endfacet
  facet normal -8.296770e-01 5.582437e-01 -3.909161e-16
    outer loop
      vertex   -1.265663e-01 -2.194956e-01 5.075000e-01
      vertex   -1.265663e-01 -2.194956e-01 5.675000e-01
      vertex   -1.222543e-01 -2.130868e-01 5.075000e-01
    endloop
  endfacet
  facet normal -8.296770e-01 5.582437e-01 0.000000e+00
    outer loop
      vertex   -1.222543e-01 -2.130868e-01 5.075000e-01
      vertex   -1.265663e-01 -2.194956e-01 5.675000e-01
      vertex   -1.222543e-01 -2.130868e-01 5.675000e-01
    endloop
  endfacet
  facet normal -7.998392e-01 6.002143e-01 0.000000e+00
    outer loop
      vertex   -1.222543e-01 -2.130868e-01 5.075000e-01
      vertex   -1.222543e-01 -2.130868e-01 5.675000e-01
      vertex   -1.176180e-01 -2.069086e-01 5.075000e-01
    endloop
  endfacet
  facet normal -7.998392e-01 6.002143e-01 -6.195914e-19
    outer loop
      vertex   -1.176180e-01 -2.069086e-01 5.075000e-01
      vertex   -1.222543e-01 -2.130868e-01 5.675000e-01
      vertex   -1.176180e-01 -2.069086e-01 5.675000e-01
    endloop
  endfacet
  facet normal -7.678804e-01 6.405932e-01 -1.196873e-16
    outer loop
      vertex   -1.176180e-01 -2.069086e-01 5.075000e-01
      vertex   -1.176180e-01 -2.069086e-01 5.675000e-01
      vertex   -1.126698e-01 -2.009772e-01 5.075000e-01
    endloop
  endfacet
  facet normal -7.678804e-01 6.405932e-01 0.000000e+00
    outer loop
      vertex   -1.126698e-01 -2.009772e-01 5.075000e-01
      vertex   -1.176180e-01 -2.069086e-01 5.675000e-01
      vertex   -1.126698e-01 -2.009772e-01 5.675000e-01
    endloop
  endfacet
  facet normal -7.338854e-01 6.792733e-01 0.000000e+00
    outer loop
      vertex   -1.126698e-01 -2.009772e-01 5.075000e-01
      vertex   -1.126698e-01 -2.009772e-01 5.675000e-01
      vertex   -1.074228e-01 -1.953084e-01 5.075000e-01
    endloop
  endfacet
  facet normal -7.338854e-01 6.792733e-01 -2.384376e-16
    outer loop
      vertex   -1.074228e-01 -1.953084e-01 5.075000e-01
      vertex   -1.126698e-01 -2.009772e-01 5.675000e-01
      vertex   -1.074228e-01 -1.953084e-01 5.675000e-01
    endloop
  endfacet
  facet normal -6.979442e-01 7.161522e-01 -3.565557e-16
    outer loop
      vertex   -1.074228e-01 -1.953084e-01 5.075000e-01
      vertex   -1.074228e-01 -1.953084e-01 5.675000e-01
      vertex   -1.018910e-01 -1.899172e-01 5.075000e-01
    endloop
  endfacet
  facet normal -6.979442e-01 7.161522e-01 -1.684582e-17
    outer loop
      vertex   -1.018910e-01 -1.899172e-01 5.075000e-01
      vertex   -1.074228e-01 -1.953084e-01 5.675000e-01
      vertex   -1.018910e-01 -1.899172e-01 5.675000e-01
    endloop
  endfacet
  facet normal -6.601521e-01 7.511319e-01 -8.417323e-17
    outer loop
      vertex   -1.018910e-01 -1.899172e-01 5.075000e-01
      vertex   -1.018910e-01 -1.899172e-01 5.675000e-01
      vertex   -9.608898e-02 -1.848179e-01 5.075000e-01
    endloop
  endfacet
  facet normal -6.601521e-01 7.511319e-01 0.000000e+00
    outer loop
      vertex   -9.608898e-02 -1.848179e-01 5.075000e-01
      vertex   -1.018910e-01 -1.899172e-01 5.675000e-01
      vertex   -9.608898e-02 -1.848179e-01 5.675000e-01
    endloop
  endfacet
  facet normal -6.206095e-01 7.841198e-01 0.000000e+00
    outer loop
      vertex   -9.608898e-02 -1.848179e-01 5.075000e-01
      vertex   -9.608898e-02 -1.848179e-01 5.675000e-01
      vertex   -9.003214e-02 -1.800241e-01 5.075000e-01
    endloop
  endfacet
  facet normal -6.206095e-01 7.841198e-01 2.037182e-16
    outer loop
      vertex   -9.003214e-02 -1.800241e-01 5.075000e-01
      vertex   -9.608898e-02 -1.848179e-01 5.675000e-01
      vertex   -9.003214e-02 -1.800241e-01 5.675000e-01
    endloop
  endfacet
  facet normal -5.794211e-01 8.150283e-01 7.508343e-17
    outer loop
      vertex   -9.003214e-02 -1.800241e-01 5.075000e-01
      vertex   -9.003214e-02 -1.800241e-01 5.675000e-01
      vertex   -8.373656e-02 -1.755484e-01 5.075000e-01
    endloop
  endfacet
  facet normal -5.794211e-01 8.150283e-01 0.000000e+00
    outer loop
      vertex   -8.373656e-02 -1.755484e-01 5.075000e-01
      vertex   -9.003214e-02 -1.800241e-01 5.675000e-01
      vertex   -8.373656e-02 -1.755484e-01 5.675000e-01
    endloop
  endfacet
  facet normal -5.366962e-01 8.437756e-01 0.000000e+00
    outer loop
      vertex   -8.373656e-02 -1.755484e-01 5.075000e-01
      vertex   -8.373656e-02 -1.755484e-01 5.675000e-01
      vertex   -7.721892e-02 -1.714028e-01 5.075000e-01
    endloop
  endfacet
  facet normal -5.366962e-01 8.437756e-01 -1.778864e-16
    outer loop
      vertex   -7.721892e-02 -1.714028e-01 5.075000e-01
      vertex   -8.373656e-02 -1.755484e-01 5.675000e-01
      vertex   -7.721892e-02 -1.714028e-01 5.675000e-01
    endloop
  endfacet
  facet normal -4.925481e-01 8.702852e-01 -2.963664e-16
    outer loop
      vertex   -7.721892e-02 -1.714028e-01 5.075000e-01
      vertex   -7.721892e-02 -1.714028e-01 5.675000e-01
      vertex   -7.049651e-02 -1.675982e-01 5.075000e-01
    endloop
  endfacet
  facet normal -4.925481e-01 8.702852e-01 5.311071e-17
    outer loop
      vertex   -7.049651e-02 -1.675982e-01 5.075000e-01
      vertex   -7.721892e-02 -1.714028e-01 5.675000e-01
      vertex   -7.049651e-02 -1.675982e-01 5.675000e-01
    endloop
  endfacet
  facet normal -4.470938e-01 8.944871e-01 -1.385449e-19
    outer loop
      vertex   -7.049651e-02 -1.675982e-01 5.075000e-01
      vertex   -7.049651e-02 -1.675982e-01 5.675000e-01
      vertex   -6.358716e-02 -1.641447e-01 5.075000e-01
    endloop
  endfacet
  facet normal -4.470938e-01 8.944871e-01 0.000000e+00
    outer loop
      vertex   -6.358716e-02 -1.641447e-01 5.075000e-01
      vertex   -7.049651e-02 -1.675982e-01 5.675000e-01
      vertex   -6.358716e-02 -1.641447e-01 5.675000e-01
    endloop
  endfacet
  facet normal -4.004539e-01 9.163169e-01 0.000000e+00
    outer loop
      vertex   -6.358716e-02 -1.641447e-01 5.075000e-01
      vertex   -6.358716e-02 -1.641447e-01 5.675000e-01
      vertex   -5.650918e-02 -1.610514e-01 5.075000e-01
    endloop
  endfacet
  facet normal -4.004539e-01 9.163169e-01 1.781715e-16
    outer loop
      vertex   -5.650918e-02 -1.610514e-01 5.075000e-01
      vertex   -6.358716e-02 -1.641447e-01 5.675000e-01
      vertex   -5.650918e-02 -1.610514e-01 5.675000e-01
    endloop
  endfacet
  facet normal -3.527521e-01 9.357168e-01 9.748103e-17
    outer loop
      vertex   -5.650918e-02 -1.610514e-01 5.075000e-01
      vertex   -5.650918e-02 -1.610514e-01 5.675000e-01
      vertex   -4.928136e-02 -1.583266e-01 5.075000e-01
    endloop
  endfacet
  facet normal -3.527521e-01 9.357168e-01 2.039758e-16
    outer loop
      vertex   -4.928136e-02 -1.583266e-01 5.075000e-01
      vertex   -5.650918e-02 -1.610514e-01 5.675000e-01
      vertex   -4.928136e-02 -1.583266e-01 5.675000e-01
    endloop
  endfacet
  facet normal -3.041148e-01 9.526354e-01 1.758517e-16
    outer loop
      vertex   -4.928136e-02 -1.583266e-01 5.075000e-01
      vertex   -4.928136e-02 -1.583266e-01 5.675000e-01
      vertex   -4.192285e-02 -1.559775e-01 5.075000e-01
    endloop
  endfacet
  facet normal -3.041148e-01 9.526354e-01 1.653206e-17
    outer loop
      vertex   -4.192285e-02 -1.559775e-01 5.075000e-01
      vertex   -4.928136e-02 -1.583266e-01 5.675000e-01
      vertex   -4.192285e-02 -1.559775e-01 5.675000e-01
    endloop
  endfacet
  facet normal -2.546711e-01 9.670277e-01 -6.446074e-17
    outer loop
      vertex   -4.192285e-02 -1.559775e-01 5.075000e-01
      vertex   -4.192285e-02 -1.559775e-01 5.675000e-01
      vertex   -3.445316e-02 -1.540103e-01 5.075000e-01
    endloop
  endfacet
  facet normal -2.546711e-01 9.670277e-01 2.945226e-16
    outer loop
      vertex   -3.445316e-02 -1.540103e-01 5.075000e-01
      vertex   -4.192285e-02 -1.559775e-01 5.675000e-01
      vertex   -3.445316e-02 -1.540103e-01 5.675000e-01
    endloop
  endfacet
  facet normal -2.045521e-01 9.788557e-01 2.365608e-16
    outer loop
      vertex   -3.445316e-02 -1.540103e-01 5.075000e-01
      vertex   -3.445316e-02 -1.540103e-01 5.675000e-01
      vertex   -2.689211e-02 -1.524303e-01 5.075000e-01
    endloop
  endfacet
  facet normal -2.045521e-01 9.788557e-01 0.000000e+00
    outer loop
      vertex   -2.689211e-02 -1.524303e-01 5.075000e-01
      vertex   -3.445316e-02 -1.540103e-01 5.675000e-01
      vertex   -2.689211e-02 -1.524303e-01 5.675000e-01
    endloop
  endfacet
  facet normal -1.538906e-01 9.880879e-01 0.000000e+00
    outer loop
      vertex   -2.689211e-02 -1.524303e-01 5.075000e-01
      vertex   -2.689211e-02 -1.524303e-01 5.675000e-01
      vertex   -1.925975e-02 -1.512416e-01 5.075000e-01
    endloop
  endfacet
  facet normal -1.538906e-01 9.880879e-01 -2.969079e-16
    outer loop
      vertex   -1.925975e-02 -1.512416e-01 5.075000e-01
      vertex   -2.689211e-02 -1.524303e-01 5.675000e-01
      vertex   -1.925975e-02 -1.512416e-01 5.675000e-01
    endloop
  endfacet
  facet normal -1.028210e-01 9.946999e-01 -3.531215e-16
    outer loop
      vertex   -1.925975e-02 -1.512416e-01 5.075000e-01
      vertex   -1.925975e-02 -1.512416e-01 5.675000e-01
      vertex   -1.157632e-02 -1.504474e-01 5.075000e-01
    endloop
  endfacet
  facet normal -1.028210e-01 9.946999e-01 5.945533e-17
    outer loop
      vertex   -1.157632e-02 -1.504474e-01 5.075000e-01
      vertex   -1.925975e-02 -1.512416e-01 5.675000e-01
      vertex   -1.157632e-02 -1.504474e-01 5.675000e-01
    endloop
  endfacet
  facet normal -5.147875e-02 9.986741e-01 2.976713e-17
    outer loop
      vertex   -1.157632e-02 -1.504474e-01 5.075000e-01
      vertex   -1.157632e-02 -1.504474e-01 5.675000e-01
      vertex   -3.862187e-03 -1.500497e-01 5.075000e-01
    endloop
  endfacet
  facet normal -5.147875e-02 9.986741e-01 8.595260e-17
    outer loop
      vertex   -3.862187e-03 -1.500497e-01 5.075000e-01
      vertex   -1.157632e-02 -1.504474e-01 5.675000e-01
      vertex   -3.862187e-03 -1.500497e-01 5.675000e-01
    endloop
  endfacet
  facet normal 0.000000e+00 1.000000e+00 0.000000e+00
    outer loop
      vertex   -3.862187e-03 -1.500497e-01 5.075000e-01
      vertex   -3.862187e-03 -1.500497e-01 5.675000e-01
      vertex   3.862187e-03 -1.500497e-01 5.075000e-01
    endloop
  endfacet
  facet normal 0.000000e+00 1.000000e+00 -0.000000e+00
    outer loop
      vertex   3.862187e-03 -1.500497e-01 5.075000e-01
      vertex   -3.862187e-03 -1.500497e-01 5.675000e-01
      vertex   3.862187e-03 -1.500497e-01 5.675000e-01
    endloop
  endfacet
  facet normal 5.147875e-02 9.986741e-01 -5.730173e-17
    outer loop
      vertex   3.862187e-03 -1.500497e-01 5.075000e-01
      vertex   3.862187e-03 -1.500497e-01 5.675000e-01
      vertex   1.157632e-02 -1.504474e-01 5.075000e-01
    endloop
  endfacet
  facet normal 5.147875e-02 9.986741e-01 -0.000000e+00
    outer loop
      vertex   1.157632e-02 -1.504474e-01 5.075000e-01
      vertex   3.862187e-03 -1.500497e-01 5.675000e-01
      vertex   1.157632e-02 -1.504474e-01 5.675000e-01
    endloop
  endfacet
  facet normal 1.028210e-01 9.946999e-01 -0.000000e+00
    outer loop
      vertex   1.157632e-02 -1.504474e-01 5.075000e-01
      vertex   1.157632e-02 -1.504474e-01 5.675000e-01
      vertex   1.925975e-02 -1.512416e-01 5.075000e-01
    endloop
  endfacet
  facet normal 1.028210e-01 9.946999e-01 -1.189107e-16
    outer loop
      vertex   1.925975e-02 -1.512416e-01 5.075000e-01
      vertex   1.157632e-02 -1.504474e-01 5.675000e-01
      vertex   1.925975e-02 -1.512416e-01 5.675000e-01
    endloop
  endfacet
  facet normal 1.538906e-01 9.880879e-01 -1.779717e-16
    outer loop
      vertex   1.925975e-02 -1.512416e-01 5.075000e-01
      vertex   1.925975e-02 -1.512416e-01 5.675000e-01
      vertex   2.689211e-02 -1.524303e-01 5.075000e-01
    endloop
  endfacet
  facet normal 1.538906e-01 9.880879e-01 -8.898587e-17
    outer loop
      vertex   2.689211e-02 -1.524303e-01 5.075000e-01
      vertex   1.925975e-02 -1.512416e-01 5.675000e-01
      vertex   2.689211e-02 -1.524303e-01 5.675000e-01
    endloop
  endfacet
  facet normal 2.045521e-01 9.788557e-01 -1.182804e-16
    outer loop
      vertex   2.689211e-02 -1.524303e-01 5.075000e-01
      vertex   2.689211e-02 -1.524303e-01 5.675000e-01
      vertex   3.445316e-02 -1.540103e-01 5.075000e-01
    endloop
  endfacet
  facet normal 2.045521e-01 9.788557e-01 1.216265e-16
    outer loop
      vertex   3.445316e-02 -1.540103e-01 5.075000e-01
      vertex   2.689211e-02 -1.524303e-01 5.675000e-01
      vertex   3.445316e-02 -1.540103e-01 5.675000e-01
    endloop
  endfacet
  facet normal 2.546711e-01 9.670277e-01 3.500848e-17
    outer loop
      vertex   3.445316e-02 -1.540103e-01 5.075000e-01
      vertex   3.445316e-02 -1.540103e-01 5.675000e-01
      vertex   4.192285e-02 -1.559775e-01 5.075000e-01
    endloop
  endfacet
  facet normal 2.546711e-01 9.670277e-01 -2.945226e-16
    outer loop
      vertex   4.192285e-02 -1.559775e-01 5.075000e-01
      vertex   3.445316e-02 -1.540103e-01 5.675000e-01
      vertex   4.192285e-02 -1.559775e-01 5.675000e-01
    endloop
  endfacet
  facet normal 3.041148e-01 9.526354e-01 -3.517034e-16
    outer loop
      vertex   4.192285e-02 -1.559775e-01 5.075000e-01
      vertex   4.192285e-02 -1.559775e-01 5.675000e-01
      vertex   4.928136e-02 -1.583266e-01 5.075000e-01
    endloop
  endfacet
  facet normal 3.041148e-01 9.526354e-01 -0.000000e+00
    outer loop
      vertex   4.928136e-02 -1.583266e-01 5.075000e-01
      vertex   4.192285e-02 -1.559775e-01 5.675000e-01
      vertex   4.928136e-02 -1.583266e-01 5.675000e-01
    endloop
  endfacet
  facet normal 3.527521e-01 9.357168e-01 -0.000000e+00
    outer loop
      vertex   4.928136e-02 -1.583266e-01 5.075000e-01
      vertex   4.928136e-02 -1.583266e-01 5.675000e-01
      vertex   5.650918e-02 -1.610514e-01 5.075000e-01
    endloop
  endfacet
  facet normal 3.527521e-01 9.357168e-01 1.064947e-16
    outer loop
      vertex   5.650918e-02 -1.610514e-01 5.075000e-01
      vertex   4.928136e-02 -1.583266e-01 5.675000e-01
      vertex   5.650918e-02 -1.610514e-01 5.675000e-01
    endloop
  endfacet
  facet normal 4.004539e-01 9.163169e-01 5.338743e-17
    outer loop
      vertex   5.650918e-02 -1.610514e-01 5.075000e-01
      vertex   5.650918e-02 -1.610514e-01 5.675000e-01
      vertex   6.358716e-02 -1.641447e-01 5.075000e-01
    endloop
  endfacet
  facet normal 4.004539e-01 9.163169e-01 -0.000000e+00
    outer loop
      vertex   6.358716e-02 -1.641447e-01 5.075000e-01
      vertex   5.650918e-02 -1.610514e-01 5.675000e-01
      vertex   6.358716e-02 -1.641447e-01 5.675000e-01
    endloop
  endfacet
  facet normal 4.470938e-01 8.944871e-01 -0.000000e+00
    outer loop
      vertex   6.358716e-02 -1.641447e-01 5.075000e-01
      vertex   6.358716e-02 -1.641447e-01 5.675000e-01
      vertex   7.049651e-02 -1.675982e-01 5.075000e-01
    endloop
  endfacet
  facet normal 4.470938e-01 8.944871e-01 2.770897e-19
    outer loop
      vertex   7.049651e-02 -1.675982e-01 5.075000e-01
      vertex   6.358716e-02 -1.641447e-01 5.675000e-01
      vertex   7.049651e-02 -1.675982e-01 5.675000e-01
    endloop
  endfacet
  facet normal 4.925481e-01 8.702852e-01 -1.062214e-16
    outer loop
      vertex   7.049651e-02 -1.675982e-01 5.075000e-01
      vertex   7.049651e-02 -1.675982e-01 5.675000e-01
      vertex   7.721892e-02 -1.714028e-01 5.075000e-01
    endloop
  endfacet
  facet normal 4.925481e-01 8.702852e-01 -5.311071e-17
    outer loop
      vertex   7.721892e-02 -1.714028e-01 5.075000e-01
      vertex   7.049651e-02 -1.675982e-01 5.675000e-01
      vertex   7.721892e-02 -1.714028e-01 5.675000e-01
    endloop
  endfacet
  facet normal 5.366962e-01 8.437756e-01 -1.062191e-16
    outer loop
      vertex   7.721892e-02 -1.714028e-01 5.075000e-01
      vertex   7.721892e-02 -1.714028e-01 5.675000e-01
      vertex   8.373656e-02 -1.755484e-01 5.075000e-01
    endloop
  endfacet
  facet normal 5.366962e-01 8.437756e-01 -2.124382e-16
    outer loop
      vertex   8.373656e-02 -1.755484e-01 5.075000e-01
      vertex   7.721892e-02 -1.714028e-01 5.675000e-01
      vertex   8.373656e-02 -1.755484e-01 5.675000e-01
    endloop
  endfacet
  facet normal 5.794211e-01 8.150283e-01 -3.180917e-16
    outer loop
      vertex   8.373656e-02 -1.755484e-01 5.075000e-01
      vertex   8.373656e-02 -1.755484e-01 5.675000e-01
      vertex   9.003214e-02 -1.800241e-01 5.075000e-01
    endloop
  endfacet
  facet normal 5.794211e-01 8.150283e-01 -2.930639e-16
    outer loop
      vertex   9.003214e-02 -1.800241e-01 5.075000e-01
      vertex   8.373656e-02 -1.755484e-01 5.675000e-01
      vertex   9.003214e-02 -1.800241e-01 5.675000e-01
    endloop
  endfacet
  facet normal 6.206095e-01 7.841198e-01 -3.549956e-16
    outer loop
      vertex   9.003214e-02 -1.800241e-01 5.075000e-01
      vertex   9.003214e-02 -1.800241e-01 5.675000e-01
      vertex   9.608898e-02 -1.848179e-01 5.075000e-01
    endloop
  endfacet
  facet normal 6.206095e-01 7.841198e-01 -0.000000e+00
    outer loop
      vertex   9.608898e-02 -1.848179e-01 5.075000e-01
      vertex   9.003214e-02 -1.800241e-01 5.675000e-01
      vertex   9.608898e-02 -1.848179e-01 5.675000e-01
    endloop
  endfacet
  facet normal 6.601521e-01 7.511319e-01 -0.000000e+00
    outer loop
      vertex   9.608898e-02 -1.848179e-01 5.075000e-01
      vertex   9.608898e-02 -1.848179e-01 5.675000e-01
      vertex   1.018910e-01 -1.899172e-01 5.075000e-01
    endloop
  endfacet
  facet normal 6.601521e-01 7.511319e-01 -0.000000e+00
    outer loop
      vertex   1.018910e-01 -1.899172e-01 5.075000e-01
      vertex   9.608898e-02 -1.848179e-01 5.675000e-01
      vertex   1.018910e-01 -1.899172e-01 5.675000e-01
    endloop
  endfacet
  facet normal 6.979442e-01 7.161522e-01 -0.000000e+00
    outer loop
      vertex   1.018910e-01 -1.899172e-01 5.075000e-01
      vertex   1.018910e-01 -1.899172e-01 5.675000e-01
      vertex   1.074228e-01 -1.953084e-01 5.075000e-01
    endloop
  endfacet
  facet normal 6.979442e-01 7.161522e-01 1.684582e-17
    outer loop
      vertex   1.074228e-01 -1.953084e-01 5.075000e-01
      vertex   1.018910e-01 -1.899172e-01 5.675000e-01
      vertex   1.074228e-01 -1.953084e-01 5.675000e-01
    endloop
  endfacet
  facet normal 7.338854e-01 6.792733e-01 -5.052628e-17
    outer loop
      vertex   1.074228e-01 -1.953084e-01 5.075000e-01
      vertex   1.074228e-01 -1.953084e-01 5.675000e-01
      vertex   1.126698e-01 -2.009772e-01 5.075000e-01
    endloop
  endfacet
  facet normal 7.338854e-01 6.792733e-01 1.192188e-16
    outer loop
      vertex   1.126698e-01 -2.009772e-01 5.075000e-01
      vertex   1.074228e-01 -1.953084e-01 5.675000e-01
      vertex   1.126698e-01 -2.009772e-01 5.675000e-01
    endloop
  endfacet
  facet normal 7.678804e-01 6.405932e-01 5.984365e-17
    outer loop
      vertex   1.126698e-01 -2.009772e-01 5.075000e-01
      vertex   1.126698e-01 -2.009772e-01 5.675000e-01
      vertex   1.176180e-01 -2.069086e-01 5.075000e-01
    endloop
  endfacet
  facet normal 7.678804e-01 6.405932e-01 5.984365e-17
    outer loop
      vertex   1.176180e-01 -2.069086e-01 5.075000e-01
      vertex   1.126698e-01 -2.009772e-01 5.675000e-01
      vertex   1.176180e-01 -2.069086e-01 5.675000e-01
    endloop
  endfacet
  facet normal 7.998392e-01 6.002143e-01 3.097957e-19
    outer loop
      vertex   1.176180e-01 -2.069086e-01 5.075000e-01
      vertex   1.176180e-01 -2.069086e-01 5.675000e-01
      vertex   1.222543e-01 -2.130868e-01 5.075000e-01
    endloop
  endfacet
  facet normal 7.998392e-01 6.002143e-01 3.097957e-19
    outer loop
      vertex   1.222543e-01 -2.130868e-01 5.075000e-01
      vertex   1.176180e-01 -2.069086e-01 5.675000e-01
      vertex   1.222543e-01 -2.130868e-01 5.675000e-01
    endloop
  endfacet
  facet normal 8.296770e-01 5.582437e-01 -5.922488e-17
    outer loop
      vertex   1.222543e-01 -2.130868e-01 5.075000e-01
      vertex   1.222543e-01 -2.130868e-01 5.675000e-01
      vertex   1.265663e-01 -2.194956e-01 5.075000e-01
    endloop
  endfacet
  facet normal 8.296770e-01 5.582437e-01 -2.511262e-16
    outer loop
      vertex   1.265663e-01 -2.194956e-01 5.075000e-01
      vertex   1.222543e-01 -2.130868e-01 5.675000e-01
      vertex   1.265663e-01 -2.194956e-01 5.675000e-01
    endloop
  endfacet
  facet normal 8.573146e-01 5.147928e-01 -3.168963e-16
    outer loop
      vertex   1.265663e-01 -2.194956e-01 5.075000e-01
      vertex   1.265663e-01 -2.194956e-01 5.675000e-01
      vertex   1.305428e-01 -2.261178e-01 5.075000e-01
    endloop
  endfacet
  facet normal 8.573146e-01 5.147928e-01 7.969133e-17
    outer loop
      vertex   1.305428e-01 -2.261178e-01 5.075000e-01
      vertex   1.265663e-01 -2.194956e-01 5.675000e-01
      vertex   1.305428e-01 -2.261178e-01 5.675000e-01
    endloop
  endfacet
  facet normal 8.826788e-01 4.699767e-01 2.649487e-17
    outer loop
      vertex   1.305428e-01 -2.261178e-01 5.075000e-01
      vertex   1.305428e-01 -2.261178e-01 5.675000e-01
      vertex   1.341731e-01 -2.329359e-01 5.075000e-01
    endloop
  endfacet
  facet normal 8.826788e-01 4.699767e-01 -3.818261e-16
    outer loop
      vertex   1.341731e-01 -2.329359e-01 5.075000e-01
      vertex   1.305428e-01 -2.261178e-01 5.675000e-01
      vertex   1.341731e-01 -2.329359e-01 5.675000e-01
    endloop
  endfacet
  facet normal 9.057023e-01 4.239144e-01 -4.457433e-16
    outer loop
      vertex   1.341731e-01 -2.329359e-01 5.075000e-01
      vertex   1.341731e-01 -2.329359e-01 5.675000e-01
      vertex   1.374475e-01 -2.399319e-01 5.075000e-01
    endloop
  endfacet
  facet normal 9.057023e-01 4.239144e-01 -4.457433e-16
    outer loop
      vertex   1.374475e-01 -2.399319e-01 5.075000e-01
      vertex   1.341731e-01 -2.329359e-01 5.675000e-01
      vertex   1.374475e-01 -2.399319e-01 5.675000e-01
    endloop
  endfacet
  facet normal 9.263240e-01 3.767279e-01 -5.084785e-16
    outer loop
      vertex   1.374475e-01 -2.399319e-01 5.075000e-01
      vertex   1.374475e-01 -2.399319e-01 5.675000e-01
      vertex   1.403575e-01 -2.470872e-01 5.075000e-01
    endloop
  endfacet
  facet normal 9.263240e-01 3.767279e-01 -7.996760e-17
    outer loop
      vertex   1.403575e-01 -2.470872e-01 5.075000e-01
      vertex   1.374475e-01 -2.399319e-01 5.675000e-01
      vertex   1.403575e-01 -2.470872e-01 5.675000e-01
    endloop
  endfacet
  facet normal 9.444892e-01 3.285424e-01 -1.329513e-16
    outer loop
      vertex   1.403575e-01 -2.470872e-01 5.075000e-01
      vertex   1.403575e-01 -2.470872e-01 5.675000e-01
      vertex   1.428953e-01 -2.543828e-01 5.075000e-01
    endloop
  endfacet
  facet normal 9.444892e-01 3.285424e-01 -1.329513e-16
    outer loop
      vertex   1.428953e-01 -2.543828e-01 5.075000e-01
      vertex   1.403575e-01 -2.470872e-01 5.675000e-01
      vertex   1.428953e-01 -2.543828e-01 5.675000e-01
    endloop
  endfacet
  facet normal 9.601499e-01 2.794856e-01 -1.855824e-16
    outer loop
      vertex   1.428953e-01 -2.543828e-01 5.075000e-01
      vertex   1.428953e-01 -2.543828e-01 5.675000e-01
      vertex   1.450542e-01 -2.617993e-01 5.075000e-01
    endloop
  endfacet
  facet normal 9.601499e-01 2.794856e-01 -0.000000e+00
    outer loop
      vertex   1.450542e-01 -2.617993e-01 5.075000e-01
      vertex   1.428953e-01 -2.543828e-01 5.675000e-01
      vertex   1.450542e-01 -2.617993e-01 5.675000e-01
    endloop
  endfacet
  facet normal 9.732644e-01 2.296877e-01 -0.000000e+00
    outer loop
      vertex   1.450542e-01 -2.617993e-01 5.075000e-01
      vertex   1.450542e-01 -2.617993e-01 5.675000e-01
      vertex   1.468284e-01 -2.693172e-01 5.075000e-01
    endloop
  endfacet
  facet normal 9.732644e-01 2.296877e-01 2.125038e-16
    outer loop
      vertex   1.468284e-01 -2.693172e-01 5.075000e-01
      vertex   1.450542e-01 -2.617993e-01 5.675000e-01
      vertex   1.468284e-01 -2.693172e-01 5.675000e-01
    endloop
  endfacet
  facet normal 9.837980e-01 1.792808e-01 1.658680e-16
    outer loop
      vertex   1.468284e-01 -2.693172e-01 5.075000e-01
      vertex   1.468284e-01 -2.693172e-01 5.675000e-01
      vertex   1.482132e-01 -2.769164e-01 5.075000e-01
    endloop
  endfacet
  facet normal 9.837980e-01 1.792808e-01 1.658680e-16
    outer loop
      vertex   1.482132e-01 -2.769164e-01 5.075000e-01
      vertex   1.468284e-01 -2.693172e-01 5.675000e-01
      vertex   1.482132e-01 -2.769164e-01 5.675000e-01
    endloop
  endfacet
  facet normal 9.917227e-01 1.283984e-01 1.187923e-16
    outer loop
      vertex   1.482132e-01 -2.769164e-01 5.075000e-01
      vertex   1.482132e-01 -2.769164e-01 5.675000e-01
      vertex   1.492050e-01 -2.845769e-01 5.075000e-01
    endloop
  endfacet
  facet normal 9.917227e-01 1.283984e-01 1.187923e-16
    outer loop
      vertex   1.492050e-01 -2.845769e-01 5.075000e-01
      vertex   1.482132e-01 -2.769164e-01 5.675000e-01
      vertex   1.492050e-01 -2.845769e-01 5.675000e-01
    endloop
  endfacet
  facet normal 9.970175e-01 7.717546e-02 7.140165e-17
    outer loop
      vertex   1.492050e-01 -2.845769e-01 5.075000e-01
      vertex   1.492050e-01 -2.845769e-01 5.675000e-01
      vertex   1.498011e-01 -2.922782e-01 5.075000e-01
    endloop
  endfacet
  facet normal 9.970175e-01 7.717546e-02 7.140165e-17
    outer loop
      vertex   1.498011e-01 -2.922782e-01 5.075000e-01
      vertex   1.492050e-01 -2.845769e-01 5.675000e-01
      vertex   1.498011e-01 -2.922782e-01 5.675000e-01
    endloop
  endfacet
  facet normal 9.996685e-01 2.574791e-02 2.382161e-17
    outer loop
      vertex   1.498011e-01 -2.922782e-01 5.075000e-01
      vertex   1.498011e-01 -2.922782e-01 5.675000e-01
      vertex   1.500000e-01 -3.000000e-01 5.075000e-01
    endloop
  endfacet
  facet normal 9.996685e-01 2.574791e-02 -0.000000e+00
    outer loop
      vertex   1.500000e-01 -3.000000e-01 5.075000e-01
      vertex   1.498011e-01 -2.922782e-01 5.675000e-01
      vertex   1.500000e-01 -3.000000e-01 5.675000e-01
    endloop
  endfacet
  facet normal 9.996685e-01 -2.574791e-02 0.000000e+00
    outer loop
      vertex   1.500000e-01 -3.000000e-01 5.075000e-01
      vertex   1.500000e-01 -3.000000e-01 5.675000e-01
      vertex   1.498011e-01 -3.077218e-01 5.075000e-01
    endloop
  endfacet
  facet normal 9.996685e-01 -2.574791e-02 -2.382161e-17
    outer loop
      vertex   1.498011e-01 -3.077218e-01 5.075000e-01
      vertex   1.500000e-01 -3.000000e-01 5.675000e-01
      vertex   1.498011e-01 -3.077218e-01 5.675000e-01
    endloop
  endfacet
  facet normal 9.970175e-01 -7.717546e-02 -7.140165e-17
    outer loop
      vertex   1.498011e-01 -3.077218e-01 5.075000e-01
      vertex   1.498011e-01 -3.077218e-01 5.675000e-01
      vertex   1.492050e-01 -3.154231e-01 5.075000e-01
    endloop
  endfacet
  facet normal 9.970175e-01 -7.717546e-02 -7.140165e-17
    outer loop
      vertex   1.492050e-01 -3.154231e-01 5.075000e-01
      vertex   1.498011e-01 -3.077218e-01 5.675000e-01
      vertex   1.492050e-01 -3.154231e-01 5.675000e-01
    endloop
  endfacet
  facet normal 9.917227e-01 -1.283984e-01 -1.187923e-16
    outer loop
      vertex   1.492050e-01 -3.154231e-01 5.075000e-01
      vertex   1.492050e-01 -3.154231e-01 5.675000e-01
      vertex   1.482132e-01 -3.230836e-01 5.075000e-01
    endloop
  endfacet
  facet normal 9.917227e-01 -1.283984e-01 -1.187923e-16
    outer loop
      vertex   1.482132e-01 -3.230836e-01 5.075000e-01
      vertex   1.492050e-01 -3.154231e-01 5.675000e-01
      vertex   1.482132e-01 -3.230836e-01 5.675000e-01
    endloop
  endfacet
  facet normal 9.837980e-01 -1.792808e-01 -1.658680e-16
    outer loop
      vertex   1.482132e-01 -3.230836e-01 5.075000e-01
      vertex   1.482132e-01 -3.230836e-01 5.675000e-01
      vertex   1.468284e-01 -3.306828e-01 5.075000e-01
    endloop
  endfacet
  facet normal 9.837980e-01 -1.792808e-01 -1.658680e-16
    outer loop
      vertex   1.468284e-01 -3.306828e-01 5.075000e-01
      vertex   1.482132e-01 -3.230836e-01 5.675000e-01
      vertex   1.468284e-01 -3.306828e-01 5.675000e-01
    endloop
  endfacet
  facet normal 9.732644e-01 -2.296877e-01 -2.125038e-16
    outer loop
      vertex   1.468284e-01 -3.306828e-01 5.075000e-01
      vertex   1.468284e-01 -3.306828e-01 5.675000e-01
      vertex   1.450542e-01 -3.382007e-01 5.075000e-01
    endloop
  endfacet
  facet normal 9.732644e-01 -2.296877e-01 0.000000e+00
    outer loop
      vertex   1.450542e-01 -3.382007e-01 5.075000e-01
      vertex   1.468284e-01 -3.306828e-01 5.675000e-01
      vertex   1.450542e-01 -3.382007e-01 5.675000e-01
    endloop
  endfacet
  facet normal 9.601499e-01 -2.794856e-01 0.000000e+00
    outer loop
      vertex   1.450542e-01 -3.382007e-01 5.075000e-01
      vertex   1.450542e-01 -3.382007e-01 5.675000e-01
      vertex   1.428953e-01 -3.456172e-01 5.075000e-01
    endloop
  endfacet
  facet normal 9.601499e-01 -2.794856e-01 1.855824e-16
    outer loop
      vertex   1.428953e-01 -3.456172e-01 5.075000e-01
      vertex   1.450542e-01 -3.382007e-01 5.675000e-01
      vertex   1.428953e-01 -3.456172e-01 5.675000e-01
    endloop
  endfacet
  facet normal 9.444892e-01 -3.285424e-01 1.329513e-16
    outer loop
      vertex   1.428953e-01 -3.456172e-01 5.075000e-01
      vertex   1.428953e-01 -3.456172e-01 5.675000e-01
      vertex   1.403575e-01 -3.529128e-01 5.075000e-01
    endloop
  endfacet
  facet normal 9.444892e-01 -3.285424e-01 1.329513e-16
    outer loop
      vertex   1.403575e-01 -3.529128e-01 5.075000e-01
      vertex   1.428953e-01 -3.456172e-01 5.675000e-01
      vertex   1.403575e-01 -3.529128e-01 5.675000e-01
    endloop
  endfacet
  facet normal 9.263240e-01 -3.767279e-01 7.996760e-17
    outer loop
      vertex   1.403575e-01 -3.529128e-01 5.075000e-01
      vertex   1.403575e-01 -3.529128e-01 5.675000e-01
      vertex   1.374475e-01 -3.600681e-01 5.075000e-01
    endloop
  endfacet
  facet normal 9.263240e-01 -3.767279e-01 8.570218e-16
    outer loop
      vertex   1.374475e-01 -3.600681e-01 5.075000e-01
      vertex   1.403575e-01 -3.529128e-01 5.675000e-01
      vertex   1.374475e-01 -3.600681e-01 5.675000e-01
    endloop
  endfacet
  facet normal 9.057023e-01 -4.239144e-01 8.379429e-16
    outer loop
      vertex   1.374475e-01 -3.600681e-01 5.075000e-01
      vertex   1.374475e-01 -3.600681e-01 5.675000e-01
      vertex   1.341731e-01 -3.670641e-01 5.075000e-01
    endloop
  endfacet
  facet normal 9.057023e-01 -4.239144e-01 4.457433e-16
    outer loop
      vertex   1.341731e-01 -3.670641e-01 5.075000e-01
      vertex   1.374475e-01 -3.600681e-01 5.675000e-01
      vertex   1.341731e-01 -3.670641e-01 5.675000e-01
    endloop
  endfacet
  facet normal 8.826788e-01 -4.699767e-01 3.818261e-16
    outer loop
      vertex   1.341731e-01 -3.670641e-01 5.075000e-01
      vertex   1.341731e-01 -3.670641e-01 5.675000e-01
      vertex   1.305428e-01 -3.738822e-01 5.075000e-01
    endloop
  endfacet
  facet normal 8.826788e-01 -4.699767e-01 -4.613107e-16
    outer loop
      vertex   1.305428e-01 -3.738822e-01 5.075000e-01
      vertex   1.341731e-01 -3.670641e-01 5.675000e-01
      vertex   1.305428e-01 -3.738822e-01 5.675000e-01
    endloop
  endfacet
  facet normal 8.573146e-01 -5.147928e-01 -5.559704e-16
    outer loop
      vertex   1.305428e-01 -3.738822e-01 5.075000e-01
      vertex   1.305428e-01 -3.738822e-01 5.675000e-01
      vertex   1.265663e-01 -3.805044e-01 5.075000e-01
    endloop
  endfacet
  facet normal 8.573146e-01 -5.147928e-01 3.168963e-16
    outer loop
      vertex   1.265663e-01 -3.805044e-01 5.075000e-01
      vertex   1.305428e-01 -3.738822e-01 5.675000e-01
      vertex   1.265663e-01 -3.805044e-01 5.675000e-01
    endloop
  endfacet
  facet normal 8.296770e-01 -5.582437e-01 2.511262e-16
    outer loop
      vertex   1.265663e-01 -3.805044e-01 5.075000e-01
      vertex   1.265663e-01 -3.805044e-01 5.675000e-01
      vertex   1.222543e-01 -3.869132e-01 5.075000e-01
    endloop
  endfacet
  facet normal 8.296770e-01 -5.582437e-01 5.922488e-17
    outer loop
      vertex   1.222543e-01 -3.869132e-01 5.075000e-01
      vertex   1.265663e-01 -3.805044e-01 5.675000e-01
      vertex   1.222543e-01 -3.869132e-01 5.675000e-01
    endloop
  endfacet
  facet normal 7.998392e-01 -6.002143e-01 -3.097957e-19
    outer loop
      vertex   1.222543e-01 -3.869132e-01 5.075000e-01
      vertex   1.222543e-01 -3.869132e-01 5.675000e-01
      vertex   1.176180e-01 -3.930914e-01 5.075000e-01
    endloop
  endfacet
  facet normal 7.998392e-01 -6.002143e-01 -3.097957e-19
    outer loop
      vertex   1.176180e-01 -3.930914e-01 5.075000e-01
      vertex   1.222543e-01 -3.869132e-01 5.675000e-01
      vertex   1.176180e-01 -3.930914e-01 5.675000e-01
    endloop
  endfacet
  facet normal 7.678804e-01 -6.405932e-01 -5.984365e-17
    outer loop
      vertex   1.176180e-01 -3.930914e-01 5.075000e-01
      vertex   1.176180e-01 -3.930914e-01 5.675000e-01
      vertex   1.126698e-01 -3.990228e-01 5.075000e-01
    endloop
  endfacet
  facet normal 7.678804e-01 -6.405932e-01 -6.525114e-16
    outer loop
      vertex   1.126698e-01 -3.990228e-01 5.075000e-01
      vertex   1.176180e-01 -3.930914e-01 5.675000e-01
      vertex   1.126698e-01 -3.990228e-01 5.675000e-01
    endloop
  endfacet
  facet normal 7.338854e-01 -6.792733e-01 -7.476729e-16
    outer loop
      vertex   1.126698e-01 -3.990228e-01 5.075000e-01
      vertex   1.126698e-01 -3.990228e-01 5.675000e-01
      vertex   1.074228e-01 -4.046916e-01 5.075000e-01
    endloop
  endfacet
  facet normal 7.338854e-01 -6.792733e-01 5.052628e-17
    outer loop
      vertex   1.074228e-01 -4.046916e-01 5.075000e-01
      vertex   1.126698e-01 -3.990228e-01 5.675000e-01
      vertex   1.074228e-01 -4.046916e-01 5.675000e-01
    endloop
  endfacet
  facet normal 6.979442e-01 -7.161522e-01 -1.684582e-17
    outer loop
      vertex   1.074228e-01 -4.046916e-01 5.075000e-01
      vertex   1.074228e-01 -4.046916e-01 5.675000e-01
      vertex   1.018910e-01 -4.100828e-01 5.075000e-01
    endloop
  endfacet
  facet normal 6.979442e-01 -7.161522e-01 0.000000e+00
    outer loop
      vertex   1.018910e-01 -4.100828e-01 5.075000e-01
      vertex   1.074228e-01 -4.046916e-01 5.675000e-01
      vertex   1.018910e-01 -4.100828e-01 5.675000e-01
    endloop
  endfacet
  facet normal 6.601521e-01 -7.511319e-01 0.000000e+00
    outer loop
      vertex   1.018910e-01 -4.100828e-01 5.075000e-01
      vertex   1.018910e-01 -4.100828e-01 5.675000e-01
      vertex   9.608898e-02 -4.151821e-01 5.075000e-01
    endloop
  endfacet
  facet normal 6.601521e-01 -7.511319e-01 0.000000e+00
    outer loop
      vertex   9.608898e-02 -4.151821e-01 5.075000e-01
      vertex   1.018910e-01 -4.100828e-01 5.675000e-01
      vertex   9.608898e-02 -4.151821e-01 5.675000e-01
    endloop
  endfacet
  facet normal 6.206095e-01 -7.841198e-01 0.000000e+00
    outer loop
      vertex   9.608898e-02 -4.151821e-01 5.075000e-01
      vertex   9.608898e-02 -4.151821e-01 5.675000e-01
      vertex   9.003214e-02 -4.199759e-01 5.075000e-01
    endloop
  endfacet
  facet normal 6.206095e-01 -7.841198e-01 -7.732661e-18
    outer loop
      vertex   9.003214e-02 -4.199759e-01 5.075000e-01
      vertex   9.608898e-02 -4.151821e-01 5.675000e-01
      vertex   9.003214e-02 -4.199759e-01 5.675000e-01
    endloop
  endfacet
  facet normal 5.794211e-01 -8.150283e-01 -8.396243e-17
    outer loop
      vertex   9.003214e-02 -4.199759e-01 5.075000e-01
      vertex   9.003214e-02 -4.199759e-01 5.675000e-01
      vertex   8.373656e-02 -4.244516e-01 5.075000e-01
    endloop
  endfacet
  facet normal 5.794211e-01 -8.150283e-01 3.180917e-16
    outer loop
      vertex   8.373656e-02 -4.244516e-01 5.075000e-01
      vertex   9.003214e-02 -4.199759e-01 5.675000e-01
      vertex   8.373656e-02 -4.244516e-01 5.675000e-01
    endloop
  endfacet
  facet normal 5.366962e-01 -8.437756e-01 2.124382e-16
    outer loop
      vertex   8.373656e-02 -4.244516e-01 5.075000e-01
      vertex   8.373656e-02 -4.244516e-01 5.675000e-01
      vertex   7.721892e-02 -4.285972e-01 5.075000e-01
    endloop
  endfacet
  facet normal 5.366962e-01 -8.437756e-01 -2.841055e-16
    outer loop
      vertex   7.721892e-02 -4.285972e-01 5.075000e-01
      vertex   8.373656e-02 -4.244516e-01 5.675000e-01
      vertex   7.721892e-02 -4.285972e-01 5.675000e-01
    endloop
  endfacet
  facet normal 4.925481e-01 -8.702852e-01 -3.494771e-16
    outer loop
      vertex   7.721892e-02 -4.285972e-01 5.075000e-01
      vertex   7.721892e-02 -4.285972e-01 5.675000e-01
      vertex   7.049651e-02 -4.324018e-01 5.075000e-01
    endloop
  endfacet
  facet normal 4.925481e-01 -8.702852e-01 -6.989542e-16
    outer loop
      vertex   7.049651e-02 -4.324018e-01 5.075000e-01
      vertex   7.721892e-02 -4.285972e-01 5.675000e-01
      vertex   7.049651e-02 -4.324018e-01 5.675000e-01
    endloop
  endfacet
  facet normal 4.470938e-01 -8.944871e-01 -8.278439e-16
    outer loop
      vertex   7.049651e-02 -4.324018e-01 5.075000e-01
      vertex   7.049651e-02 -4.324018e-01 5.675000e-01
      vertex   6.358716e-02 -4.358553e-01 5.075000e-01
    endloop
  endfacet
  facet normal 4.470938e-01 -8.944871e-01 0.000000e+00
    outer loop
      vertex   6.358716e-02 -4.358553e-01 5.075000e-01
      vertex   7.049651e-02 -4.324018e-01 5.675000e-01
      vertex   6.358716e-02 -4.358553e-01 5.675000e-01
    endloop
  endfacet
  facet normal 4.004539e-01 -9.163169e-01 0.000000e+00
    outer loop
      vertex   6.358716e-02 -4.358553e-01 5.075000e-01
      vertex   6.358716e-02 -4.358553e-01 5.675000e-01
      vertex   5.650918e-02 -4.389486e-01 5.075000e-01
    endloop
  endfacet
  facet normal 4.004539e-01 -9.163169e-01 -4.772691e-16
    outer loop
      vertex   5.650918e-02 -4.389486e-01 5.075000e-01
      vertex   6.358716e-02 -4.358553e-01 5.675000e-01
      vertex   5.650918e-02 -4.389486e-01 5.675000e-01
    endloop
  endfacet
  facet normal 3.527521e-01 -9.357168e-01 -5.393507e-16
    outer loop
      vertex   5.650918e-02 -4.389486e-01 5.075000e-01
      vertex   5.650918e-02 -4.389486e-01 5.675000e-01
      vertex   4.928136e-02 -4.416734e-01 5.075000e-01
    endloop
  endfacet
  facet normal 3.527521e-01 -9.357168e-01 0.000000e+00
    outer loop
      vertex   4.928136e-02 -4.416734e-01 5.075000e-01
      vertex   5.650918e-02 -4.389486e-01 5.675000e-01
      vertex   4.928136e-02 -4.416734e-01 5.675000e-01
    endloop
  endfacet
  facet normal 3.041148e-01 -9.526354e-01 0.000000e+00
    outer loop
      vertex   4.928136e-02 -4.416734e-01 5.075000e-01
      vertex   4.928136e-02 -4.416734e-01 5.675000e-01
      vertex   4.192285e-02 -4.440225e-01 5.075000e-01
    endloop
  endfacet
  facet normal 3.041148e-01 -9.526354e-01 3.517034e-16
    outer loop
      vertex   4.192285e-02 -4.440225e-01 5.075000e-01
      vertex   4.928136e-02 -4.416734e-01 5.675000e-01
      vertex   4.192285e-02 -4.440225e-01 5.675000e-01
    endloop
  endfacet
  facet normal 2.546711e-01 -9.670277e-01 2.945226e-16
    outer loop
      vertex   4.192285e-02 -4.440225e-01 5.075000e-01
      vertex   4.192285e-02 -4.440225e-01 5.675000e-01
      vertex   3.445316e-02 -4.459897e-01 5.075000e-01
    endloop
  endfacet
  facet normal 2.546711e-01 -9.670277e-01 -4.823487e-16
    outer loop
      vertex   3.445316e-02 -4.459897e-01 5.075000e-01
      vertex   4.192285e-02 -4.440225e-01 5.675000e-01
      vertex   3.445316e-02 -4.459897e-01 5.675000e-01
    endloop
  endfacet
  facet normal 2.045521e-01 -9.788557e-01 -5.744382e-16
    outer loop
      vertex   3.445316e-02 -4.459897e-01 5.075000e-01
      vertex   3.445316e-02 -4.459897e-01 5.675000e-01
      vertex   2.689211e-02 -4.475697e-01 5.075000e-01
    endloop
  endfacet
  facet normal 2.045521e-01 -9.788557e-01 1.182804e-16
    outer loop
      vertex   2.689211e-02 -4.475697e-01 5.075000e-01
      vertex   3.445316e-02 -4.459897e-01 5.675000e-01
      vertex   2.689211e-02 -4.475697e-01 5.675000e-01
    endloop
  endfacet
  facet normal 1.538906e-01 -9.880879e-01 8.898587e-17
    outer loop
      vertex   2.689211e-02 -4.475697e-01 5.075000e-01
      vertex   2.689211e-02 -4.475697e-01 5.675000e-01
      vertex   1.925975e-02 -4.487584e-01 5.075000e-01
    endloop
  endfacet
  facet normal 1.538906e-01 -9.880879e-01 1.779717e-16
    outer loop
      vertex   1.925975e-02 -4.487584e-01 5.075000e-01
      vertex   2.689211e-02 -4.475697e-01 5.675000e-01
      vertex   1.925975e-02 -4.487584e-01 5.675000e-01
    endloop
  endfacet
  facet normal 1.028210e-01 -9.946999e-01 1.189107e-16
    outer loop
      vertex   1.925975e-02 -4.487584e-01 5.075000e-01
      vertex   1.925975e-02 -4.487584e-01 5.675000e-01
      vertex   1.157632e-02 -4.495526e-01 5.075000e-01
    endloop
  endfacet
  facet normal 1.028210e-01 -9.946999e-01 0.000000e+00
    outer loop
      vertex   1.157632e-02 -4.495526e-01 5.075000e-01
      vertex   1.925975e-02 -4.487584e-01 5.675000e-01
      vertex   1.157632e-02 -4.495526e-01 5.675000e-01
    endloop
  endfacet
  facet normal 5.147875e-02 -9.986741e-01 0.000000e+00
    outer loop
      vertex   1.157632e-02 -4.495526e-01 5.075000e-01
      vertex   1.157632e-02 -4.495526e-01 5.675000e-01
      vertex   3.862187e-03 -4.499503e-01 5.075000e-01
    endloop
  endfacet
  facet normal 5.147875e-02 -9.986741e-01 5.730173e-17
    outer loop
      vertex   3.862187e-03 -4.499503e-01 5.075000e-01
      vertex   1.157632e-02 -4.495526e-01 5.675000e-01
      vertex   3.862187e-03 -4.499503e-01 5.675000e-01
    endloop
  endfacet
  facet normal 0.000000e+00 -1.000000e+00 0.000000e+00
    outer loop
      vertex   3.862187e-03 -4.499503e-01 5.075000e-01
      vertex   3.862187e-03 -4.499503e-01 5.675000e-01
      vertex   -3.862187e-03 -4.499503e-01 5.075000e-01
    endloop
  endfacet
  facet normal 0.000000e+00 -1.000000e+00 0.000000e+00
    outer loop
      vertex   -3.862187e-03 -4.499503e-01 5.075000e-01
      vertex   3.862187e-03 -4.499503e-01 5.675000e-01
      vertex   -3.862187e-03 -4.499503e-01 5.675000e-01
    endloop
  endfacet
  facet normal -5.147875e-02 -9.986741e-01 -8.595260e-17
    outer loop
      vertex   -3.862187e-03 -4.499503e-01 5.075000e-01
      vertex   -3.862187e-03 -4.499503e-01 5.675000e-01
      vertex   -1.157632e-02 -4.495526e-01 5.075000e-01
    endloop
  endfacet
  facet normal -5.147875e-02 -9.986741e-01 -2.976713e-17
    outer loop
      vertex   -1.157632e-02 -4.495526e-01 5.075000e-01
      vertex   -3.862187e-03 -4.499503e-01 5.675000e-01
      vertex   -1.157632e-02 -4.495526e-01 5.675000e-01
    endloop
  endfacet
  facet normal -1.028210e-01 -9.946999e-01 -5.945533e-17
    outer loop
      vertex   -1.157632e-02 -4.495526e-01 5.075000e-01
      vertex   -1.157632e-02 -4.495526e-01 5.675000e-01
      vertex   -1.925975e-02 -4.487584e-01 5.075000e-01
    endloop
  endfacet
  facet normal -1.028210e-01 -9.946999e-01 8.132627e-16
    outer loop
      vertex   -1.925975e-02 -4.487584e-01 5.075000e-01
      vertex   -1.157632e-02 -4.495526e-01 5.675000e-01
      vertex   -1.925975e-02 -4.487584e-01 5.675000e-01
    endloop
  endfacet
  facet normal -1.538906e-01 -9.880879e-01 7.539904e-16
    outer loop
      vertex   -1.925975e-02 -4.487584e-01 5.075000e-01
      vertex   -1.925975e-02 -4.487584e-01 5.675000e-01
      vertex   -2.689211e-02 -4.475697e-01 5.075000e-01
    endloop
  endfacet
  facet normal -1.538906e-01 -9.880879e-01 0.000000e+00
    outer loop
      vertex   -2.689211e-02 -4.475697e-01 5.075000e-01
      vertex   -1.925975e-02 -4.487584e-01 5.675000e-01
      vertex   -2.689211e-02 -4.475697e-01 5.675000e-01
    endloop
  endfacet
  facet normal -2.045521e-01 -9.788557e-01 0.000000e+00
    outer loop
      vertex   -2.689211e-02 -4.475697e-01 5.075000e-01
      vertex   -2.689211e-02 -4.475697e-01 5.675000e-01
      vertex   -3.445316e-02 -4.459897e-01 5.075000e-01
    endloop
  endfacet
  facet normal -2.045521e-01 -9.788557e-01 -2.365608e-16
    outer loop
      vertex   -3.445316e-02 -4.459897e-01 5.075000e-01
      vertex   -2.689211e-02 -4.475697e-01 5.675000e-01
      vertex   -3.445316e-02 -4.459897e-01 5.675000e-01
    endloop
  endfacet
  facet normal -2.546711e-01 -9.670277e-01 -2.945226e-16
    outer loop
      vertex   -3.445316e-02 -4.459897e-01 5.075000e-01
      vertex   -3.445316e-02 -4.459897e-01 5.675000e-01
      vertex   -4.192285e-02 -4.440225e-01 5.075000e-01
    endloop
  endfacet
  facet normal -2.546711e-01 -9.670277e-01 5.118009e-16
    outer loop
      vertex   -4.192285e-02 -4.440225e-01 5.075000e-01
      vertex   -3.445316e-02 -4.459897e-01 5.675000e-01
      vertex   -4.192285e-02 -4.440225e-01 5.675000e-01
    endloop
  endfacet
  facet normal -3.041148e-01 -9.526354e-01 4.241503e-16
    outer loop
      vertex   -4.192285e-02 -4.440225e-01 5.075000e-01
      vertex   -4.192285e-02 -4.440225e-01 5.675000e-01
      vertex   -4.928136e-02 -4.416734e-01 5.075000e-01
    endloop
  endfacet
  facet normal -3.041148e-01 -9.526354e-01 -1.758517e-16
    outer loop
      vertex   -4.928136e-02 -4.416734e-01 5.075000e-01
      vertex   -4.192285e-02 -4.440225e-01 5.675000e-01
      vertex   -4.928136e-02 -4.416734e-01 5.675000e-01
    endloop
  endfacet
  facet normal -3.527521e-01 -9.357168e-01 -2.039758e-16
    outer loop
      vertex   -4.928136e-02 -4.416734e-01 5.075000e-01
      vertex   -4.928136e-02 -4.416734e-01 5.675000e-01
      vertex   -5.650918e-02 -4.389486e-01 5.075000e-01
    endloop
  endfacet
  facet normal -3.527521e-01 -9.357168e-01 3.353749e-16
    outer loop
      vertex   -5.650918e-02 -4.389486e-01 5.075000e-01
      vertex   -4.928136e-02 -4.416734e-01 5.675000e-01
      vertex   -5.650918e-02 -4.389486e-01 5.675000e-01
    endloop
  endfacet
  facet normal -4.004539e-01 -9.163169e-01 2.457102e-16
    outer loop
      vertex   -5.650918e-02 -4.389486e-01 5.075000e-01
      vertex   -5.650918e-02 -4.389486e-01 5.675000e-01
      vertex   -6.358716e-02 -4.358553e-01 5.075000e-01
    endloop
  endfacet
  facet normal -4.004539e-01 -9.163169e-01 0.000000e+00
    outer loop
      vertex   -6.358716e-02 -4.358553e-01 5.075000e-01
      vertex   -5.650918e-02 -4.389486e-01 5.675000e-01
      vertex   -6.358716e-02 -4.358553e-01 5.675000e-01
    endloop
  endfacet
  facet normal -4.470938e-01 -8.944871e-01 0.000000e+00
    outer loop
      vertex   -6.358716e-02 -4.358553e-01 5.075000e-01
      vertex   -6.358716e-02 -4.358553e-01 5.675000e-01
      vertex   -7.049651e-02 -4.324018e-01 5.075000e-01
    endloop
  endfacet
  facet normal -4.470938e-01 -8.944871e-01 -4.136449e-16
    outer loop
      vertex   -7.049651e-02 -4.324018e-01 5.075000e-01
      vertex   -6.358716e-02 -4.358553e-01 5.675000e-01
      vertex   -7.049651e-02 -4.324018e-01 5.675000e-01
    endloop
  endfacet
  facet normal -4.925481e-01 -8.702852e-01 -4.556985e-16
    outer loop
      vertex   -7.049651e-02 -4.324018e-01 5.075000e-01
      vertex   -7.049651e-02 -4.324018e-01 5.675000e-01
      vertex   -7.721892e-02 -4.285972e-01 5.075000e-01
    endloop
  endfacet
  facet normal -4.925481e-01 -8.702852e-01 -1.062214e-16
    outer loop
      vertex   -7.721892e-02 -4.285972e-01 5.075000e-01
      vertex   -7.049651e-02 -4.324018e-01 5.675000e-01
      vertex   -7.721892e-02 -4.285972e-01 5.675000e-01
    endloop
  endfacet
  facet normal -5.366962e-01 -8.437756e-01 -2.124382e-16
    outer loop
      vertex   -7.721892e-02 -4.285972e-01 5.075000e-01
      vertex   -7.721892e-02 -4.285972e-01 5.675000e-01
      vertex   -8.373656e-02 -4.244516e-01 5.075000e-01
    endloop
  endfacet
  facet normal -5.366962e-01 -8.437756e-01 0.000000e+00
    outer loop
      vertex   -8.373656e-02 -4.244516e-01 5.075000e-01
      vertex   -7.721892e-02 -4.285972e-01 5.675000e-01
      vertex   -8.373656e-02 -4.244516e-01 5.675000e-01
    endloop
  endfacet
  facet normal -5.794211e-01 -8.150283e-01 0.000000e+00
    outer loop
      vertex   -8.373656e-02 -4.244516e-01 5.075000e-01
      vertex   -8.373656e-02 -4.244516e-01 5.675000e-01
      vertex   -9.003214e-02 -4.199759e-01 5.075000e-01
    endloop
  endfacet
  facet normal -5.794211e-01 -8.150283e-01 -4.521098e-16
    outer loop
      vertex   -9.003214e-02 -4.199759e-01 5.075000e-01
      vertex   -8.373656e-02 -4.244516e-01 5.675000e-01
      vertex   -9.003214e-02 -4.199759e-01 5.675000e-01
    endloop
  endfacet
  facet normal -6.206095e-01 -7.841198e-01 -5.664465e-16
    outer loop
      vertex   -9.003214e-02 -4.199759e-01 5.075000e-01
      vertex   -9.003214e-02 -4.199759e-01 5.675000e-01
      vertex   -9.608898e-02 -4.151821e-01 5.075000e-01
    endloop
  endfacet
  facet normal -6.206095e-01 -7.841198e-01 0.000000e+00
    outer loop
      vertex   -9.608898e-02 -4.151821e-01 5.075000e-01
      vertex   -9.003214e-02 -4.199759e-01 5.675000e-01
      vertex   -9.608898e-02 -4.151821e-01 5.675000e-01
    endloop
  endfacet
  facet normal -6.601521e-01 -7.511319e-01 0.000000e+00
    outer loop
      vertex   -9.608898e-02 -4.151821e-01 5.075000e-01
      vertex   -9.608898e-02 -4.151821e-01 5.675000e-01
      vertex   -1.018910e-01 -4.100828e-01 5.075000e-01
    endloop
  endfacet
  facet normal -6.601521e-01 -7.511319e-01 8.417323e-17
    outer loop
      vertex   -1.018910e-01 -4.100828e-01 5.075000e-01
      vertex   -9.608898e-02 -4.151821e-01 5.675000e-01
      vertex   -1.018910e-01 -4.100828e-01 5.675000e-01
    endloop
  endfacet
  facet normal -6.979442e-01 -7.161522e-01 1.684582e-17
    outer loop
      vertex   -1.018910e-01 -4.100828e-01 5.075000e-01
      vertex   -1.018910e-01 -4.100828e-01 5.675000e-01
      vertex   -1.074228e-01 -4.046916e-01 5.075000e-01
    endloop
  endfacet
  facet normal -6.979442e-01 -7.161522e-01 3.565557e-16
    outer loop
      vertex   -1.074228e-01 -4.046916e-01 5.075000e-01
      vertex   -1.018910e-01 -4.100828e-01 5.675000e-01
      vertex   -1.074228e-01 -4.046916e-01 5.675000e-01
    endloop
  endfacet
  facet normal -7.338854e-01 -6.792733e-01 2.384376e-16
    outer loop
      vertex   -1.074228e-01 -4.046916e-01 5.075000e-01
      vertex   -1.074228e-01 -4.046916e-01 5.675000e-01
      vertex   -1.126698e-01 -3.990228e-01 5.075000e-01
    endloop
  endfacet
  facet normal -7.338854e-01 -6.792733e-01 0.000000e+00
    outer loop
      vertex   -1.126698e-01 -3.990228e-01 5.075000e-01
      vertex   -1.074228e-01 -4.046916e-01 5.675000e-01
      vertex   -1.126698e-01 -3.990228e-01 5.675000e-01
    endloop
  endfacet
  facet normal -7.678804e-01 -6.405932e-01 0.000000e+00
    outer loop
      vertex   -1.126698e-01 -3.990228e-01 5.075000e-01
      vertex   -1.126698e-01 -3.990228e-01 5.675000e-01
      vertex   -1.176180e-01 -3.930914e-01 5.075000e-01
    endloop
  endfacet
  facet normal -7.678804e-01 -6.405932e-01 1.196873e-16
    outer loop
      vertex   -1.176180e-01 -3.930914e-01 5.075000e-01
      vertex   -1.126698e-01 -3.990228e-01 5.675000e-01
      vertex   -1.176180e-01 -3.930914e-01 5.675000e-01
    endloop
  endfacet
  facet normal -7.998392e-01 -6.002143e-01 6.195914e-19
    outer loop
      vertex   -1.176180e-01 -3.930914e-01 5.075000e-01
      vertex   -1.176180e-01 -3.930914e-01 5.675000e-01
      vertex   -1.222543e-01 -3.869132e-01 5.075000e-01
    endloop
  endfacet
  facet normal -7.998392e-01 -6.002143e-01 0.000000e+00
    outer loop
      vertex   -1.222543e-01 -3.869132e-01 5.075000e-01
      vertex   -1.176180e-01 -3.930914e-01 5.675000e-01
      vertex   -1.222543e-01 -3.869132e-01 5.675000e-01
    endloop
  endfacet
  facet normal -8.296770e-01 -5.582437e-01 0.000000e+00
    outer loop
      vertex   -1.222543e-01 -3.869132e-01 5.075000e-01
      vertex   -1.222543e-01 -3.869132e-01 5.675000e-01
      vertex   -1.265663e-01 -3.805044e-01 5.075000e-01
    endloop
  endfacet
  facet normal -8.296770e-01 -5.582437e-01 1.326765e-16
    outer loop
      vertex   -1.265663e-01 -3.805044e-01 5.075000e-01
      vertex   -1.222543e-01 -3.869132e-01 5.675000e-01
      vertex   -1.265663e-01 -3.805044e-01 5.675000e-01
    endloop
  endfacet
  facet normal -8.573146e-01 -5.147928e-01 7.969133e-17
    outer loop
      vertex   -1.265663e-01 -3.805044e-01 5.075000e-01
      vertex   -1.265663e-01 -3.805044e-01 5.675000e-01
      vertex   -1.305428e-01 -3.738822e-01 5.075000e-01
    endloop
  endfacet
  facet normal -8.573146e-01 -5.147928e-01 0.000000e+00
    outer loop
      vertex   -1.305428e-01 -3.738822e-01 5.075000e-01
      vertex   -1.265663e-01 -3.805044e-01 5.675000e-01
      vertex   -1.305428e-01 -3.738822e-01 5.675000e-01
    endloop
  endfacet
  facet normal -8.826788e-01 -4.699767e-01 0.000000e+00
    outer loop
      vertex   -1.305428e-01 -3.738822e-01 5.075000e-01
      vertex   -1.305428e-01 -3.738822e-01 5.675000e-01
      vertex   -1.341731e-01 -3.670641e-01 5.075000e-01
    endloop
  endfacet
  facet normal -8.826788e-01 -4.699767e-01 2.649487e-17
    outer loop
      vertex   -1.341731e-01 -3.670641e-01 5.075000e-01
      vertex   -1.305428e-01 -3.738822e-01 5.675000e-01
      vertex   -1.341731e-01 -3.670641e-01 5.675000e-01
    endloop
  endfacet
  facet normal -9.057023e-01 -4.239144e-01 -2.677186e-17
    outer loop
      vertex   -1.341731e-01 -3.670641e-01 5.075000e-01
      vertex   -1.341731e-01 -3.670641e-01 5.675000e-01
      vertex   -1.374475e-01 -3.600681e-01 5.075000e-01
    endloop
  endfacet
  facet normal -9.057023e-01 -4.239144e-01 -5.354373e-17
    outer loop
      vertex   -1.374475e-01 -3.600681e-01 5.075000e-01
      vertex   -1.341731e-01 -3.670641e-01 5.675000e-01
      vertex   -1.374475e-01 -3.600681e-01 5.675000e-01
    endloop
  endfacet
  facet normal -9.263240e-01 -3.767279e-01 -1.599352e-16
    outer loop
      vertex   -1.374475e-01 -3.600681e-01 5.075000e-01
      vertex   -1.374475e-01 -3.600681e-01 5.675000e-01
      vertex   -1.403575e-01 -3.529128e-01 5.075000e-01
    endloop
  endfacet
  facet normal -9.263240e-01 -3.767279e-01 0.000000e+00
    outer loop
      vertex   -1.403575e-01 -3.529128e-01 5.075000e-01
      vertex   -1.374475e-01 -3.600681e-01 5.675000e-01
      vertex   -1.403575e-01 -3.529128e-01 5.675000e-01
    endloop
  endfacet
  facet normal -9.444892e-01 -3.285424e-01 0.000000e+00
    outer loop
      vertex   -1.403575e-01 -3.529128e-01 5.075000e-01
      vertex   -1.403575e-01 -3.529128e-01 5.675000e-01
      vertex   -1.428953e-01 -3.456172e-01 5.075000e-01
    endloop
  endfacet
  facet normal -9.444892e-01 -3.285424e-01 -1.329513e-16
    outer loop
      vertex   -1.428953e-01 -3.456172e-01 5.075000e-01
      vertex   -1.403575e-01 -3.529128e-01 5.675000e-01
      vertex   -1.428953e-01 -3.456172e-01 5.675000e-01
    endloop
  endfacet
  facet normal -9.601499e-01 -2.794856e-01 -1.855824e-16
    outer loop
      vertex   -1.428953e-01 -3.456172e-01 5.075000e-01
      vertex   -1.428953e-01 -3.456172e-01 5.675000e-01
      vertex   -1.450542e-01 -3.382007e-01 5.075000e-01
    endloop
  endfacet
  facet normal -9.601499e-01 -2.794856e-01 0.000000e+00
    outer loop
      vertex   -1.450542e-01 -3.382007e-01 5.075000e-01
      vertex   -1.428953e-01 -3.456172e-01 5.675000e-01
      vertex   -1.450542e-01 -3.382007e-01 5.675000e-01
    endloop
  endfacet
  facet normal -9.732644e-01 -2.296877e-01 0.000000e+00
    outer loop
      vertex   -1.450542e-01 -3.382007e-01 5.075000e-01
      vertex   -1.450542e-01 -3.382007e-01 5.675000e-01
      vertex   -1.468284e-01 -3.306828e-01 5.075000e-01
    endloop
  endfacet
  facet normal -9.732644e-01 -2.296877e-01 2.125038e-16
    outer loop
      vertex   -1.468284e-01 -3.306828e-01 5.075000e-01
      vertex   -1.450542e-01 -3.382007e-01 5.675000e-01
      vertex   -1.468284e-01 -3.306828e-01 5.675000e-01
    endloop
  endfacet
  facet normal -9.837980e-01 -1.792808e-01 1.658680e-16
    outer loop
      vertex   -1.468284e-01 -3.306828e-01 5.075000e-01
      vertex   -1.468284e-01 -3.306828e-01 5.675000e-01
      vertex   -1.482132e-01 -3.230836e-01 5.075000e-01
    endloop
  endfacet
  facet normal -9.837980e-01 -1.792808e-01 -1.233619e-16
    outer loop
      vertex   -1.482132e-01 -3.230836e-01 5.075000e-01
      vertex   -1.468284e-01 -3.306828e-01 5.675000e-01
      vertex   -1.482132e-01 -3.230836e-01 5.675000e-01
    endloop
  endfacet
  facet normal -9.917227e-01 -1.283984e-01 -2.211792e-16
    outer loop
      vertex   -1.482132e-01 -3.230836e-01 5.075000e-01
      vertex   -1.482132e-01 -3.230836e-01 5.675000e-01
      vertex   -1.492050e-01 -3.154231e-01 5.075000e-01
    endloop
  endfacet
  facet normal -9.917227e-01 -1.283984e-01 0.000000e+00
    outer loop
      vertex   -1.492050e-01 -3.154231e-01 5.075000e-01
      vertex   -1.482132e-01 -3.230836e-01 5.675000e-01
      vertex   -1.492050e-01 -3.154231e-01 5.675000e-01
    endloop
  endfacet
  facet normal -9.970175e-01 -7.717546e-02 0.000000e+00
    outer loop
      vertex   -1.492050e-01 -3.154231e-01 5.075000e-01
      vertex   -1.492050e-01 -3.154231e-01 5.675000e-01
      vertex   -1.498011e-01 -3.077218e-01 5.075000e-01
    endloop
  endfacet
  facet normal -9.970175e-01 -7.717546e-02 1.428033e-16
    outer loop
      vertex   -1.498011e-01 -3.077218e-01 5.075000e-01
      vertex   -1.492050e-01 -3.154231e-01 5.675000e-01
      vertex   -1.498011e-01 -3.077218e-01 5.675000e-01
    endloop
  endfacet
  facet normal 0.000000e+00 -0.000000e+00 1.000000e+00
    outer loop
      vertex   -1.498011e-01 -3.077218e-01 5.675000e-01
      vertex   1.498011e-01 -3.077218e-01 5.675000e-01
      vertex   -1.500000e-01 -3.000000e-01 5.675000e-01
    endloop
  endfacet
  facet normal -0.000000e+00 0.000000e+00 1.000000e+00
    outer loop
      vertex   -1.500000e-01 -3.000000e-01 5.675000e-01
      vertex   1.498011e-01 -3.077218e-01 5.675000e-01
      vertex   1.500000e-01 -3.000000e-01 5.675000e-01
    endloop
  endfacet
  facet normal 0.000000e+00 0.000000e+00 1.000000e+00
    outer loop
      vertex   -1.500000e-01 -3.000000e-01 5.675000e-01
      vertex   1.500000e-01 -3.000000e-01 5.675000e-01
      vertex   -1.498011e-01 -2.922782e-01 5.675000e-01
    endloop
  endfacet
  facet normal 0.000000e+00 0.000000e+00 1.000000e+00
    outer loop
      vertex   -1.498011e-01 -2.922782e-01 5.675000e-01
      vertex   1.500000e-01 -3.000000e-01 5.675000e-01
      vertex   1.498011e-01 -2.922782e-01 5.675000e-01
    endloop
  endfacet
  facet normal -0.000000e+00 0.000000e+00 1.000000e+00
    outer loop
      vertex   -1.498011e-01 -2.922782e-01 5.675000e-01
      vertex   1.498011e-01 -2.922782e-01 5.675000e-01
      vertex   -1.492050e-01 -2.845769e-01 5.675000e-01
    endloop
  endfacet
  facet normal 0.000000e+00 0.000000e+00 1.000000e+00
    outer loop
      vertex   -1.492050e-01 -2.845769e-01 5.675000e-01
      vertex   1.498011e-01 -2.922782e-01 5.675000e-01
      vertex   1.492050e-01 -2.845769e-01 5.675000e-01
    endloop
  endfacet
  facet normal -0.000000e+00 0.000000e+00 1.000000e+00
    outer loop
      vertex   -1.492050e-01 -2.845769e-01 5.675000e-01
      vertex   1.492050e-01 -2.845769e-01 5.675000e-01
      vertex   -1.482132e-01 -2.769164e-01 5.675000e-01
    endloop
  endfacet
  facet normal 0.000000e+00 0.000000e+00 1.000000e+00
    outer loop
      vertex   -1.482132e-01 -2.769164e-01 5.675000e-01
      vertex   1.492050e-01 -2.845769e-01 5.675000e-01
      vertex   1.482132e-01 -2.769164e-01 5.675000e-01
    endloop
  endfacet
  facet normal -0.000000e+00 0.000000e+00 1.000000e+00
    outer loop
      vertex   -1.482132e-01 -2.769164e-01 5.675000e-01
      vertex   1.482132e-01 -2.769164e-01 5.675000e-01
      vertex   -1.468284e-01 -2.693172e-01 5.675000e-01
    endloop
  endfacet
  facet normal 0.000000e+00 0.000000e+00 1.000000e+00
    outer loop
      vertex   -1.468284e-01 -2.693172e-01 5.675000e-01
      vertex   1.482132e-01 -2.769164e-01 5.675000e-01
      vertex   1.468284e-01 -2.693172e-01 5.675000e-01
    endloop
  endfacet
  facet normal -0.000000e+00 0.000000e+00 1.000000e+00
    outer loop
      vertex   -1.468284e-01 -2.693172e-01 5.675000e-01
      vertex   1.468284e-01 -2.693172e-01 5.675000e-01
      vertex   -1.450542e-01 -2.617993e-01 5.675000e-01
    endloop
  endfacet
  facet normal 0.000000e+00 0.000000e+00 1.000000e+00
    outer loop
      vertex   -1.450542e-01 -2.617993e-01 5.675000e-01
      vertex   1.468284e-01 -2.693172e-01 5.675000e-01
      vertex   1.450542e-01 -2.617993e-01 5.675000e-01
    endloop
  endfacet
  facet normal -0.000000e+00 0.000000e+00 1.000000e+00
    outer loop
      vertex   -1.450542e-01 -2.617993e-01 5.675000e-01
      vertex   1.450542e-01 -2.617993e-01 5.675000e-01
      vertex   -1.428953e-01 -2.543828e-01 5.675000e-01
    endloop
  endfacet
  facet normal 0.000000e+00 0.000000e+00 1.000000e+00
    outer loop
      vertex   -1.428953e-01 -2.543828e-01 5.675000e-01
      vertex   1.450542e-01 -2.617993e-01 5.675000e-01
      vertex   1.428953e-01 -2.543828e-01 5.675000e-01
    endloop
  endfacet
  facet normal -0.000000e+00 0.000000e+00 1.000000e+00
    outer loop
      vertex   -1.428953e-01 -2.543828e-01 5.675000e-01
      vertex   1.428953e-01 -2.543828e-01 5.675000e-01
      vertex   -1.403575e-01 -2.470872e-01 5.675000e-01
    endloop
  endfacet
  facet normal 0.000000e+00 0.000000e+00 1.000000e+00
    outer loop
      vertex   -1.403575e-01 -2.470872e-01 5.675000e-01
      vertex   1.428953e-01 -2.543828e-01 5.675000e-01
      vertex   1.403575e-01 -2.470872e-01 5.675000e-01
    endloop
  endfacet
  facet normal -0.000000e+00 0.000000e+00 1.000000e+00
    outer loop
      vertex   -1.403575e-01 -2.470872e-01 5.675000e-01
      vertex   1.403575e-01 -2.470872e-01 5.675000e-01
      vertex   -1.374475e-01 -2.399319e-01 5.675000e-01
    endloop
  endfacet
  facet normal 0.000000e+00 0.000000e+00 1.000000e+00
    outer loop
      vertex   -1.374475e-01 -2.399319e-01 5.675000e-01
      vertex   1.403575e-01 -2.470872e-01 5.675000e-01
      vertex   1.374475e-01 -2.399319e-01 5.675000e-01
    endloop
  endfacet
  facet normal -0.000000e+00 0.000000e+00 1.000000e+00
    outer loop
      vertex   -1.374475e-01 -2.399319e-01 5.675000e-01
      vertex   1.374475e-01 -2.399319e-01 5.675000e-01
      vertex   -1.341731e-01 -2.329359e-01 5.675000e-01
    endloop
  endfacet
  facet normal 0.000000e+00 0.000000e+00 1.000000e+00
    outer loop
      vertex   -1.341731e-01 -2.329359e-01 5.675000e-01
      vertex   1.374475e-01 -2.399319e-01 5.675000e-01
      vertex   1.341731e-01 -2.329359e-01 5.675000e-01
    endloop
  endfacet
  facet normal -0.000000e+00 0.000000e+00 1.000000e+00
    outer loop
      vertex   -1.341731e-01 -2.329359e-01 5.675000e-01
      vertex   1.341731e-01 -2.329359e-01 5.675000e-01
      vertex   -1.305428e-01 -2.261178e-01 5.675000e-01
    endloop
  endfacet
  facet normal 0.000000e+00 0.000000e+00 1.000000e+00
    outer loop
      vertex   -1.305428e-01 -2.261178e-01 5.675000e-01
      vertex   1.341731e-01 -2.329359e-01 5.675000e-01
      vertex   1.305428e-01 -2.261178e-01 5.675000e-01
    endloop
  endfacet
  facet normal -0.000000e+00 0.000000e+00 1.000000e+00
    outer loop
      vertex   -1.305428e-01 -2.261178e-01 5.675000e-01
      vertex   1.305428e-01 -2.261178e-01 5.675000e-01
      vertex   -1.265663e-01 -2.194956e-01 5.675000e-01
    endloop
  endfacet
  facet normal 0.000000e+00 0.000000e+00 1.000000e+00
    outer loop
      vertex   -1.265663e-01 -2.194956e-01 5.675000e-01
      vertex   1.305428e-01 -2.261178e-01 5.675000e-01
      vertex   1.265663e-01 -2.194956e-01 5.675000e-01
    endloop
  endfacet
  facet normal -0.000000e+00 0.000000e+00 1.000000e+00
    outer loop
      vertex   -1.265663e-01 -2.194956e-01 5.675000e-01
      vertex   1.265663e-01 -2.194956e-01 5.675000e-01
      vertex   -1.222543e-01 -2.130868e-01 5.675000e-01
    endloop
  endfacet
  facet normal 0.000000e+00 0.000000e+00 1.000000e+00
    outer loop
      vertex   -1.222543e-01 -2.130868e-01 5.675000e-01
      vertex   1.265663e-01 -2.194956e-01 5.675000e-01
      vertex   1.222543e-01 -2.130868e-01 5.675000e-01
    endloop
  endfacet
  facet normal -0.000000e+00 0.000000e+00 1.000000e+00
    outer loop
      vertex   -1.222543e-01 -2.130868e-01 5.675000e-01
      vertex   1.222543e-01 -2.130868e-01 5.675000e-01
      vertex   -1.176180e-01 -2.069086e-01 5.675000e-01
    endloop
  endfacet
  facet normal 0.000000e+00 0.000000e+00 1.000000e+00
    outer loop
      vertex   -1.176180e-01 -2.069086e-01 5.675000e-01
      vertex   1.222543e-01 -2.130868e-01 5.675000e-01
      vertex   1.176180e-01 -2.069086e-01 5.675000e-01
    endloop
  endfacet
  facet normal -0.000000e+00 0.000000e+00 1.000000e+00
    outer loop
      vertex   -1.176180e-01 -2.069086e-01 5.675000e-01
      vertex   1.176180e-01 -2.069086e-01 5.675000e-01
      vertex   -1.126698e-01 -2.009772e-01 5.675000e-01
    endloop
  endfacet
  facet normal 0.000000e+00 0.000000e+00 1.000000e+00
    outer loop
      vertex   -1.126698e-01 -2.009772e-01 5.675000e-01
      vertex   1.176180e-01 -2.069086e-01 5.675000e-01
      vertex   1.126698e-01 -2.009772e-01 5.675000e-01
    endloop
  endfacet
  facet normal -0.000000e+00 0.000000e+00 1.000000e+00
    outer loop
      vertex   -1.126698e-01 -2.009772e-01 5.675000e-01
      vertex   1.126698e-01 -2.009772e-01 5.675000e-01
      vertex   -1.074228e-01 -1.953084e-01 5.675000e-01
    endloop
  endfacet
  facet normal 0.000000e+00 0.000000e+00 1.000000e+00
    outer loop
      vertex   -1.074228e-01 -1.953084e-01 5.675000e-01
      vertex   1.126698e-01 -2.009772e-01 5.675000e-01
      vertex   1.074228e-01 -1.953084e-01 5.675000e-01
    endloop
  endfacet
  facet normal -0.000000e+00 0.000000e+00 1.000000e+00
    outer loop
      vertex   -1.074228e-01 -1.953084e-01 5.675000e-01
      vertex   1.074228e-01 -1.953084e-01 5.675000e-01
      vertex   -1.018910e-01 -1.899172e-01 5.675000e-01
    endloop
  endfacet
  facet normal 0.000000e+00 0.000000e+00 1.000000e+00
    outer loop
      vertex   -1.018910e-01 -1.899172e-01 5.675000e-01
      vertex   1.074228e-01 -1.953084e-01 5.675000e-01
      vertex   1.018910e-01 -1.899172e-01 5.675000e-01
    endloop
  endfacet
  facet normal -0.000000e+00 0.000000e+00 1.000000e+00
    outer loop
      vertex   -1.018910e-01 -1.899172e-01 5.675000e-01
      vertex   1.018910e-01 -1.899172e-01 5.675000e-01
      vertex   -9.608898e-02 -1.848179e-01 5.675000e-01
    endloop
  endfacet
  facet normal 0.000000e+00 0.000000e+00 1.000000e+00
    outer loop
      vertex   -9.608898e-02 -1.848179e-01 5.675000e-01
      vertex   1.018910e-01 -1.899172e-01 5.675000e-01
      vertex   9.608898e-02 -1.848179e-01 5.675000e-01
    endloop
  endfacet
  facet normal -0.000000e+00 0.000000e+00 1.000000e+00
    outer loop
      vertex   -9.608898e-02 -1.848179e-01 5.675000e-01
      vertex   9.608898e-02 -1.848179e-01 5.675000e-01
      vertex   -9.003214e-02 -1.800241e-01 5.675000e-01
    endloop
  endfacet
  facet normal 0.000000e+00 0.000000e+00 1.000000e+00
    outer loop
      vertex   -9.003214e-02 -1.800241e-01 5.675000e-01
      vertex   9.608898e-02 -1.848179e-01 5.675000e-01
      vertex   9.003214e-02 -1.800241e-01 5.675000e-01
    endloop
  endfacet
  facet normal -0.000000e+00 0.000000e+00 1.000000e+00
    outer loop
      vertex   -9.003214e-02 -1.800241e-01 5.675000e-01
      vertex   9.003214e-02 -1.800241e-01 5.675000e-01
      vertex   -8.373656e-02 -1.755484e-01 5.675000e-01
    endloop
  endfacet
  facet normal 0.000000e+00 0.000000e+00 1.000000e+00
    outer loop
      vertex   -8.373656e-02 -1.755484e-01 5.675000e-01
      vertex   9.003214e-02 -1.800241e-01 5.675000e-01
      vertex   8.373656e-02 -1.755484e-01 5.675000e-01
    endloop
  endfacet
  facet normal -0.000000e+00 0.000000e+00 1.000000e+00
    outer loop
      vertex   -8.373656e-02 -1.755484e-01 5.675000e-01
      vertex   8.373656e-02 -1.755484e-01 5.675000e-01
      vertex   -7.721892e-02 -1.714028e-01 5.675000e-01
    endloop
  endfacet
  facet normal 0.000000e+00 0.000000e+00 1.000000e+00
    outer loop
      vertex   -7.721892e-02 -1.714028e-01 5.675000e-01
      vertex   8.373656e-02 -1.755484e-01 5.675000e-01
      vertex   7.721892e-02 -1.714028e-01 5.675000e-01
    endloop
  endfacet
  facet normal -0.000000e+00 0.000000e+00 1.000000e+00
    outer loop
      vertex   -7.721892e-02 -1.714028e-01 5.675000e-01
      vertex   7.721892e-02 -1.714028e-01 5.675000e-01
      vertex   -7.049651e-02 -1.675982e-01 5.675000e-01
    endloop
  endfacet
  facet normal 0.000000e+00 0.000000e+00 1.000000e+00
    outer loop
      vertex   -7.049651e-02 -1.675982e-01 5.675000e-01
      vertex   7.721892e-02 -1.714028e-01 5.675000e-01
      vertex   7.049651e-02 -1.675982e-01 5.675000e-01
    endloop
  endfacet
  facet normal -0.000000e+00 0.000000e+00 1.000000e+00
    outer loop
      vertex   -7.049651e-02 -1.675982e-01 5.675000e-01
      vertex   7.049651e-02 -1.675982e-01 5.675000e-01
      vertex   -6.358716e-02 -1.641447e-01 5.675000e-01
    endloop
  endfacet
  facet normal 0.000000e+00 0.000000e+00 1.000000e+00
    outer loop
      vertex   -6.358716e-02 -1.641447e-01 5.675000e-01
      vertex   7.049651e-02 -1.675982e-01 5.675000e-01
      vertex   6.358716e-02 -1.641447e-01 5.675000e-01
    endloop
  endfacet
  facet normal -0.000000e+00 0.000000e+00 1.000000e+00
    outer loop
      vertex   -6.358716e-02 -1.641447e-01 5.675000e-01
      vertex   6.358716e-02 -1.641447e-01 5.675000e-01
      vertex   -5.650918e-02 -1.610514e-01 5.675000e-01
    endloop
  endfacet
  facet normal 0.000000e+00 0.000000e+00 1.000000e+00
    outer loop
      vertex   -5.650918e-02 -1.610514e-01 5.675000e-01
      vertex   6.358716e-02 -1.641447e-01 5.675000e-01
      vertex   5.650918e-02 -1.610514e-01 5.675000e-01
    endloop
  endfacet
  facet normal -0.000000e+00 0.000000e+00 1.000000e+00
    outer loop
      vertex   -5.650918e-02 -1.610514e-01 5.675000e-01
      vertex   5.650918e-02 -1.610514e-01 5.675000e-01
      vertex   -4.928136e-02 -1.583266e-01 5.675000e-01
    endloop
  endfacet
  facet normal -0.000000e+00 0.000000e+00 1.000000e+00
    outer loop
      vertex   -4.928136e-02 -1.583266e-01 5.675000e-01
      vertex   5.650918e-02 -1.610514e-01 5.675000e-01
      vertex   4.928136e-02 -1.583266e-01 5.675000e-01
    endloop
  endfacet
  facet normal 0.000000e+00 0.000000e+00 1.000000e+00
    outer loop
      vertex   -4.928136e-02 -1.583266e-01 5.675000e-01
      vertex   4.928136e-02 -1.583266e-01 5.675000e-01
      vertex   -4.192285e-02 -1.559775e-01 5.675000e-01
    endloop
  endfacet
  facet normal 0.000000e+00 0.000000e+00 1.000000e+00
    outer loop
      vertex   -4.192285e-02 -1.559775e-01 5.675000e-01
      vertex   4.928136e-02 -1.583266e-01 5.675000e-01
      vertex   4.192285e-02 -1.559775e-01 5.675000e-01
    endloop
  endfacet
  facet normal -0.000000e+00 0.000000e+00 1.000000e+00
    outer loop
      vertex   -4.192285e-02 -1.559775e-01 5.675000e-01
      vertex   4.192285e-02 -1.559775e-01 5.675000e-01
      vertex   -3.445316e-02 -1.540103e-01 5.675000e-01
    endloop
  endfacet
  facet normal 0.000000e+00 0.000000e+00 1.000000e+00
    outer loop
      vertex   -3.445316e-02 -1.540103e-01 5.675000e-01
      vertex   4.192285e-02 -1.559775e-01 5.675000e-01
      vertex   3.445316e-02 -1.540103e-01 5.675000e-01
    endloop
  endfacet
  facet normal -0.000000e+00 0.000000e+00 1.000000e+00
    outer loop
      vertex   -3.445316e-02 -1.540103e-01 5.675000e-01
      vertex   3.445316e-02 -1.540103e-01 5.675000e-01
      vertex   -2.689211e-02 -1.524303e-01 5.675000e-01
    endloop
  endfacet
  facet normal -0.000000e+00 0.000000e+00 1.000000e+00
    outer loop
      vertex   -2.689211e-02 -1.524303e-01 5.675000e-01
      vertex   3.445316e-02 -1.540103e-01 5.675000e-01
      vertex   2.689211e-02 -1.524303e-01 5.675000e-01
    endloop
  endfacet
  facet normal 0.000000e+00 0.000000e+00 1.000000e+00
    outer loop
      vertex   -2.689211e-02 -1.524303e-01 5.675000e-01
      vertex   2.689211e-02 -1.524303e-01 5.675000e-01
      vertex   -1.925975e-02 -1.512416e-01 5.675000e-01
    endloop
  endfacet
  facet normal 0.000000e+00 0.000000e+00 1.000000e+00
    outer loop
      vertex   -1.925975e-02 -1.512416e-01 5.675000e-01
      vertex   2.689211e-02 -1.524303e-01 5.675000e-01
      vertex   1.925975e-02 -1.512416e-01 5.675000e-01
    endloop
  endfacet
  facet normal -0.000000e+00 0.000000e+00 1.000000e+00
    outer loop
      vertex   -1.925975e-02 -1.512416e-01 5.675000e-01
      vertex   1.925975e-02 -1.512416e-01 5.675000e-01
      vertex   -1.157632e-02 -1.504474e-01 5.675000e-01
    endloop
  endfacet
  facet normal -0.000000e+00 0.000000e+00 1.000000e+00
    outer loop
      vertex   -1.157632e-02 -1.504474e-01 5.675000e-01
      vertex   1.925975e-02 -1.512416e-01 5.675000e-01
      vertex   1.157632e-02 -1.504474e-01 5.675000e-01
    endloop
  endfacet
  facet normal 0.000000e+00 0.000000e+00 1.000000e+00
    outer loop
      vertex   -1.157632e-02 -1.504474e-01 5.675000e-01
      vertex   1.157632e-02 -1.504474e-01 5.675000e-01
      vertex   -3.862187e-03 -1.500497e-01 5.675000e-01
    endloop
  endfacet
  facet normal -0.000000e+00 0.000000e+00 1.000000e+00
    outer loop
      vertex   -3.862187e-03 -1.500497e-01 5.675000e-01
      vertex   1.157632e-02 -1.504474e-01 5.675000e-01
      vertex   3.862187e-03 -1.500497e-01 5.675000e-01
    endloop
  endfacet
  facet normal 0.000000e+00 0.000000e+00 1.000000e+00
    outer loop
      vertex   1.498011e-01 -3.077218e-01 5.675000e-01
      vertex   -1.498011e-01 -3.077218e-01 5.675000e-01
      vertex   1.492050e-01 -3.154231e-01 5.675000e-01
    endloop
  endfacet
  facet normal 0.000000e+00 0.000000e+00 1.000000e+00
    outer loop
      vertex   1.492050e-01 -3.154231e-01 5.675000e-01
      vertex   -1.498011e-01 -3.077218e-01 5.675000e-01
      vertex   -1.492050e-01 -3.154231e-01 5.675000e-01
    endloop
  endfacet
  facet normal 0.000000e+00 0.000000e+00 1.000000e+00
    outer loop
      vertex   1.492050e-01 -3.154231e-01 5.675000e-01
      vertex   -1.492050e-01 -3.154231e-01 5.675000e-01
      vertex   1.482132e-01 -3.230836e-01 5.675000e-01
    endloop
  endfacet
  facet normal 0.000000e+00 0.000000e+00 1.000000e+00
    outer loop
      vertex   1.482132e-01 -3.230836e-01 5.675000e-01
      vertex   -1.492050e-01 -3.154231e-01 5.675000e-01
      vertex   -1.482132e-01 -3.230836e-01 5.675000e-01
    endloop
  endfacet
  facet normal 0.000000e+00 0.000000e+00 1.000000e+00
    outer loop
      vertex   1.482132e-01 -3.230836e-01 5.675000e-01
      vertex   -1.482132e-01 -3.230836e-01 5.675000e-01
      vertex   1.468284e-01 -3.306828e-01 5.675000e-01
    endloop
  endfacet
  facet normal 0.000000e+00 0.000000e+00 1.000000e+00
    outer loop
      vertex   1.468284e-01 -3.306828e-01 5.675000e-01
      vertex   -1.482132e-01 -3.230836e-01 5.675000e-01
      vertex   -1.468284e-01 -3.306828e-01 5.675000e-01
    endloop
  endfacet
  facet normal 0.000000e+00 0.000000e+00 1.000000e+00
    outer loop
      vertex   1.468284e-01 -3.306828e-01 5.675000e-01
      vertex   -1.468284e-01 -3.306828e-01 5.675000e-01
      vertex   1.450542e-01 -3.382007e-01 5.675000e-01
    endloop
  endfacet
  facet normal 0.000000e+00 0.000000e+00 1.000000e+00
    outer loop
      vertex   1.450542e-01 -3.382007e-01 5.675000e-01
      vertex   -1.468284e-01 -3.306828e-01 5.675000e-01
      vertex   -1.450542e-01 -3.382007e-01 5.675000e-01
    endloop
  endfacet
  facet normal 0.000000e+00 0.000000e+00 1.000000e+00
    outer loop
      vertex   1.450542e-01 -3.382007e-01 5.675000e-01
      vertex   -1.450542e-01 -3.382007e-01 5.675000e-01
      vertex   1.428953e-01 -3.456172e-01 5.675000e-01
    endloop
  endfacet
  facet normal 0.000000e+00 0.000000e+00 1.000000e+00
    outer loop
      vertex   1.428953e-01 -3.456172e-01 5.675000e-01
      vertex   -1.450542e-01 -3.382007e-01 5.675000e-01
      vertex   -1.428953e-01 -3.456172e-01 5.675000e-01
    endloop
  endfacet
  facet normal 0.000000e+00 0.000000e+00 1.000000e+00
    outer loop
      vertex   1.428953e-01 -3.456172e-01 5.675000e-01
      vertex   -1.428953e-01 -3.456172e-01 5.675000e-01
      vertex   1.403575e-01 -3.529128e-01 5.675000e-01
    endloop
  endfacet
  facet normal 0.000000e+00 0.000000e+00 1.000000e+00
    outer loop
      vertex   1.403575e-01 -3.529128e-01 5.675000e-01
      vertex   -1.428953e-01 -3.456172e-01 5.675000e-01
      vertex   -1.403575e-01 -3.529128e-01 5.675000e-01
    endloop
  endfacet
  facet normal 0.000000e+00 0.000000e+00 1.000000e+00
    outer loop
      vertex   1.403575e-01 -3.529128e-01 5.675000e-01
      vertex   -1.403575e-01 -3.529128e-01 5.675000e-01
      vertex   1.374475e-01 -3.600681e-01 5.675000e-01
    endloop
  endfacet
  facet normal 0.000000e+00 0.000000e+00 1.000000e+00
    outer loop
      vertex   1.374475e-01 -3.600681e-01 5.675000e-01
      vertex   -1.403575e-01 -3.529128e-01 5.675000e-01
      vertex   -1.374475e-01 -3.600681e-01 5.675000e-01
    endloop
  endfacet
  facet normal 0.000000e+00 0.000000e+00 1.000000e+00
    outer loop
      vertex   1.374475e-01 -3.600681e-01 5.675000e-01
      vertex   -1.374475e-01 -3.600681e-01 5.675000e-01
      vertex   1.341731e-01 -3.670641e-01 5.675000e-01
    endloop
  endfacet
  facet normal 0.000000e+00 0.000000e+00 1.000000e+00
    outer loop
      vertex   1.341731e-01 -3.670641e-01 5.675000e-01
      vertex   -1.374475e-01 -3.600681e-01 5.675000e-01
      vertex   -1.341731e-01 -3.670641e-01 5.675000e-01
    endloop
  endfacet
  facet normal 0.000000e+00 0.000000e+00 1.000000e+00
    outer loop
      vertex   1.341731e-01 -3.670641e-01 5.675000e-01
      vertex   -1.341731e-01 -3.670641e-01 5.675000e-01
      vertex   1.305428e-01 -3.738822e-01 5.675000e-01
    endloop
  endfacet
  facet normal 0.000000e+00 0.000000e+00 1.000000e+00
    outer loop
      vertex   1.305428e-01 -3.738822e-01 5.675000e-01
      vertex   -1.341731e-01 -3.670641e-01 5.675000e-01
      vertex   -1.305428e-01 -3.738822e-01 5.675000e-01
    endloop
  endfacet
  facet normal 0.000000e+00 0.000000e+00 1.000000e+00
    outer loop
      vertex   1.305428e-01 -3.738822e-01 5.675000e-01
      vertex   -1.305428e-01 -3.738822e-01 5.675000e-01
      vertex   1.265663e-01 -3.805044e-01 5.675000e-01
    endloop
  endfacet
  facet normal 0.000000e+00 0.000000e+00 1.000000e+00
    outer loop
      vertex   1.265663e-01 -3.805044e-01 5.675000e-01
      vertex   -1.305428e-01 -3.738822e-01 5.675000e-01
      vertex   -1.265663e-01 -3.805044e-01 5.675000e-01
    endloop
  endfacet
  facet normal 0.000000e+00 0.000000e+00 1.000000e+00
    outer loop
      vertex   1.265663e-01 -3.805044e-01 5.675000e-01
      vertex   -1.265663e-01 -3.805044e-01 5.675000e-01
      vertex   1.222543e-01 -3.869132e-01 5.675000e-01
    endloop
  endfacet
  facet normal 0.000000e+00 0.000000e+00 1.000000e+00
    outer loop
      vertex   1.222543e-01 -3.869132e-01 5.675000e-01
      vertex   -1.265663e-01 -3.805044e-01 5.675000e-01
      vertex   -1.222543e-01 -3.869132e-01 5.675000e-01
    endloop
  endfacet
  facet normal 0.000000e+00 0.000000e+00 1.000000e+00
    outer loop
      vertex   1.222543e-01 -3.869132e-01 5.675000e-01
      vertex   -1.222543e-01 -3.869132e-01 5.675000e-01
      vertex   1.176180e-01 -3.930914e-01 5.675000e-01
    endloop
  endfacet
  facet normal 0.000000e+00 0.000000e+00 1.000000e+00
    outer loop
      vertex   1.176180e-01 -3.930914e-01 5.675000e-01
      vertex   -1.222543e-01 -3.869132e-01 5.675000e-01
      vertex   -1.176180e-01 -3.930914e-01 5.675000e-01
    endloop
  endfacet
  facet normal 0.000000e+00 0.000000e+00 1.000000e+00
    outer loop
      vertex   1.176180e-01 -3.930914e-01 5.675000e-01
      vertex   -1.176180e-01 -3.930914e-01 5.675000e-01
      vertex   1.126698e-01 -3.990228e-01 5.675000e-01
    endloop
  endfacet
  facet normal 0.000000e+00 0.000000e+00 1.000000e+00
    outer loop
      vertex   1.126698e-01 -3.990228e-01 5.675000e-01
      vertex   -1.176180e-01 -3.930914e-01 5.675000e-01
      vertex   -1.126698e-01 -3.990228e-01 5.675000e-01
    endloop
  endfacet
  facet normal 0.000000e+00 0.000000e+00 1.000000e+00
    outer loop
      vertex   1.126698e-01 -3.990228e-01 5.675000e-01
      vertex   -1.126698e-01 -3.990228e-01 5.675000e-01
      vertex   1.074228e-01 -4.046916e-01 5.675000e-01
    endloop
  endfacet
  facet normal 0.000000e+00 0.000000e+00 1.000000e+00
    outer loop
      vertex   1.074228e-01 -4.046916e-01 5.675000e-01
      vertex   -1.126698e-01 -3.990228e-01 5.675000e-01
      vertex   -1.074228e-01 -4.046916e-01 5.675000e-01
    endloop
  endfacet
  facet normal 0.000000e+00 0.000000e+00 1.000000e+00
    outer loop
      vertex   1.074228e-01 -4.046916e-01 5.675000e-01
      vertex   -1.074228e-01 -4.046916e-01 5.675000e-01
      vertex   1.018910e-01 -4.100828e-01 5.675000e-01
    endloop
  endfacet
  facet normal 0.000000e+00 0.000000e+00 1.000000e+00
    outer loop
      vertex   1.018910e-01 -4.100828e-01 5.675000e-01
      vertex   -1.074228e-01 -4.046916e-01 5.675000e-01
      vertex   -1.018910e-01 -4.100828e-01 5.675000e-01
    endloop
  endfacet
  facet normal 0.000000e+00 0.000000e+00 1.000000e+00
    outer loop
      vertex   1.018910e-01 -4.100828e-01 5.675000e-01
      vertex   -1.018910e-01 -4.100828e-01 5.675000e-01
      vertex   9.608898e-02 -4.151821e-01 5.675000e-01
    endloop
  endfacet
  facet normal 0.000000e+00 0.000000e+00 1.000000e+00
    outer loop
      vertex   9.608898e-02 -4.151821e-01 5.675000e-01
      vertex   -1.018910e-01 -4.100828e-01 5.675000e-01
      vertex   -9.608898e-02 -4.151821e-01 5.675000e-01
    endloop
  endfacet
  facet normal 0.000000e+00 0.000000e+00 1.000000e+00
    outer loop
      vertex   9.608898e-02 -4.151821e-01 5.675000e-01
      vertex   -9.608898e-02 -4.151821e-01 5.675000e-01
      vertex   9.003214e-02 -4.199759e-01 5.675000e-01
    endloop
  endfacet
  facet normal 0.000000e+00 0.000000e+00 1.000000e+00
    outer loop
      vertex   9.003214e-02 -4.199759e-01 5.675000e-01
      vertex   -9.608898e-02 -4.151821e-01 5.675000e-01
      vertex   -9.003214e-02 -4.199759e-01 5.675000e-01
    endloop
  endfacet
  facet normal 0.000000e+00 0.000000e+00 1.000000e+00
    outer loop
      vertex   9.003214e-02 -4.199759e-01 5.675000e-01
      vertex   -9.003214e-02 -4.199759e-01 5.675000e-01
      vertex   8.373656e-02 -4.244516e-01 5.675000e-01
    endloop
  endfacet
  facet normal 0.000000e+00 0.000000e+00 1.000000e+00
    outer loop
      vertex   8.373656e-02 -4.244516e-01 5.675000e-01
      vertex   -9.003214e-02 -4.199759e-01 5.675000e-01
      vertex   -8.373656e-02 -4.244516e-01 5.675000e-01
    endloop
  endfacet
  facet normal 0.000000e+00 0.000000e+00 1.000000e+00
    outer loop
      vertex   8.373656e-02 -4.244516e-01 5.675000e-01
      vertex   -8.373656e-02 -4.244516e-01 5.675000e-01
      vertex   7.721892e-02 -4.285972e-01 5.675000e-01
    endloop
  endfacet
  facet normal 0.000000e+00 0.000000e+00 1.000000e+00
    outer loop
      vertex   7.721892e-02 -4.285972e-01 5.675000e-01
      vertex   -8.373656e-02 -4.244516e-01 5.675000e-01
      vertex   -7.721892e-02 -4.285972e-01 5.675000e-01
    endloop
  endfacet
  facet normal 0.000000e+00 0.000000e+00 1.000000e+00
    outer loop
      vertex   7.721892e-02 -4.285972e-01 5.675000e-01
      vertex   -7.721892e-02 -4.285972e-01 5.675000e-01
      vertex   7.049651e-02 -4.324018e-01 5.675000e-01
    endloop
  endfacet
  facet normal 0.000000e+00 0.000000e+00 1.000000e+00
    outer loop
      vertex   7.049651e-02 -4.324018e-01 5.675000e-01
      vertex   -7.721892e-02 -4.285972e-01 5.675000e-01
      vertex   -7.049651e-02 -4.324018e-01 5.675000e-01
    endloop
  endfacet
  facet normal 0.000000e+00 0.000000e+00 1.000000e+00
    outer loop
      vertex   7.049651e-02 -4.324018e-01 5.675000e-01
      vertex   -7.049651e-02 -4.324018e-01 5.675000e-01
      vertex   6.358716e-02 -4.358553e-01 5.675000e-01
    endloop
  endfacet
  facet normal 0.000000e+00 0.000000e+00 1.000000e+00
    outer loop
      vertex   6.358716e-02 -4.358553e-01 5.675000e-01
      vertex   -7.049651e-02 -4.324018e-01 5.675000e-01
      vertex   -6.358716e-02 -4.358553e-01 5.675000e-01
    endloop
  endfacet
  facet normal 0.000000e+00 0.000000e+00 1.000000e+00
    outer loop
      vertex   6.358716e-02 -4.358553e-01 5.675000e-01
      vertex   -6.358716e-02 -4.358553e-01 5.675000e-01
      vertex   5.650918e-02 -4.389486e-01 5.675000e-01
    endloop
  endfacet
  facet normal 0.000000e+00 0.000000e+00 1.000000e+00
    outer loop
      vertex   5.650918e-02 -4.389486e-01 5.675000e-01
      vertex   -6.358716e-02 -4.358553e-01 5.675000e-01
      vertex   -5.650918e-02 -4.389486e-01 5.675000e-01
    endloop
  endfacet
  facet normal 0.000000e+00 0.000000e+00 1.000000e+00
    outer loop
      vertex   5.650918e-02 -4.389486e-01 5.675000e-01
      vertex   -5.650918e-02 -4.389486e-01 5.675000e-01
      vertex   4.928136e-02 -4.416734e-01 5.675000e-01
    endloop
  endfacet
  facet normal 0.000000e+00 0.000000e+00 1.000000e+00
    outer loop
      vertex   4.928136e-02 -4.416734e-01 5.675000e-01
      vertex   -5.650918e-02 -4.389486e-01 5.675000e-01
      vertex   -4.928136e-02 -4.416734e-01 5.675000e-01
    endloop
  endfacet
  facet normal 0.000000e+00 0.000000e+00 1.000000e+00
    outer loop
      vertex   4.928136e-02 -4.416734e-01 5.675000e-01
      vertex   -4.928136e-02 -4.416734e-01 5.675000e-01
      vertex   4.192285e-02 -4.440225e-01 5.675000e-01
    endloop
  endfacet
  facet normal 0.000000e+00 0.000000e+00 1.000000e+00
    outer loop
      vertex   4.192285e-02 -4.440225e-01 5.675000e-01
      vertex   -4.928136e-02 -4.416734e-01 5.675000e-01
      vertex   -4.192285e-02 -4.440225e-01 5.675000e-01
    endloop
  endfacet
  facet normal 0.000000e+00 0.000000e+00 1.000000e+00
    outer loop
      vertex   4.192285e-02 -4.440225e-01 5.675000e-01
      vertex   -4.192285e-02 -4.440225e-01 5.675000e-01
      vertex   3.445316e-02 -4.459897e-01 5.675000e-01
    endloop
  endfacet
  facet normal 0.000000e+00 0.000000e+00 1.000000e+00
    outer loop
      vertex   3.445316e-02 -4.459897e-01 5.675000e-01
      vertex   -4.192285e-02 -4.440225e-01 5.675000e-01
      vertex   -3.445316e-02 -4.459897e-01 5.675000e-01
    endloop
  endfacet
  facet normal 0.000000e+00 0.000000e+00 1.000000e+00
    outer loop
      vertex   3.445316e-02 -4.459897e-01 5.675000e-01
      vertex   -3.445316e-02 -4.459897e-01 5.675000e-01
      vertex   2.689211e-02 -4.475697e-01 5.675000e-01
    endloop
  endfacet
  facet normal 0.000000e+00 0.000000e+00 1.000000e+00
    outer loop
      vertex   2.689211e-02 -4.475697e-01 5.675000e-01
      vertex   -3.445316e-02 -4.459897e-01 5.675000e-01
      vertex   -2.689211e-02 -4.475697e-01 5.675000e-01
    endloop
  endfacet
  facet normal 0.000000e+00 0.000000e+00 1.000000e+00
    outer loop
      vertex   2.689211e-02 -4.475697e-01 5.675000e-01
      vertex   -2.689211e-02 -4.475697e-01 5.675000e-01
      vertex   1.925975e-02 -4.487584e-01 5.675000e-01
    endloop
  endfacet
  facet normal 0.000000e+00 0.000000e+00 1.000000e+00
    outer loop
      vertex   1.925975e-02 -4.487584e-01 5.675000e-01
      vertex   -2.689211e-02 -4.475697e-01 5.675000e-01
      vertex   -1.925975e-02 -4.487584e-01 5.675000e-01
    endloop
  endfacet
  facet normal 0.000000e+00 0.000000e+00 1.000000e+00
    outer loop
      vertex   1.925975e-02 -4.487584e-01 5.675000e-01
      vertex   -1.925975e-02 -4.487584e-01 5.675000e-01
      vertex   1.157632e-02 -4.495526e-01 5.675000e-01
    endloop
  endfacet
  facet normal 0.000000e+00 0.000000e+00 1.000000e+00
    outer loop
      vertex   1.157632e-02 -4.495526e-01 5.675000e-01
      vertex   -1.925975e-02 -4.487584e-01 5.675000e-01
      vertex   -1.157632e-02 -4.495526e-01 5.675000e-01
    endloop
  endfacet
  facet normal 0.000000e+00 0.000000e+00 1.000000e+00
    outer loop
      vertex   1.157632e-02 -4.495526e-01 5.675000e-01
      vertex   -1.157632e-02 -4.495526e-01 5.675000e-01
      vertex   3.862187e-03 -4.499503e-01 5.675000e-01
    endloop
  endfacet
  facet normal 0.000000e+00 0.000000e+00 1.000000e+00
    outer loop
      vertex   3.862187e-03 -4.499503e-01 5.675000e-01
      vertex   -1.157632e-02 -4.495526e-01 5.675000e-01
      vertex   -3.862187e-03 -4.499503e-01 5.675000e-01
    endloop
  endfacet
endsolid
