name,time,flow_in,flow_out,pressure_in,pressure_out
branch0_seg0,0.0000000000000000e+00,2.4999999999977263e-02,2.4999999999917432e-02,4.7040439525246548e+01,4.3367482229833399e+01
branch0_seg0,1.1111111111111116e-01,2.5000000000011371e-02,2.5000000000112276e-02,4.7040432241561099e+01,4.3367474940486815e+01
branch0_seg0,2.2222222222222210e-01,2.4999999999994318e-02,2.4999999999897198e-02,4.7040436265106230e+01,4.3367478966902105e+01
branch0_seg0,3.3333333333333326e-01,2.5000000000002843e-02,2.5000000000080055e-02,4.7040434239882948e+01,4.3367476940169063e+01
branch0_seg0,4.4444444444444442e-01,2.4999999999998579e-02,2.4999999999943567e-02,4.7040435122913422e+01,4.3367477824033408e+01
branch0_seg0,5.5555555555555536e-01,2.4999999999998579e-02,2.4999999999943567e-02,4.7040435122913422e+01,4.3367477824033408e+01
branch0_seg0,6.6666666666666652e-01,2.4999999999998579e-02,2.4999999999943567e-02,4.7040435122913422e+01,4.3367477824033408e+01
branch0_seg0,7.7777777777777768e-01,2.4999999999998579e-02,2.4999999999943567e-02,4.7040435122913422e+01,4.3367477824033408e+01
branch0_seg0,8.8888888888888884e-01,2.4999999999998579e-02,2.4999999999943567e-02,4.7040435122913422e+01,4.3367477824033408e+01
branch0_seg0,1.0000000000000000e+00,2.4999999999998579e-02,2.4999999999943567e-02,4.7040435122913422e+01,4.3367477824033408e+01
branch0_seg1,0.0000000000000000e+00,2.4999999999917432e-02,2.4999999999839217e-02,4.3367482229833399e+01,4.0728865681414050e+01
branch0_seg1,1.1111111111111116e-01,2.5000000000112276e-02,2.5000000000233641e-02,4.3367474940486815e+01,4.0728858391318042e+01
branch0_seg1,2.2222222222222210e-01,2.4999999999897198e-02,2.4999999999782491e-02,4.3367478966902105e+01,4.0728862417972856e+01
branch0_seg1,3.3333333333333326e-01,2.5000000000080055e-02,2.5000000000170556e-02,4.3367476940169063e+01,4.0728860391084964e+01
branch0_seg1,4.4444444444444442e-01,2.4999999999943567e-02,2.4999999999879337e-02,4.3367477824033408e+01,4.0728861275122100e+01
branch0_seg1,5.5555555555555536e-01,2.4999999999943567e-02,2.4999999999879337e-02,4.3367477824033408e+01,4.0728861275122100e+01
branch0_seg1,6.6666666666666652e-01,2.4999999999943567e-02,2.4999999999879337e-02,4.3367477824033408e+01,4.0728861275122100e+01
branch0_seg1,7.7777777777777768e-01,2.4999999999943567e-02,2.4999999999879337e-02,4.3367477824033408e+01,4.0728861275122100e+01
branch0_seg1,8.8888888888888884e-01,2.4999999999943567e-02,2.4999999999879337e-02,4.3367477824033408e+01,4.0728861275122100e+01
branch0_seg1,1.0000000000000000e+00,2.4999999999943567e-02,2.4999999999879337e-02,4.3367477824033408e+01,4.0728861275122100e+01
branch0_seg2,0.0000000000000000e+00,2.4999999999839217e-02,2.4999999999749504e-02,4.0728865681414050e+01,3.8340979554983598e+01
branch0_seg2,1.1111111111111116e-01,2.5000000000233641e-02,2.5000000000365227e-02,4.0728858391318042e+01,3.8340972268082105e+01
branch0_seg2,2.2222222222222210e-01,2.4999999999782491e-02,2.4999999999659774e-02,4.0728862417972856e+01,3.8340976292858301e+01
branch0_seg2,3.3333333333333326e-01,2.5000000000170556e-02,2.5000000000266823e-02,4.0728860391084964e+01,3.8340974266896765e+01
branch0_seg2,4.4444444444444442e-01,2.4999999999879337e-02,2.4999999999811222e-02,4.0728861275122100e+01,3.8340975150593401e+01
branch0_seg2,5.5555555555555536e-01,2.4999999999879337e-02,2.4999999999811222e-02,4.0728861275122100e+01,3.8340975150593401e+01
branch0_seg2,6.6666666666666652e-01,2.4999999999879337e-02,2.4999999999811222e-02,4.0728861275122100e+01,3.8340975150593401e+01
branch0_seg2,7.7777777777777768e-01,2.4999999999879337e-02,2.4999999999811222e-02,4.0728861275122100e+01,3.8340975150593401e+01
branch0_seg2,8.8888888888888884e-01,2.4999999999879337e-02,2.4999999999811222e-02,4.0728861275122100e+01,3.8340975150593401e+01
branch0_seg2,1.0000000000000000e+00,2.4999999999879337e-02,2.4999999999811222e-02,4.0728861275122100e+01,3.8340975150593401e+01
branch0_seg3,0.0000000000000000e+00,2.4999999999749504e-02,2.4999999999649098e-02,3.8340979554983598e+01,3.6158796573597748e+01
branch0_seg3,1.1111111111111116e-01,2.5000000000365227e-02,2.5000000000506287e-02,3.8340972268082105e+01,3.6158789293432974e+01
branch0_seg3,2.2222222222222210e-01,2.4999999999659774e-02,2.4999999999529642e-02,3.8340976292858301e+01,3.6158793314432785e+01
branch0_seg3,3.3333333333333326e-01,2.5000000000266823e-02,2.5000000000368425e-02,3.8340974266896765e+01,3.6158791290360064e+01
branch0_seg3,4.4444444444444442e-01,2.4999999999811222e-02,2.4999999999739508e-02,3.8340975150593401e+01,3.6158792173265546e+01
branch0_seg3,5.5555555555555536e-01,2.4999999999811222e-02,2.4999999999739508e-02,3.8340975150593401e+01,3.6158792173265546e+01
branch0_seg3,6.6666666666666652e-01,2.4999999999811222e-02,2.4999999999739508e-02,3.8340975150593401e+01,3.6158792173265546e+01
branch0_seg3,7.7777777777777768e-01,2.4999999999811222e-02,2.4999999999739508e-02,3.8340975150593401e+01,3.6158792173265546e+01
branch0_seg3,8.8888888888888884e-01,2.4999999999811222e-02,2.4999999999739508e-02,3.8340975150593401e+01,3.6158792173265546e+01
branch0_seg3,1.0000000000000000e+00,2.4999999999811222e-02,2.4999999999739508e-02,3.8340975150593401e+01,3.6158792173265546e+01
branch0_seg4,0.0000000000000000e+00,2.4999999999649098e-02,2.4999999999538711e-02,3.6158796573597748e+01,3.4147972891923850e+01
branch0_seg4,1.1111111111111116e-01,2.5000000000506287e-02,2.5000000000656261e-02,3.6158789293432974e+01,3.4147965621699399e+01
branch0_seg4,2.2222222222222210e-01,2.4999999999529642e-02,2.4999999999392512e-02,3.6158793314432785e+01,3.4147969637210863e+01
branch0_seg4,3.3333333333333326e-01,2.5000000000368425e-02,2.5000000000475080e-02,3.6158791290360064e+01,3.4147967615889321e+01
branch0_seg4,4.4444444444444442e-01,2.4999999999739508e-02,2.4999999999664388e-02,3.6158792173265546e+01,3.4147968497605738e+01
branch0_seg4,5.5555555555555536e-01,2.4999999999739508e-02,2.4999999999664388e-02,3.6158792173265546e+01,3.4147968497605738e+01
branch0_seg4,6.6666666666666652e-01,2.4999999999739508e-02,2.4999999999664388e-02,3.6158792173265546e+01,3.4147968497605738e+01
branch0_seg4,7.7777777777777768e-01,2.4999999999739508e-02,2.4999999999664388e-02,3.6158792173265546e+01,3.4147968497605738e+01
branch0_seg4,8.8888888888888884e-01,2.4999999999739508e-02,2.4999999999664388e-02,3.6158792173265546e+01,3.4147968497605738e+01
branch0_seg4,1.0000000000000000e+00,2.4999999999739508e-02,2.4999999999664388e-02,3.6158792173265546e+01,3.4147968497605738e+01
branch0_seg5,0.0000000000000000e+00,2.4999999999538711e-02,2.4999999999417353e-02,3.4147972891923850e+01,3.2337888147788803e+01
branch0_seg5,1.1111111111111116e-01,2.5000000000656261e-02,2.5000000000816845e-02,3.4147965621699399e+01,3.2337880890285398e+01
branch0_seg5,2.2222222222222210e-01,2.4999999999392512e-02,2.4999999999246736e-02,3.4147969637210863e+01,3.2337884898827951e+01
branch0_seg5,3.3333333333333326e-01,2.5000000000475080e-02,2.5000000000588097e-02,3.4147967615889321e+01,3.2337882880998784e+01
branch0_seg5,4.4444444444444442e-01,2.4999999999664388e-02,2.4999999999584924e-02,3.4147968497605738e+01,3.2337883761188110e+01
branch0_seg5,5.5555555555555536e-01,2.4999999999664388e-02,2.4999999999584924e-02,3.4147968497605738e+01,3.2337883761188110e+01
branch0_seg5,6.6666666666666652e-01,2.4999999999664388e-02,2.4999999999584924e-02,3.4147968497605738e+01,3.2337883761188110e+01
branch0_seg5,7.7777777777777768e-01,2.4999999999664388e-02,2.4999999999584924e-02,3.4147968497605738e+01,3.2337883761188110e+01
branch0_seg5,8.8888888888888884e-01,2.4999999999664388e-02,2.4999999999584924e-02,3.4147968497605738e+01,3.2337883761188110e+01
branch0_seg5,1.0000000000000000e+00,2.4999999999664388e-02,2.4999999999584924e-02,3.4147968497605738e+01,3.2337883761188110e+01
branch0_seg6,0.0000000000000000e+00,2.4999999999417353e-02,2.4999999999286295e-02,3.2337888147788803e+01,3.0683198682085258e+01
branch0_seg6,1.1111111111111116e-01,2.5000000000816845e-02,2.5000000000986743e-02,3.2337880890285398e+01,3.0683191439871607e+01
branch0_seg6,2.2222222222222210e-01,2.4999999999246736e-02,2.4999999999093390e-02,3.2337884898827951e+01,3.0683195440079992e+01
branch0_seg6,3.3333333333333326e-01,2.5000000000588097e-02,2.5000000000706679e-02,3.2337882880998784e+01,3.0683193426421845e+01
branch0_seg6,4.4444444444444442e-01,2.4999999999584924e-02,2.4999999999501653e-02,3.2337883761188110e+01,3.0683194304779928e+01
branch0_seg6,5.5555555555555536e-01,2.4999999999584924e-02,2.4999999999501653e-02,3.2337883761188110e+01,3.0683194304779928e+01
branch0_seg6,6.6666666666666652e-01,2.4999999999584924e-02,2.4999999999501653e-02,3.2337883761188110e+01,3.0683194304779928e+01
branch0_seg6,7.7777777777777768e-01,2.4999999999584924e-02,2.4999999999501653e-02,3.2337883761188110e+01,3.0683194304779928e+01
branch0_seg6,8.8888888888888884e-01,2.4999999999584924e-02,2.4999999999501653e-02,3.2337883761188110e+01,3.0683194304779928e+01
branch0_seg6,1.0000000000000000e+00,2.4999999999584924e-02,2.4999999999501653e-02,3.2337883761188110e+01,3.0683194304779928e+01
branch0_seg7,0.0000000000000000e+00,2.4999999999286295e-02,2.4999999999147038e-02,3.0683198682085258e+01,2.9143981640033083e+01
branch0_seg7,1.1111111111111116e-01,2.5000000000986743e-02,2.5000000001164414e-02,3.0683191439871607e+01,2.9143974415537318e+01
branch0_seg7,2.2222222222222210e-01,2.4999999999093390e-02,2.4999999998933767e-02,3.0683195440079992e+01,2.9143978406122962e+01
branch0_seg7,3.3333333333333326e-01,2.5000000000706679e-02,2.5000000000829858e-02,3.0683193426421845e+01,2.9143976397271906e+01
branch0_seg7,4.4444444444444442e-01,2.4999999999501653e-02,2.4999999999415257e-02,3.0683194304779928e+01,2.9143977273518686e+01
branch0_seg7,5.5555555555555536e-01,2.4999999999501653e-02,2.4999999999415257e-02,3.0683194304779928e+01,2.9143977273518686e+01
branch0_seg7,6.6666666666666652e-01,2.4999999999501653e-02,2.4999999999415257e-02,3.0683194304779928e+01,2.9143977273518686e+01
branch0_seg7,7.7777777777777768e-01,2.4999999999501653e-02,2.4999999999415257e-02,3.0683194304779928e+01,2.9143977273518686e+01
branch0_seg7,8.8888888888888884e-01,2.4999999999501653e-02,2.4999999999415257e-02,3.0683194304779928e+01,2.9143977273518686e+01
branch0_seg7,1.0000000000000000e+00,2.4999999999501653e-02,2.4999999999415257e-02,3.0683194304779928e+01,2.9143977273518686e+01
branch0_seg8,0.0000000000000000e+00,2.4999999999147038e-02,2.4999999998999458e-02,2.9143981640033083e+01,2.7721134699011614e+01
branch0_seg8,1.1111111111111116e-01,2.5000000001164414e-02,2.5000000001350380e-02,2.9143974415537318e+01,2.7721127494375317e+01
branch0_seg8,2.2222222222222210e-01,2.4999999998933767e-02,2.4999999998767293e-02,2.9143978406122962e+01,2.7721131474204942e+01
branch0_seg8,3.3333333333333326e-01,2.5000000000829858e-02,2.5000000000958124e-02,2.9143976397271906e+01,2.7721129470716374e+01
branch0_seg8,4.4444444444444442e-01,2.4999999999415257e-02,2.4999999999325367e-02,2.9143977273518686e+01,2.7721130344611403e+01
branch0_seg8,5.5555555555555536e-01,2.4999999999415257e-02,2.4999999999325367e-02,2.9143977273518686e+01,2.7721130344611403e+01
branch0_seg8,6.6666666666666652e-01,2.4999999999415257e-02,2.4999999999325367e-02,2.9143977273518686e+01,2.7721130344611403e+01
branch0_seg8,7.7777777777777768e-01,2.4999999999415257e-02,2.4999999999325367e-02,2.9143977273518686e+01,2.7721130344611403e+01
branch0_seg8,8.8888888888888884e-01,2.4999999999415257e-02,2.4999999999325367e-02,2.9143977273518686e+01,2.7721130344611403e+01
branch0_seg8,1.0000000000000000e+00,2.4999999999415257e-02,2.4999999999325367e-02,2.9143977273518686e+01,2.7721130344611403e+01
branch0_seg9,0.0000000000000000e+00,2.4999999998999458e-02,2.4999999998842778e-02,2.7721134699011614e+01,2.6425185965890055e+01
branch0_seg9,1.1111111111111116e-01,2.5000000001350380e-02,2.5000000001545977e-02,2.7721127494375317e+01,2.6425178782908656e+01
branch0_seg9,2.2222222222222210e-01,2.4999999998767293e-02,2.4999999998592679e-02,2.7721131474204942e+01,2.6425182751035457e+01
branch0_seg9,3.3333333333333326e-01,2.5000000000958124e-02,2.5000000001092496e-02,2.7721129470716374e+01,2.6425180753369613e+01
branch0_seg9,4.4444444444444442e-01,2.4999999999325367e-02,2.4999999999231259e-02,2.7721130344611403e+01,2.6425181624717414e+01
branch0_seg9,5.5555555555555536e-01,2.4999999999325367e-02,2.4999999999231259e-02,2.7721130344611403e+01,2.6425181624717414e+01
branch0_seg9,6.6666666666666652e-01,2.4999999999325367e-02,2.4999999999231259e-02,2.7721130344611403e+01,2.6425181624717414e+01
branch0_seg9,7.7777777777777768e-01,2.4999999999325367e-02,2.4999999999231259e-02,2.7721130344611403e+01,2.6425181624717414e+01
branch0_seg9,8.8888888888888884e-01,2.4999999999325367e-02,2.4999999999231259e-02,2.7721130344611403e+01,2.6425181624717414e+01
branch0_seg9,1.0000000000000000e+00,2.4999999999325367e-02,2.4999999999231259e-02,2.7721130344611403e+01,2.6425181624717414e+01
branch0_seg10,0.0000000000000000e+00,2.4999999998842778e-02,2.4999999998678323e-02,2.6425185965890055e+01,2.5231273235598046e+01
branch0_seg10,1.1111111111111116e-01,2.5000000001545977e-02,2.5000000001749897e-02,2.6425178782908656e+01,2.5231266076008261e+01
branch0_seg10,2.2222222222222210e-01,2.4999999998592679e-02,2.4999999998410988e-02,2.6425182751035457e+01,2.5231270031516608e+01
branch0_seg10,3.3333333333333326e-01,2.5000000001092496e-02,2.5000000001232193e-02,2.6425180753369613e+01,2.5231268040116113e+01
branch0_seg10,4.4444444444444442e-01,2.4999999999231259e-02,2.4999999999133462e-02,2.6425181624717414e+01,2.5231268908731863e+01
branch0_seg10,5.5555555555555536e-01,2.4999999999231259e-02,2.4999999999133462e-02,2.6425181624717414e+01,2.5231268908731863e+01
branch0_seg10,6.6666666666666652e-01,2.4999999999231259e-02,2.4999999999133462e-02,2.6425181624717414e+01,2.5231268908731863e+01
branch0_seg10,7.7777777777777768e-01,2.4999999999231259e-02,2.4999999999133462e-02,2.6425181624717414e+01,2.5231268908731863e+01
branch0_seg10,8.8888888888888884e-01,2.4999999999231259e-02,2.4999999999133462e-02,2.6425181624717414e+01,2.5231268908731863e+01
branch0_seg10,1.0000000000000000e+00,2.4999999999231259e-02,2.4999999999133462e-02,2.6425181624717414e+01,2.5231268908731863e+01
branch0_seg11,0.0000000000000000e+00,2.4999999998678323e-02,2.4999999998507830e-02,2.5231273235598046e+01,2.4111280131240768e+01
branch0_seg11,1.1111111111111116e-01,2.5000000001749897e-02,2.5000000001960346e-02,2.5231266076008261e+01,2.4111272996793495e+01
branch0_seg11,2.2222222222222210e-01,2.4999999998410988e-02,2.4999999998223721e-02,2.5231270031516608e+01,2.4111276938760167e+01
branch0_seg11,3.3333333333333326e-01,2.5000000001232193e-02,2.5000000001376092e-02,2.5231268040116113e+01,2.4111274954069255e+01
branch0_seg11,4.4444444444444442e-01,2.4999999999133462e-02,2.4999999999032754e-02,2.5231268908731863e+01,2.4111275819770206e+01
branch0_seg11,5.5555555555555536e-01,2.4999999999133462e-02,2.4999999999032754e-02,2.5231268908731863e+01,2.4111275819770206e+01
branch0_seg11,6.6666666666666652e-01,2.4999999999133462e-02,2.4999999999032754e-02,2.5231268908731863e+01,2.4111275819770206e+01
branch0_seg11,7.7777777777777768e-01,2.4999999999133462e-02,2.4999999999032754e-02,2.5231268908731863e+01,2.4111275819770206e+01
branch0_seg11,8.8888888888888884e-01,2.4999999999133462e-02,2.4999999999032754e-02,2.5231268908731863e+01,2.4111275819770206e+01
branch0_seg11,1.0000000000000000e+00,2.4999999999133462e-02,2.4999999999032754e-02,2.5231268908731863e+01,2.4111275819770206e+01
branch0_seg12,0.0000000000000000e+00,2.4999999998507830e-02,2.4999999998330108e-02,2.4111280131240768e+01,2.3079091478272350e+01
branch0_seg12,1.1111111111111116e-01,2.5000000001960346e-02,2.5000000002179140e-02,2.4111272996793495e+01,2.3079084370351641e+01
branch0_seg12,2.2222222222222210e-01,2.4999999998223721e-02,2.4999999998029172e-02,2.4111276938760167e+01,2.3079088298049491e+01
branch0_seg12,3.3333333333333326e-01,2.5000000001376092e-02,2.5000000001525545e-02,2.4111274954069255e+01,2.3079086320414454e+01
branch0_seg12,4.4444444444444442e-01,2.4999999999032754e-02,2.4999999998928175e-02,2.4111275819770206e+01,2.3079087183062025e+01
branch0_seg12,5.5555555555555536e-01,2.4999999999032754e-02,2.4999999998928175e-02,2.4111275819770206e+01,2.3079087183062025e+01
branch0_seg12,6.6666666666666652e-01,2.4999999999032754e-02,2.4999999998928175e-02,2.4111275819770206e+01,2.3079087183062025e+01
branch0_seg12,7.7777777777777768e-01,2.4999999999032754e-02,2.4999999998928175e-02,2.4111275819770206e+01,2.3079087183062025e+01
branch0_seg12,8.8888888888888884e-01,2.4999999999032754e-02,2.4999999998928175e-02,2.4111275819770206e+01,2.3079087183062025e+01
branch0_seg12,1.0000000000000000e+00,2.4999999999032754e-02,2.4999999998928175e-02,2.4111275819770206e+01,2.3079087183062025e+01
branch0_seg13,0.0000000000000000e+00,2.4999999998330108e-02,2.4999999998146012e-02,2.3079091478272350e+01,2.2123231440081749e+01
branch0_seg13,1.1111111111111116e-01,2.5000000002179140e-02,2.5000000002405549e-02,2.3079084370351641e+01,2.2123224360012550e+01
branch0_seg13,2.2222222222222210e-01,2.4999999998029172e-02,2.4999999997827892e-02,2.3079088298049491e+01,2.2123228272745092e+01
branch0_seg13,3.3333333333333326e-01,2.5000000001525545e-02,2.5000000001680168e-02,2.3079086320414454e+01,2.2123226302496274e+01
branch0_seg13,4.4444444444444442e-01,2.4999999998928175e-02,2.4999999998819980e-02,2.3079087183062025e+01,2.2123227161960241e+01
branch0_seg13,5.5555555555555536e-01,2.4999999998928175e-02,2.4999999998819980e-02,2.3079087183062025e+01,2.2123227161960241e+01
branch0_seg13,6.6666666666666652e-01,2.4999999998928175e-02,2.4999999998819980e-02,2.3079087183062025e+01,2.2123227161960241e+01
branch0_seg13,7.7777777777777768e-01,2.4999999998928175e-02,2.4999999998819980e-02,2.3079087183062025e+01,2.2123227161960241e+01
branch0_seg13,8.8888888888888884e-01,2.4999999998928175e-02,2.4999999998819980e-02,2.3079087183062025e+01,2.2123227161960241e+01
branch0_seg13,1.0000000000000000e+00,2.4999999998928175e-02,2.4999999998819980e-02,2.3079087183062025e+01,2.2123227161960241e+01
branch0_seg14,0.0000000000000000e+00,2.4999999998146012e-02,2.4999999997957018e-02,2.2123231440081749e+01,2.1226317072025331e+01
branch0_seg14,1.1111111111111116e-01,2.5000000002405549e-02,2.5000000002638099e-02,2.2123224360012550e+01,2.1226310021171376e+01
branch0_seg14,2.2222222222222210e-01,2.4999999997827892e-02,2.4999999997621099e-02,2.2123228272745092e+01,2.1226313918220672e+01
branch0_seg14,3.3333333333333326e-01,2.5000000001680168e-02,2.5000000001839048e-02,2.2123226302496274e+01,2.1226311955698058e+01
branch0_seg14,4.4444444444444442e-01,2.4999999998819980e-02,2.4999999998708791e-02,2.2123227161960241e+01,2.1226312811845492e+01
branch0_seg14,5.5555555555555536e-01,2.4999999998819980e-02,2.4999999998708791e-02,2.2123227161960241e+01,2.1226312811845492e+01
branch0_seg14,6.6666666666666652e-01,2.4999999998819980e-02,2.4999999998708791e-02,2.2123227161960241e+01,2.1226312811845492e+01
branch0_seg14,7.7777777777777768e-01,2.4999999998819980e-02,2.4999999998708791e-02,2.2123227161960241e+01,2.1226312811845492e+01
branch0_seg14,8.8888888888888884e-01,2.4999999998819980e-02,2.4999999998708791e-02,2.2123227161960241e+01,2.1226312811845492e+01
branch0_seg14,1.0000000000000000e+00,2.4999999998819980e-02,2.4999999998708791e-02,2.2123227161960241e+01,2.1226312811845492e+01
branch0_seg15,0.0000000000000000e+00,2.4999999997957018e-02,2.4999999997762656e-02,2.1226317072025331e+01,2.0391987577526969e+01
branch0_seg15,1.1111111111111116e-01,2.5000000002638099e-02,2.5000000002877689e-02,2.1226310021171376e+01,2.0391980557019281e+01
branch0_seg15,2.2222222222222210e-01,2.4999999997621099e-02,2.4999999997407898e-02,2.1226313918220672e+01,2.0391984437790597e+01
branch0_seg15,3.3333333333333326e-01,2.5000000001839048e-02,2.5000000002002910e-02,2.1226311955698058e+01,2.0391982483273470e+01
branch0_seg15,4.4444444444444442e-01,2.4999999998708791e-02,2.4999999998594091e-02,2.1226312811845492e+01,2.0391983335998162e+01
branch0_seg15,5.5555555555555536e-01,2.4999999998708791e-02,2.4999999998594091e-02,2.1226312811845492e+01,2.0391983335998162e+01
branch0_seg15,6.6666666666666652e-01,2.4999999998708791e-02,2.4999999998594091e-02,2.1226312811845492e+01,2.0391983335998162e+01
branch0_seg15,7.7777777777777768e-01,2.4999999998708791e-02,2.4999999998594091e-02,2.1226312811845492e+01,2.0391983335998162e+01
branch0_seg15,8.8888888888888884e-01,2.4999999998708791e-02,2.4999999998594091e-02,2.1226312811845492e+01,2.0391983335998162e+01
branch0_seg15,1.0000000000000000e+00,2.4999999998708791e-02,2.4999999998594091e-02,2.1226312811845492e+01,2.0391983335998162e+01
branch0_seg16,0.0000000000000000e+00,2.4999999997762656e-02,2.4999999997562989e-02,2.0391987577526969e+01,1.9617627549659598e+01
branch0_seg16,1.1111111111111116e-01,2.5000000002877689e-02,2.5000000003124558e-02,2.0391980557019281e+01,1.9617620560493584e+01
branch0_seg16,2.2222222222222210e-01,2.4999999997407898e-02,2.4999999997187994e-02,2.0391984437790597e+01,1.9617624424463333e+01
branch0_seg16,3.3333333333333326e-01,2.5000000002002910e-02,2.5000000002172014e-02,2.0391982483273470e+01,1.9617622478196086e+01
branch0_seg16,4.4444444444444442e-01,2.4999999998594091e-02,2.4999999998475683e-02,2.0391983335998162e+01,1.9617623327407205e+01
branch0_seg16,5.5555555555555536e-01,2.4999999998594091e-02,2.4999999998475683e-02,2.0391983335998162e+01,1.9617623327407205e+01
branch0_seg16,6.6666666666666652e-01,2.4999999998594091e-02,2.4999999998475683e-02,2.0391983335998162e+01,1.9617623327407205e+01
branch0_seg16,7.7777777777777768e-01,2.4999999998594091e-02,2.4999999998475683e-02,2.0391983335998162e+01,1.9617623327407205e+01
branch0_seg16,8.8888888888888884e-01,2.4999999998594091e-02,2.4999999998475683e-02,2.0391983335998162e+01,1.9617623327407205e+01
branch0_seg16,1.0000000000000000e+00,2.4999999998594091e-02,2.4999999998475683e-02,2.0391983335998162e+01,1.9617623327407205e+01
branch0_seg17,0.0000000000000000e+00,2.4999999997562989e-02,2.4999999997358132e-02,1.9617627549659598e+01,1.8900423700307009e+01
branch0_seg17,1.1111111111111116e-01,2.5000000003124558e-02,2.5000000003378889e-02,1.9617620560493584e+01,1.8900416743362399e+01
branch0_seg17,2.2222222222222210e-01,2.4999999997187994e-02,2.4999999996961137e-02,1.9617624424463333e+01,1.8900420590067203e+01
branch0_seg17,3.3333333333333326e-01,2.5000000002172014e-02,2.5000000002346590e-02,1.9617622478196086e+01,1.8900418652265067e+01
branch0_seg17,4.4444444444444442e-01,2.4999999998475683e-02,2.4999999998353398e-02,1.9617623327407205e+01,1.8900419497884350e+01
branch0_seg17,5.5555555555555536e-01,2.4999999998475683e-02,2.4999999998353398e-02,1.9617623327407205e+01,1.8900419497884350e+01
branch0_seg17,6.6666666666666652e-01,2.4999999998475683e-02,2.4999999998353398e-02,1.9617623327407205e+01,1.8900419497884350e+01
branch0_seg17,7.7777777777777768e-01,2.4999999998475683e-02,2.4999999998353398e-02,1.9617623327407205e+01,1.8900419497884350e+01
branch0_seg17,8.8888888888888884e-01,2.4999999998475683e-02,2.4999999998353398e-02,1.9617623327407205e+01,1.8900419497884350e+01
branch0_seg17,1.0000000000000000e+00,2.4999999998475683e-02,2.4999999998353398e-02,1.9617623327407205e+01,1.8900419497884350e+01
branch0_seg18,0.0000000000000000e+00,2.4999999997358132e-02,2.4999999997149545e-02,1.8900423700307009e+01,1.8228591542535838e+01
branch0_seg18,1.1111111111111116e-01,2.5000000003378889e-02,2.5000000003639170e-02,1.8900416743362399e+01,1.8228584618788990e+01
branch0_seg18,2.2222222222222210e-01,2.4999999996961137e-02,2.4999999996728580e-02,1.8900420590067203e+01,1.8228588447712472e+01
branch0_seg18,3.3333333333333326e-01,2.5000000002346590e-02,2.5000000002525696e-02,1.8900418652265067e+01,1.8228586518616815e+01
branch0_seg18,4.4444444444444442e-01,2.4999999998353398e-02,2.4999999998227870e-02,1.8900419497884350e+01,1.8228587360555156e+01
branch0_seg18,5.5555555555555536e-01,2.4999999998353398e-02,2.4999999998227870e-02,1.8900419497884350e+01,1.8228587360555156e+01
branch0_seg18,6.6666666666666652e-01,2.4999999998353398e-02,2.4999999998227870e-02,1.8900419497884350e+01,1.8228587360555156e+01
branch0_seg18,7.7777777777777768e-01,2.4999999998353398e-02,2.4999999998227870e-02,1.8900419497884350e+01,1.8228587360555156e+01
branch0_seg18,8.8888888888888884e-01,2.4999999998353398e-02,2.4999999998227870e-02,1.8900419497884350e+01,1.8228587360555156e+01
branch0_seg18,1.0000000000000000e+00,2.4999999998353398e-02,2.4999999998227870e-02,1.8900419497884350e+01,1.8228587360555156e+01
branch0_seg19,0.0000000000000000e+00,2.4999999997149545e-02,2.4999999996937708e-02,1.8228591542535838e+01,1.7597786064761944e+01
branch0_seg19,1.1111111111111116e-01,2.5000000003639170e-02,2.5000000003905107e-02,1.8228584618788990e+01,1.7597779175139500e+01
branch0_seg19,2.2222222222222210e-01,2.4999999996728580e-02,2.4999999996490510e-02,1.8228588447712472e+01,1.7597782985790339e+01
branch0_seg19,3.3333333333333326e-01,2.5000000002525696e-02,2.5000000002709223e-02,1.8228586518616815e+01,1.7597781065630723e+01
branch0_seg19,4.4444444444444442e-01,2.4999999998227870e-02,2.4999999998099178e-02,1.8228587360555156e+01,1.7597781903803970e+01
branch0_seg19,5.5555555555555536e-01,2.4999999998227870e-02,2.4999999998099178e-02,1.8228587360555156e+01,1.7597781903803970e+01
branch0_seg19,6.6666666666666652e-01,2.4999999998227870e-02,2.4999999998099178e-02,1.8228587360555156e+01,1.7597781903803970e+01
branch0_seg19,7.7777777777777768e-01,2.4999999998227870e-02,2.4999999998099178e-02,1.8228587360555156e+01,1.7597781903803970e+01
branch0_seg19,8.8888888888888884e-01,2.4999999998227870e-02,2.4999999998099178e-02,1.8228587360555156e+01,1.7597781903803970e+01
branch0_seg19,1.0000000000000000e+00,2.4999999998227870e-02,2.4999999998099178e-02,1.8228587360555156e+01,1.7597781903803970e+01
branch0_seg20,0.0000000000000000e+00,2.4999999996937708e-02,2.4999999996722574e-02,1.7597786064761944e+01,1.7007753298864369e+01
branch0_seg20,1.1111111111111116e-01,2.5000000003905107e-02,2.5000000004177056e-02,1.7597779175139500e+01,1.7007746444172430e+01
branch0_seg20,2.2222222222222210e-01,2.4999999996490510e-02,2.4999999996246528e-02,1.7597782985790339e+01,1.7007750236121794e+01
branch0_seg20,3.3333333333333326e-01,2.5000000002709223e-02,2.5000000002897507e-02,1.7597781065630723e+01,1.7007748325098149e+01
branch0_seg20,4.4444444444444442e-01,2.4999999998099178e-02,2.4999999997967072e-02,1.7597781903803970e+01,1.7007749159434191e+01
branch0_seg20,5.5555555555555536e-01,2.4999999998099178e-02,2.4999999997967072e-02,1.7597781903803970e+01,1.7007749159434191e+01
branch0_seg20,6.6666666666666652e-01,2.4999999998099178e-02,2.4999999997967072e-02,1.7597781903803970e+01,1.7007749159434191e+01
branch0_seg20,7.7777777777777768e-01,2.4999999998099178e-02,2.4999999997967072e-02,1.7597781903803970e+01,1.7007749159434191e+01
branch0_seg20,8.8888888888888884e-01,2.4999999998099178e-02,2.4999999997967072e-02,1.7597781903803970e+01,1.7007749159434191e+01
branch0_seg20,1.0000000000000000e+00,2.4999999998099178e-02,2.4999999997967072e-02,1.7597781903803970e+01,1.7007749159434191e+01
branch0_seg21,0.0000000000000000e+00,2.4999999996722574e-02,2.4999999996504967e-02,1.7007753298864369e+01,1.6452825053968102e+01
branch0_seg21,1.1111111111111116e-01,2.5000000004177056e-02,2.5000000004454261e-02,1.7007746444172430e+01,1.6452818235038045e+01
branch0_seg21,2.2222222222222210e-01,2.4999999996246528e-02,2.4999999995997231e-02,1.7007750236121794e+01,1.6452822007842016e+01
branch0_seg21,3.3333333333333326e-01,2.5000000002897507e-02,2.5000000003090116e-02,1.7007748325098149e+01,1.6452820106162314e+01
branch0_seg21,4.4444444444444442e-01,2.4999999997967072e-02,2.4999999997831836e-02,1.7007749159434191e+01,1.6452820936585329e+01
branch0_seg21,5.5555555555555536e-01,2.4999999997967072e-02,2.4999999997831836e-02,1.7007749159434191e+01,1.6452820936585329e+01
branch0_seg21,6.6666666666666652e-01,2.4999999997967072e-02,2.4999999997831836e-02,1.7007749159434191e+01,1.6452820936585329e+01
branch0_seg21,7.7777777777777768e-01,2.4999999997967072e-02,2.4999999997831836e-02,1.7007749159434191e+01,1.6452820936585329e+01
branch0_seg21,8.8888888888888884e-01,2.4999999997967072e-02,2.4999999997831836e-02,1.7007749159434191e+01,1.6452820936585329e+01
branch0_seg21,1.0000000000000000e+00,2.4999999997967072e-02,2.4999999997831836e-02,1.7007749159434191e+01,1.6452820936585329e+01
branch0_seg22,0.0000000000000000e+00,2.4999999996504967e-02,2.4999999996284866e-02,1.6452825053968102e+01,1.5932390896983740e+01
branch0_seg22,1.1111111111111116e-01,2.5000000004454261e-02,2.5000000004737035e-02,1.6452818235038045e+01,1.5932384114541748e+01
branch0_seg22,2.2222222222222210e-01,2.4999999995997231e-02,2.4999999995742261e-02,1.6452822007842016e+01,1.5932387867810714e+01
branch0_seg22,3.3333333333333326e-01,2.5000000003090116e-02,2.5000000003287358e-02,1.6452820106162314e+01,1.5932385975657494e+01
branch0_seg22,4.4444444444444442e-01,2.4999999997831836e-02,2.4999999997693249e-02,1.6452820936585329e+01,1.5932386802101648e+01
branch0_seg22,5.5555555555555536e-01,2.4999999997831836e-02,2.4999999997693249e-02,1.6452820936585329e+01,1.5932386802101648e+01
branch0_seg22,6.6666666666666652e-01,2.4999999997831836e-02,2.4999999997693249e-02,1.6452820936585329e+01,1.5932386802101648e+01
branch0_seg22,7.7777777777777768e-01,2.4999999997831836e-02,2.4999999997693249e-02,1.6452820936585329e+01,1.5932386802101648e+01
branch0_seg22,8.8888888888888884e-01,2.4999999997831836e-02,2.4999999997693249e-02,1.6452820936585329e+01,1.5932386802101648e+01
branch0_seg22,1.0000000000000000e+00,2.4999999997831836e-02,2.4999999997693249e-02,1.6452820936585329e+01,1.5932386802101648e+01
branch0_seg23,0.0000000000000000e+00,2.4999999996284866e-02,2.4999999996062915e-02,1.5932390896983740e+01,1.5442695917834993e+01
branch0_seg23,1.1111111111111116e-01,2.5000000004737035e-02,2.5000000005024819e-02,1.5932384114541748e+01,1.5442689172619986e+01
branch0_seg23,2.2222222222222210e-01,2.4999999995742261e-02,2.4999999995482042e-02,1.5932387867810714e+01,1.5442692905955738e+01
branch0_seg23,3.3333333333333326e-01,2.5000000003287358e-02,2.5000000003488929e-02,1.5932385975657494e+01,1.5442691023516732e+01
branch0_seg23,4.4444444444444442e-01,2.4999999997693249e-02,2.4999999997551512e-02,1.5932386802101648e+01,1.5442691845913357e+01
branch0_seg23,5.5555555555555536e-01,2.4999999997693249e-02,2.4999999997551512e-02,1.5932386802101648e+01,1.5442691845913357e+01
branch0_seg23,6.6666666666666652e-01,2.4999999997693249e-02,2.4999999997551512e-02,1.5932386802101648e+01,1.5442691845913357e+01
branch0_seg23,7.7777777777777768e-01,2.4999999997693249e-02,2.4999999997551512e-02,1.5932386802101648e+01,1.5442691845913357e+01
branch0_seg23,8.8888888888888884e-01,2.4999999997693249e-02,2.4999999997551512e-02,1.5932386802101648e+01,1.5442691845913357e+01
branch0_seg23,1.0000000000000000e+00,2.4999999997693249e-02,2.4999999997551512e-02,1.5932386802101648e+01,1.5442691845913357e+01
branch0_seg24,0.0000000000000000e+00,2.4999999996062915e-02,2.4999999995839212e-02,1.5442695917834993e+01,1.4982469433963173e+01
branch0_seg24,1.1111111111111116e-01,2.5000000005024819e-02,2.5000000005317772e-02,1.5442689172619986e+01,1.4982462726640541e+01
branch0_seg24,2.2222222222222210e-01,2.4999999995482042e-02,2.4999999995216359e-02,1.5442692905955738e+01,1.4982466439682344e+01
branch0_seg24,3.3333333333333326e-01,2.5000000003488929e-02,2.5000000003695025e-02,1.5442691023516732e+01,1.4982464567128160e+01
branch0_seg24,4.4444444444444442e-01,2.4999999997551512e-02,2.4999999997406482e-02,1.5442691845913357e+01,1.4982465385414910e+01
branch0_seg24,5.5555555555555536e-01,2.4999999997551512e-02,2.4999999997406482e-02,1.5442691845913357e+01,1.4982465385414910e+01
branch0_seg24,6.6666666666666652e-01,2.4999999997551512e-02,2.4999999997406482e-02,1.5442691845913357e+01,1.4982465385414910e+01
branch0_seg24,7.7777777777777768e-01,2.4999999997551512e-02,2.4999999997406482e-02,1.5442691845913357e+01,1.4982465385414910e+01
branch0_seg24,8.8888888888888884e-01,2.4999999997551512e-02,2.4999999997406482e-02,1.5442691845913357e+01,1.4982465385414910e+01
branch0_seg24,1.0000000000000000e+00,2.4999999997551512e-02,2.4999999997406482e-02,1.5442691845913357e+01,1.4982465385414910e+01
branch0_seg25,0.0000000000000000e+00,2.4999999995839212e-02,2.4999999995614156e-02,1.4982469433963173e+01,1.4549395230897339e+01
branch0_seg25,1.1111111111111116e-01,2.5000000005317772e-02,2.5000000005615627e-02,1.4982462726640541e+01,1.4549388562118668e+01
branch0_seg25,2.2222222222222210e-01,2.4999999995216359e-02,2.4999999994945388e-02,1.4982466439682344e+01,1.4549392254511332e+01
branch0_seg25,3.3333333333333326e-01,2.5000000003695025e-02,2.5000000003905527e-02,1.4982464567128160e+01,1.4549390392011057e+01
branch0_seg25,4.4444444444444442e-01,2.4999999997406482e-02,2.4999999997258222e-02,1.4982465385414910e+01,1.4549391206125335e+01
branch0_seg25,5.5555555555555536e-01,2.4999999997406482e-02,2.4999999997258222e-02,1.4982465385414910e+01,1.4549391206125335e+01
branch0_seg25,6.6666666666666652e-01,2.4999999997406482e-02,2.4999999997258222e-02,1.4982465385414910e+01,1.4549391206125335e+01
branch0_seg25,7.7777777777777768e-01,2.4999999997406482e-02,2.4999999997258222e-02,1.4982465385414910e+01,1.4549391206125335e+01
branch0_seg25,8.8888888888888884e-01,2.4999999997406482e-02,2.4999999997258222e-02,1.4982465385414910e+01,1.4549391206125335e+01
branch0_seg25,1.0000000000000000e+00,2.4999999997406482e-02,2.4999999997258222e-02,1.4982465385414910e+01,1.4549391206125335e+01
branch0_seg26,0.0000000000000000e+00,2.4999999995614156e-02,2.4999999995388211e-02,1.4549395230897339e+01,1.4140905181740779e+01
branch0_seg26,1.1111111111111116e-01,2.5000000005615627e-02,2.5000000005918024e-02,1.4549388562118668e+01,1.4140898552157893e+01
branch0_seg26,2.2222222222222210e-01,2.4999999994945388e-02,2.4999999994669390e-02,1.4549392254511332e+01,1.4140902223544392e+01
branch0_seg26,3.3333333333333326e-01,2.5000000003905527e-02,2.5000000004120261e-02,1.4549390392011057e+01,1.4140900371269149e+01
branch0_seg26,4.4444444444444442e-01,2.4999999997258222e-02,2.4999999997106854e-02,1.4549391206125335e+01,1.4140901181146633e+01
branch0_seg26,5.5555555555555536e-01,2.4999999997258222e-02,2.4999999997106854e-02,1.4549391206125335e+01,1.4140901181146633e+01
branch0_seg26,6.6666666666666652e-01,2.4999999997258222e-02,2.4999999997106854e-02,1.4549391206125335e+01,1.4140901181146633e+01
branch0_seg26,7.7777777777777768e-01,2.4999999997258222e-02,2.4999999997106854e-02,1.4549391206125335e+01,1.4140901181146633e+01
branch0_seg26,8.8888888888888884e-01,2.4999999997258222e-02,2.4999999997106854e-02,1.4549391206125335e+01,1.4140901181146633e+01
branch0_seg26,1.0000000000000000e+00,2.4999999997258222e-02,2.4999999997106854e-02,1.4549391206125335e+01,1.4140901181146633e+01
branch0_seg27,0.0000000000000000e+00,2.4999999995388211e-02,2.4999999995161927e-02,1.4140905181740779e+01,1.3754598187423525e+01
branch0_seg27,1.1111111111111116e-01,2.5000000005918024e-02,2.5000000006224474e-02,1.4140898552157893e+01,1.3754591597707293e+01
branch0_seg27,2.2222222222222210e-01,2.4999999994669390e-02,2.4999999994388750e-02,1.4140902223544392e+01,1.3754595247718651e+01
branch0_seg27,3.3333333333333326e-01,2.5000000004120261e-02,2.5000000004338954e-02,1.4140900371269149e+01,1.3754593405846585e+01
branch0_seg27,4.4444444444444442e-01,2.4999999997106854e-02,2.4999999996952557e-02,1.4140901181146633e+01,1.3754594211419077e+01
branch0_seg27,5.5555555555555536e-01,2.4999999997106854e-02,2.4999999996952557e-02,1.4140901181146633e+01,1.3754594211419077e+01
branch0_seg27,6.6666666666666652e-01,2.4999999997106854e-02,2.4999999996952557e-02,1.4140901181146633e+01,1.3754594211419077e+01
branch0_seg27,7.7777777777777768e-01,2.4999999997106854e-02,2.4999999996952557e-02,1.4140901181146633e+01,1.3754594211419077e+01
branch0_seg27,8.8888888888888884e-01,2.4999999997106854e-02,2.4999999996952557e-02,1.4140901181146633e+01,1.3754594211419077e+01
branch0_seg27,1.0000000000000000e+00,2.4999999997106854e-02,2.4999999996952557e-02,1.4140901181146633e+01,1.3754594211419077e+01
branch0_seg28,0.0000000000000000e+00,2.4999999995161927e-02,2.4999999994935067e-02,1.3754598187423525e+01,1.3390551749770600e+01
branch0_seg28,1.1111111111111116e-01,2.5000000006224474e-02,2.5000000006535541e-02,1.3754591597707293e+01,1.3390545200481721e+01
branch0_seg28,2.2222222222222210e-01,2.4999999994388750e-02,2.4999999994102889e-02,1.3754595247718651e+01,1.3390548828806137e+01
branch0_seg28,3.3333333333333326e-01,2.5000000004338954e-02,2.5000000004562071e-02,1.3754593405846585e+01,1.3390546997488912e+01
branch0_seg28,4.4444444444444442e-01,2.4999999996952557e-02,2.4999999996794996e-02,1.3754594211419077e+01,1.3390547798698087e+01
branch0_seg28,5.5555555555555536e-01,2.4999999996952557e-02,2.4999999996794996e-02,1.3754594211419077e+01,1.3390547798698087e+01
branch0_seg28,6.6666666666666652e-01,2.4999999996952557e-02,2.4999999996794996e-02,1.3754594211419077e+01,1.3390547798698087e+01
branch0_seg28,7.7777777777777768e-01,2.4999999996952557e-02,2.4999999996794996e-02,1.3754594211419077e+01,1.3390547798698087e+01
branch0_seg28,8.8888888888888884e-01,2.4999999996952557e-02,2.4999999996794996e-02,1.3754594211419077e+01,1.3390547798698087e+01
branch0_seg28,1.0000000000000000e+00,2.4999999996952557e-02,2.4999999996794996e-02,1.3754594211419077e+01,1.3390547798698087e+01
branch0_seg29,0.0000000000000000e+00,2.4999999994935067e-02,2.4999999994707839e-02,1.3390551749770600e+01,1.3047639834984393e+01
branch0_seg29,1.1111111111111116e-01,2.5000000006535541e-02,2.5000000006851174e-02,1.3390545200481721e+01,1.3047633326657081e+01
branch0_seg29,2.2222222222222210e-01,2.4999999994102889e-02,2.4999999993811788e-02,1.3390548828806137e+01,1.3047636932995140e+01
branch0_seg29,3.3333333333333326e-01,2.5000000004562071e-02,2.5000000004789660e-02,1.3390546997488912e+01,1.3047635112379750e+01
branch0_seg29,4.4444444444444442e-01,2.4999999996794996e-02,2.4999999996634128e-02,1.3390547798698087e+01,1.3047635909168079e+01
branch0_seg29,5.5555555555555536e-01,2.4999999996794996e-02,2.4999999996634128e-02,1.3390547798698087e+01,1.3047635909168079e+01
branch0_seg29,6.6666666666666652e-01,2.4999999996794996e-02,2.4999999996634128e-02,1.3390547798698087e+01,1.3047635909168079e+01
branch0_seg29,7.7777777777777768e-01,2.4999999996794996e-02,2.4999999996634128e-02,1.3390547798698087e+01,1.3047635909168079e+01
branch0_seg29,8.8888888888888884e-01,2.4999999996794996e-02,2.4999999996634128e-02,1.3390547798698087e+01,1.3047635909168079e+01
branch0_seg29,1.0000000000000000e+00,2.4999999996794996e-02,2.4999999996634128e-02,1.3390547798698087e+01,1.3047635909168079e+01
branch0_seg30,0.0000000000000000e+00,2.4999999994707839e-02,2.4999999994480940e-02,1.3047639834984393e+01,1.2723057274539224e+01
branch0_seg30,1.1111111111111116e-01,2.5000000006851174e-02,2.5000000007170644e-02,1.3047633326657081e+01,1.2723050807769214e+01
branch0_seg30,2.2222222222222210e-01,2.4999999993811788e-02,2.4999999993516066e-02,1.3047636932995140e+01,1.2723054391787073e+01
branch0_seg30,3.3333333333333326e-01,2.5000000004789660e-02,2.5000000005021245e-02,1.3047635112379750e+01,1.2723052582038365e+01
branch0_seg30,4.4444444444444442e-01,2.4999999996634128e-02,2.4999999996470280e-02,1.3047635909168079e+01,1.2723053374340001e+01
branch0_seg30,5.5555555555555536e-01,2.4999999996634128e-02,2.4999999996470280e-02,1.3047635909168079e+01,1.2723053374340001e+01
branch0_seg30,6.6666666666666652e-01,2.4999999996634128e-02,2.4999999996470280e-02,1.3047635909168079e+01,1.2723053374340001e+01
branch0_seg30,7.7777777777777768e-01,2.4999999996634128e-02,2.4999999996470280e-02,1.3047635909168079e+01,1.2723053374340001e+01
branch0_seg30,8.8888888888888884e-01,2.4999999996634128e-02,2.4999999996470280e-02,1.3047635909168079e+01,1.2723053374340001e+01
branch0_seg30,1.0000000000000000e+00,2.4999999996634128e-02,2.4999999996470280e-02,1.3047635909168079e+01,1.2723053374340001e+01
branch0_seg31,0.0000000000000000e+00,2.4999999994480940e-02,2.4999999994254535e-02,1.2723057274539224e+01,1.2415912580384125e+01
branch0_seg31,1.1111111111111116e-01,2.5000000007170644e-02,2.5000000007493924e-02,1.2723050807769214e+01,1.2415906155739993e+01
branch0_seg31,2.2222222222222210e-01,2.4999999993516066e-02,2.4999999993215696e-02,1.2723054391787073e+01,1.2415909717116724e+01
branch0_seg31,3.3333333333333326e-01,2.5000000005021245e-02,2.5000000005256873e-02,1.2723052582038365e+01,1.2415907918394566e+01
branch0_seg31,4.4444444444444442e-01,2.4999999996470280e-02,2.4999999996303413e-02,1.2723053374340001e+01,1.2415908706144590e+01
branch0_seg31,5.5555555555555536e-01,2.4999999996470280e-02,2.4999999996303413e-02,1.2723053374340001e+01,1.2415908706144590e+01
branch0_seg31,6.6666666666666652e-01,2.4999999996470280e-02,2.4999999996303413e-02,1.2723053374340001e+01,1.2415908706144590e+01
branch0_seg31,7.7777777777777768e-01,2.4999999996470280e-02,2.4999999996303413e-02,1.2723053374340001e+01,1.2415908706144590e+01
branch0_seg31,8.8888888888888884e-01,2.4999999996470280e-02,2.4999999996303413e-02,1.2723053374340001e+01,1.2415908706144590e+01
branch0_seg31,1.0000000000000000e+00,2.4999999996470280e-02,2.4999999996303413e-02,1.2723053374340001e+01,1.2415908706144590e+01
branch0_seg32,0.0000000000000000e+00,2.4999999994254535e-02,2.4999999994029284e-02,1.2415912580384125e+01,1.2123965945279481e+01
branch0_seg32,1.1111111111111116e-01,2.5000000007493924e-02,2.5000000007820267e-02,1.2415906155739993e+01,1.2123959563395273e+01
branch0_seg32,2.2222222222222210e-01,2.4999999993215696e-02,2.4999999992911321e-02,1.2415909717116724e+01,1.2123963101773379e+01
branch0_seg32,3.3333333333333326e-01,2.5000000005256873e-02,2.5000000005496049e-02,1.2415907918394566e+01,1.2123961314256572e+01
branch0_seg32,4.4444444444444442e-01,2.4999999996303413e-02,2.4999999996133872e-02,1.2415908706144590e+01,1.2123962097381265e+01
branch0_seg32,5.5555555555555536e-01,2.4999999996303413e-02,2.4999999996133872e-02,1.2415908706144590e+01,1.2123962097381265e+01
branch0_seg32,6.6666666666666652e-01,2.4999999996303413e-02,2.4999999996133872e-02,1.2415908706144590e+01,1.2123962097381265e+01
branch0_seg32,7.7777777777777768e-01,2.4999999996303413e-02,2.4999999996133872e-02,1.2415908706144590e+01,1.2123962097381265e+01
branch0_seg32,8.8888888888888884e-01,2.4999999996303413e-02,2.4999999996133872e-02,1.2415908706144590e+01,1.2123962097381265e+01
branch0_seg32,1.0000000000000000e+00,2.4999999996303413e-02,2.4999999996133872e-02,1.2415908706144590e+01,1.2123962097381265e+01
branch0_seg33,0.0000000000000000e+00,2.4999999994029284e-02,2.4999999993805103e-02,1.2123965945279481e+01,1.1847029951910226e+01
branch0_seg33,1.1111111111111116e-01,2.5000000007820267e-02,2.5000000008149989e-02,1.2123959563395273e+01,1.1847023613350762e+01
branch0_seg33,2.2222222222222210e-01,2.4999999992911321e-02,2.4999999992602603e-02,1.2123963101773379e+01,1.1847027128408369e+01
branch0_seg33,3.3333333333333326e-01,2.5000000005496049e-02,2.5000000005739063e-02,1.2123961314256572e+01,1.1847025352259660e+01
branch0_seg33,4.4444444444444442e-01,2.4999999996133872e-02,2.4999999995961440e-02,1.2123962097381265e+01,1.1847026130690784e+01
branch0_seg33,5.5555555555555536e-01,2.4999999996133872e-02,2.4999999995961440e-02,1.2123962097381265e+01,1.1847026130690784e+01
branch0_seg33,6.6666666666666652e-01,2.4999999996133872e-02,2.4999999995961440e-02,1.2123962097381265e+01,1.1847026130690784e+01
branch0_seg33,7.7777777777777768e-01,2.4999999996133872e-02,2.4999999995961440e-02,1.2123962097381265e+01,1.1847026130690784e+01
branch0_seg33,8.8888888888888884e-01,2.4999999996133872e-02,2.4999999995961440e-02,1.2123962097381265e+01,1.1847026130690784e+01
branch0_seg33,1.0000000000000000e+00,2.4999999996133872e-02,2.4999999995961440e-02,1.2123962097381265e+01,1.1847026130690784e+01
branch0_seg34,0.0000000000000000e+00,2.4999999993805103e-02,2.4999999993583426e-02,1.1847029951910226e+01,1.1581448169385560e+01
branch0_seg34,1.1111111111111116e-01,2.5000000008149989e-02,2.5000000008481151e-02,1.1847023613350762e+01,1.1581441874936260e+01
branch0_seg34,2.2222222222222210e-01,2.4999999992602603e-02,2.4999999992291320e-02,1.1847027128408369e+01,1.1581445366231680e+01
branch0_seg34,3.3333333333333326e-01,2.5000000005739063e-02,2.5000000005984527e-02,1.1847025352259660e+01,1.1581443601673161e+01
branch0_seg34,4.4444444444444442e-01,2.4999999995961440e-02,2.4999999995787107e-02,1.1847026130690784e+01,1.1581444375317114e+01
branch0_seg34,5.5555555555555536e-01,2.4999999995961440e-02,2.4999999995787107e-02,1.1847026130690784e+01,1.1581444375317114e+01
branch0_seg34,6.6666666666666652e-01,2.4999999995961440e-02,2.4999999995787107e-02,1.1847026130690784e+01,1.1581444375317114e+01
branch0_seg34,7.7777777777777768e-01,2.4999999995961440e-02,2.4999999995787107e-02,1.1847026130690784e+01,1.1581444375317114e+01
branch0_seg34,8.8888888888888884e-01,2.4999999995961440e-02,2.4999999995787107e-02,1.1847026130690784e+01,1.1581444375317114e+01
branch0_seg34,1.0000000000000000e+00,2.4999999995961440e-02,2.4999999995787107e-02,1.1847026130690784e+01,1.1581444375317114e+01
branch0_seg35,0.0000000000000000e+00,2.4999999993583426e-02,2.4999999993365964e-02,1.1581448169385560e+01,1.1322957909757941e+01
branch0_seg35,1.1111111111111116e-01,2.5000000008481151e-02,2.5000000008811307e-02,1.1581441874936260e+01,1.1322951660490748e+01
branch0_seg35,2.2222222222222210e-01,2.4999999992291320e-02,2.4999999991979743e-02,1.1581445366231680e+01,1.1322955127427132e+01
branch0_seg35,3.3333333333333326e-01,2.5000000005984527e-02,2.5000000006230656e-02,1.1581443601673161e+01,1.1322953374757326e+01
branch0_seg35,4.4444444444444442e-01,2.4999999995787107e-02,2.4999999995612122e-02,1.1581444375317114e+01,1.1322954143488220e+01
branch0_seg35,5.5555555555555536e-01,2.4999999995787107e-02,2.4999999995612122e-02,1.1581444375317114e+01,1.1322954143488220e+01
branch0_seg35,6.6666666666666652e-01,2.4999999995787107e-02,2.4999999995612122e-02,1.1581444375317114e+01,1.1322954143488220e+01
branch0_seg35,7.7777777777777768e-01,2.4999999995787107e-02,2.4999999995612122e-02,1.1581444375317114e+01,1.1322954143488220e+01
branch0_seg35,8.8888888888888884e-01,2.4999999995787107e-02,2.4999999995612122e-02,1.1581444375317114e+01,1.1322954143488220e+01
branch0_seg35,1.0000000000000000e+00,2.4999999995787107e-02,2.4999999995612122e-02,1.1581444375317114e+01,1.1322954143488220e+01
branch0_seg36,0.0000000000000000e+00,2.4999999993365964e-02,2.4999999993152191e-02,1.1322957909757941e+01,1.1072904033012920e+01
branch0_seg36,1.1111111111111116e-01,2.5000000008811307e-02,2.5000000009141356e-02,1.1322951660490748e+01,1.1072897829843990e+01
branch0_seg36,2.2222222222222210e-01,2.4999999991979743e-02,2.4999999991667004e-02,1.1322955127427132e+01,1.1072901271906600e+01
branch0_seg36,3.3333333333333326e-01,2.5000000006230656e-02,2.5000000006478156e-02,1.1322953374757326e+01,1.1072899531385424e+01
branch0_seg36,4.4444444444444442e-01,2.4999999995612122e-02,2.4999999995435996e-02,1.1322954143488220e+01,1.1072900295092071e+01
branch0_seg36,5.5555555555555536e-01,2.4999999995612122e-02,2.4999999995435996e-02,1.1322954143488220e+01,1.1072900295092071e+01
branch0_seg36,6.6666666666666652e-01,2.4999999995612122e-02,2.4999999995435996e-02,1.1322954143488220e+01,1.1072900295092071e+01
branch0_seg36,7.7777777777777768e-01,2.4999999995612122e-02,2.4999999995435996e-02,1.1322954143488220e+01,1.1072900295092071e+01
branch0_seg36,8.8888888888888884e-01,2.4999999995612122e-02,2.4999999995435996e-02,1.1322954143488220e+01,1.1072900295092071e+01
branch0_seg36,1.0000000000000000e+00,2.4999999995612122e-02,2.4999999995435996e-02,1.1322954143488220e+01,1.1072900295092071e+01
branch0_seg37,0.0000000000000000e+00,2.4999999993152191e-02,2.4999999992941800e-02,1.1072904033012920e+01,1.0832025085974124e+01
branch0_seg37,1.1111111111111116e-01,2.5000000009141356e-02,2.5000000009471893e-02,1.1072897829843990e+01,1.0832018929704020e+01
branch0_seg37,2.2222222222222210e-01,2.4999999991667004e-02,2.4999999991352499e-02,1.1072901271906600e+01,1.0832022346438819e+01
branch0_seg37,3.3333333333333326e-01,2.5000000006478156e-02,2.5000000006727498e-02,1.1072899531385424e+01,1.0832020618297902e+01
branch0_seg37,4.4444444444444442e-01,2.4999999995435996e-02,2.4999999995258374e-02,1.1072900295092071e+01,1.0832021376879620e+01
branch0_seg37,5.5555555555555536e-01,2.4999999995435996e-02,2.4999999995258374e-02,1.1072900295092071e+01,1.0832021376879620e+01
branch0_seg37,6.6666666666666652e-01,2.4999999995435996e-02,2.4999999995258374e-02,1.1072900295092071e+01,1.0832021376879620e+01
branch0_seg37,7.7777777777777768e-01,2.4999999995435996e-02,2.4999999995258374e-02,1.1072900295092071e+01,1.0832021376879620e+01
branch0_seg37,8.8888888888888884e-01,2.4999999995435996e-02,2.4999999995258374e-02,1.1072900295092071e+01,1.0832021376879620e+01
branch0_seg37,1.0000000000000000e+00,2.4999999995435996e-02,2.4999999995258374e-02,1.1072900295092071e+01,1.0832021376879620e+01
branch0_seg38,0.0000000000000000e+00,2.4999999992941800e-02,2.4999999992734865e-02,1.0832025085974124e+01,1.0600122946411130e+01
branch0_seg38,1.1111111111111116e-01,2.5000000009471893e-02,2.5000000009802924e-02,1.0832018929704020e+01,1.0600116837810562e+01
branch0_seg38,2.2222222222222210e-01,2.4999999991352499e-02,2.4999999991036217e-02,1.0832022346438819e+01,1.0600120228778200e+01
branch0_seg38,3.3333333333333326e-01,2.5000000006727498e-02,2.5000000006978707e-02,1.0832020618297902e+01,1.0600118513243210e+01
branch0_seg38,4.4444444444444442e-01,2.4999999995258374e-02,2.4999999995079243e-02,1.0832021376879620e+01,1.0600119266600689e+01
branch0_seg38,5.5555555555555536e-01,2.4999999995258374e-02,2.4999999995079243e-02,1.0832021376879620e+01,1.0600119266600689e+01
branch0_seg38,6.6666666666666652e-01,2.4999999995258374e-02,2.4999999995079243e-02,1.0832021376879620e+01,1.0600119266600689e+01
branch0_seg38,7.7777777777777768e-01,2.4999999995258374e-02,2.4999999995079243e-02,1.0832021376879620e+01,1.0600119266600689e+01
branch0_seg38,8.8888888888888884e-01,2.4999999995258374e-02,2.4999999995079243e-02,1.0832021376879620e+01,1.0600119266600689e+01
branch0_seg38,1.0000000000000000e+00,2.4999999995258374e-02,2.4999999995079243e-02,1.0832021376879620e+01,1.0600119266600689e+01
branch0_seg39,0.0000000000000000e+00,2.4999999992734865e-02,2.4999999992531486e-02,1.0600122946411130e+01,1.0376814824064493e+01
branch0_seg39,1.1111111111111116e-01,2.5000000009802924e-02,2.5000000010134367e-02,1.0600116837810562e+01,1.0376808763887068e+01
branch0_seg39,2.2222222222222210e-01,2.4999999991036217e-02,2.4999999990718200e-02,1.0600120228778200e+01,1.0376812128656157e+01
branch0_seg39,3.3333333333333326e-01,2.5000000006978707e-02,2.5000000007231751e-02,1.0600118513243210e+01,1.0376810425949985e+01
branch0_seg39,4.4444444444444442e-01,2.4999999995079243e-02,2.4999999994898624e-02,1.0600119266600689e+01,1.0376811173984050e+01
branch0_seg39,5.5555555555555536e-01,2.4999999995079243e-02,2.4999999994898624e-02,1.0600119266600689e+01,1.0376811173984050e+01
branch0_seg39,6.6666666666666652e-01,2.4999999995079243e-02,2.4999999994898624e-02,1.0600119266600689e+01,1.0376811173984050e+01
branch0_seg39,7.7777777777777768e-01,2.4999999995079243e-02,2.4999999994898624e-02,1.0600119266600689e+01,1.0376811173984050e+01
branch0_seg39,8.8888888888888884e-01,2.4999999995079243e-02,2.4999999994898624e-02,1.0600119266600689e+01,1.0376811173984050e+01
branch0_seg39,1.0000000000000000e+00,2.4999999995079243e-02,2.4999999994898624e-02,1.0600119266600689e+01,1.0376811173984050e+01
branch0_seg40,0.0000000000000000e+00,2.4999999992531486e-02,2.4999999992331927e-02,1.0376814824064493e+01,1.0161451166318852e+01
branch0_seg40,1.1111111111111116e-01,2.5000000010134367e-02,2.5000000010465880e-02,1.0376808763887068e+01,1.0161445155339260e+01
branch0_seg40,2.2222222222222210e-01,2.4999999990718200e-02,2.4999999990398772e-02,1.0376812128656157e+01,1.0161448493465807e+01
branch0_seg40,3.3333333333333326e-01,2.5000000007231751e-02,2.5000000007486391e-02,1.0376810425949985e+01,1.0161446803818585e+01
branch0_seg40,4.4444444444444442e-01,2.4999999994898624e-02,2.4999999994716682e-02,1.0376811173984050e+01,1.0161447546426070e+01
branch0_seg40,5.5555555555555536e-01,2.4999999994898624e-02,2.4999999994716682e-02,1.0376811173984050e+01,1.0161447546426070e+01
branch0_seg40,6.6666666666666652e-01,2.4999999994898624e-02,2.4999999994716682e-02,1.0376811173984050e+01,1.0161447546426070e+01
branch0_seg40,7.7777777777777768e-01,2.4999999994898624e-02,2.4999999994716682e-02,1.0376811173984050e+01,1.0161447546426070e+01
branch0_seg40,8.8888888888888884e-01,2.4999999994898624e-02,2.4999999994716682e-02,1.0376811173984050e+01,1.0161447546426070e+01
branch0_seg40,1.0000000000000000e+00,2.4999999994898624e-02,2.4999999994716682e-02,1.0376811173984050e+01,1.0161447546426070e+01
branch0_seg41,0.0000000000000000e+00,2.4999999992331927e-02,2.4999999992136267e-02,1.0161451166318852e+01,9.9537160362907269e+00
branch0_seg41,1.1111111111111116e-01,2.5000000010465880e-02,2.5000000010797399e-02,1.0161445155339260e+01,9.9537100752666454e+00
branch0_seg41,2.2222222222222210e-01,2.4999999990398772e-02,2.4999999990077973e-02,1.0161448493465807e+01,9.9537133863146892e+00
branch0_seg41,3.3333333333333326e-01,2.5000000007486391e-02,2.5000000007742593e-02,1.0161446803818585e+01,9.9537117099536694e+00
branch0_seg41,4.4444444444444442e-01,2.4999999994716682e-02,2.4999999994533444e-02,1.0161447546426070e+01,9.9537124470316343e+00
branch0_seg41,5.5555555555555536e-01,2.4999999994716682e-02,2.4999999994533444e-02,1.0161447546426070e+01,9.9537124470316343e+00
branch0_seg41,6.6666666666666652e-01,2.4999999994716682e-02,2.4999999994533444e-02,1.0161447546426070e+01,9.9537124470316343e+00
branch0_seg41,7.7777777777777768e-01,2.4999999994716682e-02,2.4999999994533444e-02,1.0161447546426070e+01,9.9537124470316343e+00
branch0_seg41,8.8888888888888884e-01,2.4999999994716682e-02,2.4999999994533444e-02,1.0161447546426070e+01,9.9537124470316343e+00
branch0_seg41,1.0000000000000000e+00,2.4999999994716682e-02,2.4999999994533444e-02,1.0161447546426070e+01,9.9537124470316343e+00
branch0_seg42,0.0000000000000000e+00,2.4999999992136267e-02,2.4999999991904869e-02,9.9537160362907269e+00,9.7999360653660403e+00
branch0_seg42,1.1111111111111116e-01,2.5000000010797399e-02,2.5000000011197492e-02,9.9537100752666454e+00,9.7999301466192570e+00
branch0_seg42,2.2222222222222210e-01,2.4999999990077973e-02,2.4999999989689159e-02,9.9537133863146892e+00,9.7999334347258582e+00
branch0_seg42,3.3333333333333326e-01,2.5000000007742593e-02,2.5000000008053670e-02,9.9537117099536694e+00,9.7999317696345063e+00
branch0_seg42,4.4444444444444442e-01,2.4999999994533444e-02,2.4999999994310736e-02,9.9537124470316343e+00,9.7999325020137018e+00
branch0_seg42,5.5555555555555536e-01,2.4999999994533444e-02,2.4999999994310736e-02,9.9537124470316343e+00,9.7999325020137018e+00
branch0_seg42,6.6666666666666652e-01,2.4999999994533444e-02,2.4999999994310736e-02,9.9537124470316343e+00,9.7999325020137018e+00
branch0_seg42,7.7777777777777768e-01,2.4999999994533444e-02,2.4999999994310736e-02,9.9537124470316343e+00,9.7999325020137018e+00
branch0_seg42,8.8888888888888884e-01,2.4999999994533444e-02,2.4999999994310736e-02,9.9537124470316343e+00,9.7999325020137018e+00
branch0_seg42,1.0000000000000000e+00,2.4999999994533444e-02,2.4999999994310736e-02,9.9537124470316343e+00,9.7999325020137018e+00
branch0_seg43,0.0000000000000000e+00,2.4999999991904869e-02,2.4999999991637226e-02,9.7999360653660403e+00,9.7035524788993968e+00
branch0_seg43,1.1111111111111116e-01,2.5000000011197492e-02,2.5000000011668203e-02,9.7999301466192570e+00,9.7035465972102788e+00
branch0_seg43,2.2222222222222210e-01,2.4999999989689159e-02,2.4999999989230120e-02,9.7999334347258582e+00,9.7035498651620085e+00
branch0_seg43,3.3333333333333326e-01,2.5000000008053670e-02,2.5000000008421480e-02,9.7999317696345063e+00,9.7035482099998340e+00
branch0_seg43,4.4444444444444442e-01,2.4999999994310736e-02,2.4999999994047201e-02,9.7999325020137018e+00,9.7035489382187681e+00
branch0_seg43,5.5555555555555536e-01,2.4999999994310736e-02,2.4999999994047201e-02,9.7999325020137018e+00,9.7035489382187681e+00
branch0_seg43,6.6666666666666652e-01,2.4999999994310736e-02,2.4999999994047201e-02,9.7999325020137018e+00,9.7035489382187681e+00
branch0_seg43,7.7777777777777768e-01,2.4999999994310736e-02,2.4999999994047201e-02,9.7999325020137018e+00,9.7035489382187681e+00
branch0_seg43,8.8888888888888884e-01,2.4999999994310736e-02,2.4999999994047201e-02,9.7999325020137018e+00,9.7035489382187681e+00
branch0_seg43,1.0000000000000000e+00,2.4999999994310736e-02,2.4999999994047201e-02,9.7999325020137018e+00,9.7035489382187681e+00
branch0_seg44,0.0000000000000000e+00,2.4999999991637226e-02,2.4999999991375855e-02,9.7035524788993968e+00,9.6079303299706940e+00
branch0_seg44,1.1111111111111116e-01,2.5000000011668203e-02,2.5000000012134649e-02,9.7035465972102788e+00,9.6079244868188241e+00
branch0_seg44,2.2222222222222210e-01,2.4999999989230120e-02,2.4999999988773891e-02,9.7035498651620085e+00,9.6079277337858091e+00
branch0_seg44,3.3333333333333326e-01,2.5000000008421480e-02,2.5000000008787493e-02,9.7035482099998340e+00,9.6079260889756704e+00
branch0_seg44,4.4444444444444442e-01,2.4999999994047201e-02,2.4999999993784772e-02,9.7035489382187681e+00,9.6079268128478326e+00
branch0_seg44,5.5555555555555536e-01,2.4999999994047201e-02,2.4999999993784772e-02,9.7035489382187681e+00,9.6079268128478326e+00
branch0_seg44,6.6666666666666652e-01,2.4999999994047201e-02,2.4999999993784772e-02,9.7035489382187681e+00,9.6079268128478326e+00
branch0_seg44,7.7777777777777768e-01,2.4999999994047201e-02,2.4999999993784772e-02,9.7035489382187681e+00,9.6079268128478326e+00
branch0_seg44,8.8888888888888884e-01,2.4999999994047201e-02,2.4999999993784772e-02,9.7035489382187681e+00,9.6079268128478326e+00
branch0_seg44,1.0000000000000000e+00,2.4999999994047201e-02,2.4999999993784772e-02,9.7035489382187681e+00,9.6079268128478326e+00
branch0_seg45,0.0000000000000000e+00,2.4999999991375855e-02,2.4999999991121090e-02,9.6079303299706940e+00,9.5127950531793886e+00
branch0_seg45,1.1111111111111116e-01,2.5000000012134649e-02,2.5000000012596113e-02,9.6079244868188241e+00,9.5127892500888809e+00
branch0_seg45,2.2222222222222210e-01,2.4999999988773891e-02,2.4999999988321205e-02,9.6079277337858091e+00,9.5127924752162034e+00
branch0_seg45,3.3333333333333326e-01,2.5000000008787493e-02,2.5000000009151119e-02,9.6079260889756704e+00,9.5127908411940165e+00
branch0_seg45,4.4444444444444442e-01,2.4999999993784772e-02,2.4999999993523887e-02,9.6079268128478326e+00,9.5127915605267752e+00
branch0_seg45,5.5555555555555536e-01,2.4999999993784772e-02,2.4999999993523887e-02,9.6079268128478326e+00,9.5127915605267752e+00
branch0_seg45,6.6666666666666652e-01,2.4999999993784772e-02,2.4999999993523887e-02,9.6079268128478326e+00,9.5127915605267752e+00
branch0_seg45,7.7777777777777768e-01,2.4999999993784772e-02,2.4999999993523887e-02,9.6079268128478326e+00,9.5127915605267752e+00
branch0_seg45,8.8888888888888884e-01,2.4999999993784772e-02,2.4999999993523887e-02,9.6079268128478326e+00,9.5127915605267752e+00
branch0_seg45,1.0000000000000000e+00,2.4999999993784772e-02,2.4999999993523887e-02,9.6079268128478326e+00,9.5127915605267752e+00
branch0_seg46,0.0000000000000000e+00,2.4999999991121090e-02,2.4999999990875092e-02,9.5127950531793886e+00,9.4164434262837666e+00
branch0_seg46,1.1111111111111116e-01,2.5000000012596113e-02,2.5000000013048491e-02,9.5127892500888809e+00,9.4164376651267965e+00
branch0_seg46,2.2222222222222210e-01,2.4999999988321205e-02,2.4999999987876127e-02,9.5127924752162034e+00,9.4164408673693814e+00
branch0_seg46,3.3333333333333326e-01,2.5000000009151119e-02,2.5000000009509065e-02,9.5127908411940165e+00,9.4164392446654173e+00
branch0_seg46,4.4444444444444442e-01,2.4999999993523887e-02,2.4999999993266901e-02,9.5127915605267752e+00,9.4164399592260111e+00
branch0_seg46,5.5555555555555536e-01,2.4999999993523887e-02,2.4999999993266901e-02,9.5127915605267752e+00,9.4164399592260111e+00
branch0_seg46,6.6666666666666652e-01,2.4999999993523887e-02,2.4999999993266901e-02,9.5127915605267752e+00,9.4164399592260111e+00
branch0_seg46,7.7777777777777768e-01,2.4999999993523887e-02,2.4999999993266901e-02,9.5127915605267752e+00,9.4164399592260111e+00
branch0_seg46,8.8888888888888884e-01,2.4999999993523887e-02,2.4999999993266901e-02,9.5127915605267752e+00,9.4164399592260111e+00
branch0_seg46,1.0000000000000000e+00,2.4999999993523887e-02,2.4999999993266901e-02,9.5127915605267752e+00,9.4164399592260111e+00
branch0_seg47,0.0000000000000000e+00,2.4999999990875092e-02,2.4999999990636936e-02,9.4164434262837666e+00,9.3195108685233201e+00
branch0_seg47,1.1111111111111116e-01,2.5000000013048491e-02,2.5000000013493263e-02,9.4164376651267965e+00,9.3195051510398148e+00
branch0_seg47,2.2222222222222210e-01,2.4999999987876127e-02,2.4999999987437231e-02,9.4164408673693814e+00,9.3195083294235719e+00
branch0_seg47,3.3333333333333326e-01,2.5000000009509065e-02,2.5000000009862477e-02,9.4164392446654173e+00,9.3195067185339440e+00
branch0_seg47,4.4444444444444442e-01,2.4999999993266901e-02,2.4999999993013000e-02,9.4164399592260111e+00,9.3195074281031953e+00
branch0_seg47,5.5555555555555536e-01,2.4999999993266901e-02,2.4999999993013000e-02,9.4164399592260111e+00,9.3195074281031953e+00
branch0_seg47,6.6666666666666652e-01,2.4999999993266901e-02,2.4999999993013000e-02,9.4164399592260111e+00,9.3195074281031953e+00
branch0_seg47,7.7777777777777768e-01,2.4999999993266901e-02,2.4999999993013000e-02,9.4164399592260111e+00,9.3195074281031953e+00
branch0_seg47,8.8888888888888884e-01,2.4999999993266901e-02,2.4999999993013000e-02,9.4164399592260111e+00,9.3195074281031953e+00
branch0_seg47,1.0000000000000000e+00,2.4999999993266901e-02,2.4999999993013000e-02,9.4164399592260111e+00,9.3195074281031953e+00
branch0_seg48,0.0000000000000000e+00,2.4999999990636936e-02,2.4999999990405836e-02,9.3195108685233201e+00,9.2225703180366558e+00
branch0_seg48,1.1111111111111116e-01,2.5000000013493263e-02,2.5000000013931725e-02,9.3195051510398148e+00,9.2225646458368278e+00
branch0_seg48,2.2222222222222210e-01,2.4999999987437231e-02,2.4999999987003280e-02,9.3195083294235719e+00,9.2225677994574653e+00
branch0_seg48,3.3333333333333326e-01,2.5000000009862477e-02,2.5000000010212336e-02,9.3195067185339440e+00,9.2225662008446054e+00
branch0_seg48,4.4444444444444442e-01,2.4999999993013000e-02,2.4999999992761490e-02,9.3195074281031953e+00,9.2225669052167891e+00
branch0_seg48,5.5555555555555536e-01,2.4999999993013000e-02,2.4999999992761490e-02,9.3195074281031953e+00,9.2225669052167891e+00
branch0_seg48,6.6666666666666652e-01,2.4999999993013000e-02,2.4999999992761490e-02,9.3195074281031953e+00,9.2225669052167891e+00
branch0_seg48,7.7777777777777768e-01,2.4999999993013000e-02,2.4999999992761490e-02,9.3195074281031953e+00,9.2225669052167891e+00
branch0_seg48,8.8888888888888884e-01,2.4999999993013000e-02,2.4999999992761490e-02,9.3195074281031953e+00,9.2225669052167891e+00
branch0_seg48,1.0000000000000000e+00,2.4999999993013000e-02,2.4999999992761490e-02,9.3195074281031953e+00,9.2225669052167891e+00
branch0_seg49,0.0000000000000000e+00,2.4999999990405836e-02,2.4999999990181966e-02,9.2225703180366558e+00,9.1253969647607747e+00
branch0_seg49,1.1111111111111116e-01,2.5000000013931725e-02,2.5000000014363338e-02,9.2225646458368278e+00,9.1253913395020962e+00
branch0_seg49,2.2222222222222210e-01,2.4999999987003280e-02,2.4999999986574848e-02,9.2225677994574653e+00,9.1253944674287268e+00
branch0_seg49,3.3333333333333326e-01,2.5000000010212336e-02,2.5000000010558170e-02,9.2225662008446054e+00,9.1253928815689243e+00
branch0_seg49,4.4444444444444442e-01,2.4999999992761490e-02,2.4999999992512706e-02,9.2225669052167891e+00,9.1253935805318314e+00
branch0_seg49,5.5555555555555536e-01,2.4999999992761490e-02,2.4999999992512706e-02,9.2225669052167891e+00,9.1253935805318314e+00
branch0_seg49,6.6666666666666652e-01,2.4999999992761490e-02,2.4999999992512706e-02,9.2225669052167891e+00,9.1253935805318314e+00
branch0_seg49,7.7777777777777768e-01,2.4999999992761490e-02,2.4999999992512706e-02,9.2225669052167891e+00,9.1253935805318314e+00
branch0_seg49,8.8888888888888884e-01,2.4999999992761490e-02,2.4999999992512706e-02,9.2225669052167891e+00,9.1253935805318314e+00
branch0_seg49,1.0000000000000000e+00,2.4999999992761490e-02,2.4999999992512706e-02,9.2225669052167891e+00,9.1253935805318314e+00
branch0_seg50,0.0000000000000000e+00,2.4999999990181966e-02,2.4999999989965205e-02,9.1253969647607747e+00,9.0280152406656722e+00
branch0_seg50,1.1111111111111116e-01,2.5000000014363338e-02,2.5000000014788120e-02,9.1253913395020962e+00,9.0280096639962579e+00
branch0_seg50,2.2222222222222210e-01,2.4999999986574848e-02,2.4999999986151950e-02,9.1253944674287268e+00,9.0280127653023019e+00
branch0_seg50,3.3333333333333326e-01,2.5000000010558170e-02,2.5000000010899952e-02,9.1253928815689243e+00,9.0280111926704230e+00
branch0_seg50,4.4444444444444442e-01,2.4999999992512706e-02,2.4999999992266680e-02,9.1253935805318314e+00,9.0280118860117966e+00
branch0_seg50,5.5555555555555536e-01,2.4999999992512706e-02,2.4999999992266680e-02,9.1253935805318314e+00,9.0280118860117966e+00
branch0_seg50,6.6666666666666652e-01,2.4999999992512706e-02,2.4999999992266680e-02,9.1253935805318314e+00,9.0280118860117966e+00
branch0_seg50,7.7777777777777768e-01,2.4999999992512706e-02,2.4999999992266680e-02,9.1253935805318314e+00,9.0280118860117966e+00
branch0_seg50,8.8888888888888884e-01,2.4999999992512706e-02,2.4999999992266680e-02,9.1253935805318314e+00,9.0280118860117966e+00
branch0_seg50,1.0000000000000000e+00,2.4999999992512706e-02,2.4999999992266680e-02,9.1253935805318314e+00,9.0280118860117966e+00
branch0_seg51,0.0000000000000000e+00,2.4999999989965205e-02,2.4999999989755238e-02,9.0280152406656722e+00,8.9306095587853314e+00
branch0_seg51,1.1111111111111116e-01,2.5000000014788120e-02,2.5000000015206456e-02,9.0280096639962579e+00,8.9306040323028899e+00
branch0_seg51,2.2222222222222210e-01,2.4999999986151950e-02,2.4999999985734250e-02,9.0280127653023019e+00,8.9306071060885603e+00
branch0_seg51,3.3333333333333326e-01,2.5000000010899952e-02,2.5000000011237936e-02,9.0280111926704230e+00,8.9306055471468824e+00
branch0_seg51,4.4444444444444442e-01,2.4999999992266680e-02,2.4999999992023226e-02,9.0280118860117966e+00,8.9306062346591588e+00
branch0_seg51,5.5555555555555536e-01,2.4999999992266680e-02,2.4999999992023226e-02,9.0280118860117966e+00,8.9306062346591588e+00
branch0_seg51,6.6666666666666652e-01,2.4999999992266680e-02,2.4999999992023226e-02,9.0280118860117966e+00,8.9306062346591588e+00
branch0_seg51,7.7777777777777768e-01,2.4999999992266680e-02,2.4999999992023226e-02,9.0280118860117966e+00,8.9306062346591588e+00
branch0_seg51,8.8888888888888884e-01,2.4999999992266680e-02,2.4999999992023226e-02,9.0280118860117966e+00,8.9306062346591588e+00
branch0_seg51,1.0000000000000000e+00,2.4999999992266680e-02,2.4999999992023226e-02,9.0280118860117966e+00,8.9306062346591588e+00
branch0_seg52,0.0000000000000000e+00,2.4999999989755238e-02,2.4999999989551710e-02,8.9306095587853314e+00,8.8334230865609502e+00
branch0_seg52,1.1111111111111116e-01,2.5000000015206456e-02,2.5000000015618831e-02,8.9306040323028899e+00,8.8334176117942285e+00
branch0_seg52,2.2222222222222210e-01,2.4999999985734250e-02,2.4999999985321295e-02,8.9306071060885603e+00,8.8334206571967702e+00
branch0_seg52,3.3333333333333326e-01,2.5000000011237936e-02,2.5000000011572477e-02,8.9306055471468824e+00,8.8334191123898496e+00
branch0_seg52,4.4444444444444442e-01,2.4999999992023226e-02,2.4999999991782099e-02,8.9306062346591588e+00,8.8334197938723733e+00
branch0_seg52,5.5555555555555536e-01,2.4999999992023226e-02,2.4999999991782099e-02,8.9306062346591588e+00,8.8334197938723733e+00
branch0_seg52,6.6666666666666652e-01,2.4999999992023226e-02,2.4999999991782099e-02,8.9306062346591588e+00,8.8334197938723733e+00
branch0_seg52,7.7777777777777768e-01,2.4999999992023226e-02,2.4999999991782099e-02,8.9306062346591588e+00,8.8334197938723733e+00
branch0_seg52,8.8888888888888884e-01,2.4999999992023226e-02,2.4999999991782099e-02,8.9306062346591588e+00,8.8334197938723733e+00
branch0_seg52,1.0000000000000000e+00,2.4999999992023226e-02,2.4999999991782099e-02,8.9306062346591588e+00,8.8334197938723733e+00
branch0_seg53,0.0000000000000000e+00,2.4999999989551710e-02,2.4999999989354382e-02,8.8334230865609502e+00,8.7365913990892530e+00
branch0_seg53,1.1111111111111116e-01,2.5000000015618831e-02,2.5000000016025502e-02,8.8334176117942285e+00,8.7365859775220009e+00
branch0_seg53,2.2222222222222210e-01,2.4999999985321295e-02,2.4999999984912879e-02,8.8334206571967702e+00,8.7365889937026608e+00
branch0_seg53,3.3333333333333326e-01,2.5000000011572477e-02,2.5000000011903733e-02,8.8334191123898496e+00,8.7365874634637333e+00
branch0_seg53,4.4444444444444442e-01,2.4999999991782099e-02,2.4999999991543190e-02,8.8334197938723733e+00,8.7365881387200908e+00
branch0_seg53,5.5555555555555536e-01,2.4999999991782099e-02,2.4999999991543190e-02,8.8334197938723733e+00,8.7365881387200908e+00
branch0_seg53,6.6666666666666652e-01,2.4999999991782099e-02,2.4999999991543190e-02,8.8334197938723733e+00,8.7365881387200908e+00
branch0_seg53,7.7777777777777768e-01,2.4999999991782099e-02,2.4999999991543190e-02,8.8334197938723733e+00,8.7365881387200908e+00
branch0_seg53,8.8888888888888884e-01,2.4999999991782099e-02,2.4999999991543190e-02,8.8334197938723733e+00,8.7365881387200908e+00
branch0_seg53,1.0000000000000000e+00,2.4999999991782099e-02,2.4999999991543190e-02,8.8334197938723733e+00,8.7365881387200908e+00
branch0_seg54,0.0000000000000000e+00,2.4999999989354382e-02,2.4999999989161862e-02,8.7365913990892530e+00,8.6413764549430372e+00
branch0_seg54,1.1111111111111116e-01,2.5000000016025502e-02,2.5000000016429120e-02,8.7365859775220009e+00,8.6413710876963297e+00
branch0_seg54,2.2222222222222210e-01,2.4999999984912879e-02,2.4999999984506367e-02,8.7365889937026608e+00,8.6413740740145588e+00
branch0_seg54,3.3333333333333326e-01,2.5000000011903733e-02,2.5000000012233830e-02,8.7365874634637333e+00,8.6413725586789099e+00
branch0_seg54,4.4444444444444442e-01,2.4999999991543190e-02,2.4999999991304971e-02,8.7365881387200908e+00,8.6413732275537907e+00
branch0_seg54,5.5555555555555536e-01,2.4999999991543190e-02,2.4999999991304971e-02,8.7365881387200908e+00,8.6413732275537907e+00
branch0_seg54,6.6666666666666652e-01,2.4999999991543190e-02,2.4999999991304971e-02,8.7365881387200908e+00,8.6413732275537907e+00
branch0_seg54,7.7777777777777768e-01,2.4999999991543190e-02,2.4999999991304971e-02,8.7365881387200908e+00,8.6413732275537907e+00
branch0_seg54,8.8888888888888884e-01,2.4999999991543190e-02,2.4999999991304971e-02,8.7365881387200908e+00,8.6413732275537907e+00
branch0_seg54,1.0000000000000000e+00,2.4999999991543190e-02,2.4999999991304971e-02,8.7365881387200908e+00,8.6413732275537907e+00
branch0_seg55,0.0000000000000000e+00,2.4999999989161862e-02,2.4999999988974599e-02,8.6413764549430372e+00,8.5472631405835191e+00
branch0_seg55,1.1111111111111116e-01,2.5000000016429120e-02,2.5000000016828536e-02,8.6413710876963297e+00,8.5472578289089807e+00
branch0_seg55,2.2222222222222210e-01,2.4999999984506367e-02,2.4999999984102947e-02,8.6413740740145588e+00,8.5472607846522060e+00
branch0_seg55,3.3333333333333326e-01,2.5000000012233830e-02,2.5000000012561783e-02,8.6413725586789099e+00,8.5472592845914050e+00
branch0_seg55,4.4444444444444442e-01,2.4999999991304971e-02,2.4999999991068153e-02,8.6413732275537907e+00,8.5472599469136039e+00
branch0_seg55,5.5555555555555536e-01,2.4999999991304971e-02,2.4999999991068153e-02,8.6413732275537907e+00,8.5472599469136039e+00
branch0_seg55,6.6666666666666652e-01,2.4999999991304971e-02,2.4999999991068153e-02,8.6413732275537907e+00,8.5472599469136039e+00
branch0_seg55,7.7777777777777768e-01,2.4999999991304971e-02,2.4999999991068153e-02,8.6413732275537907e+00,8.5472599469136039e+00
branch0_seg55,8.8888888888888884e-01,2.4999999991304971e-02,2.4999999991068153e-02,8.6413732275537907e+00,8.5472599469136039e+00
branch0_seg55,1.0000000000000000e+00,2.4999999991304971e-02,2.4999999991068153e-02,8.6413732275537907e+00,8.5472599469136039e+00
branch0_seg56,0.0000000000000000e+00,2.4999999988974599e-02,2.4999999988793733e-02,8.5472631405835191e+00,8.4529368220982573e+00
branch0_seg56,1.1111111111111116e-01,2.5000000016828536e-02,2.5000000017221007e-02,8.5472578289089807e+00,8.4529315676120813e+00
branch0_seg56,2.2222222222222210e-01,2.4999999984102947e-02,2.4999999983705449e-02,8.5472607846522060e+00,8.4529344918671949e+00
branch0_seg56,3.3333333333333326e-01,2.5000000012561783e-02,2.5000000012885278e-02,8.5472592845914050e+00,8.4529330075531135e+00
branch0_seg56,4.4444444444444442e-01,2.4999999991068153e-02,2.4999999990834416e-02,8.5472599469136039e+00,8.4529336631082170e+00
branch0_seg56,5.5555555555555536e-01,2.4999999991068153e-02,2.4999999990834416e-02,8.5472599469136039e+00,8.4529336631082170e+00
branch0_seg56,6.6666666666666652e-01,2.4999999991068153e-02,2.4999999990834416e-02,8.5472599469136039e+00,8.4529336631082170e+00
branch0_seg56,7.7777777777777768e-01,2.4999999991068153e-02,2.4999999990834416e-02,8.5472599469136039e+00,8.4529336631082170e+00
branch0_seg56,8.8888888888888884e-01,2.4999999991068153e-02,2.4999999990834416e-02,8.5472599469136039e+00,8.4529336631082170e+00
branch0_seg56,1.0000000000000000e+00,2.4999999991068153e-02,2.4999999990834416e-02,8.5472599469136039e+00,8.4529336631082170e+00
branch0_seg57,0.0000000000000000e+00,2.4999999988793733e-02,2.4999999988595610e-02,8.4529368220982573e+00,8.3759275346339344e+00
branch0_seg57,1.1111111111111116e-01,2.5000000017221007e-02,2.5000000017658435e-02,8.4529315676120813e+00,8.3759223321554703e+00
branch0_seg57,2.2222222222222210e-01,2.4999999983705449e-02,2.4999999983261214e-02,8.4529344918671949e+00,8.3759252277490255e+00
branch0_seg57,3.3333333333333326e-01,2.5000000012885278e-02,2.5000000013247207e-02,8.4529330075531135e+00,8.3759237577854098e+00
branch0_seg57,4.4444444444444442e-01,2.4999999990834416e-02,2.4999999990572758e-02,8.4529336631082170e+00,8.3759244071601842e+00
branch0_seg57,5.5555555555555536e-01,2.4999999990834416e-02,2.4999999990572758e-02,8.4529336631082170e+00,8.3759244071601842e+00
branch0_seg57,6.6666666666666652e-01,2.4999999990834416e-02,2.4999999990572758e-02,8.4529336631082170e+00,8.3759244071601842e+00
branch0_seg57,7.7777777777777768e-01,2.4999999990834416e-02,2.4999999990572758e-02,8.4529336631082170e+00,8.3759244071601842e+00
branch0_seg57,8.8888888888888884e-01,2.4999999990834416e-02,2.4999999990572758e-02,8.4529336631082170e+00,8.3759244071601842e+00
branch0_seg57,1.0000000000000000e+00,2.4999999990834416e-02,2.4999999990572758e-02,8.4529336631082170e+00,8.3759244071601842e+00
branch0_seg58,0.0000000000000000e+00,2.4999999988595610e-02,2.4999999988379325e-02,8.3759275346339344e+00,8.3179005366527612e+00
branch0_seg58,1.1111111111111116e-01,2.5000000017658435e-02,2.5000000018143252e-02,8.3759223321554703e+00,8.3178953819514732e+00
branch0_seg58,2.2222222222222210e-01,2.4999999983261214e-02,2.4999999982767709e-02,8.3759252277490255e+00,8.3178982511812229e+00
branch0_seg58,3.3333333333333326e-01,2.5000000013247207e-02,2.5000000013649649e-02,8.3759237577854098e+00,8.3178967944404079e+00
branch0_seg58,4.4444444444444442e-01,2.4999999990572758e-02,2.4999999990281668e-02,8.3759244071601842e+00,8.3178974381029462e+00
branch0_seg58,5.5555555555555536e-01,2.4999999990572758e-02,2.4999999990281668e-02,8.3759244071601842e+00,8.3178974381029462e+00
branch0_seg58,6.6666666666666652e-01,2.4999999990572758e-02,2.4999999990281668e-02,8.3759244071601842e+00,8.3178974381029462e+00
branch0_seg58,7.7777777777777768e-01,2.4999999990572758e-02,2.4999999990281668e-02,8.3759244071601842e+00,8.3178974381029462e+00
branch0_seg58,8.8888888888888884e-01,2.4999999990572758e-02,2.4999999990281668e-02,8.3759244071601842e+00,8.3178974381029462e+00
branch0_seg58,1.0000000000000000e+00,2.4999999990572758e-02,2.4999999990281668e-02,8.3759244071601842e+00,8.3178974381029462e+00
branch0_seg59,0.0000000000000000e+00,2.4999999988379325e-02,2.4999999988170811e-02,8.3179005366527612e+00,8.2587356908509726e+00
branch0_seg59,1.1111111111111116e-01,2.5000000018143252e-02,2.5000000018616905e-02,8.3178953819514732e+00,8.2587305859203575e+00
branch0_seg59,2.2222222222222210e-01,2.4999999982767709e-02,2.4999999982284592e-02,8.3178982511812229e+00,8.2587334276636231e+00
branch0_seg59,3.3333333333333326e-01,2.5000000013649649e-02,2.5000000014043934e-02,8.3178967944404079e+00,8.2587319847239105e+00
branch0_seg59,4.4444444444444442e-01,2.4999999990281668e-02,2.4999999989996354e-02,8.3178974381029462e+00,8.2587326224125786e+00
branch0_seg59,5.5555555555555536e-01,2.4999999990281668e-02,2.4999999989996354e-02,8.3178974381029462e+00,8.2587326224125786e+00
branch0_seg59,6.6666666666666652e-01,2.4999999990281668e-02,2.4999999989996354e-02,8.3178974381029462e+00,8.2587326224125786e+00
branch0_seg59,7.7777777777777768e-01,2.4999999990281668e-02,2.4999999989996354e-02,8.3178974381029462e+00,8.2587326224125786e+00
branch0_seg59,8.8888888888888884e-01,2.4999999990281668e-02,2.4999999989996354e-02,8.3178974381029462e+00,8.2587326224125786e+00
branch0_seg59,1.0000000000000000e+00,2.4999999990281668e-02,2.4999999989996354e-02,8.3178974381029462e+00,8.2587326224125786e+00
branch0_seg60,0.0000000000000000e+00,2.4999999988170811e-02,2.4999999987970516e-02,8.2587356908509726e+00,8.1979867588672448e+00
branch0_seg60,1.1111111111111116e-01,2.5000000018616905e-02,2.5000000019077890e-02,8.2587305859203575e+00,8.1979817058856170e+00
branch0_seg60,2.2222222222222210e-01,2.4999999982284592e-02,2.4999999981813476e-02,8.2587334276636231e+00,8.1979845189173641e+00
branch0_seg60,3.3333333333333326e-01,2.5000000014043934e-02,2.5000000014428723e-02,8.2587319847239105e+00,8.1979830904087532e+00
branch0_seg60,4.4444444444444442e-01,2.4999999989996354e-02,2.4999999989717799e-02,8.2587326224125786e+00,8.1979837218392380e+00
branch0_seg60,5.5555555555555536e-01,2.4999999989996354e-02,2.4999999989717799e-02,8.2587326224125786e+00,8.1979837218392380e+00
branch0_seg60,6.6666666666666652e-01,2.4999999989996354e-02,2.4999999989717799e-02,8.2587326224125786e+00,8.1979837218392380e+00
branch0_seg60,7.7777777777777768e-01,2.4999999989996354e-02,2.4999999989717799e-02,8.2587326224125786e+00,8.1979837218392380e+00
branch0_seg60,8.8888888888888884e-01,2.4999999989996354e-02,2.4999999989717799e-02,8.2587326224125786e+00,8.1979837218392380e+00
branch0_seg60,1.0000000000000000e+00,2.4999999989996354e-02,2.4999999989717799e-02,8.2587326224125786e+00,8.1979837218392380e+00
branch0_seg61,0.0000000000000000e+00,2.4999999987970516e-02,2.4999999987778188e-02,8.1979867588672448e+00,8.1356017177491999e+00
branch0_seg61,1.1111111111111116e-01,2.5000000019077890e-02,2.5000000019526323e-02,8.1979817058856170e+00,8.1355967189175065e+00
branch0_seg61,2.2222222222222210e-01,2.4999999981813476e-02,2.4999999981354312e-02,8.1979845189173641e+00,8.1355995019997032e+00
branch0_seg61,3.3333333333333326e-01,2.5000000014428723e-02,2.5000000014804034e-02,8.1979830904087532e+00,8.1355980885591546e+00
branch0_seg61,4.4444444444444442e-01,2.4999999989717799e-02,2.4999999989445996e-02,8.1979837218392380e+00,8.1355987134437342e+00
branch0_seg61,5.5555555555555536e-01,2.4999999989717799e-02,2.4999999989445996e-02,8.1979837218392380e+00,8.1355987134437342e+00
branch0_seg61,6.6666666666666652e-01,2.4999999989717799e-02,2.4999999989445996e-02,8.1979837218392380e+00,8.1355987134437342e+00
branch0_seg61,7.7777777777777768e-01,2.4999999989717799e-02,2.4999999989445996e-02,8.1979837218392380e+00,8.1355987134437342e+00
branch0_seg61,8.8888888888888884e-01,2.4999999989717799e-02,2.4999999989445996e-02,8.1979837218392380e+00,8.1355987134437342e+00
branch0_seg61,1.0000000000000000e+00,2.4999999989717799e-02,2.4999999989445996e-02,8.1979837218392380e+00,8.1355987134437342e+00
branch0_seg62,0.0000000000000000e+00,2.4999999987778188e-02,2.4999999987593464e-02,8.1356017177491999e+00,8.0715898059733124e+00
branch0_seg62,1.1111111111111116e-01,2.5000000019526323e-02,2.5000000019962557e-02,8.1355967189175065e+00,8.0715848634870788e+00
branch0_seg62,2.2222222222222210e-01,2.4999999981354312e-02,2.4999999980906816e-02,8.1355995019997032e+00,8.0715876153842316e+00
branch0_seg62,3.3333333333333326e-01,2.5000000014804034e-02,2.5000000015170075e-02,8.1355980885591546e+00,8.0715862176478463e+00
branch0_seg62,4.4444444444444442e-01,2.4999999989445996e-02,2.4999999989180809e-02,8.1355987134437342e+00,8.0715868356987865e+00
branch0_seg62,5.5555555555555536e-01,2.4999999989445996e-02,2.4999999989180809e-02,8.1355987134437342e+00,8.0715868356987865e+00
branch0_seg62,6.6666666666666652e-01,2.4999999989445996e-02,2.4999999989180809e-02,8.1355987134437342e+00,8.0715868356987865e+00
branch0_seg62,7.7777777777777768e-01,2.4999999989445996e-02,2.4999999989180809e-02,8.1355987134437342e+00,8.0715868356987865e+00
branch0_seg62,8.8888888888888884e-01,2.4999999989445996e-02,2.4999999989180809e-02,8.1355987134437342e+00,8.0715868356987865e+00
branch0_seg62,1.0000000000000000e+00,2.4999999989445996e-02,2.4999999989180809e-02,8.1355987134437342e+00,8.0715868356987865e+00
branch0_seg63,0.0000000000000000e+00,2.4999999987593464e-02,2.4999999987416140e-02,8.0715898059733124e+00,8.0058721511584423e+00
branch0_seg63,1.1111111111111116e-01,2.5000000019962557e-02,2.5000000020386617e-02,8.0715848634870788e+00,8.0058672672463178e+00
branch0_seg63,2.2222222222222210e-01,2.4999999980906816e-02,2.4999999980471022e-02,8.0715876153842316e+00,8.0058699867042016e+00
branch0_seg63,3.3333333333333326e-01,2.5000000015170075e-02,2.5000000015526793e-02,8.0715862176478463e+00,8.0058686053178825e+00
branch0_seg63,4.4444444444444442e-01,2.4999999989180809e-02,2.4999999988922272e-02,8.0715868356987865e+00,8.0058692162428482e+00
branch0_seg63,5.5555555555555536e-01,2.4999999989180809e-02,2.4999999988922272e-02,8.0715868356987865e+00,8.0058692162428482e+00
branch0_seg63,6.6666666666666652e-01,2.4999999989180809e-02,2.4999999988922272e-02,8.0715868356987865e+00,8.0058692162428482e+00
branch0_seg63,7.7777777777777768e-01,2.4999999989180809e-02,2.4999999988922272e-02,8.0715868356987865e+00,8.0058692162428482e+00
branch0_seg63,8.8888888888888884e-01,2.4999999989180809e-02,2.4999999988922272e-02,8.0715868356987865e+00,8.0058692162428482e+00
branch0_seg63,1.0000000000000000e+00,2.4999999989180809e-02,2.4999999988922272e-02,8.0715868356987865e+00,8.0058692162428482e+00
branch0_seg64,0.0000000000000000e+00,2.4999999987416140e-02,2.4999999987245794e-02,8.0058721511584423e+00,7.9385428148679198e+00
branch0_seg64,1.1111111111111116e-01,2.5000000020386617e-02,2.5000000020799065e-02,8.0058672672463178e+00,7.9385379917150729e+00
branch0_seg64,2.2222222222222210e-01,2.4999999980471022e-02,2.4999999980046428e-02,8.0058699867042016e+00,7.9385406775031084e+00
branch0_seg64,3.3333333333333326e-01,2.5000000015526793e-02,2.5000000015874581e-02,8.0058686053178825e+00,7.9385393131012316e+00
branch0_seg64,4.4444444444444442e-01,2.4999999988922272e-02,2.4999999988670123e-02,8.0058692162428482e+00,7.9385399166125499e+00
branch0_seg64,5.5555555555555536e-01,2.4999999988922272e-02,2.4999999988670123e-02,8.0058692162428482e+00,7.9385399166125499e+00
branch0_seg64,6.6666666666666652e-01,2.4999999988922272e-02,2.4999999988670123e-02,8.0058692162428482e+00,7.9385399166125499e+00
branch0_seg64,7.7777777777777768e-01,2.4999999988922272e-02,2.4999999988670123e-02,8.0058692162428482e+00,7.9385399166125499e+00
branch0_seg64,8.8888888888888884e-01,2.4999999988922272e-02,2.4999999988670123e-02,8.0058692162428482e+00,7.9385399166125499e+00
branch0_seg64,1.0000000000000000e+00,2.4999999988922272e-02,2.4999999988670123e-02,8.0058692162428482e+00,7.9385399166125499e+00
branch0_seg65,0.0000000000000000e+00,2.4999999987245794e-02,2.4999999987079784e-02,7.9385428148679198e+00,7.8715154046641995e+00
branch0_seg65,1.1111111111111116e-01,2.5000000020799065e-02,2.5000000021205889e-02,7.9385379917150729e+00,7.8715106435874160e+00
branch0_seg65,2.2222222222222210e-01,2.4999999980046428e-02,2.4999999979626923e-02,7.9385406775031084e+00,7.8715132949550481e+00
branch0_seg65,3.3333333333333326e-01,2.5000000015874581e-02,2.5000000016218420e-02,7.9385393131012316e+00,7.8715119479307569e+00
branch0_seg65,4.4444444444444442e-01,2.4999999988670123e-02,2.4999999988420750e-02,7.9385399166125499e+00,7.8715125438453049e+00
branch0_seg65,5.5555555555555536e-01,2.4999999988670123e-02,2.4999999988420750e-02,7.9385399166125499e+00,7.8715125438453049e+00
branch0_seg65,6.6666666666666652e-01,2.4999999988670123e-02,2.4999999988420750e-02,7.9385399166125499e+00,7.8715125438453049e+00
branch0_seg65,7.7777777777777768e-01,2.4999999988670123e-02,2.4999999988420750e-02,7.9385399166125499e+00,7.8715125438453049e+00
branch0_seg65,8.8888888888888884e-01,2.4999999988670123e-02,2.4999999988420750e-02,7.9385399166125499e+00,7.8715125438453049e+00
branch0_seg65,1.0000000000000000e+00,2.4999999988670123e-02,2.4999999988420750e-02,7.9385399166125499e+00,7.8715125438453049e+00
branch0_seg66,0.0000000000000000e+00,2.4999999987079784e-02,2.4999999986919451e-02,7.8715154046641995e+00,7.8035058294497883e+00
branch0_seg66,1.1111111111111116e-01,2.5000000021205889e-02,2.5000000021603370e-02,7.8715106435874160e+00,7.8035011323231229e+00
branch0_seg66,2.2222222222222210e-01,2.4999999979626923e-02,2.4999999979216408e-02,7.8715132949550481e+00,7.8035037482113854e+00
branch0_seg66,3.3333333333333326e-01,2.5000000016218420e-02,2.5000000016555099e-02,7.8715119479307569e+00,7.8035024191132027e+00
branch0_seg66,4.4444444444444442e-01,2.4999999988420750e-02,2.4999999988176490e-02,7.8715125438453049e+00,7.8035030071801321e+00
branch0_seg66,5.5555555555555536e-01,2.4999999988420750e-02,2.4999999988176490e-02,7.8715125438453049e+00,7.8035030071801321e+00
branch0_seg66,6.6666666666666652e-01,2.4999999988420750e-02,2.4999999988176490e-02,7.8715125438453049e+00,7.8035030071801321e+00
branch0_seg66,7.7777777777777768e-01,2.4999999988420750e-02,2.4999999988176490e-02,7.8715125438453049e+00,7.8035030071801321e+00
branch0_seg66,8.8888888888888884e-01,2.4999999988420750e-02,2.4999999988176490e-02,7.8715125438453049e+00,7.8035030071801321e+00
branch0_seg66,1.0000000000000000e+00,2.4999999988420750e-02,2.4999999988176490e-02,7.8715125438453049e+00,7.8035030071801321e+00
branch0_seg67,0.0000000000000000e+00,2.4999999986919451e-02,2.4999999986767777e-02,7.8035058294497883e+00,7.7316092662281655e+00
branch0_seg67,1.1111111111111116e-01,2.5000000021603370e-02,2.5000000021983611e-02,7.8035011323231229e+00,7.7316046362676660e+00
branch0_seg67,2.2222222222222210e-01,2.4999999979216408e-02,2.4999999978823101e-02,7.8035037482113854e+00,7.7316072148742503e+00
branch0_seg67,3.3333333333333326e-01,2.5000000016555099e-02,2.5000000016877855e-02,7.8035024191132027e+00,7.7316059046255372e+00
branch0_seg67,4.4444444444444442e-01,2.4999999988176490e-02,2.4999999987942261e-02,7.8035030071801321e+00,7.7316064844304124e+00
branch0_seg67,5.5555555555555536e-01,2.4999999988176490e-02,2.4999999987942261e-02,7.8035030071801321e+00,7.7316064844304124e+00
branch0_seg67,6.6666666666666652e-01,2.4999999988176490e-02,2.4999999987942261e-02,7.8035030071801321e+00,7.7316064844304124e+00
branch0_seg67,7.7777777777777768e-01,2.4999999988176490e-02,2.4999999987942261e-02,7.8035030071801321e+00,7.7316064844304124e+00
branch0_seg67,8.8888888888888884e-01,2.4999999988176490e-02,2.4999999987942261e-02,7.8035030071801321e+00,7.7316064844304124e+00
branch0_seg67,1.0000000000000000e+00,2.4999999988176490e-02,2.4999999987942261e-02,7.8035030071801321e+00,7.7316064844304124e+00
branch0_seg68,0.0000000000000000e+00,2.4999999986767777e-02,2.4999999986625318e-02,7.7316092662281655e+00,7.6546058635456120e+00
branch0_seg68,1.1111111111111116e-01,2.5000000021983611e-02,2.5000000022344683e-02,7.7316046362676660e+00,7.6546013044986481e+00
branch0_seg68,2.2222222222222210e-01,2.4999999978823101e-02,2.4999999978449074e-02,7.7316072148742503e+00,7.6546038437264690e+00
branch0_seg68,3.3333333333333326e-01,2.5000000016877855e-02,2.5000000017184967e-02,7.7316059046255372e+00,7.6546025533996067e+00
branch0_seg68,4.4444444444444442e-01,2.4999999987942261e-02,2.4999999987719321e-02,7.7316064844304124e+00,7.6546031244626311e+00
branch0_seg68,5.5555555555555536e-01,2.4999999987942261e-02,2.4999999987719321e-02,7.7316064844304124e+00,7.6546031244626311e+00
branch0_seg68,6.6666666666666652e-01,2.4999999987942261e-02,2.4999999987719321e-02,7.7316064844304124e+00,7.6546031244626311e+00
branch0_seg68,7.7777777777777768e-01,2.4999999987942261e-02,2.4999999987719321e-02,7.7316064844304124e+00,7.6546031244626311e+00
branch0_seg68,8.8888888888888884e-01,2.4999999987942261e-02,2.4999999987719321e-02,7.7316064844304124e+00,7.6546031244626311e+00
branch0_seg68,1.0000000000000000e+00,2.4999999987942261e-02,2.4999999987719321e-02,7.7316064844304124e+00,7.6546031244626311e+00
branch0_seg69,0.0000000000000000e+00,2.4999999986625318e-02,2.4999999986491401e-02,7.6546058635456120e+00,7.5724479135264726e+00
branch0_seg69,1.1111111111111116e-01,2.5000000022344683e-02,2.5000000022687811e-02,7.6546013044986481e+00,7.5724434291285494e+00
branch0_seg69,2.2222222222222210e-01,2.4999999978449074e-02,2.4999999978093129e-02,7.6546038437264690e+00,7.5724459268866084e+00
branch0_seg69,3.3333333333333326e-01,2.5000000017184967e-02,2.5000000017477389e-02,7.6546025533996067e+00,7.5724446575513271e+00
branch0_seg69,4.4444444444444442e-01,2.4999999987719321e-02,2.4999999987506984e-02,7.6546031244626311e+00,7.5724452193934839e+00
branch0_seg69,5.5555555555555536e-01,2.4999999987719321e-02,2.4999999987506984e-02,7.6546031244626311e+00,7.5724452193934839e+00
branch0_seg69,6.6666666666666652e-01,2.4999999987719321e-02,2.4999999987506984e-02,7.6546031244626311e+00,7.5724452193934839e+00
branch0_seg69,7.7777777777777768e-01,2.4999999987719321e-02,2.4999999987506984e-02,7.6546031244626311e+00,7.5724452193934839e+00
branch0_seg69,8.8888888888888884e-01,2.4999999987719321e-02,2.4999999987506984e-02,7.6546031244626311e+00,7.5724452193934839e+00
branch0_seg69,1.0000000000000000e+00,2.4999999987719321e-02,2.4999999987506984e-02,7.6546031244626311e+00,7.5724452193934839e+00
branch0_seg70,0.0000000000000000e+00,2.4999999986491401e-02,2.4999999986364711e-02,7.5724479135264726e+00,7.4860284005733400e+00
branch0_seg70,1.1111111111111116e-01,2.5000000022687811e-02,2.5000000023015913e-02,7.5724434291285494e+00,7.4860239941133226e+00
branch0_seg70,2.2222222222222210e-01,2.4999999978093129e-02,2.4999999977752305e-02,7.5724459268866084e+00,7.4860264485578893e+00
branch0_seg70,3.3333333333333326e-01,2.5000000017477389e-02,2.5000000017757540e-02,7.5724446575513271e+00,7.4860252011594239e+00
branch0_seg70,4.4444444444444442e-01,2.4999999987506984e-02,2.4999999987303498e-02,7.5724452193934839e+00,7.4860257533558210e+00
branch0_seg70,5.5555555555555536e-01,2.4999999987506984e-02,2.4999999987303498e-02,7.5724452193934839e+00,7.4860257533558210e+00
branch0_seg70,6.6666666666666652e-01,2.4999999987506984e-02,2.4999999987303498e-02,7.5724452193934839e+00,7.4860257533558210e+00
branch0_seg70,7.7777777777777768e-01,2.4999999987506984e-02,2.4999999987303498e-02,7.5724452193934839e+00,7.4860257533558210e+00
branch0_seg70,8.8888888888888884e-01,2.4999999987506984e-02,2.4999999987303498e-02,7.5724452193934839e+00,7.4860257533558210e+00
branch0_seg70,1.0000000000000000e+00,2.4999999987506984e-02,2.4999999987303498e-02,7.5724452193934839e+00,7.4860257533558210e+00
branch0_seg71,0.0000000000000000e+00,2.4999999986364711e-02,2.4999999986245063e-02,7.4860284005733400e+00,7.3949105476696726e+00
branch0_seg71,1.1111111111111116e-01,2.5000000023015913e-02,2.5000000023329003e-02,7.4860239941133226e+00,7.3949062225910929e+00
branch0_seg71,2.2222222222222210e-01,2.4999999977752305e-02,2.4999999977426638e-02,7.4860264485578893e+00,7.3949086317924317e+00
branch0_seg71,3.3333333333333326e-01,2.5000000017757540e-02,2.5000000018025367e-02,7.4860252011594239e+00,7.3949074073196819e+00
branch0_seg71,4.4444444444444442e-01,2.4999999987303498e-02,2.4999999987108907e-02,7.4860257533558210e+00,7.3949079494260950e+00
branch0_seg71,5.5555555555555536e-01,2.4999999987303498e-02,2.4999999987108907e-02,7.4860257533558210e+00,7.3949079494260950e+00
branch0_seg71,6.6666666666666652e-01,2.4999999987303498e-02,2.4999999987108907e-02,7.4860257533558210e+00,7.3949079494260950e+00
branch0_seg71,7.7777777777777768e-01,2.4999999987303498e-02,2.4999999987108907e-02,7.4860257533558210e+00,7.3949079494260950e+00
branch0_seg71,8.8888888888888884e-01,2.4999999987303498e-02,2.4999999987108907e-02,7.4860257533558210e+00,7.3949079494260950e+00
branch0_seg71,1.0000000000000000e+00,2.4999999987303498e-02,2.4999999987108907e-02,7.4860257533558210e+00,7.3949079494260950e+00
branch0_seg72,0.0000000000000000e+00,2.4999999986245063e-02,2.4999999986132379e-02,7.3949105476696726e+00,7.2984431582192615e+00
branch0_seg72,1.1111111111111116e-01,2.5000000023329003e-02,2.5000000023626859e-02,7.3949062225910929e+00,7.2984389182088405e+00
branch0_seg72,2.2222222222222210e-01,2.4999999977426638e-02,2.4999999977116424e-02,7.3949086317924317e+00,7.2984412801021055e+00
branch0_seg72,3.3333333333333326e-01,2.5000000018025367e-02,2.5000000018280611e-02,7.3949074073196819e+00,7.2984400796124485e+00
branch0_seg72,4.4444444444444442e-01,2.4999999987108907e-02,2.4999999986923413e-02,7.3949079494260950e+00,7.2984406111544553e+00
branch0_seg72,5.5555555555555536e-01,2.4999999987108907e-02,2.4999999986923413e-02,7.3949079494260950e+00,7.2984406111544553e+00
branch0_seg72,6.6666666666666652e-01,2.4999999987108907e-02,2.4999999986923413e-02,7.3949079494260950e+00,7.2984406111544553e+00
branch0_seg72,7.7777777777777768e-01,2.4999999987108907e-02,2.4999999986923413e-02,7.3949079494260950e+00,7.2984406111544553e+00
branch0_seg72,8.8888888888888884e-01,2.4999999987108907e-02,2.4999999986923413e-02,7.3949079494260950e+00,7.2984406111544553e+00
branch0_seg72,1.0000000000000000e+00,2.4999999987108907e-02,2.4999999986923413e-02,7.3949079494260950e+00,7.2984406111544553e+00
branch0_seg73,0.0000000000000000e+00,2.4999999986132379e-02,2.4999999986026363e-02,7.2984431582192615e+00,7.1962715052304391e+00
branch0_seg73,1.1111111111111116e-01,2.5000000023626859e-02,2.5000000023909865e-02,7.2984389182088405e+00,7.1962673540685396e+00
branch0_seg73,2.2222222222222210e-01,2.4999999977116424e-02,2.4999999976821310e-02,7.2984412801021055e+00,7.1962696665367938e+00
branch0_seg73,3.3333333333333326e-01,2.5000000018280611e-02,2.5000000018523549e-02,7.2984400796124485e+00,7.1962684911140942e+00
branch0_seg73,4.4444444444444442e-01,2.4999999986923413e-02,2.4999999986746822e-02,7.2984406111544553e+00,7.1962690116054997e+00
branch0_seg73,5.5555555555555536e-01,2.4999999986923413e-02,2.4999999986746822e-02,7.2984406111544553e+00,7.1962690116054997e+00
branch0_seg73,6.6666666666666652e-01,2.4999999986923413e-02,2.4999999986746822e-02,7.2984406111544553e+00,7.1962690116054997e+00
branch0_seg73,7.7777777777777768e-01,2.4999999986923413e-02,2.4999999986746822e-02,7.2984406111544553e+00,7.1962690116054997e+00
branch0_seg73,8.8888888888888884e-01,2.4999999986923413e-02,2.4999999986746822e-02,7.2984406111544553e+00,7.1962690116054997e+00
branch0_seg73,1.0000000000000000e+00,2.4999999986923413e-02,2.4999999986746822e-02,7.2984406111544553e+00,7.1962690116054997e+00
branch0_seg74,0.0000000000000000e+00,2.4999999986026363e-02,2.4999999985926204e-02,7.1962715052304391e+00,7.0891823439804504e+00
branch0_seg74,1.1111111111111116e-01,2.5000000023909865e-02,2.5000000024179802e-02,7.1962673540685396e+00,7.0891782850769216e+00
branch0_seg74,2.2222222222222210e-01,2.4999999976821310e-02,2.4999999976539494e-02,7.1962696665367938e+00,7.0891805462086666e+00
branch0_seg74,3.3333333333333326e-01,2.5000000018523549e-02,2.5000000018755641e-02,7.1962684911140942e+00,7.0891793968331260e+00
branch0_seg74,4.4444444444444442e-01,2.4999999986746822e-02,2.4999999986578075e-02,7.1962690116054997e+00,7.0891799058329887e+00
branch0_seg74,5.5555555555555536e-01,2.4999999986746822e-02,2.4999999986578075e-02,7.1962690116054997e+00,7.0891799058329887e+00
branch0_seg74,6.6666666666666652e-01,2.4999999986746822e-02,2.4999999986578075e-02,7.1962690116054997e+00,7.0891799058329887e+00
branch0_seg74,7.7777777777777768e-01,2.4999999986746822e-02,2.4999999986578075e-02,7.1962690116054997e+00,7.0891799058329887e+00
branch0_seg74,8.8888888888888884e-01,2.4999999986746822e-02,2.4999999986578075e-02,7.1962690116054997e+00,7.0891799058329887e+00
branch0_seg74,1.0000000000000000e+00,2.4999999986746822e-02,2.4999999986578075e-02,7.1962690116054997e+00,7.0891799058329887e+00
branch0_seg75,0.0000000000000000e+00,2.4999999985926204e-02,2.4999999985831873e-02,7.0891823439804504e+00,6.9763245394038593e+00
branch0_seg75,1.1111111111111116e-01,2.5000000024179802e-02,2.5000000024436388e-02,7.0891782850769216e+00,6.9763205764320624e+00
branch0_seg75,2.2222222222222210e-01,2.4999999976539494e-02,2.4999999976271309e-02,7.0891805462086666e+00,6.9763227841697182e+00
branch0_seg75,3.3333333333333326e-01,2.5000000018755641e-02,2.5000000018976599e-02,7.0891793968331260e+00,6.9763216618953408e+00
branch0_seg75,4.4444444444444442e-01,2.4999999986578075e-02,2.4999999986417384e-02,7.0891799058329887e+00,6.9763221589303592e+00
branch0_seg75,5.5555555555555536e-01,2.4999999986578075e-02,2.4999999986417384e-02,7.0891799058329887e+00,6.9763221589303592e+00
branch0_seg75,6.6666666666666652e-01,2.4999999986578075e-02,2.4999999986417384e-02,7.0891799058329887e+00,6.9763221589303592e+00
branch0_seg75,7.7777777777777768e-01,2.4999999986578075e-02,2.4999999986417384e-02,7.0891799058329887e+00,6.9763221589303592e+00
branch0_seg75,8.8888888888888884e-01,2.4999999986578075e-02,2.4999999986417384e-02,7.0891799058329887e+00,6.9763221589303592e+00
branch0_seg75,1.0000000000000000e+00,2.4999999986578075e-02,2.4999999986417384e-02,7.0891799058329887e+00,6.9763221589303592e+00
branch0_seg76,0.0000000000000000e+00,2.4999999985831873e-02,2.4999999985743884e-02,6.9763245394038593e+00,6.8553452162677901e+00
branch0_seg76,1.1111111111111116e-01,2.5000000024436388e-02,2.5000000024677838e-02,6.9763205764320624e+00,6.8553413538393118e+00
branch0_seg76,2.2222222222222210e-01,2.4999999976271309e-02,2.4999999976018684e-02,6.9763227841697182e+00,6.8553435056042478e+00
branch0_seg76,3.3333333333333326e-01,2.5000000018976599e-02,2.5000000019184825e-02,6.9763216618953408e+00,6.8553424117487758e+00
branch0_seg76,4.4444444444444442e-01,2.4999999986417384e-02,2.4999999986265918e-02,6.9763221589303592e+00,6.8553428962297209e+00
branch0_seg76,5.5555555555555536e-01,2.4999999986417384e-02,2.4999999986265918e-02,6.9763221589303592e+00,6.8553428962297209e+00
branch0_seg76,6.6666666666666652e-01,2.4999999986417384e-02,2.4999999986265918e-02,6.9763221589303592e+00,6.8553428962297209e+00
branch0_seg76,7.7777777777777768e-01,2.4999999986417384e-02,2.4999999986265918e-02,6.9763221589303592e+00,6.8553428962297209e+00
branch0_seg76,8.8888888888888884e-01,2.4999999986417384e-02,2.4999999986265918e-02,6.9763221589303592e+00,6.8553428962297209e+00
branch0_seg76,1.0000000000000000e+00,2.4999999986417384e-02,2.4999999986265918e-02,6.9763221589303592e+00,6.8553428962297209e+00
branch0_seg77,0.0000000000000000e+00,2.4999999985743884e-02,2.4999999985661273e-02,6.8553452162677901e+00,6.7278048661326979e+00
branch0_seg77,1.1111111111111116e-01,2.5000000024677838e-02,2.5000000024906460e-02,6.8553413538393118e+00,6.7278011081764211e+00
branch0_seg77,2.2222222222222210e-01,2.4999999976018684e-02,2.4999999975779230e-02,6.8553435056042478e+00,6.7278032017689489e+00
branch0_seg77,3.3333333333333326e-01,2.5000000019184825e-02,2.5000000019382271e-02,6.8553424117487758e+00,6.7278021374585499e+00
branch0_seg77,4.4444444444444442e-01,2.4999999986265918e-02,2.4999999986122273e-02,6.8553428962297209e+00,6.7278026088801637e+00
branch0_seg77,5.5555555555555536e-01,2.4999999986265918e-02,2.4999999986122273e-02,6.8553428962297209e+00,6.7278026088801637e+00
branch0_seg77,6.6666666666666652e-01,2.4999999986265918e-02,2.4999999986122273e-02,6.8553428962297209e+00,6.7278026088801637e+00
branch0_seg77,7.7777777777777768e-01,2.4999999986265918e-02,2.4999999986122273e-02,6.8553428962297209e+00,6.7278026088801637e+00
branch0_seg77,8.8888888888888884e-01,2.4999999986265918e-02,2.4999999986122273e-02,6.8553428962297209e+00,6.7278026088801637e+00
branch0_seg77,1.0000000000000000e+00,2.4999999986265918e-02,2.4999999986122273e-02,6.8553428962297209e+00,6.7278026088801637e+00
branch0_seg78,0.0000000000000000e+00,2.4999999985661273e-02,2.4999999985583547e-02,6.7278048661326979e+00,6.5941233358164677e+00
branch0_seg78,1.1111111111111116e-01,2.5000000024906460e-02,2.5000000025123346e-02,6.7278011081764211e+00,6.5941196859612061e+00
branch0_seg78,2.2222222222222210e-01,2.4999999975779230e-02,2.4999999975551853e-02,6.7278032017689489e+00,6.5941217193487587e+00
branch0_seg78,3.3333333333333326e-01,2.5000000019382271e-02,2.5000000019569826e-02,6.7278021374585499e+00,6.5941206856247474e+00
branch0_seg78,4.4444444444444442e-01,2.4999999986122273e-02,2.4999999985985791e-02,6.7278026088801637e+00,6.5941211435192280e+00
branch0_seg78,5.5555555555555536e-01,2.4999999986122273e-02,2.4999999985985791e-02,6.7278026088801637e+00,6.5941211435192280e+00
branch0_seg78,6.6666666666666652e-01,2.4999999986122273e-02,2.4999999985985791e-02,6.7278026088801637e+00,6.5941211435192280e+00
branch0_seg78,7.7777777777777768e-01,2.4999999986122273e-02,2.4999999985985791e-02,6.7278026088801637e+00,6.5941211435192280e+00
branch0_seg78,8.8888888888888884e-01,2.4999999986122273e-02,2.4999999985985791e-02,6.7278026088801637e+00,6.5941211435192280e+00
branch0_seg78,1.0000000000000000e+00,2.4999999986122273e-02,2.4999999985985791e-02,6.7278026088801637e+00,6.5941211435192280e+00
branch0_seg79,0.0000000000000000e+00,2.4999999985583547e-02,2.4999999985511567e-02,6.5941233358164677e+00,6.4497401476398588e+00
branch0_seg79,1.1111111111111116e-01,2.5000000025123346e-02,2.5000000025325732e-02,6.5941196859612061e+00,6.4497366112181398e+00
branch0_seg79,2.2222222222222210e-01,2.4999999975551853e-02,2.4999999975339485e-02,6.5941217193487587e+00,6.4497385814220900e+00
branch0_seg79,3.3333333333333326e-01,2.5000000019569826e-02,2.5000000019745061e-02,6.5941206856247474e+00,6.4497375798045482e+00
branch0_seg79,4.4444444444444442e-01,2.4999999985985791e-02,2.4999999985858258e-02,6.5941211435192280e+00,6.4497380234937278e+00
branch0_seg79,5.5555555555555536e-01,2.4999999985985791e-02,2.4999999985858258e-02,6.5941211435192280e+00,6.4497380234937278e+00
branch0_seg79,6.6666666666666652e-01,2.4999999985985791e-02,2.4999999985858258e-02,6.5941211435192280e+00,6.4497380234937278e+00
branch0_seg79,7.7777777777777768e-01,2.4999999985985791e-02,2.4999999985858258e-02,6.5941211435192280e+00,6.4497380234937278e+00
branch0_seg79,8.8888888888888884e-01,2.4999999985985791e-02,2.4999999985858258e-02,6.5941211435192280e+00,6.4497380234937278e+00
branch0_seg79,1.0000000000000000e+00,2.4999999985985791e-02,2.4999999985858258e-02,6.5941211435192280e+00,6.4497380234937278e+00
branch0_seg80,0.0000000000000000e+00,2.4999999985511567e-02,2.4999999985444790e-02,6.4497401476398588e+00,6.2953030046831415e+00
branch0_seg80,1.1111111111111116e-01,2.5000000025325732e-02,2.5000000025514904e-02,6.4497366112181398e+00,6.2952995867409909e+00
branch0_seg80,2.2222222222222210e-01,2.4999999975339485e-02,2.4999999975140807e-02,6.4497385814220900e+00,6.2953014909415854e+00
branch0_seg80,3.3333333333333326e-01,2.5000000019745061e-02,2.5000000019909051e-02,6.4497375798045482e+00,6.2953005228703942e+00
branch0_seg80,4.4444444444444442e-01,2.4999999985858258e-02,2.4999999985738885e-02,6.4497380234937278e+00,6.2953009517111589e+00
branch0_seg80,5.5555555555555536e-01,2.4999999985858258e-02,2.4999999985738885e-02,6.4497380234937278e+00,6.2953009517111589e+00
branch0_seg80,6.6666666666666652e-01,2.4999999985858258e-02,2.4999999985738885e-02,6.4497380234937278e+00,6.2953009517111589e+00
branch0_seg80,7.7777777777777768e-01,2.4999999985858258e-02,2.4999999985738885e-02,6.4497380234937278e+00,6.2953009517111589e+00
branch0_seg80,8.8888888888888884e-01,2.4999999985858258e-02,2.4999999985738885e-02,6.4497380234937278e+00,6.2953009517111589e+00
branch0_seg80,1.0000000000000000e+00,2.4999999985858258e-02,2.4999999985738885e-02,6.4497380234937278e+00,6.2953009517111589e+00
branch0_seg81,0.0000000000000000e+00,2.4999999985444790e-02,2.4999999985382593e-02,6.2953030046831415e+00,6.1318010676234076e+00
branch0_seg81,1.1111111111111116e-01,2.5000000025514904e-02,2.5000000025692332e-02,6.2952995867409909e+00,6.1317977726351511e+00
branch0_seg81,2.2222222222222210e-01,2.4999999975140807e-02,2.4999999974954317e-02,6.2953014909415854e+00,6.1317996083310504e+00
branch0_seg81,3.3333333333333326e-01,2.5000000019909051e-02,2.5000000020063029e-02,6.2953005228703942e+00,6.1317986750843501e+00
branch0_seg81,4.4444444444444442e-01,2.4999999985738885e-02,2.4999999985626783e-02,6.2953009517111589e+00,6.1317990885050806e+00
branch0_seg81,5.5555555555555536e-01,2.4999999985738885e-02,2.4999999985626783e-02,6.2953009517111589e+00,6.1317990885050806e+00
branch0_seg81,6.6666666666666652e-01,2.4999999985738885e-02,2.4999999985626783e-02,6.2953009517111589e+00,6.1317990885050806e+00
branch0_seg81,7.7777777777777768e-01,2.4999999985738885e-02,2.4999999985626783e-02,6.2953009517111589e+00,6.1317990885050806e+00
branch0_seg81,8.8888888888888884e-01,2.4999999985738885e-02,2.4999999985626783e-02,6.2953009517111589e+00,6.1317990885050806e+00
branch0_seg81,1.0000000000000000e+00,2.4999999985738885e-02,2.4999999985626783e-02,6.2953009517111589e+00,6.1317990885050806e+00
branch0_seg82,0.0000000000000000e+00,2.4999999985382593e-02,2.4999999985324664e-02,6.1318010676234076e+00,5.9595425529276440e+00
branch0_seg82,1.1111111111111116e-01,2.5000000025692332e-02,2.5000000025858685e-02,6.1317977726351511e+00,5.9595393851958480e+00
branch0_seg82,2.2222222222222210e-01,2.4999999974954317e-02,2.4999999974779332e-02,6.1317996083310504e+00,5.9595411499812725e+00
branch0_seg82,3.3333333333333326e-01,2.5000000020063029e-02,2.5000000020207549e-02,6.1317986750843501e+00,5.9595402527887460e+00
branch0_seg82,4.4444444444444442e-01,2.4999999985626783e-02,2.4999999985521555e-02,6.1317990885050806e+00,5.9595406502391732e+00
branch0_seg82,5.5555555555555536e-01,2.4999999985626783e-02,2.4999999985521555e-02,6.1317990885050806e+00,5.9595406502391732e+00
branch0_seg82,6.6666666666666652e-01,2.4999999985626783e-02,2.4999999985521555e-02,6.1317990885050806e+00,5.9595406502391732e+00
branch0_seg82,7.7777777777777768e-01,2.4999999985626783e-02,2.4999999985521555e-02,6.1317990885050806e+00,5.9595406502391732e+00
branch0_seg82,8.8888888888888884e-01,2.4999999985626783e-02,2.4999999985521555e-02,6.1317990885050806e+00,5.9595406502391732e+00
branch0_seg82,1.0000000000000000e+00,2.4999999985626783e-02,2.4999999985521555e-02,6.1317990885050806e+00,5.9595406502391732e+00
branch0_seg83,0.0000000000000000e+00,2.4999999985324664e-02,2.4999999985271172e-02,5.9595425529276440e+00,5.7755049476889706e+00
branch0_seg83,1.1111111111111116e-01,2.5000000025858685e-02,2.5000000026013248e-02,5.9595393851958480e+00,5.7755019124268729e+00
branch0_seg83,2.2222222222222210e-01,2.4999999974779332e-02,2.4999999974616639e-02,5.9595411499812725e+00,5.7755036033910123e+00
branch0_seg83,3.3333333333333326e-01,2.5000000020207549e-02,2.5000000020341952e-02,5.9595402527887460e+00,5.7755027437374968e+00
branch0_seg83,4.4444444444444442e-01,2.4999999985521555e-02,2.4999999985423679e-02,5.9595406502391732e+00,5.7755031245555362e+00
branch0_seg83,5.5555555555555536e-01,2.4999999985521555e-02,2.4999999985423679e-02,5.9595406502391732e+00,5.7755031245555362e+00
branch0_seg83,6.6666666666666652e-01,2.4999999985521555e-02,2.4999999985423679e-02,5.9595406502391732e+00,5.7755031245555362e+00
branch0_seg83,7.7777777777777768e-01,2.4999999985521555e-02,2.4999999985423679e-02,5.9595406502391732e+00,5.7755031245555362e+00
branch0_seg83,8.8888888888888884e-01,2.4999999985521555e-02,2.4999999985423679e-02,5.9595406502391732e+00,5.7755031245555362e+00
branch0_seg83,1.0000000000000000e+00,2.4999999985521555e-02,2.4999999985423679e-02,5.9595406502391732e+00,5.7755031245555362e+00
branch0_seg84,0.0000000000000000e+00,2.4999999985271172e-02,2.4999999985222052e-02,5.7755049476889706e+00,5.5779788362279978e+00
branch0_seg84,1.1111111111111116e-01,2.5000000026013248e-02,2.5000000026155999e-02,5.7755019124268729e+00,5.5779759391684820e+00
branch0_seg84,2.2222222222222210e-01,2.4999999974616639e-02,2.4999999974466280e-02,5.7755036033910123e+00,5.5779775531119977e+00
branch0_seg84,3.3333333333333326e-01,2.5000000020341952e-02,2.5000000020466193e-02,5.7755027437374968e+00,5.5779767326283531e+00
branch0_seg84,4.4444444444444442e-01,2.4999999985423679e-02,2.4999999985333192e-02,5.7755031245555362e+00,5.5779770960877295e+00
branch0_seg84,5.5555555555555536e-01,2.4999999985423679e-02,2.4999999985333192e-02,5.7755031245555362e+00,5.5779770960877295e+00
branch0_seg84,6.6666666666666652e-01,2.4999999985423679e-02,2.4999999985333192e-02,5.7755031245555362e+00,5.5779770960877295e+00
branch0_seg84,7.7777777777777768e-01,2.4999999985423679e-02,2.4999999985333192e-02,5.7755031245555362e+00,5.5779770960877295e+00
branch0_seg84,8.8888888888888884e-01,2.4999999985423679e-02,2.4999999985333192e-02,5.7755031245555362e+00,5.5779770960877295e+00
branch0_seg84,1.0000000000000000e+00,2.4999999985423679e-02,2.4999999985333192e-02,5.7755031245555362e+00,5.5779770960877295e+00
branch0_seg85,0.0000000000000000e+00,2.4999999985222052e-02,2.4999999985177032e-02,5.5779788362279978e+00,5.3665183086046619e+00
branch0_seg85,1.1111111111111116e-01,2.5000000026155999e-02,2.5000000026287540e-02,5.5779759391684820e+00,5.3665155554312705e+00
branch0_seg85,2.2222222222222210e-01,2.4999999974466280e-02,2.4999999974327648e-02,5.5779775531119977e+00,5.3665170891831551e+00
branch0_seg85,3.3333333333333326e-01,2.5000000020466193e-02,2.5000000020580768e-02,5.5779767326283531e+00,5.3665163094852844e+00
branch0_seg85,4.4444444444444442e-01,2.4999999985333192e-02,2.4999999985249738e-02,5.5779770960877295e+00,5.3665166548667544e+00
branch0_seg85,5.5555555555555536e-01,2.4999999985333192e-02,2.4999999985249738e-02,5.5779770960877295e+00,5.3665166548667544e+00
branch0_seg85,6.6666666666666652e-01,2.4999999985333192e-02,2.4999999985249738e-02,5.5779770960877295e+00,5.3665166548667544e+00
branch0_seg85,7.7777777777777768e-01,2.4999999985333192e-02,2.4999999985249738e-02,5.5779770960877295e+00,5.3665166548667544e+00
branch0_seg85,8.8888888888888884e-01,2.4999999985333192e-02,2.4999999985249738e-02,5.5779770960877295e+00,5.3665166548667544e+00
branch0_seg85,1.0000000000000000e+00,2.4999999985333192e-02,2.4999999985249738e-02,5.5779770960877295e+00,5.3665166548667544e+00
branch0_seg86,0.0000000000000000e+00,2.4999999985177032e-02,2.4999999985135711e-02,5.3665183086046619e+00,5.1426785202570047e+00
branch0_seg86,1.1111111111111116e-01,2.5000000026287540e-02,2.5000000026408870e-02,5.3665155554312705e+00,5.1426759160214424e+00
branch0_seg86,2.2222222222222210e-01,2.4999999974327648e-02,2.4999999974199702e-02,5.3665170891831551e+00,5.1426773667621264e+00
branch0_seg86,3.3333333333333326e-01,2.5000000020580768e-02,2.5000000020686534e-02,5.3665163094852844e+00,5.1426766292876787e+00
branch0_seg86,4.4444444444444442e-01,2.4999999985249738e-02,2.4999999985172688e-02,5.3665166548667544e+00,5.1426769559506358e+00
branch0_seg86,5.5555555555555536e-01,2.4999999985249738e-02,2.4999999985172688e-02,5.3665166548667544e+00,5.1426769559506358e+00
branch0_seg86,6.6666666666666652e-01,2.4999999985249738e-02,2.4999999985172688e-02,5.3665166548667544e+00,5.1426769559506358e+00
branch0_seg86,7.7777777777777768e-01,2.4999999985249738e-02,2.4999999985172688e-02,5.3665166548667544e+00,5.1426769559506358e+00
branch0_seg86,8.8888888888888884e-01,2.4999999985249738e-02,2.4999999985172688e-02,5.3665166548667544e+00,5.1426769559506358e+00
branch0_seg86,1.0000000000000000e+00,2.4999999985249738e-02,2.4999999985172688e-02,5.3665166548667544e+00,5.1426769559506358e+00
branch0_seg87,0.0000000000000000e+00,2.4999999985135711e-02,2.4999999985098120e-02,5.1426785202570047e+00,4.9030945897009026e+00
branch0_seg87,1.1111111111111116e-01,2.5000000026408870e-02,2.5000000026519760e-02,5.1426759160214424e+00,4.9030921402695622e+00
branch0_seg87,2.2222222222222210e-01,2.4999999974199702e-02,2.4999999974082709e-02,5.1426773667621264e+00,4.9030935047286555e+00
branch0_seg87,3.3333333333333326e-01,2.5000000020686534e-02,2.5000000020783262e-02,5.1426766292876787e+00,4.9030928111423746e+00
branch0_seg87,4.4444444444444442e-01,2.4999999985172688e-02,2.4999999985102217e-02,5.1426769559506358e+00,4.9030931183471989e+00
branch0_seg87,5.5555555555555536e-01,2.4999999985172688e-02,2.4999999985102217e-02,5.1426769559506358e+00,4.9030931183471989e+00
branch0_seg87,6.6666666666666652e-01,2.4999999985172688e-02,2.4999999985102217e-02,5.1426769559506358e+00,4.9030931183471989e+00
branch0_seg87,7.7777777777777768e-01,2.4999999985172688e-02,2.4999999985102217e-02,5.1426769559506358e+00,4.9030931183471989e+00
branch0_seg87,8.8888888888888884e-01,2.4999999985172688e-02,2.4999999985102217e-02,5.1426769559506358e+00,4.9030931183471989e+00
branch0_seg87,1.0000000000000000e+00,2.4999999985172688e-02,2.4999999985102217e-02,5.1426769559506358e+00,4.9030931183471989e+00
branch0_seg88,0.0000000000000000e+00,2.4999999985098120e-02,2.4999999985064265e-02,4.9030945897009026e+00,4.6446302939665172e+00
branch0_seg88,1.1111111111111116e-01,2.5000000026519760e-02,2.5000000026620041e-02,4.9030921402695622e+00,4.6446280061617475e+00
branch0_seg88,2.2222222222222210e-01,2.4999999974082709e-02,2.4999999973976866e-02,4.9030935047286555e+00,4.6446292805376936e+00
branch0_seg88,3.3333333333333326e-01,2.5000000020783262e-02,2.5000000020870789e-02,4.9030928111423746e+00,4.6446286327733812e+00
branch0_seg88,4.4444444444444442e-01,2.4999999985102217e-02,2.4999999985038445e-02,4.9030931183471989e+00,4.6446289196620087e+00
branch0_seg88,5.5555555555555536e-01,2.4999999985102217e-02,2.4999999985038445e-02,4.9030931183471989e+00,4.6446289196620087e+00
branch0_seg88,6.6666666666666652e-01,2.4999999985102217e-02,2.4999999985038445e-02,4.9030931183471989e+00,4.6446289196620087e+00
branch0_seg88,7.7777777777777768e-01,2.4999999985102217e-02,2.4999999985038445e-02,4.9030931183471989e+00,4.6446289196620087e+00
branch0_seg88,8.8888888888888884e-01,2.4999999985102217e-02,2.4999999985038445e-02,4.9030931183471989e+00,4.6446289196620087e+00
branch0_seg88,1.0000000000000000e+00,2.4999999985102217e-02,2.4999999985038445e-02,4.9030931183471989e+00,4.6446289196620087e+00
branch0_seg89,0.0000000000000000e+00,2.4999999985064265e-02,2.4999999985033876e-02,4.6446302939665172e+00,4.3673083343677579e+00
branch0_seg89,1.1111111111111116e-01,2.5000000026620041e-02,2.5000000026710410e-02,4.6446280061617475e+00,4.3673062146493642e+00
branch0_seg89,2.2222222222222210e-01,2.4999999973976866e-02,2.4999999973881439e-02,4.6446292805376936e+00,4.3673073953440626e+00
branch0_seg89,3.3333333333333326e-01,2.5000000020870789e-02,2.5000000020949709e-02,4.6446286327733812e+00,4.3673067952310811e+00
branch0_seg89,4.4444444444444442e-01,2.4999999985038445e-02,2.4999999984980939e-02,4.6446289196620087e+00,4.3673070609924700e+00
branch0_seg89,5.5555555555555536e-01,2.4999999985038445e-02,2.4999999984980939e-02,4.6446289196620087e+00,4.3673070609924700e+00
branch0_seg89,6.6666666666666652e-01,2.4999999985038445e-02,2.4999999984980939e-02,4.6446289196620087e+00,4.3673070609924700e+00
branch0_seg89,7.7777777777777768e-01,2.4999999985038445e-02,2.4999999984980939e-02,4.6446289196620087e+00,4.3673070609924700e+00
branch0_seg89,8.8888888888888884e-01,2.4999999985038445e-02,2.4999999984980939e-02,4.6446289196620087e+00,4.3673070609924700e+00
branch0_seg89,1.0000000000000000e+00,2.4999999985038445e-02,2.4999999984980939e-02,4.6446289196620087e+00,4.3673070609924700e+00
branch0_seg90,0.0000000000000000e+00,2.4999999985033876e-02,2.4999999985006946e-02,4.3673083343677579e+00,4.0668595839619188e+00
branch0_seg90,1.1111111111111116e-01,2.5000000026710410e-02,2.5000000026790786e-02,4.3673062146493642e+00,4.0668576398585481e+00
branch0_seg90,2.2222222222222210e-01,2.4999999973881439e-02,2.4999999973796531e-02,4.3673073953440626e+00,4.0668587226813528e+00
branch0_seg90,3.3333333333333326e-01,2.5000000020949709e-02,2.5000000021019944e-02,4.3673067952310811e+00,4.0668581723482902e+00
branch0_seg90,4.4444444444444442e-01,2.4999999984980939e-02,2.4999999984929758e-02,4.3673070609924700e+00,4.0668584160403727e+00
branch0_seg90,5.5555555555555536e-01,2.4999999984980939e-02,2.4999999984929758e-02,4.3673070609924700e+00,4.0668584160403727e+00
branch0_seg90,6.6666666666666652e-01,2.4999999984980939e-02,2.4999999984929758e-02,4.3673070609924700e+00,4.0668584160403727e+00
branch0_seg90,7.7777777777777768e-01,2.4999999984980939e-02,2.4999999984929758e-02,4.3673070609924700e+00,4.0668584160403727e+00
branch0_seg90,8.8888888888888884e-01,2.4999999984980939e-02,2.4999999984929758e-02,4.3673070609924700e+00,4.0668584160403727e+00
branch0_seg90,1.0000000000000000e+00,2.4999999984980939e-02,2.4999999984929758e-02,4.3673070609924700e+00,4.0668584160403727e+00
branch0_seg91,0.0000000000000000e+00,2.4999999985006946e-02,2.4999999984983222e-02,4.0668595839619188e+00,3.7440210582717284e+00
branch0_seg91,1.1111111111111116e-01,2.5000000026790786e-02,2.5000000026861844e-02,4.0668576398585481e+00,3.7440192968243493e+00
branch0_seg91,2.2222222222222210e-01,2.4999999973796531e-02,2.4999999973721439e-02,4.0668587226813528e+00,3.7440202778568690e+00
branch0_seg91,3.3333333333333326e-01,2.5000000021019944e-02,2.5000000021082068e-02,4.0668581723482902e+00,3.7440197792935059e+00
branch0_seg91,4.4444444444444442e-01,2.4999999984929758e-02,2.4999999984884481e-02,4.0668584160403727e+00,3.7440200000360169e+00
branch0_seg91,5.5555555555555536e-01,2.4999999984929758e-02,2.4999999984884481e-02,4.0668584160403727e+00,3.7440200000360169e+00
branch0_seg91,6.6666666666666652e-01,2.4999999984929758e-02,2.4999999984884481e-02,4.0668584160403727e+00,3.7440200000360169e+00
branch0_seg91,7.7777777777777768e-01,2.4999999984929758e-02,2.4999999984884481e-02,4.0668584160403727e+00,3.7440200000360169e+00
branch0_seg91,8.8888888888888884e-01,2.4999999984929758e-02,2.4999999984884481e-02,4.0668584160403727e+00,3.7440200000360169e+00
branch0_seg91,1.0000000000000000e+00,2.4999999984929758e-02,2.4999999984884481e-02,4.0668584160403727e+00,3.7440200000360169e+00
branch0_seg92,0.0000000000000000e+00,2.4999999984983222e-02,2.4999999984962603e-02,3.7440210582717284e+00,3.3960678481689506e+00
branch0_seg92,1.1111111111111116e-01,2.5000000026861844e-02,2.5000000026923815e-02,3.7440192968243493e+00,3.3960662768674754e+00
branch0_seg92,2.2222222222222210e-01,2.4999999973721439e-02,2.4999999973655922e-02,3.7440202778568690e+00,3.3960671519440377e+00
branch0_seg92,3.3333333333333326e-01,2.5000000021082068e-02,2.5000000021136278e-02,3.7440197792935059e+00,3.3960667072639099e+00
branch0_seg92,4.4444444444444442e-01,2.4999999984884481e-02,2.4999999984844971e-02,3.7440200000360169e+00,3.3960669041232494e+00
branch0_seg92,5.5555555555555536e-01,2.4999999984884481e-02,2.4999999984844971e-02,3.7440200000360169e+00,3.3960669041232494e+00
branch0_seg92,6.6666666666666652e-01,2.4999999984884481e-02,2.4999999984844971e-02,3.7440200000360169e+00,3.3960669041232494e+00
branch0_seg92,7.7777777777777768e-01,2.4999999984884481e-02,2.4999999984844971e-02,3.7440200000360169e+00,3.3960669041232494e+00
branch0_seg92,8.8888888888888884e-01,2.4999999984884481e-02,2.4999999984844971e-02,3.7440200000360169e+00,3.3960669041232494e+00
branch0_seg92,1.0000000000000000e+00,2.4999999984884481e-02,2.4999999984844971e-02,3.7440200000360169e+00,3.3960669041232494e+00
branch0_seg93,0.0000000000000000e+00,2.4999999984962603e-02,2.4999999984944975e-02,3.3960678481689506e+00,3.0207227027710704e+00
branch0_seg93,1.1111111111111116e-01,2.5000000026923815e-02,2.5000000026976998e-02,3.3960662768674754e+00,3.0207213294424657e+00
branch0_seg93,2.2222222222222210e-01,2.4999999973655922e-02,2.4999999973599672e-02,3.3960671519440377e+00,3.0207220942119415e+00
branch0_seg93,3.3333333333333326e-01,2.5000000021136278e-02,2.5000000021182828e-02,3.3960667072639099e+00,3.0207217056212539e+00
branch0_seg93,4.4444444444444442e-01,2.4999999984844971e-02,2.4999999984811047e-02,3.3960669041232494e+00,3.0207218776240046e+00
branch0_seg93,5.5555555555555536e-01,2.4999999984844971e-02,2.4999999984811047e-02,3.3960669041232494e+00,3.0207218776240046e+00
branch0_seg93,6.6666666666666652e-01,2.4999999984844971e-02,2.4999999984811047e-02,3.3960669041232494e+00,3.0207218776240046e+00
branch0_seg93,7.7777777777777768e-01,2.4999999984844971e-02,2.4999999984811047e-02,3.3960669041232494e+00,3.0207218776240046e+00
branch0_seg93,8.8888888888888884e-01,2.4999999984844971e-02,2.4999999984811047e-02,3.3960669041232494e+00,3.0207218776240046e+00
branch0_seg93,1.0000000000000000e+00,2.4999999984844971e-02,2.4999999984811047e-02,3.3960669041232494e+00,3.0207218776240046e+00
branch0_seg94,0.0000000000000000e+00,2.4999999984944975e-02,2.4999999984930226e-02,3.0207227027710704e+00,2.6154890389088772e+00
branch0_seg94,1.1111111111111116e-01,2.5000000026976998e-02,2.5000000027021695e-02,3.0207213294424657e+00,2.6154878716790213e+00
branch0_seg94,2.2222222222222210e-01,2.4999999973599672e-02,2.4999999973552373e-02,3.0207220942119415e+00,2.6154885216266877e+00
branch0_seg94,3.3333333333333326e-01,2.5000000021182828e-02,2.5000000021221977e-02,3.0207217056212539e+00,2.6154881914127750e+00
branch0_seg94,4.4444444444444442e-01,2.4999999984811047e-02,2.4999999984782504e-02,3.0207218776240046e+00,2.6154883375511382e+00
branch0_seg94,5.5555555555555536e-01,2.4999999984811047e-02,2.4999999984782504e-02,3.0207218776240046e+00,2.6154883375511382e+00
branch0_seg94,6.6666666666666652e-01,2.4999999984811047e-02,2.4999999984782504e-02,3.0207218776240046e+00,2.6154883375511382e+00
branch0_seg94,7.7777777777777768e-01,2.4999999984811047e-02,2.4999999984782504e-02,3.0207218776240046e+00,2.6154883375511382e+00
branch0_seg94,8.8888888888888884e-01,2.4999999984811047e-02,2.4999999984782504e-02,3.0207218776240046e+00,2.6154883375511382e+00
branch0_seg94,1.0000000000000000e+00,2.4999999984811047e-02,2.4999999984782504e-02,3.0207218776240046e+00,2.6154883375511382e+00
branch0_seg95,0.0000000000000000e+00,2.4999999984930226e-02,2.4999999984918260e-02,2.6154890389088772e+00,2.1771256688057843e+00
branch0_seg95,1.1111111111111116e-01,2.5000000027021695e-02,2.5000000027058177e-02,2.6154878716790213e+00,2.1771247162811038e+00
branch0_seg95,2.2222222222222210e-01,2.4999999973552373e-02,2.4999999973513747e-02,2.6154885216266877e+00,2.1771252466277535e+00
branch0_seg95,3.3333333333333326e-01,2.5000000021221977e-02,2.5000000021253958e-02,2.6154881914127750e+00,2.1771249772101600e+00
branch0_seg95,4.4444444444444442e-01,2.4999999984782504e-02,2.4999999984759189e-02,2.6154883375511382e+00,2.1771250964194868e+00
branch0_seg95,5.5555555555555536e-01,2.4999999984782504e-02,2.4999999984759189e-02,2.6154883375511382e+00,2.1771250964194868e+00
branch0_seg95,6.6666666666666652e-01,2.4999999984782504e-02,2.4999999984759189e-02,2.6154883375511382e+00,2.1771250964194868e+00
branch0_seg95,7.7777777777777768e-01,2.4999999984782504e-02,2.4999999984759189e-02,2.6154883375511382e+00,2.1771250964194868e+00
branch0_seg95,8.8888888888888884e-01,2.4999999984782504e-02,2.4999999984759189e-02,2.6154883375511382e+00,2.1771250964194868e+00
branch0_seg95,1.0000000000000000e+00,2.4999999984782504e-02,2.4999999984759189e-02,2.6154883375511382e+00,2.1771250964194868e+00
branch0_seg96,0.0000000000000000e+00,2.4999999984918260e-02,2.4999999984908969e-02,2.1771256688057843e+00,1.7028091430416232e+00
branch0_seg96,1.1111111111111116e-01,2.5000000027058177e-02,2.5000000027086740e-02,2.1771247162811038e+00,1.7028084141238840e+00
branch0_seg96,2.2222222222222210e-01,2.4999999973513747e-02,2.4999999973483473e-02,2.1771252466277535e+00,1.7028088199290980e+00
branch0_seg96,3.3333333333333326e-01,2.5000000021253958e-02,2.5000000021279035e-02,2.1771249772101600e+00,1.7028086138070075e+00
branch0_seg96,4.4444444444444442e-01,2.4999999984759189e-02,2.4999999984740902e-02,2.1771250964194868e+00,1.7028087049891443e+00
branch0_seg96,5.5555555555555536e-01,2.4999999984759189e-02,2.4999999984740902e-02,2.1771250964194868e+00,1.7028087049891443e+00
branch0_seg96,6.6666666666666652e-01,2.4999999984759189e-02,2.4999999984740902e-02,2.1771250964194868e+00,1.7028087049891443e+00
branch0_seg96,7.7777777777777768e-01,2.4999999984759189e-02,2.4999999984740902e-02,2.1771250964194868e+00,1.7028087049891443e+00
branch0_seg96,8.8888888888888884e-01,2.4999999984759189e-02,2.4999999984740902e-02,2.1771250964194868e+00,1.7028087049891443e+00
branch0_seg96,1.0000000000000000e+00,2.4999999984759189e-02,2.4999999984740902e-02,2.1771250964194868e+00,1.7028087049891443e+00
branch0_seg97,0.0000000000000000e+00,2.4999999984908969e-02,2.4999999984902269e-02,1.7028091430416232e+00,1.1882127171872578e+00
branch0_seg97,1.1111111111111116e-01,2.5000000027086740e-02,2.5000000027107654e-02,1.7028084141238840e+00,1.1882122213518922e+00
branch0_seg97,2.2222222222222210e-01,2.4999999973483473e-02,2.4999999973461265e-02,1.7028088199290980e+00,1.1882124973602428e+00
branch0_seg97,3.3333333333333326e-01,2.5000000021279035e-02,2.5000000021297444e-02,1.7028086138070075e+00,1.1882123571897996e+00
branch0_seg97,4.4444444444444442e-01,2.4999999984740902e-02,2.4999999984727472e-02,1.7028087049891443e+00,1.1882124191794874e+00
branch0_seg97,5.5555555555555536e-01,2.4999999984740902e-02,2.4999999984727472e-02,1.7028087049891443e+00,1.1882124191794874e+00
branch0_seg97,6.6666666666666652e-01,2.4999999984740902e-02,2.4999999984727472e-02,1.7028087049891443e+00,1.1882124191794874e+00
branch0_seg97,7.7777777777777768e-01,2.4999999984740902e-02,2.4999999984727472e-02,1.7028087049891443e+00,1.1882124191794874e+00
branch0_seg97,8.8888888888888884e-01,2.4999999984740902e-02,2.4999999984727472e-02,1.7028087049891443e+00,1.1882124191794874e+00
branch0_seg97,1.0000000000000000e+00,2.4999999984740902e-02,2.4999999984727472e-02,1.7028087049891443e+00,1.1882124191794874e+00
branch0_seg98,0.0000000000000000e+00,2.4999999984902269e-02,2.4999999984898092e-02,1.1882127171872578e+00,6.2737109330046492e-01
branch0_seg98,1.1111111111111116e-01,2.5000000027107654e-02,2.5000000027121178e-02,1.1882122213518922e+00,6.2737084090172868e-01
branch0_seg98,2.2222222222222210e-01,2.4999999973461265e-02,2.4999999973446846e-02,1.1882124973602428e+00,6.2737098137387792e-01
branch0_seg98,3.3333333333333326e-01,2.5000000021297444e-02,2.5000000021309410e-02,1.1882123571897996e+00,6.2737091005329848e-01
branch0_seg98,4.4444444444444442e-01,2.4999999984727472e-02,2.4999999984718736e-02,1.1882124191794874e+00,6.2737094158103424e-01
branch0_seg98,5.5555555555555536e-01,2.4999999984727472e-02,2.4999999984718736e-02,1.1882124191794874e+00,6.2737094158103424e-01
branch0_seg98,6.6666666666666652e-01,2.4999999984727472e-02,2.4999999984718736e-02,1.1882124191794874e+00,6.2737094158103424e-01
branch0_seg98,7.7777777777777768e-01,2.4999999984727472e-02,2.4999999984718736e-02,1.1882124191794874e+00,6.2737094158103424e-01
branch0_seg98,8.8888888888888884e-01,2.4999999984727472e-02,2.4999999984718736e-02,1.1882124191794874e+00,6.2737094158103424e-01
branch0_seg98,1.0000000000000000e+00,2.4999999984727472e-02,2.4999999984718736e-02,1.1882124191794874e+00,6.2737094158103424e-01
branch0_seg99,0.0000000000000000e+00,2.4999999984898092e-02,2.4999999984896319e-02,6.2737109330046492e-01,2.4999999984896319e-02
branch0_seg99,1.1111111111111116e-01,2.5000000027121178e-02,2.5000000027127656e-02,6.2737084090172868e-01,2.5000000027127656e-02
branch0_seg99,2.2222222222222210e-01,2.4999999973446846e-02,2.4999999973439855e-02,6.2737098137387792e-01,2.4999999973439855e-02
branch0_seg99,3.3333333333333326e-01,2.5000000021309410e-02,2.5000000021315246e-02,6.2737091005329848e-01,2.5000000021315246e-02
branch0_seg99,4.4444444444444442e-01,2.4999999984718736e-02,2.4999999984714458e-02,6.2737094158103424e-01,2.4999999984714458e-02
branch0_seg99,5.5555555555555536e-01,2.4999999984718736e-02,2.4999999984714458e-02,6.2737094158103424e-01,2.4999999984714458e-02
branch0_seg99,6.6666666666666652e-01,2.4999999984718736e-02,2.4999999984714458e-02,6.2737094158103424e-01,2.4999999984714458e-02
branch0_seg99,7.7777777777777768e-01,2.4999999984718736e-02,2.4999999984714458e-02,6.2737094158103424e-01,2.4999999984714458e-02
branch0_seg99,8.8888888888888884e-01,2.4999999984718736e-02,2.4999999984714458e-02,6.2737094158103424e-01,2.4999999984714458e-02
branch0_seg99,1.0000000000000000e+00,2.4999999984718736e-02,2.4999999984714458e-02,6.2737094158103424e-01,2.4999999984714458e-02
