name,time,flow_in,flow_out,pressure_in,pressure_out
branch0_seg0,0.0000000000000000e+00,6.0333299999945127e-02,6.0333300000146618e-02,8.4396023244308549e+02,8.3697381919182749e+02
branch0_seg0,1.1111111111111116e-01,6.0333300000027436e-02,6.0333300000017569e-02,8.4396021932206418e+02,8.3697380605434739e+02
branch0_seg0,2.2222222222222210e-01,6.0333299999986281e-02,6.0333299999917510e-02,8.4396022781363536e+02,8.3697381455426864e+02
branch0_seg0,3.3333333333333326e-01,6.0333300000006862e-02,6.0333300000094535e-02,8.4396022270047399e+02,8.3697380943682742e+02
branch0_seg0,4.4444444444444442e-01,6.0333299999996565e-02,6.0333299999917260e-02,8.4396022555491959e+02,8.3697381229351231e+02
branch0_seg0,5.5555555555555536e-01,6.0333300000001713e-02,6.0333300000063345e-02,8.4396022410356136e+02,8.3697381084094513e+02
branch0_seg0,6.6666666666666652e-01,6.0333299999999139e-02,6.0333299999955660e-02,8.4396022474395375e+02,8.3697381148201646e+02
branch0_seg0,7.7777777777777768e-01,6.0333299999999139e-02,6.0333299999955660e-02,8.4396022474395375e+02,8.3697381148201646e+02
branch0_seg0,8.8888888888888884e-01,6.0333300000000430e-02,6.0333300000020455e-02,8.4396022450527619e+02,8.3697381124296271e+02
branch0_seg0,1.0000000000000000e+00,6.0333300000000430e-02,6.0333300000020455e-02,8.4396022450527619e+02,8.3697381124296271e+02
branch0_seg1,0.0000000000000000e+00,6.0333300000146618e-02,6.0333300000331429e-02,8.3697381919182749e+02,8.3017663456880166e+02
branch0_seg1,1.1111111111111116e-01,6.0333300000017569e-02,6.0333300000017832e-02,8.3697380605434739e+02,8.3017662142012819e+02
branch0_seg1,2.2222222222222210e-01,6.0333299999917510e-02,6.0333299999842480e-02,8.3697381455426864e+02,8.3017662992541830e+02
branch0_seg1,3.3333333333333326e-01,6.0333300000094535e-02,6.0333300000186135e-02,8.3697380943682742e+02,8.3017662480531635e+02
branch0_seg1,4.4444444444444442e-01,6.0333299999917260e-02,6.0333299999835499e-02,8.3697381229351231e+02,8.3017662766341471e+02
branch0_seg1,5.5555555555555536e-01,6.0333300000063345e-02,6.0333300000126489e-02,8.3697381084094513e+02,8.3017662621001932e+02
branch0_seg1,6.6666666666666652e-01,6.0333299999955660e-02,6.0333299999911244e-02,8.3697381148201646e+02,8.3017662685162509e+02
branch0_seg1,7.7777777777777768e-01,6.0333299999955660e-02,6.0333299999911244e-02,8.3697381148201646e+02,8.3017662685162509e+02
branch0_seg1,8.8888888888888884e-01,6.0333300000020455e-02,6.0333300000040932e-02,8.3697381124296271e+02,8.3017662661223790e+02
branch0_seg1,1.0000000000000000e+00,6.0333300000020455e-02,6.0333300000040932e-02,8.3697381124296271e+02,8.3017662661223790e+02
branch0_seg2,0.0000000000000000e+00,6.0333300000331429e-02,6.0333300000496137e-02,8.3017663456880166e+02,8.2303381721973244e+02
branch0_seg2,1.1111111111111116e-01,6.0333300000017832e-02,6.0333300000026582e-02,8.3017662142012819e+02,8.2303380406411702e+02
branch0_seg2,2.2222222222222210e-01,6.0333299999842480e-02,6.0333299999764653e-02,8.3017662992541830e+02,8.2303381257233718e+02
branch0_seg2,3.3333333333333326e-01,6.0333300000186135e-02,6.0333300000277999e-02,8.3017662480531635e+02,8.2303380745089953e+02
branch0_seg2,4.4444444444444442e-01,6.0333299999835499e-02,6.0333299999754376e-02,8.3017662766341471e+02,8.2303381030974788e+02
branch0_seg2,5.5555555555555536e-01,6.0333300000126489e-02,6.0333300000188834e-02,8.3017662621001932e+02,8.2303380885581362e+02
branch0_seg2,6.6666666666666652e-01,6.0333299999911244e-02,6.0333299999867508e-02,8.3017662685162509e+02,8.2303380949786208e+02
branch0_seg2,7.7777777777777768e-01,6.0333299999911244e-02,6.0333299999867508e-02,8.3017662685162509e+02,8.2303380949786208e+02
branch0_seg2,8.8888888888888884e-01,6.0333300000040932e-02,6.0333300000061110e-02,8.3017662661223790e+02,8.2303380925815509e+02
branch0_seg2,1.0000000000000000e+00,6.0333300000040932e-02,6.0333300000061110e-02,8.3017662661223790e+02,8.2303380925815509e+02
branch0_seg3,0.0000000000000000e+00,6.0333300000496137e-02,6.0333300000644227e-02,8.2303381721973244e+02,8.1560918553676981e+02
branch0_seg3,1.1111111111111116e-01,6.0333300000026582e-02,6.0333300000042389e-02,8.2303380406411702e+02,8.1560917237807712e+02
branch0_seg3,2.2222222222222210e-01,6.0333299999764653e-02,6.0333299999684467e-02,8.2303381257233718e+02,8.1560918088701146e+02
branch0_seg3,3.3333333333333326e-01,6.0333300000277999e-02,6.0333300000370148e-02,8.2303380745089953e+02,8.1560917576543454e+02
branch0_seg3,4.4444444444444442e-01,6.0333299999754376e-02,6.0333299999673733e-02,8.2303381030974788e+02,8.1560917862444410e+02
branch0_seg3,5.5555555555555536e-01,6.0333300000188834e-02,6.0333300000250549e-02,8.2303380885581362e+02,8.1560917717021630e+02
branch0_seg3,6.6666666666666652e-01,6.0333299999867508e-02,6.0333299999824321e-02,8.2303380949786208e+02,8.1560917781264197e+02
branch0_seg3,7.7777777777777768e-01,6.0333299999867508e-02,6.0333299999824321e-02,8.2303380949786208e+02,8.1560917781264197e+02
branch0_seg3,8.8888888888888884e-01,6.0333300000061110e-02,6.0333300000081039e-02,8.2303380925815509e+02,8.1560917757261393e+02
branch0_seg3,1.0000000000000000e+00,6.0333300000061110e-02,6.0333300000081039e-02,8.2303380925815509e+02,8.1560917757261393e+02
branch0_seg4,0.0000000000000000e+00,6.0333300000644227e-02,6.0333300000777072e-02,8.1560918553676981e+02,8.0772830551647201e+02
branch0_seg4,1.1111111111111116e-01,6.0333300000042389e-02,6.0333300000063775e-02,8.1560917237807712e+02,8.0772829235813765e+02
branch0_seg4,2.2222222222222210e-01,6.0333299999684467e-02,6.0333299999603268e-02,8.1560918088701146e+02,8.0772830086580495e+02
branch0_seg4,3.3333333333333326e-01,6.0333300000370148e-02,6.0333300000461478e-02,8.1560917576543454e+02,8.0772829574515299e+02
branch0_seg4,4.4444444444444442e-01,6.0333299999673733e-02,6.0333299999594393e-02,8.1560917862444410e+02,8.0772829860381205e+02
branch0_seg4,5.5555555555555536e-01,6.0333300000250549e-02,6.0333300000311049e-02,8.1560917717021630e+02,8.0772829714948932e+02
branch0_seg4,6.6666666666666652e-01,6.0333299999824321e-02,6.0333299999782063e-02,8.1560917781264197e+02,8.0772829779225628e+02
branch0_seg4,7.7777777777777768e-01,6.0333299999824321e-02,6.0333299999782063e-02,8.1560917781264197e+02,8.0772829779225628e+02
branch0_seg4,8.8888888888888884e-01,6.0333300000081039e-02,6.0333300000100544e-02,8.1560917757261393e+02,8.0772829755188843e+02
branch0_seg4,1.0000000000000000e+00,6.0333300000081039e-02,6.0333300000100544e-02,8.1560917757261393e+02,8.0772829755188843e+02
branch0_seg5,0.0000000000000000e+00,6.0333300000777072e-02,6.0333300000897122e-02,8.0772830551647201e+02,7.9943683087831346e+02
branch0_seg5,1.1111111111111116e-01,6.0333300000063775e-02,6.0333300000089518e-02,8.0772829235813765e+02,7.9943681772342723e+02
branch0_seg5,2.2222222222222210e-01,6.0333299999603268e-02,6.0333299999521618e-02,8.0772830086580495e+02,7.9943682622803919e+02
branch0_seg5,3.3333333333333326e-01,6.0333300000461478e-02,6.0333300000551746e-02,8.0772829574515299e+02,7.9943682110926727e+02
branch0_seg5,4.4444444444444442e-01,6.0333299999594393e-02,6.0333299999516456e-02,8.0772829860381205e+02,7.9943682396712757e+02
branch0_seg5,5.5555555555555536e-01,6.0333300000311049e-02,6.0333300000370314e-02,8.0772829714948932e+02,7.9943682251287078e+02
branch0_seg5,6.6666666666666652e-01,6.0333299999782063e-02,6.0333299999740735e-02,8.0772829779225628e+02,7.9943682315596573e+02
branch0_seg5,7.7777777777777768e-01,6.0333299999782063e-02,6.0333299999740735e-02,8.0772829779225628e+02,7.9943682315596573e+02
branch0_seg5,8.8888888888888884e-01,6.0333300000100544e-02,6.0333300000119626e-02,8.0772829755188843e+02,7.9943682291522668e+02
branch0_seg5,1.0000000000000000e+00,6.0333300000100544e-02,6.0333300000119626e-02,8.0772829755188843e+02,7.9943682291522668e+02
branch0_seg6,0.0000000000000000e+00,6.0333300000897122e-02,6.0333300001006361e-02,7.9943683087831346e+02,7.9063652625160103e+02
branch0_seg6,1.1111111111111116e-01,6.0333300000089518e-02,6.0333300000118488e-02,7.9943681772342723e+02,7.9063651310294040e+02
branch0_seg6,2.2222222222222210e-01,6.0333299999521618e-02,6.0333299999440197e-02,7.9943682622803919e+02,7.9063652160288268e+02
branch0_seg6,3.3333333333333326e-01,6.0333300000551746e-02,6.0333300000640556e-02,7.9943682110926727e+02,7.9063651648684595e+02
branch0_seg6,4.4444444444444442e-01,6.0333299999516456e-02,6.0333299999440142e-02,7.9943682396712757e+02,7.9063651934351844e+02
branch0_seg6,5.5555555555555536e-01,6.0333300000370314e-02,6.0333300000428206e-02,7.9943682251287078e+02,7.9063651788945219e+02
branch0_seg6,6.6666666666666652e-01,6.0333299999740735e-02,6.0333299999700413e-02,7.9943682315596573e+02,7.9063651853288491e+02
branch0_seg6,7.7777777777777768e-01,6.0333299999740735e-02,6.0333299999700413e-02,7.9943682315596573e+02,7.9063651853288491e+02
branch0_seg6,8.8888888888888884e-01,6.0333300000119626e-02,6.0333300000138250e-02,7.9943682291522668e+02,7.9063651829172943e+02
branch0_seg6,1.0000000000000000e+00,6.0333300000119626e-02,6.0333300000138250e-02,7.9943682291522668e+02,7.9063651829172943e+02
branch0_seg7,0.0000000000000000e+00,6.0333300001006361e-02,6.0333300001106829e-02,7.9063652625160103e+02,7.8136217807739001e+02
branch0_seg7,1.1111111111111116e-01,6.0333300000118488e-02,6.0333300000149734e-02,7.9063651310294040e+02,7.8136216493743791e+02
branch0_seg7,2.2222222222222210e-01,6.0333299999440197e-02,6.0333299999359380e-02,7.9063652160288268e+02,7.8136217343125873e+02
branch0_seg7,3.3333333333333326e-01,6.0333300000640556e-02,6.0333300000727792e-02,7.9063651648684595e+02,7.8136216831872139e+02
branch0_seg7,4.4444444444444442e-01,6.0333299999440142e-02,6.0333299999365472e-02,7.9063651934351844e+02,7.8136217117386934e+02
branch0_seg7,5.5555555555555536e-01,6.0333300000428206e-02,6.0333300000484744e-02,7.9063651788945219e+02,7.8136216972008708e+02
branch0_seg7,6.6666666666666652e-01,6.0333299999700413e-02,6.0333299999661076e-02,7.9063651853288491e+02,7.8136217036388621e+02
branch0_seg7,7.7777777777777768e-01,6.0333299999700413e-02,6.0333299999661076e-02,7.9063651853288491e+02,7.8136217036388621e+02
branch0_seg7,8.8888888888888884e-01,6.0333300000138250e-02,6.0333300000156423e-02,7.9063651829172943e+02,7.8136217012225848e+02
branch0_seg7,1.0000000000000000e+00,6.0333300000138250e-02,6.0333300000156423e-02,7.9063651829172943e+02,7.8136217012225848e+02
branch0_seg8,0.0000000000000000e+00,6.0333300001106829e-02,6.0333300001200844e-02,7.8136217807739001e+02,7.7167863931232569e+02
branch0_seg8,1.1111111111111116e-01,6.0333300000149734e-02,6.0333300000182596e-02,7.8136216493743791e+02,7.7167862618324807e+02
branch0_seg8,2.2222222222222210e-01,6.0333299999359380e-02,6.0333299999279083e-02,7.8136217343125873e+02,7.7167863466967776e+02
branch0_seg8,3.3333333333333326e-01,6.0333300000727792e-02,6.0333300000813793e-02,7.8136216831872139e+02,7.7167862956130114e+02
branch0_seg8,4.4444444444444442e-01,6.0333299999365472e-02,6.0333299999292066e-02,7.8136217117386934e+02,7.7167863241464408e+02
branch0_seg8,5.5555555555555536e-01,6.0333300000484744e-02,6.0333300000540255e-02,7.8136216972008708e+02,7.7167863096120971e+02
branch0_seg8,6.6666666666666652e-01,6.0333299999661076e-02,6.0333299999622482e-02,7.8136217036388621e+02,7.7167863160541901e+02
branch0_seg8,7.7777777777777768e-01,6.0333299999661076e-02,6.0333299999622482e-02,7.8136217036388621e+02,7.7167863160541901e+02
branch0_seg8,8.8888888888888884e-01,6.0333300000156423e-02,6.0333300000174263e-02,7.8136217012225848e+02,7.7167863136325570e+02
branch0_seg8,1.0000000000000000e+00,6.0333300000156423e-02,6.0333300000174263e-02,7.8136217012225848e+02,7.7167863136325570e+02
branch0_seg9,0.0000000000000000e+00,6.0333300001200844e-02,6.0333300001288885e-02,7.7167863931232569e+02,7.6133669880732066e+02
branch0_seg9,1.1111111111111116e-01,6.0333300000182596e-02,6.0333300000215924e-02,7.7167862618324807e+02,7.6133668569116833e+02
branch0_seg9,2.2222222222222210e-01,6.0333299999279083e-02,6.0333299999200597e-02,7.7167863466967776e+02,7.6133669416898567e+02
branch0_seg9,3.3333333333333326e-01,6.0333300000813793e-02,6.0333300000897427e-02,7.7167862956130114e+02,7.6133668906540277e+02
branch0_seg9,4.4444444444444442e-01,6.0333299999292066e-02,6.0333299999220824e-02,7.7167863241464408e+02,7.6133669191668503e+02
branch0_seg9,5.5555555555555536e-01,6.0333300000540255e-02,6.0333300000594073e-02,7.7167863096120971e+02,7.6133669046363809e+02
branch0_seg9,6.6666666666666652e-01,6.0333299999622482e-02,6.0333299999585074e-02,7.7167863160541901e+02,7.6133669110832375e+02
branch0_seg9,7.7777777777777768e-01,6.0333299999622482e-02,6.0333299999585074e-02,7.7167863160541901e+02,7.6133669110832375e+02
branch0_seg9,8.8888888888888884e-01,6.0333300000174263e-02,6.0333300000191548e-02,7.7167863136325570e+02,7.6133669086554528e+02
branch0_seg9,1.0000000000000000e+00,6.0333300000174263e-02,6.0333300000191548e-02,7.7167863136325570e+02,7.6133669086554528e+02
branch0_seg10,0.0000000000000000e+00,6.0333300001288885e-02,6.0333300001372617e-02,7.6133669880732066e+02,7.5039329131980833e+02
branch0_seg10,1.1111111111111116e-01,6.0333300000215924e-02,6.0333300000249120e-02,7.6133668569116833e+02,7.5039327821840425e+02
branch0_seg10,2.2222222222222210e-01,6.0333299999200597e-02,6.0333299999124020e-02,7.6133669416898567e+02,7.5039328668651183e+02
branch0_seg10,3.3333333333333326e-01,6.0333300000897427e-02,6.0333300000978779e-02,7.6133668906540277e+02,7.5039328158828766e+02
branch0_seg10,4.4444444444444442e-01,6.0333299999220824e-02,6.0333299999151595e-02,7.6133669191668503e+02,7.5039328443729096e+02
branch0_seg10,5.5555555555555536e-01,6.0333300000594073e-02,6.0333300000646344e-02,7.6133669046363809e+02,7.5039328298465045e+02
branch0_seg10,6.6666666666666652e-01,6.0333299999585074e-02,6.0333299999548756e-02,7.6133669110832375e+02,7.5039328362989033e+02
branch0_seg10,7.7777777777777768e-01,6.0333299999585074e-02,6.0333299999548756e-02,7.6133669110832375e+02,7.5039328362989033e+02
branch0_seg10,8.8888888888888884e-01,6.0333300000191548e-02,6.0333300000208340e-02,7.6133669086554528e+02,7.5039328338641064e+02
branch0_seg10,1.0000000000000000e+00,6.0333300000191548e-02,6.0333300000208340e-02,7.6133669086554528e+02,7.5039328338641064e+02
branch0_seg11,0.0000000000000000e+00,6.0333300001372617e-02,6.0333300001453205e-02,7.5039329131980833e+02,7.3872556324151287e+02
branch0_seg11,1.1111111111111116e-01,6.0333300000249120e-02,6.0333300000281552e-02,7.5039327821840425e+02,7.3872555015653074e+02
branch0_seg11,2.2222222222222210e-01,6.0333299999124020e-02,6.0333299999049683e-02,7.5039328668651183e+02,7.3872555861391106e+02
branch0_seg11,3.3333333333333326e-01,6.0333300000978779e-02,6.0333300001057681e-02,7.5039328158828766e+02,7.3872555352156394e+02
branch0_seg11,4.4444444444444442e-01,6.0333299999151595e-02,6.0333299999084475e-02,7.5039328443729096e+02,7.3872555636810034e+02
branch0_seg11,5.5555555555555536e-01,6.0333300000646344e-02,6.0333300000697032e-02,7.5039328298465045e+02,7.3872555491586377e+02
branch0_seg11,6.6666666666666652e-01,6.0333299999548756e-02,6.0333299999513527e-02,7.5039328362989033e+02,7.3872555556175166e+02
branch0_seg11,7.7777777777777768e-01,6.0333299999548756e-02,6.0333299999513527e-02,7.5039328362989033e+02,7.3872555556175166e+02
branch0_seg11,8.8888888888888884e-01,6.0333300000208340e-02,6.0333300000224632e-02,7.5039328338641064e+02,7.3872555531747400e+02
branch0_seg11,1.0000000000000000e+00,6.0333300000208340e-02,6.0333300000224632e-02,7.5039328338641064e+02,7.3872555531747400e+02
branch0_seg12,0.0000000000000000e+00,6.0333300001453205e-02,6.0333300001531899e-02,7.3872556324151287e+02,7.2642071064502704e+02
branch0_seg12,1.1111111111111116e-01,6.0333300000281552e-02,6.0333300000312770e-02,7.3872555015653074e+02,7.2642069757796958e+02
branch0_seg12,2.2222222222222210e-01,6.0333299999049683e-02,6.0333299998977671e-02,7.3872555861391106e+02,7.2642070602369085e+02
branch0_seg12,3.3333333333333326e-01,6.0333300001057681e-02,6.0333300001134189e-02,7.3872555352156394e+02,7.2642070093769587e+02
branch0_seg12,4.4444444444444442e-01,6.0333299999084475e-02,6.0333299999019353e-02,7.3872555636810034e+02,7.2642070378159974e+02
branch0_seg12,5.5555555555555536e-01,6.0333300000697032e-02,6.0333300000746222e-02,7.3872555491586377e+02,7.2642070232975266e+02
branch0_seg12,6.6666666666666652e-01,6.0333299999513527e-02,6.0333299999479326e-02,7.3872555556175166e+02,7.2642070297638861e+02
branch0_seg12,7.7777777777777768e-01,6.0333299999513527e-02,6.0333299999479326e-02,7.3872555556175166e+02,7.2642070297638861e+02
branch0_seg12,8.8888888888888884e-01,6.0333300000224632e-02,6.0333300000240453e-02,7.3872555531747400e+02,7.2642070273121351e+02
branch0_seg12,1.0000000000000000e+00,6.0333300000224632e-02,6.0333300000240453e-02,7.3872555531747400e+02,7.2642070273121351e+02
branch0_seg13,0.0000000000000000e+00,6.0333300001531899e-02,6.0333300001609511e-02,7.2642071064502704e+02,7.1328846703067802e+02
branch0_seg13,1.1111111111111116e-01,6.0333300000312770e-02,6.0333300000342281e-02,7.2642069757796958e+02,7.1328845398297540e+02
branch0_seg13,2.2222222222222210e-01,6.0333299998977671e-02,6.0333299998908296e-02,7.2642070602369085e+02,7.1328846241614383e+02
branch0_seg13,3.3333333333333326e-01,6.0333300001134189e-02,6.0333300001208096e-02,7.2642070093769587e+02,7.1328845733695061e+02
branch0_seg13,4.4444444444444442e-01,6.0333299999019353e-02,6.0333299998956369e-02,7.2642070378159974e+02,7.1328846017807666e+02
branch0_seg13,5.5555555555555536e-01,6.0333300000746222e-02,6.0333300000793816e-02,7.2642070232975266e+02,7.1328845872658712e+02
branch0_seg13,6.6666666666666652e-01,6.0333299999479326e-02,6.0333299999446227e-02,7.2642070297638861e+02,7.1328845937408630e+02
branch0_seg13,7.7777777777777768e-01,6.0333299999479326e-02,6.0333299999446227e-02,7.2642070297638861e+02,7.1328845937408630e+02
branch0_seg13,8.8888888888888884e-01,6.0333300000240453e-02,6.0333300000255760e-02,7.2642070273121351e+02,7.1328845912790348e+02
branch0_seg13,1.0000000000000000e+00,6.0333300000240453e-02,6.0333300000255760e-02,7.2642070273121351e+02,7.1328845912790348e+02
branch0_seg14,0.0000000000000000e+00,6.0333300001609511e-02,6.0333300001686740e-02,7.1328846703067802e+02,6.9934224114495510e+02
branch0_seg14,1.1111111111111116e-01,6.0333300000342281e-02,6.0333300000369620e-02,7.1328845398297540e+02,6.9934222811799930e+02
branch0_seg14,2.2222222222222210e-01,6.0333299998908296e-02,6.0333299998841863e-02,7.1328846241614383e+02,6.9934223653772267e+02
branch0_seg14,3.3333333333333326e-01,6.0333300001208096e-02,6.0333300001279219e-02,7.1328845733695061e+02,6.9934223146578552e+02
branch0_seg14,4.4444444444444442e-01,6.0333299998956369e-02,6.0333299998895661e-02,7.1328846017807666e+02,6.9934223430398731e+02
branch0_seg14,5.5555555555555536e-01,6.0333300000793816e-02,6.0333300000839751e-02,7.1328845872658712e+02,6.9934223285282042e+02
branch0_seg14,6.6666666666666652e-01,6.0333299999446227e-02,6.0333299999414253e-02,7.1328845937408630e+02,6.9934223350130355e+02
branch0_seg14,7.7777777777777768e-01,6.0333299999446227e-02,6.0333299999414253e-02,7.1328845937408630e+02,6.9934223350130355e+02
branch0_seg14,8.8888888888888884e-01,6.0333300000255760e-02,6.0333300000270554e-02,7.1328845912790348e+02,6.9934223325399728e+02
branch0_seg14,1.0000000000000000e+00,6.0333300000255760e-02,6.0333300000270554e-02,7.1328845912790348e+02,6.9934223325399728e+02
branch0_seg15,0.0000000000000000e+00,6.0333300001686740e-02,6.0333300001764525e-02,6.9934224114495510e+02,6.8448656528765309e+02
branch0_seg15,1.1111111111111116e-01,6.0333300000369620e-02,6.0333300000394538e-02,6.9934222811799930e+02,6.8448655228274299e+02
branch0_seg15,2.2222222222222210e-01,6.0333299998841863e-02,6.0333299998778324e-02,6.9934223653772267e+02,6.8448656068818309e+02
branch0_seg15,3.3333333333333326e-01,6.0333300001279219e-02,6.0333300001347699e-02,6.9934223146578552e+02,6.8448655562392344e+02
branch0_seg15,4.4444444444444442e-01,6.0333299998895661e-02,6.0333299998837055e-02,6.9934223430398731e+02,6.8448655845907501e+02
branch0_seg15,5.5555555555555536e-01,6.0333300000839751e-02,6.0333300000884153e-02,6.9934223285282042e+02,6.8448655700818279e+02
branch0_seg15,6.6666666666666652e-01,6.0333299999414253e-02,6.0333299999383319e-02,6.9934223350130355e+02,6.8448655765777892e+02
branch0_seg15,7.7777777777777768e-01,6.0333299999414253e-02,6.0333299999383319e-02,6.9934223350130355e+02,6.8448655765777892e+02
branch0_seg15,8.8888888888888884e-01,6.0333300000270554e-02,6.0333300000284869e-02,6.9934223325399728e+02,6.8448655740922891e+02
branch0_seg15,1.0000000000000000e+00,6.0333300000270554e-02,6.0333300000284869e-02,6.9934223325399728e+02,6.8448655740922891e+02
branch0_seg16,0.0000000000000000e+00,6.0333300001764525e-02,6.0333300001842678e-02,6.8448656528765309e+02,6.6843395332607554e+02
branch0_seg16,1.1111111111111116e-01,6.0333300000394538e-02,6.0333300000416513e-02,6.8448655228274299e+02,6.6843394034473431e+02
branch0_seg16,2.2222222222222210e-01,6.0333299998778324e-02,6.0333299998718427e-02,6.8448656068818309e+02,6.6843394873489501e+02
branch0_seg16,3.3333333333333326e-01,6.0333300001347699e-02,6.0333300001412814e-02,6.8448655562392344e+02,6.6843394367882138e+02
branch0_seg16,4.4444444444444442e-01,6.0333299998837055e-02,6.0333299998781141e-02,6.8448655845907501e+02,6.6843394651076323e+02
branch0_seg16,5.5555555555555536e-01,6.0333300000884153e-02,6.0333300000926585e-02,6.8448655700818279e+02,6.6843394506009827e+02
branch0_seg16,6.6666666666666652e-01,6.0333299999383319e-02,6.0333299999353732e-02,6.8448655765777892e+02,6.6843394571095246e+02
branch0_seg16,7.7777777777777768e-01,6.0333299999383319e-02,6.0333299999353732e-02,6.8448655765777892e+02,6.6843394571095246e+02
branch0_seg16,8.8888888888888884e-01,6.0333300000284869e-02,6.0333300000298566e-02,6.8448655740922891e+02,6.6843394546102138e+02
branch0_seg16,1.0000000000000000e+00,6.0333300000284869e-02,6.0333300000298566e-02,6.8448655740922891e+02,6.6843394546102138e+02
branch0_seg17,0.0000000000000000e+00,6.0333300001842678e-02,6.0333300001922663e-02,6.6843395332607554e+02,6.5141665923022492e+02
branch0_seg17,1.1111111111111116e-01,6.0333300000416513e-02,6.0333300000435582e-02,6.6843394034473431e+02,6.5141664627372984e+02
branch0_seg17,2.2222222222222210e-01,6.0333299998718427e-02,6.0333299998661535e-02,6.6843394873489501e+02,6.5141665464776167e+02
branch0_seg17,3.3333333333333326e-01,6.0333300001412814e-02,6.0333300001475333e-02,6.6843394367882138e+02,6.5141664960030846e+02
branch0_seg17,4.4444444444444442e-01,6.0333299998781141e-02,6.0333299998727240e-02,6.6843394651076323e+02,6.5141665242890838e+02
branch0_seg17,5.5555555555555536e-01,6.0333300000926585e-02,6.0333300000967580e-02,6.6843394506009827e+02,6.5141665097842235e+02
branch0_seg17,6.6666666666666652e-01,6.0333299999353732e-02,6.0333299999325102e-02,6.6843394571095246e+02,6.5141665163066807e+02
branch0_seg17,7.7777777777777768e-01,6.0333299999353732e-02,6.0333299999325102e-02,6.6843394571095246e+02,6.5141665163066807e+02
branch0_seg17,8.8888888888888884e-01,6.0333300000298566e-02,6.0333300000311819e-02,6.6843394546102138e+02,6.5141665137923076e+02
branch0_seg17,1.0000000000000000e+00,6.0333300000298566e-02,6.0333300000311819e-02,6.6843394546102138e+02,6.5141665137923076e+02
branch0_seg18,0.0000000000000000e+00,6.0333300001922663e-02,6.0333300002004694e-02,6.5141665923022492e+02,6.3327282941334249e+02
branch0_seg18,1.1111111111111116e-01,6.0333300000435582e-02,6.0333300000451527e-02,6.5141664627372984e+02,6.3327281648309179e+02
branch0_seg18,2.2222222222222210e-01,6.0333299998661535e-02,6.0333299998607849e-02,6.5141665464776167e+02,6.3327282484006116e+02
branch0_seg18,3.3333333333333326e-01,6.0333300001475333e-02,6.0333300001535084e-02,6.5141664960030846e+02,6.3327281980170937e+02
branch0_seg18,4.4444444444444442e-01,6.0333299998727240e-02,6.0333299998675483e-02,6.5141665242890838e+02,6.3327282262681649e+02
branch0_seg18,5.5555555555555536e-01,6.0333300000967580e-02,6.0333300001007034e-02,6.5141665097842235e+02,6.3327282117646291e+02
branch0_seg18,6.6666666666666652e-01,6.0333299999325102e-02,6.0333299999297506e-02,6.5141665163066807e+02,6.3327282183023999e+02
branch0_seg18,7.7777777777777768e-01,6.0333299999325102e-02,6.0333299999297506e-02,6.5141665163066807e+02,6.3327282183023999e+02
branch0_seg18,8.8888888888888884e-01,6.0333300000311819e-02,6.0333300000324601e-02,6.5141665137923076e+02,6.3327282157716422e+02
branch0_seg18,1.0000000000000000e+00,6.0333300000311819e-02,6.0333300000324601e-02,6.5141665137923076e+02,6.3327282157716422e+02
branch0_seg19,0.0000000000000000e+00,6.0333300002004694e-02,6.0333300002088877e-02,6.3327282941334249e+02,6.1381941965230908e+02
branch0_seg19,1.1111111111111116e-01,6.0333300000451527e-02,6.0333300000464149e-02,6.3327281648309179e+02,6.1381940674986777e+02
branch0_seg19,2.2222222222222210e-01,6.0333299998607849e-02,6.0333299998557577e-02,6.3327282484006116e+02,6.1381941508872819e+02
branch0_seg19,3.3333333333333326e-01,6.0333300001535084e-02,6.0333300001591886e-02,6.3327281980170937e+02,6.1381941006002182e+02
branch0_seg19,4.4444444444444442e-01,6.0333299998675483e-02,6.0333299998626015e-02,6.3327282262681649e+02,6.1381941288145811e+02
branch0_seg19,5.5555555555555536e-01,6.0333300001007034e-02,6.0333300001044851e-02,6.3327282117646291e+02,6.1381941143119582e+02
branch0_seg19,6.6666666666666652e-01,6.0333299999297506e-02,6.0333299999271006e-02,6.3327282183023999e+02,6.1381941208665012e+02
branch0_seg19,7.7777777777777768e-01,6.0333299999297506e-02,6.0333299999271006e-02,6.3327282183023999e+02,6.1381941208665012e+02
branch0_seg19,8.8888888888888884e-01,6.0333300000324601e-02,6.0333300000336869e-02,6.3327282157716422e+02,6.1381941183179595e+02
branch0_seg19,1.0000000000000000e+00,6.0333300000324601e-02,6.0333300000336869e-02,6.3327282157716422e+02,6.1381941183179595e+02
branch0_seg20,0.0000000000000000e+00,6.0333300002088877e-02,6.0333300002175620e-02,6.1381941965230908e+02,5.9297044027414006e+02
branch0_seg20,1.1111111111111116e-01,6.0333300000464149e-02,6.0333300000473357e-02,6.1381940674986777e+02,5.9297042740117206e+02
branch0_seg20,2.2222222222222210e-01,6.0333299998557577e-02,6.0333299998510670e-02,6.1381941508872819e+02,5.9297043572081122e+02
branch0_seg20,3.3333333333333326e-01,6.0333300001591886e-02,6.0333300001645843e-02,6.1381941006002182e+02,5.9297043070233212e+02
branch0_seg20,4.4444444444444442e-01,6.0333299998626015e-02,6.0333299998578740e-02,6.1381941288145811e+02,5.9297043351990089e+02
branch0_seg20,5.5555555555555536e-01,6.0333300001044851e-02,6.0333300001081100e-02,6.1381941143119582e+02,5.9297043206969579e+02
branch0_seg20,6.6666666666666652e-01,6.0333299999271006e-02,6.0333299999245568e-02,6.1381941208665012e+02,5.9297043272697226e+02
branch0_seg20,7.7777777777777768e-01,6.0333299999271006e-02,6.0333299999245568e-02,6.1381941208665012e+02,5.9297043272697226e+02
branch0_seg20,8.8888888888888884e-01,6.0333300000336869e-02,6.0333300000348651e-02,6.1381941183179595e+02,5.9297043247019826e+02
branch0_seg20,1.0000000000000000e+00,6.0333300000336869e-02,6.0333300000348651e-02,6.1381941183179595e+02,5.9297043247019826e+02
branch0_seg21,0.0000000000000000e+00,6.0333300002175620e-02,6.0333300002265389e-02,5.9297044027414006e+02,5.7074871091071077e+02
branch0_seg21,1.1111111111111116e-01,6.0333300000473357e-02,6.0333300000479123e-02,5.9297042740117206e+02,5.7074869806895208e+02
branch0_seg21,2.2222222222222210e-01,6.0333299998510670e-02,6.0333299998466990e-02,5.9297043572081122e+02,5.7074870636820594e+02
branch0_seg21,3.3333333333333326e-01,6.0333300001645843e-02,6.0333300001697114e-02,5.9297043070233212e+02,5.7074870136057132e+02
branch0_seg21,4.4444444444444442e-01,6.0333299998578740e-02,6.0333299998533506e-02,5.9297043351990089e+02,5.7074870417405236e+02
branch0_seg21,5.5555555555555536e-01,6.0333300001081100e-02,6.0333300001115912e-02,5.9297043206969579e+02,5.7074870272388546e+02
branch0_seg21,6.6666666666666652e-01,6.0333299999245568e-02,6.0333299999221067e-02,5.9297043272697226e+02,5.7074870338311950e+02
branch0_seg21,7.7777777777777768e-01,6.0333299999245568e-02,6.0333299999221067e-02,5.9297043272697226e+02,5.7074870338311950e+02
branch0_seg21,8.8888888888888884e-01,6.0333300000348651e-02,6.0333300000360003e-02,5.9297043247019826e+02,5.7074870312429016e+02
branch0_seg21,1.0000000000000000e+00,6.0333300000348651e-02,6.0333300000360003e-02,5.9297043247019826e+02,5.7074870312429016e+02
branch0_seg22,0.0000000000000000e+00,6.0333300002265389e-02,6.0333300002358217e-02,5.7074871091071077e+02,5.4697327368880303e+02
branch0_seg22,1.1111111111111116e-01,6.0333300000479123e-02,6.0333300000481371e-02,5.7074869806895208e+02,5.4697326088022578e+02
branch0_seg22,2.2222222222222210e-01,6.0333299998466990e-02,6.0333299998426619e-02,5.7074870636820594e+02,5.4697326915778012e+02
branch0_seg22,3.3333333333333326e-01,6.0333300001697114e-02,6.0333300001745645e-02,5.7074870136057132e+02,5.4697326416169074e+02
branch0_seg22,4.4444444444444442e-01,6.0333299998533506e-02,6.0333299998490353e-02,5.7074870417405236e+02,5.4697326697082497e+02
branch0_seg22,5.5555555555555536e-01,6.0333300001115912e-02,6.0333300001149247e-02,5.7074870272388546e+02,5.4697326552069023e+02
branch0_seg22,6.6666666666666652e-01,6.0333299999221067e-02,6.0333299999197565e-02,5.7074870338311950e+02,5.4697326618201760e+02
branch0_seg22,7.7777777777777768e-01,6.0333299999221067e-02,6.0333299999197565e-02,5.7074870338311950e+02,5.4697326618201760e+02
branch0_seg22,8.8888888888888884e-01,6.0333300000360003e-02,6.0333300000370890e-02,5.7074870312429016e+02,5.4697326592099319e+02
branch0_seg22,1.0000000000000000e+00,6.0333300000360003e-02,6.0333300000370890e-02,5.7074870312429016e+02,5.4697326592099319e+02
branch0_seg23,0.0000000000000000e+00,6.0333300002358217e-02,6.0333300002454134e-02,5.4697327368880303e+02,5.2147760080362730e+02
branch0_seg23,1.1111111111111116e-01,6.0333300000481371e-02,6.0333300000480095e-02,5.4697326088022578e+02,5.2147758803046429e+02
branch0_seg23,2.2222222222222210e-01,6.0333299998426619e-02,6.0333299998389545e-02,5.4697326915778012e+02,5.2147759628483936e+02
branch0_seg23,3.3333333333333326e-01,6.0333300001745645e-02,6.0333300001791441e-02,5.4697326416169074e+02,5.2147759130108989e+02
branch0_seg23,4.4444444444444442e-01,6.0333299998490353e-02,6.0333299998449275e-02,5.4697326697082497e+02,5.2147759410557171e+02
branch0_seg23,5.5555555555555536e-01,6.0333300001149247e-02,6.0333300001181117e-02,5.4697326552069023e+02,5.2147759265548098e+02
branch0_seg23,6.6666666666666652e-01,6.0333299999197565e-02,6.0333299999175027e-02,5.4697326618201760e+02,5.2147759331903490e+02
branch0_seg23,7.7777777777777768e-01,6.0333299999197565e-02,6.0333299999175027e-02,5.4697326618201760e+02,5.2147759331903490e+02
branch0_seg23,8.8888888888888884e-01,6.0333300000370890e-02,6.0333300000381340e-02,5.4697326592099319e+02,5.2147759305567308e+02
branch0_seg23,1.0000000000000000e+00,6.0333300000370890e-02,6.0333300000381340e-02,5.4697326592099319e+02,5.2147759305567308e+02
branch0_seg24,0.0000000000000000e+00,6.0333300002454134e-02,6.0333300002553068e-02,5.2147760080362730e+02,4.9391546448278046e+02
branch0_seg24,1.1111111111111116e-01,6.0333300000480095e-02,6.0333300000475307e-02,5.2147758803046429e+02,4.9391545174759659e+02
branch0_seg24,2.2222222222222210e-01,6.0333299998389545e-02,6.0333299998355787e-02,5.2147759628483936e+02,4.9391545997711893e+02
branch0_seg24,3.3333333333333326e-01,6.0333300001791441e-02,6.0333300001834470e-02,5.2147759130108989e+02,4.9391545500660254e+02
branch0_seg24,4.4444444444444442e-01,6.0333299998449275e-02,6.0333299998410306e-02,5.2147759410557171e+02,4.9391545780608675e+02
branch0_seg24,5.5555555555555536e-01,6.0333300001181117e-02,6.0333300001211482e-02,5.2147759265548098e+02,4.9391545635605905e+02
branch0_seg24,6.6666666666666652e-01,6.0333299999175027e-02,6.0333299999153503e-02,5.2147759331903490e+02,4.9391545702198050e+02
branch0_seg24,7.7777777777777768e-01,6.0333299999175027e-02,6.0333299999153503e-02,5.2147759331903490e+02,4.9391545702198050e+02
branch0_seg24,8.8888888888888884e-01,6.0333300000381340e-02,6.0333300000391311e-02,5.2147759305567308e+02,4.9391545675612934e+02
branch0_seg24,1.0000000000000000e+00,6.0333300000381340e-02,6.0333300000391311e-02,5.2147759305567308e+02,4.9391545675612934e+02
branch0_seg25,0.0000000000000000e+00,6.0333300002553068e-02,6.0333300002655146e-02,4.9391546448278046e+02,4.6437627266506598e+02
branch0_seg25,1.1111111111111116e-01,6.0333300000475307e-02,6.0333300000467036e-02,4.9391545174759659e+02,4.6437625997068494e+02
branch0_seg25,2.2222222222222210e-01,6.0333299998355787e-02,6.0333299998325263e-02,4.9391545997711893e+02,4.6437626817349837e+02
branch0_seg25,3.3333333333333326e-01,6.0333300001834470e-02,6.0333300001874833e-02,4.9391545500660254e+02,4.6437626321722826e+02
branch0_seg25,4.4444444444444442e-01,6.0333299998410306e-02,6.0333299998373349e-02,4.9391545780608675e+02,4.6437626601129529e+02
branch0_seg25,5.5555555555555536e-01,6.0333300001211482e-02,6.0333300001240431e-02,4.9391545635605905e+02,4.6437626456139333e+02
branch0_seg25,6.6666666666666652e-01,6.0333299999153503e-02,6.0333299999132908e-02,4.9391545702198050e+02,4.6437626522979946e+02
branch0_seg25,7.7777777777777768e-01,6.0333299999153503e-02,6.0333299999132908e-02,4.9391545702198050e+02,4.6437626522979946e+02
branch0_seg25,8.8888888888888884e-01,6.0333300000391311e-02,6.0333300000400859e-02,4.9391545675612934e+02,4.6437626496131861e+02
branch0_seg25,1.0000000000000000e+00,6.0333300000391311e-02,6.0333300000400859e-02,4.9391545675612934e+02,4.6437626496131861e+02
branch0_seg26,0.0000000000000000e+00,6.0333300002655146e-02,6.0333300002760305e-02,4.6437627266506598e+02,4.3252346962151148e+02
branch0_seg26,1.1111111111111116e-01,6.0333300000467036e-02,6.0333300000455344e-02,4.6437625997068494e+02,4.3252345697113498e+02
branch0_seg26,2.2222222222222210e-01,6.0333299998325263e-02,6.0333299998297917e-02,4.6437626817349837e+02,4.3252346514516489e+02
branch0_seg26,3.3333333333333326e-01,6.0333300001874833e-02,6.0333300001912574e-02,4.6437626321722826e+02,4.3252346020426728e+02
branch0_seg26,4.4444444444444442e-01,6.0333299998373349e-02,6.0333299998338391e-02,4.6437626601129529e+02,4.3252346299244817e+02
branch0_seg26,5.5555555555555536e-01,6.0333300001240431e-02,6.0333300001267964e-02,4.6437626456139333e+02,4.3252346154274915e+02
branch0_seg26,6.6666666666666652e-01,6.0333299999132908e-02,6.0333299999113264e-02,4.6437626522979946e+02,4.3252346221375939e+02
branch0_seg26,7.7777777777777768e-01,6.0333299999132908e-02,6.0333299999113264e-02,4.6437626522979946e+02,4.3252346221375939e+02
branch0_seg26,8.8888888888888884e-01,6.0333300000400859e-02,6.0333300000409963e-02,4.6437626496131861e+02,4.3252346194250248e+02
branch0_seg26,1.0000000000000000e+00,6.0333300000400859e-02,6.0333300000409963e-02,4.6437626496131861e+02,4.3252346194250248e+02
branch0_seg27,0.0000000000000000e+00,6.0333300002760305e-02,6.0333300002868261e-02,4.3252346962151148e+02,3.9805919552212561e+02
branch0_seg27,1.1111111111111116e-01,6.0333300000455344e-02,6.0333300000440321e-02,4.3252345697113498e+02,3.9805918291945216e+02
branch0_seg27,2.2222222222222210e-01,6.0333299998297917e-02,6.0333299998273741e-02,4.3252346514516489e+02,3.9805919106231340e+02
branch0_seg27,3.3333333333333326e-01,6.0333300001912574e-02,6.0333300001947650e-02,4.3252346020426728e+02,3.9805918613808882e+02
branch0_seg27,4.4444444444444442e-01,6.0333299998338391e-02,6.0333299998305459e-02,4.3252346299244817e+02,3.9805918891982941e+02
branch0_seg27,5.5555555555555536e-01,6.0333300001267964e-02,6.0333300001294062e-02,4.3252346154274915e+02,3.9805918747044285e+02
branch0_seg27,6.6666666666666652e-01,6.0333299999113264e-02,6.0333299999094578e-02,4.3252346221375939e+02,3.9805918814417225e+02
branch0_seg27,7.7777777777777768e-01,6.0333299999113264e-02,6.0333299999094578e-02,4.3252346221375939e+02,3.9805918814417225e+02
branch0_seg27,8.8888888888888884e-01,6.0333300000409963e-02,6.0333300000418630e-02,4.3252346194250248e+02,3.9805918786998819e+02
branch0_seg27,1.0000000000000000e+00,6.0333300000409963e-02,6.0333300000418630e-02,4.3252346194250248e+02,3.9805918786998819e+02
branch0_seg28,0.0000000000000000e+00,6.0333300002868261e-02,6.0333300002979637e-02,3.9805919552212561e+02,3.6111533858679564e+02
branch0_seg28,1.1111111111111116e-01,6.0333300000440321e-02,6.0333300000421947e-02,3.9805918291945216e+02,3.6111532603566047e+02
branch0_seg28,2.2222222222222210e-01,6.0333299998273741e-02,6.0333299998252515e-02,3.9805919106231340e+02,3.6111533414489475e+02
branch0_seg28,3.3333333333333326e-01,6.0333300001947650e-02,6.0333300001980360e-02,3.9805918613808882e+02,3.6111532923869225e+02
branch0_seg28,4.4444444444444442e-01,6.0333299998305459e-02,6.0333299998274297e-02,3.9805918891982941e+02,3.6111533201339927e+02
branch0_seg28,5.5555555555555536e-01,6.0333300001294062e-02,6.0333300001318924e-02,3.9805918747044285e+02,3.6111533056446888e+02
branch0_seg28,6.6666666666666652e-01,6.0333299999094578e-02,6.0333299999076710e-02,3.9805918814417225e+02,3.6111533124100288e+02
branch0_seg28,7.7777777777777768e-01,6.0333299999094578e-02,6.0333299999076710e-02,3.9805918814417225e+02,3.6111533124100288e+02
branch0_seg28,8.8888888888888884e-01,6.0333300000418630e-02,6.0333300000426915e-02,3.9805918786998819e+02,3.6111533096376166e+02
branch0_seg28,1.0000000000000000e+00,6.0333300000418630e-02,6.0333300000426915e-02,3.9805918786998819e+02,3.6111533096376166e+02
branch0_seg29,0.0000000000000000e+00,6.0333300002979637e-02,6.0333300003093476e-02,3.6111533858679564e+02,3.2092330945392916e+02
branch0_seg29,1.1111111111111116e-01,6.0333300000421947e-02,6.0333300000400464e-02,3.6111532603566047e+02,3.2092329695904073e+02
branch0_seg29,2.2222222222222210e-01,6.0333299998252515e-02,6.0333299998234322e-02,3.6111533414489475e+02,3.2092330503165618e+02
branch0_seg29,3.3333333333333326e-01,6.0333300001980360e-02,6.0333300002010516e-02,3.6111532923869225e+02,3.2092330014510856e+02
branch0_seg29,4.4444444444444442e-01,6.0333299998274297e-02,6.0333299998245098e-02,3.6111533201339927e+02,3.2092330291206679e+02
branch0_seg29,5.5555555555555536e-01,6.0333300001318924e-02,6.0333300001342377e-02,3.6111533056446888e+02,3.2092330146376509e+02
branch0_seg29,6.6666666666666652e-01,6.0333299999076710e-02,6.0333299999059772e-02,3.6111533124100288e+02,3.2092330214320651e+02
branch0_seg29,7.7777777777777768e-01,6.0333299999076710e-02,6.0333299999059772e-02,3.6111533124100288e+02,3.2092330214320651e+02
branch0_seg29,8.8888888888888884e-01,6.0333300000426915e-02,6.0333300000434777e-02,3.6111533096376166e+02,3.2092330186275223e+02
branch0_seg29,1.0000000000000000e+00,6.0333300000426915e-02,6.0333300000434777e-02,3.6111533096376166e+02,3.2092330186275223e+02
branch0_seg30,0.0000000000000000e+00,6.0333300003093476e-02,6.0333300003209696e-02,3.2092330945392916e+02,2.7721710428089256e+02
branch0_seg30,1.1111111111111116e-01,6.0333300000400464e-02,6.0333300000375983e-02,3.2092329695904073e+02,2.7721709184749324e+02
branch0_seg30,2.2222222222222210e-01,6.0333299998234322e-02,6.0333299998219042e-02,3.2092330503165618e+02,2.7721709988017454e+02
branch0_seg30,3.3333333333333326e-01,6.0333300002010516e-02,6.0333300002038202e-02,3.2092330014510856e+02,2.7721709501509650e+02
branch0_seg30,4.4444444444444442e-01,6.0333299998245098e-02,6.0333299998217786e-02,3.2092330291206679e+02,2.7721709777349741e+02
branch0_seg30,5.5555555555555536e-01,6.0333300001342377e-02,6.0333300001364491e-02,3.2092330146376509e+02,2.7721709632603870e+02
branch0_seg30,6.6666666666666652e-01,6.0333299999059772e-02,6.0333299999043737e-02,3.2092330214320651e+02,2.7721709700847629e+02
branch0_seg30,7.7777777777777768e-01,6.0333299999059772e-02,6.0333299999043737e-02,3.2092330214320651e+02,2.7721709700847629e+02
branch0_seg30,8.8888888888888884e-01,6.0333300000434777e-02,6.0333300000442222e-02,3.2092330186275223e+02,2.7721709672465579e+02
branch0_seg30,1.0000000000000000e+00,6.0333300000434777e-02,6.0333300000442222e-02,3.2092330186275223e+02,2.7721709672465579e+02
branch0_seg31,0.0000000000000000e+00,6.0333300003209696e-02,6.0333300003330134e-02,2.7721710428089256e+02,2.3126867944725700e+02
branch0_seg31,1.1111111111111116e-01,6.0333300000375983e-02,6.0333300000348172e-02,2.7721709184749324e+02,2.3126866708009834e+02
branch0_seg31,2.2222222222222210e-01,6.0333299998219042e-02,6.0333299998206365e-02,2.7721709988017454e+02,2.3126867506981614e+02
branch0_seg31,3.3333333333333326e-01,6.0333300002038202e-02,6.0333300002063932e-02,2.7721709501509650e+02,2.3126867022791615e+02
branch0_seg31,4.4444444444444442e-01,6.0333299998217786e-02,6.0333299998191876e-02,2.7721709777349741e+02,2.3126867297693707e+02
branch0_seg31,5.5555555555555536e-01,6.0333300001364491e-02,6.0333300001385648e-02,2.7721709632603870e+02,2.3126867153061340e+02
branch0_seg31,6.6666666666666652e-01,6.0333299999043737e-02,6.0333299999028318e-02,2.7721709700847629e+02,2.3126867221603572e+02
branch0_seg31,7.7777777777777768e-01,6.0333299999043737e-02,6.0333299999028318e-02,2.7721709700847629e+02,2.3126867221603572e+02
branch0_seg31,8.8888888888888884e-01,6.0333300000442222e-02,6.0333300000449383e-02,2.7721709672465579e+02,2.3126867192877640e+02
branch0_seg31,1.0000000000000000e+00,6.0333300000442222e-02,6.0333300000449383e-02,2.7721709672465579e+02,2.3126867192877640e+02
branch0_seg32,0.0000000000000000e+00,6.0333300003330134e-02,6.0333300003452481e-02,2.3126867944725700e+02,1.8057814673186220e+02
branch0_seg32,1.1111111111111116e-01,6.0333300000348172e-02,6.0333300000317641e-02,2.3126866708009834e+02,1.8057813443751880e+02
branch0_seg32,2.2222222222222210e-01,6.0333299998206365e-02,6.0333299998196428e-02,2.3126867506981614e+02,1.8057814238022681e+02
branch0_seg32,3.3333333333333326e-01,6.0333300002063932e-02,6.0333300002087316e-02,2.3126867022791615e+02,1.8057813756367767e+02
branch0_seg32,4.4444444444444442e-01,6.0333299998191876e-02,6.0333299998167784e-02,2.3126867297693707e+02,1.8057814030236494e+02
branch0_seg32,5.5555555555555536e-01,6.0333300001385648e-02,6.0333300001405500e-02,2.3126867153061340e+02,1.8057813885742527e+02
branch0_seg32,6.6666666666666652e-01,6.0333299999028318e-02,6.0333299999013774e-02,2.3126867221603572e+02,1.8057813954593624e+02
branch0_seg32,7.7777777777777768e-01,6.0333299999028318e-02,6.0333299999013774e-02,2.3126867221603572e+02,1.8057813954593624e+02
branch0_seg32,8.8888888888888884e-01,6.0333300000449383e-02,6.0333300000456141e-02,2.3126867192877640e+02,1.8057813925506179e+02
branch0_seg32,1.0000000000000000e+00,6.0333300000449383e-02,6.0333300000456141e-02,2.3126867192877640e+02,1.8057813925506179e+02
branch0_seg33,0.0000000000000000e+00,6.0333300003452481e-02,6.0333300003574807e-02,1.8057814673186220e+02,1.2385175502375178e+02
branch0_seg33,1.1111111111111116e-01,6.0333300000317641e-02,6.0333300000285001e-02,1.8057813443751880e+02,1.2385174281060547e+02
branch0_seg33,2.2222222222222210e-01,6.0333299998196428e-02,6.0333299998189226e-02,1.8057814238022681e+02,1.2385175070108528e+02
branch0_seg33,3.3333333333333326e-01,6.0333300002087316e-02,6.0333300002108126e-02,1.8057813756367767e+02,1.2385174591272467e+02
branch0_seg33,4.4444444444444442e-01,6.0333299998167784e-02,6.0333299998145781e-02,1.8057814030236494e+02,1.2385174863980845e+02
branch0_seg33,5.5555555555555536e-01,6.0333300001405500e-02,6.0333300001423826e-02,1.8057813885742527e+02,1.2385174719660591e+02
branch0_seg33,6.6666666666666652e-01,6.0333299999013774e-02,6.0333299999000271e-02,1.8057813954593624e+02,1.2385174788831785e+02
branch0_seg33,7.7777777777777768e-01,6.0333299999013774e-02,6.0333299999000271e-02,1.8057813954593624e+02,1.2385174788831785e+02
branch0_seg33,8.8888888888888884e-01,6.0333300000456141e-02,6.0333300000462414e-02,1.8057813925506179e+02,1.2385174759361239e+02
branch0_seg33,1.0000000000000000e+00,6.0333300000456141e-02,6.0333300000462414e-02,1.8057813925506179e+02,1.2385174759361239e+02
branch0_seg34,0.0000000000000000e+00,6.0333300003574807e-02,6.0333300004122591e-02,1.2385175502375178e+02,2.6744903137127277e+01
branch0_seg34,1.1111111111111116e-01,6.0333300000285001e-02,6.0333300000129195e-02,1.2385174281060547e+02,2.6744890957181738e+01
branch0_seg34,2.2222222222222210e-01,6.0333299998189226e-02,6.0333299998169318e-02,1.2385175070108528e+02,2.6744898838677408e+01
branch0_seg34,3.3333333333333326e-01,6.0333300002108126e-02,6.0333300002189873e-02,1.2385174591272467e+02,2.6744894047151078e+01
branch0_seg34,4.4444444444444442e-01,6.0333299998145781e-02,6.0333299998056374e-02,1.2385174863980845e+02,2.6744896782185293e+01
branch0_seg34,5.5555555555555536e-01,6.0333300001423826e-02,6.0333300001499238e-02,1.2385174719660591e+02,2.6744895330254163e+01
branch0_seg34,6.6666666666666652e-01,6.0333299999000271e-02,6.0333299998944309e-02,1.2385174788831785e+02,2.6744896029616122e+01
branch0_seg34,7.7777777777777768e-01,6.0333299999000271e-02,6.0333299998944309e-02,1.2385174788831785e+02,2.6744896029616122e+01
branch0_seg34,8.8888888888888884e-01,6.0333300000462414e-02,6.0333300000488456e-02,1.2385174759361239e+02,2.6744895729801005e+01
branch0_seg34,1.0000000000000000e+00,6.0333300000462414e-02,6.0333300000488456e-02,1.2385174759361239e+02,2.6744895729801005e+01
branch0_seg35,0.0000000000000000e+00,6.0333300004122591e-02,6.0333300005415091e-02,2.6744903137127277e+01,2.6155982163479369e+01
branch0_seg35,1.1111111111111116e-01,6.0333300000129195e-02,6.0333299999756611e-02,2.6744890957181738e+01,2.6155969997534125e+01
branch0_seg35,2.2222222222222210e-01,6.0333299998169318e-02,6.0333299998128795e-02,2.6744898838677408e+01,2.6155977869598871e+01
branch0_seg35,3.3333333333333326e-01,6.0333300002189873e-02,6.0333300002376668e-02,2.6744894047151078e+01,2.6155973083686547e+01
branch0_seg35,4.4444444444444442e-01,6.0333299998056374e-02,6.0333299997850344e-02,2.6744896782185293e+01,2.6155975815818916e+01
branch0_seg35,5.5555555555555536e-01,6.0333300001499238e-02,6.0333300001673522e-02,2.6744895330254163e+01,2.6155974365080585e+01
branch0_seg35,6.6666666666666652e-01,6.0333299998944309e-02,6.0333299998814781e-02,2.6744896029616122e+01,2.6155975064206508e+01
branch0_seg35,7.7777777777777768e-01,6.0333299998944309e-02,6.0333299998814781e-02,2.6744896029616122e+01,2.6155975064206508e+01
branch0_seg35,8.8888888888888884e-01,6.0333300000488456e-02,6.0333300000548734e-02,2.6744895729801005e+01,2.6155974764278081e+01
branch0_seg35,1.0000000000000000e+00,6.0333300000488456e-02,6.0333300000548734e-02,2.6744895729801005e+01,2.6155974764278081e+01
branch0_seg36,0.0000000000000000e+00,6.0333300005415091e-02,6.0333300006733648e-02,2.6155982163479369e+01,2.5584409642691949e+01
branch0_seg36,1.1111111111111116e-01,6.0333299999756611e-02,6.0333299999374666e-02,2.6155969997534125e+01,2.5584397494809973e+01
branch0_seg36,2.2222222222222210e-01,6.0333299998128795e-02,6.0333299998089875e-02,2.6155977869598871e+01,2.5584405354797155e+01
branch0_seg36,3.3333333333333326e-01,6.0333300002376668e-02,6.0333300002564955e-02,2.6155973083686547e+01,2.5584400576120021e+01
branch0_seg36,4.4444444444444442e-01,6.0333299997850344e-02,6.0333299997642018e-02,2.6155975815818916e+01,2.5584403304415659e+01
branch0_seg36,5.5555555555555536e-01,6.0333300001673522e-02,6.0333300001849950e-02,2.6155974365080585e+01,2.5584401855374239e+01
branch0_seg36,6.6666666666666652e-01,6.0333299998814781e-02,6.0333299998683573e-02,2.6155975064206508e+01,2.5584402554014694e+01
branch0_seg36,7.7777777777777768e-01,6.0333299998814781e-02,6.0333299998683573e-02,2.6155975064206508e+01,2.5584402554014694e+01
branch0_seg36,8.8888888888888884e-01,6.0333300000548734e-02,6.0333300000609789e-02,2.6155974764278081e+01,2.5584402254083756e+01
branch0_seg36,1.0000000000000000e+00,6.0333300000548734e-02,6.0333300000609789e-02,2.6155974764278081e+01,2.5584402254083756e+01
branch0_seg37,0.0000000000000000e+00,6.0333300006733648e-02,6.0333300008083145e-02,2.5584409642691949e+01,2.5033909487464889e+01
branch0_seg37,1.1111111111111116e-01,6.0333299999374666e-02,6.0333299998981946e-02,2.5584397494809973e+01,2.5033897361617107e+01
branch0_seg37,2.2222222222222210e-01,6.0333299998089875e-02,6.0333299998052391e-02,2.5584405354797155e+01,2.5033905206942496e+01
branch0_seg37,3.3333333333333326e-01,6.0333300002564955e-02,6.0333300002755427e-02,2.5584400576120021e+01,2.5033900437084064e+01
branch0_seg37,4.4444444444444442e-01,6.0333299997642018e-02,6.0333299997430617e-02,2.5584403304415659e+01,2.5033903160628149e+01
branch0_seg37,5.5555555555555536e-01,6.0333300001849950e-02,6.0333300002029168e-02,2.5584401855374239e+01,2.5033901713778850e+01
branch0_seg37,6.6666666666666652e-01,6.0333299998683573e-02,6.0333299998550215e-02,2.5584402554014694e+01,2.5033902411686952e+01
branch0_seg37,7.7777777777777768e-01,6.0333299998683573e-02,6.0333299998550215e-02,2.5584402554014694e+01,2.5033902411686952e+01
branch0_seg37,8.8888888888888884e-01,6.0333300000609789e-02,6.0333300000671858e-02,2.5584402254083756e+01,2.5033902111864318e+01
branch0_seg37,1.0000000000000000e+00,6.0333300000609789e-02,6.0333300000671858e-02,2.5584402254083756e+01,2.5033902111864318e+01
branch0_seg38,0.0000000000000000e+00,6.0333300008083145e-02,6.0333300009461729e-02,2.5033909487464889e+01,2.4502427060686429e+01
branch0_seg38,1.1111111111111116e-01,6.0333299998981946e-02,6.0333299998579025e-02,2.5033897361617107e+01,2.4502414960831970e+01
branch0_seg38,2.2222222222222210e-01,6.0333299998052391e-02,6.0333299998016385e-02,2.5033905206942496e+01,2.4502422788920242e+01
branch0_seg38,3.3333333333333326e-01,6.0333300002755427e-02,6.0333300002947843e-02,2.5033900437084064e+01,2.4502418029458102e+01
branch0_seg38,4.4444444444444442e-01,6.0333299997430617e-02,6.0333299997216427e-02,2.5033903160628149e+01,2.4502420747339393e+01
branch0_seg38,5.5555555555555536e-01,6.0333300002029168e-02,6.0333300002210953e-02,2.5033901713778850e+01,2.4502419303175454e+01
branch0_seg38,6.6666666666666652e-01,6.0333299998550215e-02,6.0333299998414872e-02,2.5033902411686952e+01,2.4502420000105289e+01
branch0_seg38,7.7777777777777768e-01,6.0333299998550215e-02,6.0333299998414872e-02,2.5033902411686952e+01,2.4502420000105289e+01
branch0_seg38,8.8888888888888884e-01,6.0333300000671858e-02,6.0333300000734842e-02,2.5033902111864318e+01,2.4502419700501363e+01
branch0_seg38,1.0000000000000000e+00,6.0333300000671858e-02,6.0333300000734842e-02,2.5033902111864318e+01,2.4502419700501363e+01
branch0_seg39,0.0000000000000000e+00,6.0333300009461729e-02,6.0333300010869943e-02,2.4502427060686429e+01,2.3989728283107894e+01
branch0_seg39,1.1111111111111116e-01,6.0333299998579025e-02,6.0333299998165744e-02,2.4502414960831970e+01,2.3989716213156974e+01
branch0_seg39,2.2222222222222210e-01,6.0333299998016385e-02,6.0333299997981822e-02,2.4502422788920242e+01,2.3989724021466426e+01
branch0_seg39,3.3333333333333326e-01,6.0333300002947843e-02,6.0333300003142298e-02,2.4502418029458102e+01,2.3989719273957370e+01
branch0_seg39,4.4444444444444442e-01,6.0333299997216427e-02,6.0333299996999337e-02,2.4502420747339393e+01,2.3989721985276216e+01
branch0_seg39,5.5555555555555536e-01,6.0333300002210953e-02,6.0333300002395382e-02,2.4502419303175454e+01,2.3989720544285213e+01
branch0_seg39,6.6666666666666652e-01,6.0333299998414872e-02,6.0333299998277481e-02,2.4502420000105289e+01,2.3989721239993067e+01
branch0_seg39,7.7777777777777768e-01,6.0333299998414872e-02,6.0333299998277481e-02,2.4502420000105289e+01,2.3989721239993067e+01
branch0_seg39,8.8888888888888884e-01,6.0333300000734842e-02,6.0333300000798791e-02,2.4502419700501363e+01,2.3989720940717664e+01
branch0_seg39,1.0000000000000000e+00,6.0333300000734842e-02,6.0333300000798791e-02,2.4502419700501363e+01,2.3989720940717664e+01
branch0_seg40,0.0000000000000000e+00,6.0333300010869943e-02,6.0333300012308536e-02,2.3989728283107894e+01,2.3495864176361241e+01
branch0_seg40,1.1111111111111116e-01,6.0333299998165744e-02,6.0333299997741917e-02,2.3989716213156974e+01,2.3495852140166331e+01
branch0_seg40,2.2222222222222210e-01,6.0333299997981822e-02,6.0333299997948668e-02,2.3989724021466426e+01,2.3495859926194647e+01
branch0_seg40,3.3333333333333326e-01,6.0333300003142298e-02,6.0333300003338898e-02,2.3989719273957370e+01,2.3495855192171188e+01
branch0_seg40,4.4444444444444442e-01,6.0333299996999337e-02,6.0333299996779229e-02,2.3989721985276216e+01,2.3495857896041485e+01
branch0_seg40,5.5555555555555536e-01,6.0333300002395382e-02,6.0333300002582559e-02,2.3989720544285213e+01,2.3495856458704335e+01
branch0_seg40,6.6666666666666652e-01,6.0333299998277481e-02,6.0333299998137982e-02,2.3989721239993067e+01,2.3495857152949132e+01
branch0_seg40,7.7777777777777768e-01,6.0333299998277481e-02,6.0333299998137982e-02,2.3989721239993067e+01,2.3495857152949132e+01
branch0_seg40,8.8888888888888884e-01,6.0333300000798791e-02,6.0333300000863725e-02,2.3989720940717664e+01,2.3495856854111306e+01
branch0_seg40,1.0000000000000000e+00,6.0333300000798791e-02,6.0333300000863725e-02,2.3989720940717664e+01,2.3495856854111306e+01
branch0_seg41,0.0000000000000000e+00,6.0333300012308536e-02,6.0333300013775494e-02,2.3495864176361241e+01,2.3018904839672825e+01
branch0_seg41,1.1111111111111116e-01,6.0333299997741917e-02,6.0333299997308146e-02,2.3495852140166331e+01,2.3018892841085631e+01
branch0_seg41,2.2222222222222210e-01,6.0333299997948668e-02,6.0333299997916930e-02,2.3495859926194647e+01,2.3018900602332408e+01
branch0_seg41,3.3333333333333326e-01,6.0333300003338898e-02,6.0333300003537413e-02,2.3495855192171188e+01,2.3018895883325285e+01
branch0_seg41,4.4444444444444442e-01,6.0333299996779229e-02,6.0333299996556379e-02,2.3495857896041485e+01,2.3018898578862213e+01
branch0_seg41,5.5555555555555536e-01,6.0333300002582559e-02,6.0333300002772240e-02,2.3495856458704335e+01,2.3018897145659011e+01
branch0_seg41,6.6666666666666652e-01,6.0333299998137982e-02,6.0333299997996546e-02,2.3495857152949132e+01,2.3018897838200150e+01
branch0_seg41,7.7777777777777768e-01,6.0333299998137982e-02,6.0333299997996546e-02,2.3495857152949132e+01,2.3018897838200150e+01
branch0_seg41,8.8888888888888884e-01,6.0333300000863725e-02,6.0333300000929548e-02,2.3495856854111306e+01,2.3018897539908725e+01
branch0_seg41,1.0000000000000000e+00,6.0333300000863725e-02,6.0333300000929548e-02,2.3495856854111306e+01,2.3018897539908725e+01
branch0_seg42,0.0000000000000000e+00,6.0333300013775494e-02,6.0333300015574763e-02,2.3018904839672825e+01,2.2612515074592974e+01
branch0_seg42,1.1111111111111116e-01,6.0333299997308146e-02,6.0333299996774281e-02,2.3018892841085631e+01,2.2612503111205797e+01
branch0_seg42,2.2222222222222210e-01,6.0333299997916930e-02,6.0333299997880403e-02,2.3018900602332408e+01,2.2612510849314798e+01
branch0_seg42,3.3333333333333326e-01,6.0333300003537413e-02,6.0333300003778616e-02,2.3018895883325285e+01,2.2612506144332421e+01
branch0_seg42,4.4444444444444442e-01,6.0333299996556379e-02,6.0333299996284923e-02,2.3018898578862213e+01,2.2612508832058012e+01
branch0_seg42,5.5555555555555536e-01,6.0333300002772240e-02,6.0333300003003500e-02,2.3018897145659011e+01,2.2612507402765978e+01
branch0_seg42,6.6666666666666652e-01,6.0333299997996546e-02,6.0333299997824018e-02,2.3018897838200150e+01,2.2612508093656494e+01
branch0_seg42,7.7777777777777768e-01,6.0333299997996546e-02,6.0333299997824018e-02,2.3018897838200150e+01,2.2612508093656494e+01
branch0_seg42,8.8888888888888884e-01,6.0333300000929548e-02,6.0333300001009858e-02,2.3018897539908725e+01,2.2612507795923619e+01
branch0_seg42,1.0000000000000000e+00,6.0333300000929548e-02,6.0333300001009858e-02,2.3018897539908725e+01,2.2612507795923619e+01
branch0_seg43,0.0000000000000000e+00,6.0333300015574763e-02,6.0333300017724162e-02,2.2612515074592974e+01,2.2389430377260897e+01
branch0_seg43,1.1111111111111116e-01,6.0333299996774281e-02,6.0333299996134841e-02,2.2612503111205797e+01,2.2389418447787513e+01
branch0_seg43,2.2222222222222210e-01,6.0333299997880403e-02,6.0333299997839013e-02,2.2612510849314798e+01,2.2389426163604043e+01
branch0_seg43,3.3333333333333326e-01,6.0333300003778616e-02,6.0333300004064616e-02,2.2612506144332421e+01,2.2389421472167975e+01
branch0_seg43,4.4444444444444442e-01,6.0333299996284923e-02,6.0333299995962382e-02,2.2612508832058012e+01,2.2389424152304262e+01
branch0_seg43,5.5555555555555536e-01,6.0333300003003500e-02,6.0333300003278474e-02,2.2612507402765978e+01,2.2389422726857944e+01
branch0_seg43,6.6666666666666652e-01,6.0333299997824018e-02,6.0333299997618807e-02,2.2612508093656494e+01,2.2389423416080607e+01
branch0_seg43,7.7777777777777768e-01,6.0333299997824018e-02,6.0333299997618807e-02,2.2612508093656494e+01,2.2389423416080607e+01
branch0_seg43,8.8888888888888884e-01,6.0333300001009858e-02,6.0333300001105372e-02,2.2612507795923619e+01,2.2389423118943718e+01
branch0_seg43,1.0000000000000000e+00,6.0333300001009858e-02,6.0333300001105372e-02,2.2612507795923619e+01,2.2389423118943718e+01
branch0_seg44,0.0000000000000000e+00,6.0333300017724162e-02,6.0333300019874699e-02,2.2389430377260897e+01,2.2166524079049644e+01
branch0_seg44,1.1111111111111116e-01,6.0333299996134841e-02,6.0333299995493715e-02,2.2389418447787513e+01,2.2166512187970799e+01
branch0_seg44,2.2222222222222210e-01,6.0333299997839013e-02,6.0333299997799378e-02,2.2389426163604043e+01,2.2166519878584143e+01
branch0_seg44,3.3333333333333326e-01,6.0333300004064616e-02,6.0333300004349069e-02,2.2389421472167975e+01,2.2166515202472851e+01
branch0_seg44,4.4444444444444442e-01,6.0333299995962382e-02,6.0333299995641063e-02,2.2389424152304262e+01,2.2166517873997183e+01
branch0_seg44,5.5555555555555536e-01,6.0333300003278474e-02,6.0333300003552560e-02,2.2389422726857944e+01,2.2166516452945849e+01
branch0_seg44,6.6666666666666652e-01,6.0333299997618807e-02,6.0333299997414193e-02,2.2389423416080607e+01,2.2166517140230603e+01
branch0_seg44,7.7777777777777768e-01,6.0333299997618807e-02,6.0333299997414193e-02,2.2389423416080607e+01,2.2166517140230603e+01
branch0_seg44,8.8888888888888884e-01,6.0333300001105372e-02,6.0333300001200615e-02,2.2389423118943718e+01,2.2166516843808711e+01
branch0_seg44,1.0000000000000000e+00,6.0333300001105372e-02,6.0333300001200615e-02,2.2389423118943718e+01,2.2166516843808711e+01
branch0_seg45,0.0000000000000000e+00,6.0333300019874699e-02,6.0333300022028413e-02,2.2166524079049644e+01,2.1944451711246298e+01
branch0_seg45,1.1111111111111116e-01,6.0333299995493715e-02,6.0333299994850369e-02,2.2166512187970799e+01,2.1944439862998031e+01
branch0_seg45,2.2222222222222210e-01,6.0333299997799378e-02,6.0333299997761373e-02,2.2166519878584143e+01,2.1944447525528300e+01
branch0_seg45,3.3333333333333326e-01,6.0333300004349069e-02,6.0333300004632336e-02,2.2166515202472851e+01,2.1944442866501202e+01
branch0_seg45,4.4444444444444442e-01,6.0333299995641063e-02,6.0333299995320590e-02,2.2166517873997183e+01,2.1944445528401499e+01
branch0_seg45,5.5555555555555536e-01,6.0333300003552560e-02,6.0333300003826071e-02,2.2166516452945849e+01,2.1944444112289304e+01
branch0_seg45,6.6666666666666652e-01,6.0333299997414193e-02,6.0333299997209953e-02,2.2166517140230603e+01,2.1944444797368014e+01
branch0_seg45,7.7777777777777768e-01,6.0333299997414193e-02,6.0333299997209953e-02,2.2166517140230603e+01,2.1944444797368014e+01
branch0_seg45,8.8888888888888884e-01,6.0333300001200615e-02,6.0333300001295692e-02,2.2166516843808711e+01,2.1944444501779664e+01
branch0_seg45,1.0000000000000000e+00,6.0333300001200615e-02,6.0333300001295692e-02,2.2166516843808711e+01,2.1944444501779664e+01
branch0_seg46,0.0000000000000000e+00,6.0333300022028413e-02,6.0333300024183432e-02,2.1944451711246298e+01,2.1723045129641125e+01
branch0_seg46,1.1111111111111116e-01,6.0333299994850369e-02,6.0333299994205447e-02,2.1944439862998031e+01,2.1723033328677488e+01
branch0_seg46,2.2222222222222210e-01,6.0333299997761373e-02,6.0333299997724937e-02,2.1944447525528300e+01,2.1723040960234524e+01
branch0_seg46,3.3333333333333326e-01,6.0333300004632336e-02,6.0333300004914249e-02,2.1944442866501202e+01,2.1723036320056870e+01
branch0_seg46,4.4444444444444442e-01,6.0333299995320590e-02,6.0333299995001172e-02,2.1944445528401499e+01,2.1723038971317731e+01
branch0_seg46,5.5555555555555536e-01,6.0333300003826071e-02,6.0333300004098825e-02,2.1944444112289304e+01,2.1723037560690745e+01
branch0_seg46,6.6666666666666652e-01,6.0333299997209953e-02,6.0333299997006228e-02,2.1944444797368014e+01,2.1723038243294170e+01
branch0_seg46,7.7777777777777768e-01,6.0333299997209953e-02,6.0333299997006228e-02,2.1944444797368014e+01,2.1723038243294170e+01
branch0_seg46,8.8888888888888884e-01,6.0333300001295692e-02,6.0333300001390533e-02,2.1944444501779664e+01,2.1723037948658515e+01
branch0_seg46,1.0000000000000000e+00,6.0333300001295692e-02,6.0333300001390533e-02,2.1944444501779664e+01,2.1723037948658515e+01
branch0_seg47,0.0000000000000000e+00,6.0333300024183432e-02,6.0333300026338764e-02,2.1723045129641125e+01,2.1502339051972193e+01
branch0_seg47,1.1111111111111116e-01,6.0333299994205447e-02,6.0333299993559297e-02,2.1723033328677488e+01,2.1502327302746867e+01
branch0_seg47,2.2222222222222210e-01,6.0333299997724937e-02,6.0333299997690000e-02,2.1723040960234524e+01,2.1502334900442278e+01
branch0_seg47,3.3333333333333326e-01,6.0333300004914249e-02,6.0333300005194761e-02,2.1723036320056870e+01,2.1502330280877839e+01
branch0_seg47,4.4444444444444442e-01,6.0333299995001172e-02,6.0333299994682892e-02,2.1723038971317731e+01,2.1502332920484665e+01
branch0_seg47,5.5555555555555536e-01,6.0333300004098825e-02,6.0333300004370739e-02,2.1723037560690745e+01,2.1502331515888724e+01
branch0_seg47,6.6666666666666652e-01,6.0333299997006228e-02,6.0333299996803078e-02,2.1723038243294170e+01,2.1502332195747488e+01
branch0_seg47,7.7777777777777768e-01,6.0333299997006228e-02,6.0333299996803078e-02,2.1723038243294170e+01,2.1502332195747488e+01
branch0_seg47,8.8888888888888884e-01,6.0333300001390533e-02,6.0333300001485103e-02,2.1723037948658515e+01,2.1502331902183911e+01
branch0_seg47,1.0000000000000000e+00,6.0333300001390533e-02,6.0333300001485103e-02,2.1723037948658515e+01,2.1502331902183911e+01
branch0_seg48,0.0000000000000000e+00,6.0333300026338764e-02,6.0333300028491230e-02,2.1502339051972193e+01,2.1281904247282270e+01
branch0_seg48,1.1111111111111116e-01,6.0333299993559297e-02,6.0333299992912953e-02,2.1502327302746867e+01,2.1281892554298402e+01
branch0_seg48,2.2222222222222210e-01,6.0333299997690000e-02,6.0333299997656520e-02,2.1502334900442278e+01,2.1281900115213016e+01
branch0_seg48,3.3333333333333326e-01,6.0333300005194761e-02,6.0333300005473538e-02,2.1502330280877839e+01,2.1281895518043839e+01
branch0_seg48,4.4444444444444442e-01,6.0333299994682892e-02,6.0333299994366152e-02,2.1502332920484665e+01,2.1281898144971709e+01
branch0_seg48,5.5555555555555536e-01,6.0333300004370739e-02,6.0333300004641453e-02,2.1502331515888724e+01,2.1281896746958154e+01
branch0_seg48,6.6666666666666652e-01,6.0333299996803078e-02,6.0333299996600774e-02,2.1502332195747488e+01,2.1281897423800164e+01
branch0_seg48,7.7777777777777768e-01,6.0333299996803078e-02,6.0333299996600774e-02,2.1502332195747488e+01,2.1281897423800164e+01
branch0_seg48,8.8888888888888884e-01,6.0333300001485103e-02,6.0333300001579278e-02,2.1502331902183911e+01,2.1281897131429268e+01
branch0_seg48,1.0000000000000000e+00,6.0333300001485103e-02,6.0333300001579278e-02,2.1502331902183911e+01,2.1281897131429268e+01
branch0_seg49,0.0000000000000000e+00,6.0333300028491230e-02,6.0333300030636375e-02,2.1281904247282270e+01,2.1061055856405495e+01
branch0_seg49,1.1111111111111116e-01,6.0333299992912953e-02,6.0333299992267823e-02,2.1281892554298402e+01,2.1061044224255681e+01
branch0_seg49,2.2222222222222210e-01,6.0333299997656520e-02,6.0333299997624476e-02,2.1281900115213016e+01,2.1061051745413497e+01
branch0_seg49,3.3333333333333326e-01,6.0333300005473538e-02,6.0333300005750087e-02,2.1281895518043839e+01,2.1061047172455723e+01
branch0_seg49,4.4444444444444442e-01,6.0333299994366152e-02,6.0333299994051549e-02,2.1281898144971709e+01,2.1061049785660455e+01
branch0_seg49,5.5555555555555536e-01,6.0333300004641453e-02,6.0333300004910467e-02,2.1281896746958154e+01,2.1061048394790756e+01
branch0_seg49,6.6666666666666652e-01,6.0333299996600774e-02,6.0333299996399692e-02,2.1281897423800164e+01,2.1061049068339091e+01
branch0_seg49,7.7777777777777768e-01,6.0333299996600774e-02,6.0333299996399692e-02,2.1281897423800164e+01,2.1061049068339091e+01
branch0_seg49,8.8888888888888884e-01,6.0333300001579278e-02,6.0333300001672883e-02,2.1281897131429268e+01,2.1061048777283528e+01
branch0_seg49,1.0000000000000000e+00,6.0333300001579278e-02,6.0333300001672883e-02,2.1281897131429268e+01,2.1061048777283528e+01
branch0_seg50,0.0000000000000000e+00,6.0333300030636375e-02,6.0333300032773478e-02,2.1061055856405495e+01,2.0839871063305004e+01
branch0_seg50,1.1111111111111116e-01,6.0333299992267823e-02,6.0333299991624185e-02,2.1061044224255681e+01,2.0839859496577528e+01
branch0_seg50,2.2222222222222210e-01,6.0333299997624476e-02,6.0333299997593806e-02,2.1061051745413497e+01,2.0839866975006942e+01
branch0_seg50,3.3333333333333326e-01,6.0333300005750087e-02,6.0333300006024389e-02,2.1061047172455723e+01,2.0839862428073594e+01
branch0_seg50,4.4444444444444442e-01,6.0333299994051549e-02,6.0333299993739119e-02,2.1061049785660455e+01,2.0839865026512761e+01
branch0_seg50,5.5555555555555536e-01,6.0333300004910467e-02,6.0333300005177719e-02,2.1061048394790756e+01,2.0839863643347655e+01
branch0_seg50,6.6666666666666652e-01,6.0333299996399692e-02,6.0333299996199886e-02,2.1061049068339091e+01,2.0839864313325503e+01
branch0_seg50,7.7777777777777768e-01,6.0333299996399692e-02,6.0333299996199886e-02,2.1061049068339091e+01,2.0839864313325503e+01
branch0_seg50,8.8888888888888884e-01,6.0333300001672883e-02,6.0333300001765906e-02,2.1061048777283528e+01,2.0839864023708053e+01
branch0_seg50,1.0000000000000000e+00,6.0333300001672883e-02,6.0333300001765906e-02,2.1061048777283528e+01,2.0839864023708053e+01
branch0_seg51,0.0000000000000000e+00,6.0333300032773478e-02,6.0333300034904759e-02,2.0839871063305004e+01,2.0619039653890784e+01
branch0_seg51,1.1111111111111116e-01,6.0333299991624185e-02,6.0333299990981443e-02,2.0839859496577528e+01,2.0619028157075203e+01
branch0_seg51,2.2222222222222210e-01,6.0333299997593806e-02,6.0333299997564378e-02,2.0839866975006942e+01,2.0619035589870542e+01
branch0_seg51,3.3333333333333326e-01,6.0333300006024389e-02,6.0333300006296824e-02,2.0839862428073594e+01,2.0619031070734096e+01
branch0_seg51,4.4444444444444442e-01,6.0333299993739119e-02,6.0333299993428478e-02,2.0839865026512761e+01,2.0619033653388254e+01
branch0_seg51,5.5555555555555536e-01,6.0333300005177719e-02,6.0333300005443548e-02,2.0839863643347655e+01,2.0619032278476656e+01
branch0_seg51,6.6666666666666652e-01,6.0333299996199886e-02,6.0333299996001101e-02,2.0839864313325503e+01,2.0619032944612460e+01
branch0_seg51,7.7777777777777768e-01,6.0333299996199886e-02,6.0333299996001101e-02,2.0839864313325503e+01,2.0619032944612460e+01
branch0_seg51,8.8888888888888884e-01,6.0333300001765906e-02,6.0333300001858457e-02,2.0839864023708053e+01,2.0619032656553944e+01
branch0_seg51,1.0000000000000000e+00,6.0333300001765906e-02,6.0333300001858457e-02,2.0839864023708053e+01,2.0619032656553944e+01
branch0_seg52,0.0000000000000000e+00,6.0333300034904759e-02,6.0333300037028817e-02,2.0619039653890784e+01,2.0398503117282168e+01
branch0_seg52,1.1111111111111116e-01,6.0333299990981443e-02,6.0333299990340074e-02,2.0619028157075203e+01,2.0398491694871151e+01
branch0_seg52,2.2222222222222210e-01,6.0333299997564378e-02,6.0333299997536144e-02,2.0619035589870542e+01,2.0398499079126221e+01
branch0_seg52,3.3333333333333326e-01,6.0333300006296824e-02,6.0333300006567274e-02,2.0619031070734096e+01,2.0398494589559000e+01
branch0_seg52,4.4444444444444442e-01,6.0333299993428478e-02,6.0333299993119767e-02,2.0619033653388254e+01,2.0398497155408847e+01
branch0_seg52,5.5555555555555536e-01,6.0333300005443548e-02,6.0333300005707823e-02,2.0619032278476656e+01,2.0398495789299702e+01
branch0_seg52,6.6666666666666652e-01,6.0333299996001101e-02,6.0333299995803440e-02,2.0619032944612460e+01,2.0398496451321741e+01
branch0_seg52,7.7777777777777768e-01,6.0333299996001101e-02,6.0333299995803440e-02,2.0619032944612460e+01,2.0398496451321741e+01
branch0_seg52,8.8888888888888884e-01,6.0333300001858457e-02,6.0333300001950488e-02,2.0619032656553944e+01,2.0398496164943175e+01
branch0_seg52,1.0000000000000000e+00,6.0333300001858457e-02,6.0333300001950488e-02,2.0619032656553944e+01,2.0398496164943175e+01
branch0_seg53,0.0000000000000000e+00,6.0333300037028817e-02,6.0333300039140760e-02,2.0398503117282168e+01,2.0177464704223294e+01
branch0_seg53,1.1111111111111116e-01,6.0333299990340074e-02,6.0333299989701626e-02,2.0398491694871151e+01,2.0177453360835624e+01
branch0_seg53,2.2222222222222210e-01,6.0333299997536144e-02,6.0333299997509089e-02,2.0398499079126221e+01,2.0177460693563603e+01
branch0_seg53,3.3333333333333326e-01,6.0333300006567274e-02,6.0333300006835192e-02,2.0398494589559000e+01,2.0177456235386487e+01
branch0_seg53,4.4444444444444442e-01,6.0333299993119767e-02,6.0333299992813637e-02,2.0398497155408847e+01,2.0177458783385237e+01
branch0_seg53,5.5555555555555536e-01,6.0333300005707823e-02,6.0333300005969967e-02,2.0398495789299702e+01,2.0177457426641944e+01
branch0_seg53,6.6666666666666652e-01,6.0333299995803440e-02,6.0333299995607347e-02,2.0398496451321741e+01,2.0177458084271620e+01
branch0_seg53,7.7777777777777768e-01,6.0333299995803440e-02,6.0333299995607347e-02,2.0398496451321741e+01,2.0177458084271620e+01
branch0_seg53,8.8888888888888884e-01,6.0333300001950488e-02,6.0333300002041790e-02,2.0398496164943175e+01,2.0177457799696914e+01
branch0_seg53,1.0000000000000000e+00,6.0333300001950488e-02,6.0333300002041790e-02,2.0398496164943175e+01,2.0177457799696914e+01
branch0_seg54,0.0000000000000000e+00,6.0333300039140760e-02,6.0333300041238561e-02,2.0177464704223294e+01,1.9955726053135376e+01
branch0_seg54,1.1111111111111116e-01,6.0333299989701626e-02,6.0333299989066752e-02,2.0177453360835624e+01,1.9955714793423645e+01
branch0_seg54,2.2222222222222210e-01,6.0333299997509089e-02,6.0333299997483172e-02,2.0177460693563603e+01,1.9955722071617210e+01
branch0_seg54,3.3333333333333326e-01,6.0333300006835192e-02,6.0333300007100375e-02,2.0177456235386487e+01,1.9955717646663068e+01
branch0_seg54,4.4444444444444442e-01,6.0333299992813637e-02,6.0333299992510338e-02,2.0177458783385237e+01,1.9955720175757193e+01
branch0_seg54,5.5555555555555536e-01,6.0333300005969967e-02,6.0333300006229780e-02,2.0177457426641944e+01,1.9955718828946782e+01
branch0_seg54,6.6666666666666652e-01,6.0333299995607347e-02,6.0333299995412960e-02,2.0177458084271620e+01,1.9955719481903650e+01
branch0_seg54,7.7777777777777768e-01,6.0333299995607347e-02,6.0333299995412960e-02,2.0177458084271620e+01,1.9955719481903650e+01
branch0_seg54,8.8888888888888884e-01,6.0333300002041790e-02,6.0333300002132287e-02,2.0177457799696914e+01,1.9955719199257594e+01
branch0_seg54,1.0000000000000000e+00,6.0333300002041790e-02,6.0333300002132287e-02,2.0177457799696914e+01,1.9955719199257594e+01
branch0_seg55,0.0000000000000000e+00,6.0333300041238561e-02,6.0333300043321630e-02,1.9955726053135376e+01,1.9733386114362258e+01
branch0_seg55,1.1111111111111116e-01,6.0333299989066752e-02,6.0333299988435715e-02,1.9955714793423645e+01,1.9733374942957671e+01
branch0_seg55,2.2222222222222210e-01,6.0333299997483172e-02,6.0333299997458303e-02,1.9955722071617210e+01,1.9733382163624910e+01
branch0_seg55,3.3333333333333326e-01,6.0333300007100375e-02,6.0333300007362832e-02,1.9955717646663068e+01,1.9733377773716771e+01
branch0_seg55,4.4444444444444442e-01,6.0333299992510338e-02,6.0333299992209884e-02,1.9955720175757193e+01,1.9733380282858388e+01
branch0_seg55,5.5555555555555536e-01,6.0333300006229780e-02,6.0333300006487227e-02,1.9955718828946782e+01,1.9733378946545024e+01
branch0_seg55,6.6666666666666652e-01,6.0333299995412960e-02,6.0333299995220309e-02,1.9955719481903650e+01,1.9733379594549834e+01
branch0_seg55,7.7777777777777768e-01,6.0333299995412960e-02,6.0333299995220309e-02,1.9955719481903650e+01,1.9733379594549834e+01
branch0_seg55,8.8888888888888884e-01,6.0333300002132287e-02,6.0333300002221986e-02,1.9955719199257594e+01,1.9733379313956839e+01
branch0_seg55,1.0000000000000000e+00,6.0333300002132287e-02,6.0333300002221986e-02,1.9955719199257594e+01,1.9733379313956839e+01
branch0_seg56,0.0000000000000000e+00,6.0333300043321630e-02,6.0333300045392446e-02,1.9733386114362258e+01,1.9511200384015552e+01
branch0_seg56,1.1111111111111116e-01,6.0333299988435715e-02,6.0333299987807787e-02,1.9733374942957671e+01,1.9511189305391699e+01
branch0_seg56,2.2222222222222210e-01,6.0333299997458303e-02,6.0333299997434413e-02,1.9733382163624910e+01,1.9511196465644655e+01
branch0_seg56,3.3333333333333326e-01,6.0333300007362832e-02,6.0333300007622936e-02,1.9733377773716771e+01,1.9511192112541838e+01
branch0_seg56,4.4444444444444442e-01,6.0333299992209884e-02,6.0333299991911886e-02,1.9733380282858388e+01,1.9511194600719353e+01
branch0_seg56,5.5555555555555536e-01,6.0333300006487227e-02,6.0333300006742641e-02,1.9733378946545024e+01,1.9511193275448221e+01
branch0_seg56,6.6666666666666652e-01,6.0333299995220309e-02,6.0333299995029142e-02,1.9733379594549834e+01,1.9511193918230532e+01
branch0_seg56,7.7777777777777768e-01,6.0333299995220309e-02,6.0333299995029142e-02,1.9733379594549834e+01,1.9511193918230532e+01
branch0_seg56,8.8888888888888884e-01,6.0333300002221986e-02,6.0333300002310991e-02,1.9733379313956839e+01,1.9511193639811456e+01
branch0_seg56,1.0000000000000000e+00,6.0333300002221986e-02,6.0333300002310991e-02,1.9733379313956839e+01,1.9511193639811456e+01
branch0_seg57,0.0000000000000000e+00,6.0333300045392446e-02,6.0333300047760531e-02,1.9511200384015552e+01,1.9318722823498224e+01
branch0_seg57,1.1111111111111116e-01,6.0333299987807787e-02,6.0333299987089098e-02,1.9511189305391699e+01,1.9318711829969136e+01
branch0_seg57,2.2222222222222210e-01,6.0333299997434413e-02,6.0333299997407962e-02,1.9511196465644655e+01,1.9318718934849656e+01
branch0_seg57,3.3333333333333326e-01,6.0333300007622936e-02,6.0333300007919519e-02,1.9511192112541838e+01,1.9318714615473869e+01
branch0_seg57,4.4444444444444442e-01,6.0333299991911886e-02,6.0333299991571818e-02,1.9511194600719353e+01,1.9318717084435086e+01
branch0_seg57,5.5555555555555536e-01,6.0333300006742641e-02,6.0333300007034192e-02,1.9511193275448221e+01,1.9318715769295448e+01
branch0_seg57,6.6666666666666652e-01,6.0333299995029142e-02,6.0333299994810914e-02,1.9511193918230532e+01,1.9318716407275129e+01
branch0_seg57,7.7777777777777768e-01,6.0333299995029142e-02,6.0333299994810914e-02,1.9511193918230532e+01,1.9318716407275129e+01
branch0_seg57,8.8888888888888884e-01,6.0333300002310991e-02,6.0333300002412611e-02,1.9511193639811456e+01,1.9318716130862640e+01
branch0_seg57,1.0000000000000000e+00,6.0333300002310991e-02,6.0333300002412611e-02,1.9511193639811456e+01,1.9318716130862640e+01
branch0_seg58,0.0000000000000000e+00,6.0333300047760531e-02,6.0333300050424039e-02,1.9318722823498224e+01,1.9187902866265308e+01
branch0_seg58,1.1111111111111116e-01,6.0333299987089098e-02,6.0333299986280217e-02,1.9318711829969136e+01,1.9187891952315717e+01
branch0_seg58,2.2222222222222210e-01,6.0333299997407962e-02,6.0333299997378971e-02,1.9318718934849656e+01,1.9187899005408688e+01
branch0_seg58,3.3333333333333326e-01,6.0333300007919519e-02,6.0333300008252336e-02,1.9318714615473869e+01,1.9187894717592840e+01
branch0_seg58,4.4444444444444442e-01,6.0333299991571818e-02,6.0333299991189977e-02,1.9318717084435086e+01,1.9187897168552979e+01
branch0_seg58,5.5555555555555536e-01,6.0333300007034192e-02,6.0333300007361632e-02,1.9318715769295448e+01,1.9187895862922964e+01
branch0_seg58,6.6666666666666652e-01,6.0333299994810914e-02,6.0333299994565791e-02,1.9318716407275129e+01,1.9187896496377672e+01
branch0_seg58,7.7777777777777768e-01,6.0333299994810914e-02,6.0333299994565791e-02,1.9318716407275129e+01,1.9187896496377672e+01
branch0_seg58,8.8888888888888884e-01,6.0333300002412611e-02,6.0333300002526749e-02,1.9318716130862640e+01,1.9187896221866293e+01
branch0_seg58,1.0000000000000000e+00,6.0333300002412611e-02,6.0333300002526749e-02,1.9318716130862640e+01,1.9187896221866293e+01
branch0_seg59,0.0000000000000000e+00,6.0333300050424039e-02,6.0333300053038441e-02,1.9187902866265308e+01,1.9053811155903514e+01
branch0_seg59,1.1111111111111116e-01,6.0333299986280217e-02,6.0333299985485832e-02,1.9187891952315717e+01,1.9053800326977463e+01
branch0_seg59,2.2222222222222210e-01,6.0333299997378971e-02,6.0333299997351118e-02,1.9187899005408688e+01,1.9053807324766780e+01
branch0_seg59,3.3333333333333326e-01,6.0333300008252336e-02,6.0333300008578415e-02,1.9187894717592840e+01,1.9053803070651821e+01
branch0_seg59,4.4444444444444442e-01,6.0333299991189977e-02,6.0333299990815686e-02,1.9187897168552979e+01,1.9053805502381874e+01
branch0_seg59,5.5555555555555536e-01,6.0333300007361632e-02,6.0333300007682632e-02,1.9187895862922964e+01,1.9053804206921619e+01
branch0_seg59,6.6666666666666652e-01,6.0333299994565791e-02,6.0333299994325462e-02,1.9187896496377672e+01,1.9053804835525995e+01
branch0_seg59,7.7777777777777768e-01,6.0333299994565791e-02,6.0333299994325462e-02,1.9187896496377672e+01,1.9053804835525995e+01
branch0_seg59,8.8888888888888884e-01,6.0333300002526749e-02,6.0333300002638653e-02,1.9187896221866293e+01,1.9053804563059842e+01
branch0_seg59,1.0000000000000000e+00,6.0333300002526749e-02,6.0333300002638653e-02,1.9187896221866293e+01,1.9053804563059842e+01
branch0_seg60,0.0000000000000000e+00,6.0333300053038441e-02,6.0333300055601433e-02,1.9053811155903514e+01,1.8916191103486657e+01
branch0_seg60,1.1111111111111116e-01,6.0333299985485832e-02,6.0333299984706691e-02,1.9053800326977463e+01,1.8916180365130650e+01
branch0_seg60,2.2222222222222210e-01,6.0333299997351118e-02,6.0333299997324348e-02,1.9053807324766780e+01,1.8916187304034949e+01
branch0_seg60,3.3333333333333326e-01,6.0333300008578415e-02,6.0333300008897542e-02,1.9053803070651821e+01,1.8916183085801162e+01
branch0_seg60,4.4444444444444442e-01,6.0333299990815686e-02,6.0333299990449216e-02,1.9053805502381874e+01,1.8916185497049728e+01
branch0_seg60,5.5555555555555536e-01,6.0333300007682632e-02,6.0333300007996978e-02,1.9053804206921619e+01,1.8916184212431308e+01
branch0_seg60,6.6666666666666652e-01,6.0333299994325462e-02,6.0333299994090095e-02,1.9053804835525995e+01,1.8916184835854157e+01
branch0_seg60,7.7777777777777768e-01,6.0333299994325462e-02,6.0333299994090095e-02,1.9053804835525995e+01,1.8916184835854157e+01
branch0_seg60,8.8888888888888884e-01,6.0333300002638653e-02,6.0333300002748246e-02,1.9053804563059842e+01,1.8916184565579918e+01
branch0_seg60,1.0000000000000000e+00,6.0333300002638653e-02,6.0333300002748246e-02,1.9053804563059842e+01,1.8916184565579918e+01
branch0_seg61,0.0000000000000000e+00,6.0333300055601433e-02,6.0333300058111258e-02,1.8916191103486657e+01,1.8774827947826726e+01
branch0_seg61,1.1111111111111116e-01,6.0333299984706691e-02,6.0333299983943392e-02,1.8916180365130650e+01,1.8774817305679012e+01
branch0_seg61,2.2222222222222210e-01,6.0333299997324348e-02,6.0333299997298598e-02,1.8916187304034949e+01,1.8774824182058630e+01
branch0_seg61,3.3333333333333326e-01,6.0333300008897542e-02,6.0333300009209577e-02,1.8916183085801162e+01,1.8774820001921377e+01
branch0_seg61,4.4444444444444442e-01,6.0333299990449216e-02,6.0333299990090759e-02,1.8916185497049728e+01,1.8774822391417100e+01
branch0_seg61,5.5555555555555536e-01,6.0333300007996978e-02,6.0333300008304495e-02,1.8916184212431308e+01,1.8774821118323231e+01
branch0_seg61,6.6666666666666652e-01,6.0333299994090095e-02,6.0333299993859835e-02,1.8916184835854157e+01,1.8774821736228137e+01
branch0_seg61,7.7777777777777768e-01,6.0333299994090095e-02,6.0333299993859835e-02,1.8916184835854157e+01,1.8774821736228137e+01
branch0_seg61,8.8888888888888884e-01,6.0333300002748246e-02,6.0333300002855465e-02,1.8916184565579918e+01,1.8774821468294817e+01
branch0_seg61,1.0000000000000000e+00,6.0333300002748246e-02,6.0333300002855465e-02,1.8916184565579918e+01,1.8774821468294817e+01
branch0_seg62,0.0000000000000000e+00,6.0333300058111258e-02,6.0333300060567883e-02,1.8774827947826726e+01,1.8629681332921404e+01
branch0_seg62,1.1111111111111116e-01,6.0333299983943392e-02,6.0333299983196004e-02,1.8774817305679012e+01,1.8629670792650881e+01
branch0_seg62,2.2222222222222210e-01,6.0333299997298598e-02,6.0333299997273805e-02,1.8774824182058630e+01,1.8629677602847508e+01
branch0_seg62,3.3333333333333326e-01,6.0333300009209577e-02,6.0333300009514569e-02,1.8774820001921377e+01,1.8629673463033118e+01
branch0_seg62,4.4444444444444442e-01,6.0333299990090759e-02,6.0333299989740255e-02,1.8774822391417100e+01,1.8629675829498424e+01
branch0_seg62,5.5555555555555536e-01,6.0333300008304495e-02,6.0333300008605220e-02,1.8774821118323231e+01,1.8629674568615211e+01
branch0_seg62,6.6666666666666652e-01,6.0333299993859835e-02,6.0333299993634647e-02,1.8774821736228137e+01,1.8629675180663995e+01
branch0_seg62,7.7777777777777768e-01,6.0333299993859835e-02,6.0333299993634647e-02,1.8774821736228137e+01,1.8629675180663995e+01
branch0_seg62,8.8888888888888884e-01,6.0333300002855465e-02,6.0333300002960326e-02,1.8774821468294817e+01,1.8629674915221443e+01
branch0_seg62,1.0000000000000000e+00,6.0333300002855465e-02,6.0333300002960326e-02,1.8774821468294817e+01,1.8629674915221443e+01
branch0_seg63,0.0000000000000000e+00,6.0333300060567883e-02,6.0333300062970704e-02,1.8629681332921404e+01,1.8480634878051642e+01
branch0_seg63,1.1111111111111116e-01,6.0333299983196004e-02,6.0333299982464755e-02,1.8629670792650881e+01,1.8480624445378012e+01
branch0_seg63,2.2222222222222210e-01,6.0333299997273805e-02,6.0333299997249915e-02,1.8629677602847508e+01,1.8480631185701583e+01
branch0_seg63,3.3333333333333326e-01,6.0333300009514569e-02,6.0333300009812511e-02,1.8629673463033118e+01,1.8480627088455311e+01
branch0_seg63,4.4444444444444442e-01,6.0333299989740255e-02,6.0333299989397751e-02,1.8629675829498424e+01,1.8480629430601887e+01
branch0_seg63,5.5555555555555536e-01,6.0333300008605220e-02,6.0333300008899103e-02,1.8629674568615211e+01,1.8480628182621192e+01
branch0_seg63,6.6666666666666652e-01,6.0333299993634647e-02,6.0333299993414573e-02,1.8629675180663995e+01,1.8480628788472814e+01
branch0_seg63,7.7777777777777768e-01,6.0333299993634647e-02,6.0333299993414573e-02,1.8629675180663995e+01,1.8480628788472814e+01
branch0_seg63,8.8888888888888884e-01,6.0333300002960326e-02,6.0333300003062799e-02,1.8629674915221443e+01,1.8480628525672181e+01
branch0_seg63,1.0000000000000000e+00,6.0333300002960326e-02,6.0333300003062799e-02,1.8629674915221443e+01,1.8480628525672181e+01
branch0_seg64,0.0000000000000000e+00,6.0333300062970704e-02,6.0333300065322878e-02,1.8480634878051642e+01,1.8328080293984542e+01
branch0_seg64,1.1111111111111116e-01,6.0333299982464755e-02,6.0333299981748710e-02,1.8480624445378012e+01,1.8328069974503777e+01
branch0_seg64,2.2222222222222210e-01,6.0333299997249915e-02,6.0333299997226843e-02,1.8480631185701583e+01,1.8328076641345589e+01
branch0_seg64,3.3333333333333326e-01,6.0333300009812511e-02,6.0333300010103841e-02,1.8480627088455311e+01,1.8328072588862820e+01
branch0_seg64,4.4444444444444442e-01,6.0333299989397751e-02,6.0333299989062755e-02,1.8480629430601887e+01,1.8328074905430849e+01
branch0_seg64,5.5555555555555536e-01,6.0333300008899103e-02,6.0333300009186568e-02,1.8480628182621192e+01,1.8328073671029511e+01
branch0_seg64,6.6666666666666652e-01,6.0333299993414573e-02,6.0333299993199287e-02,1.8480628788472814e+01,1.8328074270350019e+01
branch0_seg64,7.7777777777777768e-01,6.0333299993414573e-02,6.0333299993199287e-02,1.8480628788472814e+01,1.8328074270350019e+01
branch0_seg64,8.8888888888888884e-01,6.0333300003062799e-02,6.0333300003163053e-02,1.8480628525672181e+01,1.8328074010339524e+01
branch0_seg64,1.0000000000000000e+00,6.0333300003062799e-02,6.0333300003163053e-02,1.8480628525672181e+01,1.8328074010339524e+01
branch0_seg65,0.0000000000000000e+00,6.0333300065322878e-02,6.0333300067625946e-02,1.8328080293984542e+01,1.8172187066629785e+01
branch0_seg65,1.1111111111111116e-01,6.0333299981748710e-02,6.0333299981047459e-02,1.8328069974503777e+01,1.8172176865863300e+01
branch0_seg65,2.2222222222222210e-01,6.0333299997226843e-02,6.0333299997204506e-02,1.8328076641345589e+01,1.8172183455664090e+01
branch0_seg65,3.3333333333333326e-01,6.0333300010103841e-02,6.0333300010388821e-02,1.8328072588862820e+01,1.8172179450109741e+01
branch0_seg65,4.4444444444444442e-01,6.0333299989062755e-02,6.0333299988735004e-02,1.8328074905430849e+01,1.8172181739856899e+01
branch0_seg65,5.5555555555555536e-01,6.0333300009186568e-02,6.0333300009467850e-02,1.8328073671029511e+01,1.8172180519702504e+01
branch0_seg65,6.6666666666666652e-01,6.0333299993199287e-02,6.0333299992988622e-02,1.8328074270350019e+01,1.8172181112162317e+01
branch0_seg65,7.7777777777777768e-01,6.0333299993199287e-02,6.0333299992988622e-02,1.8328074270350019e+01,1.8172181112162317e+01
branch0_seg65,8.8888888888888884e-01,6.0333300003163053e-02,6.0333300003261155e-02,1.8328074010339524e+01,1.8172180855088374e+01
branch0_seg65,1.0000000000000000e+00,6.0333300003163053e-02,6.0333300003261155e-02,1.8328074010339524e+01,1.8172180855088374e+01
branch0_seg66,0.0000000000000000e+00,6.0333300067625946e-02,6.0333300069860735e-02,1.8172187066629785e+01,1.8010069147462008e+01
branch0_seg66,1.1111111111111116e-01,6.0333299981047459e-02,6.0333299980366871e-02,1.8172176865863300e+01,1.8010059071953936e+01
branch0_seg66,2.2222222222222210e-01,6.0333299997204506e-02,6.0333299997183044e-02,1.8172183455664090e+01,1.8010065580492871e+01
branch0_seg66,3.3333333333333326e-01,6.0333300010388821e-02,6.0333300010665107e-02,1.8172179450109741e+01,1.8010061624433838e+01
branch0_seg66,4.4444444444444442e-01,6.0333299988735004e-02,6.0333299988417174e-02,1.8172181739856899e+01,1.8010063885888538e+01
branch0_seg66,5.5555555555555536e-01,6.0333300009467850e-02,6.0333300009740617e-02,1.8172180519702504e+01,1.8010062680770218e+01
branch0_seg66,6.6666666666666652e-01,6.0333299992988622e-02,6.0333299992784327e-02,1.8172181112162317e+01,1.8010063265981344e+01
branch0_seg66,7.7777777777777768e-01,6.0333299992988622e-02,6.0333299992784327e-02,1.8172181112162317e+01,1.8010063265981344e+01
branch0_seg66,8.8888888888888884e-01,6.0333300003261155e-02,6.0333300003356287e-02,1.8172180855088374e+01,1.8010063012015333e+01
branch0_seg66,1.0000000000000000e+00,6.0333300003261155e-02,6.0333300003356287e-02,1.8172180855088374e+01,1.8010063012015333e+01
branch0_seg67,0.0000000000000000e+00,6.0333300069860735e-02,6.0333300072010501e-02,1.8010069147462008e+01,1.7838963678987490e+01
branch0_seg67,1.1111111111111116e-01,6.0333299980366871e-02,6.0333299979712075e-02,1.8010059071953936e+01,1.7838953736375164e+01
branch0_seg67,2.2222222222222210e-01,6.0333299997183044e-02,6.0333299997162575e-02,1.8010065580492871e+01,1.7838960158724252e+01
branch0_seg67,3.3333333333333326e-01,6.0333300010665107e-02,6.0333300010930693e-02,1.8010061624433838e+01,1.7838956255157235e+01
branch0_seg67,4.4444444444444442e-01,6.0333299988417174e-02,6.0333299988111606e-02,1.8010063885888538e+01,1.7838958486602596e+01
branch0_seg67,5.5555555555555536e-01,6.0333300009740617e-02,6.0333300010002887e-02,1.8010062680770218e+01,1.7838957297439698e+01
branch0_seg67,6.6666666666666652e-01,6.0333299992784327e-02,6.0333299992587894e-02,1.8010063265981344e+01,1.7838957874951422e+01
branch0_seg67,7.7777777777777768e-01,6.0333299992784327e-02,6.0333299992587894e-02,1.8010063265981344e+01,1.7838957874951422e+01
branch0_seg67,8.8888888888888884e-01,6.0333300003356287e-02,6.0333300003447769e-02,1.8010063012015333e+01,1.7838957624291613e+01
branch0_seg67,1.0000000000000000e+00,6.0333300003356287e-02,6.0333300003447769e-02,1.8010063012015333e+01,1.7838957624291613e+01
branch0_seg68,0.0000000000000000e+00,6.0333300072010501e-02,6.0333300074075710e-02,1.7838963678987490e+01,1.7658280527372067e+01
branch0_seg68,1.1111111111111116e-01,6.0333299979712075e-02,6.0333299979082967e-02,1.7838953736375164e+01,1.7658270725507752e+01
branch0_seg68,2.2222222222222210e-01,6.0333299997162575e-02,6.0333299997143049e-02,1.7838960158724252e+01,1.7658277056601207e+01
branch0_seg68,3.3333333333333326e-01,6.0333300010930693e-02,6.0333300011185656e-02,1.7838956255157235e+01,1.7658273208606257e+01
branch0_seg68,4.4444444444444442e-01,6.0333299988111606e-02,6.0333299987818223e-02,1.7838958486602596e+01,1.7658275408277884e+01
branch0_seg68,5.5555555555555536e-01,6.0333300010002887e-02,6.0333300010254699e-02,1.7838957297439698e+01,1.7658274236015050e+01
branch0_seg68,6.6666666666666652e-01,6.0333299992587894e-02,6.0333299992399288e-02,1.7838957874951422e+01,1.7658274805364350e+01
branch0_seg68,7.7777777777777768e-01,6.0333299992587894e-02,6.0333299992399288e-02,1.7838957874951422e+01,1.7658274805364350e+01
branch0_seg68,8.8888888888888884e-01,6.0333300003447769e-02,6.0333300003535602e-02,1.7838957624291613e+01,1.7658274558214391e+01
branch0_seg68,1.0000000000000000e+00,6.0333300003447769e-02,6.0333300003535602e-02,1.7838957624291613e+01,1.7658274558214391e+01
branch0_seg69,0.0000000000000000e+00,6.0333300074075710e-02,6.0333300076060269e-02,1.7658280527372067e+01,1.7467933377450294e+01
branch0_seg69,1.1111111111111116e-01,6.0333299979082967e-02,6.0333299978478375e-02,1.7658270725507752e+01,1.7467923724164837e+01
branch0_seg69,2.2222222222222210e-01,6.0333299997143049e-02,6.0333299997124397e-02,1.7658277056601207e+01,1.7467929958952237e+01
branch0_seg69,3.3333333333333326e-01,6.0333300011185656e-02,6.0333300011430543e-02,1.7658273208606257e+01,1.7467926169599526e+01
branch0_seg69,4.4444444444444442e-01,6.0333299987818223e-02,6.0333299987536414e-02,1.7658275408277884e+01,1.7467928335738790e+01
branch0_seg69,5.5555555555555536e-01,6.0333300010254699e-02,6.0333300010496596e-02,1.7658274236015050e+01,1.7467927181317634e+01
branch0_seg69,6.6666666666666652e-01,6.0333299992399288e-02,6.0333299992218106e-02,1.7658274805364350e+01,1.7467927742042846e+01
branch0_seg69,7.7777777777777768e-01,6.0333299992399288e-02,6.0333299992218106e-02,1.7658274805364350e+01,1.7467927742042846e+01
branch0_seg69,8.8888888888888884e-01,6.0333300003535602e-02,6.0333300003619979e-02,1.7658274558214391e+01,1.7467927498605881e+01
branch0_seg69,1.0000000000000000e+00,6.0333300003535602e-02,6.0333300003619979e-02,1.7658274558214391e+01,1.7467927498605881e+01
branch0_seg70,0.0000000000000000e+00,6.0333300076060269e-02,6.0333300077964953e-02,1.7467933377450294e+01,1.7267415371612763e+01
branch0_seg70,1.1111111111111116e-01,6.0333299978478375e-02,6.0333299977898089e-02,1.7467923724164837e+01,1.7267405874918968e+01
branch0_seg70,2.2222222222222210e-01,6.0333299997124397e-02,6.0333299997106578e-02,1.7467929958952237e+01,1.7267412008233347e+01
branch0_seg70,3.3333333333333326e-01,6.0333300011430543e-02,6.0333300011665460e-02,1.7467926169599526e+01,1.7267408280663489e+01
branch0_seg70,4.4444444444444442e-01,6.0333299987536414e-02,6.0333299987266054e-02,1.7467928335738790e+01,1.7267410411471634e+01
branch0_seg70,5.5555555555555536e-01,6.0333300010496596e-02,6.0333300010728660e-02,1.7467927181317634e+01,1.7267409275855140e+01
branch0_seg70,6.6666666666666652e-01,6.0333299992218106e-02,6.0333299992044287e-02,1.7467927742042846e+01,1.7267409827484194e+01
branch0_seg70,7.7777777777777768e-01,6.0333299992218106e-02,6.0333299992044287e-02,1.7467927742042846e+01,1.7267409827484194e+01
branch0_seg70,8.8888888888888884e-01,6.0333300003619979e-02,6.0333300003700928e-02,1.7467927498605881e+01,1.7267409587967919e+01
branch0_seg70,1.0000000000000000e+00,6.0333300003619979e-02,6.0333300003700928e-02,1.7467927498605881e+01,1.7267409587967919e+01
branch0_seg71,0.0000000000000000e+00,6.0333300077964953e-02,6.0333300079790653e-02,1.7267415371612763e+01,1.7055992178362310e+01
branch0_seg71,1.1111111111111116e-01,6.0333299977898089e-02,6.0333299977341853e-02,1.7267405874918968e+01,1.7055982846454256e+01
branch0_seg71,2.2222222222222210e-01,6.0333299997106578e-02,6.0333299997089550e-02,1.7267412008233347e+01,1.7055988873012872e+01
branch0_seg71,3.3333333333333326e-01,6.0333300011665460e-02,6.0333300011890557e-02,1.7267408280663489e+01,1.7055985210436269e+01
branch0_seg71,4.4444444444444442e-01,6.0333299987266054e-02,6.0333299987006983e-02,1.7267410411471634e+01,1.7055987304074879e+01
branch0_seg71,5.5555555555555536e-01,6.0333300010728660e-02,6.0333300010951038e-02,1.7267409275855140e+01,1.7055986188247065e+01
branch0_seg71,6.6666666666666652e-01,6.0333299992044287e-02,6.0333299991877719e-02,1.7267409827484194e+01,1.7055986730297718e+01
branch0_seg71,7.7777777777777768e-01,6.0333299992044287e-02,6.0333299991877719e-02,1.7267409827484194e+01,1.7055986730297718e+01
branch0_seg71,8.8888888888888884e-01,6.0333300003700928e-02,6.0333300003778505e-02,1.7267409587967919e+01,1.7055986494914240e+01
branch0_seg71,1.0000000000000000e+00,6.0333300003700928e-02,6.0333300003778505e-02,1.7267409587967919e+01,1.7055986494914240e+01
branch0_seg72,0.0000000000000000e+00,6.0333300079790653e-02,6.0333300081538338e-02,1.7055992178362310e+01,1.6833179041072562e+01
branch0_seg72,1.1111111111111116e-01,6.0333299977341853e-02,6.0333299976809390e-02,1.7055982846454256e+01,1.6833169882323329e+01
branch0_seg72,2.2222222222222210e-01,6.0333299997089550e-02,6.0333299997073292e-02,1.7055988873012872e+01,1.6833175796728703e+01
branch0_seg72,3.3333333333333326e-01,6.0333300011890557e-02,6.0333300012105968e-02,1.7055985210436269e+01,1.6833172202425150e+01
branch0_seg72,4.4444444444444442e-01,6.0333299987006983e-02,6.0333299986759056e-02,1.7055987304074879e+01,1.6833174257016260e+01
branch0_seg72,5.5555555555555536e-01,6.0333300010951038e-02,6.0333300011163847e-02,1.7055986188247065e+01,1.6833173161982213e+01
branch0_seg72,6.6666666666666652e-01,6.0333299991877719e-02,6.0333299991718319e-02,1.7055986730297718e+01,1.6833173693961953e+01
branch0_seg72,7.7777777777777768e-01,6.0333299991877719e-02,6.0333299991718319e-02,1.7055986730297718e+01,1.6833173693961953e+01
branch0_seg72,8.8888888888888884e-01,6.0333300003778505e-02,6.0333300003852737e-02,1.7055986494914240e+01,1.6833173462927871e+01
branch0_seg72,1.0000000000000000e+00,6.0333300003778505e-02,6.0333300003852737e-02,1.7055986494914240e+01,1.6833173462927871e+01
branch0_seg73,0.0000000000000000e+00,6.0333300081538338e-02,6.0333300083204859e-02,1.6833179041072562e+01,1.6596868804853376e+01
branch0_seg73,1.1111111111111116e-01,6.0333299976809390e-02,6.0333299976301678e-02,1.6833169882323329e+01,1.6596859828263984e+01
branch0_seg73,2.2222222222222210e-01,6.0333299997073292e-02,6.0333299997057784e-02,1.6833175796728703e+01,1.6596865624714262e+01
branch0_seg73,3.3333333333333326e-01,6.0333300012105968e-02,6.0333300012311353e-02,1.6833172202425150e+01,1.6596862102208604e+01
branch0_seg73,4.4444444444444442e-01,6.0333299986759056e-02,6.0333299986522669e-02,1.6833174257016260e+01,1.6596864115734647e+01
branch0_seg73,5.5555555555555536e-01,6.0333300011163847e-02,6.0333300011366740e-02,1.6833173161982213e+01,1.6596863042573510e+01
branch0_seg73,6.6666666666666652e-01,6.0333299991718319e-02,6.0333299991566343e-02,1.6833173693961953e+01,1.6596863563954109e+01
branch0_seg73,7.7777777777777768e-01,6.0333299991718319e-02,6.0333299991566343e-02,1.6833173693961953e+01,1.6596863563954109e+01
branch0_seg73,8.8888888888888884e-01,6.0333300003852737e-02,6.0333300003923514e-02,1.6833173462927871e+01,1.6596863337501397e+01
branch0_seg73,1.0000000000000000e+00,6.0333300003852737e-02,6.0333300003923514e-02,1.6833173462927871e+01,1.6596863337501397e+01
branch0_seg74,0.0000000000000000e+00,6.0333300083204859e-02,6.0333300084793880e-02,1.6596868804853376e+01,1.6347352188006671e+01
branch0_seg74,1.1111111111111116e-01,6.0333299976301678e-02,6.0333299975817593e-02,1.6596859828263984e+01,1.6347343402524576e+01
branch0_seg74,2.2222222222222210e-01,6.0333299997057784e-02,6.0333299997043018e-02,1.6596865624714262e+01,1.6347349075253192e+01
branch0_seg74,3.3333333333333326e-01,6.0333300012311353e-02,6.0333300012507154e-02,1.6596862102208604e+01,1.6347345628048668e+01
branch0_seg74,4.4444444444444442e-01,6.0333299986522669e-02,6.0333299986297328e-02,1.6596864115734647e+01,1.6347347598504363e+01
branch0_seg74,5.5555555555555536e-01,6.0333300011366740e-02,6.0333300011560162e-02,1.6596863042573510e+01,1.6347346548288876e+01
branch0_seg74,6.6666666666666652e-01,6.0333299991566343e-02,6.0333299991421473e-02,1.6596863563954109e+01,1.6347347058545061e+01
branch0_seg74,7.7777777777777768e-01,6.0333299991566343e-02,6.0333299991421473e-02,1.6596863563954109e+01,1.6347347058545061e+01
branch0_seg74,8.8888888888888884e-01,6.0333300003923514e-02,6.0333300003990981e-02,1.6596863337501397e+01,1.6347346836904510e+01
branch0_seg74,1.0000000000000000e+00,6.0333300003923514e-02,6.0333300003990981e-02,1.6596863337501397e+01,1.6347346836904510e+01
branch0_seg75,0.0000000000000000e+00,6.0333300084793880e-02,6.0333300086311152e-02,1.6347352188006671e+01,1.6084982398837994e+01
branch0_seg75,1.1111111111111116e-01,6.0333299975817593e-02,6.0333299975355428e-02,1.6347343402524576e+01,1.6084973813021051e+01
branch0_seg75,2.2222222222222210e-01,6.0333299997043018e-02,6.0333299997028883e-02,1.6347349075253192e+01,1.6084979356515088e+01
branch0_seg75,3.3333333333333326e-01,6.0333300012507154e-02,6.0333300012694116e-02,1.6347345628048668e+01,1.6084975987959933e+01
branch0_seg75,4.4444444444444442e-01,6.0333299986297328e-02,6.0333299986082167e-02,1.6347347598504363e+01,1.6084977913428929e+01
branch0_seg75,5.5555555555555536e-01,6.0333300011560162e-02,6.0333300011744834e-02,1.6347346548288876e+01,1.6084976887184339e+01
branch0_seg75,6.6666666666666652e-01,6.0333299991421473e-02,6.0333299991283146e-02,1.6347347058545061e+01,1.6084977385813911e+01
branch0_seg75,7.7777777777777768e-01,6.0333299991421473e-02,6.0333299991283146e-02,1.6347347058545061e+01,1.6084977385813911e+01
branch0_seg75,8.8888888888888884e-01,6.0333300003990981e-02,6.0333300004055408e-02,1.6347346836904510e+01,1.6084977169206322e+01
branch0_seg75,1.0000000000000000e+00,6.0333300003990981e-02,6.0333300004055408e-02,1.6347346836904510e+01,1.6084977169206322e+01
branch0_seg76,0.0000000000000000e+00,6.0333300086311152e-02,6.0333300087751666e-02,1.6084982398837994e+01,1.5806852320226827e+01
branch0_seg76,1.1111111111111116e-01,6.0333299975355428e-02,6.0333299974916675e-02,1.6084973813021051e+01,1.5806843943637286e+01
branch0_seg76,2.2222222222222210e-01,6.0333299997028883e-02,6.0333299997015435e-02,1.6084979356515088e+01,1.5806849351735860e+01
branch0_seg76,3.3333333333333326e-01,6.0333300012694116e-02,6.0333300012871620e-02,1.6084975987959933e+01,1.5806846065571570e+01
branch0_seg76,4.4444444444444442e-01,6.0333299986082167e-02,6.0333299985877900e-02,1.6084977913428929e+01,1.5806847943913137e+01
branch0_seg76,5.5555555555555536e-01,6.0333300011744834e-02,6.0333300011920159e-02,1.6084976887184339e+01,1.5806846942783938e+01
branch0_seg76,6.6666666666666652e-01,6.0333299991283146e-02,6.0333299991151834e-02,1.6084977385813911e+01,1.5806847429227041e+01
branch0_seg76,7.7777777777777768e-01,6.0333299991283146e-02,6.0333299991151834e-02,1.6084977385813911e+01,1.5806847429227041e+01
branch0_seg76,8.8888888888888884e-01,6.0333300004055408e-02,6.0333300004116561e-02,1.6084977169206322e+01,1.5806847217898108e+01
branch0_seg76,1.0000000000000000e+00,6.0333300004055408e-02,6.0333300004116561e-02,1.6084977169206322e+01,1.5806847217898108e+01
branch0_seg77,0.0000000000000000e+00,6.0333300087751666e-02,6.0333300089114070e-02,1.5806852320226827e+01,1.5510745830188423e+01
branch0_seg77,1.1111111111111116e-01,6.0333299974916675e-02,6.0333299974501771e-02,1.5806843943637286e+01,1.5510737673050556e+01
branch0_seg77,2.2222222222222210e-01,6.0333299997015435e-02,6.0333299997002682e-02,1.5806849351735860e+01,1.5510742939166430e+01
branch0_seg77,3.3333333333333326e-01,6.0333300012871620e-02,6.0333300013039520e-02,1.5806846065571570e+01,1.5510739739392921e+01
branch0_seg77,4.4444444444444442e-01,6.0333299985877900e-02,6.0333299985684714e-02,1.5806847943913137e+01,1.5510741568319052e+01
branch0_seg77,5.5555555555555536e-01,6.0333300011920159e-02,6.0333300012085957e-02,1.5806846942783938e+01,1.5510740593527935e+01
branch0_seg77,6.6666666666666652e-01,6.0333299991151834e-02,6.0333299991027649e-02,1.5806847429227041e+01,1.5510741067186938e+01
branch0_seg77,7.7777777777777768e-01,6.0333299991151834e-02,6.0333299991027649e-02,1.5806847429227041e+01,1.5510741067186938e+01
branch0_seg77,8.8888888888888884e-01,6.0333300004116561e-02,6.0333300004174396e-02,1.5806847217898108e+01,1.5510740861398643e+01
branch0_seg77,1.0000000000000000e+00,6.0333300004116561e-02,6.0333300004174396e-02,1.5806847217898108e+01,1.5510740861398643e+01
branch0_seg78,0.0000000000000000e+00,6.0333300089114070e-02,6.0333300090400450e-02,1.5510745830188423e+01,1.5195893514803208e+01
branch0_seg78,1.1111111111111116e-01,6.0333299974501771e-02,6.0333299974110077e-02,1.5510737673050556e+01,1.5195885587518896e+01
branch0_seg78,2.2222222222222210e-01,6.0333299997002682e-02,6.0333299996990594e-02,1.5510742939166430e+01,1.5195890704951090e+01
branch0_seg78,3.3333333333333326e-01,6.0333300013039520e-02,6.0333300013198074e-02,1.5510739739392921e+01,1.5195887595636966e+01
branch0_seg78,4.4444444444444442e-01,6.0333299985684714e-02,6.0333299985502291e-02,1.5510741568319052e+01,1.5195889372820584e+01
branch0_seg78,5.5555555555555536e-01,6.0333300012085957e-02,6.0333300012242512e-02,1.5510740593527935e+01,1.5195888425610971e+01
branch0_seg78,6.6666666666666652e-01,6.0333299991027649e-02,6.0333299990910402e-02,1.5510741067186938e+01,1.5195888885878221e+01
branch0_seg78,7.7777777777777768e-01,6.0333299991027649e-02,6.0333299990910402e-02,1.5510741067186938e+01,1.5195888885878221e+01
branch0_seg78,8.8888888888888884e-01,6.0333300004174396e-02,6.0333300004229005e-02,1.5510740861398643e+01,1.5195888685896891e+01
branch0_seg78,1.0000000000000000e+00,6.0333300004174396e-02,6.0333300004229005e-02,1.5510740861398643e+01,1.5195888685896891e+01
branch0_seg79,0.0000000000000000e+00,6.0333300090400450e-02,6.0333300091613321e-02,1.5195893514803208e+01,1.4861284660100273e+01
branch0_seg79,1.1111111111111116e-01,6.0333299974110077e-02,6.0333299973740831e-02,1.5195885587518896e+01,1.4861276973158608e+01
branch0_seg79,2.2222222222222210e-01,6.0333299996990594e-02,6.0333299996979138e-02,1.5195890704951090e+01,1.4861281935151487e+01
branch0_seg79,3.3333333333333326e-01,6.0333300013198074e-02,6.0333300013347600e-02,1.5195887595636966e+01,1.4861278920397714e+01
branch0_seg79,4.4444444444444442e-01,6.0333299985502291e-02,6.0333299985330283e-02,1.5195889372820584e+01,1.4861280643493711e+01
branch0_seg79,5.5555555555555536e-01,6.0333300012242512e-02,6.0333300012390123e-02,1.5195888425610971e+01,1.4861279725118370e+01
branch0_seg79,6.6666666666666652e-01,6.0333299990910402e-02,6.0333299990799852e-02,1.5195888885878221e+01,1.4861280171381825e+01
branch0_seg79,7.7777777777777768e-01,6.0333299990910402e-02,6.0333299990799852e-02,1.5195888885878221e+01,1.4861280171381825e+01
branch0_seg79,8.8888888888888884e-01,6.0333300004229005e-02,6.0333300004280485e-02,1.5195888685896891e+01,1.4861279977475629e+01
branch0_seg79,1.0000000000000000e+00,6.0333300004229005e-02,6.0333300004280485e-02,1.5195888685896891e+01,1.4861279977475629e+01
branch0_seg80,0.0000000000000000e+00,6.0333300091613321e-02,6.0333300092756094e-02,1.4861284660100273e+01,1.4507103111675931e+01
branch0_seg80,1.1111111111111116e-01,6.0333299973740831e-02,6.0333299973392991e-02,1.4861276973158608e+01,1.4507095675404535e+01
branch0_seg80,2.2222222222222210e-01,6.0333299996979138e-02,6.0333299996968286e-02,1.4861281935151487e+01,1.4507100475307359e+01
branch0_seg80,3.3333333333333326e-01,6.0333300013347600e-02,6.0333300013488529e-02,1.4861278920397714e+01,1.4507097559150921e+01
branch0_seg80,4.4444444444444442e-01,6.0333299985330283e-02,6.0333299985168190e-02,1.4861280643493711e+01,1.4507099225850823e+01
branch0_seg80,5.5555555555555536e-01,6.0333300012390123e-02,6.0333300012529220e-02,1.4861279725118370e+01,1.4507098337543001e+01
branch0_seg80,6.6666666666666652e-01,6.0333299990799852e-02,6.0333299990695678e-02,1.4861280171381825e+01,1.4507098769200088e+01
branch0_seg80,7.7777777777777768e-01,6.0333299990799852e-02,6.0333299990695678e-02,1.4861280171381825e+01,1.4507098769200088e+01
branch0_seg80,8.8888888888888884e-01,6.0333300004280485e-02,6.0333300004329009e-02,1.4861279977475629e+01,1.4507098581633098e+01
branch0_seg80,1.0000000000000000e+00,6.0333300004280485e-02,6.0333300004329009e-02,1.4861279977475629e+01,1.4507098581633098e+01
branch0_seg81,0.0000000000000000e+00,6.0333300092756094e-02,6.0333300093830609e-02,1.4507103111675931e+01,1.4132057758666091e+01
branch0_seg81,1.1111111111111116e-01,6.0333299973392991e-02,6.0333299973065989e-02,1.4507095675404535e+01,1.4132050583509042e+01
branch0_seg81,2.2222222222222210e-01,6.0333299996968286e-02,6.0333299996958023e-02,1.4507100475307359e+01,1.4132055214597647e+01
branch0_seg81,3.3333333333333326e-01,6.0333300013488529e-02,6.0333300013621076e-02,1.4507097559150921e+01,1.4132052401119163e+01
branch0_seg81,4.4444444444444442e-01,6.0333299985168190e-02,6.0333299985015756e-02,1.4507099225850823e+01,1.4132054009090139e+01
branch0_seg81,5.5555555555555536e-01,6.0333300012529220e-02,6.0333300012660011e-02,1.4507098337543001e+01,1.4132053152095695e+01
branch0_seg81,6.6666666666666652e-01,6.0333299990695678e-02,6.0333299990597736e-02,1.4507098769200088e+01,1.4132053568537955e+01
branch0_seg81,7.7777777777777768e-01,6.0333299990695678e-02,6.0333299990597736e-02,1.4507098769200088e+01,1.4132053568537955e+01
branch0_seg81,8.8888888888888884e-01,6.0333300004329009e-02,6.0333300004374625e-02,1.4507098581633098e+01,1.4132053387576688e+01
branch0_seg81,1.0000000000000000e+00,6.0333300004329009e-02,6.0333300004374625e-02,1.4507098581633098e+01,1.4132053387576688e+01
branch0_seg82,0.0000000000000000e+00,6.0333300093830609e-02,6.0333300094833751e-02,1.4132057758666091e+01,1.3731226075092538e+01
branch0_seg82,1.1111111111111116e-01,6.0333299973065989e-02,6.0333299972760775e-02,1.4132050583509042e+01,1.3731219172912118e+01
branch0_seg82,2.2222222222222210e-01,6.0333299996958023e-02,6.0333299996948371e-02,1.4132055214597647e+01,1.3731223627548632e+01
branch0_seg82,3.3333333333333326e-01,6.0333300013621076e-02,6.0333300013744866e-02,1.4132052401119163e+01,1.3731220921382668e+01
branch0_seg82,4.4444444444444442e-01,6.0333299985015756e-02,6.0333299984873419e-02,1.4132054009090139e+01,1.3731222467976121e+01
branch0_seg82,5.5555555555555536e-01,6.0333300012660011e-02,6.0333300012782143e-02,1.4132053152095695e+01,1.3731221643708588e+01
branch0_seg82,6.6666666666666652e-01,6.0333299990597736e-02,6.0333299990506267e-02,1.4132053568537955e+01,1.3731222044246572e+01
branch0_seg82,7.7777777777777768e-01,6.0333299990597736e-02,6.0333299990506267e-02,1.4132053568537955e+01,1.3731222044246572e+01
branch0_seg82,8.8888888888888884e-01,6.0333300004374625e-02,6.0333300004417223e-02,1.4132053387576688e+01,1.3731221870192476e+01
branch0_seg82,1.0000000000000000e+00,6.0333300004374625e-02,6.0333300004417223e-02,1.4132053387576688e+01,1.3731221870192476e+01
branch0_seg83,0.0000000000000000e+00,6.0333300094833751e-02,6.0333300095768025e-02,1.3731226075092538e+01,1.3304012188316086e+01
branch0_seg83,1.1111111111111116e-01,6.0333299972760775e-02,6.0333299972476585e-02,1.3731219172912118e+01,1.3304005571062216e+01
branch0_seg83,2.2222222222222210e-01,6.0333299996948371e-02,6.0333299996939316e-02,1.3731223627548632e+01,1.3304009841552547e+01
branch0_seg83,3.3333333333333326e-01,6.0333300013744866e-02,6.0333300013860204e-02,1.3731220921382668e+01,1.3304007247367656e+01
branch0_seg83,4.4444444444444442e-01,6.0333299984873419e-02,6.0333299984740817e-02,1.3731222467976121e+01,1.3304008729915665e+01
branch0_seg83,5.5555555555555536e-01,6.0333300012782143e-02,6.0333300012895906e-02,1.3731221643708588e+01,1.3304007939798810e+01
branch0_seg83,6.6666666666666652e-01,6.0333299990506267e-02,6.0333299990421072e-02,1.3731222044246572e+01,1.3304008323738136e+01
branch0_seg83,7.7777777777777768e-01,6.0333299990506267e-02,6.0333299990421072e-02,1.3731222044246572e+01,1.3304008323738136e+01
branch0_seg83,8.8888888888888884e-01,6.0333300004417223e-02,6.0333300004456900e-02,1.3731221870192476e+01,1.3304008156894779e+01
branch0_seg83,1.0000000000000000e+00,6.0333300004417223e-02,6.0333300004456900e-02,1.3731221870192476e+01,1.3304008156894779e+01
branch0_seg84,0.0000000000000000e+00,6.0333300095768025e-02,6.0333300096635289e-02,1.3304012188316086e+01,1.2848021275928811e+01
branch0_seg84,1.1111111111111116e-01,6.0333299972476585e-02,6.0333299972212831e-02,1.3304005571062216e+01,1.2848014955810191e+01
branch0_seg84,2.2222222222222210e-01,6.0333299996939316e-02,6.0333299996930857e-02,1.3304009841552547e+01,1.2848019034295824e+01
branch0_seg84,3.3333333333333326e-01,6.0333300013860204e-02,6.0333300013967313e-02,1.3304007247367656e+01,1.2848016556858918e+01
branch0_seg84,4.4444444444444442e-01,6.0333299984740817e-02,6.0333299984617707e-02,1.3304008729915665e+01,1.2848017972638296e+01
branch0_seg84,5.5555555555555536e-01,6.0333300012895906e-02,6.0333300013001523e-02,1.3304007939798810e+01,1.2848017218124715e+01
branch0_seg84,6.6666666666666652e-01,6.0333299990421072e-02,6.0333299990341989e-02,1.3304008323738136e+01,1.2848017584757439e+01
branch0_seg84,7.7777777777777768e-01,6.0333299990421072e-02,6.0333299990341989e-02,1.3304008323738136e+01,1.2848017584757439e+01
branch0_seg84,8.8888888888888884e-01,6.0333300004456900e-02,6.0333300004493731e-02,1.3304008156894779e+01,1.2848017425434064e+01
branch0_seg84,1.0000000000000000e+00,6.0333300004456900e-02,6.0333300004493731e-02,1.3304008156894779e+01,1.2848017425434064e+01
branch0_seg85,0.0000000000000000e+00,6.0333300096635289e-02,6.0333300097435837e-02,1.2848021275928811e+01,1.2360238597130163e+01
branch0_seg85,1.1111111111111116e-01,6.0333299972212831e-02,6.0333299971969429e-02,1.2848014955810191e+01,1.2360232587185438e+01
branch0_seg85,2.2222222222222210e-01,6.0333299996930857e-02,6.0333299996922989e-02,1.2848019034295824e+01,1.2360236465272880e+01
branch0_seg85,3.3333333333333326e-01,6.0333300013967313e-02,6.0333300014066234e-02,1.2848016556858918e+01,1.2360234109675380e+01
branch0_seg85,4.4444444444444442e-01,6.0333299984617707e-02,6.0333299984504027e-02,1.2848017972638296e+01,1.2360235455777854e+01
branch0_seg85,5.5555555555555536e-01,6.0333300013001523e-02,6.0333300013099042e-02,1.2848017218124715e+01,1.2360234738418496e+01
branch0_seg85,6.6666666666666652e-01,6.0333299990341989e-02,6.0333299990268964e-02,1.2848017584757439e+01,1.2360235086989110e+01
branch0_seg85,7.7777777777777768e-01,6.0333299990341989e-02,6.0333299990268964e-02,1.2848017584757439e+01,1.2360235086989110e+01
branch0_seg85,8.8888888888888884e-01,6.0333300004493731e-02,6.0333300004527739e-02,1.2848017425434064e+01,1.2360234935515502e+01
branch0_seg85,1.0000000000000000e+00,6.0333300004493731e-02,6.0333300004527739e-02,1.2848017425434064e+01,1.2360234935515502e+01
branch0_seg86,0.0000000000000000e+00,6.0333300097435837e-02,6.0333300098171859e-02,1.2360238597130163e+01,1.1838231793499553e+01
branch0_seg86,1.1111111111111116e-01,6.0333299971969429e-02,6.0333299971745691e-02,1.2360232587185438e+01,1.1838226106963589e+01
branch0_seg86,2.2222222222222210e-01,6.0333299996922989e-02,6.0333299996915703e-02,1.2360236465272880e+01,1.1838229776135307e+01
branch0_seg86,3.3333333333333326e-01,6.0333300014066234e-02,6.0333300014157223e-02,1.2360234109675380e+01,1.1838227547542438e+01
branch0_seg86,4.4444444444444442e-01,6.0333299984504027e-02,6.0333299984399485e-02,1.2360235455777854e+01,1.1838228821018539e+01
branch0_seg86,5.5555555555555536e-01,6.0333300013099042e-02,6.0333300013188713e-02,1.2360234738418496e+01,1.1838228142385645e+01
branch0_seg86,6.6666666666666652e-01,6.0333299990268964e-02,6.0333299990201823e-02,1.2360235086989110e+01,1.1838228472128774e+01
branch0_seg86,7.7777777777777768e-01,6.0333299990268964e-02,6.0333299990201823e-02,1.2360235086989110e+01,1.1838228472128774e+01
branch0_seg86,8.8888888888888884e-01,6.0333300004527739e-02,6.0333300004559005e-02,1.2360234935515502e+01,1.1838228328838765e+01
branch0_seg86,1.0000000000000000e+00,6.0333300004527739e-02,6.0333300004559005e-02,1.2360234935515502e+01,1.1838228328838765e+01
branch0_seg87,0.0000000000000000e+00,6.0333300098171859e-02,6.0333300098843905e-02,1.1838231793499553e+01,1.1278029775876355e+01
branch0_seg87,1.1111111111111116e-01,6.0333299971745691e-02,6.0333299971541451e-02,1.1838226106963589e+01,1.1278024426936808e+01
branch0_seg87,2.2222222222222210e-01,6.0333299996915703e-02,6.0333299996908993e-02,1.1838229776135307e+01,1.1278027878061698e+01
branch0_seg87,3.3333333333333326e-01,6.0333300014157223e-02,6.0333300014240338e-02,1.1838227547542438e+01,1.1278025782010509e+01
branch0_seg87,4.4444444444444442e-01,6.0333299984399485e-02,6.0333299984303999e-02,1.1838228821018539e+01,1.1278026979698918e+01
branch0_seg87,5.5555555555555536e-01,6.0333300013188713e-02,6.0333300013270606e-02,1.1838228142385645e+01,1.1278026341477158e+01
branch0_seg87,6.6666666666666652e-01,6.0333299990201823e-02,6.0333299990140511e-02,1.1838228472128774e+01,1.1278026651573157e+01
branch0_seg87,7.7777777777777768e-01,6.0333299990201823e-02,6.0333299990140511e-02,1.1838228472128774e+01,1.1278026651573157e+01
branch0_seg87,8.8888888888888884e-01,6.0333300004559005e-02,6.0333300004587559e-02,1.1838228328838765e+01,1.1278026516823971e+01
branch0_seg87,1.0000000000000000e+00,6.0333300004559005e-02,6.0333300004587559e-02,1.1838228328838765e+01,1.1278026516823971e+01
branch0_seg88,0.0000000000000000e+00,6.0333300098843905e-02,6.0333300099454555e-02,1.1278029775876355e+01,1.0677883513825302e+01
branch0_seg88,1.1111111111111116e-01,6.0333299971541451e-02,6.0333299971355912e-02,1.1278024426936808e+01,1.0677878516679465e+01
branch0_seg88,2.2222222222222210e-01,6.0333299996908993e-02,6.0333299996902852e-02,1.1278027878061698e+01,1.0677881740621991e+01
branch0_seg88,3.3333333333333326e-01,6.0333300014240338e-02,6.0333300014315895e-02,1.1278025782010509e+01,1.0677879782651104e+01
branch0_seg88,4.4444444444444442e-01,6.0333299984303999e-02,6.0333299984217222e-02,1.1278026979698918e+01,1.0677880901390349e+01
branch0_seg88,5.5555555555555536e-01,6.0333300013270606e-02,6.0333300013345033e-02,1.1278026341477158e+01,1.0677880305263953e+01
branch0_seg88,6.6666666666666652e-01,6.0333299990140511e-02,6.0333299990084792e-02,1.1278026651573157e+01,1.0677880594893775e+01
branch0_seg88,7.7777777777777768e-01,6.0333299990140511e-02,6.0333299990084792e-02,1.1278026651573157e+01,1.0677880594893775e+01
branch0_seg88,8.8888888888888884e-01,6.0333300004587559e-02,6.0333300004613503e-02,1.1278026516823971e+01,1.0677880469042178e+01
branch0_seg88,1.0000000000000000e+00,6.0333300004587559e-02,6.0333300004613503e-02,1.1278026516823971e+01,1.0677880469042178e+01
branch0_seg89,0.0000000000000000e+00,6.0333300099454555e-02,6.0333300100005899e-02,1.0677883513825302e+01,1.0035620935969526e+01
branch0_seg89,1.1111111111111116e-01,6.0333299971355912e-02,6.0333299971188435e-02,1.0677878516679465e+01,1.0035616304992558e+01
branch0_seg89,2.2222222222222210e-01,6.0333299996902852e-02,6.0333299996897273e-02,1.0677881740621991e+01,1.0035619292503881e+01
branch0_seg89,3.3333333333333326e-01,6.0333300014315895e-02,6.0333300014384146e-02,1.0677879782651104e+01,1.0035617478219754e+01
branch0_seg89,4.4444444444444442e-01,6.0333299984217222e-02,6.0333299984138847e-02,1.0677880901390349e+01,1.0035618514810286e+01
branch0_seg89,5.5555555555555536e-01,6.0333300013345033e-02,6.0333300013412250e-02,1.0677880305263953e+01,1.0035617962483268e+01
branch0_seg89,6.6666666666666652e-01,6.0333299990084792e-02,6.0333299990034464e-02,1.0677880594893775e+01,1.0035618230818651e+01
branch0_seg89,7.7777777777777768e-01,6.0333299990084792e-02,6.0333299990034464e-02,1.0677880594893775e+01,1.0035618230818651e+01
branch0_seg89,8.8888888888888884e-01,6.0333300004613503e-02,6.0333300004636950e-02,1.0677880469042178e+01,1.0035618114225199e+01
branch0_seg89,1.0000000000000000e+00,6.0333300004613503e-02,6.0333300004636950e-02,1.0677880469042178e+01,1.0035618114225199e+01
branch0_seg90,0.0000000000000000e+00,6.0333300100005899e-02,6.0333300100499240e-02,1.0035620935969526e+01,9.3465332027477537e+00
branch0_seg90,1.1111111111111116e-01,6.0333299971188435e-02,6.0333299971038604e-02,1.0035616304992558e+01,9.3465289530152322e+00
branch0_seg90,2.2222222222222210e-01,6.0333299996897273e-02,6.0333299996892242e-02,1.0035619292503881e+01,9.3465316943977310e+00
branch0_seg90,3.3333333333333326e-01,6.0333300014384146e-02,6.0333300014445243e-02,1.0035617478219754e+01,9.3465300296774014e+00
branch0_seg90,4.4444444444444442e-01,6.0333299984138847e-02,6.0333299984068695e-02,1.0035618514810286e+01,9.3465309807664045e+00
branch0_seg90,5.5555555555555536e-01,6.0333300013412250e-02,6.0333300013472410e-02,1.0035617962483268e+01,9.3465304740235045e+00
branch0_seg90,6.6666666666666652e-01,6.0333299990034464e-02,6.0333299989989431e-02,1.0035618230818651e+01,9.3465307201976646e+00
branch0_seg90,7.7777777777777768e-01,6.0333299990034464e-02,6.0333299989989431e-02,1.0035618230818651e+01,9.3465307201976646e+00
branch0_seg90,8.8888888888888884e-01,6.0333300004636950e-02,6.0333300004657919e-02,1.0035618114225199e+01,9.3465306132392936e+00
branch0_seg90,1.0000000000000000e+00,6.0333300004636950e-02,6.0333300004657919e-02,1.0035618114225199e+01,9.3465306132392936e+00
branch0_seg91,0.0000000000000000e+00,6.0333300100499240e-02,6.0333300100935787e-02,9.3465332027477537e+00,8.6057625446204327e+00
branch0_seg91,1.1111111111111116e-01,6.0333299971038604e-02,6.0333299970906036e-02,9.3465289530152322e+00,8.6057586921270595e+00
branch0_seg91,2.2222222222222210e-01,6.0333299996892242e-02,6.0333299996887781e-02,9.3465316943977310e+00,8.6057611770918800e+00
branch0_seg91,3.3333333333333326e-01,6.0333300014445243e-02,6.0333300014499318e-02,9.3465300296774014e+00,8.6057596681702275e+00
branch0_seg91,4.4444444444444442e-01,6.0333299984068695e-02,6.0333299984006612e-02,9.3465309807664045e+00,8.6057605302013123e+00
branch0_seg91,5.5555555555555536e-01,6.0333300013472410e-02,6.0333300013525645e-02,9.3465304740235045e+00,8.6057600709350801e+00
branch0_seg91,6.6666666666666652e-01,6.0333299989989431e-02,6.0333299989949581e-02,9.3465307201976646e+00,8.6057602940293680e+00
branch0_seg91,7.7777777777777768e-01,6.0333299989989431e-02,6.0333299989949581e-02,9.3465307201976646e+00,8.6057602940293680e+00
branch0_seg91,8.8888888888888884e-01,6.0333300004657919e-02,6.0333300004676481e-02,9.3465306132392936e+00,8.6057601971052726e+00
branch0_seg91,1.0000000000000000e+00,6.0333300004657919e-02,6.0333300004676481e-02,9.3465306132392936e+00,8.6057601971052726e+00
branch0_seg92,0.0000000000000000e+00,6.0333300100935787e-02,6.0333300101316746e-02,8.6057625446204327e+00,7.8059723924579085e+00
branch0_seg92,1.1111111111111116e-01,6.0333299970906036e-02,6.0333299970790365e-02,8.6057586921270595e+00,7.8059689543338804e+00
branch0_seg92,2.2222222222222210e-01,6.0333299996887781e-02,6.0333299996883867e-02,8.6057611770918800e+00,7.8059711718643818e+00
branch0_seg92,3.3333333333333326e-01,6.0333300014499318e-02,6.0333300014546516e-02,8.6057596681702275e+00,7.8059698254152856e+00
branch0_seg92,4.4444444444444442e-01,6.0333299984006612e-02,6.0333299983952426e-02,8.6057605302013123e+00,7.8059705945832247e+00
branch0_seg92,5.5555555555555536e-01,6.0333300013525645e-02,6.0333300013572108e-02,8.6057600709350801e+00,7.8059701848174115e+00
branch0_seg92,6.6666666666666652e-01,6.0333299989949581e-02,6.0333299989914803e-02,8.6057602940293680e+00,7.8059703838504655e+00
branch0_seg92,7.7777777777777768e-01,6.0333299989949581e-02,6.0333299989914803e-02,8.6057602940293680e+00,7.8059703838504655e+00
branch0_seg92,8.8888888888888884e-01,6.0333300004676481e-02,6.0333300004692676e-02,8.6057601971052726e+00,7.8059702973865601e+00
branch0_seg92,1.0000000000000000e+00,6.0333300004676481e-02,6.0333300004692676e-02,8.6057601971052726e+00,7.8059702973865601e+00
branch0_seg93,0.0000000000000000e+00,6.0333300101316746e-02,6.0333300101644255e-02,7.8059723924579085e+00,6.9446582338341543e+00
branch0_seg93,1.1111111111111116e-01,6.0333299970790365e-02,6.0333299970690910e-02,7.8059689543338804e+00,6.9446552274491236e+00
branch0_seg93,2.2222222222222210e-01,6.0333299996883867e-02,6.0333299996880523e-02,7.8059711718643818e+00,6.9446571663743306e+00
branch0_seg93,3.3333333333333326e-01,6.0333300014546516e-02,6.0333300014587081e-02,7.8059698254152856e+00,6.9446559891650654e+00
branch0_seg93,4.4444444444444442e-01,6.0333299983952426e-02,6.0333299983905866e-02,7.8059705945832247e+00,6.9446566616116288e+00
branch0_seg93,5.5555555555555536e-01,6.0333300013572108e-02,6.0333300013612041e-02,7.8059701848174115e+00,6.9446563033978945e+00
branch0_seg93,6.6666666666666652e-01,6.0333299989914803e-02,6.0333299989884903e-02,7.8059703838504655e+00,6.9446564773750845e+00
branch0_seg93,7.7777777777777768e-01,6.0333299989914803e-02,6.0333299989884903e-02,7.8059703838504655e+00,6.9446564773750845e+00
branch0_seg93,8.8888888888888884e-01,6.0333300004692676e-02,6.0333300004706610e-02,7.8059702973865601e+00,6.9446564018028782e+00
branch0_seg93,1.0000000000000000e+00,6.0333300004692676e-02,6.0333300004706610e-02,7.8059702973865601e+00,6.9446564018028782e+00
branch0_seg94,0.0000000000000000e+00,6.0333300101644255e-02,6.0333300101919778e-02,6.9446582338341543e+00,6.0129811405118598e+00
branch0_seg94,1.1111111111111116e-01,6.0333299970690910e-02,6.0333299970607226e-02,6.9446552274491236e+00,6.0129785843229007e+00
branch0_seg94,2.2222222222222210e-01,6.0333299996880523e-02,6.0333299996877726e-02,6.9446571663743306e+00,6.0129802327772257e+00
branch0_seg94,3.3333333333333326e-01,6.0333300014587081e-02,6.0333300014621186e-02,6.9446559891650654e+00,6.0129792319926283e+00
branch0_seg94,4.4444444444444442e-01,6.0333299983905866e-02,6.0333299983866696e-02,6.9446566616116288e+00,6.0129798036238107e+00
branch0_seg94,5.5555555555555536e-01,6.0333300013612041e-02,6.0333300013645633e-02,6.9446563033978945e+00,6.0129794991375070e+00
branch0_seg94,6.6666666666666652e-01,6.0333299989884903e-02,6.0333299989859757e-02,6.9446564773750845e+00,6.0129796470055297e+00
branch0_seg94,7.7777777777777768e-01,6.0333299989884903e-02,6.0333299989859757e-02,6.9446564773750845e+00,6.0129796470055297e+00
branch0_seg94,8.8888888888888884e-01,6.0333300004706610e-02,6.0333300004718315e-02,6.9446564018028782e+00,6.0129795827813011e+00
branch0_seg94,1.0000000000000000e+00,6.0333300004706610e-02,6.0333300004718315e-02,6.9446564018028782e+00,6.0129795827813011e+00
branch0_seg95,0.0000000000000000e+00,6.0333300101919778e-02,6.0333300102145000e-02,6.0129811405118598e+00,5.0047911367414564e+00
branch0_seg95,1.1111111111111116e-01,6.0333299970607226e-02,6.0333299970538781e-02,6.0129785843229007e+00,5.0047890502104719e+00
branch0_seg95,2.2222222222222210e-01,6.0333299996877726e-02,6.0333299996875492e-02,6.0129802327772257e+00,5.0047903956815292e+00
branch0_seg95,3.3333333333333326e-01,6.0333300014621186e-02,6.0333300014649018e-02,6.0129792319926283e+00,5.0047895788980856e+00
branch0_seg95,4.4444444444444442e-01,6.0333299983866696e-02,6.0333299983834722e-02,6.0129798036238107e+00,5.0047900453970176e+00
branch0_seg95,5.5555555555555536e-01,6.0333300013645633e-02,6.0333300013673062e-02,6.0129794991375070e+00,5.0047897969315338e+00
branch0_seg95,6.6666666666666652e-01,6.0333299989859757e-02,6.0333299989839211e-02,6.0129796470055297e+00,5.0047899175803092e+00
branch0_seg95,7.7777777777777768e-01,6.0333299989859757e-02,6.0333299989839211e-02,6.0129796470055297e+00,5.0047899175803092e+00
branch0_seg95,8.8888888888888884e-01,6.0333300004718315e-02,6.0333300004727884e-02,6.0129795827813011e+00,5.0047898651846934e+00
branch0_seg95,1.0000000000000000e+00,6.0333300004718315e-02,6.0333300004727884e-02,6.0129795827813011e+00,5.0047898651846934e+00
branch0_seg96,0.0000000000000000e+00,6.0333300102145000e-02,6.0333300102321956e-02,5.0047911367414564e+00,3.9143095225076032e+00
branch0_seg96,1.1111111111111116e-01,6.0333299970538781e-02,6.0333299970484956e-02,5.0047890502104719e+00,3.9143079253206299e+00
branch0_seg96,2.2222222222222210e-01,6.0333299996875492e-02,6.0333299996873799e-02,5.0047903956815292e+00,3.9143089551564318e+00
branch0_seg96,3.3333333333333326e-01,6.0333300014649018e-02,6.0333300014670833e-02,5.0047895788980856e+00,3.9143083300321750e+00
branch0_seg96,4.4444444444444442e-01,6.0333299983834722e-02,6.0333299983809645e-02,5.0047900453970176e+00,3.9143086870375972e+00
branch0_seg96,5.5555555555555536e-01,6.0333300013673062e-02,6.0333300013694580e-02,5.0047897969315338e+00,3.9143084969084039e+00
branch0_seg96,6.6666666666666652e-01,6.0333299989839211e-02,6.0333299989823098e-02,5.0047899175803092e+00,3.9143085892183040e+00
branch0_seg96,7.7777777777777768e-01,6.0333299989839211e-02,6.0333299989823098e-02,5.0047899175803092e+00,3.9143085892183040e+00
branch0_seg96,8.8888888888888884e-01,6.0333300004727884e-02,6.0333300004735385e-02,5.0047898651846934e+00,3.9143085491354714e+00
branch0_seg96,1.0000000000000000e+00,6.0333300004727884e-02,6.0333300004735385e-02,5.0047898651846934e+00,3.9143085491354714e+00
branch0_seg97,0.0000000000000000e+00,6.0333300102321956e-02,6.0333300102452067e-02,3.9143095225076032e+00,2.7277197093451906e+00
branch0_seg97,1.1111111111111116e-01,6.0333299970484956e-02,6.0333299970445287e-02,3.9143079253206299e+00,2.7277186233088706e+00
branch0_seg97,2.2222222222222210e-01,6.0333299996873799e-02,6.0333299996872661e-02,3.9143089551564318e+00,2.7277193234971331e+00
branch0_seg97,3.3333333333333326e-01,6.0333300014670833e-02,6.0333300014686786e-02,3.9143083300321750e+00,2.7277188985113532e+00
branch0_seg97,4.4444444444444442e-01,6.0333299983809645e-02,6.0333299983791264e-02,3.9143086870375972e+00,2.7277191411959825e+00
branch0_seg97,5.5555555555555536e-01,6.0333300013694580e-02,6.0333300013710366e-02,3.9143084969084039e+00,2.7277190119646302e+00
branch0_seg97,6.6666666666666652e-01,6.0333299989823098e-02,6.0333299989811275e-02,3.9143085892183040e+00,2.7277190746981179e+00
branch0_seg97,7.7777777777777768e-01,6.0333299989823098e-02,6.0333299989811275e-02,3.9143085892183040e+00,2.7277190746981179e+00
branch0_seg97,8.8888888888888884e-01,6.0333300004735385e-02,6.0333300004740895e-02,3.9143085491354714e+00,2.7277190474626294e+00
branch0_seg97,1.0000000000000000e+00,6.0333300004735385e-02,6.0333300004740895e-02,3.9143085491354714e+00,2.7277190474626294e+00
branch0_seg98,0.0000000000000000e+00,6.0333300102452067e-02,6.0333300102537298e-02,2.7277197093451906e+00,1.4391577546110388e+00
branch0_seg98,1.1111111111111116e-01,6.0333299970445287e-02,6.0333299970419169e-02,2.7277186233088706e+00,1.4391572019780894e+00
branch0_seg98,2.2222222222222210e-01,6.0333299996872661e-02,6.0333299996872064e-02,2.7277193234971331e+00,1.4391575582207634e+00
branch0_seg98,3.3333333333333326e-01,6.0333300014686786e-02,6.0333300014697097e-02,2.7277188985113532e+00,1.4391573420247088e+00
branch0_seg98,4.4444444444444442e-01,6.0333299983791264e-02,6.0333299983779329e-02,2.7277191411959825e+00,1.4391574654642560e+00
branch0_seg98,5.5555555555555536e-01,6.0333300013710366e-02,6.0333300013720628e-02,2.7277190119646302e+00,1.4391573997430098e+00
branch0_seg98,6.6666666666666652e-01,6.0333299989811275e-02,6.0333299989803572e-02,2.7277190746981179e+00,1.4391574316386875e+00
branch0_seg98,7.7777777777777768e-01,6.0333299989811275e-02,6.0333299989803572e-02,2.7277190746981179e+00,1.4391574316386875e+00
branch0_seg98,8.8888888888888884e-01,6.0333300004740895e-02,6.0333300004744475e-02,2.7277190474626294e+00,1.4391574177950421e+00
branch0_seg98,1.0000000000000000e+00,6.0333300004740895e-02,6.0333300004744475e-02,2.7277190474626294e+00,1.4391574177950421e+00
branch0_seg99,0.0000000000000000e+00,6.0333300102537298e-02,6.0333300102579757e-02,1.4391577546110388e+00,6.0333300102579757e-02
branch0_seg99,1.1111111111111116e-01,6.0333299970419169e-02,6.0333299970405964e-02,1.4391572019780894e+00,6.0333299970405964e-02
branch0_seg99,2.2222222222222210e-01,6.0333299996872064e-02,6.0333299996872002e-02,1.4391575582207634e+00,6.0333299996872002e-02
branch0_seg99,3.3333333333333326e-01,6.0333300014697097e-02,6.0333300014702031e-02,1.4391573420247088e+00,6.0333300014702031e-02
branch0_seg99,4.4444444444444442e-01,6.0333299983779329e-02,6.0333299983773528e-02,1.4391574654642560e+00,6.0333299983773528e-02
branch0_seg99,5.5555555555555536e-01,6.0333300013720628e-02,6.0333300013725638e-02,1.4391573997430098e+00,6.0333300013725638e-02
branch0_seg99,6.6666666666666652e-01,6.0333299989803572e-02,6.0333299989799798e-02,1.4391574316386875e+00,6.0333299989799798e-02
branch0_seg99,7.7777777777777768e-01,6.0333299989803572e-02,6.0333299989799798e-02,1.4391574316386875e+00,6.0333299989799798e-02
branch0_seg99,8.8888888888888884e-01,6.0333300004744475e-02,6.0333300004746238e-02,1.4391574177950421e+00,6.0333300004746238e-02
branch0_seg99,1.0000000000000000e+00,6.0333300004744475e-02,6.0333300004746238e-02,1.4391574177950421e+00,6.0333300004746238e-02
