name,time,flow_in,flow_out,pressure_in,pressure_out
branch0_seg0,0.0000000000000000e+00,2.4999999999977263e-02,2.4999999999206126e-02,1.4611857200512901e+02,1.4350377633220381e+02
branch0_seg0,1.1111111111111116e-01,2.5000000000011371e-02,2.5000000000583888e-02,1.4611856193029917e+02,1.4350376625304727e+02
branch0_seg0,2.2222222222222210e-01,2.4999999999994315e-02,2.4999999999606181e-02,1.4611856560052371e+02,1.4350376992597094e+02
branch0_seg0,3.3333333333333326e-01,2.5000000000002846e-02,2.5000000000246627e-02,1.4611856510737900e+02,1.4350376943103632e+02
branch0_seg0,4.4444444444444442e-01,2.4999999999998579e-02,2.4999999999856557e-02,1.4611856427558905e+02,1.4350376860046779e+02
branch0_seg0,5.5555555555555536e-01,2.5000000000000713e-02,2.5000000000076607e-02,1.4611856546357598e+02,1.4350376978762000e+02
branch0_seg0,6.6666666666666652e-01,2.4999999999999648e-02,2.4999999999963642e-02,1.4611856436236451e+02,1.4350376868696961e+02
branch0_seg0,7.7777777777777768e-01,2.5000000000000178e-02,2.5000000000013966e-02,1.4611856522150353e+02,1.4350376954574168e+02
branch0_seg0,8.8888888888888884e-01,2.4999999999999915e-02,2.4999999999997313e-02,1.4611856461880603e+02,1.4350376894327604e+02
branch0_seg0,1.0000000000000000e+00,2.5000000000000043e-02,2.4999999999997833e-02,1.4611856500804745e+02,1.4350376933237681e+02
branch0_seg1,0.0000000000000000e+00,2.4999999999206126e-02,2.4999999998415050e-02,1.4350377633220381e+02,1.4097252751753405e+02
branch0_seg1,1.1111111111111116e-01,2.5000000000583888e-02,2.5000000001169653e-02,1.4350376625304727e+02,1.4097251743817313e+02
branch0_seg1,2.2222222222222210e-01,2.4999999999606181e-02,2.4999999999209641e-02,1.4350376992597094e+02,1.4097252111209917e+02
branch0_seg1,3.3333333333333326e-01,2.5000000000246627e-02,2.5000000000495490e-02,1.4350376943103632e+02,1.4097252061587164e+02
branch0_seg1,4.4444444444444442e-01,2.4999999999856557e-02,2.4999999999711617e-02,1.4350376860046779e+02,1.4097251978655513e+02
branch0_seg1,5.5555555555555536e-01,2.5000000000076607e-02,2.5000000000154059e-02,1.4350376978762000e+02,1.4097252097265931e+02
branch0_seg1,6.6666666666666652e-01,2.4999999999963642e-02,2.4999999999926876e-02,1.4350376868696961e+02,1.4097251987280578e+02
branch0_seg1,7.7777777777777768e-01,2.5000000000013966e-02,2.5000000000028076e-02,1.4350376954574168e+02,1.4097252073101498e+02
branch0_seg1,8.8888888888888884e-01,2.4999999999997313e-02,2.4999999999994613e-02,1.4350376894327604e+02,1.4097252012892261e+02
branch0_seg1,1.0000000000000000e+00,2.4999999999997833e-02,2.4999999999995623e-02,1.4350376933237681e+02,1.4097252051779009e+02
branch0_seg2,0.0000000000000000e+00,2.4999999998415050e-02,2.4999999997618337e-02,1.4097252751753405e+02,1.3843710620960911e+02
branch0_seg2,1.1111111111111116e-01,2.5000000001169653e-02,2.5000000001758262e-02,1.4097251743817313e+02,1.3843709613385963e+02
branch0_seg2,2.2222222222222210e-01,2.4999999999209641e-02,2.4999999998811664e-02,1.4097252111209917e+02,1.3843709980726942e+02
branch0_seg2,3.3333333333333326e-01,2.5000000000495490e-02,2.5000000000745086e-02,1.4097252061587164e+02,1.3843709931014092e+02
branch0_seg2,4.4444444444444442e-01,2.4999999999711617e-02,2.4999999999566303e-02,1.4097251978655513e+02,1.3843709848216966e+02
branch0_seg2,5.5555555555555536e-01,2.5000000000154059e-02,2.5000000000231722e-02,1.4097252097265931e+02,1.3843709966697486e+02
branch0_seg2,6.6666666666666652e-01,2.4999999999926876e-02,2.4999999999889985e-02,1.4097251987280578e+02,1.3843709856817659e+02
branch0_seg2,7.7777777777777768e-01,2.5000000000028076e-02,2.5000000000042259e-02,1.4097252073101498e+02,1.3843709942561347e+02
branch0_seg2,8.8888888888888884e-01,2.4999999999994613e-02,2.4999999999991866e-02,1.4097252012892261e+02,1.3843709882404389e+02
branch0_seg2,1.0000000000000000e+00,2.4999999999995623e-02,2.4999999999993437e-02,1.4097252051779009e+02,1.3843709921258070e+02
branch0_seg3,0.0000000000000000e+00,2.4999999997618337e-02,2.4999999996816506e-02,1.3843710620960911e+02,1.3590177346872130e+02
branch0_seg3,1.1111111111111116e-01,2.5000000001758262e-02,2.5000000002349514e-02,1.3843709613385963e+02,1.3590176340018024e+02
branch0_seg3,2.2222222222222210e-01,2.4999999998811664e-02,2.4999999998412320e-02,1.3843709980726942e+02,1.3590176707167740e+02
branch0_seg3,3.3333333333333326e-01,2.5000000000745086e-02,2.5000000000995393e-02,1.3843709931014092e+02,1.3590176657397194e+02
branch0_seg3,4.4444444444444442e-01,2.4999999999566303e-02,2.4999999999420611e-02,1.3843709848216966e+02,1.3590176574747667e+02
branch0_seg3,5.5555555555555536e-01,2.5000000000231722e-02,2.5000000000309584e-02,1.3843709966697486e+02,1.3590176693071137e+02
branch0_seg3,6.6666666666666652e-01,2.4999999999889985e-02,2.4999999999852984e-02,1.3843709856817659e+02,1.3590176583323802e+02
branch0_seg3,7.7777777777777768e-01,2.5000000000042259e-02,2.5000000000056512e-02,1.3843709942561347e+02,1.3590176668968704e+02
branch0_seg3,8.8888888888888884e-01,2.4999999999991866e-02,2.4999999999989083e-02,1.3843709882404389e+02,1.3590176608879298e+02
branch0_seg3,1.0000000000000000e+00,2.4999999999993437e-02,2.4999999999991276e-02,1.3843709921258070e+02,1.3590176647690006e+02
branch0_seg4,0.0000000000000000e+00,2.4999999996816506e-02,2.4999999996011033e-02,1.3590177346872130e+02,1.3336444533499011e+02
branch0_seg4,1.1111111111111116e-01,2.5000000002349514e-02,2.5000000002942488e-02,1.3590176340018024e+02,1.3336443527705435e+02
branch0_seg4,2.2222222222222210e-01,2.4999999998412320e-02,2.4999999998012178e-02,1.3590176707167740e+02,1.3336443894535500e+02
branch0_seg4,3.3333333333333326e-01,2.5000000000995393e-02,2.5000000001246071e-02,1.3590176657397194e+02,1.3336443844733344e+02
branch0_seg4,4.4444444444444442e-01,2.4999999999420611e-02,2.4999999999274734e-02,1.3590176574747667e+02,1.3336443762248035e+02
branch0_seg4,5.5555555555555536e-01,2.5000000000309584e-02,2.5000000000387549e-02,1.3590176693071137e+02,1.3336443880385323e+02
branch0_seg4,6.6666666666666652e-01,2.4999999999852984e-02,2.4999999999815923e-02,1.3590176583323802e+02,1.3336443770798542e+02
branch0_seg4,7.7777777777777768e-01,2.5000000000056512e-02,2.5000000000070802e-02,1.3590176668968704e+02,1.3336443856322492e+02
branch0_seg4,8.8888888888888884e-01,2.4999999999989083e-02,2.4999999999986273e-02,1.3590176608879298e+02,1.3336443796316257e+02
branch0_seg4,1.0000000000000000e+00,2.4999999999991276e-02,2.4999999999989135e-02,1.3590176647690006e+02,1.3336443835073891e+02
branch0_seg5,0.0000000000000000e+00,2.4999999996011033e-02,2.4999999995202343e-02,1.3336444533499011e+02,1.3082916976917022e+02
branch0_seg5,1.1111111111111116e-01,2.5000000002942488e-02,2.5000000003537019e-02,1.3336443527705435e+02,1.3082915972504273e+02
branch0_seg5,2.2222222222222210e-01,2.4999999998012178e-02,2.4999999997611277e-02,1.3336443894535500e+02,1.3082916338896860e+02
branch0_seg5,3.3333333333333326e-01,2.5000000001246071e-02,2.5000000001497123e-02,1.3336443844733344e+02,1.3082916289083516e+02
branch0_seg5,4.4444444444444442e-01,2.4999999999274734e-02,2.4999999999128671e-02,1.3336443762248035e+02,1.3082916206782033e+02
branch0_seg5,5.5555555555555536e-01,2.5000000000387549e-02,2.5000000000465615e-02,1.3336443880385323e+02,1.3082916324702438e+02
branch0_seg5,6.6666666666666652e-01,2.4999999999815923e-02,2.4999999999778803e-02,1.3336443770798542e+02,1.3082916215305096e+02
branch0_seg5,7.7777777777777768e-01,2.5000000000070802e-02,2.5000000000085124e-02,1.3336443856322492e+02,1.3082916300685505e+02
branch0_seg5,8.8888888888888884e-01,2.4999999999986273e-02,2.4999999999983438e-02,1.3336443796316257e+02,1.3082916240778272e+02
branch0_seg5,1.0000000000000000e+00,2.4999999999989135e-02,2.4999999999987008e-02,1.3336443835073891e+02,1.3082916279472622e+02
branch0_seg6,0.0000000000000000e+00,2.4999999995202343e-02,2.4999999994391457e-02,1.3082916976917022e+02,1.2829607429418718e+02
branch0_seg6,1.1111111111111116e-01,2.5000000003537019e-02,2.5000000004132515e-02,1.3082915972504273e+02,1.2829606426689719e+02
branch0_seg6,2.2222222222222210e-01,2.4999999997611277e-02,2.4999999997209973e-02,1.3082916338896860e+02,1.2829606792536524e+02
branch0_seg6,3.3333333333333326e-01,2.5000000001497123e-02,2.5000000001748349e-02,1.3082916289083516e+02,1.2829606742727228e+02
branch0_seg6,4.4444444444444442e-01,2.4999999999128671e-02,2.4999999998982527e-02,1.3082916206782033e+02,1.2829606660631990e+02
branch0_seg6,5.5555555555555536e-01,2.5000000000465615e-02,2.5000000000543723e-02,1.3082916324702438e+02,1.2829606778303312e+02
branch0_seg6,6.6666666666666652e-01,2.4999999999778803e-02,2.4999999999741656e-02,1.3082916215305096e+02,1.2829606669125079e+02
branch0_seg6,7.7777777777777768e-01,2.5000000000085124e-02,2.5000000000099474e-02,1.3082916300685505e+02,1.2829606754338940e+02
branch0_seg6,8.8888888888888884e-01,2.4999999999983438e-02,2.4999999999980583e-02,1.3082916240778272e+02,1.2829606694546771e+02
branch0_seg6,1.0000000000000000e+00,2.4999999999987008e-02,2.4999999999984902e-02,1.3082916279472622e+02,1.2829606733167498e+02
branch0_seg7,0.0000000000000000e+00,2.4999999994391457e-02,2.4999999993579582e-02,1.2829607429418718e+02,1.2576354979799216e+02
branch0_seg7,1.1111111111111116e-01,2.5000000004132515e-02,2.5000000004728216e-02,1.2829606426689719e+02,1.2576353979041453e+02
branch0_seg7,2.2222222222222210e-01,2.4999999997209973e-02,2.4999999996808714e-02,1.2829606792536524e+02,1.2576354344242681e+02
branch0_seg7,3.3333333333333326e-01,2.5000000001748349e-02,2.5000000001999482e-02,1.2829606742727228e+02,1.2576354294447998e+02
branch0_seg7,4.4444444444444442e-01,2.4999999998982527e-02,2.4999999998836456e-02,1.2829606660631990e+02,1.2576354212583972e+02
branch0_seg7,5.5555555555555536e-01,2.5000000000543723e-02,2.5000000000621792e-02,1.2829606778303312e+02,1.2576354329972614e+02
branch0_seg7,6.6666666666666652e-01,2.4999999999741656e-02,2.4999999999704519e-02,1.2829606669125079e+02,1.2576354221043934e+02
branch0_seg7,7.7777777777777768e-01,2.5000000000099474e-02,2.5000000000113827e-02,1.2829606754338940e+02,1.2576354306067823e+02
branch0_seg7,8.8888888888888884e-01,2.4999999999980583e-02,2.4999999999977717e-02,1.2829606694546771e+02,1.2576354246406994e+02
branch0_seg7,1.0000000000000000e+00,2.4999999999984902e-02,2.4999999999982803e-02,1.2829606733167498e+02,1.2576354284943650e+02
branch0_seg8,0.0000000000000000e+00,2.4999999993579582e-02,2.4999999992767450e-02,1.2576354979799216e+02,1.2323293891778719e+02
branch0_seg8,1.1111111111111116e-01,2.5000000004728216e-02,2.5000000005323722e-02,1.2576353979041453e+02,1.2323292893264743e+02
branch0_seg8,2.2222222222222210e-01,2.4999999996808714e-02,2.4999999996407726e-02,1.2576354344242681e+02,1.2323293257728554e+02
branch0_seg8,3.3333333333333326e-01,2.5000000001999482e-02,2.5000000002250399e-02,1.2576354294447998e+02,1.2323293207954886e+02
branch0_seg8,4.4444444444444442e-01,2.4999999998836456e-02,2.4999999998690525e-02,1.2576354212583972e+02,1.2323293126349182e+02
branch0_seg8,5.5555555555555536e-01,2.5000000000621792e-02,2.5000000000699782e-02,1.2576354329972614e+02,1.2323293243420470e+02
branch0_seg8,6.6666666666666652e-01,2.4999999999704519e-02,2.4999999999667417e-02,1.2576354221043934e+02,1.2323293134772311e+02
branch0_seg8,7.7777777777777768e-01,2.5000000000113827e-02,2.5000000000128170e-02,1.2576354306067823e+02,1.2323293219582546e+02
branch0_seg8,8.8888888888888884e-01,2.4999999999977717e-02,2.4999999999974851e-02,1.2576354246406994e+02,1.2323293160069466e+02
branch0_seg8,1.0000000000000000e+00,2.4999999999982803e-02,2.4999999999980715e-02,1.2576354284943650e+02,1.2323293198511540e+02
branch0_seg9,0.0000000000000000e+00,2.4999999992767450e-02,2.4999999991956269e-02,1.2323293891778719e+02,1.2070205032426429e+02
branch0_seg9,1.1111111111111116e-01,2.5000000005323722e-02,2.5000000005918267e-02,1.2323292893264743e+02,1.2070204036416398e+02
branch0_seg9,2.2222222222222210e-01,2.4999999996407726e-02,2.4999999996007476e-02,1.2323293257728554e+02,1.2070204400057743e+02
branch0_seg9,3.3333333333333326e-01,2.5000000002250399e-02,2.5000000002500820e-02,1.2323293207954886e+02,1.2070204350307772e+02
branch0_seg9,4.4444444444444442e-01,2.4999999998690525e-02,2.4999999998544884e-02,1.2323293126349182e+02,1.2070204268989535e+02
branch0_seg9,5.5555555555555536e-01,2.5000000000699782e-02,2.5000000000777619e-02,1.2323293243420470e+02,1.2070204385707679e+02
branch0_seg9,6.6666666666666652e-01,2.4999999999667417e-02,2.4999999999630384e-02,1.2323293134772311e+02,1.2070204277371623e+02
branch0_seg9,7.7777777777777768e-01,2.5000000000128170e-02,2.5000000000142492e-02,1.2323293219582546e+02,1.2070204361944189e+02
branch0_seg9,8.8888888888888884e-01,2.4999999999974851e-02,2.4999999999971982e-02,1.2323293160069466e+02,1.2070204302595444e+02
branch0_seg9,1.0000000000000000e+00,2.4999999999980715e-02,2.4999999999978637e-02,1.2323293198511540e+02,1.2070204340932324e+02
branch0_seg10,0.0000000000000000e+00,2.4999999991956269e-02,2.4999999991147222e-02,1.2070205032426429e+02,1.1816875679104402e+02
branch0_seg10,1.1111111111111116e-01,2.5000000005918267e-02,2.5000000006511106e-02,1.2070204036416398e+02,1.1816874685847588e+02
branch0_seg10,2.2222222222222210e-01,2.4999999996007476e-02,2.4999999995608421e-02,1.2070204400057743e+02,1.1816875048587390e+02
branch0_seg10,3.3333333333333326e-01,2.5000000002500820e-02,2.5000000002750482e-02,1.2070204350307772e+02,1.1816874998860513e+02
branch0_seg10,4.4444444444444442e-01,2.4999999998544884e-02,2.4999999998399691e-02,1.2070204268989535e+02,1.1816874917860702e+02
branch0_seg10,5.5555555555555536e-01,2.5000000000777619e-02,2.5000000000855224e-02,1.2070204385707679e+02,1.1816875034188911e+02
branch0_seg10,6.6666666666666652e-01,2.4999999999630384e-02,2.4999999999593462e-02,1.2070204277371623e+02,1.1816874926197092e+02
branch0_seg10,7.7777777777777768e-01,2.5000000000142492e-02,2.5000000000156768e-02,1.2070204361944189e+02,1.1816875010507670e+02
branch0_seg10,8.8888888888888884e-01,2.4999999999971982e-02,2.4999999999969123e-02,1.2070204302595444e+02,1.1816874951340012e+02
branch0_seg10,1.0000000000000000e+00,2.4999999999978637e-02,2.4999999999976565e-02,1.2070204340932324e+02,1.1816874989561001e+02
branch0_seg11,0.0000000000000000e+00,2.4999999991147222e-02,2.4999999990340464e-02,1.1816875679104402e+02,1.1563689256112559e+02
branch0_seg11,1.1111111111111116e-01,2.5000000006511106e-02,2.5000000007102226e-02,1.1816874685847588e+02,1.1563688265845525e+02
branch0_seg11,2.2222222222222210e-01,2.4999999995608421e-02,2.4999999995210524e-02,1.1816875048587390e+02,1.1563688627610891e+02
branch0_seg11,3.3333333333333326e-01,2.5000000002750482e-02,2.5000000002999425e-02,1.1816874998860513e+02,1.1563688577903693e+02
branch0_seg11,4.4444444444444442e-01,2.4999999998399691e-02,2.4999999998254908e-02,1.1816874917860702e+02,1.1563688497254411e+02
branch0_seg11,5.5555555555555536e-01,2.5000000000855224e-02,2.5000000000932610e-02,1.1816875034188911e+02,1.1563688613155520e+02
branch0_seg11,6.6666666666666652e-01,2.4999999999593462e-02,2.4999999999556641e-02,1.1816874926197092e+02,1.1563688505540125e+02
branch0_seg11,7.7777777777777768e-01,2.5000000000156768e-02,2.5000000000171010e-02,1.1816875010507670e+02,1.1563688589564450e+02
branch0_seg11,8.8888888888888884e-01,2.4999999999969123e-02,2.4999999999966268e-02,1.1816874951340012e+02,1.1563688530594561e+02
branch0_seg11,1.0000000000000000e+00,2.4999999999976565e-02,2.4999999999974497e-02,1.1816874989561001e+02,1.1563688568689015e+02
branch0_seg12,0.0000000000000000e+00,2.4999999990340464e-02,2.4999999989537079e-02,1.1563689256112559e+02,1.1310444205490508e+02
branch0_seg12,1.1111111111111116e-01,2.5000000007102226e-02,2.5000000007690943e-02,1.1563688265845525e+02,1.1310443218441252e+02
branch0_seg12,2.2222222222222210e-01,2.4999999995210524e-02,2.4999999994814212e-02,1.1563688627610891e+02,1.1310443579163883e+02
branch0_seg12,3.3333333333333326e-01,2.5000000002999425e-02,2.5000000003247393e-02,1.1563688577903693e+02,1.1310443529470480e+02
branch0_seg12,4.4444444444444442e-01,2.4999999998254908e-02,2.4999999998110686e-02,1.1563688497254411e+02,1.1310443449205165e+02
branch0_seg12,5.5555555555555536e-01,2.5000000000932610e-02,2.5000000001009697e-02,1.1563688613155520e+02,1.1310443564641282e+02
branch0_seg12,6.6666666666666652e-01,2.4999999999556641e-02,2.4999999999519958e-02,1.1563688505540125e+02,1.1310443457434897e+02
branch0_seg12,7.7777777777777768e-01,2.5000000000171010e-02,2.5000000000185197e-02,1.1563688589564450e+02,1.1310443541148486e+02
branch0_seg12,8.8888888888888884e-01,2.4999999999966268e-02,2.4999999999963430e-02,1.1563688530594561e+02,1.1310443482393167e+02
branch0_seg12,1.0000000000000000e+00,2.4999999999974497e-02,2.4999999999972430e-02,1.1563688568689015e+02,1.1310443520350380e+02
branch0_seg13,0.0000000000000000e+00,2.4999999989537079e-02,2.4999999988737753e-02,1.1310444205490508e+02,1.1057142487214504e+02
branch0_seg13,1.1111111111111116e-01,2.5000000007690943e-02,2.5000000008276842e-02,1.1310443218441252e+02,1.1057141503602330e+02
branch0_seg13,2.2222222222222210e-01,2.4999999994814212e-02,2.4999999994419719e-02,1.1310443579163883e+02,1.1057141863218261e+02
branch0_seg13,3.3333333333333326e-01,2.5000000003247393e-02,2.5000000003494258e-02,1.1310443529470480e+02,1.1057141813530687e+02
branch0_seg13,4.4444444444444442e-01,2.4999999998110686e-02,2.4999999997967096e-02,1.1310443449205165e+02,1.1057141733683724e+02
branch0_seg13,5.5555555555555536e-01,2.5000000001009697e-02,2.5000000001086452e-02,1.1310443564641282e+02,1.1057141848616563e+02
branch0_seg13,6.6666666666666652e-01,2.4999999999519958e-02,2.4999999999483439e-02,1.1310443457434897e+02,1.1057141741851918e+02
branch0_seg13,7.7777777777777768e-01,2.5000000000185197e-02,2.5000000000199318e-02,1.1310443541148486e+02,1.1057141825230246e+02
branch0_seg13,8.8888888888888884e-01,2.4999999999963430e-02,2.4999999999960606e-02,1.1310443482393167e+02,1.1057141766706300e+02
branch0_seg13,1.0000000000000000e+00,2.4999999999972430e-02,2.4999999999970376e-02,1.1310443520350380e+02,1.1057141804515572e+02
branch0_seg14,0.0000000000000000e+00,2.4999999988737753e-02,2.4999999987943337e-02,1.1057142487214504e+02,1.0803666141157724e+02
branch0_seg14,1.1111111111111116e-01,2.5000000008276842e-02,2.5000000008859397e-02,1.1057141503602330e+02,1.0803665161195055e+02
branch0_seg14,2.2222222222222210e-01,2.4999999994419719e-02,2.4999999994027369e-02,1.1057141863218261e+02,1.0803665519643805e+02
branch0_seg14,3.3333333333333326e-01,2.5000000003494258e-02,2.5000000003739826e-02,1.1057141813530687e+02,1.0803665469952355e+02
branch0_seg14,4.4444444444444442e-01,2.4999999997967096e-02,2.4999999997824242e-02,1.1057141733683724e+02,1.0803665390558986e+02
branch0_seg14,5.5555555555555536e-01,2.5000000001086452e-02,2.5000000001162811e-02,1.1057141848616563e+02,1.0803665504949838e+02
branch0_seg14,6.6666666666666652e-01,2.4999999999483439e-02,2.4999999999447107e-02,1.1057141741851918e+02,1.0803665398659865e+02
branch0_seg14,7.7777777777777768e-01,2.5000000000199318e-02,2.5000000000213365e-02,1.1057141825230246e+02,1.0803665481678317e+02
branch0_seg14,8.8888888888888884e-01,2.4999999999960606e-02,2.4999999999957799e-02,1.1057141766706300e+02,1.0803665423402586e+02
branch0_seg14,1.0000000000000000e+00,2.4999999999970376e-02,2.4999999999968329e-02,1.1057141804515572e+02,1.0803665461053204e+02
branch0_seg15,0.0000000000000000e+00,2.4999999987943337e-02,2.4999999987153465e-02,1.0803666141157724e+02,1.0550650557266320e+02
branch0_seg15,1.1111111111111116e-01,2.5000000008859397e-02,2.5000000009438958e-02,1.0803665161195055e+02,1.0550649581154565e+02
branch0_seg15,2.2222222222222210e-01,2.4999999994027369e-02,2.4999999993636893e-02,1.0803665519643805e+02,1.0550649938380086e+02
branch0_seg15,3.3333333333333326e-01,2.5000000003739826e-02,2.5000000003984283e-02,1.0803665469952355e+02,1.0550649888673793e+02
branch0_seg15,4.4444444444444442e-01,2.4999999997824242e-02,2.4999999997682008e-02,1.0803665390558986e+02,1.0550649809769168e+02
branch0_seg15,5.5555555555555536e-01,2.5000000001162811e-02,2.5000000001238851e-02,1.0803665504949838e+02,1.0550649923579873e+02
branch0_seg15,6.6666666666666652e-01,2.4999999999447107e-02,2.4999999999410927e-02,1.0803665398659865e+02,1.0550649817796909e+02
branch0_seg15,7.7777777777777768e-01,2.5000000000213365e-02,2.5000000000227351e-02,1.0803665481678317e+02,1.0550649900431358e+02
branch0_seg15,8.8888888888888884e-01,2.4999999999957799e-02,2.4999999999955010e-02,1.0803665423402586e+02,1.0550649842420334e+02
branch0_seg15,1.0000000000000000e+00,2.4999999999968329e-02,2.4999999999966282e-02,1.0803665461053204e+02,1.0550649879901812e+02
branch0_seg16,0.0000000000000000e+00,2.4999999987153465e-02,2.4999999986369658e-02,1.0550650557266320e+02,1.0297499016190879e+02
branch0_seg16,1.1111111111111116e-01,2.5000000009438958e-02,2.5000000010014487e-02,1.0550649581154565e+02,1.0297498044129659e+02
branch0_seg16,2.2222222222222210e-01,2.4999999993636893e-02,2.4999999993248957e-02,1.0550649938380086e+02,1.0297498400077350e+02
branch0_seg16,3.3333333333333326e-01,2.5000000003984283e-02,2.5000000004227217e-02,1.0550649888673793e+02,1.0297498350344038e+02
branch0_seg16,4.4444444444444442e-01,2.4999999997682008e-02,2.4999999997540635e-02,1.0550649809769168e+02,1.0297498271964272e+02
branch0_seg16,5.5555555555555536e-01,2.5000000001238851e-02,2.5000000001314436e-02,1.0550649923579873e+02,1.0297498385155941e+02
branch0_seg16,6.6666666666666652e-01,2.4999999999410927e-02,2.4999999999374967e-02,1.0550649817796909e+02,1.0297498279912847e+02
branch0_seg16,7.7777777777777768e-01,2.5000000000227351e-02,2.5000000000241246e-02,1.0550649900431358e+02,1.0297498362138808e+02
branch0_seg16,8.8888888888888884e-01,2.4999999999955010e-02,2.4999999999952244e-02,1.0550649842420334e+02,1.0297498304409218e+02
branch0_seg16,1.0000000000000000e+00,2.4999999999966282e-02,2.4999999999964238e-02,1.0550649879901812e+02,1.0297498341710923e+02
branch0_seg17,0.0000000000000000e+00,2.4999999986369658e-02,2.4999999985592714e-02,1.0297499016190879e+02,1.0044053618016061e+02
branch0_seg17,1.1111111111111116e-01,2.5000000010014487e-02,2.5000000010585471e-02,1.0297498044129659e+02,1.0044052650201166e+02
branch0_seg17,2.2222222222222210e-01,2.4999999993248957e-02,2.4999999992863876e-02,1.0297498400077350e+02,1.0044053004818223e+02
branch0_seg17,3.3333333333333326e-01,2.5000000004227217e-02,2.5000000004468451e-02,1.0297498350344038e+02,1.0044052955044896e+02
branch0_seg17,4.4444444444444442e-01,2.4999999997540635e-02,2.4999999997400220e-02,1.0297498271964272e+02,1.0044052877226474e+02
branch0_seg17,5.5555555555555536e-01,2.5000000001314436e-02,2.5000000001389518e-02,1.0297498385155941e+02,1.0044052989760051e+02
branch0_seg17,6.6666666666666652e-01,2.4999999999374967e-02,2.4999999999339245e-02,1.0297498279912847e+02,1.0044052885089758e+02
branch0_seg17,7.7777777777777768e-01,2.5000000000241246e-02,2.5000000000255047e-02,1.0297498362138808e+02,1.0044052966882717e+02
branch0_seg17,8.8888888888888884e-01,2.4999999999952244e-02,2.4999999999949500e-02,1.0297498304409218e+02,1.0044052909451295e+02
branch0_seg17,1.0000000000000000e+00,2.4999999999964238e-02,2.4999999999962205e-02,1.0297498341710923e+02,1.0044052946562600e+02
branch0_seg18,0.0000000000000000e+00,2.4999999985592714e-02,2.4999999984823034e-02,1.0044053618016061e+02,9.7903905325088289e+01
branch0_seg18,1.1111111111111116e-01,2.5000000010585471e-02,2.5000000011151689e-02,1.0044052650201166e+02,9.7903895691312059e+01
branch0_seg18,2.2222222222222210e-01,2.4999999992863876e-02,2.4999999992481776e-02,1.0044053004818223e+02,9.7903899223666969e+01
branch0_seg18,3.3333333333333326e-01,2.5000000004468451e-02,2.5000000004707913e-02,1.0044052955044896e+02,9.7903898725398491e+01
branch0_seg18,4.4444444444444442e-01,2.4999999997400220e-02,2.4999999997260804e-02,1.0044052877226474e+02,9.7903897953192057e+01
branch0_seg18,5.5555555555555536e-01,2.5000000001389518e-02,2.5000000001464073e-02,1.0044052989760051e+02,9.7903899071558655e+01
branch0_seg18,6.6666666666666652e-01,2.4999999999339245e-02,2.4999999999303774e-02,1.0044052885089758e+02,9.7903898030910639e+01
branch0_seg18,7.7777777777777768e-01,2.5000000000255047e-02,2.5000000000268745e-02,1.0044052966882717e+02,9.7903898844267033e+01
branch0_seg18,8.8888888888888884e-01,2.4999999999949500e-02,2.4999999999946784e-02,1.0044052909451295e+02,9.7903898273100438e+01
branch0_seg18,1.0000000000000000e+00,2.4999999999962205e-02,2.4999999999960172e-02,1.0044052946562600e+02,9.7903898642204098e+01
branch0_seg19,0.0000000000000000e+00,2.4999999984823034e-02,2.4999999984060214e-02,9.7903905325088289e+01,9.5371023682871140e+01
branch0_seg19,1.1111111111111116e-01,2.5000000011151689e-02,2.5000000011713496e-02,9.7903895691312059e+01,9.5371014095293134e+01
branch0_seg19,2.2222222222222210e-01,2.4999999992481776e-02,2.4999999992102388e-02,9.7903899223666969e+01,9.5371017613349522e+01
branch0_seg19,3.3333333333333326e-01,2.5000000004707913e-02,2.5000000004945778e-02,9.7903898725398491e+01,9.5371017114410392e+01
branch0_seg19,4.4444444444444442e-01,2.4999999997260804e-02,2.4999999997122279e-02,9.7903897953192057e+01,9.5371016348536813e+01
branch0_seg19,5.5555555555555536e-01,2.5000000001464073e-02,2.5000000001538163e-02,9.7903899071558655e+01,9.5371017459557024e+01
branch0_seg19,6.6666666666666652e-01,2.4999999999303774e-02,2.4999999999268527e-02,9.7903898030910639e+01,9.5371016425281240e+01
branch0_seg19,7.7777777777777768e-01,2.5000000000268745e-02,2.5000000000282355e-02,9.7903898844267033e+01,9.5371017233828482e+01
branch0_seg19,8.8888888888888884e-01,2.4999999999946784e-02,2.4999999999944095e-02,9.7903898273100438e+01,9.5371016665970515e+01
branch0_seg19,1.0000000000000000e+00,2.4999999999960172e-02,2.4999999999958146e-02,9.7903898642204098e+01,9.5371017032962513e+01
branch0_seg20,0.0000000000000000e+00,2.4999999984060214e-02,2.4999999983305404e-02,9.5371023682871140e+01,9.2837384245130565e+01
branch0_seg20,1.1111111111111116e-01,2.5000000011713496e-02,2.5000000012270110e-02,9.5371014095293134e+01,9.2837374705584480e+01
branch0_seg20,2.2222222222222210e-01,2.4999999992102388e-02,2.4999999991726217e-02,9.5371017613349522e+01,9.2837378208857530e+01
branch0_seg20,3.3333333333333326e-01,2.5000000004945778e-02,2.5000000005181745e-02,9.5371017114410392e+01,9.2837377709110584e+01
branch0_seg20,4.4444444444444442e-01,2.4999999997122279e-02,2.4999999996984816e-02,9.5371016348536813e+01,9.2837376949928171e+01
branch0_seg20,5.5555555555555536e-01,2.5000000001538163e-02,2.5000000001611698e-02,9.5371017459557024e+01,9.2837378053221414e+01
branch0_seg20,6.6666666666666652e-01,2.4999999999268527e-02,2.4999999999233542e-02,9.5371016425281240e+01,9.2837377025638020e+01
branch0_seg20,7.7777777777777768e-01,2.5000000000282355e-02,2.5000000000295855e-02,9.5371017233828482e+01,9.2837377829137992e+01
branch0_seg20,8.8888888888888884e-01,2.4999999999944095e-02,2.4999999999941434e-02,9.5371016665970515e+01,9.2837377264751126e+01
branch0_seg20,1.0000000000000000e+00,2.4999999999958146e-02,2.4999999999956130e-02,9.5371017032962513e+01,9.2837377629528319e+01
branch0_seg21,0.0000000000000000e+00,2.4999999983305404e-02,2.4999999982559171e-02,9.2837384245130565e+01,9.0302015285892097e+01
branch0_seg21,1.1111111111111116e-01,2.5000000012270110e-02,2.5000000012821162e-02,9.2837374705584480e+01,9.0302005796197278e+01
branch0_seg21,2.2222222222222210e-01,2.4999999991726217e-02,2.4999999991353494e-02,9.2837378208857530e+01,9.0302009284204743e+01
branch0_seg21,3.3333333333333326e-01,2.5000000005181745e-02,2.5000000005415673e-02,9.2837377709110584e+01,9.0302008783514523e+01
branch0_seg21,4.4444444444444442e-01,2.4999999996984816e-02,2.4999999996848491e-02,9.2837376949928171e+01,9.0302008031378861e+01
branch0_seg21,5.5555555555555536e-01,2.5000000001611698e-02,2.5000000001684640e-02,9.2837378053221414e+01,9.0302009126567043e+01
branch0_seg21,6.6666666666666652e-01,2.4999999999233542e-02,2.4999999999198833e-02,9.2837377025638020e+01,9.0302008105994318e+01
branch0_seg21,7.7777777777777768e-01,2.5000000000295855e-02,2.5000000000309247e-02,9.2837377829137992e+01,9.0302008904210226e+01
branch0_seg21,8.8888888888888884e-01,2.4999999999941434e-02,2.4999999999938800e-02,9.2837377264751126e+01,9.0302008343456066e+01
branch0_seg21,1.0000000000000000e+00,2.4999999999956130e-02,2.4999999999954114e-02,9.2837377629528319e+01,9.0302008705915824e+01
branch0_seg22,0.0000000000000000e+00,2.4999999982559171e-02,2.4999999981821234e-02,9.0302015285892097e+01,8.7769726019191424e+01
branch0_seg22,1.1111111111111116e-01,2.5000000012821162e-02,2.5000000013366910e-02,9.0302005796197278e+01,8.7769716581105925e+01
branch0_seg22,2.2222222222222210e-01,2.4999999991353494e-02,2.4999999990984022e-02,9.0302009284204743e+01,8.7769720053379444e+01
branch0_seg22,3.3333333333333326e-01,2.5000000005415673e-02,2.5000000005647696e-02,9.0302008783514523e+01,8.7769719551616944e+01
branch0_seg22,4.4444444444444442e-01,2.4999999996848491e-02,2.4999999996713228e-02,9.0302008031378861e+01,8.7769718806870713e+01
branch0_seg22,5.5555555555555536e-01,2.5000000001684640e-02,2.5000000001757030e-02,9.0302009126567043e+01,8.7769719893588700e+01
branch0_seg22,6.6666666666666652e-01,2.4999999999198833e-02,2.4999999999164392e-02,9.0302008105994318e+01,8.7769718880334310e+01
branch0_seg22,7.7777777777777768e-01,2.5000000000309247e-02,2.5000000000322532e-02,9.0302008904210226e+01,8.7769719673037116e+01
branch0_seg22,8.8888888888888884e-01,2.4999999999938800e-02,2.4999999999936195e-02,9.0302008343456066e+01,8.7769719116072068e+01
branch0_seg22,1.0000000000000000e+00,2.4999999999954114e-02,2.4999999999952106e-02,9.0302008705915824e+01,8.7769719476115029e+01
branch0_seg23,0.0000000000000000e+00,2.4999999981821234e-02,2.4999999981092754e-02,8.7769726019191424e+01,8.5235086265988059e+01
branch0_seg23,1.1111111111111116e-01,2.5000000013366910e-02,2.5000000013906541e-02,8.7769716581105925e+01,8.5235076881308700e+01
branch0_seg23,2.2222222222222210e-01,2.4999999990984022e-02,2.4999999990618339e-02,8.7769720053379444e+01,8.5235080337364167e+01
branch0_seg23,3.3333333333333326e-01,2.5000000005647696e-02,2.5000000005877487e-02,8.7769719551616944e+01,8.5235079834403820e+01
branch0_seg23,4.4444444444444442e-01,2.4999999996713228e-02,2.4999999996579206e-02,8.7769718806870713e+01,8.5235079097391790e+01
branch0_seg23,5.5555555555555536e-01,2.5000000001757030e-02,2.5000000001828768e-02,8.7769719893588700e+01,8.5235080175270568e+01
branch0_seg23,6.6666666666666652e-01,2.4999999999164392e-02,2.4999999999130256e-02,8.7769718880334310e+01,8.5235079169646042e+01
branch0_seg23,7.7777777777777768e-01,2.5000000000322532e-02,2.5000000000335691e-02,8.7769719673037116e+01,8.5235079956603585e+01
branch0_seg23,8.8888888888888884e-01,2.4999999999936195e-02,2.4999999999933624e-02,8.7769719116072068e+01,8.5235079403586255e+01
branch0_seg23,1.0000000000000000e+00,2.4999999999952106e-02,2.4999999999950107e-02,8.7769719476115029e+01,8.5235079761111649e+01
branch0_seg24,0.0000000000000000e+00,2.4999999981092754e-02,2.4999999980373996e-02,8.5235086265988059e+01,8.2698770344154937e+01
branch0_seg24,1.1111111111111116e-01,2.5000000013906541e-02,2.5000000014439906e-02,8.5235076881308700e+01,8.2698761014664797e+01
branch0_seg24,2.2222222222222210e-01,2.4999999990618339e-02,2.4999999990256521e-02,8.5235080337364167e+01,8.2698764454015517e+01
branch0_seg24,3.3333333333333326e-01,2.5000000005877487e-02,2.5000000006105003e-02,8.5235079834403820e+01,8.2698763949739856e+01
branch0_seg24,4.4444444444444442e-01,2.4999999996579206e-02,2.4999999996446459e-02,8.5235079097391790e+01,8.2698763220798114e+01
branch0_seg24,5.5555555555555536e-01,2.5000000001828768e-02,2.5000000001899843e-02,8.5235080175270568e+01,8.2698764289476017e+01
branch0_seg24,6.6666666666666652e-01,2.4999999999130256e-02,2.4999999999096439e-02,8.5235079169646042e+01,8.2698763291787344e+01
branch0_seg24,7.7777777777777768e-01,2.5000000000335691e-02,2.5000000000348722e-02,8.5235079956603585e+01,8.2698764072771368e+01
branch0_seg24,8.8888888888888884e-01,2.4999999999933624e-02,2.4999999999931084e-02,8.5235079403586255e+01,8.2698763523857778e+01
branch0_seg24,1.0000000000000000e+00,2.4999999999950107e-02,2.4999999999948112e-02,8.5235079761111649e+01,8.2698763878766428e+01
branch0_seg25,0.0000000000000000e+00,2.4999999980373996e-02,2.4999999979665406e-02,8.2698770344154937e+01,8.0159870927689923e+01
branch0_seg25,1.1111111111111116e-01,2.5000000014439906e-02,2.5000000014966703e-02,8.2698761014664797e+01,8.0159861655178844e+01
branch0_seg25,2.2222222222222210e-01,2.4999999990256521e-02,2.4999999989898759e-02,8.2698764454015517e+01,8.0159865077328377e+01
branch0_seg25,3.3333333333333326e-01,2.5000000006105003e-02,2.5000000006330125e-02,8.2698763949739856e+01,8.0159864571628816e+01
branch0_seg25,4.4444444444444442e-01,2.4999999996446459e-02,2.4999999996315043e-02,8.2698763220798114e+01,8.0159863851086584e+01
branch0_seg25,5.5555555555555536e-01,2.5000000001899843e-02,2.5000000001970227e-02,8.2698764289476017e+01,8.0159864910206821e+01
branch0_seg25,6.6666666666666652e-01,2.4999999999096439e-02,2.4999999999062942e-02,8.2698763291787344e+01,8.0159863920756720e+01
branch0_seg25,7.7777777777777768e-01,2.5000000000348722e-02,2.5000000000361629e-02,8.2698764072771368e+01,8.0159864695541017e+01
branch0_seg25,8.8888888888888884e-01,2.4999999999931084e-02,2.4999999999928579e-02,8.2698763523857778e+01,8.0159864150885923e+01
branch0_seg25,1.0000000000000000e+00,2.4999999999948112e-02,2.4999999999946131e-02,8.2698763878766428e+01,8.0159864503079461e+01
branch0_seg26,0.0000000000000000e+00,2.4999999979665406e-02,2.4999999978967031e-02,8.0159870927689923e+01,7.7620315065312525e+01
branch0_seg26,1.1111111111111116e-01,2.5000000014966703e-02,2.5000000015486933e-02,8.0159861655178844e+01,7.7620305851551848e+01
branch0_seg26,2.2222222222222210e-01,2.4999999989898759e-02,2.4999999989545042e-02,8.0159865077328377e+01,7.7620309255999658e+01
branch0_seg26,3.3333333333333326e-01,2.5000000006330125e-02,2.5000000006552867e-02,8.0159864571628816e+01,7.7620308748779607e+01
branch0_seg26,4.4444444444444442e-01,2.4999999996315043e-02,2.4999999996184959e-02,8.0159863851086584e+01,7.7620308036953205e+01
branch0_seg26,5.5555555555555536e-01,2.5000000001970227e-02,2.5000000002039918e-02,8.0159864910206821e+01,7.7620309086169939e+01
branch0_seg26,6.6666666666666652e-01,2.4999999999062942e-02,2.4999999999029774e-02,8.0159863920756720e+01,7.7620308105252846e+01
branch0_seg26,7.7777777777777768e-01,2.5000000000361629e-02,2.5000000000374407e-02,8.0159864695541017e+01,7.7620308873617049e+01
branch0_seg26,8.8888888888888884e-01,2.4999999999928579e-02,2.4999999999926102e-02,8.0159864150885923e+01,7.7620308333371398e+01
branch0_seg26,1.0000000000000000e+00,2.4999999999946131e-02,2.4999999999944164e-02,8.0159864503079461e+01,7.7620308682753759e+01
branch0_seg27,0.0000000000000000e+00,2.4999999978967031e-02,2.4999999978278720e-02,7.7620315065312525e+01,7.5083314362174946e+01
branch0_seg27,1.1111111111111116e-01,2.5000000015486933e-02,2.5000000016000740e-02,7.7620305851551848e+01,7.5083305208905614e+01
branch0_seg27,2.2222222222222210e-01,2.4999999989545042e-02,2.4999999989195259e-02,7.7620309255999658e+01,7.5083308595149077e+01
branch0_seg27,3.3333333333333326e-01,2.5000000006552867e-02,2.5000000006773309e-02,7.7620308748779607e+01,7.5083308086326255e+01
branch0_seg27,4.4444444444444442e-01,2.4999999996184959e-02,2.4999999996056146e-02,7.7620308036953205e+01,7.5083307383515475e+01
branch0_seg27,5.5555555555555536e-01,2.5000000002039918e-02,2.5000000002108953e-02,7.7620309086169939e+01,7.5083308422497353e+01
branch0_seg27,6.6666666666666652e-01,2.4999999999029774e-02,2.4999999998996915e-02,7.7620308105252846e+01,7.5083307450396603e+01
branch0_seg27,7.7777777777777768e-01,2.5000000000374407e-02,2.5000000000387060e-02,7.7620308873617049e+01,7.5083308212128117e+01
branch0_seg27,8.8888888888888884e-01,2.4999999999926102e-02,2.4999999999923656e-02,7.7620308333371398e+01,7.5083307676437698e+01
branch0_seg27,1.0000000000000000e+00,2.4999999999944164e-02,2.4999999999942204e-02,7.7620308682753759e+01,7.5083308022916071e+01
branch0_seg28,0.0000000000000000e+00,2.4999999978278720e-02,2.4999999977600790e-02,7.5083314362174946e+01,7.2548551421844095e+01
branch0_seg28,1.1111111111111116e-01,2.5000000016000740e-02,2.5000000016507918e-02,7.5083305208905614e+01,7.2548542330817483e+01
branch0_seg28,2.2222222222222210e-01,2.4999999989195259e-02,2.4999999988849535e-02,7.5083308595149077e+01,7.2548545698339709e+01
branch0_seg28,3.3333333333333326e-01,2.5000000006773309e-02,2.5000000006991378e-02,7.5083308086326255e+01,7.2548545187845036e+01
branch0_seg28,4.4444444444444442e-01,2.4999999996056146e-02,2.4999999995928650e-02,7.5083307383515475e+01,7.2548544494339126e+01
branch0_seg28,5.5555555555555536e-01,2.5000000002108953e-02,2.5000000002177305e-02,7.5083308422497353e+01,7.2548545522762524e+01
branch0_seg28,6.6666666666666652e-01,2.4999999998996915e-02,2.4999999998964375e-02,7.5083307450396603e+01,7.2548544559756124e+01
branch0_seg28,7.7777777777777768e-01,2.5000000000387060e-02,2.5000000000399588e-02,7.5083308212128117e+01,7.2548545314645878e+01
branch0_seg28,8.8888888888888884e-01,2.4999999999923656e-02,2.4999999999921238e-02,7.5083307676437698e+01,7.2548544783654293e+01
branch0_seg28,1.0000000000000000e+00,2.4999999999942204e-02,2.4999999999940258e-02,7.5083308022916071e+01,7.2548545127137174e+01
branch0_seg29,0.0000000000000000e+00,2.4999999977600790e-02,2.4999999976933755e-02,7.2548551421844095e+01,7.0014004866526918e+01
branch0_seg29,1.1111111111111116e-01,2.5000000016507918e-02,2.5000000017008098e-02,7.2548542330817483e+01,7.0013995839526928e+01
branch0_seg29,2.2222222222222210e-01,2.4999999988849535e-02,2.4999999988508121e-02,7.2548545698339709e+01,7.0013999187789778e+01
branch0_seg29,3.3333333333333326e-01,2.5000000006991378e-02,2.5000000007206917e-02,7.2548545187845036e+01,7.0013998675567265e+01
branch0_seg29,4.4444444444444442e-01,2.4999999995928650e-02,2.4999999995802560e-02,7.2548544494339126e+01,7.0013997991647784e+01
branch0_seg29,5.5555555555555536e-01,2.5000000002177305e-02,2.5000000002244924e-02,7.2548545522762524e+01,7.0013999009193427e+01
branch0_seg29,6.6666666666666652e-01,2.4999999998964375e-02,2.4999999998932182e-02,7.2548544559756124e+01,7.0013998055556939e+01
branch0_seg29,7.7777777777777768e-01,2.5000000000399588e-02,2.5000000000411981e-02,7.2548545314645878e+01,7.0013998803397229e+01
branch0_seg29,8.8888888888888884e-01,2.4999999999921238e-02,2.4999999999918851e-02,7.2548544783654293e+01,7.0013998277247310e+01
branch0_seg29,1.0000000000000000e+00,2.4999999999940258e-02,2.4999999999938322e-02,7.2548545127137174e+01,7.0013998617643594e+01
branch0_seg30,0.0000000000000000e+00,2.4999999976933755e-02,2.4999999976277491e-02,7.0014004866526918e+01,6.7482392572101091e+01
branch0_seg30,1.1111111111111116e-01,2.5000000017008098e-02,2.5000000017501394e-02,7.0013995839526928e+01,6.7482383610892143e+01
branch0_seg30,2.2222222222222210e-01,2.4999999988508121e-02,2.4999999988170922e-02,7.0013999187789778e+01,6.7482386939349652e+01
branch0_seg30,3.3333333333333326e-01,2.5000000007206917e-02,2.5000000007419986e-02,7.0013998675567265e+01,6.7482386425360573e+01
branch0_seg30,4.4444444444444442e-01,2.4999999995802560e-02,2.4999999995677841e-02,7.0013997991647784e+01,6.7482385751291062e+01
branch0_seg30,5.5555555555555536e-01,2.5000000002244924e-02,2.5000000002311836e-02,7.0013999009193427e+01,6.7482386757654865e+01
branch0_seg30,6.6666666666666652e-01,2.4999999998932182e-02,2.4999999998900315e-02,7.0013998055556939e+01,6.7482385813652456e+01
branch0_seg30,7.7777777777777768e-01,2.5000000000411981e-02,2.5000000000424249e-02,7.0013998803397229e+01,6.7482386554243490e+01
branch0_seg30,8.8888888888888884e-01,2.4999999999918851e-02,2.4999999999916492e-02,7.0013998277247310e+01,6.7482386033072871e+01
branch0_seg30,1.0000000000000000e+00,2.4999999999938322e-02,2.4999999999936403e-02,7.0013998617643594e+01,6.7482386370294719e+01
branch0_seg31,0.0000000000000000e+00,2.4999999976277491e-02,2.4999999975632462e-02,6.7482392572101091e+01,6.4951737998003082e+01
branch0_seg31,1.1111111111111116e-01,2.5000000017501394e-02,2.5000000017987477e-02,6.7482383610892143e+01,6.4951729104387383e+01
branch0_seg31,2.2222222222222210e-01,2.4999999988170922e-02,2.4999999987838164e-02,6.7482386939349652e+01,6.4951732412469468e+01
branch0_seg31,3.3333333333333326e-01,2.5000000007419986e-02,2.5000000007630446e-02,6.7482386425360573e+01,6.4951731896689722e+01
branch0_seg31,4.4444444444444442e-01,2.4999999995677841e-02,2.4999999995554571e-02,6.7482385751291062e+01,6.4951731232725194e+01
branch0_seg31,5.5555555555555536e-01,2.5000000002311836e-02,2.5000000002377995e-02,6.7482386757654865e+01,6.4951732227607891e+01
branch0_seg31,6.6666666666666652e-01,2.4999999998900315e-02,2.4999999998868802e-02,6.7482385813652456e+01,6.4951731293501084e+01
branch0_seg31,7.7777777777777768e-01,2.5000000000424249e-02,2.5000000000436378e-02,6.7482386554243490e+01,6.4951732026644478e+01
branch0_seg31,8.8888888888888884e-01,2.4999999999916492e-02,2.4999999999914167e-02,6.7482386033072871e+01,6.4951731510590093e+01
branch0_seg31,1.0000000000000000e+00,2.4999999999936403e-02,2.4999999999934495e-02,6.7482386370294719e+01,6.4951731844549982e+01
branch0_seg32,0.0000000000000000e+00,2.4999999975632462e-02,2.4999999974999243e-02,6.4951737998003082e+01,6.2418925755191992e+01
branch0_seg32,1.1111111111111116e-01,2.5000000017987477e-02,2.5000000018465918e-02,6.4951729104387383e+01,6.2418916931026047e+01
branch0_seg32,2.2222222222222210e-01,2.4999999987838164e-02,2.4999999987510135e-02,6.4951732412469468e+01,6.2418920218133508e+01
branch0_seg32,3.3333333333333326e-01,2.5000000007630446e-02,2.5000000007838124e-02,6.4951731896689722e+01,6.2418919700553289e+01
branch0_seg32,4.4444444444444442e-01,2.4999999995554571e-02,2.4999999995432853e-02,6.4951731232725194e+01,6.2418919046942563e+01
branch0_seg32,5.5555555555555536e-01,2.5000000002377995e-02,2.5000000002443352e-02,6.4951732227607891e+01,6.2418920030047047e+01
branch0_seg32,6.6666666666666652e-01,2.4999999998868802e-02,2.4999999998837664e-02,6.4951731293501084e+01,6.2418919106096965e+01
branch0_seg32,7.7777777777777768e-01,2.5000000000436378e-02,2.5000000000448361e-02,6.4951732026644478e+01,6.2418919831594103e+01
branch0_seg32,8.8888888888888884e-01,2.4999999999914167e-02,2.4999999999911870e-02,6.4951731510590093e+01,6.2418919320793201e+01
branch0_seg32,1.0000000000000000e+00,2.4999999999934495e-02,2.4999999999932604e-02,6.4951731844549982e+01,6.2418919651403407e+01
branch0_seg33,0.0000000000000000e+00,2.4999999974999243e-02,2.4999999974378431e-02,6.2418925755191992e+01,5.9880454896452022e+01
branch0_seg33,1.1111111111111116e-01,2.5000000018465918e-02,2.5000000018936271e-02,6.2418916931026047e+01,5.9880446143654630e+01
branch0_seg33,2.2222222222222210e-01,2.4999999987510135e-02,2.4999999987187133e-02,6.2418920218133508e+01,5.9880449409156512e+01
branch0_seg33,3.3333333333333326e-01,2.5000000007838124e-02,2.5000000008042828e-02,6.2418919700553289e+01,5.9880448889780354e+01
branch0_seg33,4.4444444444444442e-01,2.4999999995432853e-02,2.4999999995312796e-02,6.2418919046942563e+01,5.9880448246767003e+01
branch0_seg33,5.5555555555555536e-01,2.5000000002443352e-02,2.5000000002507846e-02,6.2418920030047047e+01,5.9880449217797157e+01
branch0_seg33,6.6666666666666652e-01,2.4999999998837664e-02,2.4999999998806931e-02,6.2418919106096965e+01,5.9880448304265599e+01
branch0_seg33,7.7777777777777768e-01,2.5000000000448361e-02,2.5000000000460189e-02,6.2418919831594103e+01,5.9880449021916796e+01
branch0_seg33,8.8888888888888884e-01,2.4999999999911870e-02,2.4999999999909612e-02,6.2418919320793201e+01,5.9880448516507592e+01
branch0_seg33,1.0000000000000000e+00,2.4999999999932604e-02,2.4999999999930730e-02,6.2418919651403407e+01,5.9880448843679666e+01
branch0_seg34,0.0000000000000000e+00,2.4999999974378431e-02,2.4999999973114025e-02,5.9880454896452022e+01,5.8237283156600881e+01
branch0_seg34,1.1111111111111116e-01,2.5000000018936271e-02,2.5000000019896992e-02,5.9880446143654630e+01,5.8237274437469530e+01
branch0_seg34,2.2222222222222210e-01,2.4999999987187133e-02,2.4999999986526290e-02,5.9880449409156512e+01,5.8237277693765513e+01
branch0_seg34,3.3333333333333326e-01,2.5000000008042828e-02,2.5000000008462076e-02,5.9880448889780354e+01,5.8237277172348556e+01
branch0_seg34,4.4444444444444442e-01,2.4999999995312796e-02,2.4999999995066732e-02,5.9880448246767003e+01,5.8237276535389618e+01
branch0_seg34,5.5555555555555536e-01,2.5000000002507846e-02,2.5000000002640091e-02,5.9880449217797157e+01,5.8237277499917795e+01
branch0_seg34,6.6666666666666652e-01,2.4999999998806931e-02,2.4999999998743892e-02,5.9880448304265599e+01,5.8237276591860358e+01
branch0_seg34,7.7777777777777768e-01,2.5000000000460189e-02,2.5000000000484447e-02,5.9880449021916796e+01,5.8237277305451165e+01
branch0_seg34,8.8888888888888884e-01,2.4999999999909612e-02,2.4999999999904984e-02,5.9880448516507592e+01,5.8237276802799812e+01
branch0_seg34,1.0000000000000000e+00,2.4999999999930730e-02,2.4999999999926876e-02,5.9880448843679666e+01,5.8237277128231860e+01
branch0_seg35,0.0000000000000000e+00,2.4999999973114025e-02,2.4999999971027288e-02,5.8237283156600881e+01,5.8019671071566776e+01
branch0_seg35,1.1111111111111116e-01,2.5000000019896992e-02,2.5000000021484680e-02,5.8237274437469530e+01,5.8019662377092011e+01
branch0_seg35,2.2222222222222210e-01,2.4999999986526290e-02,2.4999999985433338e-02,5.8237277693765513e+01,5.8019665625383880e+01
branch0_seg35,3.3333333333333326e-01,2.5000000008462076e-02,2.5000000009155799e-02,5.8237277172348556e+01,5.8019665103984941e+01
branch0_seg35,4.4444444444444442e-01,2.4999999995066732e-02,2.4999999994659450e-02,5.8237276535389618e+01,5.8019664470132476e+01
branch0_seg35,5.5555555555555536e-01,2.5000000002640091e-02,2.5000000002859027e-02,5.8237277499917795e+01,5.8019665430907814e+01
branch0_seg35,6.6666666666666652e-01,2.4999999998743892e-02,2.4999999998639513e-02,5.8237276591860358e+01,5.8019664526161264e+01
branch0_seg35,7.7777777777777768e-01,2.5000000000484447e-02,2.5000000000524613e-02,5.8237277305451165e+01,5.8019665237226612e+01
branch0_seg35,8.8888888888888884e-01,2.4999999999904984e-02,2.4999999999897327e-02,5.8237276802799812e+01,5.8019664736326654e+01
branch0_seg35,1.0000000000000000e+00,2.4999999999926876e-02,2.4999999999920485e-02,5.8237277128231860e+01,5.8019665060633422e+01
branch0_seg36,0.0000000000000000e+00,2.4999999971027288e-02,2.4999999969060487e-02,5.8019671071566776e+01,5.7783696964763337e+01
branch0_seg36,1.1111111111111116e-01,2.5000000021484680e-02,2.5000000022982347e-02,5.8019662377092011e+01,5.7783688298245721e+01
branch0_seg36,2.2222222222222210e-01,2.4999999985433338e-02,2.4999999984401871e-02,5.8019665625383880e+01,5.7783691537395420e+01
branch0_seg36,3.3333333333333326e-01,2.5000000009155799e-02,2.5000000009810685e-02,5.8019665103984941e+01,5.7783691016091275e+01
branch0_seg36,4.4444444444444442e-01,2.4999999994659450e-02,2.4999999994274897e-02,5.8019664470132476e+01,5.7783690385699337e+01
branch0_seg36,5.5555555555555536e-01,2.5000000002859027e-02,2.5000000003065771e-02,5.8019665430907814e+01,5.7783691342264731e+01
branch0_seg36,6.6666666666666652e-01,2.4999999998639513e-02,2.4999999998540943e-02,5.8019664526161264e+01,5.7783690441241461e+01
branch0_seg36,7.7777777777777768e-01,2.5000000000524613e-02,2.5000000000562541e-02,5.8019665237226612e+01,5.7783691149463230e+01
branch0_seg36,8.8888888888888884e-01,2.4999999999897327e-02,2.4999999999890096e-02,5.8019664736326654e+01,5.7783690650536684e+01
branch0_seg36,1.0000000000000000e+00,2.4999999999920485e-02,2.4999999999914441e-02,5.8019665060633422e+01,5.7783690973575048e+01
branch0_seg37,0.0000000000000000e+00,2.4999999969060487e-02,2.4999999967067768e-02,5.7783696964763337e+01,5.7556818332379137e+01
branch0_seg37,1.1111111111111116e-01,2.5000000022982347e-02,2.5000000024501073e-02,5.7783688298245721e+01,5.7556809695247019e+01
branch0_seg37,2.2222222222222210e-01,2.4999999984401871e-02,2.4999999983355382e-02,5.7783691537395420e+01,5.7556812924715871e+01
branch0_seg37,3.3333333333333326e-01,2.5000000009810685e-02,2.5000000010475320e-02,5.7783691016091275e+01,5.7556812403592346e+01
branch0_seg37,4.4444444444444442e-01,2.4999999994274897e-02,2.4999999993884539e-02,5.7783690385699337e+01,5.7556811776769671e+01
branch0_seg37,5.5555555555555536e-01,2.5000000003065771e-02,2.5000000003275659e-02,5.7783691342264731e+01,5.7556812728960381e+01
branch0_seg37,6.6666666666666652e-01,2.4999999998540943e-02,2.4999999998440870e-02,5.7783690441241461e+01,5.7556811831816070e+01
branch0_seg37,7.7777777777777768e-01,2.5000000000562541e-02,2.5000000000601048e-02,5.7783691149463230e+01,5.7556812537071458e+01
branch0_seg37,8.8888888888888884e-01,2.4999999999890096e-02,2.4999999999882765e-02,5.7783690650536684e+01,5.7556812040205131e+01
branch0_seg37,1.0000000000000000e+00,2.4999999999914441e-02,2.4999999999908300e-02,5.7783690973575048e+01,5.7556812361918723e+01
branch0_seg38,0.0000000000000000e+00,2.4999999967067768e-02,2.4999999965052564e-02,5.7556818332379137e+01,5.7337916898014804e+01
branch0_seg38,1.1111111111111116e-01,2.5000000024501073e-02,2.5000000026038239e-02,5.7556809695247019e+01,5.7337908291725284e+01
branch0_seg38,2.2222222222222210e-01,2.4999999983355382e-02,2.4999999982295670e-02,5.7556812924715871e+01,5.7337911510962073e+01
branch0_seg38,3.3333333333333326e-01,2.5000000010475320e-02,2.5000000011148556e-02,5.7556812403592346e+01,5.7337910990109130e+01
branch0_seg38,4.4444444444444442e-01,2.4999999993884539e-02,2.4999999993489053e-02,5.7556811776769671e+01,5.7337910366964181e+01
branch0_seg38,5.5555555555555536e-01,2.5000000003275659e-02,2.5000000003488336e-02,5.7556812728960381e+01,5.7337911314614296e+01
branch0_seg38,6.6666666666666652e-01,2.4999999998440870e-02,2.4999999998339455e-02,5.7556811831816070e+01,5.7337910421506095e+01
branch0_seg38,7.7777777777777768e-01,2.5000000000601048e-02,2.5000000000640069e-02,5.7556812537071458e+01,5.7337911123671027e+01
branch0_seg38,8.8888888888888884e-01,2.4999999999882765e-02,2.4999999999875334e-02,5.7556812040205131e+01,5.7337910628952642e+01
branch0_seg38,1.0000000000000000e+00,2.4999999999908300e-02,2.4999999999902076e-02,5.7556812361918723e+01,5.7337910949284478e+01
branch0_seg39,0.0000000000000000e+00,2.4999999965052564e-02,2.4999999963014937e-02,5.7337916898014804e+01,5.7126664885133664e+01
branch0_seg39,1.1111111111111116e-01,2.5000000026038239e-02,2.5000000027593814e-02,5.7337908291725284e+01,5.7126656311125302e+01
branch0_seg39,2.2222222222222210e-01,2.4999999982295670e-02,2.4999999981222754e-02,5.7337911510962073e+01,5.7126659519581622e+01
branch0_seg39,3.3333333333333326e-01,2.5000000011148556e-02,2.5000000011830385e-02,5.7337910990109130e+01,5.7126658999093429e+01
branch0_seg39,4.4444444444444442e-01,2.4999999993489053e-02,2.4999999993088436e-02,5.7337910366964181e+01,5.7126658379728305e+01
branch0_seg39,5.5555555555555536e-01,2.5000000003488336e-02,2.5000000003703803e-02,5.7337911314614296e+01,5.7126659322678030e+01
branch0_seg39,6.6666666666666652e-01,2.4999999998339455e-02,2.4999999998236700e-02,5.7337910421506095e+01,5.7126658433758145e+01
branch0_seg39,7.7777777777777768e-01,2.5000000000640069e-02,2.5000000000679611e-02,5.7337911123671027e+01,5.7126659132712142e+01
branch0_seg39,8.8888888888888884e-01,2.4999999999875334e-02,2.4999999999867809e-02,5.7337910628952642e+01,5.7126658640227028e+01
branch0_seg39,1.0000000000000000e+00,2.4999999999902076e-02,2.4999999999895765e-02,5.7337910949284478e+01,5.7126658959121627e+01
branch0_seg40,0.0000000000000000e+00,2.4999999963014937e-02,2.4999999960954315e-02,5.7126664885133664e+01,5.6922912056221051e+01
branch0_seg40,1.1111111111111116e-01,2.5000000027593814e-02,2.5000000029168235e-02,5.7126656311125302e+01,5.6922903515904920e+01
branch0_seg40,2.2222222222222210e-01,2.4999999981222754e-02,2.4999999980136332e-02,5.7126659519581622e+01,5.6922906713038095e+01
branch0_seg40,3.3333333333333326e-01,2.5000000011830385e-02,2.5000000012521003e-02,5.7126658999093429e+01,5.6922906193012970e+01
branch0_seg40,4.4444444444444442e-01,2.4999999993088436e-02,2.4999999992682577e-02,5.7126658379728305e+01,5.6922905577522364e+01
branch0_seg40,5.5555555555555536e-01,2.5000000003703803e-02,2.5000000003922117e-02,5.7126659322678030e+01,5.6922906515619339e+01
branch0_seg40,6.6666666666666652e-01,2.4999999998236700e-02,2.4999999998132579e-02,5.7126658433758145e+01,5.6922905631033842e+01
branch0_seg40,7.7777777777777768e-01,2.5000000000679611e-02,2.5000000000719679e-02,5.7126659132712142e+01,5.6922906326660936e+01
branch0_seg40,8.8888888888888884e-01,2.4999999999867809e-02,2.4999999999860183e-02,5.7126658640227028e+01,5.6922905836491346e+01
branch0_seg40,1.0000000000000000e+00,2.4999999999895765e-02,2.4999999999889368e-02,5.7126658959121627e+01,5.6922906153895191e+01
branch0_seg41,0.0000000000000000e+00,2.4999999960954315e-02,2.4999999958872868e-02,5.6922912056221051e+01,5.6725988917965864e+01
branch0_seg41,1.1111111111111116e-01,2.5000000029168235e-02,2.5000000030759841e-02,5.6922903515904920e+01,5.6725980412768379e+01
branch0_seg41,2.2222222222222210e-01,2.4999999980136332e-02,2.4999999979037547e-02,5.6922906713038095e+01,5.6725983598027533e+01
branch0_seg41,3.3333333333333326e-01,2.5000000012521003e-02,2.5000000013219680e-02,5.6922906193012970e+01,5.6725983078567971e+01
branch0_seg41,4.4444444444444442e-01,2.4999999992682577e-02,2.4999999992271899e-02,5.6922905577522364e+01,5.6725982467044552e+01
branch0_seg41,5.5555555555555536e-01,2.5000000003922117e-02,2.5000000004143059e-02,5.6922906515619339e+01,5.6725983400137302e+01
branch0_seg41,6.6666666666666652e-01,2.4999999998132579e-02,2.4999999998027191e-02,5.6922905631033842e+01,5.6725982520031920e+01
branch0_seg41,7.7777777777777768e-01,2.5000000000719679e-02,2.5000000000760237e-02,5.6922906326660936e+01,5.6725983212216271e+01
branch0_seg41,8.8888888888888884e-01,2.4999999999860183e-02,2.4999999999852460e-02,5.6922905836491346e+01,5.6725982724444428e+01
branch0_seg41,1.0000000000000000e+00,2.4999999999889368e-02,2.4999999999882894e-02,5.6922906153895191e+01,5.6725983040303980e+01
branch0_seg42,0.0000000000000000e+00,2.4999999958872868e-02,2.4999999956342875e-02,5.6725988917965864e+01,5.6579451411871482e+01
branch0_seg42,1.1111111111111116e-01,2.5000000030759841e-02,2.5000000032695934e-02,5.6725980412768379e+01,5.6579442937356511e+01
branch0_seg42,2.2222222222222210e-01,2.4999999979037547e-02,2.4999999977700357e-02,5.6725983598027533e+01,5.6579446112172327e+01
branch0_seg42,3.3333333333333326e-01,2.5000000013219680e-02,2.5000000014070194e-02,5.6725983078567971e+01,5.6579445593287502e+01
branch0_seg42,4.4444444444444442e-01,2.4999999992271899e-02,2.4999999991771871e-02,5.6725982467044552e+01,5.6579444985160443e+01
branch0_seg42,5.5555555555555536e-01,2.5000000004143059e-02,2.5000000004412104e-02,5.6725983400137302e+01,5.6579445913934059e+01
branch0_seg42,6.6666666666666652e-01,2.4999999998027191e-02,2.4999999997898849e-02,5.6725982520031920e+01,5.6579445037705618e+01
branch0_seg42,7.7777777777777768e-01,2.5000000000760237e-02,2.5000000000809638e-02,5.6725983212216271e+01,5.6579445726906869e+01
branch0_seg42,8.8888888888888884e-01,2.4999999999852460e-02,2.4999999999843051e-02,5.6725982724444428e+01,5.6579445241214174e+01
branch0_seg42,1.0000000000000000e+00,2.4999999999882894e-02,2.4999999999875011e-02,5.6725983040303980e+01,5.6579445555734083e+01
branch0_seg43,0.0000000000000000e+00,2.4999999956342875e-02,2.4999999953337269e-02,5.6579451411871482e+01,5.6487452091924204e+01
branch0_seg43,1.1111111111111116e-01,2.5000000032695934e-02,2.5000000034997423e-02,5.6579442937356511e+01,5.6487443645213460e+01
branch0_seg43,2.2222222222222210e-01,2.4999999977700357e-02,2.4999999976110236e-02,5.6579446112172327e+01,5.6487446810446798e+01
branch0_seg43,3.3333333333333326e-01,2.5000000014070194e-02,2.5000000015081805e-02,5.6579445593287502e+01,5.6487446292223524e+01
branch0_seg43,4.4444444444444442e-01,2.4999999991771871e-02,2.4999999991177045e-02,5.6579444985160443e+01,5.6487445687051299e+01
branch0_seg43,5.5555555555555536e-01,2.5000000004412104e-02,2.5000000004732199e-02,5.6579445913934059e+01,5.6487446612004589e+01
branch0_seg43,6.6666666666666652e-01,2.4999999997898849e-02,2.4999999997746141e-02,5.6579445037705618e+01,5.6487445739223944e+01
branch0_seg43,7.7777777777777768e-01,2.5000000000809638e-02,2.5000000000868421e-02,5.6579445726906869e+01,5.6487446425764801e+01
branch0_seg43,8.8888888888888884e-01,2.4999999999843051e-02,2.4999999999831855e-02,5.6579445241214174e+01,5.6487445941929693e+01
branch0_seg43,1.0000000000000000e+00,2.4999999999875011e-02,2.4999999999865633e-02,5.6579445555734083e+01,5.6487446255251143e+01
branch0_seg44,0.0000000000000000e+00,2.4999999953337269e-02,2.4999999950345679e-02,5.6487452091924204e+01,5.6395544743693122e+01
branch0_seg44,1.1111111111111116e-01,2.5000000034997423e-02,2.5000000037289340e-02,5.6487443645213460e+01,5.6395536326778029e+01
branch0_seg44,2.2222222222222210e-01,2.4999999976110236e-02,2.4999999974526271e-02,5.6487446810446798e+01,5.6395539481678000e+01
branch0_seg44,3.3333333333333326e-01,2.5000000015081805e-02,2.5000000016089683e-02,5.6487446292223524e+01,5.6395538964239414e+01
branch0_seg44,4.4444444444444442e-01,2.4999999991177045e-02,2.4999999990584339e-02,5.6487445687051299e+01,5.6395538362167684e+01
branch0_seg44,5.5555555555555536e-01,2.5000000004732199e-02,2.5000000005051180e-02,5.6487446612004589e+01,5.6395539283077490e+01
branch0_seg44,6.6666666666666652e-01,2.4999999997746141e-02,2.4999999997593950e-02,5.6487445739223944e+01,5.6395538413955890e+01
branch0_seg44,7.7777777777777768e-01,2.5000000000868421e-02,2.5000000000927010e-02,5.6487446425764801e+01,5.6395539097669669e+01
branch0_seg44,8.8888888888888884e-01,2.4999999999831855e-02,2.4999999999820693e-02,5.6487445941929693e+01,5.6395538615809969e+01
branch0_seg44,1.0000000000000000e+00,2.4999999999865633e-02,2.4999999999856286e-02,5.6487446255251143e+01,5.6395538927856428e+01
branch0_seg45,0.0000000000000000e+00,2.4999999950345679e-02,2.4999999947365358e-02,5.6395544743693122e+01,5.6303927975391638e+01
branch0_seg45,1.1111111111111116e-01,2.5000000037289340e-02,2.5000000039573738e-02,5.6395536326778029e+01,5.6303919590232859e+01
branch0_seg45,2.2222222222222210e-01,2.4999999974526271e-02,2.4999999972947062e-02,5.6395539481678000e+01,5.6303922734056449e+01
branch0_seg45,3.3333333333333326e-01,2.5000000016089683e-02,2.5000000017094719e-02,5.6395538964239414e+01,5.6303922217528431e+01
branch0_seg45,4.4444444444444442e-01,2.4999999990584339e-02,2.4999999989993225e-02,5.6395538362167684e+01,5.6303921618696329e+01
branch0_seg45,5.5555555555555536e-01,2.5000000005051180e-02,2.5000000005369338e-02,5.6395539283077490e+01,5.6303922535346381e+01
branch0_seg45,6.6666666666666652e-01,2.4999999997593950e-02,2.4999999997442134e-02,5.6395538413955890e+01,5.6303921670089288e+01
branch0_seg45,7.7777777777777768e-01,2.5000000000927010e-02,2.5000000000985463e-02,5.6395539097669669e+01,5.6303922350813586e+01
branch0_seg45,8.8888888888888884e-01,2.4999999999820693e-02,2.4999999999809550e-02,5.6395538615809969e+01,5.6303921871044210e+01
branch0_seg45,1.0000000000000000e+00,2.4999999999856286e-02,2.4999999999846971e-02,5.6395538927856428e+01,5.6303922181741001e+01
branch0_seg46,0.0000000000000000e+00,2.4999999947365358e-02,2.4999999944396684e-02,5.6303927975391638e+01,5.6212608059605806e+01
branch0_seg46,1.1111111111111116e-01,2.5000000039573738e-02,2.5000000041850295e-02,5.6303919590232859e+01,5.6212599708161569e+01
branch0_seg46,2.2222222222222210e-01,2.4999999972947062e-02,2.4999999971372849e-02,5.6303922734056449e+01,5.6212602840164124e+01
branch0_seg46,3.3333333333333326e-01,2.5000000017094719e-02,2.5000000018096751e-02,5.6303922217528431e+01,5.6212602324675714e+01
branch0_seg46,4.4444444444444442e-01,2.4999999989993225e-02,2.4999999989403811e-02,5.6303921618696329e+01,5.6212601729219081e+01
branch0_seg46,5.5555555555555536e-01,2.5000000005369338e-02,2.5000000005686609e-02,5.6303922535346381e+01,5.6212602641395897e+01
branch0_seg46,6.6666666666666652e-01,2.4999999997442134e-02,2.4999999997290731e-02,5.6303921670089288e+01,5.6212601780206619e+01
branch0_seg46,7.7777777777777768e-01,2.5000000000985463e-02,2.5000000001043764e-02,5.6303922350813586e+01,5.6212602457780598e+01
branch0_seg46,8.8888888888888884e-01,2.4999999999809550e-02,2.4999999999798427e-02,5.6303921871044210e+01,5.6212601980215396e+01
branch0_seg46,1.0000000000000000e+00,2.4999999999846971e-02,2.4999999999837687e-02,5.6303922181741001e+01,5.6212602289488501e+01
branch0_seg47,0.0000000000000000e+00,2.4999999944396684e-02,2.4999999941315333e-02,5.6212608059605806e+01,5.6127879299495682e+01
branch0_seg47,1.1111111111111116e-01,2.5000000041850295e-02,2.5000000044214332e-02,5.6212599708161569e+01,5.6127870982366318e+01
branch0_seg47,2.2222222222222210e-01,2.4999999971372849e-02,2.4999999969737716e-02,5.6212602840164124e+01,5.6127874102274077e+01
branch0_seg47,3.3333333333333326e-01,2.5000000018096751e-02,2.5000000019137734e-02,5.6212602324675714e+01,5.6127873587918913e+01
branch0_seg47,4.4444444444444442e-01,2.4999999989403811e-02,2.4999999988791405e-02,5.6212601729219081e+01,5.6127872995831744e+01
branch0_seg47,5.5555555555555536e-01,2.5000000005686609e-02,2.5000000006016293e-02,5.6212602641395897e+01,5.6127873903506675e+01
branch0_seg47,6.6666666666666652e-01,2.4999999997290731e-02,2.4999999997133388e-02,5.6212601780206619e+01,5.6127873046421350e+01
branch0_seg47,7.7777777777777768e-01,2.5000000001043764e-02,2.5000000001104368e-02,5.6212602457780598e+01,5.6127873720813263e+01
branch0_seg47,8.8888888888888884e-01,2.4999999999798427e-02,2.4999999999786852e-02,5.6212601980215396e+01,5.6127873245475925e+01
branch0_seg47,1.0000000000000000e+00,2.4999999999837687e-02,2.4999999999828052e-02,5.6212602289488501e+01,5.6127873553309499e+01
branch0_seg48,0.0000000000000000e+00,2.4999999941315333e-02,2.4999999939971120e-02,5.6127879299495682e+01,4.8941176938911191e+01
branch0_seg48,1.1111111111111116e-01,2.5000000044214332e-02,2.5000000045248359e-02,5.6127870982366318e+01,4.8941168645058632e+01
branch0_seg48,2.2222222222222210e-01,2.4999999969737716e-02,2.4999999969021167e-02,5.6127874102274077e+01,4.8941171777716349e+01
branch0_seg48,3.3333333333333326e-01,2.5000000019137734e-02,2.5000000019594647e-02,5.6127873587918913e+01,4.8941171238901298e+01
branch0_seg48,4.4444444444444442e-01,2.4999999988791405e-02,2.4999999988522165e-02,5.6127872995831744e+01,4.8941170671283082e+01
branch0_seg48,5.5555555555555536e-01,2.5000000006016293e-02,2.5000000006161521e-02,5.6127873903506675e+01,4.8941171559055775e+01
branch0_seg48,6.6666666666666652e-01,2.4999999997133388e-02,2.4999999997063874e-02,5.6127873046421350e+01,4.8941170716372497e+01
branch0_seg48,7.7777777777777768e-01,2.5000000001104368e-02,2.5000000001131305e-02,5.6127873720813263e+01,4.8941171381198068e+01
branch0_seg48,8.8888888888888884e-01,2.4999999999786852e-02,2.4999999999781541e-02,5.6127873245475925e+01,4.8941170911755336e+01
branch0_seg48,1.0000000000000000e+00,2.4999999999828052e-02,2.4999999999823969e-02,5.6127873553309499e+01,4.8941171216225165e+01
branch0_seg49,0.0000000000000000e+00,2.4999999939971120e-02,2.4999999939696919e-02,4.8941176938911191e+01,3.8917672296135891e+01
branch0_seg49,1.1111111111111116e-01,2.5000000045248359e-02,2.5000000045459849e-02,4.8941168645058632e+01,3.8917664350944811e+01
branch0_seg49,2.2222222222222210e-01,2.4999999969021167e-02,2.4999999968874351e-02,4.8941171777716349e+01,3.8917667374615270e+01
branch0_seg49,3.3333333333333326e-01,2.5000000019594647e-02,2.5000000019688402e-02,4.8941171238901298e+01,3.8917666830573225e+01
branch0_seg49,4.4444444444444442e-01,2.4999999988522165e-02,2.4999999988466845e-02,4.8941170671283082e+01,3.8917666311908334e+01
branch0_seg49,5.5555555555555536e-01,2.5000000006161521e-02,2.5000000006191410e-02,4.8941171559055775e+01,3.8917667142767243e+01
branch0_seg49,6.6666666666666652e-01,2.4999999997063874e-02,2.4999999997049532e-02,4.8941170716372497e+01,3.8917666349479092e+01
branch0_seg49,7.7777777777777768e-01,2.5000000001131305e-02,2.5000000001136894e-02,4.8941171381198068e+01,3.8917666977072869e+01
branch0_seg49,8.8888888888888884e-01,2.4999999999781541e-02,2.4999999999780410e-02,4.8941170911755336e+01,3.8917666533159526e+01
branch0_seg49,1.0000000000000000e+00,2.4999999999823969e-02,2.4999999999823157e-02,4.8941171216225165e+01,3.8917666821432945e+01
branch0_seg50,0.0000000000000000e+00,2.4999999939696919e-02,2.4999999939441072e-02,3.8917672296135891e+01,2.8908825001520508e+01
branch0_seg50,1.1111111111111116e-01,2.5000000045459849e-02,2.5000000045658534e-02,3.8917664350944811e+01,2.8908817406645241e+01
branch0_seg50,2.2222222222222210e-01,2.4999999968874351e-02,2.4999999968735847e-02,3.8917667374615270e+01,2.8908820320688584e+01
branch0_seg50,3.3333333333333326e-01,2.5000000019688402e-02,2.5000000019777112e-02,3.8917666830573225e+01,2.8908819771545129e+01
branch0_seg50,4.4444444444444442e-01,2.4999999988466845e-02,2.4999999988414366e-02,3.8917666311908334e+01,2.8908819301930262e+01
branch0_seg50,5.5555555555555536e-01,2.5000000006191410e-02,2.5000000006219835e-02,3.8917667142767243e+01,2.8908820075711759e+01
branch0_seg50,6.6666666666666652e-01,2.4999999997049532e-02,2.4999999997035848e-02,3.8917666349479092e+01,2.8908819331976531e+01
branch0_seg50,7.7777777777777768e-01,2.5000000001136894e-02,2.5000000001142258e-02,3.8917666977072869e+01,2.8908819922213432e+01
branch0_seg50,8.8888888888888884e-01,2.4999999999780410e-02,2.4999999999779293e-02,3.8917666533159526e+01,2.8908819503917815e+01
branch0_seg50,1.0000000000000000e+00,2.4999999999823157e-02,2.4999999999822418e-02,3.8917666821432945e+01,2.8908819775937697e+01
branch0_seg51,0.0000000000000000e+00,2.4999999939441072e-02,2.4999999938377541e-02,2.8908825001520508e+01,2.1831616265150167e+01
branch0_seg51,1.1111111111111116e-01,2.5000000045658534e-02,2.5000000046491559e-02,2.8908817406645241e+01,2.1831608701818517e+01
branch0_seg51,2.2222222222222210e-01,2.4999999968735847e-02,2.4999999968152109e-02,2.8908820320688584e+01,2.1831611625751890e+01
branch0_seg51,3.3333333333333326e-01,2.5000000019777112e-02,2.5000000020152430e-02,2.8908819771545129e+01,2.1831611052364678e+01
branch0_seg51,4.4444444444444442e-01,2.4999999988414366e-02,2.4999999988191596e-02,2.8908819301930262e+01,2.1831610608071806e+01
branch0_seg51,5.5555555555555536e-01,2.5000000006219835e-02,2.5000000006340936e-02,2.8908820075711759e+01,2.1831611360843350e+01
branch0_seg51,6.6666666666666652e-01,2.4999999997035848e-02,2.4999999996977263e-02,2.8908819331976531e+01,2.1831610632507708e+01
branch0_seg51,7.7777777777777768e-01,2.5000000001142258e-02,2.5000000001165444e-02,2.8908819922213432e+01,2.1831611212411918e+01
branch0_seg51,8.8888888888888884e-01,2.4999999999779293e-02,2.4999999999774248e-02,2.8908819503917815e+01,2.1831610800542737e+01
branch0_seg51,1.0000000000000000e+00,2.4999999999822418e-02,2.4999999999819472e-02,2.8908819775937697e+01,2.1831611068858543e+01
branch0_seg52,0.0000000000000000e+00,2.4999999938377541e-02,2.4999999935914965e-02,2.1831616265150167e+01,2.1741953348317523e+01
branch0_seg52,1.1111111111111116e-01,2.5000000046491559e-02,2.5000000048423270e-02,2.1831608701818517e+01,2.1741945824727026e+01
branch0_seg52,2.2222222222222210e-01,2.4999999968152109e-02,2.4999999966797339e-02,2.1831611625751890e+01,2.1741948734412553e+01
branch0_seg52,3.3333333333333326e-01,2.5000000020152430e-02,2.5000000021023962e-02,2.1831611052364678e+01,2.1741948162634571e+01
branch0_seg52,4.4444444444444442e-01,2.4999999988191596e-02,2.4999999987674080e-02,2.1831610608071806e+01,2.1741947721974281e+01
branch0_seg52,5.5555555555555536e-01,2.5000000006340936e-02,2.5000000006622364e-02,2.1831611360843350e+01,2.1741948469745623e+01
branch0_seg52,6.6666666666666652e-01,2.4999999996977263e-02,2.4999999996841056e-02,2.1831610632507708e+01,2.1741947746007753e+01
branch0_seg52,7.7777777777777768e-01,2.5000000001165444e-02,2.5000000001219384e-02,2.1831611212411918e+01,2.1741948322332323e+01
branch0_seg52,8.8888888888888884e-01,2.4999999999774248e-02,2.4999999999762469e-02,2.1831610800542737e+01,2.1741947912975302e+01
branch0_seg52,1.0000000000000000e+00,2.4999999999819472e-02,2.4999999999812665e-02,2.1831611068858543e+01,2.1741948179665464e+01
branch0_seg53,0.0000000000000000e+00,2.4999999935914965e-02,2.4999999933494679e-02,2.1741953348317523e+01,2.1650633038420509e+01
branch0_seg53,1.1111111111111116e-01,2.5000000048423270e-02,2.5000000050322959e-02,2.1741945824727026e+01,2.1650625557047555e+01
branch0_seg53,2.2222222222222210e-01,2.4999999966797339e-02,2.4999999965464571e-02,2.1741948734412553e+01,2.1650628451468766e+01
branch0_seg53,3.3333333333333326e-01,2.5000000021023962e-02,2.5000000021881536e-02,2.1741948162634571e+01,2.1650627881560343e+01
branch0_seg53,4.4444444444444442e-01,2.4999999987674080e-02,2.4999999987164765e-02,2.1741947721974281e+01,2.1650627444612592e+01
branch0_seg53,5.5555555555555536e-01,2.5000000006622364e-02,2.5000000006899382e-02,2.1741948469745623e+01,2.1650628187188691e+01
branch0_seg53,6.6666666666666652e-01,2.4999999996841056e-02,2.4999999996706958e-02,2.1741947746007753e+01,2.1650627468250089e+01
branch0_seg53,7.7777777777777768e-01,2.5000000001219384e-02,2.5000000001272508e-02,2.1741948322332323e+01,2.1650628040830007e+01
branch0_seg53,8.8888888888888884e-01,2.4999999999762469e-02,2.4999999999750850e-02,2.1741947912975302e+01,2.1650627634104236e+01
branch0_seg53,1.0000000000000000e+00,2.4999999999812665e-02,2.4999999999805983e-02,2.1741948179665464e+01,2.1650627899090345e+01
branch0_seg54,0.0000000000000000e+00,2.4999999933494679e-02,2.4999999931096556e-02,2.1650633038420509e+01,2.1559038053451353e+01
branch0_seg54,1.1111111111111116e-01,2.5000000050322959e-02,2.5000000052206345e-02,2.1650625557047555e+01,2.1559030616440481e+01
branch0_seg54,2.2222222222222210e-01,2.4999999965464571e-02,2.4999999964142806e-02,2.1650628451468766e+01,2.1559033494696905e+01
branch0_seg54,3.3333333333333326e-01,2.5000000021881536e-02,2.5000000022732213e-02,2.1650627881560343e+01,2.1559032926908717e+01
branch0_seg54,4.4444444444444442e-01,2.4999999987164765e-02,2.4999999986659461e-02,2.1650627444612592e+01,2.1559032493719602e+01
branch0_seg54,5.5555555555555536e-01,2.5000000006899382e-02,2.5000000007174256e-02,2.1650628187188691e+01,2.1559033230950021e+01
branch0_seg54,6.6666666666666652e-01,2.4999999996706958e-02,2.4999999996573870e-02,2.1650627468250089e+01,2.1559032516971694e+01
branch0_seg54,7.7777777777777768e-01,2.5000000001272508e-02,2.5000000001325254e-02,2.1650628040830007e+01,2.1559033085673274e+01
branch0_seg54,8.8888888888888884e-01,2.4999999999750850e-02,2.4999999999739297e-02,2.1650627634104236e+01,2.1559032681675937e+01
branch0_seg54,1.0000000000000000e+00,2.4999999999805983e-02,2.4999999999799374e-02,2.1650627899090345e+01,2.1559032944893730e+01
branch0_seg55,0.0000000000000000e+00,2.4999999931096556e-02,2.4999999928721522e-02,2.1559038053451353e+01,2.1467121075081661e+01
branch0_seg55,1.1111111111111116e-01,2.5000000052206345e-02,2.5000000054072633e-02,2.1559030616440481e+01,2.1467113684588728e+01
branch0_seg55,2.2222222222222210e-01,2.4999999964142806e-02,2.4999999962832628e-02,2.1559033494696905e+01,2.1467116545773841e+01
branch0_seg55,3.3333333333333326e-01,2.5000000022732213e-02,2.5000000023575608e-02,2.1559032926908717e+01,2.1467115980359623e+01
branch0_seg55,4.4444444444444442e-01,2.4999999986659461e-02,2.4999999986158407e-02,2.1559032493719602e+01,2.1467115550973809e+01
branch0_seg55,5.5555555555555536e-01,2.5000000007174256e-02,2.5000000007446857e-02,2.1559033230950021e+01,2.1467116282708709e+01
branch0_seg55,6.6666666666666652e-01,2.4999999996573870e-02,2.4999999996441861e-02,2.1559032516971694e+01,2.1467115573851462e+01
branch0_seg55,7.7777777777777768e-01,2.5000000001325254e-02,2.5000000001377587e-02,2.1559033085673274e+01,2.1467116138541044e+01
branch0_seg55,8.8888888888888884e-01,2.4999999999739297e-02,2.4999999999727820e-02,2.1559032681675937e+01,2.1467115737369362e+01
branch0_seg55,1.0000000000000000e+00,2.4999999999799374e-02,2.4999999999792830e-02,2.1559032944893730e+01,2.1467115998754526e+01
branch0_seg56,0.0000000000000000e+00,2.4999999928721522e-02,2.4999999926366100e-02,2.1467121075081661e+01,2.1375176663025048e+01
branch0_seg56,1.1111111111111116e-01,2.5000000054072633e-02,2.5000000055924492e-02,2.1467113684588728e+01,2.1375169321131406e+01
branch0_seg56,2.2222222222222210e-01,2.4999999962832628e-02,2.4999999961532193e-02,2.1467116545773841e+01,2.1375172164363910e+01
branch0_seg56,3.3333333333333326e-01,2.5000000023575608e-02,2.5000000024412900e-02,2.1467115980359623e+01,2.1375171601576323e+01
branch0_seg56,4.4444444444444442e-01,2.4999999986158407e-02,2.4999999985660899e-02,2.1467115550973809e+01,2.1375171176029809e+01
branch0_seg56,5.5555555555555536e-01,2.5000000007446857e-02,2.5000000007717568e-02,2.1467116282708709e+01,2.1375171902130244e+01
branch0_seg56,6.6666666666666652e-01,2.4999999996441861e-02,2.4999999996310748e-02,2.1467115573851462e+01,2.1375171198545132e+01
branch0_seg56,7.7777777777777768e-01,2.5000000001377587e-02,2.5000000001429580e-02,2.1467116138541044e+01,2.1375171759096563e+01
branch0_seg56,8.8888888888888884e-01,2.4999999999727820e-02,2.4999999999716405e-02,2.1467115737369362e+01,2.1375171360842522e+01
branch0_seg56,1.0000000000000000e+00,2.4999999999792830e-02,2.4999999999786346e-02,2.1467115998754526e+01,2.1375171620334118e+01
branch0_seg57,0.0000000000000000e+00,2.4999999926366100e-02,2.4999999923678035e-02,2.1375176663025048e+01,2.1301558821647269e+01
branch0_seg57,1.1111111111111116e-01,2.5000000055924492e-02,2.5000000058038929e-02,2.1375169321131406e+01,2.1301551524066781e+01
branch0_seg57,2.2222222222222210e-01,2.4999999961532193e-02,2.4999999960046954e-02,2.1375172164363910e+01,2.1301554350811376e+01
branch0_seg57,3.3333333333333326e-01,2.5000000024412900e-02,2.5000000025369350e-02,2.1375171601576323e+01,2.1301553790566487e+01
branch0_seg57,4.4444444444444442e-01,2.4999999985660899e-02,2.4999999985092513e-02,2.1375171176029809e+01,2.1301553368385484e+01
branch0_seg57,5.5555555555555536e-01,2.5000000007717568e-02,2.5000000008026886e-02,2.1375171902130244e+01,2.1301554089455987e+01
branch0_seg57,6.6666666666666652e-01,2.4999999996310748e-02,2.4999999996160913e-02,2.1375171198545132e+01,2.1301553390599597e+01
branch0_seg57,7.7777777777777768e-01,2.5000000001429580e-02,2.5000000001489012e-02,2.1375171759096563e+01,2.1301553947431334e+01
branch0_seg57,8.8888888888888884e-01,2.4999999999716405e-02,2.4999999999703343e-02,2.1375171360842522e+01,2.1301553551803167e+01
branch0_seg57,1.0000000000000000e+00,2.4999999999786346e-02,2.4999999999778953e-02,2.1375171620334118e+01,2.1301553809589191e+01
branch0_seg58,0.0000000000000000e+00,2.4999999923678035e-02,2.4999999920660067e-02,2.1301558821647269e+01,2.1247288445114066e+01
branch0_seg58,1.1111111111111116e-01,2.5000000058038929e-02,2.5000000060413804e-02,2.1301551524066781e+01,2.1247281188853385e+01
branch0_seg58,2.2222222222222210e-01,2.4999999960046954e-02,2.4999999958378413e-02,2.1301554350811376e+01,2.1247284000085639e+01
branch0_seg58,3.3333333333333326e-01,2.5000000025369350e-02,2.5000000026444001e-02,2.1301553790566487e+01,2.1247283442382802e+01
branch0_seg58,4.4444444444444442e-01,2.4999999985092513e-02,2.4999999984453816e-02,2.1301553368385484e+01,2.1247283023184441e+01
branch0_seg58,5.5555555555555536e-01,2.5000000008026886e-02,2.5000000008374500e-02,2.1301554089455987e+01,2.1247283739687617e+01
branch0_seg58,6.6666666666666652e-01,2.4999999996160913e-02,2.4999999995992502e-02,2.1301553390599597e+01,2.1247283045151779e+01
branch0_seg58,7.7777777777777768e-01,2.5000000001489012e-02,2.5000000001555830e-02,2.1301553947431334e+01,2.1247283598574985e+01
branch0_seg58,8.8888888888888884e-01,2.4999999999703343e-02,2.4999999999688639e-02,2.1301553551803167e+01,2.1247283205357206e+01
branch0_seg58,1.0000000000000000e+00,2.4999999999778953e-02,2.4999999999770657e-02,2.1301553809589191e+01,2.1247283461575762e+01
branch0_seg59,0.0000000000000000e+00,2.4999999920660067e-02,2.4999999917699477e-02,2.1247288445114066e+01,2.1191652921472084e+01
branch0_seg59,1.1111111111111116e-01,2.5000000060413804e-02,2.5000000062744270e-02,2.1247281188853385e+01,2.1191645709104122e+01
branch0_seg59,2.2222222222222210e-01,2.4999999958378413e-02,2.4999999956740779e-02,2.1247284000085639e+01,2.1191648503754774e+01
branch0_seg59,3.3333333333333326e-01,2.5000000026444001e-02,2.5000000027498862e-02,2.1247283442382802e+01,2.1191647948881393e+01
branch0_seg59,4.4444444444444442e-01,2.4999999984453816e-02,2.4999999983826821e-02,2.1247283023184441e+01,2.1191647532732848e+01
branch0_seg59,5.5555555555555536e-01,2.5000000008374500e-02,2.5000000008715773e-02,2.1247283739687617e+01,2.1191648244478987e+01
branch0_seg59,6.6666666666666652e-01,2.4999999995992502e-02,2.4999999995827155e-02,2.1247283045151779e+01,2.1191647554463458e+01
branch0_seg59,7.7777777777777768e-01,2.5000000001555830e-02,2.5000000001621437e-02,2.1247283598574985e+01,2.1191648104313316e+01
branch0_seg59,8.8888888888888884e-01,2.4999999999688639e-02,2.4999999999674196e-02,2.1247283205357206e+01,2.1191647713625350e+01
branch0_seg59,1.0000000000000000e+00,2.4999999999770657e-02,2.4999999999762521e-02,2.1247283461575762e+01,2.1191647968197618e+01
branch0_seg60,0.0000000000000000e+00,2.4999999917699477e-02,2.4999999914798152e-02,2.1191652921472084e+01,2.1134533086875035e+01
branch0_seg60,1.1111111111111116e-01,2.5000000062744270e-02,2.5000000065028744e-02,2.1191645709104122e+01,2.1134525921030114e+01
branch0_seg60,2.2222222222222210e-01,2.4999999956740779e-02,2.4999999955135205e-02,2.1191648503754774e+01,2.1134528698006559e+01
branch0_seg60,3.3333333333333326e-01,2.5000000027498862e-02,2.5000000028533177e-02,2.1191647948881393e+01,2.1134528146255878e+01
branch0_seg60,4.4444444444444442e-01,2.4999999983826821e-02,2.4999999983211993e-02,2.1191647532732848e+01,2.1134527733226289e+01
branch0_seg60,5.5555555555555536e-01,2.5000000008715773e-02,2.5000000009050446e-02,2.1191648244478987e+01,2.1134528440021107e+01
branch0_seg60,6.6666666666666652e-01,2.4999999995827155e-02,2.4999999995664990e-02,2.1191647554463458e+01,2.1134527754730332e+01
branch0_seg60,7.7777777777777768e-01,2.5000000001621437e-02,2.5000000001685792e-02,2.1191648104313316e+01,2.1134528300838220e+01
branch0_seg60,8.8888888888888884e-01,2.4999999999674196e-02,2.4999999999660016e-02,2.1191647713625350e+01,2.1134527912802213e+01
branch0_seg60,1.0000000000000000e+00,2.4999999999762521e-02,2.4999999999754555e-02,2.1191647968197618e+01,2.1134528165647588e+01
branch0_seg61,0.0000000000000000e+00,2.4999999914798152e-02,2.4999999911955201e-02,2.1134533086875035e+01,2.1075911155981970e+01
branch0_seg61,1.1111111111111116e-01,2.5000000065028744e-02,2.5000000067267828e-02,2.1134525921030114e+01,2.1075904039307598e+01
branch0_seg61,2.2222222222222210e-01,2.4999999955135205e-02,2.4999999953561315e-02,2.1134528698006559e+01,2.1075906797509088e+01
branch0_seg61,3.3333333333333326e-01,2.5000000028533177e-02,2.5000000029547182e-02,2.1134528146255878e+01,2.1075906249177578e+01
branch0_seg61,4.4444444444444442e-01,2.4999999983211993e-02,2.4999999982609197e-02,2.1134527733226289e+01,2.1075905839335284e+01
branch0_seg61,5.5555555555555536e-01,2.5000000009050446e-02,2.5000000009378590e-02,2.1134528440021107e+01,2.1075906540984271e+01
branch0_seg61,6.6666666666666652e-01,2.4999999995664990e-02,2.4999999995505978e-02,2.1134527754730332e+01,2.1075905860623237e+01
branch0_seg61,7.7777777777777768e-01,2.5000000001685792e-02,2.5000000001748904e-02,2.1134528300838220e+01,2.1075906402819975e+01
branch0_seg61,8.8888888888888884e-01,2.4999999999660016e-02,2.4999999999646107e-02,2.1134527912802213e+01,2.1075906017558520e+01
branch0_seg61,1.0000000000000000e+00,2.4999999999754555e-02,2.4999999999746746e-02,2.1134528165647588e+01,2.1075906268596096e+01
branch0_seg62,0.0000000000000000e+00,2.4999999911955201e-02,2.4999999909170626e-02,2.1075911155981970e+01,2.1015732489281920e+01
branch0_seg62,1.1111111111111116e-01,2.5000000067267828e-02,2.5000000069461431e-02,2.1075904039307598e+01,2.1015725424455923e+01
branch0_seg62,2.2222222222222210e-01,2.4999999953561315e-02,2.4999999952019205e-02,2.1075906797509088e+01,2.1015728162768774e+01
branch0_seg62,3.3333333333333326e-01,2.5000000029547182e-02,2.5000000030540783e-02,2.1075906249177578e+01,2.1015727618156777e+01
branch0_seg62,4.4444444444444442e-01,2.4999999982609197e-02,2.4999999982018493e-02,2.1075905839335284e+01,2.1015727211570425e+01
branch0_seg62,5.5555555555555536e-01,2.5000000009378590e-02,2.5000000009700166e-02,2.1075906540984271e+01,2.1015727907877253e+01
branch0_seg62,6.6666666666666652e-01,2.4999999995505978e-02,2.4999999995350141e-02,2.1075905860623237e+01,2.1015727232652971e+01
branch0_seg62,7.7777777777777768e-01,2.5000000001748904e-02,2.5000000001810765e-02,2.1075906402819975e+01,2.1015727770767686e+01
branch0_seg62,8.8888888888888884e-01,2.4999999999646107e-02,2.4999999999632466e-02,2.1075906017558520e+01,2.1015727388404613e+01
branch0_seg62,1.0000000000000000e+00,2.4999999999746746e-02,2.4999999999739102e-02,2.1075906268596096e+01,2.1015727637552661e+01
branch0_seg63,0.0000000000000000e+00,2.4999999909170626e-02,2.4999999906444574e-02,2.1015732489281920e+01,2.0953932686989958e+01
branch0_seg63,1.1111111111111116e-01,2.5000000069461431e-02,2.5000000071609341e-02,2.1015725424455923e+01,2.0953925676723784e+01
branch0_seg63,2.2222222222222210e-01,2.4999999952019205e-02,2.4999999950509055e-02,2.1015728162768774e+01,2.0953928394020242e+01
branch0_seg63,3.3333333333333326e-01,2.5000000030540783e-02,2.5000000031513859e-02,2.1015727618156777e+01,2.0953927853432042e+01
branch0_seg63,4.4444444444444442e-01,2.4999999982018493e-02,2.4999999981439966e-02,2.1015727211570425e+01,2.0953927450170930e+01
branch0_seg63,5.5555555555555536e-01,2.5000000009700166e-02,2.5000000010015129e-02,2.1015727907877253e+01,2.0953928140937006e+01
branch0_seg63,6.6666666666666652e-01,2.4999999995350141e-02,2.4999999995197503e-02,2.1015727232652971e+01,2.0953927471058915e+01
branch0_seg63,7.7777777777777768e-01,2.5000000001810765e-02,2.5000000001871359e-02,2.1015727770767686e+01,2.0953928004918716e+01
branch0_seg63,8.8888888888888884e-01,2.4999999999632466e-02,2.4999999999619098e-02,2.1015727388404613e+01,2.0953927625579315e+01
branch0_seg63,1.0000000000000000e+00,2.4999999999739102e-02,2.4999999999731622e-02,2.1015727637552661e+01,2.0953927872755145e+01
branch0_seg64,0.0000000000000000e+00,2.4999999906444574e-02,2.4999999903705824e-02,2.0953932686989958e+01,2.0891880784203845e+01
branch0_seg64,1.1111111111111116e-01,2.5000000071609341e-02,2.5000000073767601e-02,2.0953925676723784e+01,2.0891873829789240e+01
branch0_seg64,2.2222222222222210e-01,2.4999999950509055e-02,2.4999999948991502e-02,2.0953928394020242e+01,2.0891876525491963e+01
branch0_seg64,3.3333333333333326e-01,2.5000000031513859e-02,2.5000000032491757e-02,2.0953927853432042e+01,2.0891875989122994e+01
branch0_seg64,4.4444444444444442e-01,2.4999999981439966e-02,2.4999999980858549e-02,2.0953927450170930e+01,2.0891875589173416e+01
branch0_seg64,5.5555555555555536e-01,2.5000000010015129e-02,2.5000000010331671e-02,2.0953928140937006e+01,2.0891876274341762e+01
branch0_seg64,6.6666666666666652e-01,2.4999999995197503e-02,2.4999999995044087e-02,2.0953927471058915e+01,2.0891875609881872e+01
branch0_seg64,7.7777777777777768e-01,2.5000000001871359e-02,2.5000000001932268e-02,2.0953928004918716e+01,2.0891876139423577e+01
branch0_seg64,8.8888888888888884e-01,2.4999999999619098e-02,2.4999999999605657e-02,2.0953927625579315e+01,2.0891875763155003e+01
branch0_seg64,1.0000000000000000e+00,2.4999999999731622e-02,2.4999999999724107e-02,2.0953927872755145e+01,2.0891876008326989e+01
branch0_seg65,0.0000000000000000e+00,2.4999999903705824e-02,2.4999999902043463e-02,2.0891880784203845e+01,2.0501056372856450e+01
branch0_seg65,1.1111111111111116e-01,2.5000000073767601e-02,2.5000000075078060e-02,2.0891873829789240e+01,2.0501049508121838e+01
branch0_seg65,2.2222222222222210e-01,2.4999999948991502e-02,2.4999999948069875e-02,2.0891876525491963e+01,2.0501052170291253e+01
branch0_seg65,3.3333333333333326e-01,2.5000000032491757e-02,2.5000000033085744e-02,2.0891875989122994e+01,2.0501051639337749e+01
branch0_seg65,4.4444444444444442e-01,2.4999999980858549e-02,2.4999999980505339e-02,2.0891875589173416e+01,2.0501051245887997e+01
branch0_seg65,5.5555555555555536e-01,2.5000000010331671e-02,2.5000000010524007e-02,2.0891876274341762e+01,2.0501051921181233e+01
branch0_seg65,6.6666666666666652e-01,2.4999999995044087e-02,2.4999999994950849e-02,2.0891875609881872e+01,2.0501051266023548e+01
branch0_seg65,7.7777777777777768e-01,2.5000000001932268e-02,2.5000000001969305e-02,2.0891876139423577e+01,2.0501051788255168e+01
branch0_seg65,8.8888888888888884e-01,2.4999999999605657e-02,2.4999999999597462e-02,2.0891875763155003e+01,2.0501051417134377e+01
branch0_seg65,1.0000000000000000e+00,2.4999999999724107e-02,2.4999999999719563e-02,2.0891876008326989e+01,2.0501051658975218e+01
branch0_seg66,0.0000000000000000e+00,2.4999999902043463e-02,2.4999999901197965e-02,2.0501056372856450e+01,1.9897967137080578e+01
branch0_seg66,1.1111111111111116e-01,2.5000000075078060e-02,2.5000000075744818e-02,2.0501049508121838e+01,1.9897960452144453e+01
branch0_seg66,2.2222222222222210e-01,2.4999999948069875e-02,2.4999999947600843e-02,2.0501052170291253e+01,1.9897963045527383e+01
branch0_seg66,3.3333333333333326e-01,2.5000000033085744e-02,2.5000000033388085e-02,2.0501051639337749e+01,1.9897962527298048e+01
branch0_seg66,4.4444444444444442e-01,2.4999999980505339e-02,2.4999999980325524e-02,2.0501051245887997e+01,1.9897962145244538e+01
branch0_seg66,5.5555555555555536e-01,2.5000000010524007e-02,2.5000000010621935e-02,2.0501051921181233e+01,1.9897962801975915e+01
branch0_seg66,6.6666666666666652e-01,2.4999999994950849e-02,2.4999999994903363e-02,2.0501051266023548e+01,1.9897962164619610e+01
branch0_seg66,7.7777777777777768e-01,2.5000000001969305e-02,2.5000000001988175e-02,2.0501051788255168e+01,1.9897962672733062e+01
branch0_seg66,8.8888888888888884e-01,2.4999999999597462e-02,2.4999999999593282e-02,2.0501051417134377e+01,1.9897962311617302e+01
branch0_seg66,1.0000000000000000e+00,2.4999999999719563e-02,2.4999999999717255e-02,2.0501051658975218e+01,1.9897962546949593e+01
branch0_seg67,0.0000000000000000e+00,2.4999999901197965e-02,2.4999999900375186e-02,1.9897967137080578e+01,1.9296030583307736e+01
branch0_seg67,1.1111111111111116e-01,2.5000000075744818e-02,2.5000000076393959e-02,1.9897960452144453e+01,1.9296024079909021e+01
branch0_seg67,2.2222222222222210e-01,2.4999999947600843e-02,2.4999999947144087e-02,1.9897963045527383e+01,1.9296026603756943e+01
branch0_seg67,3.3333333333333326e-01,2.5000000033388085e-02,2.5000000033682569e-02,1.9897962527298048e+01,1.9296026098479036e+01
branch0_seg67,4.4444444444444442e-01,2.4999999980325524e-02,2.4999999980150355e-02,1.9897962145244538e+01,1.9296025727836238e+01
branch0_seg67,5.5555555555555536e-01,2.5000000010621935e-02,2.5000000010717352e-02,1.9897962801975915e+01,1.9296026365902708e+01
branch0_seg67,6.6666666666666652e-01,2.4999999994903363e-02,2.4999999994857088e-02,1.9897962164619610e+01,1.9296025746464043e+01
branch0_seg67,7.7777777777777768e-01,2.5000000001988175e-02,2.5000000002006573e-02,1.9897962672733062e+01,1.9296026240361009e+01
branch0_seg67,8.8888888888888884e-01,2.4999999999593282e-02,2.4999999999589195e-02,1.9897962311617302e+01,1.9296025889322372e+01
branch0_seg67,1.0000000000000000e+00,2.4999999999717255e-02,2.4999999999715018e-02,1.9897962546949593e+01,1.9296026118098229e+01
branch0_seg68,0.0000000000000000e+00,2.4999999900375186e-02,2.4999999899576398e-02,1.9296030583307736e+01,1.8693535433119088e+01
branch0_seg68,1.1111111111111116e-01,2.5000000076393959e-02,2.5000000077024451e-02,1.9296024079909021e+01,1.8693529113200853e+01
branch0_seg68,2.2222222222222210e-01,2.4999999947144087e-02,2.4999999946700338e-02,1.9296026603756943e+01,1.8693531566689828e+01
branch0_seg68,3.3333333333333326e-01,2.5000000033682569e-02,2.5000000033968718e-02,1.9296026098479036e+01,1.8693531074601871e+01
branch0_seg68,4.4444444444444442e-01,2.4999999980150355e-02,2.4999999979980123e-02,1.9296025727836238e+01,1.8693530715399959e+01
branch0_seg68,5.5555555555555536e-01,2.5000000010717352e-02,2.5000000010810090e-02,1.9296026365902708e+01,1.8693531334675338e+01
branch0_seg68,6.6666666666666652e-01,2.4999999994857088e-02,2.4999999994812106e-02,1.9296025746464043e+01,1.8693530733292175e+01
branch0_seg68,7.7777777777777768e-01,2.5000000002006573e-02,2.5000000002024458e-02,1.9296026240361009e+01,1.8693531212857426e+01
branch0_seg68,8.8888888888888884e-01,2.4999999999589195e-02,2.4999999999585222e-02,1.9296025889322372e+01,1.8693530871979888e+01
branch0_seg68,1.0000000000000000e+00,2.4999999999715018e-02,2.4999999999712842e-02,1.9296026118098229e+01,1.8693531094143765e+01
branch0_seg69,0.0000000000000000e+00,2.4999999899576398e-02,2.4999999898800997e-02,1.8693535433119088e+01,1.8091582084616178e+01
branch0_seg69,1.1111111111111116e-01,2.5000000077024451e-02,2.5000000077636749e-02,1.8693529113200853e+01,1.8091575949911793e+01
branch0_seg69,2.2222222222222210e-01,2.4999999946700338e-02,2.4999999946269284e-02,1.8693531566689828e+01,1.8091578332297612e+01
branch0_seg69,3.3333333333333326e-01,2.5000000033968718e-02,2.5000000034246725e-02,1.8693531074601871e+01,1.8091577853623896e+01
branch0_seg69,4.4444444444444442e-01,2.4999999979980123e-02,2.4999999979814707e-02,1.8693530715399959e+01,1.8091577505879215e+01
branch0_seg69,5.5555555555555536e-01,2.5000000010810090e-02,2.5000000010900220e-02,1.8693531334675338e+01,1.8091578106259359e+01
branch0_seg69,6.6666666666666652e-01,2.4999999994812106e-02,2.4999999994768377e-02,1.8693530733292175e+01,1.8091577523048560e+01
branch0_seg69,7.7777777777777768e-01,2.5000000002024458e-02,2.5000000002041858e-02,1.8693531212857426e+01,1.8091577988183467e+01
branch0_seg69,8.8888888888888884e-01,2.4999999999585222e-02,2.4999999999581343e-02,1.8693530871979888e+01,1.8091577657539265e+01
branch0_seg69,1.0000000000000000e+00,2.4999999999712842e-02,2.4999999999710740e-02,1.8693531094143765e+01,1.8091577873043221e+01
branch0_seg70,0.0000000000000000e+00,2.4999999898800997e-02,2.4999999898049335e-02,1.8091582084616178e+01,1.7489827691164798e+01
branch0_seg70,1.1111111111111116e-01,2.5000000077636749e-02,2.5000000078230559e-02,1.8091575949911793e+01,1.7489821743412652e+01
branch0_seg70,2.2222222222222210e-01,2.4999999946269284e-02,2.4999999945851146e-02,1.8091578332297612e+01,1.7489824053950471e+01
branch0_seg70,3.3333333333333326e-01,2.5000000034246725e-02,2.5000000034516450e-02,1.8091577853623896e+01,1.7489823588914124e+01
branch0_seg70,4.4444444444444442e-01,2.4999999979814707e-02,2.4999999979654200e-02,1.8091577505879215e+01,1.7489823252644666e+01
branch0_seg70,5.5555555555555536e-01,2.5000000010900220e-02,2.5000000010987688e-02,1.8091578106259359e+01,1.7489823834023895e+01
branch0_seg70,6.6666666666666652e-01,2.4999999994768377e-02,2.4999999994725932e-02,1.8091577523048560e+01,1.7489823269103521e+01
branch0_seg70,7.7777777777777768e-01,2.5000000002041858e-02,2.5000000002058750e-02,1.8091577988183467e+01,1.7489823719708607e+01
branch0_seg70,8.8888888888888884e-01,2.4999999999581343e-02,2.4999999999577575e-02,1.8091577657539265e+01,1.7489823399370540e+01
branch0_seg70,1.0000000000000000e+00,2.4999999999710740e-02,2.4999999999708707e-02,1.8091577873043221e+01,1.7489823608166287e+01
branch0_seg71,0.0000000000000000e+00,2.4999999898049335e-02,2.4999999897321556e-02,1.7489827691164798e+01,1.6888213855342087e+01
branch0_seg71,1.1111111111111116e-01,2.5000000078230559e-02,2.5000000078805734e-02,1.7489821743412652e+01,1.6888208096240227e+01
branch0_seg71,2.2222222222222210e-01,2.4999999945851146e-02,2.4999999945446036e-02,1.7489824053950471e+01,1.6888210334201784e+01
branch0_seg71,3.3333333333333326e-01,2.5000000034516450e-02,2.5000000034777814e-02,1.7489823588914124e+01,1.6888209883021698e+01
branch0_seg71,4.4444444444444442e-01,2.4999999979654200e-02,2.4999999979498647e-02,1.7489823252644666e+01,1.6888209558244121e+01
branch0_seg71,5.5555555555555536e-01,2.5000000010987688e-02,2.5000000011072471e-02,1.7489823834023895e+01,1.6888210120519975e+01
branch0_seg71,6.6666666666666652e-01,2.4999999994725932e-02,2.4999999994684781e-02,1.7489823269103521e+01,1.6888209574004769e+01
branch0_seg71,7.7777777777777768e-01,2.5000000002058750e-02,2.5000000002075133e-02,1.7489823719708607e+01,1.6888210009983268e+01
branch0_seg71,8.8888888888888884e-01,2.4999999999577575e-02,2.4999999999573919e-02,1.7489823399370540e+01,1.6888209700022180e+01
branch0_seg71,1.0000000000000000e+00,2.4999999999708707e-02,2.4999999999706736e-02,1.7489823608166287e+01,1.6888209902062719e+01
branch0_seg72,0.0000000000000000e+00,2.4999999897321556e-02,2.4999999896618951e-02,1.6888213855342087e+01,1.6284720915887288e+01
branch0_seg72,1.1111111111111116e-01,2.5000000078805734e-02,2.5000000079361234e-02,1.6888208096240227e+01,1.6284715347391696e+01
branch0_seg72,2.2222222222222210e-01,2.4999999945446036e-02,2.4999999945054686e-02,1.6888210334201784e+01,1.6284717511953232e+01
branch0_seg72,3.3333333333333326e-01,2.5000000034777814e-02,2.5000000035030341e-02,1.6888209883021698e+01,1.6284717074862758e+01
branch0_seg72,4.4444444444444442e-01,2.4999999979498647e-02,2.4999999979348330e-02,1.6888209558244121e+01,1.6284716761613378e+01
branch0_seg72,5.5555555555555536e-01,2.5000000011072471e-02,2.5000000011154405e-02,1.6888210120519975e+01,1.6284717304654276e+01
branch0_seg72,6.6666666666666652e-01,2.4999999994684781e-02,2.4999999994645007e-02,1.6888209574004769e+01,1.6284716776686231e+01
branch0_seg72,7.7777777777777768e-01,2.5000000002075133e-02,2.5000000002090975e-02,1.6888210009983268e+01,1.6284717197920038e+01
branch0_seg72,8.8888888888888884e-01,2.4999999999573919e-02,2.4999999999570373e-02,1.6888209700022180e+01,1.6284716898421770e+01
branch0_seg72,1.0000000000000000e+00,2.4999999999706736e-02,2.4999999999704842e-02,1.6888209902062719e+01,1.6284717093650407e+01
branch0_seg73,0.0000000000000000e+00,2.4999999896618951e-02,2.4999999895940733e-02,1.6284720915887288e+01,1.5680858636984437e+01
branch0_seg73,1.1111111111111116e-01,2.5000000079361234e-02,2.5000000079897659e-02,1.6284715347391696e+01,1.5680853260770821e+01
branch0_seg73,2.2222222222222210e-01,2.4999999945054686e-02,2.4999999944676693e-02,1.6284717511953232e+01,1.5680855351215714e+01
branch0_seg73,3.3333333333333326e-01,2.5000000035030341e-02,2.5000000035274288e-02,1.6284717074862758e+01,1.5680854928428419e+01
branch0_seg73,4.4444444444444442e-01,2.4999999979348330e-02,2.4999999979203102e-02,1.6284716761613378e+01,1.5680854626725814e+01
branch0_seg73,5.5555555555555536e-01,2.5000000011154405e-02,2.5000000011233581e-02,1.6284717304654276e+01,1.5680855150429009e+01
branch0_seg73,6.6666666666666652e-01,2.4999999994645007e-02,2.4999999994606566e-02,1.6284716776686231e+01,1.5680854641122506e+01
branch0_seg73,7.7777777777777768e-01,2.5000000002090975e-02,2.5000000002106292e-02,1.6284717197920038e+01,1.5680855047515379e+01
branch0_seg73,8.8888888888888884e-01,2.4999999999570373e-02,2.4999999999566938e-02,1.6284716898421770e+01,1.5680854758550298e+01
branch0_seg73,1.0000000000000000e+00,2.4999999999704842e-02,2.4999999999703020e-02,1.6284717093650407e+01,1.5680854946920389e+01
branch0_seg74,0.0000000000000000e+00,2.4999999895940733e-02,2.4999999895285761e-02,1.5680858636984437e+01,1.5078908649375695e+01
branch0_seg74,1.1111111111111116e-01,2.5000000079897659e-02,2.5000000080415894e-02,1.5680853260770821e+01,1.5078903466715014e+01
branch0_seg74,2.2222222222222210e-01,2.4999999944676693e-02,2.4999999944311440e-02,1.5680855351215714e+01,1.5078905482481030e+01
branch0_seg74,3.3333333333333326e-01,2.5000000035274288e-02,2.5000000035510048e-02,1.5680854928428419e+01,1.5078905074182277e+01
branch0_seg74,4.4444444444444442e-01,2.4999999979203102e-02,2.4999999979062732e-02,1.5680854626725814e+01,1.5078904784019109e+01
branch0_seg74,5.5555555555555536e-01,2.5000000011233581e-02,2.5000000011310117e-02,1.5680855150429009e+01,1.5078905288323732e+01
branch0_seg74,6.6666666666666652e-01,2.4999999994606566e-02,2.4999999994569398e-02,1.5680854641122506e+01,1.5078904797753108e+01
branch0_seg74,7.7777777777777768e-01,2.5000000002106292e-02,2.5000000002121103e-02,1.5680855047515379e+01,1.5078905189240484e+01
branch0_seg74,8.8888888888888884e-01,2.4999999999566938e-02,2.4999999999563611e-02,1.5680854758550298e+01,1.5078904910856570e+01
branch0_seg74,1.0000000000000000e+00,2.4999999999703020e-02,2.4999999999701261e-02,1.5680854946920389e+01,1.5078905092335990e+01
branch0_seg75,0.0000000000000000e+00,2.4999999895285761e-02,2.4999999894655119e-02,1.5078908649375695e+01,1.4477060135039126e+01
branch0_seg75,1.1111111111111116e-01,2.5000000080415894e-02,2.5000000080915061e-02,1.5078903466715014e+01,1.4477055147429745e+01
branch0_seg75,2.2222222222222210e-01,2.4999999944311440e-02,2.4999999943959551e-02,1.5078905482481030e+01,1.4477057087870875e+01
branch0_seg75,3.3333333333333326e-01,2.5000000035510048e-02,2.5000000035737213e-02,1.5078905074182277e+01,1.4477056694258250e+01
branch0_seg75,4.4444444444444442e-01,2.4999999979062732e-02,2.4999999978927465e-02,1.5078904784019109e+01,1.4477056415644995e+01
branch0_seg75,5.5555555555555536e-01,2.5000000011310117e-02,2.5000000011383881e-02,1.5078905288323732e+01,1.4477056900464106e+01
branch0_seg75,6.6666666666666652e-01,2.4999999994569398e-02,2.4999999994533569e-02,1.5078904797753108e+01,1.4477056428728014e+01
branch0_seg75,7.7777777777777768e-01,2.5000000002121103e-02,2.5000000002135390e-02,1.5078905189240484e+01,1.4477056805226319e+01
branch0_seg75,8.8888888888888884e-01,2.4999999999563611e-02,2.4999999999560402e-02,1.5078904910856570e+01,1.4477056537484897e+01
branch0_seg75,1.0000000000000000e+00,2.4999999999701261e-02,2.4999999999699572e-02,1.5078905092335990e+01,1.4477056712032908e+01
branch0_seg76,0.0000000000000000e+00,2.4999999894655119e-02,2.4999999894049024e-02,1.4477060135039126e+01,1.3875076945263892e+01
branch0_seg76,1.1111111111111116e-01,2.5000000080915061e-02,2.5000000081394962e-02,1.4477055147429745e+01,1.3875072154190219e+01
branch0_seg76,2.2222222222222210e-01,2.4999999943959551e-02,2.4999999943621180e-02,1.4477057087870875e+01,1.3875074018667712e+01
branch0_seg76,3.3333333333333326e-01,2.5000000035737213e-02,2.5000000035955684e-02,1.4477056694258250e+01,1.3875073639935458e+01
branch0_seg76,4.4444444444444442e-01,2.4999999978927465e-02,2.4999999978797358e-02,1.4477056415644995e+01,1.3875073372883829e+01
branch0_seg76,5.5555555555555536e-01,2.5000000011383881e-02,2.5000000011454838e-02,1.4477056900464106e+01,1.3875073838130264e+01
branch0_seg76,6.6666666666666652e-01,2.4999999994533569e-02,2.4999999994499096e-02,1.4477056428728014e+01,1.3875073385327175e+01
branch0_seg76,7.7777777777777768e-01,2.5000000002135390e-02,2.5000000002149143e-02,1.4477056805226319e+01,1.3875073746753118e+01
branch0_seg76,8.8888888888888884e-01,2.4999999999560402e-02,2.4999999999557303e-02,1.4477056537484897e+01,1.3875073489715254e+01
branch0_seg76,1.0000000000000000e+00,2.4999999999699572e-02,2.4999999999697955e-02,1.4477056712032908e+01,1.3875073657291310e+01
branch0_seg77,0.0000000000000000e+00,2.4999999894049024e-02,2.4999999893468162e-02,1.3875076945263892e+01,1.3271707076369720e+01
branch0_seg77,1.1111111111111116e-01,2.5000000081394962e-02,2.5000000081855041e-02,1.3875072154190219e+01,1.3271702483459531e+01
branch0_seg77,2.2222222222222210e-01,2.4999999943621180e-02,2.4999999943296720e-02,1.3875074018667712e+01,1.3271704271282632e+01
branch0_seg77,3.3333333333333326e-01,2.5000000035955684e-02,2.5000000036165197e-02,1.3875073639935458e+01,1.3271703907631695e+01
branch0_seg77,4.4444444444444442e-01,2.4999999978797358e-02,2.4999999978672565e-02,1.3875073372883829e+01,1.3271703652165549e+01
branch0_seg77,5.5555555555555536e-01,2.5000000011454838e-02,2.5000000011522909e-02,1.3875073838130264e+01,1.3271704097734995e+01
branch0_seg77,6.6666666666666652e-01,2.4999999994499096e-02,2.4999999994466025e-02,1.3875073385327175e+01,1.3271703663979217e+01
branch0_seg77,7.7777777777777768e-01,2.5000000002149143e-02,2.5000000002162334e-02,1.3875073746753118e+01,1.3271704010237183e+01
branch0_seg77,8.8888888888888884e-01,2.4999999999557303e-02,2.4999999999554327e-02,1.3875073489715254e+01,1.3271703763972569e+01
branch0_seg77,1.0000000000000000e+00,2.4999999999697955e-02,2.4999999999696400e-02,1.3875073657291310e+01,1.3271703924530565e+01
branch0_seg78,0.0000000000000000e+00,2.4999999893468162e-02,2.4999999892911556e-02,1.3271707076369720e+01,1.2669217543304198e+01
branch0_seg78,1.1111111111111116e-01,2.5000000081855041e-02,2.5000000082296050e-02,1.3271702483459531e+01,1.2669213149769991e+01
branch0_seg78,2.2222222222222210e-01,2.4999999943296720e-02,2.4999999942985646e-02,1.3271704271282632e+01,1.2669214860407303e+01
branch0_seg78,3.3333333333333326e-01,2.5000000036165197e-02,2.5000000036366102e-02,1.3271703907631695e+01,1.2669214512008475e+01
branch0_seg78,4.4444444444444442e-01,2.4999999978672565e-02,2.4999999978552890e-02,1.3271703652165549e+01,1.2669214268126211e+01
branch0_seg78,5.5555555555555536e-01,2.5000000011522909e-02,2.5000000011588194e-02,1.3271704097734995e+01,1.2669214693956395e+01
branch0_seg78,6.6666666666666652e-01,2.4999999994466025e-02,2.4999999994434301e-02,1.3271703663979217e+01,1.2669214279321842e+01
branch0_seg78,7.7777777777777768e-01,2.5000000002162334e-02,2.5000000002174998e-02,1.3271704010237183e+01,1.2669214610348241e+01
branch0_seg78,8.8888888888888884e-01,2.4999999999554327e-02,2.4999999999551464e-02,1.3271703763972569e+01,1.2669214374903909e+01
branch0_seg78,1.0000000000000000e+00,2.4999999999696400e-02,2.4999999999694923e-02,1.3271703924530565e+01,1.2669214528412446e+01
branch0_seg79,0.0000000000000000e+00,2.4999999892911556e-02,2.4999999892379277e-02,1.2669217543304198e+01,1.2067667810374939e+01
branch0_seg79,1.1111111111111116e-01,2.5000000082296050e-02,2.5000000082717917e-02,1.2669213149769991e+01,1.2067663617362422e+01
branch0_seg79,2.2222222222222210e-01,2.4999999942985646e-02,2.4999999942688023e-02,1.2669214860407303e+01,1.2067665250310290e+01
branch0_seg79,3.3333333333333326e-01,2.5000000036366102e-02,2.5000000036558341e-02,1.2669214512008475e+01,1.2067664917326901e+01
branch0_seg79,4.4444444444444442e-01,2.4999999978552890e-02,2.4999999978438363e-02,1.2669214268126211e+01,1.2067664685025198e+01
branch0_seg79,5.5555555555555536e-01,2.5000000011588194e-02,2.5000000011650678e-02,1.2669214693956395e+01,1.2067665091058734e+01
branch0_seg79,6.6666666666666652e-01,2.4999999994434301e-02,2.4999999994403933e-02,1.2669214279321842e+01,1.2067664695614180e+01
branch0_seg79,7.7777777777777768e-01,2.5000000002174998e-02,2.5000000002187123e-02,1.2669214610348241e+01,1.2067665011349661e+01
branch0_seg79,8.8888888888888884e-01,2.4999999999551464e-02,2.4999999999548720e-02,1.2669214374903909e+01,1.2067664786769567e+01
branch0_seg79,1.0000000000000000e+00,2.4999999999694923e-02,2.4999999999693510e-02,1.2669214528412446e+01,1.2067664933199282e+01
branch0_seg80,0.0000000000000000e+00,2.4999999892379277e-02,2.4999999891872047e-02,1.2067667810374939e+01,1.1465566736939412e+01
branch0_seg80,1.1111111111111116e-01,2.5000000082717917e-02,2.5000000083120050e-02,1.2067663617362422e+01,1.1465562745778199e+01
branch0_seg80,2.2222222222222210e-01,2.4999999942688023e-02,2.4999999942404275e-02,1.2067665250310290e+01,1.1465564300465775e+01
branch0_seg80,3.3333333333333326e-01,2.5000000036558341e-02,2.5000000036741639e-02,1.2067664917326901e+01,1.1465563983070336e+01
branch0_seg80,4.4444444444444442e-01,2.4999999978438363e-02,2.4999999978329149e-02,1.2067664685025198e+01,1.1465563762360933e+01
branch0_seg80,5.5555555555555536e-01,2.5000000011650678e-02,2.5000000011710270e-02,1.2067665091058734e+01,1.1465564148518832e+01
branch0_seg80,6.6666666666666652e-01,2.4999999994403933e-02,2.4999999994374959e-02,1.2067664695614180e+01,1.1465563772353091e+01
branch0_seg80,7.7777777777777768e-01,2.5000000002187123e-02,2.5000000002198697e-02,1.2067665011349661e+01,1.1465564072722662e+01
branch0_seg80,8.8888888888888884e-01,2.4999999999548720e-02,2.4999999999546097e-02,1.2067664786769567e+01,1.1465563859061740e+01
branch0_seg80,1.0000000000000000e+00,2.4999999999693510e-02,2.4999999999692164e-02,1.2067664933199282e+01,1.1465563998376178e+01
branch0_seg81,0.0000000000000000e+00,2.4999999891872047e-02,2.4999999891389620e-02,1.1465566736939412e+01,1.0863726631230580e+01
branch0_seg81,1.1111111111111116e-01,2.5000000083120050e-02,2.5000000083502633e-02,1.1465562745778199e+01,1.0863722843062467e+01
branch0_seg81,2.2222222222222210e-01,2.4999999942404275e-02,2.4999999942134275e-02,1.1465564300465775e+01,1.0863724318992693e+01
branch0_seg81,3.3333333333333326e-01,2.5000000036741639e-02,2.5000000036916079e-02,1.1465563983070336e+01,1.0863724017341937e+01
branch0_seg81,4.4444444444444442e-01,2.4999999978329149e-02,2.4999999978225208e-02,1.1465563762360933e+01,1.0863723808227009e+01
branch0_seg81,5.5555555555555536e-01,2.5000000011710270e-02,2.5000000011766988e-02,1.1465564148518832e+01,1.0863724174447748e+01
branch0_seg81,6.6666666666666652e-01,2.4999999994374959e-02,2.4999999994347384e-02,1.1465563772353091e+01,1.0863723817632492e+01
branch0_seg81,7.7777777777777768e-01,2.5000000002198697e-02,2.5000000002209709e-02,1.1465564072722662e+01,1.0863724102574892e+01
branch0_seg81,8.8888888888888884e-01,2.4999999999546097e-02,2.4999999999543599e-02,1.1465563859061740e+01,1.0863723899878291e+01
branch0_seg81,1.0000000000000000e+00,2.4999999999692164e-02,2.4999999999690891e-02,1.1465563998376178e+01,1.0863724032047378e+01
branch0_seg82,0.0000000000000000e+00,2.4999999891389620e-02,2.4999999890932163e-02,1.0863726631230580e+01,1.0261884042686177e+01
branch0_seg82,1.1111111111111116e-01,2.5000000083502633e-02,2.5000000083865510e-02,1.0863722843062467e+01,1.0261880458636284e+01
branch0_seg82,2.2222222222222210e-01,2.4999999942134275e-02,2.4999999941878140e-02,1.0863724318992693e+01,1.0261881855321173e+01
branch0_seg82,3.3333333333333326e-01,2.5000000036916079e-02,2.5000000037081579e-02,1.0863724017341937e+01,1.0261881569567306e+01
branch0_seg82,4.4444444444444442e-01,2.4999999978225208e-02,2.4999999978126578e-02,1.0863723808227009e+01,1.0261881372051029e+01
branch0_seg82,5.5555555555555536e-01,2.5000000011766988e-02,2.5000000011820820e-02,1.0863724174447748e+01,1.0261881718272381e+01
branch0_seg82,6.6666666666666652e-01,2.4999999994347384e-02,2.4999999994321211e-02,1.0863723817632492e+01,1.0261881380879387e+01
branch0_seg82,7.7777777777777768e-01,2.5000000002209709e-02,2.5000000002220170e-02,1.0863724102574892e+01,1.0261881650333466e+01
branch0_seg82,8.8888888888888884e-01,2.4999999999543599e-02,2.4999999999541226e-02,1.0863723899878291e+01,1.0261881458646187e+01
branch0_seg82,1.0000000000000000e+00,2.4999999999690891e-02,2.4999999999689680e-02,1.0863724032047378e+01,1.0261881583639974e+01
branch0_seg83,0.0000000000000000e+00,2.4999999890932163e-02,2.4999999890499693e-02,1.0261884042686177e+01,9.6601983006433301e+00
branch0_seg83,1.1111111111111116e-01,2.5000000083865510e-02,2.5000000084208659e-02,1.0261880458636284e+01,9.6601949217534973e+00
branch0_seg83,2.2222222222222210e-01,2.4999999941878140e-02,2.4999999941635889e-02,1.0261881855321173e+01,9.6601962387394238e+00
branch0_seg83,3.3333333333333326e-01,2.5000000037081579e-02,2.5000000037238127e-02,1.0261881569567306e+01,9.6601959690256063e+00
branch0_seg83,4.4444444444444442e-01,2.4999999978126578e-02,2.4999999978033278e-02,1.0261881372051029e+01,9.6601957831097973e+00
branch0_seg83,5.5555555555555536e-01,2.5000000011820820e-02,2.5000000011871745e-02,1.0261881718272381e+01,9.6601961092757858e+00
branch0_seg83,6.6666666666666652e-01,2.4999999994321211e-02,2.4999999994296446e-02,1.0261881380879387e+01,9.6601957913703185e+00
branch0_seg83,7.7777777777777768e-01,2.5000000002220170e-02,2.5000000002230068e-02,1.0261881650333466e+01,9.6601960452802729e+00
branch0_seg83,8.8888888888888884e-01,2.4999999999541226e-02,2.4999999999538974e-02,1.0261881458646187e+01,9.6601958646434465e+00
branch0_seg83,1.0000000000000000e+00,2.4999999999689680e-02,2.4999999999688542e-02,1.0261881583639974e+01,9.6601959824345407e+00
branch0_seg84,0.0000000000000000e+00,2.4999999890499693e-02,2.4999999890092432e-02,9.6601983006433301e+00,9.0582266310356090e+00
branch0_seg84,1.1111111111111116e-01,2.5000000084208659e-02,2.5000000084531886e-02,9.6601949217534973e+00,9.0582234583611125e+00
branch0_seg84,2.2222222222222210e-01,2.4999999941635889e-02,2.4999999941407666e-02,9.6601962387394238e+00,9.0582246951922176e+00
branch0_seg84,3.3333333333333326e-01,2.5000000037238127e-02,2.5000000037385627e-02,9.6601959690256063e+00,9.0582244416589468e+00
branch0_seg84,4.4444444444444442e-01,2.4999999978033278e-02,2.4999999977945362e-02,9.6601957831097973e+00,9.0582242673495692e+00
branch0_seg84,5.5555555555555536e-01,2.5000000011871745e-02,2.5000000011919737e-02,9.6601961092757858e+00,9.0582245734002207e+00
branch0_seg84,6.6666666666666652e-01,2.4999999994296446e-02,2.4999999994273100e-02,9.6601957913703185e+00,9.0582242750507564e+00
branch0_seg84,7.7777777777777768e-01,2.5000000002230068e-02,2.5000000002239401e-02,9.6601960452802729e+00,9.0582245133584607e+00
branch0_seg84,8.8888888888888884e-01,2.4999999999538974e-02,2.4999999999536848e-02,9.6601958646434465e+00,9.0582243438147785e+00
branch0_seg84,1.0000000000000000e+00,2.4999999999688542e-02,2.4999999999687470e-02,9.6601959824345407e+00,9.0582244543748054e+00
branch0_seg85,0.0000000000000000e+00,2.4999999890092432e-02,2.4999999889710293e-02,9.0582266310356090e+00,8.4564037065769089e+00
branch0_seg85,1.1111111111111116e-01,2.5000000084531886e-02,2.5000000084835251e-02,9.0582234583611125e+00,8.4564007410394133e+00
branch0_seg85,2.2222222222222210e-01,2.4999999941407666e-02,2.4999999941193438e-02,9.0582246951922176e+00,8.4564018973136399e+00
branch0_seg85,3.3333333333333326e-01,2.5000000037385627e-02,2.5000000037524096e-02,9.0582244416589468e+00,8.4564016600885505e+00
branch0_seg85,4.4444444444444442e-01,2.4999999977945362e-02,2.4999999977862820e-02,9.0582242673495692e+00,8.4564014973862722e+00
branch0_seg85,5.5555555555555536e-01,2.5000000011919737e-02,2.5000000011964799e-02,9.0582245734002207e+00,8.4564017832728329e+00
branch0_seg85,6.6666666666666652e-01,2.4999999994273100e-02,2.4999999994251180e-02,9.0582242750507564e+00,8.4564015045365366e+00
branch0_seg85,7.7777777777777768e-01,2.5000000002239401e-02,2.5000000002248172e-02,9.0582245133584607e+00,8.4564017271930236e+00
branch0_seg85,8.8888888888888884e-01,2.4999999999536848e-02,2.4999999999534849e-02,9.0582243438147785e+00,8.4564015687786167e+00
branch0_seg85,1.0000000000000000e+00,2.4999999999687470e-02,2.4999999999686467e-02,9.0582244543748054e+00,8.4564016720834907e+00
branch0_seg86,0.0000000000000000e+00,2.4999999889710293e-02,2.4999999889353332e-02,8.4564037065769089e+00,7.8547804301092450e+00
branch0_seg86,1.1111111111111116e-01,2.5000000084835251e-02,2.5000000085118702e-02,8.4564007410394133e+00,7.8547776725635217e+00
branch0_seg86,2.2222222222222210e-01,2.4999999941193438e-02,2.4999999940993247e-02,8.4564018973136399e+00,7.8547787479072273e+00
branch0_seg86,3.3333333333333326e-01,2.5000000037524096e-02,2.5000000037653507e-02,8.4564016600885505e+00,7.8547785271096613e+00
branch0_seg86,4.4444444444444442e-01,2.4999999977862820e-02,2.4999999977785674e-02,8.4564014973862722e+00,7.8547783760142007e+00
branch0_seg86,5.5555555555555536e-01,2.5000000011964799e-02,2.5000000012006921e-02,8.4564017832728329e+00,7.8547786416921852e+00
branch0_seg86,6.6666666666666652e-01,2.4999999994251180e-02,2.4999999994230682e-02,8.4564015045365366e+00,7.8547783826215358e+00
branch0_seg86,7.7777777777777768e-01,2.5000000002248172e-02,2.5000000002256374e-02,8.4564017271930236e+00,7.8547785895817555e+00
branch0_seg86,8.8888888888888884e-01,2.4999999999534849e-02,2.4999999999532976e-02,8.4564015687786167e+00,7.8547784423298985e+00
branch0_seg86,1.0000000000000000e+00,2.4999999999686467e-02,2.4999999999685531e-02,8.4564016720834907e+00,7.8547785383574276e+00
branch0_seg87,0.0000000000000000e+00,2.4999999889353332e-02,2.4999999889021764e-02,7.8547804301092450e+00,7.2527627739467277e+00
branch0_seg87,1.1111111111111116e-01,2.5000000085118702e-02,2.5000000085382047e-02,7.8547776725635217e+00,7.2527602252845895e+00
branch0_seg87,2.2222222222222210e-01,2.4999999940993247e-02,2.4999999940807229e-02,7.8547787479072273e+00,7.2527612193131574e+00
branch0_seg87,3.3333333333333326e-01,2.5000000037653507e-02,2.5000000037773765e-02,7.8547785271096613e+00,7.2527610150611075e+00
branch0_seg87,4.4444444444444442e-01,2.4999999977785674e-02,2.4999999977713971e-02,7.8547783760142007e+00,7.2527608755781481e+00
branch0_seg87,5.5555555555555536e-01,2.5000000012006921e-02,2.5000000012046077e-02,7.8547786416921852e+00,7.2527611209963858e+00
branch0_seg87,6.6666666666666652e-01,2.4999999994230682e-02,2.4999999994211628e-02,7.8547783826215358e+00,7.2527608816495945e+00
branch0_seg87,7.7777777777777768e-01,2.5000000002256374e-02,2.5000000002264003e-02,7.8547785895817555e+00,7.2527610728641996e+00
branch0_seg87,8.8888888888888884e-01,2.4999999999532976e-02,2.4999999999531231e-02,7.8547784423298985e+00,7.2527609368111099e+00
branch0_seg87,1.0000000000000000e+00,2.4999999999685531e-02,2.4999999999684663e-02,7.8547785383574276e+00,7.2527610255372332e+00
branch0_seg88,0.0000000000000000e+00,2.4999999889021764e-02,2.4999999888715548e-02,7.2527627739467277e+00,6.6507239114735759e+00
branch0_seg88,1.1111111111111116e-01,2.5000000085382047e-02,2.5000000085625310e-02,7.2527602252845895e+00,6.6507215724641640e+00
branch0_seg88,2.2222222222222210e-01,2.4999999940807229e-02,2.4999999940635367e-02,7.2527612193131574e+00,6.6507224848428068e+00
branch0_seg88,3.3333333333333326e-01,2.5000000037773765e-02,2.5000000037884884e-02,7.2527610150611075e+00,6.6507222972418987e+00
branch0_seg88,4.4444444444444442e-01,2.4999999977713971e-02,2.4999999977647711e-02,7.2527608755781481e+00,6.6507221693727860e+00
branch0_seg88,5.5555555555555536e-01,2.5000000012046077e-02,2.5000000012082260e-02,7.2527611209963858e+00,6.6507223944899829e+00
branch0_seg88,6.6666666666666652e-01,2.4999999994211628e-02,2.4999999994194017e-02,7.2527608816495945e+00,6.6507221749151855e+00
branch0_seg88,7.7777777777777768e-01,2.5000000002264003e-02,2.5000000002271053e-02,7.2527610728641996e+00,6.6507223503430231e+00
branch0_seg88,8.8888888888888884e-01,2.4999999999531231e-02,2.4999999999529617e-02,7.2527609368111099e+00,6.6507222255190346e+00
branch0_seg88,1.0000000000000000e+00,2.4999999999684663e-02,2.4999999999683865e-02,7.2527610255372332e+00,6.6507223069235470e+00
branch0_seg89,0.0000000000000000e+00,2.4999999888715548e-02,2.4999999888434751e-02,6.6507239114735759e+00,6.0485278025372908e+00
branch0_seg89,1.1111111111111116e-01,2.5000000085625310e-02,2.5000000085848434e-02,6.6507215724641640e+00,6.0485256739099018e+00
branch0_seg89,2.2222222222222210e-01,2.4999999940635367e-02,2.4999999940477715e-02,6.6507224848428068e+00,6.0485265043222594e+00
branch0_seg89,3.3333333333333326e-01,2.5000000037884884e-02,2.5000000037986827e-02,6.6507222972418987e+00,6.0485263334713002e+00
branch0_seg89,4.4444444444444442e-01,2.4999999977647711e-02,2.4999999977586920e-02,6.6507221693727860e+00,6.0485262172185399e+00
branch0_seg89,5.5555555555555536e-01,2.5000000012082260e-02,2.5000000012115463e-02,6.6507223944899829e+00,6.0485264219945671e+00
branch0_seg89,6.6666666666666652e-01,2.4999999994194017e-02,2.4999999994177857e-02,6.6507221749151855e+00,6.0485262222381095e+00
branch0_seg89,7.7777777777777768e-01,2.5000000002271053e-02,2.5000000002277527e-02,6.6507223503430231e+00,6.0485263818396851e+00
branch0_seg89,8.8888888888888884e-01,2.4999999999529617e-02,2.4999999999528132e-02,6.6507222255190346e+00,6.0485262682738616e+00
branch0_seg89,1.0000000000000000e+00,2.4999999999683865e-02,2.4999999999683133e-02,6.6507223069235470e+00,6.0485263423374223e+00
branch0_seg90,0.0000000000000000e+00,2.4999999888434751e-02,2.4999999888179292e-02,6.0485278025372908e+00,5.4467567995309976e+00
branch0_seg90,1.1111111111111116e-01,2.5000000085848434e-02,2.5000000086051466e-02,6.0485256739099018e+00,5.4467548818518523e+00
branch0_seg90,2.2222222222222210e-01,2.4999999940477715e-02,2.4999999940334236e-02,6.0485265043222594e+00,5.4467556300470727e+00
branch0_seg90,3.3333333333333326e-01,2.5000000037986827e-02,2.5000000038079610e-02,6.0485263334713002e+00,5.4467554760293435e+00
branch0_seg90,4.4444444444444442e-01,2.4999999977586920e-02,2.4999999977531585e-02,6.0485262172185399e+00,5.4467553713888366e+00
branch0_seg90,5.5555555555555536e-01,2.5000000012115463e-02,2.5000000012145689e-02,6.0485264219945671e+00,5.4467555557973659e+00
branch0_seg90,6.6666666666666652e-01,2.4999999994177857e-02,2.4999999994163139e-02,6.0485262222381095e+00,5.4467553758917093e+00
branch0_seg90,7.7777777777777768e-01,2.5000000002277527e-02,2.5000000002283421e-02,6.0485263818396851e+00,5.4467555196387574e+00
branch0_seg90,8.8888888888888884e-01,2.4999999999528132e-02,2.4999999999526779e-02,6.0485262682738616e+00,5.4467554173521258e+00
branch0_seg90,1.0000000000000000e+00,2.4999999999683133e-02,2.4999999999682471e-02,6.0485263423374223e+00,5.4467554840606489e+00
branch0_seg91,0.0000000000000000e+00,2.4999999888179292e-02,2.4999999887949296e-02,5.4467567995309976e+00,4.8450509629189717e+00
branch0_seg91,1.1111111111111116e-01,2.5000000086051466e-02,2.5000000086234306e-02,5.4467548818518523e+00,4.8450492567554111e+00
branch0_seg91,2.2222222222222210e-01,2.4999999940334236e-02,2.4999999940205010e-02,5.4467556300470727e+00,4.8450499224854546e+00
branch0_seg91,3.3333333333333326e-01,2.5000000038079610e-02,2.5000000038163193e-02,5.4467554760293435e+00,4.8450497853802572e+00
branch0_seg91,4.4444444444444442e-01,2.4999999977531585e-02,2.4999999977481729e-02,5.4467553713888366e+00,4.8450496923517052e+00
branch0_seg91,5.5555555555555536e-01,2.5000000012145689e-02,2.5000000012172920e-02,5.4467555557973659e+00,4.8450498563633158e+00
branch0_seg91,6.6666666666666652e-01,2.4999999994163139e-02,2.4999999994149879e-02,5.4467553758917093e+00,4.8450496963432022e+00
branch0_seg91,7.7777777777777768e-01,2.5000000002283421e-02,2.5000000002288737e-02,5.4467555196387574e+00,4.8450498242058915e+00
branch0_seg91,8.8888888888888884e-01,2.4999999999526779e-02,2.4999999999525558e-02,5.4467554173521258e+00,4.8450497332204874e+00
branch0_seg91,1.0000000000000000e+00,2.4999999999682471e-02,2.4999999999681877e-02,5.4467554840606489e+00,4.8450497925592781e+00
branch0_seg92,0.0000000000000000e+00,2.4999999887949296e-02,2.4999999887744880e-02,4.8450509629189717e+00,4.2429148316174468e+00
branch0_seg92,1.1111111111111116e-01,2.5000000086234306e-02,2.5000000086396853e-02,4.8450492567554111e+00,4.2429133375566170e+00
branch0_seg92,2.2222222222222210e-01,2.4999999940205010e-02,2.4999999940090108e-02,4.8450499224854546e+00,4.2429139205692872e+00
branch0_seg92,3.3333333333333326e-01,2.5000000038163193e-02,2.5000000038237515e-02,4.8450497853802572e+00,4.2429138004530520e+00
branch0_seg92,4.4444444444444442e-01,2.4999999977481729e-02,2.4999999977437397e-02,4.8450496923517052e+00,4.2429137190413213e+00
branch0_seg92,5.5555555555555536e-01,2.5000000012172920e-02,2.5000000012197141e-02,4.8450498563633158e+00,4.2429138626214469e+00
branch0_seg92,6.6666666666666652e-01,2.4999999994149879e-02,2.4999999994138083e-02,4.8450496963432022e+00,4.2429137225258264e+00
branch0_seg92,7.7777777777777768e-01,2.5000000002288737e-02,2.5000000002293465e-02,4.8450498242058915e+00,4.2429138344712518e+00
branch0_seg92,8.8888888888888884e-01,2.4999999999525558e-02,2.4999999999524472e-02,4.8450497332204874e+00,4.2429137548111813e+00
branch0_seg92,1.0000000000000000e+00,2.4999999999681877e-02,2.4999999999681343e-02,4.8450497925592781e+00,4.2429138067642427e+00
branch0_seg93,0.0000000000000000e+00,2.4999999887744880e-02,2.4999999887565977e-02,4.2429148316174468e+00,3.6409367700116344e+00
branch0_seg93,1.1111111111111116e-01,2.5000000086396853e-02,2.5000000086539142e-02,4.2429133375566170e+00,3.6409354884776328e+00
branch0_seg93,2.2222222222222210e-01,2.4999999940090108e-02,2.4999999939989512e-02,4.2429139205692872e+00,3.6409359885863508e+00
branch0_seg93,3.3333333333333326e-01,2.5000000038237515e-02,2.5000000038302595e-02,4.2429138004530520e+00,3.6409358855198271e+00
branch0_seg93,4.4444444444444442e-01,2.4999999977437397e-02,2.4999999977398574e-02,4.2429137190413213e+00,3.6409358157233340e+00
branch0_seg93,5.5555555555555536e-01,2.5000000012197141e-02,2.5000000012218353e-02,4.2429138626214469e+00,3.6409359388510745e+00
branch0_seg93,6.6666666666666652e-01,2.4999999994138083e-02,2.4999999994127751e-02,4.2429137225258264e+00,3.6409358187051177e+00
branch0_seg93,7.7777777777777768e-01,2.5000000002293465e-02,2.5000000002297608e-02,4.2429138344712518e+00,3.6409359147115272e+00
branch0_seg93,8.8888888888888884e-01,2.4999999999524472e-02,2.4999999999523518e-02,4.2429137548111813e+00,3.6409358463929102e+00
branch0_seg93,1.0000000000000000e+00,2.4999999999681343e-02,2.4999999999680882e-02,4.2429138067642427e+00,3.6409358909494700e+00
branch0_seg94,0.0000000000000000e+00,2.4999999887565977e-02,2.4999999887412687e-02,3.6409367700116344e+00,3.0386306668452390e+00
branch0_seg94,1.1111111111111116e-01,2.5000000086539142e-02,2.5000000086661107e-02,3.6409354884776328e+00,3.0386295982813993e+00
branch0_seg94,2.2222222222222210e-01,2.4999999939989512e-02,2.4999999939903265e-02,3.6409359885863508e+00,3.0386300152956824e+00
branch0_seg94,3.3333333333333326e-01,2.5000000038302595e-02,2.5000000038358401e-02,3.6409358855198271e+00,3.0386299293366590e+00
branch0_seg94,4.4444444444444442e-01,2.4999999977398574e-02,2.4999999977365274e-02,3.6409358157233340e+00,3.0386298711590025e+00
branch0_seg94,5.5555555555555536e-01,2.5000000012218353e-02,2.5000000012236550e-02,3.6409359388510745e+00,3.0386299738083191e+00
branch0_seg94,6.6666666666666652e-01,2.4999999994127751e-02,2.4999999994118883e-02,3.6409358187051177e+00,3.0386298736413910e+00
branch0_seg94,7.7777777777777768e-01,2.5000000002297608e-02,2.5000000002301164e-02,3.6409359147115272e+00,3.0386299536839689e+00
branch0_seg94,8.8888888888888884e-01,2.4999999999523518e-02,2.4999999999522696e-02,3.6409358463929102e+00,3.0386298967249874e+00
branch0_seg94,1.0000000000000000e+00,2.4999999999680882e-02,2.4999999999680490e-02,3.6409358909494700e+00,3.0386299338729796e+00
branch0_seg95,0.0000000000000000e+00,2.4999999887412687e-02,2.4999999887284984e-02,3.0386306668452390e+00,2.4362814890417490e+00
branch0_seg95,1.1111111111111116e-01,2.5000000086661107e-02,2.5000000086762748e-02,3.0386295982813993e+00,2.4362806337769656e+00
branch0_seg95,2.2222222222222210e-01,2.4999999939903265e-02,2.4999999939831378e-02,3.0386300152956824e+00,2.4362809675535586e+00
branch0_seg95,3.3333333333333326e-01,2.5000000038358401e-02,2.5000000038404926e-02,3.0386299293366590e+00,2.4362808987473494e+00
branch0_seg95,4.4444444444444442e-01,2.4999999977365274e-02,2.4999999977337505e-02,3.0386298711590025e+00,2.4362808521889483e+00
branch0_seg95,5.5555555555555536e-01,2.5000000012236550e-02,2.5000000012251732e-02,3.0386299738083191e+00,2.4362809343423231e+00
branch0_seg95,6.6666666666666652e-01,2.4999999994118883e-02,2.4999999994111483e-02,3.0386298736413910e+00,2.4362808541748953e+00
branch0_seg95,7.7777777777777768e-01,2.5000000002301164e-02,2.5000000002304134e-02,3.0386299536839689e+00,2.4362809182361271e+00
branch0_seg95,8.8888888888888884e-01,2.4999999999522696e-02,2.4999999999522009e-02,3.0386298967249874e+00,2.4362808726496947e+00
branch0_seg95,1.0000000000000000e+00,2.4999999999680490e-02,2.4999999999680163e-02,3.0386299338729796e+00,2.4362809023805170e+00
branch0_seg96,0.0000000000000000e+00,2.4999999887284984e-02,2.4999999887182829e-02,2.4362814890417490e+00,1.8347224867986840e+00
branch0_seg96,1.1111111111111116e-01,2.5000000086762748e-02,2.5000000086844092e-02,2.4362806337769656e+00,1.8347218449556677e+00
branch0_seg96,2.2222222222222210e-01,2.4999999939831378e-02,2.4999999939773820e-02,2.4362809675535586e+00,1.8347220954335373e+00
branch0_seg96,3.3333333333333326e-01,2.5000000038404926e-02,2.5000000038442188e-02,2.4362808987473494e+00,1.8347220438065632e+00
branch0_seg96,4.4444444444444442e-01,2.4999999977337505e-02,2.4999999977315258e-02,2.4362808521889483e+00,1.8347220088588292e+00
branch0_seg96,5.5555555555555536e-01,2.5000000012251732e-02,2.5000000012263896e-02,2.4362809343423231e+00,1.8347220705167007e+00
branch0_seg96,6.6666666666666652e-01,2.4999999994111483e-02,2.4999999994105553e-02,2.4362808541748953e+00,1.8347220103513284e+00
branch0_seg96,7.7777777777777768e-01,2.5000000002304134e-02,2.5000000002306517e-02,2.4362809182361271e+00,1.8347220584281372e+00
branch0_seg96,8.8888888888888884e-01,2.4999999999522009e-02,2.4999999999521457e-02,2.4362808726496947e+00,1.8347220242168565e+00
branch0_seg96,1.0000000000000000e+00,2.4999999999680163e-02,2.4999999999679900e-02,2.4362809023805170e+00,1.8347220465286382e+00
branch0_seg97,0.0000000000000000e+00,2.4999999887182829e-02,2.4999999887106269e-02,1.8347224867986840e+00,1.2336253734972631e+00
branch0_seg97,1.1111111111111116e-01,2.5000000086844092e-02,2.5000000086905109e-02,1.8347218449556677e+00,1.2336249451885604e+00
branch0_seg97,2.2222222222222210e-01,2.4999999939773820e-02,2.4999999939730625e-02,1.8347220954335373e+00,1.2336251123141411e+00
branch0_seg97,3.3333333333333326e-01,2.5000000038442188e-02,2.5000000038470162e-02,1.8347220438065632e+00,1.2336250778876137e+00
branch0_seg97,4.4444444444444442e-01,2.4999999977315258e-02,2.4999999977298553e-02,1.8347220088588292e+00,1.2336250545454410e+00
branch0_seg97,5.5555555555555536e-01,2.5000000012263896e-02,2.5000000012273035e-02,1.8347220705167007e+00,1.2336250957060053e+00
branch0_seg97,6.6666666666666652e-01,2.4999999994105553e-02,2.4999999994101095e-02,1.8347220103513284e+00,1.2336250555466359e+00
branch0_seg97,7.7777777777777768e-01,2.5000000002306517e-02,2.5000000002308311e-02,1.8347220584281372e+00,1.2336250876351109e+00
branch0_seg97,8.8888888888888884e-01,2.4999999999521457e-02,2.4999999999521034e-02,1.8347220242168565e+00,1.2336250648020655e+00
branch0_seg97,1.0000000000000000e+00,2.4999999999679900e-02,2.4999999999679709e-02,1.8347220465286382e+00,1.2336250796926709e+00
branch0_seg98,0.0000000000000000e+00,2.4999999887106269e-02,2.4999999887055421e-02,1.2336253734972631e+00,6.3078969120552209e-01
branch0_seg98,1.1111111111111116e-01,2.5000000086905109e-02,2.5000000086945695e-02,1.2336249451885604e+00,6.3078947686255948e-01
branch0_seg98,2.2222222222222210e-01,2.4999999939730625e-02,2.4999999939701863e-02,1.2336251123141411e+00,6.3078956046382473e-01
branch0_seg98,3.3333333333333326e-01,2.5000000038470162e-02,2.5000000038488804e-02,1.2336250778876137e+00,6.3078954327724823e-01
branch0_seg98,4.4444444444444442e-01,2.4999999977298553e-02,2.4999999977287406e-02,1.2336250545454410e+00,6.3078953155951756e-01
branch0_seg98,5.5555555555555536e-01,2.5000000012273035e-02,2.5000000012279141e-02,1.2336250957060053e+00,6.3078955218517041e-01
branch0_seg98,6.6666666666666652e-01,2.4999999994101095e-02,2.4999999994098111e-02,1.2336250555466359e+00,6.3078953206931931e-01
branch0_seg98,7.7777777777777768e-01,2.5000000002308311e-02,2.5000000002309519e-02,1.2336250876351109e+00,6.3078954813923038e-01
branch0_seg98,8.8888888888888884e-01,2.4999999999521034e-02,2.4999999999520749e-02,1.2336250648020655e+00,6.3078953670600979e-01
branch0_seg98,1.0000000000000000e+00,2.4999999999679709e-02,2.4999999999679588e-02,1.2336250796926709e+00,6.3078954416134192e-01
branch0_seg99,0.0000000000000000e+00,2.4999999887055421e-02,2.4999999887030288e-02,6.3078969120552209e-01,2.4999999887030288e-02
branch0_seg99,1.1111111111111116e-01,2.5000000086945695e-02,2.5000000086965849e-02,6.3078947686255948e-01,2.5000000086965849e-02
branch0_seg99,2.2222222222222210e-01,2.4999999939701863e-02,2.4999999939687538e-02,6.3078956046382473e-01,2.4999999939687538e-02
branch0_seg99,3.3333333333333326e-01,2.5000000038488804e-02,2.5000000038498116e-02,6.3078954327724823e-01,2.5000000038498116e-02
branch0_seg99,4.4444444444444442e-01,2.4999999977287406e-02,2.4999999977281827e-02,6.3078953155951756e-01,2.4999999977281827e-02
branch0_seg99,5.5555555555555536e-01,2.5000000012279141e-02,2.5000000012282204e-02,6.3078955218517041e-01,2.5000000012282204e-02
branch0_seg99,6.6666666666666652e-01,2.4999999994098111e-02,2.4999999994096612e-02,6.3078953206931931e-01,2.4999999994096612e-02
branch0_seg99,7.7777777777777768e-01,2.5000000002309519e-02,2.5000000002310126e-02,6.3078954813923038e-01,2.5000000002310126e-02
branch0_seg99,8.8888888888888884e-01,2.4999999999520749e-02,2.4999999999520604e-02,6.3078953670600979e-01,2.4999999999520604e-02
branch0_seg99,1.0000000000000000e+00,2.4999999999679588e-02,2.4999999999679529e-02,6.3078954416134192e-01,2.4999999999679529e-02
